idx,image_path,baseline_lmk_err,finetuned_lmk_err,lmk_err_delta_ft_minus_base,finetuned_cam_score,finetuned_lmk_abs_max,baseline_photo_l1,finetuned_photo_l1,baseline_runtime_ms,finetuned_runtime_ms,landmark_target_source,is_failure,hybrid_selective_fallback
0,/mnt/c/Users/Chirayu/Documents/GitHub/2D-to-3D-image-reconstruction/facescape_224/fsmview_trainset_11_1_neutral_25.jpg,0.039626576006412506,6.23040771484375,6.1907811388373375,54.319525212049484,7.363157272338867,0.5376215577125549,0.5376215577125549,nan,nan,real_npy,1,1
1,/mnt/c/Users/Chirayu/Documents/GitHub/2D-to-3D-image-reconstruction/facescape_224/fsmview_trainset_16_6_jaw_right_42.jpg,0.08871413767337799,0.09871114045381546,0.00999700278043747,6.9576909728348255,0.6577264666557312,0.44511547684669495,0.44511547684669495,nan,nan,real_npy,0,1
2,/mnt/c/Users/Chirayu/Documents/GitHub/2D-to-3D-image-reconstruction/facescape_224/fsmview_trainset_7_2_smile_1.jpg,0.05355868116021156,0.05158451199531555,-0.0019741691648960114,8.206264220178127,0.7008472084999084,0.42115887999534607,0.42115887999534607,nan,nan,real_npy,0,1
3,/mnt/c/Users/Chirayu/Documents/GitHub/2D-to-3D-image-reconstruction/facescape_224/fsmview_trainset_7_2_smile_35.jpg,0.04711656644940376,0.08352412283420563,0.036407556384801865,7.484452188014984,0.6430193185806274,0.4215160310268402,0.4215160310268402,nan,nan,real_npy,0,1
4,/mnt/c/Users/Chirayu/Documents/GitHub/2D-to-3D-image-reconstruction/facescape_224/fsmview_trainset_17_9_mouth_right_9.jpg,0.05628537759184837,0.06023641303181648,0.003951035439968109,8.495926281437278,0.6688901782035828,0.3694095313549042,0.3694095313549042,nan,nan,real_npy,0,1
5,/mnt/c/Users/Chirayu/Documents/GitHub/2D-to-3D-image-reconstruction/facescape_224/fsmview_trainset_4_18_eye_closed_19.jpg,0.04530627653002739,0.04406953603029251,-0.0012367404997348785,9.080807306803763,0.7397803068161011,0.2790377140045166,0.2790377140045166,21.41725100000258,23.436582000044837,real_npy,0,1
6,/mnt/c/Users/Chirayu/Documents/GitHub/2D-to-3D-image-reconstruction/facescape_224/fsmview_trainset_8_17_cheek_blowing_52.jpg,0.2129969298839569,0.2121792733669281,-0.0008176565170288086,6.187420524656773,0.6047530174255371,0.37326133251190186,0.37326133251190186,19.802688999902784,18.322505000014644,real_npy,0,0
7,/mnt/c/Users/Chirayu/Documents/GitHub/2D-to-3D-image-reconstruction/facescape_224/fsmview_trainset_19_15_lip_roll_49.jpg,0.741344690322876,0.6344484686851501,-0.10689622163772583,8.446176424622536,0.7142875790596008,0.37162894010543823,0.37162894010543823,23.250341999982993,21.914853999987827,real_npy,0,1
8,/mnt/c/Users/Chirayu/Documents/GitHub/2D-to-3D-image-reconstruction/facescape_224/fsmview_trainset_7_5_jaw_left_47.jpg,0.06633148342370987,0.07973147928714752,0.013399995863437653,9.446666637435555,0.8134796023368835,0.4808140993118286,0.4808140993118286,54.845840999973916,20.107143000018368,real_npy,0,1
9,/mnt/c/Users/Chirayu/Documents/GitHub/2D-to-3D-image-reconstruction/facescape_224/fsmview_trainset_2_20_brow_lower_7.jpg,0.2260681539773941,0.2065233290195465,-0.019544824957847595,8.594990506768227,0.6922038793563843,0.37762635946273804,0.37762635946273804,21.544545999972797,22.47849400009727,real_npy,0,1
10,/mnt/c/Users/Chirayu/Documents/GitHub/2D-to-3D-image-reconstruction/facescape_224/fsmview_trainset_13_16_grin_2.jpg,0.21612916886806488,0.21377480030059814,-0.002354368567466736,6.78977907449007,0.6141760945320129,0.43702012300491333,0.43702012300491333,21.028462000003856,21.398653000005652,real_npy,0,1
11,/mnt/c/Users/Chirayu/Documents/GitHub/2D-to-3D-image-reconstruction/facescape_224/fsmview_trainset_1_10_dimpler_23.jpg,0.04108712449669838,0.03787548094987869,-0.003211643546819687,8.452567894011736,0.7082574963569641,0.3632708191871643,0.3632708191871643,20.985064999990755,21.997037000005548,real_npy,0,1
12,/mnt/c/Users/Chirayu/Documents/GitHub/2D-to-3D-image-reconstruction/facescape_224/fsmview_trainset_20_13_lip_funneler_46.jpg,0.1270674765110016,0.13629043102264404,0.009222954511642456,7.854887407273054,0.6776724457740784,0.5959072709083557,0.5959072709083557,37.26614300001074,27.627920000099948,real_npy,0,1
13,/mnt/c/Users/Chirayu/Documents/GitHub/2D-to-3D-image-reconstruction/facescape_224/fsmview_trainset_10_19_brow_raiser_7.jpg,0.041752271354198456,0.04735216870903969,0.005599897354841232,7.686635475605726,0.6686892509460449,0.22483651340007782,0.22483651340007782,21.42386200000601,30.18961999998737,real_npy,0,1
14,/mnt/c/Users/Chirayu/Documents/GitHub/2D-to-3D-image-reconstruction/facescape_224/fsmview_trainset_4_18_eye_closed_29.jpg,0.07104429602622986,0.07335062325000763,0.002306327223777771,8.177851621061563,0.6876000761985779,0.33427050709724426,0.33427050709724426,21.494374999974752,19.176762000029157,real_npy,0,1
15,/mnt/c/Users/Chirayu/Documents/GitHub/2D-to-3D-image-reconstruction/facescape_224/fsmview_trainset_19_10_dimpler_6.jpg,0.054608508944511414,0.053506407886743546,-0.001102101057767868,8.90125559270382,0.7393548488616943,0.28018832206726074,0.28018832206726074,22.36019800000122,20.40574900001957,real_npy,0,1
16,/mnt/c/Users/Chirayu/Documents/GitHub/2D-to-3D-image-reconstruction/facescape_224/fsmview_trainset_7_12_lip_puckerer_40.jpg,0.1834859848022461,0.1938091218471527,0.010323137044906616,7.111428312957287,0.6449418067932129,0.45004504919052124,0.45004504919052124,19.934318999958123,39.6986040000229,real_npy,0,1
17,/mnt/c/Users/Chirayu/Documents/GitHub/2D-to-3D-image-reconstruction/facescape_224/fsmview_trainset_4_7_jaw_forward_36.jpg,0.04511352255940437,0.046637408435344696,0.0015238858759403229,7.440418228507042,0.6549548506736755,0.3089570999145508,0.3089570999145508,19.843705999960548,19.203915000048255,real_npy,0,1
18,/mnt/c/Users/Chirayu/Documents/GitHub/2D-to-3D-image-reconstruction/facescape_224/fsmview_trainset_6_14_sadness_1.jpg,0.07468711584806442,0.0730258896946907,-0.0016612261533737183,7.923762068152428,0.7326915860176086,0.3671760559082031,0.3671760559082031,20.2089370000067,72.4152039999808,real_npy,0,1
19,/mnt/c/Users/Chirayu/Documents/GitHub/2D-to-3D-image-reconstruction/facescape_224/fsmview_trainset_5_19_brow_raiser_56.jpg,0.062265682965517044,0.059164006263017654,-0.0031016767024993896,8.527343817055225,0.7419121861457825,0.399122953414917,0.399122953414917,69.7618890000058,21.99985499999002,real_npy,0,1
20,/mnt/c/Users/Chirayu/Documents/GitHub/2D-to-3D-image-reconstruction/facescape_224/fsmview_trainset_5_18_eye_closed_29.jpg,0.07839829474687576,0.08968259394168854,0.011284299194812775,8.55464481562376,0.7097234725952148,0.29963529109954834,0.29963529109954834,20.363084999985404,21.430293999969763,real_npy,0,1
21,/mnt/c/Users/Chirayu/Documents/GitHub/2D-to-3D-image-reconstruction/facescape_224/fsmview_trainset_1_13_lip_funneler_41.jpg,0.11614169180393219,0.10763628035783768,-0.008505411446094513,8.201033357530832,0.7748116850852966,0.4520139992237091,0.4520139992237091,20.385572999998658,19.321037000054275,real_npy,0,1
22,/mnt/c/Users/Chirayu/Documents/GitHub/2D-to-3D-image-reconstruction/facescape_224/fsmview_trainset_19_10_dimpler_38.jpg,0.5948737859725952,0.5681943893432617,-0.026679396629333496,7.4773720651865005,0.6990411877632141,0.38551872968673706,0.38551872968673706,19.773089000068467,18.866372000047704,real_npy,0,1
23,/mnt/c/Users/Chirayu/Documents/GitHub/2D-to-3D-image-reconstruction/facescape_224/fsmview_trainset_20_7_jaw_forward_31.jpg,0.03840000554919243,0.03318572789430618,-0.005214277654886246,7.847035365179181,0.6532532572746277,0.4458387494087219,0.4458387494087219,20.64051999991534,20.50509499997588,real_npy,0,1
24,/mnt/c/Users/Chirayu/Documents/GitHub/2D-to-3D-image-reconstruction/facescape_224/fsmview_trainset_9_2_smile_19.jpg,0.054395850747823715,0.05646691471338272,0.0020710639655590057,9.182238058187068,0.7450387477874756,0.3864700496196747,0.3864700496196747,42.34277099999417,33.759775000021364,real_npy,0,1
25,/mnt/c/Users/Chirayu/Documents/GitHub/2D-to-3D-image-reconstruction/facescape_224/fsmview_trainset_19_2_smile_32.jpg,0.15337692201137543,0.16026394069194794,0.00688701868057251,7.509399924427271,0.7122652530670166,0.2019471824169159,0.2019471824169159,20.64951900001688,21.892597999908503,real_npy,0,1
26,/mnt/c/Users/Chirayu/Documents/GitHub/2D-to-3D-image-reconstruction/facescape_224/fsmview_trainset_19_8_mouth_left_22.jpg,0.0642290934920311,0.06702448427677155,0.002795390784740448,9.60489970818162,0.7959855198860168,0.36723706126213074,0.36723706126213074,22.39725099991574,21.399135000024216,real_npy,0,1
27,/mnt/c/Users/Chirayu/Documents/GitHub/2D-to-3D-image-reconstruction/facescape_224/fsmview_trainset_8_7_jaw_forward_0.jpg,0.10141144692897797,0.11133512854576111,0.009923681616783142,8.007825911045074,0.7064228653907776,0.2726958394050598,0.2726958394050598,19.612987999948928,20.7417379999697,real_npy,0,1
28,/mnt/c/Users/Chirayu/Documents/GitHub/2D-to-3D-image-reconstruction/facescape_224/fsmview_trainset_5_3_mouth_stretch_33.jpg,0.04548706114292145,0.04446304589509964,-0.0010240152478218079,7.695239596068859,0.7392375469207764,0.43496018648147583,0.43496018648147583,20.401750000019092,33.8511950000111,real_npy,0,1
29,/mnt/c/Users/Chirayu/Documents/GitHub/2D-to-3D-image-reconstruction/facescape_224/fsmview_trainset_14_19_brow_raiser_46.jpg,0.16878533363342285,0.17643269896507263,0.00764736533164978,8.354243963956833,0.6600114107131958,0.6399165987968445,0.6399165987968445,22.709521000024324,24.376820000043153,real_npy,0,1
30,/mnt/c/Users/Chirayu/Documents/GitHub/2D-to-3D-image-reconstruction/facescape_224/fsmview_trainset_3_7_jaw_forward_29.jpg,0.040716178715229034,0.05011078342795372,0.009394604712724686,8.177381947636604,0.7117953300476074,0.28798985481262207,0.28798985481262207,21.37119700000767,25.415271000042594,real_npy,0,1
31,/mnt/c/Users/Chirayu/Documents/GitHub/2D-to-3D-image-reconstruction/facescape_224/fsmview_trainset_5_5_jaw_left_58.jpg,0.6691990494728088,0.7377203702926636,0.06852132081985474,7.089895810931921,0.6944440007209778,0.455867201089859,0.455867201089859,24.75318899996637,23.35063100008483,real_npy,0,1
32,/mnt/c/Users/Chirayu/Documents/GitHub/2D-to-3D-image-reconstruction/facescape_224/fsmview_trainset_4_17_cheek_blowing_43.jpg,0.02880694903433323,0.029561864212155342,0.000754915177822113,7.595583472400904,0.6276869177818298,0.19434833526611328,0.19434833526611328,22.654762000001938,20.63256300004923,real_npy,0,1
33,/mnt/c/Users/Chirayu/Documents/GitHub/2D-to-3D-image-reconstruction/facescape_224/fsmview_trainset_8_20_brow_lower_3.jpg,0.05248676985502243,0.05405991151928902,0.0015731416642665863,7.995089948177338,0.7272467017173767,0.2932663559913635,0.2932663559913635,19.783920999998372,29.713313999991442,real_npy,0,1
34,/mnt/c/Users/Chirayu/Documents/GitHub/2D-to-3D-image-reconstruction/facescape_224/fsmview_trainset_14_12_lip_puckerer_44.jpg,0.07058340311050415,0.06956309825181961,-0.0010203048586845398,8.665757726877928,0.6969495415687561,0.3573296368122101,0.3573296368122101,20.977222999931655,21.00476400005391,real_npy,0,1
35,/mnt/c/Users/Chirayu/Documents/GitHub/2D-to-3D-image-reconstruction/facescape_224/fsmview_trainset_11_13_lip_funneler_14.jpg,0.19384931027889252,0.20919527113437653,0.015345960855484009,7.801763761788607,0.6678563356399536,0.5636483430862427,0.5636483430862427,20.620009000026585,19.429879999961486,real_npy,0,1
36,/mnt/c/Users/Chirayu/Documents/GitHub/2D-to-3D-image-reconstruction/facescape_224/fsmview_trainset_11_16_grin_60.jpg,0.04121117293834686,1.693942666053772,1.652731493115425,28.661805137991905,2.733600616455078,0.5149634480476379,0.5149634480476379,35.57412299994667,26.79600199996912,real_npy,0,1
37,/mnt/c/Users/Chirayu/Documents/GitHub/2D-to-3D-image-reconstruction/facescape_224/fsmview_trainset_9_17_cheek_blowing_28.jpg,0.04106728360056877,0.04142795875668526,0.0003606751561164856,7.540557604283094,0.65497887134552,0.25688207149505615,0.25688207149505615,23.70856699997148,21.748185999967973,real_npy,0,1
38,/mnt/c/Users/Chirayu/Documents/GitHub/2D-to-3D-image-reconstruction/facescape_224/fsmview_trainset_5_13_lip_funneler_56.jpg,0.06694633513689041,0.0637701153755188,-0.0031762197613716125,8.340307369828224,0.7146236896514893,0.43158015608787537,0.43158015608787537,23.75725699994291,21.930483999994976,real_npy,0,1
39,/mnt/c/Users/Chirayu/Documents/GitHub/2D-to-3D-image-reconstruction/facescape_224/fsmview_trainset_2_12_lip_puckerer_31.jpg,0.10845129936933517,0.11576248705387115,0.00731118768453598,8.314420823007822,0.6510222554206848,0.4569994807243347,0.4569994807243347,34.03419399990071,23.021031999974184,real_npy,0,1
40,/mnt/c/Users/Chirayu/Documents/GitHub/2D-to-3D-image-reconstruction/facescape_224/fsmview_trainset_5_19_brow_raiser_34.jpg,0.04456699639558792,2.117361307144165,2.072794310748577,29.119422195479274,3.1991326808929443,0.43452566862106323,0.43452566862106323,22.582607000003918,30.701786000008724,real_npy,1,1
41,/mnt/c/Users/Chirayu/Documents/GitHub/2D-to-3D-image-reconstruction/facescape_224/fsmview_trainset_15_9_mouth_right_19.jpg,0.07193638384342194,0.08542557060718536,0.013489186763763428,7.839159244671464,0.6654764413833618,0.5738368630409241,0.5738368630409241,22.528804000103264,20.082042000012734,real_npy,0,1
42,/mnt/c/Users/Chirayu/Documents/GitHub/2D-to-3D-image-reconstruction/facescape_224/fsmview_trainset_14_16_grin_63.jpg,0.03626130148768425,0.03226517140865326,-0.003996130079030991,7.755134075880051,0.6927797198295593,0.3643465042114258,0.3643465042114258,24.42755100003069,43.85421999995742,real_npy,0,1
43,/mnt/c/Users/Chirayu/Documents/GitHub/2D-to-3D-image-reconstruction/facescape_224/fsmview_trainset_20_12_lip_puckerer_13.jpg,0.056996773928403854,0.05858686938881874,0.0015900954604148865,8.896388348191977,0.7238762974739075,0.3965231776237488,0.3965231776237488,21.65486299998065,40.417957000045135,real_npy,0,1
44,/mnt/c/Users/Chirayu/Documents/GitHub/2D-to-3D-image-reconstruction/facescape_224/fsmview_trainset_6_9_mouth_right_32.jpg,0.04958679527044296,0.05134440213441849,0.001757606863975525,7.7526676915585995,0.6433382630348206,0.2980691194534302,0.2980691194534302,24.07493099997282,20.940470999903482,real_npy,0,1
45,/mnt/c/Users/Chirayu/Documents/GitHub/2D-to-3D-image-reconstruction/facescape_224/fsmview_trainset_1_15_lip_roll_29.jpg,0.07378113269805908,0.08607365190982819,0.012292519211769104,7.950745828449726,0.6665024161338806,0.42207491397857666,0.42207491397857666,22.291448999908425,43.60250900003848,real_npy,0,1
46,/mnt/c/Users/Chirayu/Documents/GitHub/2D-to-3D-image-reconstruction/facescape_224/fsmview_trainset_20_16_grin_29.jpg,0.14048825204372406,0.1503230333328247,0.009834781289100647,7.680452801287174,0.6408891677856445,0.34527483582496643,0.34527483582496643,21.709928000063883,41.97322200002418,real_npy,0,1
47,/mnt/c/Users/Chirayu/Documents/GitHub/2D-to-3D-image-reconstruction/facescape_224/fsmview_trainset_20_7_jaw_forward_64.jpg,0.2949519157409668,0.2957875728607178,0.0008356571197509766,7.44489087536931,0.7004591822624207,0.45648670196533203,0.45648670196533203,24.735791000011886,23.164463999933105,real_npy,0,1
48,/mnt/c/Users/Chirayu/Documents/GitHub/2D-to-3D-image-reconstruction/facescape_224/fsmview_trainset_12_8_mouth_left_29.jpg,0.04842263460159302,0.04509945586323738,-0.0033231787383556366,8.47360523045063,0.7027770280838013,0.4136093556880951,0.4136093556880951,21.720100000038656,24.049666999985675,real_npy,0,1
49,/mnt/c/Users/Chirayu/Documents/GitHub/2D-to-3D-image-reconstruction/facescape_224/fsmview_trainset_13_7_jaw_forward_44.jpg,0.04211582988500595,0.04719052463769913,0.005074694752693176,8.636853855103254,0.7401891946792603,0.3258798122406006,0.3258798122406006,21.716330000003836,22.783485999980257,real_npy,0,1
50,/mnt/c/Users/Chirayu/Documents/GitHub/2D-to-3D-image-reconstruction/facescape_224/fsmview_trainset_13_20_brow_lower_47.jpg,0.053273752331733704,0.058531034737825394,0.00525728240609169,7.87498576939106,0.6541455388069153,0.4178984761238098,0.4178984761238098,21.64640800003781,22.37510200006909,real_npy,0,1
51,/mnt/c/Users/Chirayu/Documents/GitHub/2D-to-3D-image-reconstruction/facescape_224/fsmview_trainset_18_18_eye_closed_42.jpg,0.03487348556518555,0.03598055988550186,0.0011070743203163147,7.8478691428899765,0.6499375700950623,0.32483065128326416,0.32483065128326416,27.404103000094437,22.958003999974608,real_npy,0,1
52,/mnt/c/Users/Chirayu/Documents/GitHub/2D-to-3D-image-reconstruction/facescape_224/fsmview_trainset_6_4_anger_40.jpg,0.24708832800388336,0.2811976671218872,0.034109339118003845,6.87217702716589,0.6765927076339722,0.39704859256744385,0.39704859256744385,21.97863399999278,19.151350000015555,real_npy,0,1
53,/mnt/c/Users/Chirayu/Documents/GitHub/2D-to-3D-image-reconstruction/facescape_224/fsmview_trainset_3_3_mouth_stretch_21.jpg,0.03201604634523392,0.03595690429210663,0.003940857946872711,7.864147037267685,0.7169805765151978,0.32566893100738525,0.32566893100738525,78.02608899999086,77.6755439999306,real_npy,0,1
54,/mnt/c/Users/Chirayu/Documents/GitHub/2D-to-3D-image-reconstruction/facescape_224/fsmview_trainset_5_16_grin_32.jpg,0.059195805341005325,0.06678158789873123,0.007585782557725906,7.850162830203772,0.6853955388069153,0.327193021774292,0.327193021774292,21.452248000059626,20.027987000048597,real_npy,0,1
55,/mnt/c/Users/Chirayu/Documents/GitHub/2D-to-3D-image-reconstruction/facescape_224/fsmview_trainset_20_3_mouth_stretch_47.jpg,0.1339615434408188,0.169624462723732,0.03566291928291321,6.862442851066589,0.672947108745575,0.6468546390533447,0.6468546390533447,19.683202999999594,18.62729300000865,real_npy,0,1
56,/mnt/c/Users/Chirayu/Documents/GitHub/2D-to-3D-image-reconstruction/facescape_224/fsmview_trainset_12_13_lip_funneler_27.jpg,0.07335434854030609,0.07070115953683853,-0.00265318900346756,9.067417949438095,0.7733264565467834,0.5505934357643127,0.5505934357643127,20.30801600005816,22.022845000037705,real_npy,0,1
57,/mnt/c/Users/Chirayu/Documents/GitHub/2D-to-3D-image-reconstruction/facescape_224/fsmview_trainset_18_3_mouth_stretch_9.jpg,0.04391670972108841,0.042832229286432266,-0.0010844804346561432,8.163316909223795,0.7430663108825684,0.32537931203842163,0.32537931203842163,19.72940399991785,19.478274999983114,real_npy,0,1
58,/mnt/c/Users/Chirayu/Documents/GitHub/2D-to-3D-image-reconstruction/facescape_224/fsmview_trainset_9_3_mouth_stretch_2.jpg,0.06886740028858185,0.07897694408893585,0.010109543800354004,8.23561529070139,0.750483512878418,0.3780031204223633,0.3780031204223633,21.772908000002644,22.861169000066184,real_npy,0,1
59,/mnt/c/Users/Chirayu/Documents/GitHub/2D-to-3D-image-reconstruction/facescape_224/fsmview_trainset_20_10_dimpler_26.jpg,0.05276115611195564,0.0631398856639862,0.010378729552030563,8.065328817814589,0.708922266960144,0.4767512381076813,0.4767512381076813,30.252414999949906,20.84713700003249,real_npy,0,1
60,/mnt/c/Users/Chirayu/Documents/GitHub/2D-to-3D-image-reconstruction/facescape_224/fsmview_trainset_15_6_jaw_right_42.jpg,0.044818978756666183,0.04557499662041664,0.0007560178637504578,8.16656694933772,0.6926506757736206,0.567866861820221,0.567866861820221,23.099026999943817,23.8042990000622,real_npy,0,1
61,/mnt/c/Users/Chirayu/Documents/GitHub/2D-to-3D-image-reconstruction/facescape_224/fsmview_trainset_7_11_chin_raiser_8.jpg,0.04512830078601837,23.181011199951172,23.135882899165154,99.16558387875557,24.396425247192383,0.3839183747768402,0.3839183747768402,20.16921699998875,20.102013000041552,real_npy,1,1
62,/mnt/c/Users/Chirayu/Documents/GitHub/2D-to-3D-image-reconstruction/facescape_224/fsmview_trainset_7_17_cheek_blowing_27.jpg,0.059842292219400406,0.07459931820631027,0.014757025986909866,8.331969609484076,0.6816467046737671,0.32437363266944885,0.32437363266944885,21.34046399999079,22.22942499997771,real_npy,0,1
63,/mnt/c/Users/Chirayu/Documents/GitHub/2D-to-3D-image-reconstruction/facescape_224/fsmview_trainset_11_1_neutral_19.jpg,0.06912356615066528,0.07299517095088959,0.003871604800224304,8.851031739264727,0.7148045301437378,0.535876452922821,0.535876452922821,20.2766159999328,43.69674700001269,real_npy,0,1
64,/mnt/c/Users/Chirayu/Documents/GitHub/2D-to-3D-image-reconstruction/facescape_224/fsmview_trainset_2_11_chin_raiser_8.jpg,0.05124097689986229,0.047351591289043427,-0.003889385610818863,9.461693979799747,0.7702273726463318,0.46240171790122986,0.46240171790122986,21.325016999981017,19.17068099999142,real_npy,0,1
65,/mnt/c/Users/Chirayu/Documents/GitHub/2D-to-3D-image-reconstruction/facescape_224/fsmview_trainset_11_16_grin_59.jpg,0.07834942638874054,0.10357405245304108,0.025224626064300537,8.009289838373661,0.6836890578269958,0.415808767080307,0.415808767080307,21.071715999937624,22.151248999989548,real_npy,0,1
66,/mnt/c/Users/Chirayu/Documents/GitHub/2D-to-3D-image-reconstruction/facescape_224/fsmview_trainset_20_12_lip_puckerer_24.jpg,0.038067810237407684,0.0402713380753994,0.0022035278379917145,7.80372903868556,0.6418387293815613,0.4573996365070343,0.4573996365070343,20.795861999999943,20.2747509999881,real_npy,0,1
67,/mnt/c/Users/Chirayu/Documents/GitHub/2D-to-3D-image-reconstruction/facescape_224/fsmview_trainset_2_13_lip_funneler_38.jpg,0.08478376269340515,0.09477712213993073,0.009993359446525574,7.975625202059746,0.7088468074798584,0.3879821002483368,0.3879821002483368,32.04843500009247,19.746682999993936,real_npy,0,1
68,/mnt/c/Users/Chirayu/Documents/GitHub/2D-to-3D-image-reconstruction/facescape_224/fsmview_trainset_8_7_jaw_forward_33.jpg,0.03344357758760452,0.420582115650177,0.3871385380625725,14.163695078808814,1.2162303924560547,0.28824177384376526,0.28824177384376526,21.950950000018565,20.77740000004269,real_npy,0,1
69,/mnt/c/Users/Chirayu/Documents/GitHub/2D-to-3D-image-reconstruction/facescape_224/fsmview_trainset_9_3_mouth_stretch_23.jpg,0.046125251799821854,0.04965588450431824,0.0035306327044963837,7.371616378426552,0.7278513312339783,0.2986826002597809,0.2986826002597809,20.072184000014204,20.18152999994527,real_npy,0,1
70,/mnt/c/Users/Chirayu/Documents/GitHub/2D-to-3D-image-reconstruction/facescape_224/fsmview_trainset_14_10_dimpler_6.jpg,0.23120488226413727,0.3355672359466553,0.104362353682518,8.287837069481611,0.7695392370223999,0.5996689200401306,0.5996689200401306,20.48954099996081,21.308214000100634,real_npy,0,1
71,/mnt/c/Users/Chirayu/Documents/GitHub/2D-to-3D-image-reconstruction/facescape_224/fsmview_trainset_3_10_dimpler_58.jpg,0.6393051147460938,0.6074028611183167,-0.0319022536277771,6.9405555836856365,0.6745843291282654,0.3562989830970764,0.3562989830970764,21.35167200003707,21.474930999943354,real_npy,0,1
72,/mnt/c/Users/Chirayu/Documents/GitHub/2D-to-3D-image-reconstruction/facescape_224/fsmview_trainset_13_14_sadness_7.jpg,0.04226422682404518,0.04475433751940727,0.002490110695362091,8.845669936388731,0.762653648853302,0.40943455696105957,0.40943455696105957,25.962718999949175,21.24466800000846,real_npy,0,1
73,/mnt/c/Users/Chirayu/Documents/GitHub/2D-to-3D-image-reconstruction/facescape_224/fsmview_trainset_10_14_sadness_54.jpg,0.04615890234708786,0.04809436947107315,0.0019354671239852905,8.327031855937093,0.7077083587646484,0.28871238231658936,0.28871238231658936,21.657524000033845,19.167312000035963,real_npy,0,1
74,/mnt/c/Users/Chirayu/Documents/GitHub/2D-to-3D-image-reconstruction/facescape_224/fsmview_trainset_6_16_grin_42.jpg,0.20521298050880432,0.19655239582061768,-0.008660584688186646,6.058368943631649,0.6187809109687805,0.4100187420845032,0.4100187420845032,20.97436999997626,21.231252999996286,real_npy,0,0
75,/mnt/c/Users/Chirayu/Documents/GitHub/2D-to-3D-image-reconstruction/facescape_224/fsmview_trainset_18_2_smile_23.jpg,0.042140427976846695,0.040701065212488174,-0.0014393627643585205,8.985002511646599,0.7416158318519592,0.433594673871994,0.433594673871994,84.25571500004025,28.73556399993049,real_npy,0,1
76,/mnt/c/Users/Chirayu/Documents/GitHub/2D-to-3D-image-reconstruction/facescape_224/fsmview_trainset_4_15_lip_roll_47.jpg,0.03837922215461731,2.494920015335083,2.4565407931804657,31.61132352799177,3.668229341506958,0.2912098169326782,0.2912098169326782,22.117773000104535,66.50991100002557,real_npy,1,1
77,/mnt/c/Users/Chirayu/Documents/GitHub/2D-to-3D-image-reconstruction/facescape_224/fsmview_trainset_5_10_dimpler_39.jpg,0.266986221075058,0.3259594738483429,0.05897325277328491,7.89126537181437,0.7090161442756653,0.42076393961906433,0.42076393961906433,43.40494400003081,24.146698999970795,real_npy,0,1
78,/mnt/c/Users/Chirayu/Documents/GitHub/2D-to-3D-image-reconstruction/facescape_224/fsmview_trainset_18_19_brow_raiser_42.jpg,0.10247286409139633,0.09933824092149734,-0.003134623169898987,8.706801239401102,0.8120645880699158,0.4893304705619812,0.4893304705619812,25.27909599996292,24.06920299995363,real_npy,0,1
79,/mnt/c/Users/Chirayu/Documents/GitHub/2D-to-3D-image-reconstruction/facescape_224/fsmview_trainset_11_19_brow_raiser_6.jpg,0.20799611508846283,0.3168862462043762,0.10889013111591339,7.462682010605931,0.6719781160354614,0.6263300776481628,0.6263300776481628,21.492581999950744,19.782601999963845,real_npy,0,1
80,/mnt/c/Users/Chirayu/Documents/GitHub/2D-to-3D-image-reconstruction/facescape_224/fsmview_trainset_11_18_eye_closed_51.jpg,0.7994428277015686,0.7500491738319397,-0.049393653869628906,7.67399400472641,0.6649722456932068,0.645382821559906,0.645382821559906,20.220501000039803,19.203910000101132,real_npy,0,1
81,/mnt/c/Users/Chirayu/Documents/GitHub/2D-to-3D-image-reconstruction/facescape_224/fsmview_trainset_1_4_anger_22.jpg,0.032558947801589966,237.87623596191406,237.84367701411247,281.6160897016525,274.8216247558594,0.3814079165458679,0.3814079165458679,84.84090000001743,19.143698999982917,real_npy,1,1
82,/mnt/c/Users/Chirayu/Documents/GitHub/2D-to-3D-image-reconstruction/facescape_224/fsmview_trainset_7_5_jaw_left_36.jpg,0.1065741702914238,0.11536576598882675,0.008791595697402954,7.7934205159544945,0.7108246088027954,0.3903273046016693,0.3903273046016693,52.57906400004231,20.191421999925296,real_npy,0,1
83,/mnt/c/Users/Chirayu/Documents/GitHub/2D-to-3D-image-reconstruction/facescape_224/fsmview_trainset_8_3_mouth_stretch_19.jpg,0.04016118869185448,0.03937531262636185,-0.00078587606549263,7.6146078538149595,0.7394550442695618,0.25972944498062134,0.25972944498062134,19.824395999989974,19.7421940000595,real_npy,0,1
84,/mnt/c/Users/Chirayu/Documents/GitHub/2D-to-3D-image-reconstruction/facescape_224/fsmview_trainset_17_14_sadness_49.jpg,0.2097489982843399,0.18639890849590302,-0.02335008978843689,8.045049292966723,0.6593971252441406,0.43081820011138916,0.43081820011138916,24.730732999955762,22.884567000005518,real_npy,0,1
85,/mnt/c/Users/Chirayu/Documents/GitHub/2D-to-3D-image-reconstruction/facescape_224/fsmview_trainset_9_3_mouth_stretch_53.jpg,0.06974143534898758,0.0683130994439125,-0.0014283359050750732,7.8676920756697655,0.7640867829322815,0.45970505475997925,0.45970505475997925,22.454695000078573,19.564353000077972,real_npy,0,1
86,/mnt/c/Users/Chirayu/Documents/GitHub/2D-to-3D-image-reconstruction/facescape_224/fsmview_trainset_5_17_cheek_blowing_2.jpg,0.04717382416129112,0.04523083567619324,-0.0019429884850978851,8.219866789877415,0.6677481532096863,0.4266803562641144,0.4266803562641144,31.541636000042672,47.24690399996234,real_npy,0,1
87,/mnt/c/Users/Chirayu/Documents/GitHub/2D-to-3D-image-reconstruction/facescape_224/fsmview_trainset_20_7_jaw_forward_4.jpg,0.5262647867202759,0.4150649905204773,-0.11119979619979858,7.619860561564565,0.6838870644569397,0.5671112537384033,0.5671112537384033,57.86137799998414,21.72883200000797,real_npy,0,1
88,/mnt/c/Users/Chirayu/Documents/GitHub/2D-to-3D-image-reconstruction/facescape_224/fsmview_trainset_12_4_anger_14.jpg,0.05725584179162979,0.0543137863278389,-0.0029420554637908936,9.352380361407995,0.7662916779518127,0.5405752658843994,0.5405752658843994,28.86947600006806,20.798859000024095,real_npy,0,1
89,/mnt/c/Users/Chirayu/Documents/GitHub/2D-to-3D-image-reconstruction/facescape_224/fsmview_trainset_10_3_mouth_stretch_53.jpg,0.15912531316280365,0.17308588325977325,0.013960570096969604,7.0808893367648125,0.6768993139266968,0.28949108719825745,0.28949108719825745,21.211857000025702,21.902242999999544,real_npy,0,1
90,/mnt/c/Users/Chirayu/Documents/GitHub/2D-to-3D-image-reconstruction/facescape_224/fsmview_trainset_5_12_lip_puckerer_18.jpg,0.033454474061727524,0.07424015551805496,0.04078568145632744,7.794730676338077,0.6752195358276367,0.40577077865600586,0.40577077865600586,34.663380999973015,26.327356999900076,real_npy,0,1
91,/mnt/c/Users/Chirayu/Documents/GitHub/2D-to-3D-image-reconstruction/facescape_224/fsmview_trainset_19_16_grin_26.jpg,0.05871158465743065,0.0544532909989357,-0.004258293658494949,9.080316081643105,0.7628446817398071,0.44511106610298157,0.44511106610298157,31.19475800008331,19.463703999917925,real_npy,0,1
92,/mnt/c/Users/Chirayu/Documents/GitHub/2D-to-3D-image-reconstruction/facescape_224/fsmview_trainset_5_13_lip_funneler_12.jpg,0.05855990946292877,0.061356473714113235,0.0027965642511844635,8.323622338473797,0.7081003189086914,0.41037556529045105,0.41037556529045105,31.77554700005203,19.02738199999021,real_npy,0,1
93,/mnt/c/Users/Chirayu/Documents/GitHub/2D-to-3D-image-reconstruction/facescape_224/fsmview_trainset_4_13_lip_funneler_31.jpg,0.03592623770236969,0.19311685860157013,0.15719062089920044,10.996177054941654,1.0159363746643066,0.2567184567451477,0.2567184567451477,19.932625000024018,21.004819000040698,real_npy,0,1
94,/mnt/c/Users/Chirayu/Documents/GitHub/2D-to-3D-image-reconstruction/facescape_224/fsmview_trainset_5_2_smile_9.jpg,0.05049418658018112,0.0487043596804142,-0.001789826899766922,7.986791022121906,0.6546862721443176,0.3599402904510498,0.3599402904510498,42.65541300003406,62.24815400003081,real_npy,0,1
95,/mnt/c/Users/Chirayu/Documents/GitHub/2D-to-3D-image-reconstruction/facescape_224/fsmview_trainset_5_12_lip_puckerer_47.jpg,0.08045461773872375,0.09639207273721695,0.015937454998493195,9.238586379215121,0.7838485836982727,0.46147456765174866,0.46147456765174866,42.84503200005929,56.64189999993141,real_npy,0,1
96,/mnt/c/Users/Chirayu/Documents/GitHub/2D-to-3D-image-reconstruction/facescape_224/fsmview_trainset_14_5_jaw_left_49.jpg,0.7591486573219299,0.7093700170516968,-0.049778640270233154,7.288885280489922,0.6957250237464905,0.5768978595733643,0.5768978595733643,58.377122999900166,35.24287400000503,real_npy,0,1
97,/mnt/c/Users/Chirayu/Documents/GitHub/2D-to-3D-image-reconstruction/facescape_224/fsmview_trainset_15_3_mouth_stretch_49.jpg,0.08391589671373367,0.08976966887712479,0.005853772163391113,8.364921063184738,0.7225598096847534,0.6070230603218079,0.6070230603218079,20.373796999933802,19.738954999979796,real_npy,0,1
98,/mnt/c/Users/Chirayu/Documents/GitHub/2D-to-3D-image-reconstruction/facescape_224/fsmview_trainset_19_18_eye_closed_54.jpg,0.058867596089839935,0.06832439452409744,0.009456798434257507,9.20160078490153,0.7844167947769165,0.28122466802597046,0.28122466802597046,21.523831000081373,19.11800499999572,real_npy,0,1
99,/mnt/c/Users/Chirayu/Documents/GitHub/2D-to-3D-image-reconstruction/facescape_224/fsmview_trainset_7_2_smile_11.jpg,0.3024718463420868,0.3397562801837921,0.03728443384170532,6.678213410079479,0.6597930788993835,0.591524600982666,0.591524600982666,20.409677000088777,22.53844400001981,real_npy,0,1
100,/mnt/c/Users/Chirayu/Documents/GitHub/2D-to-3D-image-reconstruction/facescape_224/fsmview_trainset_19_7_jaw_forward_7.jpg,0.06320101022720337,0.08699942380189896,0.023798413574695587,8.47608870267868,0.6919955611228943,0.20117506384849548,0.20117506384849548,25.603677000049174,20.658099999991464,real_npy,0,1
101,/mnt/c/Users/Chirayu/Documents/GitHub/2D-to-3D-image-reconstruction/facescape_224/fsmview_trainset_14_5_jaw_left_64.jpg,0.0614546462893486,0.06165516376495361,0.00020051747560501099,8.158193476498127,0.7796803116798401,0.415963351726532,0.415963351726532,22.357769999985067,43.54810500001349,real_npy,0,1
102,/mnt/c/Users/Chirayu/Documents/GitHub/2D-to-3D-image-reconstruction/facescape_224/fsmview_trainset_17_19_brow_raiser_30.jpg,0.05125255882740021,0.046595264226198196,-0.004657294601202011,8.87850733101368,0.7183981537818909,0.29127731919288635,0.29127731919288635,20.49196400002984,19.443316999968374,real_npy,0,1
103,/mnt/c/Users/Chirayu/Documents/GitHub/2D-to-3D-image-reconstruction/facescape_224/fsmview_trainset_2_2_smile_6.jpg,0.0753689855337143,0.0876704752445221,0.0123014897108078,8.807969748973846,0.7713762521743774,0.38911545276641846,0.38911545276641846,20.84177599999748,19.63070199997219,real_npy,0,1
104,/mnt/c/Users/Chirayu/Documents/GitHub/2D-to-3D-image-reconstruction/facescape_224/fsmview_trainset_20_2_smile_33.jpg,0.04167730361223221,0.04767049476504326,0.00599319115281105,7.585337545722723,0.709750235080719,0.479145884513855,0.479145884513855,22.62771400000929,19.43031999996947,real_npy,0,1
105,/mnt/c/Users/Chirayu/Documents/GitHub/2D-to-3D-image-reconstruction/facescape_224/fsmview_trainset_18_4_anger_7.jpg,0.05223502218723297,0.05710012838244438,0.0048651061952114105,8.04309106618166,0.6977829933166504,0.2918267846107483,0.2918267846107483,23.861729000032028,55.175190999989354,real_npy,0,1
106,/mnt/c/Users/Chirayu/Documents/GitHub/2D-to-3D-image-reconstruction/facescape_224/fsmview_trainset_11_19_brow_raiser_61.jpg,0.8130314946174622,0.8334808349609375,0.020449340343475342,7.898919232189655,0.6618866920471191,0.5321911573410034,0.5321911573410034,24.878577000094992,55.19548099994154,real_npy,0,1
107,/mnt/c/Users/Chirayu/Documents/GitHub/2D-to-3D-image-reconstruction/facescape_224/fsmview_trainset_12_8_mouth_left_32.jpg,0.31257858872413635,0.2946775257587433,-0.017901062965393066,7.866277396678925,0.7740800976753235,0.5071002840995789,0.5071002840995789,63.01087700001062,22.32726800002638,real_npy,0,1
108,/mnt/c/Users/Chirayu/Documents/GitHub/2D-to-3D-image-reconstruction/facescape_224/fsmview_trainset_14_14_sadness_62.jpg,0.36823776364326477,0.35721999406814575,-0.011017769575119019,7.2614278011024,0.6042242646217346,0.5168671011924744,0.5168671011924744,57.1417600000359,21.63713999993888,real_npy,0,1
109,/mnt/c/Users/Chirayu/Documents/GitHub/2D-to-3D-image-reconstruction/facescape_224/fsmview_trainset_9_6_jaw_right_23.jpg,0.05212980881333351,0.05234704166650772,0.0002172328531742096,8.755190450698137,0.7338721752166748,0.42426565289497375,0.42426565289497375,20.666556000037417,19.94465500001752,real_npy,0,1
110,/mnt/c/Users/Chirayu/Documents/GitHub/2D-to-3D-image-reconstruction/facescape_224/fsmview_trainset_3_2_smile_47.jpg,0.07931196689605713,0.09312831610441208,0.01381634920835495,9.222756270319223,0.7421231269836426,0.4756621718406677,0.4756621718406677,20.851006999919264,21.472502000051463,real_npy,0,1
111,/mnt/c/Users/Chirayu/Documents/GitHub/2D-to-3D-image-reconstruction/facescape_224/fsmview_trainset_18_11_chin_raiser_19.jpg,0.05531133711338043,0.05730244517326355,0.0019911080598831177,9.313733533024788,0.736056923866272,0.4180615544319153,0.4180615544319153,51.647183999989466,21.67034199999307,real_npy,0,1
112,/mnt/c/Users/Chirayu/Documents/GitHub/2D-to-3D-image-reconstruction/facescape_224/fsmview_trainset_13_3_mouth_stretch_8.jpg,0.04440921172499657,0.045002531260252,0.0005933195352554321,7.588424880057573,0.6813546419143677,0.32488664984703064,0.32488664984703064,20.370328000012705,18.852692999985265,real_npy,0,1
113,/mnt/c/Users/Chirayu/Documents/GitHub/2D-to-3D-image-reconstruction/facescape_224/fsmview_trainset_4_13_lip_funneler_20.jpg,0.03715050593018532,0.09920225292444229,0.06205174699425697,7.8181348368525505,0.718603253364563,0.2686648666858673,0.2686648666858673,94.96386900002562,21.4412180000636,real_npy,0,1
114,/mnt/c/Users/Chirayu/Documents/GitHub/2D-to-3D-image-reconstruction/facescape_224/fsmview_trainset_17_15_lip_roll_3.jpg,0.06290630996227264,0.06203563138842583,-0.000870678573846817,7.74898874014616,0.6605162620544434,0.39266979694366455,0.39266979694366455,25.65795399993931,28.482293000024583,real_npy,0,1
115,/mnt/c/Users/Chirayu/Documents/GitHub/2D-to-3D-image-reconstruction/facescape_224/fsmview_trainset_19_2_smile_50.jpg,0.054513417184352875,0.053240567445755005,-0.0012728497385978699,8.893974613398314,0.6862210035324097,0.3927384912967682,0.3927384912967682,20.58650399999351,21.137414999998327,real_npy,0,1
116,/mnt/c/Users/Chirayu/Documents/GitHub/2D-to-3D-image-reconstruction/facescape_224/fsmview_trainset_13_14_sadness_18.jpg,0.04318348690867424,0.04298356547951698,-0.00019992142915725708,9.054841537028551,0.7969434857368469,0.32346799969673157,0.32346799969673157,88.14720399993803,20.205784999916432,real_npy,0,1
117,/mnt/c/Users/Chirayu/Documents/GitHub/2D-to-3D-image-reconstruction/facescape_224/fsmview_trainset_8_14_sadness_24.jpg,0.031731441617012024,0.03225250169634819,0.0005210600793361664,7.714321127161384,0.6547384262084961,0.27247345447540283,0.27247345447540283,21.610561999978017,75.33624600000621,real_npy,0,1
118,/mnt/c/Users/Chirayu/Documents/GitHub/2D-to-3D-image-reconstruction/facescape_224/fsmview_trainset_5_3_mouth_stretch_16.jpg,0.032097332179546356,33.330345153808594,33.29824782162905,117.6768789589405,35.13211441040039,0.29223939776420593,0.29223939776420593,23.298541999906774,72.95266600010564,real_npy,1,1
119,/mnt/c/Users/Chirayu/Documents/GitHub/2D-to-3D-image-reconstruction/facescape_224/fsmview_trainset_8_6_jaw_right_38.jpg,0.16489429771900177,0.14847500622272491,-0.016419291496276855,8.115616887807846,0.8474963903427124,0.48668181896209717,0.48668181896209717,21.00041300002431,20.78682299998036,real_npy,0,1
120,/mnt/c/Users/Chirayu/Documents/GitHub/2D-to-3D-image-reconstruction/facescape_224/fsmview_trainset_13_8_mouth_left_57.jpg,0.6640828251838684,0.6985040307044983,0.03442120552062988,6.080526391044259,0.6335386633872986,0.42964106798171997,0.42964106798171997,20.921934000057263,19.995855000047413,real_npy,0,0
121,/mnt/c/Users/Chirayu/Documents/GitHub/2D-to-3D-image-reconstruction/facescape_224/fsmview_trainset_8_4_anger_35.jpg,0.033666595816612244,0.038541030138731,0.004874434322118759,7.831262640655041,0.6484110951423645,0.2984746992588043,0.2984746992588043,21.084021999968172,21.956488000000718,real_npy,0,1
122,/mnt/c/Users/Chirayu/Documents/GitHub/2D-to-3D-image-reconstruction/facescape_224/fsmview_trainset_1_19_brow_raiser_31.jpg,0.03895056992769241,5.57945442199707,5.540503852069378,51.32582846283913,6.869352340698242,0.3074721097946167,0.3074721097946167,19.972650999989128,31.272874000023876,real_npy,1,1
123,/mnt/c/Users/Chirayu/Documents/GitHub/2D-to-3D-image-reconstruction/facescape_224/fsmview_trainset_19_2_smile_7.jpg,0.03586585447192192,0.04224427789449692,0.006378423422574997,8.355788763612509,0.7085928320884705,0.19844448566436768,0.19844448566436768,40.635175999909734,32.004436000079295,real_npy,0,1
124,/mnt/c/Users/Chirayu/Documents/GitHub/2D-to-3D-image-reconstruction/facescape_224/fsmview_trainset_19_18_eye_closed_49.jpg,0.4542481303215027,0.41880229115486145,-0.035445839166641235,7.787940192967653,0.6935428977012634,0.3674760162830353,0.3674760162830353,71.11222600008205,18.999258999997437,real_npy,0,1
125,/mnt/c/Users/Chirayu/Documents/GitHub/2D-to-3D-image-reconstruction/facescape_224/fsmview_trainset_14_16_grin_38.jpg,0.05861764773726463,0.04880765825510025,-0.009809989482164383,7.907912969589233,0.6776338219642639,0.3453919589519501,0.3453919589519501,21.262855000031777,53.948246000004474,real_npy,0,1
126,/mnt/c/Users/Chirayu/Documents/GitHub/2D-to-3D-image-reconstruction/facescape_224/fsmview_trainset_1_16_grin_12.jpg,0.052364908158779144,0.05817869305610657,0.005813784897327423,7.682582430541515,0.732994019985199,0.3341594934463501,0.3341594934463501,76.82164100003774,25.392160000023978,real_npy,0,1
127,/mnt/c/Users/Chirayu/Documents/GitHub/2D-to-3D-image-reconstruction/facescape_224/fsmview_trainset_16_12_lip_puckerer_19.jpg,0.06888330727815628,0.06792931258678436,-0.0009539946913719177,8.589635714888573,0.7155212163925171,0.37460312247276306,0.37460312247276306,53.69379299997945,20.953673000008166,real_npy,0,1
128,/mnt/c/Users/Chirayu/Documents/GitHub/2D-to-3D-image-reconstruction/facescape_224/fsmview_trainset_4_12_lip_puckerer_0.jpg,0.12794724106788635,0.131689190864563,0.0037419497966766357,8.457323960959911,0.7454184889793396,0.2667295038700104,0.2667295038700104,29.680476000066847,20.089779000045382,real_npy,0,1
129,/mnt/c/Users/Chirayu/Documents/GitHub/2D-to-3D-image-reconstruction/facescape_224/fsmview_trainset_4_4_anger_12.jpg,0.05773058906197548,0.06716114282608032,0.009430553764104843,7.8541227132081985,0.7283208966255188,0.28307652473449707,0.28307652473449707,31.91171800006032,22.42843399994854,real_npy,0,1
130,/mnt/c/Users/Chirayu/Documents/GitHub/2D-to-3D-image-reconstruction/facescape_224/fsmview_trainset_2_20_brow_lower_29.jpg,0.09952680766582489,0.12340924143791199,0.023882433772087097,8.159015135839581,0.6773473024368286,0.32357504963874817,0.32357504963874817,71.85571399998025,21.551856999963093,real_npy,0,1
131,/mnt/c/Users/Chirayu/Documents/GitHub/2D-to-3D-image-reconstruction/facescape_224/fsmview_trainset_3_16_grin_3.jpg,0.04860208183526993,0.04732879623770714,-0.00127328559756279,7.111206952482462,0.6779434680938721,0.3760710060596466,0.3760710060596466,37.72536300004958,22.623541000029945,real_npy,0,1
132,/mnt/c/Users/Chirayu/Documents/GitHub/2D-to-3D-image-reconstruction/facescape_224/fsmview_trainset_14_4_anger_8.jpg,0.476283460855484,0.5770085453987122,0.10072508454322815,8.529723213985562,0.7438124418258667,0.5535610318183899,0.5535610318183899,20.646263999992698,20.714843999940058,real_npy,0,1
133,/mnt/c/Users/Chirayu/Documents/GitHub/2D-to-3D-image-reconstruction/facescape_224/fsmview_trainset_11_5_jaw_left_27.jpg,0.03249940648674965,14.538640975952148,14.506141569465399,80.83744204044342,15.72137451171875,0.5232556462287903,0.5232556462287903,28.59182800000326,18.899621000059597,real_npy,1,1
134,/mnt/c/Users/Chirayu/Documents/GitHub/2D-to-3D-image-reconstruction/facescape_224/fsmview_trainset_12_13_lip_funneler_10.jpg,0.4880739748477936,0.45771324634552,-0.03036072850227356,6.716394182294607,0.632124125957489,0.5487250089645386,0.5487250089645386,22.066633999997975,32.01363300001958,real_npy,0,1
135,/mnt/c/Users/Chirayu/Documents/GitHub/2D-to-3D-image-reconstruction/facescape_224/fsmview_trainset_3_5_jaw_left_2.jpg,0.08086391538381577,0.09703323990106583,0.01616932451725006,7.751623407006264,0.7197537422180176,0.4267158806324005,0.4267158806324005,126.35039899998901,42.15240799999265,real_npy,0,1
136,/mnt/c/Users/Chirayu/Documents/GitHub/2D-to-3D-image-reconstruction/facescape_224/fsmview_trainset_18_9_mouth_right_32.jpg,0.22819334268569946,273.97393798828125,273.74574464559555,304.15619546175003,304.0843200683594,0.25222504138946533,0.25222504138946533,40.926560999992034,55.6776579999223,real_npy,1,1
137,/mnt/c/Users/Chirayu/Documents/GitHub/2D-to-3D-image-reconstruction/facescape_224/fsmview_trainset_9_1_neutral_36.jpg,0.1637711524963379,0.18251951038837433,0.018748357892036438,7.535175047814846,0.6537942290306091,0.3627096116542816,0.3627096116542816,21.461342999941735,31.089114999986123,real_npy,0,1
138,/mnt/c/Users/Chirayu/Documents/GitHub/2D-to-3D-image-reconstruction/facescape_224/fsmview_trainset_9_9_mouth_right_57.jpg,0.6390144228935242,0.6439709067344666,0.004956483840942383,6.676551692187786,0.626181960105896,0.4303637742996216,0.4303637742996216,79.29258799993022,47.071740999967915,real_npy,0,1
139,/mnt/c/Users/Chirayu/Documents/GitHub/2D-to-3D-image-reconstruction/facescape_224/fsmview_trainset_4_3_mouth_stretch_23.jpg,0.037823472172021866,0.037520404905080795,-0.00030306726694107056,8.159449278376997,0.6814023852348328,0.2932663857936859,0.2932663857936859,20.514699000045766,22.634071999959815,real_npy,0,1
140,/mnt/c/Users/Chirayu/Documents/GitHub/2D-to-3D-image-reconstruction/facescape_224/fsmview_trainset_8_8_mouth_left_40.jpg,0.27468618750572205,0.2686622738838196,-0.006023913621902466,6.521711647510529,0.6600900292396545,0.471128910779953,0.471128910779953,20.440641000050164,21.236874000010175,real_npy,0,1
141,/mnt/c/Users/Chirayu/Documents/GitHub/2D-to-3D-image-reconstruction/facescape_224/fsmview_trainset_18_4_anger_40.jpg,0.14387232065200806,0.1633332222700119,0.019460901618003845,7.098796151578426,0.64760822057724,0.5798562169075012,0.5798562169075012,67.934637999997,21.424495000019306,real_npy,0,1
142,/mnt/c/Users/Chirayu/Documents/GitHub/2D-to-3D-image-reconstruction/facescape_224/fsmview_trainset_9_2_smile_39.jpg,0.1744842231273651,0.19822539389133453,0.02374117076396942,7.367793425917625,0.6342337131500244,0.4482518434524536,0.4482518434524536,46.38567000006333,44.21502100001362,real_npy,0,1
143,/mnt/c/Users/Chirayu/Documents/GitHub/2D-to-3D-image-reconstruction/facescape_224/fsmview_trainset_5_12_lip_puckerer_39.jpg,0.07553405314683914,0.07882141321897507,0.0032873600721359253,8.1929763071239,0.7605291604995728,0.43376246094703674,0.43376246094703674,21.94753200001287,20.94100299996171,real_npy,0,1
144,/mnt/c/Users/Chirayu/Documents/GitHub/2D-to-3D-image-reconstruction/facescape_224/fsmview_trainset_10_8_mouth_left_13.jpg,0.08275167644023895,0.08524274826049805,0.0024910718202590942,7.06498645991087,0.6292983889579773,0.45663774013519287,0.45663774013519287,42.15168600001107,24.438070000087464,real_npy,0,1
145,/mnt/c/Users/Chirayu/Documents/GitHub/2D-to-3D-image-reconstruction/facescape_224/fsmview_trainset_8_16_grin_49.jpg,0.388746052980423,0.37543919682502747,-0.013306856155395508,7.176077164709568,0.6595531105995178,0.48483899235725403,0.48483899235725403,20.254151000017373,22.63078399994356,real_npy,0,1
146,/mnt/c/Users/Chirayu/Documents/GitHub/2D-to-3D-image-reconstruction/facescape_224/fsmview_trainset_7_18_eye_closed_36.jpg,0.10098093003034592,0.11151104420423508,0.01053011417388916,7.745143640786409,0.6935259699821472,0.4068131446838379,0.4068131446838379,65.5192579999948,23.321291999991445,real_npy,0,1
147,/mnt/c/Users/Chirayu/Documents/GitHub/2D-to-3D-image-reconstruction/facescape_224/fsmview_trainset_16_16_grin_29.jpg,0.03277568891644478,0.03655042126774788,0.0037747323513031006,7.865203971043229,0.6801445484161377,0.3376433253288269,0.3376433253288269,20.24904500001412,20.743645999914406,real_npy,0,1
148,/mnt/c/Users/Chirayu/Documents/GitHub/2D-to-3D-image-reconstruction/facescape_224/fsmview_trainset_17_9_mouth_right_31.jpg,0.04289943352341652,0.045348286628723145,0.0024488531053066254,8.705437552183867,0.7075663208961487,0.4191829562187195,0.4191829562187195,21.571570999981304,20.758778999947936,real_npy,0,1
149,/mnt/c/Users/Chirayu/Documents/GitHub/2D-to-3D-image-reconstruction/facescape_224/fsmview_trainset_7_20_brow_lower_32.jpg,0.054641228169202805,0.05966351926326752,0.0050222910940647125,7.930492632091045,0.6775509119033813,0.3549964427947998,0.3549964427947998,36.0294839999824,19.37580700007402,real_npy,0,1
150,/mnt/c/Users/Chirayu/Documents/GitHub/2D-to-3D-image-reconstruction/facescape_224/fsmview_trainset_11_16_grin_65.jpg,0.058062706142663956,0.05682602897286415,-0.0012366771697998047,8.902157248929143,0.7658035755157471,0.4806336760520935,0.4806336760520935,21.696406999922146,20.90605399996548,real_npy,0,1
151,/mnt/c/Users/Chirayu/Documents/GitHub/2D-to-3D-image-reconstruction/facescape_224/fsmview_trainset_12_18_eye_closed_29.jpg,0.05429522320628166,0.05178815871477127,-0.0025070644915103912,9.270387459546328,0.7627630829811096,0.5501218438148499,0.5501218438148499,38.57574100004513,22.60048099992673,real_npy,0,1
152,/mnt/c/Users/Chirayu/Documents/GitHub/2D-to-3D-image-reconstruction/facescape_224/fsmview_trainset_10_6_jaw_right_7.jpg,0.04721393436193466,0.05323231965303421,0.006018385291099548,7.349791910499334,0.6470410823822021,0.23040005564689636,0.23040005564689636,20.54461500006255,23.360857000056967,real_npy,0,1
153,/mnt/c/Users/Chirayu/Documents/GitHub/2D-to-3D-image-reconstruction/facescape_224/fsmview_trainset_11_14_sadness_31.jpg,0.03371383994817734,0.038658760488033295,0.004944920539855957,8.079158570617437,0.6524857878684998,0.4771769940853119,0.4771769940853119,23.916824000025372,44.48372100000597,real_npy,0,1
154,/mnt/c/Users/Chirayu/Documents/GitHub/2D-to-3D-image-reconstruction/facescape_224/fsmview_trainset_7_13_lip_funneler_14.jpg,0.0398380309343338,0.039600275456905365,-0.00023775547742843628,8.08280879445374,0.6945036053657532,0.43016529083251953,0.43016529083251953,23.24872199994843,18.36666899998818,real_npy,0,1
155,/mnt/c/Users/Chirayu/Documents/GitHub/2D-to-3D-image-reconstruction/facescape_224/fsmview_trainset_1_14_sadness_32.jpg,0.3029605448246002,98.49835205078125,98.19539150595665,185.571375310421,114.78264617919922,0.23917536437511444,0.23917536437511444,40.100692000009985,23.04435199994259,real_npy,1,1
156,/mnt/c/Users/Chirayu/Documents/GitHub/2D-to-3D-image-reconstruction/facescape_224/fsmview_trainset_15_12_lip_puckerer_43.jpg,0.05755486711859703,0.05902622640132904,0.0014713592827320099,8.30586707778275,0.6734446883201599,0.5713145732879639,0.5713145732879639,34.70422600003076,20.291507000024467,real_npy,0,1
157,/mnt/c/Users/Chirayu/Documents/GitHub/2D-to-3D-image-reconstruction/facescape_224/fsmview_trainset_14_2_smile_47.jpg,0.06942698359489441,0.10400837659835815,0.034581393003463745,8.347211055457592,0.7452428340911865,0.6600844860076904,0.6600844860076904,37.37281999997322,20.01142099993558,real_npy,0,1
158,/mnt/c/Users/Chirayu/Documents/GitHub/2D-to-3D-image-reconstruction/facescape_224/fsmview_trainset_7_3_mouth_stretch_54.jpg,0.07600699365139008,0.07688381522893906,0.0008768215775489807,7.883633241057396,0.7447847127914429,0.5117875337600708,0.5117875337600708,21.75216000000546,19.455970000080924,real_npy,0,1
159,/mnt/c/Users/Chirayu/Documents/GitHub/2D-to-3D-image-reconstruction/facescape_224/fsmview_trainset_8_10_dimpler_53.jpg,0.04998962953686714,0.051984820514917374,0.001995190978050232,8.094895482063293,0.713483452796936,0.2640915513038635,0.2640915513038635,20.982969999977286,20.895157000040854,real_npy,0,1
160,/mnt/c/Users/Chirayu/Documents/GitHub/2D-to-3D-image-reconstruction/facescape_224/fsmview_trainset_15_11_chin_raiser_14.jpg,0.2266707420349121,0.2591325342655182,0.03246179223060608,8.263410449028015,0.6841460466384888,0.5614816546440125,0.5614816546440125,21.73275500001637,37.81084500008092,real_npy,0,1
161,/mnt/c/Users/Chirayu/Documents/GitHub/2D-to-3D-image-reconstruction/facescape_224/fsmview_trainset_5_15_lip_roll_3.jpg,0.37883031368255615,0.38205960392951965,0.003229290246963501,7.1475028321146965,0.6270372867584229,0.362200528383255,0.362200528383255,64.2707460000338,18.85357000003296,real_npy,0,1
162,/mnt/c/Users/Chirayu/Documents/GitHub/2D-to-3D-image-reconstruction/facescape_224/fsmview_trainset_12_6_jaw_right_24.jpg,0.12164267152547836,0.1299704760313034,0.008327804505825043,8.199717324227095,0.7030302286148071,0.45315665006637573,0.45315665006637573,21.186800000009498,20.266827000000376,real_npy,0,1
163,/mnt/c/Users/Chirayu/Documents/GitHub/2D-to-3D-image-reconstruction/facescape_224/fsmview_trainset_6_14_sadness_44.jpg,0.16958749294281006,0.15050598978996277,-0.01908150315284729,7.380432181060314,0.6968706250190735,0.4048716127872467,0.4048716127872467,24.19139300002371,19.610564999993585,real_npy,0,1
164,/mnt/c/Users/Chirayu/Documents/GitHub/2D-to-3D-image-reconstruction/facescape_224/fsmview_trainset_8_1_neutral_47.jpg,0.03875809907913208,0.03785255551338196,-0.0009055435657501221,7.96450188010931,0.6631112694740295,0.3082064688205719,0.3082064688205719,21.432723999964765,20.76144300008309,real_npy,0,1
165,/mnt/c/Users/Chirayu/Documents/GitHub/2D-to-3D-image-reconstruction/facescape_224/fsmview_trainset_13_5_jaw_left_39.jpg,0.2929419279098511,0.3084944486618042,0.015552520751953125,7.925525851547718,0.6907991766929626,0.3057522773742676,0.3057522773742676,21.315439999966657,20.99760300006892,real_npy,0,1
166,/mnt/c/Users/Chirayu/Documents/GitHub/2D-to-3D-image-reconstruction/facescape_224/fsmview_trainset_18_15_lip_roll_32.jpg,0.034495484083890915,34.193572998046875,34.159077513962984,119.03991612792015,36.23324966430664,0.4282306432723999,0.4282306432723999,21.867000999918673,19.68315299995993,real_npy,1,1
167,/mnt/c/Users/Chirayu/Documents/GitHub/2D-to-3D-image-reconstruction/facescape_224/fsmview_trainset_9_11_chin_raiser_20.jpg,0.08159977942705154,0.08416978269815445,0.0025700032711029053,9.785288135986775,0.8031365871429443,0.38894668221473694,0.38894668221473694,66.95039099997757,22.4098869999807,real_npy,0,1
168,/mnt/c/Users/Chirayu/Documents/GitHub/2D-to-3D-image-reconstruction/facescape_224/fsmview_trainset_15_7_jaw_forward_41.jpg,0.30346277356147766,0.3227904438972473,0.019327670335769653,8.095290444791317,0.6917988657951355,0.5076743364334106,0.5076743364334106,20.666305999952783,21.257737000041743,real_npy,0,1
169,/mnt/c/Users/Chirayu/Documents/GitHub/2D-to-3D-image-reconstruction/facescape_224/fsmview_trainset_17_1_neutral_56.jpg,0.06995832920074463,0.07754942774772644,0.0075910985469818115,9.00958638265729,0.7526015043258667,0.41640201210975647,0.41640201210975647,54.949759999999515,25.98314699991988,real_npy,0,1
170,/mnt/c/Users/Chirayu/Documents/GitHub/2D-to-3D-image-reconstruction/facescape_224/fsmview_trainset_12_16_grin_55.jpg,0.03842955827713013,0.043117206543684006,0.004687648266553879,8.58021823503077,0.7583394646644592,0.3993988335132599,0.3993988335132599,43.41157600003953,18.509558999994624,real_npy,0,1
171,/mnt/c/Users/Chirayu/Documents/GitHub/2D-to-3D-image-reconstruction/facescape_224/fsmview_trainset_18_20_brow_lower_21.jpg,0.0418984591960907,0.042939186096191406,0.001040726900100708,8.077514301985502,0.656825840473175,0.36455392837524414,0.36455392837524414,42.084815000066556,19.401413999958095,real_npy,0,1
172,/mnt/c/Users/Chirayu/Documents/GitHub/2D-to-3D-image-reconstruction/facescape_224/fsmview_trainset_5_5_jaw_left_40.jpg,0.15940134227275848,0.16545040905475616,0.006049066781997681,7.655730091035366,0.6819854378700256,0.4378482401371002,0.4378482401371002,21.287256999926285,22.880404000034105,real_npy,0,1
173,/mnt/c/Users/Chirayu/Documents/GitHub/2D-to-3D-image-reconstruction/facescape_224/fsmview_trainset_1_19_brow_raiser_52.jpg,0.03657056391239166,0.03614582121372223,-0.0004247426986694336,8.26304119778797,0.6938447952270508,0.3034045100212097,0.3034045100212097,76.86102600007416,20.27423300000919,real_npy,0,1
174,/mnt/c/Users/Chirayu/Documents/GitHub/2D-to-3D-image-reconstruction/facescape_224/fsmview_trainset_16_5_jaw_left_3.jpg,0.06426013261079788,0.06623240560293198,0.0019722729921340942,7.910896375775337,0.7422992587089539,0.39737433195114136,0.39737433195114136,52.968291999945905,53.18527500003256,real_npy,0,1
175,/mnt/c/Users/Chirayu/Documents/GitHub/2D-to-3D-image-reconstruction/facescape_224/fsmview_trainset_19_5_jaw_left_1.jpg,0.042523667216300964,0.04217379912734032,-0.0003498680889606476,8.314227933064103,0.7011827826499939,0.23397429287433624,0.23397429287433624,20.73980499994832,21.25447500009159,real_npy,0,1
176,/mnt/c/Users/Chirayu/Documents/GitHub/2D-to-3D-image-reconstruction/facescape_224/fsmview_trainset_14_7_jaw_forward_22.jpg,0.03372514247894287,0.03388136252760887,0.00015622004866600037,6.900485794991255,0.6216230392456055,0.4333280026912689,0.4333280026912689,21.83847699996022,21.89977099999396,real_npy,0,1
177,/mnt/c/Users/Chirayu/Documents/GitHub/2D-to-3D-image-reconstruction/facescape_224/fsmview_trainset_14_8_mouth_left_58.jpg,0.05394074693322182,0.05269830673933029,-0.0012424401938915253,8.24290506541729,0.7554327845573425,0.35005784034729004,0.35005784034729004,21.222963999889544,31.017247000022508,real_npy,0,1
178,/mnt/c/Users/Chirayu/Documents/GitHub/2D-to-3D-image-reconstruction/facescape_224/fsmview_trainset_19_13_lip_funneler_4.jpg,0.0950355976819992,0.10573587566614151,0.010700277984142303,8.423102982342243,0.7210946679115295,0.21039991080760956,0.21039991080760956,57.23279699998329,20.483626999975968,real_npy,0,1
179,/mnt/c/Users/Chirayu/Documents/GitHub/2D-to-3D-image-reconstruction/facescape_224/fsmview_trainset_14_2_smile_10.jpg,0.08607158809900284,0.08096788078546524,-0.005103707313537598,8.072584390640259,0.6773260235786438,0.606490433216095,0.606490433216095,20.47754900002019,21.41175100007331,real_npy,0,1
180,/mnt/c/Users/Chirayu/Documents/GitHub/2D-to-3D-image-reconstruction/facescape_224/fsmview_trainset_5_5_jaw_left_16.jpg,0.03447204455733299,0.0390719510614872,0.004599906504154205,8.20059261098504,0.6838507056236267,0.31592002511024475,0.31592002511024475,50.02843399995527,21.83881299993118,real_npy,0,1
181,/mnt/c/Users/Chirayu/Documents/GitHub/2D-to-3D-image-reconstruction/facescape_224/fsmview_trainset_13_4_anger_6.jpg,0.14435113966464996,0.12819775938987732,-0.016153380274772644,8.372725553810596,0.6850050091743469,0.46374231576919556,0.46374231576919556,55.29473299998244,65.18313799995212,real_npy,0,1
182,/mnt/c/Users/Chirayu/Documents/GitHub/2D-to-3D-image-reconstruction/facescape_224/fsmview_trainset_11_2_smile_48.jpg,0.8802248239517212,0.778091311454773,-0.10213351249694824,7.633209250867367,0.6827474236488342,0.5795509219169617,0.5795509219169617,65.56568899998183,21.34176300000945,real_npy,0,1
183,/mnt/c/Users/Chirayu/Documents/GitHub/2D-to-3D-image-reconstruction/facescape_224/fsmview_trainset_9_4_anger_35.jpg,0.055354658514261246,0.052163925021886826,-0.00319073349237442,8.222719755023718,0.6361115574836731,0.388292521238327,0.388292521238327,36.46921699998984,20.657113000083882,real_npy,0,1
184,/mnt/c/Users/Chirayu/Documents/GitHub/2D-to-3D-image-reconstruction/facescape_224/fsmview_trainset_3_12_lip_puckerer_1.jpg,0.080858513712883,0.07640104740858078,-0.004457466304302216,8.565506592392921,0.7169960737228394,0.4295082688331604,0.4295082688331604,23.27632200001517,29.947354000000814,real_npy,0,1
185,/mnt/c/Users/Chirayu/Documents/GitHub/2D-to-3D-image-reconstruction/facescape_224/fsmview_trainset_13_7_jaw_forward_55.jpg,0.04866255074739456,0.054752547293901443,0.006089996546506882,8.64791830489412,0.7466871738433838,0.35551226139068604,0.35551226139068604,23.037664000071345,21.880654999904436,real_npy,0,1
186,/mnt/c/Users/Chirayu/Documents/GitHub/2D-to-3D-image-reconstruction/facescape_224/fsmview_trainset_15_19_brow_raiser_12.jpg,0.08261612802743912,0.12083478271961212,0.038218654692173004,8.059601943939924,0.7308734059333801,0.6005553603172302,0.6005553603172302,61.1156680000704,22.71542699998008,real_npy,0,1
187,/mnt/c/Users/Chirayu/Documents/GitHub/2D-to-3D-image-reconstruction/facescape_224/fsmview_trainset_7_8_mouth_left_26.jpg,0.04368484765291214,0.04757783189415932,0.003892984241247177,8.162902772426605,0.6621730327606201,0.35146886110305786,0.35146886110305786,20.578738000040175,19.417696999994405,real_npy,0,1
188,/mnt/c/Users/Chirayu/Documents/GitHub/2D-to-3D-image-reconstruction/facescape_224/fsmview_trainset_6_5_jaw_left_35.jpg,0.035709138959646225,0.03777632489800453,0.002067185938358307,8.112299051135778,0.6590697765350342,0.3788807988166809,0.3788807988166809,20.760283000072377,20.549990999938927,real_npy,0,1
189,/mnt/c/Users/Chirayu/Documents/GitHub/2D-to-3D-image-reconstruction/facescape_224/fsmview_trainset_13_7_jaw_forward_34.jpg,0.8457934260368347,0.8170090913772583,-0.028784334659576416,6.783933397382498,0.6698561310768127,0.355803906917572,0.355803906917572,20.65105400004086,20.461328000010326,real_npy,0,1
190,/mnt/c/Users/Chirayu/Documents/GitHub/2D-to-3D-image-reconstruction/facescape_224/fsmview_trainset_1_18_eye_closed_55.jpg,0.04662506654858589,0.04871991649270058,0.002094849944114685,8.186803087592125,0.7436335682868958,0.3233789801597595,0.3233789801597595,123.66429999997308,32.74888800001463,real_npy,0,1
191,/mnt/c/Users/Chirayu/Documents/GitHub/2D-to-3D-image-reconstruction/facescape_224/fsmview_trainset_5_4_anger_40.jpg,0.14157359302043915,0.14381243288516998,0.002238839864730835,8.022807579487562,0.7269586324691772,0.4678478538990021,0.4678478538990021,24.86751899994033,21.85429500002556,real_npy,0,1
192,/mnt/c/Users/Chirayu/Documents/GitHub/2D-to-3D-image-reconstruction/facescape_224/fsmview_trainset_4_12_lip_puckerer_52.jpg,0.21283772587776184,0.19791050255298615,-0.014927223324775696,6.504840452224016,0.6589445471763611,0.36544090509414673,0.36544090509414673,20.36819199997808,21.18175800001154,real_npy,0,1
193,/mnt/c/Users/Chirayu/Documents/GitHub/2D-to-3D-image-reconstruction/facescape_224/fsmview_trainset_3_2_smile_9.jpg,0.05126149579882622,2.233948230743408,2.182686734944582,33.54530281573534,3.4971611499786377,0.3849935829639435,0.3849935829639435,21.37638900001093,29.727308000019548,real_npy,1,1
194,/mnt/c/Users/Chirayu/Documents/GitHub/2D-to-3D-image-reconstruction/facescape_224/fsmview_trainset_12_13_lip_funneler_49.jpg,0.057961758226156235,0.055597495287656784,-0.0023642629384994507,8.018620111048222,0.6993955373764038,0.4671745002269745,0.4671745002269745,21.471968000014385,20.569625999996788,real_npy,0,1
195,/mnt/c/Users/Chirayu/Documents/GitHub/2D-to-3D-image-reconstruction/facescape_224/fsmview_trainset_19_20_brow_lower_36.jpg,0.06212770193815231,0.05546536669135094,-0.006662335246801376,8.800982974469662,0.7024447917938232,0.3613568842411041,0.3613568842411041,22.423105000029864,20.333033000042633,real_npy,0,1
196,/mnt/c/Users/Chirayu/Documents/GitHub/2D-to-3D-image-reconstruction/facescape_224/fsmview_trainset_13_5_jaw_left_43.jpg,0.10612522810697556,0.10262424498796463,-0.0035009831190109253,8.305199146270752,0.7032332420349121,0.40942302346229553,0.40942302346229553,22.337348000064594,23.87999099994431,real_npy,0,1
197,/mnt/c/Users/Chirayu/Documents/GitHub/2D-to-3D-image-reconstruction/facescape_224/fsmview_trainset_12_13_lip_funneler_34.jpg,0.22926151752471924,0.2527530789375305,0.02349156141281128,7.2983728386461735,0.632027804851532,0.4897729754447937,0.4897729754447937,22.320699999909266,21.507598000084727,real_npy,0,1
198,/mnt/c/Users/Chirayu/Documents/GitHub/2D-to-3D-image-reconstruction/facescape_224/fsmview_trainset_7_1_neutral_25.jpg,0.03702164441347122,0.03877599909901619,0.0017543546855449677,7.856844864785671,0.6663092374801636,0.36237916350364685,0.36237916350364685,20.419645000060882,27.922328000045127,real_npy,0,1
199,/mnt/c/Users/Chirayu/Documents/GitHub/2D-to-3D-image-reconstruction/facescape_224/fsmview_trainset_2_17_cheek_blowing_35.jpg,0.08975370973348618,0.0879141166806221,-0.0018395930528640747,8.568360306322575,0.6885620355606079,0.43438899517059326,0.43438899517059326,21.671616000048743,22.45545799996762,real_npy,0,1
200,/mnt/c/Users/Chirayu/Documents/GitHub/2D-to-3D-image-reconstruction/facescape_224/fsmview_trainset_9_10_dimpler_20.jpg,0.047358497977256775,0.047389302402734756,3.080442547798157e-05,8.943132239859551,0.7247952818870544,0.37213006615638733,0.37213006615638733,24.196125999992546,19.626766999977008,real_npy,0,1
201,/mnt/c/Users/Chirayu/Documents/GitHub/2D-to-3D-image-reconstruction/facescape_224/fsmview_trainset_5_9_mouth_right_55.jpg,0.6224644780158997,0.6743447780609131,0.05188030004501343,8.43224610388279,0.7166478633880615,0.4256982207298279,0.4256982207298279,24.04953799998566,22.34344599992255,real_npy,0,1
202,/mnt/c/Users/Chirayu/Documents/GitHub/2D-to-3D-image-reconstruction/facescape_224/fsmview_trainset_4_1_neutral_42.jpg,0.06992896646261215,0.07271138578653336,0.0027824193239212036,7.748097360134125,0.6917721629142761,0.373017281293869,0.373017281293869,20.592981000049804,19.72018100002515,real_npy,0,1
203,/mnt/c/Users/Chirayu/Documents/GitHub/2D-to-3D-image-reconstruction/facescape_224/fsmview_trainset_8_6_jaw_right_27.jpg,0.06816665083169937,0.06703876703977585,-0.001127883791923523,7.503416381776333,0.6944845914840698,0.34254953265190125,0.34254953265190125,21.713009999984934,21.200189999944996,real_npy,0,1
204,/mnt/c/Users/Chirayu/Documents/GitHub/2D-to-3D-image-reconstruction/facescape_224/fsmview_trainset_9_1_neutral_5.jpg,0.03911036625504494,8.269886016845703,8.230775650590658,61.754010654985905,9.127673149108887,0.3614563047885895,0.3614563047885895,22.921959999962382,18.870160999995278,real_npy,1,1
205,/mnt/c/Users/Chirayu/Documents/GitHub/2D-to-3D-image-reconstruction/facescape_224/fsmview_trainset_11_8_mouth_left_40.jpg,0.09791619330644608,0.1087263822555542,0.010810188949108124,8.83478882536292,0.7687085866928101,0.596910297870636,0.596910297870636,19.691301999955613,19.738928999913696,real_npy,0,1
206,/mnt/c/Users/Chirayu/Documents/GitHub/2D-to-3D-image-reconstruction/facescape_224/fsmview_trainset_12_20_brow_lower_43.jpg,0.04729975014925003,0.045039452612400055,-0.0022602975368499756,8.99008304439485,0.7135013937950134,0.48728713393211365,0.48728713393211365,21.612702000084028,20.671283999945445,real_npy,0,1
207,/mnt/c/Users/Chirayu/Documents/GitHub/2D-to-3D-image-reconstruction/facescape_224/fsmview_trainset_13_8_mouth_left_24.jpg,0.5191347599029541,0.5209559202194214,0.0018211603164672852,7.063482826575637,0.60600745677948,0.5096208453178406,0.5096208453178406,20.612193000033585,48.0164009999271,real_npy,0,1
208,/mnt/c/Users/Chirayu/Documents/GitHub/2D-to-3D-image-reconstruction/facescape_224/fsmview_trainset_6_5_jaw_left_46.jpg,0.12686322629451752,0.10907316207885742,-0.017790064215660095,8.936563961207867,0.7683756351470947,0.4375445246696472,0.4375445246696472,21.550655000055485,34.301547000040955,real_npy,0,1
209,/mnt/c/Users/Chirayu/Documents/GitHub/2D-to-3D-image-reconstruction/facescape_224/fsmview_trainset_9_18_eye_closed_11.jpg,0.2552782893180847,0.250535786151886,-0.0047425031661987305,7.056645423173904,0.6308174729347229,0.606285035610199,0.606285035610199,68.52880099995673,20.021913000050517,real_npy,0,1
210,/mnt/c/Users/Chirayu/Documents/GitHub/2D-to-3D-image-reconstruction/facescape_224/fsmview_trainset_20_13_lip_funneler_65.jpg,0.05231954902410507,0.052152834832668304,-0.00016671419143676758,8.921951921191067,0.7795521020889282,0.4414450228214264,0.4414450228214264,35.69537200007744,71.10104000003048,real_npy,0,1
211,/mnt/c/Users/Chirayu/Documents/GitHub/2D-to-3D-image-reconstruction/facescape_224/fsmview_trainset_7_18_eye_closed_40.jpg,0.15222948789596558,0.16741646826267242,0.015186980366706848,7.046559602022171,0.6372777223587036,0.35108840465545654,0.35108840465545654,21.18454899994049,21.724619999986317,real_npy,0,1
212,/mnt/c/Users/Chirayu/Documents/GitHub/2D-to-3D-image-reconstruction/facescape_224/fsmview_trainset_6_7_jaw_forward_19.jpg,0.044599417597055435,0.04744573310017586,0.0028463155031204224,8.647706620395184,0.71029132604599,0.3216087520122528,0.3216087520122528,23.996049000061248,20.661453999991863,real_npy,0,1
213,/mnt/c/Users/Chirayu/Documents/GitHub/2D-to-3D-image-reconstruction/facescape_224/fsmview_trainset_9_14_sadness_43.jpg,0.8570298552513123,0.8016267418861389,-0.05540311336517334,7.546710150316358,0.6748195290565491,0.37954676151275635,0.37954676151275635,24.65656599997601,20.046044000082475,real_npy,0,1
214,/mnt/c/Users/Chirayu/Documents/GitHub/2D-to-3D-image-reconstruction/facescape_224/fsmview_trainset_10_5_jaw_left_45.jpg,0.09433958679437637,0.09574516862630844,0.0014055818319320679,9.012922402471304,0.7804262638092041,0.3801308274269104,0.3801308274269104,20.558653999955823,20.081962999938696,real_npy,0,1
215,/mnt/c/Users/Chirayu/Documents/GitHub/2D-to-3D-image-reconstruction/facescape_224/fsmview_trainset_5_10_dimpler_12.jpg,0.40805089473724365,9.713885307312012,9.305834412574768,66.30215724557638,10.730610847473145,0.2794714570045471,0.2794714570045471,62.86648600007538,20.645764000050804,real_npy,1,1
216,/mnt/c/Users/Chirayu/Documents/GitHub/2D-to-3D-image-reconstruction/facescape_224/fsmview_trainset_9_2_smile_2.jpg,0.066343754529953,0.07282716780900955,0.006483413279056549,8.057072333991528,0.7201948761940002,0.3786717653274536,0.3786717653274536,21.01101200003086,20.839293999983965,real_npy,0,1
217,/mnt/c/Users/Chirayu/Documents/GitHub/2D-to-3D-image-reconstruction/facescape_224/fsmview_trainset_14_13_lip_funneler_49.jpg,0.07984656095504761,0.08503366261720657,0.005187101662158966,8.394039116799831,0.7227701544761658,0.5448146462440491,0.5448146462440491,32.41148400002203,21.656887000062852,real_npy,0,1
218,/mnt/c/Users/Chirayu/Documents/GitHub/2D-to-3D-image-reconstruction/facescape_224/fsmview_trainset_16_10_dimpler_24.jpg,0.03502778336405754,0.03720270097255707,0.002174917608499527,8.491905373055488,0.7080473899841309,0.3644515573978424,0.3644515573978424,19.670436999945196,18.992444999980762,real_npy,0,1
219,/mnt/c/Users/Chirayu/Documents/GitHub/2D-to-3D-image-reconstruction/facescape_224/fsmview_trainset_9_19_brow_raiser_32.jpg,0.2329089641571045,0.1769469976425171,-0.0559619665145874,7.3306402415037155,0.6327058672904968,0.47047215700149536,0.47047215700149536,19.770541999946545,19.451075000006313,real_npy,0,1
220,/mnt/c/Users/Chirayu/Documents/GitHub/2D-to-3D-image-reconstruction/facescape_224/fsmview_trainset_9_17_cheek_blowing_3.jpg,0.04887399449944496,0.05097232386469841,0.0020983293652534485,7.2982394732534885,0.5991828441619873,0.3503273129463196,0.3503273129463196,19.867480000016258,34.16627100000369,real_npy,0,1
221,/mnt/c/Users/Chirayu/Documents/GitHub/2D-to-3D-image-reconstruction/facescape_224/fsmview_trainset_5_19_brow_raiser_23.jpg,0.029430147260427475,0.3987709581851959,0.36934081092476845,13.994942001532763,1.3228759765625,0.3420640826225281,0.3420640826225281,20.104749999973137,30.074376000015945,real_npy,0,1
222,/mnt/c/Users/Chirayu/Documents/GitHub/2D-to-3D-image-reconstruction/facescape_224/fsmview_trainset_1_9_mouth_right_43.jpg,0.033718787133693695,0.032277945429086685,-0.0014408417046070099,7.71227353811264,0.659859299659729,0.2822452783584595,0.2822452783584595,21.614406000026065,66.80545300002905,real_npy,0,1
223,/mnt/c/Users/Chirayu/Documents/GitHub/2D-to-3D-image-reconstruction/facescape_224/fsmview_trainset_15_14_sadness_29.jpg,0.26679089665412903,0.34434157609939575,0.07755067944526672,7.812467440962791,0.6527377963066101,0.4045591354370117,0.4045591354370117,33.70013200003541,24.003859999993438,real_npy,0,1
224,/mnt/c/Users/Chirayu/Documents/GitHub/2D-to-3D-image-reconstruction/facescape_224/fsmview_trainset_14_4_anger_45.jpg,0.10885472595691681,0.11226841807365417,0.0034136921167373657,8.608911231160164,0.6811924576759338,0.590469241142273,0.590469241142273,21.347734999949353,26.52274000001853,real_npy,0,1
225,/mnt/c/Users/Chirayu/Documents/GitHub/2D-to-3D-image-reconstruction/facescape_224/fsmview_trainset_19_11_chin_raiser_1.jpg,0.03697339445352554,0.03709522634744644,0.00012183189392089844,8.176658723503351,0.6676709651947021,0.2347998321056366,0.2347998321056366,22.007047999977658,21.942184999943493,real_npy,0,1
226,/mnt/c/Users/Chirayu/Documents/GitHub/2D-to-3D-image-reconstruction/facescape_224/fsmview_trainset_18_5_jaw_left_10.jpg,0.030528731644153595,0.034947916865348816,0.004419185221195221,7.991328086704016,0.6792739033699036,0.3249754011631012,0.3249754011631012,65.029948000074,24.733003000051212,real_npy,0,1
227,/mnt/c/Users/Chirayu/Documents/GitHub/2D-to-3D-image-reconstruction/facescape_224/fsmview_trainset_6_19_brow_raiser_8.jpg,0.04367608204483986,0.045367226004600525,0.001691143959760666,8.122613713145256,0.6838189959526062,0.3417123258113861,0.3417123258113861,20.500262000041403,18.5418450000725,real_npy,0,1
228,/mnt/c/Users/Chirayu/Documents/GitHub/2D-to-3D-image-reconstruction/facescape_224/fsmview_trainset_6_4_anger_45.jpg,0.16879115998744965,0.1526036262512207,-0.016187533736228943,7.928296804428101,0.7536810636520386,0.40034064650535583,0.40034064650535583,45.113420000006954,21.167458000036277,real_npy,0,1
229,/mnt/c/Users/Chirayu/Documents/GitHub/2D-to-3D-image-reconstruction/facescape_224/fsmview_trainset_11_8_mouth_left_14.jpg,0.08556554466485977,0.1073068156838417,0.021741271018981934,8.178375869989395,0.6927319169044495,0.5510371327400208,0.5510371327400208,43.29988000006324,21.524395000028562,real_npy,0,1
230,/mnt/c/Users/Chirayu/Documents/GitHub/2D-to-3D-image-reconstruction/facescape_224/fsmview_trainset_1_1_neutral_48.jpg,0.04117242619395256,0.0410250648856163,-0.00014736130833625793,8.05130510777235,0.663637638092041,0.3976896107196808,0.3976896107196808,73.04085400005533,21.183489999998528,real_npy,0,1
231,/mnt/c/Users/Chirayu/Documents/GitHub/2D-to-3D-image-reconstruction/facescape_224/fsmview_trainset_19_3_mouth_stretch_15.jpg,0.8687865734100342,0.8677595853805542,-0.0010269880294799805,6.900716625154018,0.5870555639266968,0.4361310601234436,0.4361310601234436,20.837060999951973,19.305551000002197,real_npy,0,1
232,/mnt/c/Users/Chirayu/Documents/GitHub/2D-to-3D-image-reconstruction/facescape_224/fsmview_trainset_12_2_smile_41.jpg,0.057378679513931274,0.06696148216724396,0.009582802653312683,9.289188500028104,0.7703750729560852,0.4549639821052551,0.4549639821052551,20.70406699999694,20.9574650000377,real_npy,0,1
233,/mnt/c/Users/Chirayu/Documents/GitHub/2D-to-3D-image-reconstruction/facescape_224/fsmview_trainset_3_19_brow_raiser_6.jpg,0.05041174963116646,0.040172941982746124,-0.010238807648420334,8.511659171432257,0.7277020812034607,0.32586419582366943,0.32586419582366943,21.95153200000277,22.001911999950607,real_npy,0,1
234,/mnt/c/Users/Chirayu/Documents/GitHub/2D-to-3D-image-reconstruction/facescape_224/fsmview_trainset_15_13_lip_funneler_36.jpg,0.07859918475151062,0.09849458187818527,0.019895397126674652,9.344089748337865,0.8023122549057007,0.5494956374168396,0.5494956374168396,23.43442899996262,19.68102499995439,real_npy,0,1
235,/mnt/c/Users/Chirayu/Documents/GitHub/2D-to-3D-image-reconstruction/facescape_224/fsmview_trainset_3_4_anger_24.jpg,0.047739092260599136,0.048135820776224136,0.000396728515625,8.780141766183078,0.7266616225242615,0.44569551944732666,0.44569551944732666,21.54762700001811,22.135581000043203,real_npy,0,1
236,/mnt/c/Users/Chirayu/Documents/GitHub/2D-to-3D-image-reconstruction/facescape_224/fsmview_trainset_12_13_lip_funneler_45.jpg,0.049419473856687546,0.04894113540649414,-0.00047833845019340515,8.788313198834658,0.7367273569107056,0.37994521856307983,0.37994521856307983,20.086622000007992,19.379317000016272,real_npy,0,1
237,/mnt/c/Users/Chirayu/Documents/GitHub/2D-to-3D-image-reconstruction/facescape_224/fsmview_trainset_14_11_chin_raiser_62.jpg,0.3821212351322174,0.3715934157371521,-0.010527819395065308,7.607890080660582,0.6347190141677856,0.5090100765228271,0.5090100765228271,22.739137000030496,43.84374299991123,real_npy,0,1
238,/mnt/c/Users/Chirayu/Documents/GitHub/2D-to-3D-image-reconstruction/facescape_224/fsmview_trainset_13_4_anger_10.jpg,0.043335895985364914,0.04408015310764313,0.0007442571222782135,8.800061621703207,0.7337374687194824,0.4189307391643524,0.4189307391643524,21.047572000043147,20.91004300007171,real_npy,0,1
239,/mnt/c/Users/Chirayu/Documents/GitHub/2D-to-3D-image-reconstruction/facescape_224/fsmview_trainset_15_9_mouth_right_61.jpg,0.2599475681781769,0.2772480547428131,0.01730048656463623,8.10474468022585,0.6704574227333069,0.4677474796772003,0.4677474796772003,19.53021200006333,19.37864299998182,real_npy,0,1
240,/mnt/c/Users/Chirayu/Documents/GitHub/2D-to-3D-image-reconstruction/facescape_224/fsmview_trainset_4_8_mouth_left_25.jpg,0.05718333646655083,0.05669590085744858,-0.00048743560910224915,7.902365945279598,0.6917219161987305,0.3869987428188324,0.3869987428188324,19.623397000032128,20.092175000058887,real_npy,0,1
241,/mnt/c/Users/Chirayu/Documents/GitHub/2D-to-3D-image-reconstruction/facescape_224/fsmview_trainset_18_2_smile_18.jpg,0.30352169275283813,0.2797453701496124,-0.023776322603225708,7.066309358924627,0.6492949724197388,0.5312390327453613,0.5312390327453613,23.484955999947488,21.637497000028816,real_npy,0,1
242,/mnt/c/Users/Chirayu/Documents/GitHub/2D-to-3D-image-reconstruction/facescape_224/fsmview_trainset_16_18_eye_closed_45.jpg,0.10422720015048981,0.11108379065990448,0.006856590509414673,8.728390434756875,0.7149976491928101,0.42259714007377625,0.42259714007377625,21.0543550000466,22.696270999972512,real_npy,0,1
243,/mnt/c/Users/Chirayu/Documents/GitHub/2D-to-3D-image-reconstruction/facescape_224/fsmview_trainset_3_1_neutral_40.jpg,0.14927609264850616,0.15784978866577148,0.00857369601726532,7.5095348954200745,0.6705560684204102,0.4673062264919281,0.4673062264919281,25.70230599997103,19.95001200009483,real_npy,0,1
244,/mnt/c/Users/Chirayu/Documents/GitHub/2D-to-3D-image-reconstruction/facescape_224/fsmview_trainset_17_6_jaw_right_50.jpg,0.5581784248352051,0.5120375156402588,-0.04614090919494629,8.12754486873746,0.6739228963851929,0.4746691584587097,0.4746691584587097,21.47627299996202,22.031965999985914,real_npy,0,1
245,/mnt/c/Users/Chirayu/Documents/GitHub/2D-to-3D-image-reconstruction/facescape_224/fsmview_trainset_17_7_jaw_forward_44.jpg,0.11434463411569595,0.11159396171569824,-0.002750672399997711,7.925646025687456,0.641234278678894,0.4460009038448334,0.4460009038448334,51.25423300000875,50.679035000030126,real_npy,0,1
246,/mnt/c/Users/Chirayu/Documents/GitHub/2D-to-3D-image-reconstruction/facescape_224/fsmview_trainset_13_20_brow_lower_14.jpg,0.046341195702552795,0.07103075832128525,0.024689562618732452,7.560078382492065,0.6219852566719055,0.4419771432876587,0.4419771432876587,21.946156000012706,19.80879999996432,real_npy,0,1
247,/mnt/c/Users/Chirayu/Documents/GitHub/2D-to-3D-image-reconstruction/facescape_224/fsmview_trainset_7_11_chin_raiser_53.jpg,0.059187427163124084,0.05676952004432678,-0.0024179071187973022,7.877443298697472,0.680010199546814,0.5026848912239075,0.5026848912239075,24.3330230000538,22.54022799991162,real_npy,0,1
248,/mnt/c/Users/Chirayu/Documents/GitHub/2D-to-3D-image-reconstruction/facescape_224/fsmview_trainset_20_4_anger_1.jpg,0.696307897567749,0.7085999846458435,0.012292087078094482,5.802247803658247,0.608122706413269,0.4460088312625885,0.4460088312625885,21.252070000059575,22.510742999998,real_npy,0,0
249,/mnt/c/Users/Chirayu/Documents/GitHub/2D-to-3D-image-reconstruction/facescape_224/fsmview_trainset_5_4_anger_58.jpg,0.6421613097190857,0.721051037311554,0.07888972759246826,6.7257054559886456,0.598429262638092,0.49486222863197327,0.49486222863197327,21.072542999945654,21.28671800005577,real_npy,0,1
250,/mnt/c/Users/Chirayu/Documents/GitHub/2D-to-3D-image-reconstruction/facescape_224/fsmview_trainset_5_13_lip_funneler_20.jpg,0.034146182239055634,0.03698016703128815,0.0028339847922325134,7.527676440775394,0.6253599524497986,0.304169237613678,0.304169237613678,22.052145999964523,23.21300899996004,real_npy,0,1
251,/mnt/c/Users/Chirayu/Documents/GitHub/2D-to-3D-image-reconstruction/facescape_224/fsmview_trainset_15_20_brow_lower_36.jpg,0.04569603130221367,0.042156659066677094,-0.0035393722355365753,8.929355222731829,0.741452693939209,0.561180591583252,0.561180591583252,21.109840999997687,19.635978999986037,real_npy,0,1
252,/mnt/c/Users/Chirayu/Documents/GitHub/2D-to-3D-image-reconstruction/facescape_224/fsmview_trainset_10_5_jaw_left_34.jpg,0.039979927241802216,0.03946816176176071,-0.0005117654800415039,7.839869756251574,0.6878612041473389,0.3362162411212921,0.3362162411212921,20.91358500001661,23.021409000079984,real_npy,0,1
253,/mnt/c/Users/Chirayu/Documents/GitHub/2D-to-3D-image-reconstruction/facescape_224/fsmview_trainset_9_11_chin_raiser_15.jpg,0.060354795306921005,0.07402364164590836,0.01366884633898735,9.240397555753589,0.7671146392822266,0.37552329897880554,0.37552329897880554,60.02511500003038,21.97208400002637,real_npy,0,1
254,/mnt/c/Users/Chirayu/Documents/GitHub/2D-to-3D-image-reconstruction/facescape_224/fsmview_trainset_17_1_neutral_20.jpg,0.07787816226482391,0.08188699930906296,0.004008837044239044,9.419889871031046,0.7684448957443237,0.3577939569950104,0.3577939569950104,21.835218999967765,64.85347000000274,real_npy,0,1
255,/mnt/c/Users/Chirayu/Documents/GitHub/2D-to-3D-image-reconstruction/facescape_224/fsmview_trainset_18_18_eye_closed_11.jpg,0.1009625717997551,0.09291253238916397,-0.008050039410591125,8.12366158515215,0.7180976867675781,0.43073517084121704,0.43073517084121704,21.189375000062682,20.940026000062062,real_npy,0,1
256,/mnt/c/Users/Chirayu/Documents/GitHub/2D-to-3D-image-reconstruction/facescape_224/fsmview_trainset_19_19_brow_raiser_55.jpg,0.28944188356399536,0.3056268095970154,0.01618492603302002,7.581272147595882,0.6835633516311646,0.27586010098457336,0.27586010098457336,20.349687000020822,68.47037,real_npy,0,1
257,/mnt/c/Users/Chirayu/Documents/GitHub/2D-to-3D-image-reconstruction/facescape_224/fsmview_trainset_2_10_dimpler_24.jpg,0.062228161841630936,0.06462135165929794,0.0023931898176670074,9.64847394824028,0.7646278738975525,0.48760461807250977,0.48760461807250977,72.89466800000355,24.001215999987835,real_npy,0,1
258,/mnt/c/Users/Chirayu/Documents/GitHub/2D-to-3D-image-reconstruction/facescape_224/fsmview_trainset_20_12_lip_puckerer_6.jpg,0.3032815754413605,0.32241174578666687,0.019130170345306396,6.500263465568423,0.6929093599319458,0.5800445079803467,0.5800445079803467,28.507856999908654,24.039831999971284,real_npy,0,1
259,/mnt/c/Users/Chirayu/Documents/GitHub/2D-to-3D-image-reconstruction/facescape_224/fsmview_trainset_6_12_lip_puckerer_20.jpg,0.05719832330942154,0.06037473678588867,0.0031764134764671326,8.991807224228978,0.7581028938293457,0.380533903837204,0.380533903837204,21.626548000085677,23.952378999979373,real_npy,0,1
260,/mnt/c/Users/Chirayu/Documents/GitHub/2D-to-3D-image-reconstruction/facescape_224/fsmview_trainset_14_13_lip_funneler_10.jpg,0.08641702681779861,0.08412633091211319,-0.002290695905685425,8.104986265301704,0.7290080785751343,0.621976375579834,0.621976375579834,24.99178799996571,44.02886699995179,real_npy,0,1
261,/mnt/c/Users/Chirayu/Documents/GitHub/2D-to-3D-image-reconstruction/facescape_224/fsmview_trainset_7_19_brow_raiser_42.jpg,0.1647643893957138,0.15373364090919495,-0.01103074848651886,6.190909422934055,0.5818278789520264,0.4810997545719147,0.4810997545719147,20.54190199999084,20.342148000054294,real_npy,0,0
262,/mnt/c/Users/Chirayu/Documents/GitHub/2D-to-3D-image-reconstruction/facescape_224/fsmview_trainset_12_15_lip_roll_40.jpg,0.07881571352481842,0.09956441074609756,0.020748697221279144,8.432084698230028,0.6881552338600159,0.3822232186794281,0.3822232186794281,21.400443999937124,21.98321899993516,real_npy,0,1
263,/mnt/c/Users/Chirayu/Documents/GitHub/2D-to-3D-image-reconstruction/facescape_224/fsmview_trainset_3_19_brow_raiser_2.jpg,0.07343591004610062,0.0861891433596611,0.012753233313560486,8.465437538921833,0.7366743087768555,0.4292225241661072,0.4292225241661072,24.440103999950225,21.586719999959314,real_npy,0,1
264,/mnt/c/Users/Chirayu/Documents/GitHub/2D-to-3D-image-reconstruction/facescape_224/fsmview_trainset_20_15_lip_roll_47.jpg,0.09973367303609848,0.12334801256656647,0.023614339530467987,7.995844479650259,0.7158296704292297,0.6189622282981873,0.6189622282981873,23.7117459998899,29.49898300005316,real_npy,0,1
265,/mnt/c/Users/Chirayu/Documents/GitHub/2D-to-3D-image-reconstruction/facescape_224/fsmview_trainset_20_15_lip_roll_12.jpg,0.06354829668998718,0.11488085240125656,0.05133255571126938,7.316055539995432,0.6821157336235046,0.5712980031967163,0.5712980031967163,20.90900000007423,69.4131830000515,real_npy,0,1
266,/mnt/c/Users/Chirayu/Documents/GitHub/2D-to-3D-image-reconstruction/facescape_224/fsmview_trainset_3_2_smile_8.jpg,0.04527656361460686,0.04856595769524574,0.0032893940806388855,7.632472049444914,0.6650646924972534,0.366894006729126,0.366894006729126,67.53657800004476,33.102107999980035,real_npy,0,1
267,/mnt/c/Users/Chirayu/Documents/GitHub/2D-to-3D-image-reconstruction/facescape_224/fsmview_trainset_14_2_smile_22.jpg,0.0402565561234951,0.0402020700275898,-5.4486095905303955e-05,7.459537163376808,0.628168523311615,0.39650607109069824,0.39650607109069824,20.93297999999777,19.358054999997876,real_npy,0,1
268,/mnt/c/Users/Chirayu/Documents/GitHub/2D-to-3D-image-reconstruction/facescape_224/fsmview_trainset_10_9_mouth_right_26.jpg,0.13654197752475739,0.17080296576023102,0.03426098823547363,6.74688583612442,0.6241323947906494,0.5905819535255432,0.5905819535255432,22.92648200000258,21.837467999944238,real_npy,0,1
269,/mnt/c/Users/Chirayu/Documents/GitHub/2D-to-3D-image-reconstruction/facescape_224/fsmview_trainset_7_15_lip_roll_28.jpg,0.06417638808488846,0.13896915316581726,0.0747927650809288,7.353659754619002,0.6715918779373169,0.3186362087726593,0.3186362087726593,22.358885000016926,18.50129799993283,real_npy,0,1
270,/mnt/c/Users/Chirayu/Documents/GitHub/2D-to-3D-image-reconstruction/facescape_224/fsmview_trainset_20_20_brow_lower_50.jpg,0.5081068873405457,0.41709116101264954,-0.09101572632789612,6.740450628101826,0.6159560680389404,0.5657190680503845,0.5657190680503845,20.584193999980016,18.7435349999987,template_fallback,0,1
271,/mnt/c/Users/Chirayu/Documents/GitHub/2D-to-3D-image-reconstruction/facescape_224/fsmview_trainset_20_10_dimpler_13.jpg,0.058278702199459076,0.05662669986486435,-0.0016520023345947266,8.460352301597595,0.7243943214416504,0.391445130109787,0.391445130109787,21.220607000032032,18.780903999982,real_npy,0,1
272,/mnt/c/Users/Chirayu/Documents/GitHub/2D-to-3D-image-reconstruction/facescape_224/fsmview_trainset_20_12_lip_puckerer_36.jpg,0.0510905459523201,0.0477457232773304,-0.0033448226749897003,8.473022172227502,0.718320906162262,0.523152768611908,0.523152768611908,22.051588000067568,22.38714300005995,real_npy,0,1
273,/mnt/c/Users/Chirayu/Documents/GitHub/2D-to-3D-image-reconstruction/facescape_224/fsmview_trainset_17_11_chin_raiser_56.jpg,0.08501916378736496,0.09174038469791412,0.006721220910549164,8.524331666529179,0.7086153626441956,0.3583064079284668,0.3583064079284668,24.356923000027564,21.544393999988642,real_npy,0,1
274,/mnt/c/Users/Chirayu/Documents/GitHub/2D-to-3D-image-reconstruction/facescape_224/fsmview_trainset_11_9_mouth_right_34.jpg,0.0472426563501358,0.04715508222579956,-8.757412433624268e-05,8.715390039607882,0.716097354888916,0.5942273736000061,0.5942273736000061,23.09691400000702,23.15312900009303,real_npy,0,1
275,/mnt/c/Users/Chirayu/Documents/GitHub/2D-to-3D-image-reconstruction/facescape_224/fsmview_trainset_9_10_dimpler_12.jpg,0.03976958617568016,0.040497057139873505,0.0007274709641933441,8.227343913167715,0.6855160593986511,0.2303553968667984,0.2303553968667984,45.39382200005093,23.328120999963176,real_npy,0,1
276,/mnt/c/Users/Chirayu/Documents/GitHub/2D-to-3D-image-reconstruction/facescape_224/fsmview_trainset_11_10_dimpler_51.jpg,0.5274798274040222,0.5140435695648193,-0.01343625783920288,6.529130607843399,0.6814174652099609,0.619712233543396,0.619712233543396,20.746893000023192,20.980014999963714,real_npy,0,1
277,/mnt/c/Users/Chirayu/Documents/GitHub/2D-to-3D-image-reconstruction/facescape_224/fsmview_trainset_9_3_mouth_stretch_32.jpg,0.041461654007434845,0.0464162603020668,0.004954606294631958,7.568889990448952,0.7128379344940186,0.3116810619831085,0.3116810619831085,23.91379000005145,81.68700500004888,real_npy,0,1
278,/mnt/c/Users/Chirayu/Documents/GitHub/2D-to-3D-image-reconstruction/facescape_224/fsmview_trainset_14_15_lip_roll_9.jpg,0.1711658090353012,0.16643019020557404,-0.004735618829727173,7.040508162230253,0.711550772190094,0.5624945163726807,0.5624945163726807,65.75121799994577,20.813825000004726,real_npy,0,1
279,/mnt/c/Users/Chirayu/Documents/GitHub/2D-to-3D-image-reconstruction/facescape_224/fsmview_trainset_8_5_jaw_left_2.jpg,0.06356878578662872,0.058039989322423935,-0.005528796464204788,7.988271191716194,0.727333128452301,0.27148377895355225,0.27148377895355225,20.394321999901877,19.572183000036603,real_npy,0,1
280,/mnt/c/Users/Chirayu/Documents/GitHub/2D-to-3D-image-reconstruction/facescape_224/fsmview_trainset_9_7_jaw_forward_42.jpg,0.13781775534152985,0.14915336668491364,0.011335611343383789,6.649655628949404,0.6298028826713562,0.4419816732406616,0.4419816732406616,19.736208999916016,19.98203100004048,real_npy,0,1
281,/mnt/c/Users/Chirayu/Documents/GitHub/2D-to-3D-image-reconstruction/facescape_224/fsmview_trainset_5_20_brow_lower_7.jpg,0.04619870334863663,0.04346382990479469,-0.002734873443841934,8.21964968368411,0.7261890769004822,0.27351367473602295,0.27351367473602295,42.56202800002029,20.411093000006986,real_npy,0,1
282,/mnt/c/Users/Chirayu/Documents/GitHub/2D-to-3D-image-reconstruction/facescape_224/fsmview_trainset_20_10_dimpler_50.jpg,0.43157657980918884,0.3083406984806061,-0.12323588132858276,6.627747640013695,0.6409623026847839,0.5685679912567139,0.5685679912567139,20.623626999963562,20.889914000008503,real_npy,0,1
283,/mnt/c/Users/Chirayu/Documents/GitHub/2D-to-3D-image-reconstruction/facescape_224/fsmview_trainset_2_15_lip_roll_34.jpg,0.04265360161662102,0.04663696885108948,0.00398336723446846,8.391826879233122,0.7144849300384521,0.4772498607635498,0.4772498607635498,21.773295999992115,23.226418000035665,real_npy,0,1
284,/mnt/c/Users/Chirayu/Documents/GitHub/2D-to-3D-image-reconstruction/facescape_224/fsmview_trainset_12_14_sadness_28.jpg,0.9752044677734375,0.9308250546455383,-0.04437941312789917,8.67418947443366,0.7039151191711426,0.5293877720832825,0.5293877720832825,54.28921599991554,20.19588300004216,real_npy,0,1
285,/mnt/c/Users/Chirayu/Documents/GitHub/2D-to-3D-image-reconstruction/facescape_224/fsmview_trainset_11_3_mouth_stretch_62.jpg,0.8332450985908508,0.8462597131729126,0.013014614582061768,7.875986512750387,0.6842648386955261,0.5158084630966187,0.5158084630966187,39.08583500003715,22.02443900000617,real_npy,0,1
286,/mnt/c/Users/Chirayu/Documents/GitHub/2D-to-3D-image-reconstruction/facescape_224/fsmview_trainset_18_15_lip_roll_35.jpg,0.04614648222923279,0.04495789483189583,-0.0011885873973369598,9.33169280178845,0.7845271229743958,0.480735719203949,0.480735719203949,21.678325000038967,34.61512399996991,real_npy,0,1
287,/mnt/c/Users/Chirayu/Documents/GitHub/2D-to-3D-image-reconstruction/facescape_224/fsmview_trainset_3_13_lip_funneler_32.jpg,0.045866843312978745,0.04836062341928482,0.002493780106306076,7.69827351719141,0.6940709352493286,0.3597484827041626,0.3597484827041626,22.005601000046227,20.57516799993664,real_npy,0,1
288,/mnt/c/Users/Chirayu/Documents/GitHub/2D-to-3D-image-reconstruction/facescape_224/fsmview_trainset_1_4_anger_11.jpg,0.09034392982721329,0.07882846891880035,-0.011515460908412933,7.978570766746998,0.7292527556419373,0.38508448004722595,0.38508448004722595,19.860307000044486,25.138965999985885,real_npy,0,1
289,/mnt/c/Users/Chirayu/Documents/GitHub/2D-to-3D-image-reconstruction/facescape_224/fsmview_trainset_11_15_lip_roll_12.jpg,0.06308190524578094,0.06441027671098709,0.0013283714652061462,7.942896738648415,0.6463513970375061,0.48082077503204346,0.48082077503204346,21.256977999996707,54.178395000008095,real_npy,0,1
290,/mnt/c/Users/Chirayu/Documents/GitHub/2D-to-3D-image-reconstruction/facescape_224/fsmview_trainset_3_20_brow_lower_19.jpg,0.03450486436486244,0.0338754877448082,-0.000629376620054245,8.047691989690065,0.6822354793548584,0.32400766015052795,0.32400766015052795,80.69853100005275,33.44909700001608,real_npy,0,1
291,/mnt/c/Users/Chirayu/Documents/GitHub/2D-to-3D-image-reconstruction/facescape_224/fsmview_trainset_1_3_mouth_stretch_32.jpg,0.19649271667003632,4.569048881530762,4.372556164860725,47.567107513546944,5.7478508949279785,0.2312060445547104,0.2312060445547104,32.49664300005861,69.64147699989098,real_npy,1,1
292,/mnt/c/Users/Chirayu/Documents/GitHub/2D-to-3D-image-reconstruction/facescape_224/fsmview_trainset_3_19_brow_raiser_18.jpg,0.04425658658146858,0.043885331600904465,-0.00037125498056411743,8.41848479397595,0.7003211975097656,0.399167537689209,0.399167537689209,20.499462000088897,69.8406569999861,real_npy,0,1
293,/mnt/c/Users/Chirayu/Documents/GitHub/2D-to-3D-image-reconstruction/facescape_224/fsmview_trainset_14_9_mouth_right_64.jpg,0.03612665459513664,0.034419432282447815,-0.0017072223126888275,7.77885677665472,0.6866881847381592,0.36109164357185364,0.36109164357185364,29.29513100002623,22.28089599998384,real_npy,0,1
294,/mnt/c/Users/Chirayu/Documents/GitHub/2D-to-3D-image-reconstruction/facescape_224/fsmview_trainset_2_7_jaw_forward_55.jpg,0.27827227115631104,0.26407647132873535,-0.014195799827575684,7.400986269116402,0.6258843541145325,0.42019185423851013,0.42019185423851013,22.700801000041793,23.34330099995441,real_npy,0,1
295,/mnt/c/Users/Chirayu/Documents/GitHub/2D-to-3D-image-reconstruction/facescape_224/fsmview_trainset_9_19_brow_raiser_2.jpg,0.07197335362434387,0.0860498696565628,0.014076516032218933,8.404281042516232,0.7244147658348083,0.3874259889125824,0.3874259889125824,24.230472999988706,21.787209999956758,real_npy,0,1
296,/mnt/c/Users/Chirayu/Documents/GitHub/2D-to-3D-image-reconstruction/facescape_224/fsmview_trainset_19_15_lip_roll_12.jpg,0.266937255859375,0.29525020718574524,0.02831295132637024,7.551794148981571,0.6724938750267029,0.303756445646286,0.303756445646286,20.131360000050336,71.42473999999766,real_npy,0,1
297,/mnt/c/Users/Chirayu/Documents/GitHub/2D-to-3D-image-reconstruction/facescape_224/fsmview_trainset_18_8_mouth_left_29.jpg,0.057481154799461365,0.05751337483525276,3.2220035791397095e-05,8.856889508664608,0.693767249584198,0.45608681440353394,0.45608681440353394,21.34365099993829,21.683436999978767,real_npy,0,1
298,/mnt/c/Users/Chirayu/Documents/GitHub/2D-to-3D-image-reconstruction/facescape_224/fsmview_trainset_19_8_mouth_left_21.jpg,0.04719932749867439,0.04311363771557808,-0.0040856897830963135,8.886112930253148,0.7060216665267944,0.31539008021354675,0.31539008021354675,21.617727000034392,20.229296000024988,real_npy,0,1
299,/mnt/c/Users/Chirayu/Documents/GitHub/2D-to-3D-image-reconstruction/facescape_224/fsmview_trainset_12_17_cheek_blowing_45.jpg,0.051166895776987076,0.058133576065301895,0.006966680288314819,9.066816298291087,0.7632465958595276,0.49000340700149536,0.49000340700149536,20.218263000060688,19.023919000005662,real_npy,0,1
300,/mnt/c/Users/Chirayu/Documents/GitHub/2D-to-3D-image-reconstruction/facescape_224/fsmview_trainset_8_18_eye_closed_16.jpg,0.08884008228778839,0.08850936591625214,-0.0003307163715362549,8.074610523879528,0.7245399355888367,0.40274956822395325,0.40274956822395325,21.314463999942745,21.330076000026565,real_npy,0,1
301,/mnt/c/Users/Chirayu/Documents/GitHub/2D-to-3D-image-reconstruction/facescape_224/fsmview_trainset_19_4_anger_16.jpg,0.05267879739403725,0.04984557628631592,-0.0028332211077213287,9.215244330465794,0.7661292552947998,0.28716781735420227,0.28716781735420227,20.720294000057038,59.29176899996946,real_npy,0,1
302,/mnt/c/Users/Chirayu/Documents/GitHub/2D-to-3D-image-reconstruction/facescape_224/fsmview_trainset_18_7_jaw_forward_19.jpg,0.06255845725536346,0.06147157400846481,-0.0010868832468986511,9.364697510376573,0.7599536180496216,0.41850385069847107,0.41850385069847107,22.347964999994474,21.88774100000046,real_npy,0,1
303,/mnt/c/Users/Chirayu/Documents/GitHub/2D-to-3D-image-reconstruction/facescape_224/fsmview_trainset_6_2_smile_0.jpg,0.38046202063560486,0.3588898479938507,-0.02157217264175415,6.424327455461025,0.6267162561416626,0.4231325089931488,0.4231325089931488,21.07456800001728,21.080101999928047,real_npy,0,0
304,/mnt/c/Users/Chirayu/Documents/GitHub/2D-to-3D-image-reconstruction/facescape_224/fsmview_trainset_15_18_eye_closed_18.jpg,0.0482180193066597,0.055103618651628494,0.006885599344968796,8.311565712094307,0.7153564691543579,0.5484738945960999,0.5484738945960999,21.508434999987003,30.321040000103494,real_npy,0,1
305,/mnt/c/Users/Chirayu/Documents/GitHub/2D-to-3D-image-reconstruction/facescape_224/fsmview_trainset_3_10_dimpler_46.jpg,0.13172690570354462,0.1370721459388733,0.005345240235328674,8.336195893585682,0.7115281820297241,0.5110867023468018,0.5110867023468018,40.424178999955984,54.22849000001406,real_npy,0,1
306,/mnt/c/Users/Chirayu/Documents/GitHub/2D-to-3D-image-reconstruction/facescape_224/fsmview_trainset_12_16_grin_6.jpg,0.08216683566570282,0.07736615836620331,-0.004800677299499512,8.55825163796544,0.7478976249694824,0.595248281955719,0.595248281955719,21.00597900005141,20.805311000003712,real_npy,0,1
307,/mnt/c/Users/Chirayu/Documents/GitHub/2D-to-3D-image-reconstruction/facescape_224/fsmview_trainset_2_6_jaw_right_56.jpg,0.08592478185892105,0.08592192828655243,-2.853572368621826e-06,8.520535223186016,0.7569408416748047,0.4139948785305023,0.4139948785305023,33.644131000073685,45.82267600005707,real_npy,0,1
308,/mnt/c/Users/Chirayu/Documents/GitHub/2D-to-3D-image-reconstruction/facescape_224/fsmview_trainset_12_19_brow_raiser_27.jpg,0.06100963056087494,0.06329838186502457,0.0022887513041496277,9.219568779692054,0.7541065216064453,0.4970698952674866,0.4970698952674866,21.91408099997716,19.260977999920215,real_npy,0,1
309,/mnt/c/Users/Chirayu/Documents/GitHub/2D-to-3D-image-reconstruction/facescape_224/fsmview_trainset_18_10_dimpler_47.jpg,0.04619023948907852,0.044373344630002975,-0.0018168948590755463,8.427235528826714,0.6774170994758606,0.41209492087364197,0.41209492087364197,24.478507000026184,22.960518999980195,real_npy,0,1
310,/mnt/c/Users/Chirayu/Documents/GitHub/2D-to-3D-image-reconstruction/facescape_224/fsmview_trainset_5_5_jaw_left_56.jpg,0.10200446099042892,0.09746617078781128,-0.004538290202617645,8.314394991844893,0.7250948548316956,0.43866100907325745,0.43866100907325745,22.51741200007018,23.760819000017364,real_npy,0,1
311,/mnt/c/Users/Chirayu/Documents/GitHub/2D-to-3D-image-reconstruction/facescape_224/fsmview_trainset_20_13_lip_funneler_13.jpg,0.09556914865970612,0.10346455127000809,0.007895402610301971,8.3968560770154,0.7301918268203735,0.45947176218032837,0.45947176218032837,20.16235200005667,41.886524999995345,real_npy,0,1
312,/mnt/c/Users/Chirayu/Documents/GitHub/2D-to-3D-image-reconstruction/facescape_224/fsmview_trainset_5_12_lip_puckerer_23.jpg,0.034183427691459656,3.223557233810425,3.189373806118965,38.39499083161354,4.380033016204834,0.3363340198993683,0.3363340198993683,23.219544999960817,30.6739860000107,real_npy,1,1
313,/mnt/c/Users/Chirayu/Documents/GitHub/2D-to-3D-image-reconstruction/facescape_224/fsmview_trainset_5_11_chin_raiser_31.jpg,0.048578765243291855,0.04311602562665939,-0.0054627396166324615,8.191282395273447,0.6762951016426086,0.4385364353656769,0.4385364353656769,20.488193000005595,22.9865730000256,real_npy,0,1
314,/mnt/c/Users/Chirayu/Documents/GitHub/2D-to-3D-image-reconstruction/facescape_224/fsmview_trainset_15_20_brow_lower_65.jpg,0.059503547847270966,0.05979881063103676,0.00029526278376579285,8.537037519738078,0.7902968525886536,0.4783177077770233,0.4783177077770233,20.006587000011677,20.382114000085494,real_npy,0,1
315,/mnt/c/Users/Chirayu/Documents/GitHub/2D-to-3D-image-reconstruction/facescape_224/fsmview_trainset_1_15_lip_roll_25.jpg,0.07300233840942383,0.07717905193567276,0.004176713526248932,8.294484615325928,0.7617493867874146,0.4877466559410095,0.4877466559410095,22.59919000005084,23.393777000023874,real_npy,0,1
316,/mnt/c/Users/Chirayu/Documents/GitHub/2D-to-3D-image-reconstruction/facescape_224/fsmview_trainset_20_3_mouth_stretch_60.jpg,0.054617736488580704,0.0527159608900547,-0.001901775598526001,8.619763497263193,0.7927951812744141,0.4581228196620941,0.4581228196620941,21.777810000003228,22.328007999931287,real_npy,0,1
317,/mnt/c/Users/Chirayu/Documents/GitHub/2D-to-3D-image-reconstruction/facescape_224/fsmview_trainset_3_16_grin_34.jpg,0.04374603554606438,0.04592165723443031,0.0021756216883659363,7.863181177526712,0.6662692427635193,0.4230189323425293,0.4230189323425293,20.713198999942506,39.1590650000353,real_npy,0,1
318,/mnt/c/Users/Chirayu/Documents/GitHub/2D-to-3D-image-reconstruction/facescape_224/fsmview_trainset_2_11_chin_raiser_38.jpg,0.08299955725669861,0.09466321021318436,0.011663652956485748,8.316223919391632,0.6809374690055847,0.3115585148334503,0.3115585148334503,22.03246900000977,33.520752999947945,real_npy,0,1
319,/mnt/c/Users/Chirayu/Documents/GitHub/2D-to-3D-image-reconstruction/facescape_224/fsmview_trainset_3_14_sadness_47.jpg,0.0632014274597168,0.08409173041582108,0.02089030295610428,9.041994536295533,0.7555287480354309,0.47971898317337036,0.47971898317337036,21.1700300000075,19.13106200004222,real_npy,0,1
320,/mnt/c/Users/Chirayu/Documents/GitHub/2D-to-3D-image-reconstruction/facescape_224/fsmview_trainset_20_13_lip_funneler_35.jpg,0.05574982985854149,0.055274538695812225,-0.0004752911627292633,8.486523773521185,0.7145549654960632,0.5090314149856567,0.5090314149856567,24.069802999974854,22.51000399996883,real_npy,0,1
321,/mnt/c/Users/Chirayu/Documents/GitHub/2D-to-3D-image-reconstruction/facescape_224/fsmview_trainset_13_5_jaw_left_15.jpg,0.1589592844247818,0.14784175157546997,-0.011117532849311829,7.346281722187996,0.6137099862098694,0.5243456363677979,0.5243456363677979,45.87654499994187,27.905053999916163,real_npy,0,1
322,/mnt/c/Users/Chirayu/Documents/GitHub/2D-to-3D-image-reconstruction/facescape_224/fsmview_trainset_18_14_sadness_43.jpg,0.0333983488380909,0.031177394092082977,-0.0022209547460079193,7.801259685307741,0.6506901383399963,0.32818713784217834,0.32818713784217834,19.930401999999958,19.36386299996684,real_npy,0,1
323,/mnt/c/Users/Chirayu/Documents/GitHub/2D-to-3D-image-reconstruction/facescape_224/fsmview_trainset_1_10_dimpler_45.jpg,0.03866295889019966,3.670588254928589,3.631925296038389,38.201053496450186,4.976149559020996,0.3543740510940552,0.3543740510940552,24.009455000054913,32.45900399997481,real_npy,1,1
324,/mnt/c/Users/Chirayu/Documents/GitHub/2D-to-3D-image-reconstruction/facescape_224/fsmview_trainset_11_18_eye_closed_23.jpg,0.047994062304496765,0.045071911066770554,-0.0029221512377262115,8.22456443682313,0.6456276774406433,0.5327277183532715,0.5327277183532715,21.26492299998972,84.85576299995046,real_npy,0,1
325,/mnt/c/Users/Chirayu/Documents/GitHub/2D-to-3D-image-reconstruction/facescape_224/fsmview_trainset_1_6_jaw_right_50.jpg,0.041460178792476654,1.7847803831100464,1.7433202043175697,24.896819174289703,2.7945263385772705,0.39048445224761963,0.39048445224761963,21.55802599997969,25.841978000016752,real_npy,0,1
326,/mnt/c/Users/Chirayu/Documents/GitHub/2D-to-3D-image-reconstruction/facescape_224/fsmview_trainset_18_2_smile_35.jpg,0.04364003613591194,3.144606590270996,3.100966554135084,39.35186716914177,4.5131425857543945,0.41648104786872864,0.41648104786872864,20.64200699999219,26.83091799997328,real_npy,1,1
327,/mnt/c/Users/Chirayu/Documents/GitHub/2D-to-3D-image-reconstruction/facescape_224/fsmview_trainset_15_4_anger_37.jpg,0.08300923556089401,0.10064002126455307,0.017630785703659058,9.250246720388532,0.7924752235412598,0.5669615864753723,0.5669615864753723,23.408941999946364,20.474761999935254,real_npy,0,1
328,/mnt/c/Users/Chirayu/Documents/GitHub/2D-to-3D-image-reconstruction/facescape_224/fsmview_trainset_11_11_chin_raiser_56.jpg,0.06659343838691711,0.06398388743400574,-0.002609550952911377,9.200869105756283,0.798842191696167,0.4657000005245209,0.4657000005245209,20.023079999987203,19.7177229999852,real_npy,0,1
329,/mnt/c/Users/Chirayu/Documents/GitHub/2D-to-3D-image-reconstruction/facescape_224/fsmview_trainset_17_2_smile_37.jpg,0.05415399745106697,0.06047680228948593,0.006322804838418961,7.779587741941214,0.6447880268096924,0.3879675567150116,0.3879675567150116,19.985647999988032,20.689753000056044,real_npy,0,1
330,/mnt/c/Users/Chirayu/Documents/GitHub/2D-to-3D-image-reconstruction/facescape_224/fsmview_trainset_4_17_cheek_blowing_33.jpg,0.031192345544695854,60.05136489868164,60.020172553136945,152.12717348337173,63.26040267944336,0.2820451557636261,0.2820451557636261,23.578718999942794,20.86934999999812,real_npy,1,1
331,/mnt/c/Users/Chirayu/Documents/GitHub/2D-to-3D-image-reconstruction/facescape_224/fsmview_trainset_6_1_neutral_33.jpg,0.04296937957406044,0.5354525446891785,0.492483165115118,13.902345141395926,1.3503422737121582,0.38378608226776123,0.38378608226776123,42.5098739999612,22.092230999987805,real_npy,0,1
332,/mnt/c/Users/Chirayu/Documents/GitHub/2D-to-3D-image-reconstruction/facescape_224/fsmview_trainset_2_10_dimpler_30.jpg,0.05006595328450203,0.048753522336483,-0.0013124309480190277,9.01419291831553,0.7400028705596924,0.3763578534126282,0.3763578534126282,24.818055999958233,22.118583000064973,real_npy,0,1
333,/mnt/c/Users/Chirayu/Documents/GitHub/2D-to-3D-image-reconstruction/facescape_224/fsmview_trainset_5_3_mouth_stretch_3.jpg,0.24658629298210144,0.25664544105529785,0.010059148073196411,7.68563574925065,0.6259204149246216,0.36733728647232056,0.36733728647232056,21.912078000013935,20.428281000022253,real_npy,0,1
334,/mnt/c/Users/Chirayu/Documents/GitHub/2D-to-3D-image-reconstruction/facescape_224/fsmview_trainset_19_17_cheek_blowing_22.jpg,0.06223228573799133,0.06817955523729324,0.00594726949930191,9.335740416310728,0.7680821418762207,0.36304378509521484,0.36304378509521484,23.925443000052837,20.978110999976707,real_npy,0,1
335,/mnt/c/Users/Chirayu/Documents/GitHub/2D-to-3D-image-reconstruction/facescape_224/fsmview_trainset_19_1_neutral_42.jpg,0.08849997073411942,0.10017506033182144,0.011675089597702026,8.329125098884106,0.7277609705924988,0.40786996483802795,0.40786996483802795,27.503754000008485,21.87129300000379,real_npy,0,1
336,/mnt/c/Users/Chirayu/Documents/GitHub/2D-to-3D-image-reconstruction/facescape_224/fsmview_trainset_11_14_sadness_6.jpg,0.6952331066131592,0.7038889527320862,0.008655846118927002,8.036410266533494,0.6748444437980652,0.6077684164047241,0.6077684164047241,35.07399800002986,42.18519200003357,real_npy,0,1
337,/mnt/c/Users/Chirayu/Documents/GitHub/2D-to-3D-image-reconstruction/facescape_224/fsmview_trainset_15_9_mouth_right_33.jpg,0.062350835651159286,0.08405100554227829,0.021700169891119003,7.913961352780461,0.7270984053611755,0.5549266338348389,0.5549266338348389,20.35783700000593,22.300461999975596,real_npy,0,1
338,/mnt/c/Users/Chirayu/Documents/GitHub/2D-to-3D-image-reconstruction/facescape_224/fsmview_trainset_11_15_lip_roll_64.jpg,0.42368558049201965,0.46224650740623474,0.03856092691421509,8.125103153288364,0.6779511570930481,0.5116760730743408,0.5116760730743408,46.634705000087706,38.79112699996767,real_npy,0,1
339,/mnt/c/Users/Chirayu/Documents/GitHub/2D-to-3D-image-reconstruction/facescape_224/fsmview_trainset_16_10_dimpler_43.jpg,0.03370799869298935,0.03450369834899902,0.0007956996560096741,7.628498390316963,0.6379040479660034,0.30304354429244995,0.30304354429244995,32.46470800002044,19.65651099999377,real_npy,0,1
340,/mnt/c/Users/Chirayu/Documents/GitHub/2D-to-3D-image-reconstruction/facescape_224/fsmview_trainset_18_6_jaw_right_8.jpg,0.04064175859093666,0.039333511143922806,-0.001308247447013855,8.768200000748038,0.7578387260437012,0.29853421449661255,0.29853421449661255,21.81450600005519,19.562446000009004,real_npy,0,1
341,/mnt/c/Users/Chirayu/Documents/GitHub/2D-to-3D-image-reconstruction/facescape_224/fsmview_trainset_11_11_chin_raiser_8.jpg,0.4442073106765747,0.4558273255825043,0.011620014905929565,6.766898367553949,0.6048986911773682,0.5798762440681458,0.5798762440681458,24.468662999993285,21.396213000002717,real_npy,0,1
342,/mnt/c/Users/Chirayu/Documents/GitHub/2D-to-3D-image-reconstruction/facescape_224/fsmview_trainset_3_7_jaw_forward_50.jpg,0.20314034819602966,0.19596368074417114,-0.0071766674518585205,7.319937899708748,0.6676459908485413,0.5307843089103699,0.5307843089103699,22.671721000051548,19.558565000011185,real_npy,0,1
343,/mnt/c/Users/Chirayu/Documents/GitHub/2D-to-3D-image-reconstruction/facescape_224/fsmview_trainset_11_7_jaw_forward_13.jpg,0.06757009774446487,0.06845152378082275,0.0008814260363578796,7.482613980770111,0.6409326195716858,0.45826804637908936,0.45826804637908936,20.23824399998375,19.375778999915383,real_npy,0,1
344,/mnt/c/Users/Chirayu/Documents/GitHub/2D-to-3D-image-reconstruction/facescape_224/fsmview_trainset_14_11_chin_raiser_29.jpg,0.13219942152500153,0.2126304805278778,0.08043105900287628,7.614249126985669,0.6523120403289795,0.32444021105766296,0.32444021105766296,20.5775200000744,20.24122399996031,real_npy,0,1
345,/mnt/c/Users/Chirayu/Documents/GitHub/2D-to-3D-image-reconstruction/facescape_224/fsmview_trainset_15_19_brow_raiser_22.jpg,0.03769570216536522,0.038805220276117325,0.0011095181107521057,7.156748853623867,0.6136453747749329,0.45958495140075684,0.45958495140075684,23.884348000024147,20.5976910000345,real_npy,0,1
346,/mnt/c/Users/Chirayu/Documents/GitHub/2D-to-3D-image-reconstruction/facescape_224/fsmview_trainset_4_1_neutral_39.jpg,0.05323072522878647,0.047164831310510635,-0.006065893918275833,8.237227652221918,0.7162578105926514,0.3332628905773163,0.3332628905773163,25.649183999917113,40.48437999995258,real_npy,0,1
347,/mnt/c/Users/Chirayu/Documents/GitHub/2D-to-3D-image-reconstruction/facescape_224/fsmview_trainset_4_12_lip_puckerer_15.jpg,0.23123349249362946,0.22326236963272095,-0.007971122860908508,6.1456630527973175,0.5769470930099487,0.43098679184913635,0.43098679184913635,19.93590500001119,20.380187999990085,real_npy,0,0
348,/mnt/c/Users/Chirayu/Documents/GitHub/2D-to-3D-image-reconstruction/facescape_224/fsmview_trainset_15_14_sadness_66.jpg,0.38600268959999084,0.4655756652355194,0.07957297563552856,9.737968377768993,0.8216277956962585,0.4715571999549866,0.4715571999549866,23.440261000018836,19.754055000021253,real_npy,0,1
349,/mnt/c/Users/Chirayu/Documents/GitHub/2D-to-3D-image-reconstruction/facescape_224/fsmview_trainset_8_9_mouth_right_49.jpg,0.1706269234418869,0.15328581631183624,-0.01734110713005066,6.845820844173431,0.6164048314094543,0.4868529438972473,0.4868529438972473,23.968802000013056,20.74836199994934,real_npy,0,1
350,/mnt/c/Users/Chirayu/Documents/GitHub/2D-to-3D-image-reconstruction/facescape_224/fsmview_trainset_6_2_smile_24.jpg,0.048265490680933,0.04654045030474663,-0.0017250403761863708,8.360375065356493,0.7176807522773743,0.3994881212711334,0.3994881212711334,25.812198000039643,23.65454799996769,real_npy,0,1
351,/mnt/c/Users/Chirayu/Documents/GitHub/2D-to-3D-image-reconstruction/facescape_224/fsmview_trainset_8_8_mouth_left_18.jpg,0.11822504550218582,0.12671883404254913,0.008493788540363312,7.842937134206295,0.750295877456665,0.44735774397850037,0.44735774397850037,21.315630999993118,20.883664000052704,real_npy,0,1
352,/mnt/c/Users/Chirayu/Documents/GitHub/2D-to-3D-image-reconstruction/facescape_224/fsmview_trainset_11_16_grin_22.jpg,0.04294270649552345,0.04396270960569382,0.0010200031101703644,7.976554855704308,0.6571571826934814,0.4783419966697693,0.4783419966697693,20.75332599997637,20.24931400001151,real_npy,0,1
353,/mnt/c/Users/Chirayu/Documents/GitHub/2D-to-3D-image-reconstruction/facescape_224/fsmview_trainset_14_10_dimpler_38.jpg,0.0669693872332573,0.05315844342112541,-0.013810943812131882,7.751753203570843,0.6362756490707397,0.33879420161247253,0.33879420161247253,24.23033200000191,21.193616999994447,real_npy,0,1
354,/mnt/c/Users/Chirayu/Documents/GitHub/2D-to-3D-image-reconstruction/facescape_224/fsmview_trainset_1_11_chin_raiser_13.jpg,0.08649127930402756,0.09081122279167175,0.0043199434876441956,7.368436768651009,0.6492575407028198,0.498416930437088,0.498416930437088,21.820234999950117,21.458517000041866,real_npy,0,1
355,/mnt/c/Users/Chirayu/Documents/GitHub/2D-to-3D-image-reconstruction/facescape_224/fsmview_trainset_7_4_anger_40.jpg,0.15086618065834045,0.15930716693401337,0.008440986275672913,6.677559044212103,0.6006338000297546,0.27548661828041077,0.27548661828041077,20.741487999998753,22.073503999990862,real_npy,0,1
356,/mnt/c/Users/Chirayu/Documents/GitHub/2D-to-3D-image-reconstruction/facescape_224/fsmview_trainset_13_12_lip_puckerer_43.jpg,0.07554986327886581,2.195741653442383,2.120191790163517,28.321208393201232,3.467925548553467,0.41578465700149536,0.41578465700149536,24.65315099993859,27.709156000014445,real_npy,1,1
357,/mnt/c/Users/Chirayu/Documents/GitHub/2D-to-3D-image-reconstruction/facescape_224/fsmview_trainset_17_15_lip_roll_10.jpg,0.04881826043128967,0.05263632908463478,0.003818068653345108,8.369113132357597,0.728826642036438,0.3012450039386749,0.3012450039386749,27.247181999996428,33.56358099995305,real_npy,0,1
358,/mnt/c/Users/Chirayu/Documents/GitHub/2D-to-3D-image-reconstruction/facescape_224/fsmview_trainset_1_19_brow_raiser_11.jpg,0.09502021223306656,0.08218251913785934,-0.012837693095207214,8.354307785630226,0.7551285624504089,0.3817848563194275,0.3817848563194275,24.338650000004236,22.07712300003095,real_npy,0,1
359,/mnt/c/Users/Chirayu/Documents/GitHub/2D-to-3D-image-reconstruction/facescape_224/fsmview_trainset_11_9_mouth_right_44.jpg,0.12745310366153717,0.12335583567619324,-0.004097267985343933,8.33921130001545,0.7878751754760742,0.5733210444450378,0.5733210444450378,20.030071999940446,22.070960999940326,real_npy,0,1
360,/mnt/c/Users/Chirayu/Documents/GitHub/2D-to-3D-image-reconstruction/facescape_224/fsmview_trainset_1_6_jaw_right_54.jpg,0.07558159530162811,0.08126635104417801,0.005684755742549896,7.978512987494469,0.7683117985725403,0.32279807329177856,0.32279807329177856,24.89543199999389,23.80182500007777,real_npy,0,1
361,/mnt/c/Users/Chirayu/Documents/GitHub/2D-to-3D-image-reconstruction/facescape_224/fsmview_trainset_10_19_brow_raiser_46.jpg,0.11339239031076431,0.11812734603881836,0.004734955728054047,9.534494677558541,0.7825186252593994,0.3834877014160156,0.3834877014160156,20.911136999984592,19.731110999941848,real_npy,0,1
362,/mnt/c/Users/Chirayu/Documents/GitHub/2D-to-3D-image-reconstruction/facescape_224/fsmview_trainset_17_2_smile_48.jpg,0.28338709473609924,0.2732432186603546,-0.010143876075744629,7.422601412981749,0.6103307604789734,0.41824087500572205,0.41824087500572205,21.688530000005812,19.558489000019108,real_npy,0,1
363,/mnt/c/Users/Chirayu/Documents/GitHub/2D-to-3D-image-reconstruction/facescape_224/fsmview_trainset_20_16_grin_33.jpg,0.030768338590860367,3.5659420490264893,3.535173710435629,41.52376775443554,4.6686272621154785,0.4676646590232849,0.4676646590232849,19.970159999957104,70.40707199996632,real_npy,1,1
364,/mnt/c/Users/Chirayu/Documents/GitHub/2D-to-3D-image-reconstruction/facescape_224/fsmview_trainset_20_3_mouth_stretch_7.jpg,1.0832632780075073,1.0324294567108154,-0.050833821296691895,6.2751986756920815,0.6121194958686829,0.46431803703308105,0.46431803703308105,24.040723999974034,21.706612999992103,real_npy,0,0
365,/mnt/c/Users/Chirayu/Documents/GitHub/2D-to-3D-image-reconstruction/facescape_224/fsmview_trainset_11_15_lip_roll_56.jpg,0.05179078131914139,0.052199460566043854,0.0004086792469024658,9.320054475218058,0.8011996746063232,0.4518694579601288,0.4518694579601288,20.714105000024574,21.6394260000925,real_npy,0,1
366,/mnt/c/Users/Chirayu/Documents/GitHub/2D-to-3D-image-reconstruction/facescape_224/fsmview_trainset_4_15_lip_roll_33.jpg,0.029354069381952286,119.33766174316406,119.30830767378211,203.84470665454865,147.4412078857422,0.28584328293800354,0.28584328293800354,20.75288800006092,19.27897899997788,real_npy,1,1
367,/mnt/c/Users/Chirayu/Documents/GitHub/2D-to-3D-image-reconstruction/facescape_224/fsmview_trainset_20_5_jaw_left_8.jpg,0.1385154128074646,0.12782759964466095,-0.01068781316280365,8.453048676252365,0.7845594882965088,0.5357789397239685,0.5357789397239685,21.93908999993255,19.70705199994427,real_npy,0,1
368,/mnt/c/Users/Chirayu/Documents/GitHub/2D-to-3D-image-reconstruction/facescape_224/fsmview_trainset_10_2_smile_16.jpg,0.03773210197687149,0.04044059291481972,0.002708490937948227,7.738945163786411,0.6604195833206177,0.2809250056743622,0.2809250056743622,22.781377999990582,19.700312999930247,real_npy,0,1
369,/mnt/c/Users/Chirayu/Documents/GitHub/2D-to-3D-image-reconstruction/facescape_224/fsmview_trainset_6_7_jaw_forward_22.jpg,0.3425358533859253,0.36928972601890564,0.026753872632980347,6.619860358536243,0.5850773453712463,0.541290819644928,0.541290819644928,40.82433299993227,35.794777999967664,real_npy,0,1
370,/mnt/c/Users/Chirayu/Documents/GitHub/2D-to-3D-image-reconstruction/facescape_224/fsmview_trainset_5_18_eye_closed_38.jpg,0.047253310680389404,0.04809795320034027,0.0008446425199508667,7.594062652438879,0.6747181415557861,0.38077786564826965,0.38077786564826965,22.319735999985824,20.103590999951848,real_npy,0,1
371,/mnt/c/Users/Chirayu/Documents/GitHub/2D-to-3D-image-reconstruction/facescape_224/fsmview_trainset_8_1_neutral_42.jpg,0.06215165555477142,0.06448289006948471,0.0023312345147132874,8.143694676458836,0.7360038757324219,0.3662024140357971,0.3662024140357971,20.21802399997341,40.19175300004463,real_npy,0,1
372,/mnt/c/Users/Chirayu/Documents/GitHub/2D-to-3D-image-reconstruction/facescape_224/fsmview_trainset_6_20_brow_lower_16.jpg,0.15167076885700226,0.16339610517024994,0.01172533631324768,8.033072419464588,0.7234385013580322,0.24736744165420532,0.24736744165420532,22.648299000024963,20.542575000035868,real_npy,0,1
373,/mnt/c/Users/Chirayu/Documents/GitHub/2D-to-3D-image-reconstruction/facescape_224/fsmview_trainset_6_10_dimpler_16.jpg,0.02982085570693016,22.9097957611084,22.87997490540147,99.36202953755856,24.059247970581055,0.28283917903900146,0.28283917903900146,21.341674000041166,20.94392800006517,real_npy,1,1
374,/mnt/c/Users/Chirayu/Documents/GitHub/2D-to-3D-image-reconstruction/facescape_224/fsmview_trainset_11_9_mouth_right_48.jpg,0.7548591494560242,0.8384303450584412,0.08357119560241699,7.60700336098671,0.7207997441291809,0.5383922457695007,0.5383922457695007,20.224650000045585,18.794995000007475,real_npy,0,1
375,/mnt/c/Users/Chirayu/Documents/GitHub/2D-to-3D-image-reconstruction/facescape_224/fsmview_trainset_1_9_mouth_right_15.jpg,0.18296928703784943,0.18374638259410858,0.0007770955562591553,7.595070354640484,0.6417238116264343,0.4921194911003113,0.4921194911003113,24.16257400000177,22.689368999976978,real_npy,0,1
376,/mnt/c/Users/Chirayu/Documents/GitHub/2D-to-3D-image-reconstruction/facescape_224/fsmview_trainset_5_8_mouth_left_35.jpg,0.05140546336770058,0.04921374469995499,-0.00219171866774559,8.32732292637229,0.7020479440689087,0.39867767691612244,0.39867767691612244,22.671874999900865,22.75824499997725,real_npy,0,1
377,/mnt/c/Users/Chirayu/Documents/GitHub/2D-to-3D-image-reconstruction/facescape_224/fsmview_trainset_9_15_lip_roll_40.jpg,0.17424426972866058,0.1852966845035553,0.011052414774894714,7.5758169293403625,0.6491129398345947,0.46144700050354004,0.46144700050354004,20.835486999999375,20.77492599994457,real_npy,0,1
378,/mnt/c/Users/Chirayu/Documents/GitHub/2D-to-3D-image-reconstruction/facescape_224/fsmview_trainset_15_2_smile_20.jpg,0.10533160716295242,0.12517797946929932,0.019846372306346893,7.363208465278149,0.634835958480835,0.42274951934814453,0.42274951934814453,22.463794999907805,19.19638100002885,real_npy,0,1
379,/mnt/c/Users/Chirayu/Documents/GitHub/2D-to-3D-image-reconstruction/facescape_224/fsmview_trainset_2_20_brow_lower_8.jpg,0.051550135016441345,4.194777488708496,4.143227353692055,45.02989773452282,5.285277366638184,0.4464970827102661,0.4464970827102661,21.442723999939517,32.611814000006234,real_npy,1,1
380,/mnt/c/Users/Chirayu/Documents/GitHub/2D-to-3D-image-reconstruction/facescape_224/fsmview_trainset_7_17_cheek_blowing_39.jpg,0.2200608253479004,0.1964688003063202,-0.0235920250415802,7.144744988530874,0.6286061406135559,0.5047426819801331,0.5047426819801331,21.442458999899827,21.258390000070904,real_npy,0,1
381,/mnt/c/Users/Chirayu/Documents/GitHub/2D-to-3D-image-reconstruction/facescape_224/fsmview_trainset_17_14_sadness_42.jpg,0.11371663212776184,0.13278378546237946,0.019067153334617615,7.3949767760932446,0.6685726642608643,0.43646955490112305,0.43646955490112305,24.678765000089697,23.13250200006678,real_npy,0,1
382,/mnt/c/Users/Chirayu/Documents/GitHub/2D-to-3D-image-reconstruction/facescape_224/fsmview_trainset_1_4_anger_20.jpg,0.041239649057388306,0.4383469223976135,0.3971072733402252,14.33935915865004,1.2511323690414429,0.35333871841430664,0.35333871841430664,24.625377000006665,27.842770000006567,real_npy,0,1
383,/mnt/c/Users/Chirayu/Documents/GitHub/2D-to-3D-image-reconstruction/facescape_224/fsmview_trainset_10_10_dimpler_7.jpg,0.04050784185528755,0.047579504549503326,0.0070716626942157745,7.4700638093054295,0.6489375233650208,0.22376170754432678,0.22376170754432678,108.05400699996426,65.48950900003092,real_npy,0,1
384,/mnt/c/Users/Chirayu/Documents/GitHub/2D-to-3D-image-reconstruction/facescape_224/fsmview_trainset_2_9_mouth_right_54.jpg,0.0839603990316391,0.08524386584758759,0.0012834668159484863,8.830164648592472,0.7781948447227478,0.4743451774120331,0.4743451774120331,23.28535699996337,33.593560999975125,real_npy,0,1
385,/mnt/c/Users/Chirayu/Documents/GitHub/2D-to-3D-image-reconstruction/facescape_224/fsmview_trainset_18_5_jaw_left_41.jpg,0.10298281908035278,0.10789510607719421,0.004912286996841431,7.804346367716789,0.7010220289230347,0.49274033308029175,0.49274033308029175,21.811579999962305,19.8657150000372,real_npy,0,1
386,/mnt/c/Users/Chirayu/Documents/GitHub/2D-to-3D-image-reconstruction/facescape_224/fsmview_trainset_14_16_grin_35.jpg,0.04788107052445412,0.05091683939099312,0.0030357688665390015,8.698761014733464,0.7290253043174744,0.5433282852172852,0.5433282852172852,53.04683899998963,21.92829000000529,real_npy,0,1
387,/mnt/c/Users/Chirayu/Documents/GitHub/2D-to-3D-image-reconstruction/facescape_224/fsmview_trainset_17_15_lip_roll_35.jpg,0.05233549326658249,0.053717900067567825,0.0013824068009853363,8.133339805528522,0.6969168782234192,0.39107444882392883,0.39107444882392883,23.513814000011735,20.713913000008688,real_npy,0,1
388,/mnt/c/Users/Chirayu/Documents/GitHub/2D-to-3D-image-reconstruction/facescape_224/fsmview_trainset_7_1_neutral_3.jpg,0.056664519011974335,0.26121774315834045,0.20455322414636612,12.12440150603652,1.1956778764724731,0.38797545433044434,0.38797545433044434,20.69786499998827,20.790924000039013,real_npy,0,1
389,/mnt/c/Users/Chirayu/Documents/GitHub/2D-to-3D-image-reconstruction/facescape_224/fsmview_trainset_5_3_mouth_stretch_29.jpg,0.04362817853689194,0.045391060411930084,0.001762881875038147,7.9482021778821945,0.7136189341545105,0.331966370344162,0.331966370344162,19.93788400000085,19.46570600000541,real_npy,0,1
390,/mnt/c/Users/Chirayu/Documents/GitHub/2D-to-3D-image-reconstruction/facescape_224/fsmview_trainset_10_19_brow_raiser_51.jpg,0.06265265494585037,0.08104132115840912,0.018388666212558746,7.225588925182819,0.644167423248291,0.37581896781921387,0.37581896781921387,31.43451500000083,61.486876999993,real_npy,0,1
391,/mnt/c/Users/Chirayu/Documents/GitHub/2D-to-3D-image-reconstruction/facescape_224/fsmview_trainset_6_16_grin_23.jpg,0.04190801829099655,0.6883066892623901,0.6463986709713936,17.486992694903165,1.60943603515625,0.29240792989730835,0.29240792989730835,23.744211999996878,23.80179500005397,real_npy,0,1
392,/mnt/c/Users/Chirayu/Documents/GitHub/2D-to-3D-image-reconstruction/facescape_224/fsmview_trainset_8_13_lip_funneler_50.jpg,0.04689488559961319,0.04782748222351074,0.0009325966238975525,7.785706330090761,0.6962935328483582,0.32296326756477356,0.32296326756477356,21.124024999949143,19.771335999962503,real_npy,0,1
393,/mnt/c/Users/Chirayu/Documents/GitHub/2D-to-3D-image-reconstruction/facescape_224/fsmview_trainset_5_13_lip_funneler_45.jpg,0.15469273924827576,0.1253754198551178,-0.02931731939315796,8.064743980765343,0.6776546835899353,0.49051955342292786,0.49051955342292786,23.480789000018376,56.92972299993926,real_npy,0,1
394,/mnt/c/Users/Chirayu/Documents/GitHub/2D-to-3D-image-reconstruction/facescape_224/fsmview_trainset_13_16_grin_9.jpg,0.1059795394539833,0.09592777490615845,-0.01005176454782486,7.992961283773184,0.6777734160423279,0.4167385697364807,0.4167385697364807,20.04157999999734,21.26299500002915,real_npy,0,1
395,/mnt/c/Users/Chirayu/Documents/GitHub/2D-to-3D-image-reconstruction/facescape_224/fsmview_trainset_11_6_jaw_right_65.jpg,0.050596222281455994,143.7117156982422,143.66111947596073,219.04458636045456,191.47216796875,0.4843273460865021,0.4843273460865021,23.242806999974164,20.332689000042592,real_npy,1,1
396,/mnt/c/Users/Chirayu/Documents/GitHub/2D-to-3D-image-reconstruction/facescape_224/fsmview_trainset_3_7_jaw_forward_32.jpg,0.047316767275333405,0.050459958612918854,0.0031431913375854492,8.074177578091621,0.6672154664993286,0.35414090752601624,0.35414090752601624,22.430399000086254,20.619109999984175,real_npy,0,1
397,/mnt/c/Users/Chirayu/Documents/GitHub/2D-to-3D-image-reconstruction/facescape_224/fsmview_trainset_2_3_mouth_stretch_9.jpg,0.07393237948417664,0.08040342479944229,0.0064710453152656555,8.715772200375795,0.7819047570228577,0.41245704889297485,0.41245704889297485,23.90991100003248,19.273281000096176,real_npy,0,1
398,/mnt/c/Users/Chirayu/Documents/GitHub/2D-to-3D-image-reconstruction/facescape_224/fsmview_trainset_17_13_lip_funneler_29.jpg,0.06675110757350922,0.06976566463708878,0.0030145570635795593,8.223951533436775,0.7151099443435669,0.2316301316022873,0.2316301316022873,21.074902000009388,21.72931100005826,real_npy,0,1
399,/mnt/c/Users/Chirayu/Documents/GitHub/2D-to-3D-image-reconstruction/facescape_224/fsmview_trainset_11_18_eye_closed_21.jpg,0.27426600456237793,0.34435710310935974,0.07009109854698181,8.125617522746325,0.6872708797454834,0.44286367297172546,0.44286367297172546,21.06182299996817,65.31270099992526,real_npy,0,1
400,/mnt/c/Users/Chirayu/Documents/GitHub/2D-to-3D-image-reconstruction/facescape_224/fsmview_trainset_13_3_mouth_stretch_40.jpg,0.03397608548402786,0.03453022614121437,0.0005541406571865082,7.201457068324089,0.6600613594055176,0.2729777693748474,0.2729777693748474,20.71744900001704,19.55792500007192,real_npy,0,1
401,/mnt/c/Users/Chirayu/Documents/GitHub/2D-to-3D-image-reconstruction/facescape_224/fsmview_trainset_19_11_chin_raiser_48.jpg,0.05617361143231392,0.05630827322602272,0.00013466179370880127,7.868077207356691,0.6676358580589294,0.3327157199382782,0.3327157199382782,21.682908999991923,22.125498999912452,real_npy,0,1
402,/mnt/c/Users/Chirayu/Documents/GitHub/2D-to-3D-image-reconstruction/facescape_224/fsmview_trainset_17_12_lip_puckerer_57.jpg,0.13419874012470245,0.13842687010765076,0.004228129982948303,8.739622987806797,0.7213790416717529,0.36601266264915466,0.36601266264915466,20.949806999965404,21.525662000044576,real_npy,0,1
403,/mnt/c/Users/Chirayu/Documents/GitHub/2D-to-3D-image-reconstruction/facescape_224/fsmview_trainset_9_13_lip_funneler_2.jpg,0.09326643496751785,0.10367926955223083,0.010412834584712982,8.68423030525446,0.7256680727005005,0.39435040950775146,0.39435040950775146,22.00081199998749,21.35738099991613,real_npy,0,1
404,/mnt/c/Users/Chirayu/Documents/GitHub/2D-to-3D-image-reconstruction/facescape_224/fsmview_trainset_13_17_cheek_blowing_2.jpg,0.07870068401098251,0.08095749467611313,0.0022568106651306152,7.828697059303522,0.6361410617828369,0.4751998782157898,0.4751998782157898,22.33249200003229,22.490650999998252,real_npy,0,1
405,/mnt/c/Users/Chirayu/Documents/GitHub/2D-to-3D-image-reconstruction/facescape_224/fsmview_trainset_2_6_jaw_right_15.jpg,0.045366622507572174,0.047419533133506775,0.002052910625934601,8.66343173198402,0.7120699882507324,0.4291512668132782,0.4291512668132782,29.337085999941337,83.10072100005073,real_npy,0,1
406,/mnt/c/Users/Chirayu/Documents/GitHub/2D-to-3D-image-reconstruction/facescape_224/fsmview_trainset_6_11_chin_raiser_2.jpg,0.05255398899316788,0.05551512539386749,0.0029611364006996155,8.53549424186349,0.7261512875556946,0.38796454668045044,0.38796454668045044,21.340552999959073,22.52049799994893,real_npy,0,1
407,/mnt/c/Users/Chirayu/Documents/GitHub/2D-to-3D-image-reconstruction/facescape_224/fsmview_trainset_6_4_anger_1.jpg,0.060178548097610474,0.05760443955659866,-0.0025741085410118103,7.826326534152031,0.7172715663909912,0.36813560128211975,0.36813560128211975,20.38401499999054,68.13188499995704,real_npy,0,1
408,/mnt/c/Users/Chirayu/Documents/GitHub/2D-to-3D-image-reconstruction/facescape_224/fsmview_trainset_14_1_neutral_10.jpg,0.09977377206087112,0.1064407154917717,0.006666943430900574,8.436475217342377,0.705329179763794,0.6043975353240967,0.6043975353240967,28.211991000034686,21.007871999927374,real_npy,0,1
409,/mnt/c/Users/Chirayu/Documents/GitHub/2D-to-3D-image-reconstruction/facescape_224/fsmview_trainset_16_19_brow_raiser_27.jpg,1.040842890739441,0.987329363822937,-0.053513526916503906,7.960643783211708,0.6944311261177063,0.4407268166542053,0.4407268166542053,44.33811399997012,18.838485999935983,real_npy,0,1
410,/mnt/c/Users/Chirayu/Documents/GitHub/2D-to-3D-image-reconstruction/facescape_224/fsmview_trainset_17_4_anger_18.jpg,0.04299343004822731,0.045704081654548645,0.002710651606321335,8.864874698687345,0.7212990522384644,0.3727159798145294,0.3727159798145294,19.821361000026627,19.288363999976355,real_npy,0,1
411,/mnt/c/Users/Chirayu/Documents/GitHub/2D-to-3D-image-reconstruction/facescape_224/fsmview_trainset_10_20_brow_lower_26.jpg,0.18033237755298615,0.19578570127487183,0.015453323721885681,6.499633468687534,0.613990306854248,0.6248012185096741,0.6248012185096741,19.83671800007869,22.38193699997737,real_npy,0,0
412,/mnt/c/Users/Chirayu/Documents/GitHub/2D-to-3D-image-reconstruction/facescape_224/fsmview_trainset_12_17_cheek_blowing_15.jpg,0.0440603569149971,0.04301396384835243,-0.0010463930666446686,8.985902339220047,0.7815147638320923,0.3956418037414551,0.3956418037414551,19.761096999900474,21.56083399995623,real_npy,0,1
413,/mnt/c/Users/Chirayu/Documents/GitHub/2D-to-3D-image-reconstruction/facescape_224/fsmview_trainset_10_13_lip_funneler_16.jpg,0.0564877986907959,0.059217311441898346,0.0027295127511024475,7.564695432782173,0.6705442667007446,0.2840769290924072,0.2840769290924072,20.04300199996578,20.81746299995757,real_npy,0,1
414,/mnt/c/Users/Chirayu/Documents/GitHub/2D-to-3D-image-reconstruction/facescape_224/fsmview_trainset_3_2_smile_16.jpg,0.06743118166923523,0.06736232340335846,-6.885826587677002e-05,8.42221937328577,0.7194269299507141,0.33039653301239014,0.33039653301239014,20.248127000058957,22.182242000098995,real_npy,0,1
415,/mnt/c/Users/Chirayu/Documents/GitHub/2D-to-3D-image-reconstruction/facescape_224/fsmview_trainset_4_14_sadness_50.jpg,0.04331453517079353,0.16644978523254395,0.12313525006175041,9.416924200952053,0.8698527216911316,0.3232268989086151,0.3232268989086151,42.340496000065286,59.20779499990658,real_npy,0,1
416,/mnt/c/Users/Chirayu/Documents/GitHub/2D-to-3D-image-reconstruction/facescape_224/fsmview_trainset_14_13_lip_funneler_46.jpg,0.18019889295101166,0.18486818671226501,0.004669293761253357,8.011093720793724,0.6284207105636597,0.6414470076560974,0.6414470076560974,56.09277700000348,18.9626970000063,real_npy,0,1
417,/mnt/c/Users/Chirayu/Documents/GitHub/2D-to-3D-image-reconstruction/facescape_224/fsmview_trainset_4_16_grin_54.jpg,0.03846634179353714,0.039457693696022034,0.0009913519024848938,8.155488073825836,0.6855902075767517,0.19953884184360504,0.19953884184360504,21.3128540000298,19.02184599998691,real_npy,0,1
418,/mnt/c/Users/Chirayu/Documents/GitHub/2D-to-3D-image-reconstruction/facescape_224/fsmview_trainset_18_2_smile_8.jpg,0.044978730380535126,4.072833061218262,4.027854330837727,44.2983785122633,5.18642520904541,0.30695798993110657,0.30695798993110657,22.521608999909404,30.11399199999687,real_npy,1,1
419,/mnt/c/Users/Chirayu/Documents/GitHub/2D-to-3D-image-reconstruction/facescape_224/fsmview_trainset_11_12_lip_puckerer_52.jpg,0.45650714635849,0.34433162212371826,-0.11217552423477173,7.3639358170330524,0.6735610365867615,0.5204474925994873,0.5204474925994873,29.099651000024096,37.96145199999046,real_npy,0,1
420,/mnt/c/Users/Chirayu/Documents/GitHub/2D-to-3D-image-reconstruction/facescape_224/fsmview_trainset_14_12_lip_puckerer_67.jpg,0.038886163383722305,0.03846605867147446,-0.0004201047122478485,8.409099765587598,0.6923667192459106,0.46781712770462036,0.46781712770462036,33.964220000029854,18.75019900001007,real_npy,0,1
421,/mnt/c/Users/Chirayu/Documents/GitHub/2D-to-3D-image-reconstruction/facescape_224/fsmview_trainset_14_17_cheek_blowing_66.jpg,0.8644909858703613,0.8713127970695496,0.006821811199188232,7.5848498567938805,0.6726590991020203,0.466621071100235,0.466621071100235,20.188940000025468,20.158336000008603,real_npy,0,1
422,/mnt/c/Users/Chirayu/Documents/GitHub/2D-to-3D-image-reconstruction/facescape_224/fsmview_trainset_1_12_lip_puckerer_55.jpg,0.0953649953007698,0.7866016030311584,0.6912366077303886,20.714758899062872,1.986799716949463,0.29128560423851013,0.29128560423851013,21.678518999920016,25.099860000068475,real_npy,0,1
423,/mnt/c/Users/Chirayu/Documents/GitHub/2D-to-3D-image-reconstruction/facescape_224/fsmview_trainset_12_9_mouth_right_54.jpg,0.053710438311100006,0.049312226474285126,-0.00439821183681488,8.981614848598838,0.7526400089263916,0.484336793422699,0.484336793422699,21.169847999999547,20.16535699999622,real_npy,0,1
424,/mnt/c/Users/Chirayu/Documents/GitHub/2D-to-3D-image-reconstruction/facescape_224/fsmview_trainset_19_2_smile_37.jpg,0.12445929646492004,0.1501941978931427,0.025734901428222656,9.013685129582882,0.7646318078041077,0.40821054577827454,0.40821054577827454,21.57608799996069,22.798330000000533,real_npy,0,1
425,/mnt/c/Users/Chirayu/Documents/GitHub/2D-to-3D-image-reconstruction/facescape_224/fsmview_trainset_10_6_jaw_right_52.jpg,0.12375085800886154,0.11829433590173721,-0.005456522107124329,6.793609287589788,0.6483878493309021,0.4109300971031189,0.4109300971031189,23.180163999995784,22.589181999933317,real_npy,0,1
426,/mnt/c/Users/Chirayu/Documents/GitHub/2D-to-3D-image-reconstruction/facescape_224/fsmview_trainset_16_4_anger_50.jpg,0.04707583412528038,0.04741382598876953,0.000337991863489151,8.094103954732418,0.6800205707550049,0.4240606427192688,0.4240606427192688,21.489004000045497,19.558055999937096,real_npy,0,1
427,/mnt/c/Users/Chirayu/Documents/GitHub/2D-to-3D-image-reconstruction/facescape_224/fsmview_trainset_20_17_cheek_blowing_3.jpg,0.5460375547409058,0.447926789522171,-0.09811076521873474,7.131411649286747,0.7108476161956787,0.5751022100448608,0.5751022100448608,21.376836999934312,20.124250999970172,template_fallback,0,1
428,/mnt/c/Users/Chirayu/Documents/GitHub/2D-to-3D-image-reconstruction/facescape_224/fsmview_trainset_12_18_eye_closed_42.jpg,0.0399978943169117,0.039643507450819016,-0.0003543868660926819,8.265879139304161,0.6973204612731934,0.3253357708454132,0.3253357708454132,21.702344000004814,21.691584999985025,real_npy,0,1
429,/mnt/c/Users/Chirayu/Documents/GitHub/2D-to-3D-image-reconstruction/facescape_224/fsmview_trainset_20_3_mouth_stretch_41.jpg,0.04085967689752579,0.04346798360347748,0.0026083067059516907,7.555334825068712,0.7064779996871948,0.3967735767364502,0.3967735767364502,20.750985999939076,19.588255000030586,real_npy,0,1
430,/mnt/c/Users/Chirayu/Documents/GitHub/2D-to-3D-image-reconstruction/facescape_224/fsmview_trainset_17_11_chin_raiser_46.jpg,0.6765573024749756,0.6744844913482666,-0.0020728111267089844,7.653194036334753,0.6379437446594238,0.45976340770721436,0.45976340770721436,23.605098999951224,39.836301000036656,real_npy,0,1
431,/mnt/c/Users/Chirayu/Documents/GitHub/2D-to-3D-image-reconstruction/facescape_224/fsmview_trainset_20_16_grin_58.jpg,0.049607839435338974,0.050184886902570724,0.0005770474672317505,9.038203470408916,0.8077539801597595,0.39453205466270447,0.39453205466270447,22.949410000023818,20.623274999934438,real_npy,0,1
432,/mnt/c/Users/Chirayu/Documents/GitHub/2D-to-3D-image-reconstruction/facescape_224/fsmview_trainset_5_15_lip_roll_11.jpg,0.5485806465148926,0.2706740200519562,-0.2779066264629364,6.612064901739359,0.6965045928955078,0.5640919208526611,0.5640919208526611,19.770664000020588,19.839909999973315,real_npy,0,1
433,/mnt/c/Users/Chirayu/Documents/GitHub/2D-to-3D-image-reconstruction/facescape_224/fsmview_trainset_20_9_mouth_right_30.jpg,0.06329931318759918,0.0845644623041153,0.021265149116516113,7.469006028026342,0.6711690425872803,0.3150187134742737,0.3150187134742737,22.665038000013737,22.24885299995094,real_npy,0,1
434,/mnt/c/Users/Chirayu/Documents/GitHub/2D-to-3D-image-reconstruction/facescape_224/fsmview_trainset_11_20_brow_lower_34.jpg,0.033607278019189835,4.225232124328613,4.1916248463094234,45.2593657001853,5.233016014099121,0.5707105398178101,0.5707105398178101,20.144797000057224,29.54306300000553,real_npy,1,1
435,/mnt/c/Users/Chirayu/Documents/GitHub/2D-to-3D-image-reconstruction/facescape_224/fsmview_trainset_2_1_neutral_6.jpg,0.08994931727647781,0.10484374314546585,0.014894425868988037,8.783023100346327,0.7496874332427979,0.3931867480278015,0.3931867480278015,20.189128999959394,21.673469999996087,real_npy,0,1
436,/mnt/c/Users/Chirayu/Documents/GitHub/2D-to-3D-image-reconstruction/facescape_224/fsmview_trainset_10_5_jaw_left_6.jpg,0.04903077334165573,0.05126094073057175,0.0022301673889160156,7.821107774972916,0.6822007894515991,0.25825661420822144,0.25825661420822144,73.10250700004417,22.279037999965112,real_npy,0,1
437,/mnt/c/Users/Chirayu/Documents/GitHub/2D-to-3D-image-reconstruction/facescape_224/fsmview_trainset_1_2_smile_18.jpg,0.039244361221790314,0.0388970710337162,-0.00034729018807411194,8.412086695898324,0.6921767592430115,0.36477816104888916,0.36477816104888916,23.342135000007147,22.663593000061155,real_npy,0,1
438,/mnt/c/Users/Chirayu/Documents/GitHub/2D-to-3D-image-reconstruction/facescape_224/fsmview_trainset_3_3_mouth_stretch_46.jpg,0.11936041712760925,0.11025601625442505,-0.009104400873184204,8.252605371177197,0.7132407426834106,0.5117491483688354,0.5117491483688354,24.244683999995686,23.19006499999432,real_npy,0,1
439,/mnt/c/Users/Chirayu/Documents/GitHub/2D-to-3D-image-reconstruction/facescape_224/fsmview_trainset_16_3_mouth_stretch_24.jpg,0.04041234031319618,0.040998104959726334,0.0005857646465301514,7.739085340872407,0.6730998158454895,0.3543473184108734,0.3543473184108734,21.886795000000347,19.264468999949713,real_npy,0,1
440,/mnt/c/Users/Chirayu/Documents/GitHub/2D-to-3D-image-reconstruction/facescape_224/fsmview_trainset_12_5_jaw_left_18.jpg,0.05458257347345352,0.05084843561053276,-0.003734137862920761,8.949675450101495,0.7294371128082275,0.5446250438690186,0.5446250438690186,22.94500200002858,21.065685999928974,real_npy,0,1
441,/mnt/c/Users/Chirayu/Documents/GitHub/2D-to-3D-image-reconstruction/facescape_224/fsmview_trainset_3_15_lip_roll_13.jpg,0.059054676443338394,0.05743936821818352,-0.0016153082251548767,8.391383407637477,0.7176721096038818,0.42553797364234924,0.42553797364234924,20.138156000029994,20.117781999942963,real_npy,0,1
442,/mnt/c/Users/Chirayu/Documents/GitHub/2D-to-3D-image-reconstruction/facescape_224/fsmview_trainset_9_1_neutral_1.jpg,0.07495886832475662,0.07444999366998672,-0.0005088746547698975,8.551219299435616,0.6863879561424255,0.40183931589126587,0.40183931589126587,45.442190000017035,22.788294999941172,real_npy,0,1
443,/mnt/c/Users/Chirayu/Documents/GitHub/2D-to-3D-image-reconstruction/facescape_224/fsmview_trainset_5_2_smile_15.jpg,0.035040419548749924,0.0379401296377182,0.002899710088968277,8.229377672076225,0.696330189704895,0.38428184390068054,0.38428184390068054,20.995146000018394,20.899608000036096,real_npy,0,1
444,/mnt/c/Users/Chirayu/Documents/GitHub/2D-to-3D-image-reconstruction/facescape_224/fsmview_trainset_3_2_smile_38.jpg,0.05441686138510704,0.05921506881713867,0.0047982074320316315,7.982924100011587,0.7295231819152832,0.41943129897117615,0.41943129897117615,21.913816000051156,21.109013000000232,real_npy,0,1
445,/mnt/c/Users/Chirayu/Documents/GitHub/2D-to-3D-image-reconstruction/facescape_224/fsmview_trainset_18_14_sadness_30.jpg,0.168918639421463,0.3655098080635071,0.19659116864204407,14.714553652796894,1.3249861001968384,0.35737594962120056,0.35737594962120056,69.9198060000299,20.753937999984373,real_npy,0,1
446,/mnt/c/Users/Chirayu/Documents/GitHub/2D-to-3D-image-reconstruction/facescape_224/fsmview_trainset_14_6_jaw_right_24.jpg,0.03454140946269035,0.0341365672647953,-0.00040484219789505005,7.115052854642272,0.6096296906471252,0.44072696566581726,0.44072696566581726,21.58365499997217,33.45368700001927,real_npy,0,1
447,/mnt/c/Users/Chirayu/Documents/GitHub/2D-to-3D-image-reconstruction/facescape_224/fsmview_trainset_12_1_neutral_15.jpg,0.054601460695266724,0.0502174086868763,-0.004384052008390427,8.871742641553283,0.7251119613647461,0.5001314282417297,0.5001314282417297,20.620089000090047,20.42180000000826,real_npy,0,1
448,/mnt/c/Users/Chirayu/Documents/GitHub/2D-to-3D-image-reconstruction/facescape_224/fsmview_trainset_18_20_brow_lower_54.jpg,0.03641226887702942,0.03601232171058655,-0.0003999471664428711,8.57397695723921,0.710534393787384,0.3662188947200775,0.3662188947200775,24.016824999989694,38.00702800003819,real_npy,0,1
449,/mnt/c/Users/Chirayu/Documents/GitHub/2D-to-3D-image-reconstruction/facescape_224/fsmview_trainset_13_5_jaw_left_23.jpg,0.041818127036094666,0.038373444229364395,-0.0034446828067302704,8.675933178514242,0.6868284344673157,0.42399314045906067,0.42399314045906067,21.36029099995085,20.033275000059803,real_npy,0,1
450,/mnt/c/Users/Chirayu/Documents/GitHub/2D-to-3D-image-reconstruction/facescape_224/fsmview_trainset_5_3_mouth_stretch_47.jpg,0.07041757553815842,0.07438958436250687,0.00397200882434845,9.105819571763277,0.7434200644493103,0.460392028093338,0.460392028093338,20.631155999922157,19.839876999981243,real_npy,0,1
451,/mnt/c/Users/Chirayu/Documents/GitHub/2D-to-3D-image-reconstruction/facescape_224/fsmview_trainset_9_14_sadness_30.jpg,0.05249297618865967,0.0508892759680748,-0.0016037002205848694,8.132591450586915,0.6762595176696777,0.3368051052093506,0.3368051052093506,21.107383000071422,21.662286000037057,real_npy,0,1
452,/mnt/c/Users/Chirayu/Documents/GitHub/2D-to-3D-image-reconstruction/facescape_224/fsmview_trainset_6_7_jaw_forward_34.jpg,0.04338310658931732,1.0005087852478027,0.9571256786584854,18.955198604613543,1.8696167469024658,0.37545740604400635,0.37545740604400635,21.08763600006114,24.934204000032878,real_npy,0,1
453,/mnt/c/Users/Chirayu/Documents/GitHub/2D-to-3D-image-reconstruction/facescape_224/fsmview_trainset_20_15_lip_roll_20.jpg,0.25924941897392273,0.30371856689453125,0.04446914792060852,7.501598071306944,0.6343196034431458,0.34921538829803467,0.34921538829803467,22.799734000045646,19.641403000036917,real_npy,0,1
454,/mnt/c/Users/Chirayu/Documents/GitHub/2D-to-3D-image-reconstruction/facescape_224/fsmview_trainset_4_20_brow_lower_51.jpg,0.14986689388751984,0.13589850068092346,-0.013968393206596375,6.976748153567314,0.7073155641555786,0.36281028389930725,0.36281028389930725,22.69469600003049,21.52862799994182,real_npy,0,1
455,/mnt/c/Users/Chirayu/Documents/GitHub/2D-to-3D-image-reconstruction/facescape_224/fsmview_trainset_11_1_neutral_59.jpg,0.044437870383262634,0.05707728490233421,0.012639414519071579,8.31433517113328,0.6812896132469177,0.4157955050468445,0.4157955050468445,20.85235599997759,21.42293700001119,real_npy,0,1
456,/mnt/c/Users/Chirayu/Documents/GitHub/2D-to-3D-image-reconstruction/facescape_224/fsmview_trainset_17_1_neutral_32.jpg,0.047254372388124466,0.05117490887641907,0.0039205364882946014,8.316351475194097,0.7084859013557434,0.32235783338546753,0.32235783338546753,21.073686000022462,21.01142699996217,real_npy,0,1
457,/mnt/c/Users/Chirayu/Documents/GitHub/2D-to-3D-image-reconstruction/facescape_224/fsmview_trainset_14_13_lip_funneler_34.jpg,0.044134750962257385,0.053521305322647095,0.00938655436038971,7.837208531796932,0.7626829147338867,0.5101891756057739,0.5101891756057739,26.064937999990434,23.06440699999257,real_npy,0,1
458,/mnt/c/Users/Chirayu/Documents/GitHub/2D-to-3D-image-reconstruction/facescape_224/fsmview_trainset_15_9_mouth_right_40.jpg,0.05587993562221527,0.059333428740501404,0.003453493118286133,8.851662565022707,0.7440305352210999,0.6110203862190247,0.6110203862190247,20.321317000025374,18.949596999959795,real_npy,0,1
459,/mnt/c/Users/Chirayu/Documents/GitHub/2D-to-3D-image-reconstruction/facescape_224/fsmview_trainset_14_7_jaw_forward_25.jpg,0.03529801964759827,15.585115432739258,15.54981741309166,82.48289448022842,17.219255447387695,0.4829610586166382,0.4829610586166382,22.18794699990667,19.28785199993399,real_npy,1,1
460,/mnt/c/Users/Chirayu/Documents/GitHub/2D-to-3D-image-reconstruction/facescape_224/fsmview_trainset_2_3_mouth_stretch_22.jpg,0.8298965096473694,0.6445283889770508,-0.1853681206703186,7.385402591899037,0.6657931208610535,0.5800930857658386,0.5800930857658386,22.196750999910364,22.437061999994512,real_npy,0,1
461,/mnt/c/Users/Chirayu/Documents/GitHub/2D-to-3D-image-reconstruction/facescape_224/fsmview_trainset_6_11_chin_raiser_1.jpg,0.0746648907661438,0.08018357306718826,0.005518682301044464,8.381035067141056,0.7113971710205078,0.38675522804260254,0.38675522804260254,20.311555999910524,19.267095000031986,real_npy,0,1
462,/mnt/c/Users/Chirayu/Documents/GitHub/2D-to-3D-image-reconstruction/facescape_224/fsmview_trainset_5_15_lip_roll_4.jpg,0.05760842561721802,0.047968789935112,-0.009639635682106018,7.90821323543787,0.7136373519897461,0.29607126116752625,0.29607126116752625,21.854449999977987,20.438695000052576,real_npy,0,1
463,/mnt/c/Users/Chirayu/Documents/GitHub/2D-to-3D-image-reconstruction/facescape_224/fsmview_trainset_20_20_brow_lower_19.jpg,0.04171965271234512,0.04261887073516846,0.0008992180228233337,7.803481560200453,0.6508574485778809,0.4896034598350525,0.4896034598350525,21.08298299992839,22.351318999994874,real_npy,0,1
464,/mnt/c/Users/Chirayu/Documents/GitHub/2D-to-3D-image-reconstruction/facescape_224/fsmview_trainset_18_19_brow_raiser_56.jpg,0.06127015873789787,0.07785684615373611,0.01658668741583824,8.295229714363813,0.723774790763855,0.3188028633594513,0.3188028633594513,22.54999600006613,19.942671000080736,real_npy,0,1
465,/mnt/c/Users/Chirayu/Documents/GitHub/2D-to-3D-image-reconstruction/facescape_224/fsmview_trainset_9_17_cheek_blowing_5.jpg,0.04804958030581474,0.050461579114198685,0.0024119988083839417,7.713480640202761,0.6886136531829834,0.35522815585136414,0.35522815585136414,84.8160950000647,18.89161700000841,real_npy,0,1
466,/mnt/c/Users/Chirayu/Documents/GitHub/2D-to-3D-image-reconstruction/facescape_224/fsmview_trainset_3_17_cheek_blowing_13.jpg,0.06404276192188263,0.059202805161476135,-0.004839956760406494,8.6583038168028,0.7148380279541016,0.4319021701812744,0.4319021701812744,53.37910000002921,32.877809999945384,real_npy,0,1
467,/mnt/c/Users/Chirayu/Documents/GitHub/2D-to-3D-image-reconstruction/facescape_224/fsmview_trainset_7_17_cheek_blowing_31.jpg,0.11815991252660751,0.12014773488044739,0.0019878223538398743,7.694846093654633,0.6543336510658264,0.4911363422870636,0.4911363422870636,20.016620999967927,22.730879000050663,real_npy,0,1
468,/mnt/c/Users/Chirayu/Documents/GitHub/2D-to-3D-image-reconstruction/facescape_224/fsmview_trainset_20_13_lip_funneler_29.jpg,0.06791704148054123,0.0825883001089096,0.014671258628368378,7.921660393476486,0.6986153721809387,0.32081013917922974,0.32081013917922974,21.77797800004555,20.433117000038692,real_npy,0,1
469,/mnt/c/Users/Chirayu/Documents/GitHub/2D-to-3D-image-reconstruction/facescape_224/fsmview_trainset_15_6_jaw_right_22.jpg,0.03463997691869736,0.034932564944028854,0.0002925880253314972,7.068492095917463,0.5918751955032349,0.513390839099884,0.513390839099884,24.144653000007565,20.37279600006059,real_npy,0,1
470,/mnt/c/Users/Chirayu/Documents/GitHub/2D-to-3D-image-reconstruction/facescape_224/fsmview_trainset_4_14_sadness_48.jpg,0.09138694405555725,0.09549317508935928,0.0041062310338020325,7.827375195920467,0.7591684460639954,0.30598610639572144,0.30598610639572144,22.41784299997107,23.1139100000064,real_npy,0,1
471,/mnt/c/Users/Chirayu/Documents/GitHub/2D-to-3D-image-reconstruction/facescape_224/fsmview_trainset_19_16_grin_57.jpg,0.30342358350753784,0.3154081404209137,0.011984556913375854,7.250972718000412,0.6542728543281555,0.269451379776001,0.269451379776001,20.090734000064003,21.536130999948,real_npy,0,1
472,/mnt/c/Users/Chirayu/Documents/GitHub/2D-to-3D-image-reconstruction/facescape_224/fsmview_trainset_17_13_lip_funneler_52.jpg,0.2860313057899475,0.2795768678188324,-0.006454437971115112,7.565032176673412,0.6485822200775146,0.4326638877391815,0.4326638877391815,20.378789999995206,21.569032999991578,real_npy,0,1
473,/mnt/c/Users/Chirayu/Documents/GitHub/2D-to-3D-image-reconstruction/facescape_224/fsmview_trainset_6_15_lip_roll_11.jpg,0.3128192126750946,0.3131965398788452,0.00037732720375061035,6.191659532487392,0.5633838176727295,0.5274311304092407,0.5274311304092407,20.27543400004106,32.058875000075204,real_npy,0,0
474,/mnt/c/Users/Chirayu/Documents/GitHub/2D-to-3D-image-reconstruction/facescape_224/fsmview_trainset_17_10_dimpler_4.jpg,0.09221111983060837,0.09763582050800323,0.005424700677394867,9.200558979064226,0.7419532537460327,0.40572527050971985,0.40572527050971985,23.634948999983862,20.556268000063938,real_npy,0,1
475,/mnt/c/Users/Chirayu/Documents/GitHub/2D-to-3D-image-reconstruction/facescape_224/fsmview_trainset_3_2_smile_26.jpg,0.034440796822309494,0.03572624549269676,0.001285448670387268,7.940068356692791,0.6655398011207581,0.33476126194000244,0.33476126194000244,23.469942000019728,22.66722599995319,real_npy,0,1
476,/mnt/c/Users/Chirayu/Documents/GitHub/2D-to-3D-image-reconstruction/facescape_224/fsmview_trainset_18_20_brow_lower_5.jpg,0.05491039901971817,0.05978526920080185,0.004874870181083679,8.284957587718964,0.6899086833000183,0.3360166549682617,0.3360166549682617,21.127768999917862,22.664905000056024,real_npy,0,1
477,/mnt/c/Users/Chirayu/Documents/GitHub/2D-to-3D-image-reconstruction/facescape_224/fsmview_trainset_3_19_brow_raiser_28.jpg,0.03601934760808945,0.03518969565629959,-0.000829651951789856,7.67066778242588,0.6468228697776794,0.2784073054790497,0.2784073054790497,28.916096000102698,26.077584000063325,real_npy,0,1
478,/mnt/c/Users/Chirayu/Documents/GitHub/2D-to-3D-image-reconstruction/facescape_224/fsmview_trainset_17_12_lip_puckerer_54.jpg,0.35013657808303833,0.3363107740879059,-0.013825803995132446,7.861941397190094,0.6866510510444641,0.4240695834159851,0.4240695834159851,26.253382999925634,22.426725000059378,real_npy,0,1
479,/mnt/c/Users/Chirayu/Documents/GitHub/2D-to-3D-image-reconstruction/facescape_224/fsmview_trainset_20_11_chin_raiser_26.jpg,0.03512641042470932,0.03792184218764305,0.002795431762933731,8.037807758897543,0.6733646392822266,0.4331682026386261,0.4331682026386261,23.25826000003417,25.019422000013947,real_npy,0,1
480,/mnt/c/Users/Chirayu/Documents/GitHub/2D-to-3D-image-reconstruction/facescape_224/fsmview_trainset_2_18_eye_closed_30.jpg,0.08136294782161713,0.0845261886715889,0.0031632408499717712,9.014130694791675,0.7535519599914551,0.38011112809181213,0.38011112809181213,24.006755999948837,20.948622999981126,real_npy,0,1
481,/mnt/c/Users/Chirayu/Documents/GitHub/2D-to-3D-image-reconstruction/facescape_224/fsmview_trainset_11_15_lip_roll_60.jpg,0.65162593126297,0.6739170551300049,0.022291123867034912,7.9827757105231285,0.690163791179657,0.5231847763061523,0.5231847763061523,25.40120600008322,44.134851000080744,real_npy,0,1
482,/mnt/c/Users/Chirayu/Documents/GitHub/2D-to-3D-image-reconstruction/facescape_224/fsmview_trainset_3_15_lip_roll_19.jpg,0.05185254290699959,0.0545562244951725,0.0027036815881729126,8.295966630801558,0.7003968358039856,0.35077589750289917,0.35077589750289917,23.4021029999667,71.5970159999415,real_npy,0,1
483,/mnt/c/Users/Chirayu/Documents/GitHub/2D-to-3D-image-reconstruction/facescape_224/fsmview_trainset_14_9_mouth_right_26.jpg,0.05026233196258545,0.06278035789728165,0.012518025934696198,7.890497121959925,0.7266570925712585,0.48394638299942017,0.48394638299942017,21.91425600005914,19.633993000070404,real_npy,0,1
484,/mnt/c/Users/Chirayu/Documents/GitHub/2D-to-3D-image-reconstruction/facescape_224/fsmview_trainset_15_18_eye_closed_30.jpg,0.12709856033325195,0.1448020190000534,0.017703458666801453,7.92421892285347,0.649054765701294,0.4221703112125397,0.4221703112125397,20.410812999898553,21.02309700001115,real_npy,0,1
485,/mnt/c/Users/Chirayu/Documents/GitHub/2D-to-3D-image-reconstruction/facescape_224/fsmview_trainset_14_7_jaw_forward_31.jpg,0.03131233900785446,33.430809020996094,33.39949668198824,117.51667001843452,35.42343521118164,0.43383410573005676,0.43383410573005676,19.625264999945102,46.388332999981685,real_npy,1,1
486,/mnt/c/Users/Chirayu/Documents/GitHub/2D-to-3D-image-reconstruction/facescape_224/fsmview_trainset_14_2_smile_49.jpg,0.8261212706565857,0.7723195552825928,-0.05380171537399292,8.08136723190546,0.6761659383773804,0.578789234161377,0.578789234161377,22.5953289999552,20.01621099998374,real_npy,0,1
487,/mnt/c/Users/Chirayu/Documents/GitHub/2D-to-3D-image-reconstruction/facescape_224/fsmview_trainset_20_18_eye_closed_29.jpg,0.1669740378856659,0.17492036521434784,0.007946327328681946,7.7444234527647495,0.6421838402748108,0.3341212868690491,0.3341212868690491,22.18852600003629,20.183876999908534,real_npy,0,1
488,/mnt/c/Users/Chirayu/Documents/GitHub/2D-to-3D-image-reconstruction/facescape_224/fsmview_trainset_8_14_sadness_15.jpg,0.1632085144519806,0.15557482838630676,-0.007633686065673828,8.030218549072742,0.6600878834724426,0.4165508449077606,0.4165508449077606,23.659545999976217,21.432217999972636,real_npy,0,1
489,/mnt/c/Users/Chirayu/Documents/GitHub/2D-to-3D-image-reconstruction/facescape_224/fsmview_trainset_13_9_mouth_right_13.jpg,0.05034760758280754,25.003549575805664,24.953201968222857,100.30801403522491,26.93949317932129,0.46335259079933167,0.46335259079933167,40.710168000032354,83.96597099999781,real_npy,1,1
490,/mnt/c/Users/Chirayu/Documents/GitHub/2D-to-3D-image-reconstruction/facescape_224/fsmview_trainset_1_13_lip_funneler_6.jpg,0.037704672664403915,0.03999045863747597,0.002285785973072052,7.938392020761967,0.7115196585655212,0.2709927260875702,0.2709927260875702,72.2068569999692,29.93815000002087,real_npy,0,1
491,/mnt/c/Users/Chirayu/Documents/GitHub/2D-to-3D-image-reconstruction/facescape_224/fsmview_trainset_11_12_lip_puckerer_33.jpg,0.03666975349187851,12.190557479858398,12.15388772636652,74.34514141082764,13.246789932250977,0.5236365795135498,0.5236365795135498,56.99773300000288,22.51281300004848,real_npy,1,1
492,/mnt/c/Users/Chirayu/Documents/GitHub/2D-to-3D-image-reconstruction/facescape_224/fsmview_trainset_6_10_dimpler_30.jpg,0.04833061620593071,0.04307519644498825,-0.005255419760942459,8.164665281772614,0.6767762899398804,0.41863951086997986,0.41863951086997986,23.030072999972617,20.53700699991623,real_npy,0,1
493,/mnt/c/Users/Chirayu/Documents/GitHub/2D-to-3D-image-reconstruction/facescape_224/fsmview_trainset_6_18_eye_closed_36.jpg,0.09264388680458069,0.1058233454823494,0.013179458677768707,8.05777907371521,0.6900926828384399,0.34383225440979004,0.34383225440979004,21.749211000042123,22.927499000047646,real_npy,0,1
494,/mnt/c/Users/Chirayu/Documents/GitHub/2D-to-3D-image-reconstruction/facescape_224/fsmview_trainset_9_7_jaw_forward_14.jpg,0.03749612346291542,0.16582618653774261,0.1283300630748272,10.203579723834991,0.8969025611877441,0.3597376048564911,0.3597376048564911,20.96451900001739,20.949094000002333,real_npy,0,1
495,/mnt/c/Users/Chirayu/Documents/GitHub/2D-to-3D-image-reconstruction/facescape_224/fsmview_trainset_13_11_chin_raiser_15.jpg,0.043659575283527374,0.04835759848356247,0.004698023200035095,8.589446848724037,0.7188951969146729,0.3886965811252594,0.3886965811252594,21.037555000020802,87.2346280000329,real_npy,0,1
496,/mnt/c/Users/Chirayu/Documents/GitHub/2D-to-3D-image-reconstruction/facescape_224/fsmview_trainset_18_8_mouth_left_33.jpg,0.03677523508667946,0.037145763635635376,0.00037052854895591736,8.700943056493998,0.725374698638916,0.41223883628845215,0.41223883628845215,58.74779999999191,38.74865599993882,real_npy,0,1
497,/mnt/c/Users/Chirayu/Documents/GitHub/2D-to-3D-image-reconstruction/facescape_224/fsmview_trainset_12_15_lip_roll_49.jpg,0.2190178632736206,0.2416016310453415,0.022583767771720886,7.281671166419983,0.6317411661148071,0.4690704345703125,0.4690704345703125,20.236317000012605,20.06037799992555,real_npy,0,1
498,/mnt/c/Users/Chirayu/Documents/GitHub/2D-to-3D-image-reconstruction/facescape_224/fsmview_trainset_14_3_mouth_stretch_16.jpg,0.08733875304460526,0.11556092649698257,0.02822217345237732,7.653956413269043,0.7147805094718933,0.4626448154449463,0.4626448154449463,57.03283499997269,20.81152799996744,real_npy,0,1
499,/mnt/c/Users/Chirayu/Documents/GitHub/2D-to-3D-image-reconstruction/facescape_224/fsmview_trainset_14_12_lip_puckerer_65.jpg,0.05641210824251175,0.057679254561662674,0.0012671463191509247,9.163009472191334,0.8233749866485596,0.4432125389575958,0.4432125389575958,19.94824000007611,48.36082000008446,real_npy,0,1
500,/mnt/c/Users/Chirayu/Documents/GitHub/2D-to-3D-image-reconstruction/facescape_224/fsmview_trainset_16_6_jaw_right_10.jpg,0.031138701364398003,0.032038114964962006,0.000899413600564003,7.802460730075836,0.6554669737815857,0.3067227900028229,0.3067227900028229,22.44409499996891,20.364147000009325,real_npy,0,1
501,/mnt/c/Users/Chirayu/Documents/GitHub/2D-to-3D-image-reconstruction/facescape_224/fsmview_trainset_15_5_jaw_left_11.jpg,0.13337446749210358,0.17494790256023407,0.04157343506813049,8.502476394176483,0.730444073677063,0.5511730909347534,0.5511730909347534,23.127239000018562,22.267353000074763,real_npy,0,1
502,/mnt/c/Users/Chirayu/Documents/GitHub/2D-to-3D-image-reconstruction/facescape_224/fsmview_trainset_4_5_jaw_left_25.jpg,0.037032369524240494,1.7169288396835327,1.6798964701592922,28.94789682328701,2.7511820793151855,0.2990436851978302,0.2990436851978302,20.395558000018355,27.277889999936633,real_npy,0,1
503,/mnt/c/Users/Chirayu/Documents/GitHub/2D-to-3D-image-reconstruction/facescape_224/fsmview_trainset_1_17_cheek_blowing_11.jpg,0.1011485755443573,0.08917699009180069,-0.01197158545255661,8.128507442772388,0.7443026900291443,0.3878903090953827,0.3878903090953827,20.4883430000109,21.578840000074706,real_npy,0,1
504,/mnt/c/Users/Chirayu/Documents/GitHub/2D-to-3D-image-reconstruction/facescape_224/fsmview_trainset_16_18_eye_closed_33.jpg,0.036801114678382874,0.03820408135652542,0.0014029666781425476,8.33930223248899,0.688548743724823,0.3876514434814453,0.3876514434814453,20.286822999992182,19.257907999985946,real_npy,0,1
505,/mnt/c/Users/Chirayu/Documents/GitHub/2D-to-3D-image-reconstruction/facescape_224/fsmview_trainset_15_18_eye_closed_11.jpg,0.11643928289413452,0.15620146691799164,0.03976218402385712,9.042281463742256,0.7553885579109192,0.5699161291122437,0.5699161291122437,22.04778800000895,21.86798299999282,real_npy,0,1
506,/mnt/c/Users/Chirayu/Documents/GitHub/2D-to-3D-image-reconstruction/facescape_224/fsmview_trainset_19_16_grin_36.jpg,0.03722422942519188,0.04124385491013527,0.00401962548494339,8.418546561151743,0.7312344312667847,0.3353250026702881,0.3353250026702881,23.971495999944636,83.13014100008331,real_npy,0,1
507,/mnt/c/Users/Chirayu/Documents/GitHub/2D-to-3D-image-reconstruction/facescape_224/fsmview_trainset_20_10_dimpler_28.jpg,0.08705782890319824,0.0868949219584465,-0.0001629069447517395,8.265227114781737,0.6802288889884949,0.4883582592010498,0.4883582592010498,21.814196999912383,22.04567500007215,real_npy,0,1
508,/mnt/c/Users/Chirayu/Documents/GitHub/2D-to-3D-image-reconstruction/facescape_224/fsmview_trainset_10_1_neutral_55.jpg,0.11468449234962463,0.12255533784627914,0.00787084549665451,7.425243154168129,0.6942337155342102,0.30659323930740356,0.30659323930740356,20.47023000000081,75.62295999991875,real_npy,0,1
509,/mnt/c/Users/Chirayu/Documents/GitHub/2D-to-3D-image-reconstruction/facescape_224/fsmview_trainset_1_9_mouth_right_54.jpg,0.03465757146477699,9.03384017944336,8.999182607978582,64.51131667941809,10.131300926208496,0.3046026825904846,0.3046026825904846,20.164230999967003,47.53246899997521,real_npy,1,1
510,/mnt/c/Users/Chirayu/Documents/GitHub/2D-to-3D-image-reconstruction/facescape_224/fsmview_trainset_5_19_brow_raiser_15.jpg,0.03306858614087105,5.080662250518799,5.047593664377928,49.47863578796387,6.193994998931885,0.38292524218559265,0.38292524218559265,20.09474500005126,29.608692000010706,real_npy,1,1
511,/mnt/c/Users/Chirayu/Documents/GitHub/2D-to-3D-image-reconstruction/facescape_224/fsmview_trainset_2_6_jaw_right_2.jpg,0.21337927877902985,0.20033663511276245,-0.013042643666267395,8.37903105840087,0.7624475955963135,0.4783596992492676,0.4783596992492676,20.458129000076042,37.22827500007497,real_npy,0,1
512,/mnt/c/Users/Chirayu/Documents/GitHub/2D-to-3D-image-reconstruction/facescape_224/fsmview_trainset_12_6_jaw_right_25.jpg,0.8033983707427979,0.6718211770057678,-0.13157719373703003,8.118767231702805,0.762976348400116,0.5277134776115417,0.5277134776115417,21.86085699997875,19.98586799993518,real_npy,0,1
513,/mnt/c/Users/Chirayu/Documents/GitHub/2D-to-3D-image-reconstruction/facescape_224/fsmview_trainset_6_10_dimpler_26.jpg,0.0480811633169651,0.04703341796994209,-0.0010477453470230103,8.107276398688555,0.6870483160018921,0.3674190044403076,0.3674190044403076,26.686145999974542,27.207014999930834,real_npy,0,1
514,/mnt/c/Users/Chirayu/Documents/GitHub/2D-to-3D-image-reconstruction/facescape_224/fsmview_trainset_13_7_jaw_forward_16.jpg,0.05313999950885773,0.049761563539505005,-0.003378435969352722,8.643196132034063,0.7248278260231018,0.4147831201553345,0.4147831201553345,36.48953300000812,48.418951000030575,real_npy,0,1
515,/mnt/c/Users/Chirayu/Documents/GitHub/2D-to-3D-image-reconstruction/facescape_224/fsmview_trainset_19_8_mouth_left_39.jpg,0.10316088795661926,0.10690534859895706,0.003744460642337799,8.92682471871376,0.7539409399032593,0.37238335609436035,0.37238335609436035,24.685550999947736,23.224233999940225,real_npy,0,1
516,/mnt/c/Users/Chirayu/Documents/GitHub/2D-to-3D-image-reconstruction/facescape_224/fsmview_trainset_20_18_eye_closed_28.jpg,0.07886557281017303,0.08238867670297623,0.003523103892803192,8.08776712976396,0.6724107265472412,0.48619887232780457,0.48619887232780457,20.62448799995309,21.4493290000064,real_npy,0,1
517,/mnt/c/Users/Chirayu/Documents/GitHub/2D-to-3D-image-reconstruction/facescape_224/fsmview_trainset_9_19_brow_raiser_28.jpg,0.05908766761422157,0.07544106990098953,0.01635340228676796,8.400315906852484,0.6844249963760376,0.2716761827468872,0.2716761827468872,22.086729000079686,21.8342500000972,real_npy,0,1
518,/mnt/c/Users/Chirayu/Documents/GitHub/2D-to-3D-image-reconstruction/facescape_224/fsmview_trainset_19_16_grin_8.jpg,0.04256259649991989,0.0543174184858799,0.011754821985960007,8.833593390882015,0.7790192365646362,0.22704382240772247,0.22704382240772247,20.171537000010176,43.43469200000527,real_npy,0,1
519,/mnt/c/Users/Chirayu/Documents/GitHub/2D-to-3D-image-reconstruction/facescape_224/fsmview_trainset_12_1_neutral_43.jpg,0.12932395935058594,0.13772864639759064,0.0084046870470047,7.633783638477325,0.6548081636428833,0.47617223858833313,0.47617223858833313,24.011671999915052,19.983541999977206,real_npy,0,1
520,/mnt/c/Users/Chirayu/Documents/GitHub/2D-to-3D-image-reconstruction/facescape_224/fsmview_trainset_9_12_lip_puckerer_54.jpg,0.07234296947717667,0.07022536545991898,-0.0021176040172576904,7.811001803725958,0.6686952710151672,0.4572223424911499,0.4572223424911499,21.61640199994963,21.6106770000124,real_npy,0,1
521,/mnt/c/Users/Chirayu/Documents/GitHub/2D-to-3D-image-reconstruction/facescape_224/fsmview_trainset_13_7_jaw_forward_52.jpg,0.07400067895650864,0.06969984620809555,-0.004300832748413086,8.63727118819952,0.7099665403366089,0.38808730244636536,0.38808730244636536,23.15721700006179,19.30638299995735,real_npy,0,1
522,/mnt/c/Users/Chirayu/Documents/GitHub/2D-to-3D-image-reconstruction/facescape_224/fsmview_trainset_20_6_jaw_right_6.jpg,0.4004727005958557,0.42239436507225037,0.021921664476394653,6.872158685699105,0.6786798238754272,0.5939916372299194,0.5939916372299194,20.23206299998037,21.976861999974062,real_npy,0,1
523,/mnt/c/Users/Chirayu/Documents/GitHub/2D-to-3D-image-reconstruction/facescape_224/fsmview_trainset_19_17_cheek_blowing_27.jpg,0.7868802547454834,0.6806336641311646,-0.10624659061431885,8.342732993885875,0.7619245648384094,0.38959434628486633,0.38959434628486633,22.09825499994622,23.764314999993985,real_npy,0,1
524,/mnt/c/Users/Chirayu/Documents/GitHub/2D-to-3D-image-reconstruction/facescape_224/fsmview_trainset_1_2_smile_24.jpg,0.0668676346540451,0.07059164345264435,0.003724008798599243,8.118861429393291,0.7378692626953125,0.48433855175971985,0.48433855175971985,20.203914000035184,19.321522000041114,real_npy,0,1
525,/mnt/c/Users/Chirayu/Documents/GitHub/2D-to-3D-image-reconstruction/facescape_224/fsmview_trainset_14_15_lip_roll_20.jpg,0.051064107567071915,0.05336098000407219,0.0022968724370002747,7.274937480688095,0.6428532600402832,0.3034943640232086,0.3034943640232086,20.551630999989356,22.463144000084867,real_npy,0,1
526,/mnt/c/Users/Chirayu/Documents/GitHub/2D-to-3D-image-reconstruction/facescape_224/fsmview_trainset_7_5_jaw_left_18.jpg,0.035135429352521896,0.034925177693367004,-0.00021025165915489197,8.128810813650489,0.6650726795196533,0.41949185729026794,0.41949185729026794,57.92692500006069,22.81290399992031,real_npy,0,1
527,/mnt/c/Users/Chirayu/Documents/GitHub/2D-to-3D-image-reconstruction/facescape_224/fsmview_trainset_12_18_eye_closed_39.jpg,0.07271859049797058,0.07519547641277313,0.0024768859148025513,8.362447589635849,0.7056632041931152,0.46277081966400146,0.46277081966400146,22.757227000056446,22.70707700006369,real_npy,0,1
528,/mnt/c/Users/Chirayu/Documents/GitHub/2D-to-3D-image-reconstruction/facescape_224/fsmview_trainset_1_11_chin_raiser_42.jpg,0.10997806489467621,0.11086840182542801,0.0008903369307518005,8.19267375394702,0.7088081240653992,0.4522884488105774,0.4522884488105774,25.513778000004095,24.28442300004008,real_npy,0,1
529,/mnt/c/Users/Chirayu/Documents/GitHub/2D-to-3D-image-reconstruction/facescape_224/fsmview_trainset_14_1_neutral_38.jpg,0.05470631271600723,0.053021278232336044,-0.0016850344836711884,7.530944876372814,0.6199119091033936,0.3317272663116455,0.3317272663116455,22.5935710000158,20.553452000058314,real_npy,0,1
530,/mnt/c/Users/Chirayu/Documents/GitHub/2D-to-3D-image-reconstruction/facescape_224/fsmview_trainset_8_17_cheek_blowing_33.jpg,0.030403021723031998,1.8125776052474976,1.7821745835244656,29.88969450816512,2.925363063812256,0.2874932885169983,0.2874932885169983,19.94081999998798,31.315285000005133,real_npy,0,1
531,/mnt/c/Users/Chirayu/Documents/GitHub/2D-to-3D-image-reconstruction/facescape_224/fsmview_trainset_17_20_brow_lower_46.jpg,0.14461906254291534,0.1435781866312027,-0.0010408759117126465,8.453871201723814,0.7430036664009094,0.4333338439464569,0.4333338439464569,61.43084400002863,20.073834999948303,real_npy,0,1
532,/mnt/c/Users/Chirayu/Documents/GitHub/2D-to-3D-image-reconstruction/facescape_224/fsmview_trainset_18_20_brow_lower_24.jpg,0.03499612584710121,0.03433668613433838,-0.0006594397127628326,8.266886450350285,0.7060768008232117,0.4116453230381012,0.4116453230381012,21.19223099998635,20.97470300009263,real_npy,0,1
533,/mnt/c/Users/Chirayu/Documents/GitHub/2D-to-3D-image-reconstruction/facescape_224/fsmview_trainset_20_3_mouth_stretch_58.jpg,0.07664646953344345,0.07231507450342178,-0.0043313950300216675,8.445518672466278,0.76878821849823,0.3718288242816925,0.3718288242816925,21.657172999994145,21.66883899997174,real_npy,0,1
534,/mnt/c/Users/Chirayu/Documents/GitHub/2D-to-3D-image-reconstruction/facescape_224/fsmview_trainset_6_9_mouth_right_36.jpg,0.10868643969297409,0.11740949749946594,0.008723057806491852,7.663790434598923,0.6580860614776611,0.3382125198841095,0.3382125198841095,20.54010400001971,19.593832999930783,real_npy,0,1
535,/mnt/c/Users/Chirayu/Documents/GitHub/2D-to-3D-image-reconstruction/facescape_224/fsmview_trainset_12_6_jaw_right_8.jpg,0.060997653752565384,0.07292795181274414,0.011930298060178757,8.95710089802742,0.7481321096420288,0.5085646510124207,0.5085646510124207,21.445496000069397,65.12641500000882,real_npy,0,1
536,/mnt/c/Users/Chirayu/Documents/GitHub/2D-to-3D-image-reconstruction/facescape_224/fsmview_trainset_19_9_mouth_right_26.jpg,0.06406918168067932,0.057585787028074265,-0.006483394652605057,9.19053103029728,0.7549648284912109,0.43291208148002625,0.43291208148002625,25.074356000004627,21.615245000020877,real_npy,0,1
537,/mnt/c/Users/Chirayu/Documents/GitHub/2D-to-3D-image-reconstruction/facescape_224/fsmview_trainset_11_8_mouth_left_45.jpg,0.8194015622138977,0.8195850253105164,0.00018346309661865234,7.845159113407135,0.6552181839942932,0.556919276714325,0.556919276714325,19.684544000028836,20.448646000090775,real_npy,0,1
538,/mnt/c/Users/Chirayu/Documents/GitHub/2D-to-3D-image-reconstruction/facescape_224/fsmview_trainset_1_12_lip_puckerer_33.jpg,0.035828810185194016,287.3264465332031,287.29061772301793,315.6860628128052,323.779052734375,0.37233251333236694,0.37233251333236694,52.99673199999688,28.55665799995677,real_npy,1,1
539,/mnt/c/Users/Chirayu/Documents/GitHub/2D-to-3D-image-reconstruction/facescape_224/fsmview_trainset_11_1_neutral_64.jpg,0.20747406780719757,0.21143366396427155,0.003959596157073975,8.09605235606432,0.7227522134780884,0.4333241879940033,0.4333241879940033,71.98943299999883,19.68306300000222,real_npy,0,1
540,/mnt/c/Users/Chirayu/Documents/GitHub/2D-to-3D-image-reconstruction/facescape_224/fsmview_trainset_8_14_sadness_36.jpg,0.05395609140396118,0.04511147737503052,-0.008844614028930664,7.918597333133221,0.6713370084762573,0.3118177652359009,0.3118177652359009,21.91344300001674,22.199298999908024,real_npy,0,1
541,/mnt/c/Users/Chirayu/Documents/GitHub/2D-to-3D-image-reconstruction/facescape_224/fsmview_trainset_1_14_sadness_55.jpg,0.12026998400688171,27.818588256835938,27.698318272829056,108.74676352739334,29.585729598999023,0.28756198287010193,0.28756198287010193,20.2481970000008,18.498381999961566,real_npy,1,1
542,/mnt/c/Users/Chirayu/Documents/GitHub/2D-to-3D-image-reconstruction/facescape_224/fsmview_trainset_2_17_cheek_blowing_14.jpg,0.03807399049401283,0.037748198956251144,-0.00032579153776168823,7.957588801160455,0.7029651403427124,0.43426740169525146,0.43426740169525146,79.9013080001032,22.707241000034628,real_npy,0,1
543,/mnt/c/Users/Chirayu/Documents/GitHub/2D-to-3D-image-reconstruction/facescape_224/fsmview_trainset_20_4_anger_23.jpg,0.02977224625647068,0.029181288555264473,-0.0005909577012062073,7.4905992448329926,0.6025944352149963,0.428470253944397,0.428470253944397,20.61636999997063,33.216227000025356,real_npy,0,1
544,/mnt/c/Users/Chirayu/Documents/GitHub/2D-to-3D-image-reconstruction/facescape_224/fsmview_trainset_18_1_neutral_39.jpg,0.15474002063274384,0.14719131588935852,-0.007548704743385315,8.41220173984766,0.7991346120834351,0.5385992527008057,0.5385992527008057,49.753282999972726,29.775668999945992,real_npy,0,1
545,/mnt/c/Users/Chirayu/Documents/GitHub/2D-to-3D-image-reconstruction/facescape_224/fsmview_trainset_20_16_grin_18.jpg,0.0439474917948246,0.041428931057453156,-0.0025185607373714447,7.778997890651226,0.6387788653373718,0.49556970596313477,0.49556970596313477,45.184152000047106,20.169549999991432,real_npy,0,1
546,/mnt/c/Users/Chirayu/Documents/GitHub/2D-to-3D-image-reconstruction/facescape_224/fsmview_trainset_20_11_chin_raiser_13.jpg,0.05345907807350159,0.05332747474312782,-0.00013160333037376404,8.366543736308813,0.697385311126709,0.3882107436656952,0.3882107436656952,38.68441199995232,19.054618000041046,real_npy,0,1
547,/mnt/c/Users/Chirayu/Documents/GitHub/2D-to-3D-image-reconstruction/facescape_224/fsmview_trainset_14_5_jaw_left_30.jpg,0.04349237680435181,0.0546492300927639,0.011156853288412094,7.016529567539692,0.6148933172225952,0.27721816301345825,0.27721816301345825,21.339723999972193,20.802702000082718,real_npy,0,1
548,/mnt/c/Users/Chirayu/Documents/GitHub/2D-to-3D-image-reconstruction/facescape_224/fsmview_trainset_5_8_mouth_left_12.jpg,0.38781800866127014,0.410249799489975,0.022431790828704834,7.370223518460989,0.617552638053894,0.2783668041229248,0.2783668041229248,31.093149999946945,19.30784900002891,real_npy,0,1
549,/mnt/c/Users/Chirayu/Documents/GitHub/2D-to-3D-image-reconstruction/facescape_224/fsmview_trainset_5_8_mouth_left_57.jpg,0.07412952929735184,0.07295088469982147,-0.001178644597530365,8.453900843858719,0.7343929409980774,0.4203137159347534,0.4203137159347534,89.5326140000634,22.606074999998782,real_npy,0,1
550,/mnt/c/Users/Chirayu/Documents/GitHub/2D-to-3D-image-reconstruction/facescape_224/fsmview_trainset_3_16_grin_24.jpg,0.03868383914232254,0.03877115622162819,8.73170793056488e-05,7.23111866414547,0.6495793461799622,0.3063829839229584,0.3063829839229584,22.250128999985463,22.185062999938054,real_npy,0,1
551,/mnt/c/Users/Chirayu/Documents/GitHub/2D-to-3D-image-reconstruction/facescape_224/fsmview_trainset_9_12_lip_puckerer_40.jpg,0.27683156728744507,0.29863572120666504,0.02180415391921997,6.711592227220535,0.6234419941902161,0.44121307134628296,0.44121307134628296,34.44636400001855,20.828886000003877,real_npy,0,1
552,/mnt/c/Users/Chirayu/Documents/GitHub/2D-to-3D-image-reconstruction/facescape_224/fsmview_trainset_17_19_brow_raiser_15.jpg,0.04787154868245125,0.04869517311453819,0.0008236244320869446,8.700636660680175,0.7111676931381226,0.3597918152809143,0.3597918152809143,36.37012700005471,21.561842000096476,real_npy,0,1
553,/mnt/c/Users/Chirayu/Documents/GitHub/2D-to-3D-image-reconstruction/facescape_224/fsmview_trainset_11_13_lip_funneler_21.jpg,0.04305373877286911,0.04542546346783638,0.00237172469496727,7.939199928194284,0.6485747694969177,0.486493319272995,0.486493319272995,22.007463000022653,21.744073000036224,real_npy,0,1
554,/mnt/c/Users/Chirayu/Documents/GitHub/2D-to-3D-image-reconstruction/facescape_224/fsmview_trainset_15_13_lip_funneler_33.jpg,0.12174011766910553,0.1419696807861328,0.020229563117027283,7.520303772762418,0.6482682824134827,0.5843969583511353,0.5843969583511353,21.762498999919444,18.660220000015215,real_npy,0,1
555,/mnt/c/Users/Chirayu/Documents/GitHub/2D-to-3D-image-reconstruction/facescape_224/fsmview_trainset_5_16_grin_41.jpg,0.1146993637084961,0.11563564836978912,0.0009362846612930298,7.75790199264884,0.6853837370872498,0.4667949080467224,0.4667949080467224,46.420274000070094,21.295933000033074,real_npy,0,1
556,/mnt/c/Users/Chirayu/Documents/GitHub/2D-to-3D-image-reconstruction/facescape_224/fsmview_trainset_12_1_neutral_30.jpg,0.05732077732682228,0.053997404873371124,-0.0033233724534511566,9.364274377003312,0.7694387435913086,0.5492187142372131,0.5492187142372131,25.369783999963147,23.102494999989176,real_npy,0,1
557,/mnt/c/Users/Chirayu/Documents/GitHub/2D-to-3D-image-reconstruction/facescape_224/fsmview_trainset_1_18_eye_closed_19.jpg,0.43123939633369446,0.4057965576648712,-0.025442838668823242,6.45616065338254,0.6050466895103455,0.4621879756450653,0.4621879756450653,20.542674000012084,23.07174899999609,real_npy,0,0
558,/mnt/c/Users/Chirayu/Documents/GitHub/2D-to-3D-image-reconstruction/facescape_224/fsmview_trainset_13_12_lip_puckerer_37.jpg,0.03719953075051308,0.11781816184520721,0.08061863109469414,7.960402762517333,0.7188265323638916,0.3233707845211029,0.3233707845211029,22.18378300005952,20.382382999969195,real_npy,0,1
559,/mnt/c/Users/Chirayu/Documents/GitHub/2D-to-3D-image-reconstruction/facescape_224/fsmview_trainset_9_9_mouth_right_1.jpg,0.06802340596914291,0.0694756805896759,0.0014522746205329895,7.941655218601227,0.7070409059524536,0.3832211196422577,0.3832211196422577,21.45090099998015,25.115023000012116,real_npy,0,1
560,/mnt/c/Users/Chirayu/Documents/GitHub/2D-to-3D-image-reconstruction/facescape_224/fsmview_trainset_11_6_jaw_right_34.jpg,0.03802112117409706,11.658472061157227,11.62045093998313,73.0459865629673,12.4600248336792,0.5696970224380493,0.5696970224380493,23.2316169999649,21.126578000007612,real_npy,1,1
561,/mnt/c/Users/Chirayu/Documents/GitHub/2D-to-3D-image-reconstruction/facescape_224/fsmview_trainset_14_1_neutral_53.jpg,0.37510058283805847,0.42485326528549194,0.04975268244743347,7.658397309482098,0.6767767071723938,0.563467264175415,0.563467264175415,20.552010000074006,19.338679000043157,real_npy,0,1
562,/mnt/c/Users/Chirayu/Documents/GitHub/2D-to-3D-image-reconstruction/facescape_224/fsmview_trainset_5_14_sadness_41.jpg,0.11290119588375092,0.11397392302751541,0.0010727271437644958,7.924473721534014,0.6956253051757812,0.47746971249580383,0.47746971249580383,23.0236170000353,22.639362999939294,real_npy,0,1
563,/mnt/c/Users/Chirayu/Documents/GitHub/2D-to-3D-image-reconstruction/facescape_224/fsmview_trainset_4_18_eye_closed_50.jpg,0.04570102319121361,0.04906228184700012,0.0033612586557865143,8.675054255872965,0.7219685912132263,0.31921878457069397,0.31921878457069397,21.6583780000974,21.809799000038765,real_npy,0,1
564,/mnt/c/Users/Chirayu/Documents/GitHub/2D-to-3D-image-reconstruction/facescape_224/fsmview_trainset_8_18_eye_closed_56.jpg,0.039303556084632874,0.04042315110564232,0.0011195950210094452,8.28931485209614,0.7038973569869995,0.24128125607967377,0.24128125607967377,20.784899000091173,22.30752399998437,real_npy,0,1
565,/mnt/c/Users/Chirayu/Documents/GitHub/2D-to-3D-image-reconstruction/facescape_224/fsmview_trainset_19_4_anger_25.jpg,0.08099694550037384,0.07157514989376068,-0.00942179560661316,9.371086072176695,0.749221682548523,0.4530054032802582,0.4530054032802582,21.882592999986628,21.14487099993312,real_npy,0,1
566,/mnt/c/Users/Chirayu/Documents/GitHub/2D-to-3D-image-reconstruction/facescape_224/fsmview_trainset_15_2_smile_58.jpg,0.06039820611476898,0.06309318542480469,0.0026949793100357056,8.622808240354061,0.7791093587875366,0.4610586166381836,0.4610586166381836,25.10400500000287,22.232998999925258,real_npy,0,1
567,/mnt/c/Users/Chirayu/Documents/GitHub/2D-to-3D-image-reconstruction/facescape_224/fsmview_trainset_7_18_eye_closed_22.jpg,0.24387381970882416,0.229808509349823,-0.01406531035900116,7.059282720088959,0.6708847284317017,0.6120597720146179,0.6120597720146179,22.432105999996566,19.462387999965358,real_npy,0,1
568,/mnt/c/Users/Chirayu/Documents/GitHub/2D-to-3D-image-reconstruction/facescape_224/fsmview_trainset_3_2_smile_52.jpg,0.15278072655200958,0.16103583574295044,0.008255109190940857,8.09031130373478,0.7283068299293518,0.4561603367328644,0.4561603367328644,21.04970699997466,80.04691899998306,real_npy,0,1
569,/mnt/c/Users/Chirayu/Documents/GitHub/2D-to-3D-image-reconstruction/facescape_224/fsmview_trainset_11_14_sadness_26.jpg,0.06451041996479034,0.08496260643005371,0.020452186465263367,8.370364237576723,0.7362287640571594,0.48332685232162476,0.48332685232162476,21.031512000035946,21.183161999942968,real_npy,0,1
570,/mnt/c/Users/Chirayu/Documents/GitHub/2D-to-3D-image-reconstruction/facescape_224/fsmview_trainset_6_7_jaw_forward_27.jpg,0.04959936439990997,0.04614763334393501,-0.0034517310559749603,8.423253672197461,0.6922047138214111,0.37269988656044006,0.37269988656044006,21.66250800007674,34.33831600000303,real_npy,0,1
571,/mnt/c/Users/Chirayu/Documents/GitHub/2D-to-3D-image-reconstruction/facescape_224/fsmview_trainset_7_3_mouth_stretch_41.jpg,0.09556803107261658,0.09322608262300491,-0.002341948449611664,8.024901431053877,0.7618598937988281,0.48061904311180115,0.48061904311180115,22.245306000058918,21.357535999982247,real_npy,0,1
572,/mnt/c/Users/Chirayu/Documents/GitHub/2D-to-3D-image-reconstruction/facescape_224/fsmview_trainset_4_10_dimpler_8.jpg,0.04122867062687874,0.03770296275615692,-0.003525707870721817,7.743490692228079,0.6689009666442871,0.1804199367761612,0.1804199367761612,21.122326999943652,41.28032799997072,real_npy,0,1
573,/mnt/c/Users/Chirayu/Documents/GitHub/2D-to-3D-image-reconstruction/facescape_224/fsmview_trainset_20_2_smile_44.jpg,0.087691530585289,0.09257888793945312,0.0048873573541641235,9.79292636923492,0.7736879587173462,0.4214431643486023,0.4214431643486023,21.45122700005686,21.886908000055882,real_npy,0,1
574,/mnt/c/Users/Chirayu/Documents/GitHub/2D-to-3D-image-reconstruction/facescape_224/fsmview_trainset_5_18_eye_closed_20.jpg,0.05527934059500694,0.05499231815338135,-0.0002870224416255951,8.769590510055423,0.7430664300918579,0.3837125599384308,0.3837125599384308,21.65248899996186,20.837645000028715,real_npy,0,1
575,/mnt/c/Users/Chirayu/Documents/GitHub/2D-to-3D-image-reconstruction/facescape_224/fsmview_trainset_8_12_lip_puckerer_20.jpg,0.04205852746963501,0.04181445389986038,-0.00024407356977462769,8.557856843806803,0.7005439400672913,0.2873433232307434,0.2873433232307434,21.2117800000442,20.82134199997654,real_npy,0,1
576,/mnt/c/Users/Chirayu/Documents/GitHub/2D-to-3D-image-reconstruction/facescape_224/fsmview_trainset_12_4_anger_22.jpg,0.16938504576683044,0.15704482793807983,-0.01234021782875061,8.871353015303612,0.6936016082763672,0.5559110045433044,0.5559110045433044,53.92675699999927,20.96644199991715,real_npy,0,1
577,/mnt/c/Users/Chirayu/Documents/GitHub/2D-to-3D-image-reconstruction/facescape_224/fsmview_trainset_12_15_lip_roll_36.jpg,0.04253234341740608,0.5971290469169617,0.5545967034995556,17.110850032418966,1.5458663702011108,0.3813866674900055,0.3813866674900055,22.262575000013385,25.36408899993603,real_npy,0,1
578,/mnt/c/Users/Chirayu/Documents/GitHub/2D-to-3D-image-reconstruction/facescape_224/fsmview_trainset_18_3_mouth_stretch_12.jpg,0.04836180433630943,0.05201023072004318,0.0036484263837337494,7.94201685488224,0.7556445002555847,0.4047447741031647,0.4047447741031647,22.65595200003645,21.461624000039592,real_npy,0,1
579,/mnt/c/Users/Chirayu/Documents/GitHub/2D-to-3D-image-reconstruction/facescape_224/fsmview_trainset_20_13_lip_funneler_59.jpg,0.6706752777099609,0.6549013257026672,-0.0157739520072937,7.582692127674818,0.6772322058677673,0.461026668548584,0.461026668548584,41.076389999943785,22.268566000093415,real_npy,0,1
580,/mnt/c/Users/Chirayu/Documents/GitHub/2D-to-3D-image-reconstruction/facescape_224/fsmview_trainset_11_3_mouth_stretch_41.jpg,0.0463501513004303,0.04323868826031685,-0.003111463040113449,7.988559894263744,0.7419970035552979,0.4480973184108734,0.4480973184108734,20.446530999947754,20.826525999950718,real_npy,0,1
581,/mnt/c/Users/Chirayu/Documents/GitHub/2D-to-3D-image-reconstruction/facescape_224/fsmview_trainset_11_12_lip_puckerer_29.jpg,0.17108912765979767,3.6164448261260986,3.445355698466301,42.79062669724226,4.843428611755371,0.41843947768211365,0.41843947768211365,20.852955000009388,31.66065499999604,real_npy,1,1
582,/mnt/c/Users/Chirayu/Documents/GitHub/2D-to-3D-image-reconstruction/facescape_224/fsmview_trainset_3_4_anger_2.jpg,0.049154408276081085,0.054407998919487,0.005253590643405914,8.466476827859879,0.7401657104492188,0.43584001064300537,0.43584001064300537,21.48267300003681,21.66311099995255,real_npy,0,1
583,/mnt/c/Users/Chirayu/Documents/GitHub/2D-to-3D-image-reconstruction/facescape_224/fsmview_trainset_4_10_dimpler_27.jpg,0.07920113950967789,0.08018810302019119,0.0009869635105133057,7.784509390592575,0.6958238482475281,0.3588310182094574,0.3588310182094574,21.8072119999988,20.16687599996203,real_npy,0,1
584,/mnt/c/Users/Chirayu/Documents/GitHub/2D-to-3D-image-reconstruction/facescape_224/fsmview_trainset_9_1_neutral_12.jpg,0.03299570456147194,0.1908218264579773,0.15782612189650536,9.781817927025259,0.8347097635269165,0.23448629677295685,0.23448629677295685,20.916137000085655,20.811716000025626,real_npy,0,1
585,/mnt/c/Users/Chirayu/Documents/GitHub/2D-to-3D-image-reconstruction/facescape_224/fsmview_trainset_12_13_lip_funneler_5.jpg,0.43426182866096497,0.4407520294189453,0.006490200757980347,6.645920425653458,0.6422082781791687,0.5006036758422852,0.5006036758422852,43.381107999948654,22.21723100001327,real_npy,0,1
586,/mnt/c/Users/Chirayu/Documents/GitHub/2D-to-3D-image-reconstruction/facescape_224/fsmview_trainset_5_18_eye_closed_3.jpg,0.3179404139518738,0.3276366889476776,0.009696274995803833,7.868533618748188,0.6756633520126343,0.3763418197631836,0.3763418197631836,21.485705000031885,27.411712999992233,real_npy,0,1
587,/mnt/c/Users/Chirayu/Documents/GitHub/2D-to-3D-image-reconstruction/facescape_224/fsmview_trainset_1_3_mouth_stretch_44.jpg,0.11618420481681824,0.11775241047143936,0.0015682056546211243,7.984879545867443,0.6798170804977417,0.4969756305217743,0.4969756305217743,34.75473600008172,20.852446000048985,real_npy,0,1
588,/mnt/c/Users/Chirayu/Documents/GitHub/2D-to-3D-image-reconstruction/facescape_224/fsmview_trainset_11_3_mouth_stretch_17.jpg,0.04793866351246834,0.05325418338179588,0.005315519869327545,7.615558233112097,0.7250683307647705,0.5002537965774536,0.5002537965774536,22.76825900003132,25.829271999896264,real_npy,0,1
589,/mnt/c/Users/Chirayu/Documents/GitHub/2D-to-3D-image-reconstruction/facescape_224/fsmview_trainset_8_10_dimpler_40.jpg,0.25555410981178284,0.2813612222671509,0.025807112455368042,6.333138920366764,0.6170275807380676,0.43297427892684937,0.43297427892684937,34.69789300004322,60.40393099999619,real_npy,0,0
590,/mnt/c/Users/Chirayu/Documents/GitHub/2D-to-3D-image-reconstruction/facescape_224/fsmview_trainset_18_15_lip_roll_39.jpg,0.10348539054393768,0.09462632983922958,-0.0088590607047081,7.78179357200861,0.7051568627357483,0.5248039960861206,0.5248039960861206,57.42085199995017,38.322178000044005,real_npy,0,1
591,/mnt/c/Users/Chirayu/Documents/GitHub/2D-to-3D-image-reconstruction/facescape_224/fsmview_trainset_19_12_lip_puckerer_5.jpg,0.05689314380288124,0.06533713638782501,0.008443992584943771,8.30673647671938,0.6798595786094666,0.2442668378353119,0.2442668378353119,22.012990999996873,45.525026999939655,real_npy,0,1
592,/mnt/c/Users/Chirayu/Documents/GitHub/2D-to-3D-image-reconstruction/facescape_224/fsmview_trainset_9_12_lip_puckerer_22.jpg,0.2884046137332916,0.33549296855926514,0.04708835482597351,6.85688316822052,0.6515530347824097,0.6099624633789062,0.6099624633789062,21.181134999892492,21.831306000080986,real_npy,0,1
593,/mnt/c/Users/Chirayu/Documents/GitHub/2D-to-3D-image-reconstruction/facescape_224/fsmview_trainset_4_14_sadness_45.jpg,0.11686261743307114,0.13578176498413086,0.018919147551059723,9.741722421720624,0.8042352199554443,0.3023150861263275,0.3023150861263275,22.225727999966693,66.84938299997611,real_npy,0,1
594,/mnt/c/Users/Chirayu/Documents/GitHub/2D-to-3D-image-reconstruction/facescape_224/fsmview_trainset_12_10_dimpler_0.jpg,0.04251588508486748,0.08585647493600845,0.043340589851140976,8.050471112132072,0.7046629786491394,0.40273210406303406,0.40273210406303406,31.302406000008887,29.336017999980868,real_npy,0,1
595,/mnt/c/Users/Chirayu/Documents/GitHub/2D-to-3D-image-reconstruction/facescape_224/fsmview_trainset_3_16_grin_35.jpg,0.11134365200996399,0.12911872565746307,0.017775073647499084,7.607623383402824,0.7001126408576965,0.3745650053024292,0.3745650053024292,22.103304000097523,19.361435999940113,real_npy,0,1
596,/mnt/c/Users/Chirayu/Documents/GitHub/2D-to-3D-image-reconstruction/facescape_224/fsmview_trainset_14_1_neutral_59.jpg,0.04687661677598953,0.05213857442140579,0.00526195764541626,7.330120872706175,0.6368190050125122,0.35642388463020325,0.35642388463020325,21.983595000051537,22.657221000031313,real_npy,0,1
597,/mnt/c/Users/Chirayu/Documents/GitHub/2D-to-3D-image-reconstruction/facescape_224/fsmview_trainset_19_1_neutral_9.jpg,0.06241177022457123,0.0726175606250763,0.010205790400505066,9.057179052382708,0.7569453716278076,0.2641943395137787,0.2641943395137787,21.769232999986343,19.968381000012414,real_npy,0,1
598,/mnt/c/Users/Chirayu/Documents/GitHub/2D-to-3D-image-reconstruction/facescape_224/fsmview_trainset_19_5_jaw_left_27.jpg,0.6685737371444702,0.5809769630432129,-0.08759677410125732,8.172596745193005,0.7045212984085083,0.38147464394569397,0.38147464394569397,22.019363000026715,24.72476100001586,real_npy,0,1
599,/mnt/c/Users/Chirayu/Documents/GitHub/2D-to-3D-image-reconstruction/facescape_224/fsmview_trainset_7_13_lip_funneler_40.jpg,0.18966001272201538,0.2067466676235199,0.017086654901504517,6.681156985461712,0.6350870132446289,0.4355403780937195,0.4355403780937195,49.45064500009266,20.942365999985668,real_npy,0,1
600,/mnt/c/Users/Chirayu/Documents/GitHub/2D-to-3D-image-reconstruction/facescape_224/fsmview_trainset_3_2_smile_25.jpg,0.035014234483242035,0.03588958457112312,0.0008753500878810883,7.7362494841217995,0.6624570488929749,0.32926955819129944,0.32926955819129944,20.819218000042383,21.16731000000982,real_npy,0,1
601,/mnt/c/Users/Chirayu/Documents/GitHub/2D-to-3D-image-reconstruction/facescape_224/fsmview_trainset_7_3_mouth_stretch_16.jpg,0.04487612098455429,3.0104520320892334,2.965575911104679,37.806841280311346,4.017351150512695,0.35120680928230286,0.35120680928230286,76.29694999991443,31.307037000033233,real_npy,1,1
602,/mnt/c/Users/Chirayu/Documents/GitHub/2D-to-3D-image-reconstruction/facescape_224/fsmview_trainset_7_13_lip_funneler_18.jpg,0.041216135025024414,0.04063722491264343,-0.0005789101123809814,8.409947026055306,0.6881188154220581,0.42149871587753296,0.42149871587753296,92.86226499989425,72.79582000001028,real_npy,0,1
603,/mnt/c/Users/Chirayu/Documents/GitHub/2D-to-3D-image-reconstruction/facescape_224/fsmview_trainset_4_11_chin_raiser_44.jpg,0.10616258531808853,0.09672827273607254,-0.009434312582015991,8.434787832200527,0.7139409780502319,0.3701329529285431,0.3701329529285431,62.398744000006445,22.202940000056515,real_npy,0,1
604,/mnt/c/Users/Chirayu/Documents/GitHub/2D-to-3D-image-reconstruction/facescape_224/fsmview_trainset_5_10_dimpler_15.jpg,0.03747027739882469,0.03888455033302307,0.0014142729341983795,8.089049814268947,0.6679755449295044,0.38586440682411194,0.38586440682411194,23.01086199997826,22.481919000028938,real_npy,0,1
605,/mnt/c/Users/Chirayu/Documents/GitHub/2D-to-3D-image-reconstruction/facescape_224/fsmview_trainset_15_16_grin_18.jpg,0.04665563255548477,0.051482975482940674,0.004827342927455902,8.07089639827609,0.737102746963501,0.5432904958724976,0.5432904958724976,21.799616999942373,46.417183999892586,real_npy,0,1
606,/mnt/c/Users/Chirayu/Documents/GitHub/2D-to-3D-image-reconstruction/facescape_224/fsmview_trainset_12_14_sadness_38.jpg,0.032906267791986465,0.03216737136244774,-0.0007388964295387268,8.50230623036623,0.7090850472450256,0.43636980652809143,0.43636980652809143,22.217568999963078,22.219386999950075,real_npy,0,1
607,/mnt/c/Users/Chirayu/Documents/GitHub/2D-to-3D-image-reconstruction/facescape_224/fsmview_trainset_14_20_brow_lower_64.jpg,0.46803951263427734,0.4584265947341919,-0.00961291790008545,7.030029334127903,0.6128470301628113,0.46292486786842346,0.46292486786842346,21.60555199998271,22.409344999914538,real_npy,0,1
608,/mnt/c/Users/Chirayu/Documents/GitHub/2D-to-3D-image-reconstruction/facescape_224/fsmview_trainset_8_17_cheek_blowing_22.jpg,0.045239176601171494,0.04594319686293602,0.0007040202617645264,8.051105557009578,0.6650826930999756,0.2935929596424103,0.2935929596424103,58.576033000008465,42.82615600004647,real_npy,0,1
609,/mnt/c/Users/Chirayu/Documents/GitHub/2D-to-3D-image-reconstruction/facescape_224/fsmview_trainset_15_14_sadness_10.jpg,0.20984584093093872,0.25846704840660095,0.04862120747566223,8.169777341187,0.729522168636322,0.5904510021209717,0.5904510021209717,21.81025800007319,21.67927300001793,real_npy,0,1
610,/mnt/c/Users/Chirayu/Documents/GitHub/2D-to-3D-image-reconstruction/facescape_224/fsmview_trainset_15_8_mouth_left_18.jpg,0.041133008897304535,0.04069944843649864,-0.00043356046080589294,7.955465849488974,0.6494433283805847,0.5479838848114014,0.5479838848114014,24.056144000041968,50.779976000058014,real_npy,0,1
611,/mnt/c/Users/Chirayu/Documents/GitHub/2D-to-3D-image-reconstruction/facescape_224/fsmview_trainset_17_4_anger_19.jpg,0.057379499077796936,0.059710461646318436,0.0023309625685214996,9.148166595492512,0.7787701487541199,0.33018627762794495,0.33018627762794495,24.23744899999747,21.23583200000212,real_npy,0,1
612,/mnt/c/Users/Chirayu/Documents/GitHub/2D-to-3D-image-reconstruction/facescape_224/fsmview_trainset_14_18_eye_closed_19.jpg,0.042647697031497955,0.0458139032125473,0.003166206181049347,7.301691487431526,0.6477704644203186,0.5449700355529785,0.5449700355529785,20.223735999934433,20.310963999918386,real_npy,0,1
613,/mnt/c/Users/Chirayu/Documents/GitHub/2D-to-3D-image-reconstruction/facescape_224/fsmview_trainset_9_2_smile_25.jpg,0.04501242935657501,0.044701192528009415,-0.00031123682856559753,8.553719144314528,0.7045806050300598,0.3313310146331787,0.3313310146331787,23.734007000030033,24.307817000021714,real_npy,0,1
614,/mnt/c/Users/Chirayu/Documents/GitHub/2D-to-3D-image-reconstruction/facescape_224/fsmview_trainset_17_12_lip_puckerer_12.jpg,0.1520054191350937,0.210198312997818,0.058192893862724304,7.63097764365375,0.6846103668212891,0.24646049737930298,0.24646049737930298,25.488381999934973,21.536909999895215,real_npy,0,1
615,/mnt/c/Users/Chirayu/Documents/GitHub/2D-to-3D-image-reconstruction/facescape_224/fsmview_trainset_14_18_eye_closed_64.jpg,0.06764170527458191,0.06913342326879501,0.0014917179942131042,9.087949469685555,0.8322505354881287,0.43885770440101624,0.43885770440101624,21.725404999983766,19.85586900002545,real_npy,0,1
616,/mnt/c/Users/Chirayu/Documents/GitHub/2D-to-3D-image-reconstruction/facescape_224/fsmview_trainset_1_3_mouth_stretch_17.jpg,0.04574011266231537,24.15224266052246,24.106502547860146,101.3540886938572,25.4941349029541,0.3351636230945587,0.3351636230945587,20.66247199991267,19.96740000004138,real_npy,1,1
617,/mnt/c/Users/Chirayu/Documents/GitHub/2D-to-3D-image-reconstruction/facescape_224/fsmview_trainset_1_2_smile_10.jpg,0.032527998089790344,0.03445199504494667,0.0019239969551563263,8.373270019888878,0.7412396669387817,0.3085261285305023,0.3085261285305023,22.267917000021953,22.25373800001762,real_npy,0,1
618,/mnt/c/Users/Chirayu/Documents/GitHub/2D-to-3D-image-reconstruction/facescape_224/fsmview_trainset_15_6_jaw_right_18.jpg,0.05073864385485649,0.049241695553064346,-0.0014969483017921448,8.103691130876541,0.705700695514679,0.546326756477356,0.546326756477356,20.96538499995404,24.514670000030492,real_npy,0,1
619,/mnt/c/Users/Chirayu/Documents/GitHub/2D-to-3D-image-reconstruction/facescape_224/fsmview_trainset_5_1_neutral_10.jpg,0.24412749707698822,0.19222122430801392,-0.051906272768974304,6.404400326311588,0.6574114561080933,0.5788794755935669,0.5788794755935669,21.276306000004297,19.180467000069257,real_npy,0,0
620,/mnt/c/Users/Chirayu/Documents/GitHub/2D-to-3D-image-reconstruction/facescape_224/fsmview_trainset_6_12_lip_puckerer_56.jpg,0.08690284192562103,0.0862354189157486,-0.0006674230098724365,8.481108702719212,0.7331006526947021,0.36923345923423767,0.36923345923423767,21.241812000084792,20.28080200000204,real_npy,0,1
621,/mnt/c/Users/Chirayu/Documents/GitHub/2D-to-3D-image-reconstruction/facescape_224/fsmview_trainset_13_18_eye_closed_56.jpg,0.1551707237958908,0.16944453120231628,0.014273807406425476,7.934509247541428,0.6527498960494995,0.41399815678596497,0.41399815678596497,25.95299800009343,23.144701999967765,real_npy,0,1
622,/mnt/c/Users/Chirayu/Documents/GitHub/2D-to-3D-image-reconstruction/facescape_224/fsmview_trainset_5_1_neutral_27.jpg,0.0416857972741127,0.04680655151605606,0.005120754241943359,7.683134216815233,0.6416953206062317,0.28012198209762573,0.28012198209762573,21.053423000012117,18.548381999949015,real_npy,0,1
623,/mnt/c/Users/Chirayu/Documents/GitHub/2D-to-3D-image-reconstruction/facescape_224/fsmview_trainset_12_15_lip_roll_20.jpg,0.8452936410903931,0.7461807727813721,-0.099112868309021,7.61784191429615,0.6777242422103882,0.4954589009284973,0.4954589009284973,58.32441999996263,20.476993000102084,real_npy,0,1
624,/mnt/c/Users/Chirayu/Documents/GitHub/2D-to-3D-image-reconstruction/facescape_224/fsmview_trainset_15_10_dimpler_59.jpg,0.0397234782576561,0.04539843276143074,0.005674954503774643,7.909947630017996,0.6440830230712891,0.40469881892204285,0.40469881892204285,57.741856999996344,56.985017000101834,real_npy,0,1
625,/mnt/c/Users/Chirayu/Documents/GitHub/2D-to-3D-image-reconstruction/facescape_224/fsmview_trainset_1_11_chin_raiser_32.jpg,0.2727636992931366,356.7847595214844,356.51199582219124,352.2693764567375,410.7751770019531,0.24136222898960114,0.24136222898960114,24.522794999938924,27.309774999935144,real_npy,1,1
626,/mnt/c/Users/Chirayu/Documents/GitHub/2D-to-3D-image-reconstruction/facescape_224/fsmview_trainset_16_3_mouth_stretch_10.jpg,0.02886590175330639,0.03215624764561653,0.0032903458923101425,7.206208381801844,0.6410151124000549,0.30968430638313293,0.30968430638313293,45.94470199992884,30.3698949999216,real_npy,0,1
627,/mnt/c/Users/Chirayu/Documents/GitHub/2D-to-3D-image-reconstruction/facescape_224/fsmview_trainset_1_15_lip_roll_42.jpg,0.14472231268882751,0.12282124906778336,-0.02190106362104416,7.796473477035761,0.7438445687294006,0.44607818126678467,0.44607818126678467,22.134345000040412,18.74412699999084,real_npy,0,1
628,/mnt/c/Users/Chirayu/Documents/GitHub/2D-to-3D-image-reconstruction/facescape_224/fsmview_trainset_19_17_cheek_blowing_3.jpg,0.07626543194055557,0.06834562122821808,-0.007919810712337494,9.468201946467161,0.7652748823165894,0.35662177205085754,0.35662177205085754,85.5317279999781,24.15474200006429,real_npy,0,1
629,/mnt/c/Users/Chirayu/Documents/GitHub/2D-to-3D-image-reconstruction/facescape_224/fsmview_trainset_20_8_mouth_left_7.jpg,0.9829737544059753,0.9782169461250305,-0.004756808280944824,7.318115945905447,0.6894121170043945,0.5077872276306152,0.5077872276306152,25.578177000056712,20.38994199995159,real_npy,0,1
630,/mnt/c/Users/Chirayu/Documents/GitHub/2D-to-3D-image-reconstruction/facescape_224/fsmview_trainset_12_16_grin_49.jpg,0.05264631286263466,0.04934760555624962,-0.0032987073063850403,7.9563179314136505,0.6895679235458374,0.4624752104282379,0.4624752104282379,20.364823000022625,21.254823999925065,real_npy,0,1
631,/mnt/c/Users/Chirayu/Documents/GitHub/2D-to-3D-image-reconstruction/facescape_224/fsmview_trainset_5_8_mouth_left_54.jpg,0.2679879367351532,0.22096708416938782,-0.04702085256576538,8.123297229409218,0.747586190700531,0.5084623694419861,0.5084623694419861,21.029512000040995,57.10205100001531,real_npy,0,1
632,/mnt/c/Users/Chirayu/Documents/GitHub/2D-to-3D-image-reconstruction/facescape_224/fsmview_trainset_2_11_chin_raiser_54.jpg,0.1733870506286621,0.1710742861032486,-0.002312764525413513,8.481290623545647,0.7046713829040527,0.49403151869773865,0.49403151869773865,20.918842000014592,21.22616500003005,real_npy,0,1
633,/mnt/c/Users/Chirayu/Documents/GitHub/2D-to-3D-image-reconstruction/facescape_224/fsmview_trainset_7_9_mouth_right_10.jpg,0.030797811225056648,0.03180550038814545,0.0010076891630887985,7.685662727802992,0.6439831852912903,0.3365754187107086,0.3365754187107086,21.532668000077138,19.330778000039572,real_npy,0,1
634,/mnt/c/Users/Chirayu/Documents/GitHub/2D-to-3D-image-reconstruction/facescape_224/fsmview_trainset_3_13_lip_funneler_6.jpg,0.05404404178261757,0.05259088799357414,-0.0014531537890434265,8.262579560279846,0.7503200769424438,0.3253061771392822,0.3253061771392822,19.98315699995601,20.170945000018037,real_npy,0,1
635,/mnt/c/Users/Chirayu/Documents/GitHub/2D-to-3D-image-reconstruction/facescape_224/fsmview_trainset_9_15_lip_roll_28.jpg,0.04651807248592377,0.04407830163836479,-0.0024397708475589752,7.70912592113018,0.6372601985931396,0.24663875997066498,0.24663875997066498,24.765933000026052,23.082372999965628,real_npy,0,1
636,/mnt/c/Users/Chirayu/Documents/GitHub/2D-to-3D-image-reconstruction/facescape_224/fsmview_trainset_13_13_lip_funneler_9.jpg,0.0659760981798172,0.06715241819620132,0.0011763200163841248,8.257041560485959,0.7060508728027344,0.4180554747581482,0.4180554747581482,20.206540999993194,20.47557500009134,real_npy,0,1
637,/mnt/c/Users/Chirayu/Documents/GitHub/2D-to-3D-image-reconstruction/facescape_224/fsmview_trainset_3_14_sadness_39.jpg,0.04943395406007767,0.053349725902080536,0.003915771842002869,7.733700625598431,0.6935661435127258,0.38110002875328064,0.38110002875328064,20.9437319999779,19.330506999949648,real_npy,0,1
638,/mnt/c/Users/Chirayu/Documents/GitHub/2D-to-3D-image-reconstruction/facescape_224/fsmview_trainset_12_2_smile_52.jpg,0.052942514419555664,0.052033599466085434,-0.0009089149534702301,7.814803875982761,0.6375760436058044,0.4765028655529022,0.4765028655529022,72.30838099997072,20.696824999959063,real_npy,0,1
639,/mnt/c/Users/Chirayu/Documents/GitHub/2D-to-3D-image-reconstruction/facescape_224/fsmview_trainset_1_9_mouth_right_55.jpg,0.05502412095665932,0.056098490953445435,0.0010743699967861176,7.847959470003843,0.7351050972938538,0.3305267095565796,0.3305267095565796,21.143220999988444,20.624279999992723,real_npy,0,1
640,/mnt/c/Users/Chirayu/Documents/GitHub/2D-to-3D-image-reconstruction/facescape_224/fsmview_trainset_3_9_mouth_right_28.jpg,0.03695283830165863,0.03697579354047775,2.2955238819122314e-05,7.639423344284296,0.6455439925193787,0.2812926769256592,0.2812926769256592,20.24930699997185,19.24404500005039,real_npy,0,1
641,/mnt/c/Users/Chirayu/Documents/GitHub/2D-to-3D-image-reconstruction/facescape_224/fsmview_trainset_15_13_lip_funneler_10.jpg,0.14444471895694733,0.15830735862255096,0.013862639665603638,8.26848641782999,0.7366524338722229,0.5664705038070679,0.5664705038070679,24.524385000063376,21.662918999936664,real_npy,0,1
642,/mnt/c/Users/Chirayu/Documents/GitHub/2D-to-3D-image-reconstruction/facescape_224/fsmview_trainset_19_6_jaw_right_24.jpg,0.06987305730581284,0.07727549225091934,0.007402434945106506,9.479323573876172,0.7926115989685059,0.33272045850753784,0.33272045850753784,21.053978000054485,22.216450000087207,real_npy,0,1
643,/mnt/c/Users/Chirayu/Documents/GitHub/2D-to-3D-image-reconstruction/facescape_224/fsmview_trainset_10_2_smile_32.jpg,0.2503904402256012,278.1189270019531,277.8685365617275,306.782003223896,309.5419006347656,0.21470031142234802,0.21470031142234802,22.11960900001486,18.65554600010455,real_npy,1,1
644,/mnt/c/Users/Chirayu/Documents/GitHub/2D-to-3D-image-reconstruction/facescape_224/fsmview_trainset_2_14_sadness_46.jpg,0.43321695923805237,0.4592474400997162,0.02603048086166382,6.515482868999243,0.5992483496665955,0.5112932920455933,0.5112932920455933,34.69067100002121,21.81101399992258,template_fallback,0,1
645,/mnt/c/Users/Chirayu/Documents/GitHub/2D-to-3D-image-reconstruction/facescape_224/fsmview_trainset_13_19_brow_raiser_4.jpg,0.05866542458534241,0.055130667984485626,-0.003534756600856781,9.271043570712209,0.7595469355583191,0.39463010430336,0.39463010430336,23.24526400002469,19.64859500003513,real_npy,0,1
646,/mnt/c/Users/Chirayu/Documents/GitHub/2D-to-3D-image-reconstruction/facescape_224/fsmview_trainset_18_4_anger_36.jpg,0.05250992625951767,0.13732846081256866,0.084818534553051,9.448875585570931,0.8213372826576233,0.4332020580768585,0.4332020580768585,31.984551999926225,20.18124199992144,real_npy,0,1
647,/mnt/c/Users/Chirayu/Documents/GitHub/2D-to-3D-image-reconstruction/facescape_224/fsmview_trainset_2_2_smile_41.jpg,0.8138033747673035,0.761526882648468,-0.05227649211883545,7.85113719291985,0.7179334163665771,0.40586578845977783,0.40586578845977783,21.159439000030034,20.693110000024717,real_npy,0,1
648,/mnt/c/Users/Chirayu/Documents/GitHub/2D-to-3D-image-reconstruction/facescape_224/fsmview_trainset_2_14_sadness_27.jpg,0.06343697011470795,0.0631445124745369,-0.000292457640171051,9.326806399971247,0.7754842042922974,0.4302729368209839,0.4302729368209839,22.308892000069136,42.93100200004574,real_npy,0,1
649,/mnt/c/Users/Chirayu/Documents/GitHub/2D-to-3D-image-reconstruction/facescape_224/fsmview_trainset_7_19_brow_raiser_27.jpg,0.056283626705408096,0.05144989863038063,-0.004833728075027466,8.841794803738594,0.7300736904144287,0.42359185218811035,0.42359185218811035,22.740631999909056,22.232352999935756,real_npy,0,1
650,/mnt/c/Users/Chirayu/Documents/GitHub/2D-to-3D-image-reconstruction/facescape_224/fsmview_trainset_2_9_mouth_right_55.jpg,0.11029708385467529,0.1088532879948616,-0.0014437958598136902,8.723543997853994,0.7650802731513977,0.42509400844573975,0.42509400844573975,24.456169000018235,20.231927000054384,real_npy,0,1
651,/mnt/c/Users/Chirayu/Documents/GitHub/2D-to-3D-image-reconstruction/facescape_224/fsmview_trainset_7_1_neutral_53.jpg,0.09892479330301285,0.0942344143986702,-0.004690378904342651,8.201435580849648,0.7135277986526489,0.43653008341789246,0.43653008341789246,21.69148600000881,22.102629000073648,real_npy,0,1
652,/mnt/c/Users/Chirayu/Documents/GitHub/2D-to-3D-image-reconstruction/facescape_224/fsmview_trainset_19_19_brow_raiser_12.jpg,0.25990188121795654,0.2774208188056946,0.017518937587738037,7.575303975492716,0.6468214392662048,0.305603951215744,0.305603951215744,20.762982999940505,20.156747999976687,real_npy,0,1
653,/mnt/c/Users/Chirayu/Documents/GitHub/2D-to-3D-image-reconstruction/facescape_224/fsmview_trainset_12_16_grin_21.jpg,0.06039590761065483,0.06419886648654938,0.0038029588758945465,9.18675562273711,0.7417527437210083,0.5503809452056885,0.5503809452056885,22.085037000010743,20.602041999950416,real_npy,0,1
654,/mnt/c/Users/Chirayu/Documents/GitHub/2D-to-3D-image-reconstruction/facescape_224/fsmview_trainset_3_9_mouth_right_17.jpg,0.03321531042456627,0.5325573086738586,0.4993419982492924,16.008701583836228,1.3987420797348022,0.34022974967956543,0.34022974967956543,23.66083999993407,28.22468099998332,real_npy,0,1
655,/mnt/c/Users/Chirayu/Documents/GitHub/2D-to-3D-image-reconstruction/facescape_224/fsmview_trainset_10_20_brow_lower_19.jpg,0.049394942820072174,0.05198023095726967,0.0025852881371974945,8.582135339733213,0.7218407392501831,0.34271878004074097,0.34271878004074097,22.524910000015552,19.84022700003152,real_npy,0,1
656,/mnt/c/Users/Chirayu/Documents/GitHub/2D-to-3D-image-reconstruction/facescape_224/fsmview_trainset_3_14_sadness_24.jpg,0.04498279094696045,0.04703419283032417,0.0020514018833637238,8.59217732027173,0.6943218111991882,0.4445990025997162,0.4445990025997162,23.24350100002448,20.996842999920773,real_npy,0,1
657,/mnt/c/Users/Chirayu/Documents/GitHub/2D-to-3D-image-reconstruction/facescape_224/fsmview_trainset_11_15_lip_roll_11.jpg,0.08171823620796204,0.12593293190002441,0.04421469569206238,7.52639127522707,0.6658209562301636,0.5791813731193542,0.5791813731193542,22.19473200000266,19.641899000021112,real_npy,0,1
658,/mnt/c/Users/Chirayu/Documents/GitHub/2D-to-3D-image-reconstruction/facescape_224/fsmview_trainset_20_9_mouth_right_52.jpg,0.16379380226135254,0.18111097812652588,0.01731717586517334,7.805156759917736,0.6853147745132446,0.5087763071060181,0.5087763071060181,28.928027000006296,90.90856399996028,real_npy,0,1
659,/mnt/c/Users/Chirayu/Documents/GitHub/2D-to-3D-image-reconstruction/facescape_224/fsmview_trainset_12_12_lip_puckerer_32.jpg,0.03746971860527992,8.073164939880371,8.035695221275091,61.19727077335119,9.27745246887207,0.44356340169906616,0.44356340169906616,21.731294999995043,21.65142299998024,real_npy,1,1
660,/mnt/c/Users/Chirayu/Documents/GitHub/2D-to-3D-image-reconstruction/facescape_224/fsmview_trainset_1_5_jaw_left_13.jpg,0.21169070899486542,0.20857979357242584,-0.003110915422439575,6.898226693272591,0.6129852533340454,0.5029977560043335,0.5029977560043335,22.38264600009643,21.04467599997406,real_npy,0,1
661,/mnt/c/Users/Chirayu/Documents/GitHub/2D-to-3D-image-reconstruction/facescape_224/fsmview_trainset_7_10_dimpler_0.jpg,0.2310895025730133,0.2157014161348343,-0.015388086438179016,7.072579301893711,0.6852637529373169,0.4833834171295166,0.4833834171295166,21.74500400008128,21.66881099992679,real_npy,0,1
662,/mnt/c/Users/Chirayu/Documents/GitHub/2D-to-3D-image-reconstruction/facescape_224/fsmview_trainset_5_13_lip_funneler_9.jpg,0.03806391730904579,0.04153575003147125,0.003471832722425461,8.086515791714191,0.6840260624885559,0.30542418360710144,0.30542418360710144,20.19083999994109,21.793577000039477,real_npy,0,1
663,/mnt/c/Users/Chirayu/Documents/GitHub/2D-to-3D-image-reconstruction/facescape_224/fsmview_trainset_8_8_mouth_left_2.jpg,0.05143507942557335,0.04903573915362358,-0.002399340271949768,7.707657277584076,0.668222963809967,0.2701028287410736,0.2701028287410736,22.669807000056608,23.24509000004582,real_npy,0,1
664,/mnt/c/Users/Chirayu/Documents/GitHub/2D-to-3D-image-reconstruction/facescape_224/fsmview_trainset_6_14_sadness_17.jpg,0.039573315531015396,0.04088315740227699,0.0013098418712615967,8.364569982513785,0.6958552598953247,0.37111902236938477,0.37111902236938477,23.30888699998468,24.443335000000843,real_npy,0,1
665,/mnt/c/Users/Chirayu/Documents/GitHub/2D-to-3D-image-reconstruction/facescape_224/fsmview_trainset_20_1_neutral_21.jpg,0.03420216962695122,0.033409278839826584,-0.0007928907871246338,7.73273703455925,0.6347475647926331,0.39892831444740295,0.39892831444740295,25.05976700001611,22.021389999963503,real_npy,0,1
666,/mnt/c/Users/Chirayu/Documents/GitHub/2D-to-3D-image-reconstruction/facescape_224/fsmview_trainset_13_7_jaw_forward_8.jpg,0.0402047298848629,172.9008026123047,172.86059788241982,241.00528174638748,231.74131774902344,0.3988213837146759,0.3988213837146759,21.088589999976648,25.485977000016646,real_npy,1,1
667,/mnt/c/Users/Chirayu/Documents/GitHub/2D-to-3D-image-reconstruction/facescape_224/fsmview_trainset_15_15_lip_roll_25.jpg,0.027456017211079597,0.027705134823918343,0.0002491176128387451,7.1189276576042175,0.5838947296142578,0.5494062304496765,0.5494062304496765,20.0964750000594,23.188054000002012,real_npy,0,1
668,/mnt/c/Users/Chirayu/Documents/GitHub/2D-to-3D-image-reconstruction/facescape_224/fsmview_trainset_3_10_dimpler_47.jpg,0.04485859349370003,0.05051368474960327,0.005655091255903244,9.021597795188427,0.7451390624046326,0.4816135764122009,0.4816135764122009,20.31406000003244,18.989438000062364,real_npy,0,1
669,/mnt/c/Users/Chirayu/Documents/GitHub/2D-to-3D-image-reconstruction/facescape_224/fsmview_trainset_5_12_lip_puckerer_19.jpg,0.04306953027844429,0.04410483315587044,0.0010353028774261475,8.558422569651157,0.7151435017585754,0.35808104276657104,0.35808104276657104,54.93561299999783,71.76139100010914,real_npy,0,1
670,/mnt/c/Users/Chirayu/Documents/GitHub/2D-to-3D-image-reconstruction/facescape_224/fsmview_trainset_10_14_sadness_40.jpg,0.13539552688598633,0.1596440076828003,0.024248480796813965,7.0120605155825615,0.626083254814148,0.5299487113952637,0.5299487113952637,20.898568999996314,19.163564999985283,real_npy,0,1
671,/mnt/c/Users/Chirayu/Documents/GitHub/2D-to-3D-image-reconstruction/facescape_224/fsmview_trainset_13_2_smile_33.jpg,0.13271291553974152,0.13320912420749664,0.000496208667755127,7.947774551808834,0.7054623961448669,0.41534608602523804,0.41534608602523804,20.809983000049215,24.564595000015288,real_npy,0,1
672,/mnt/c/Users/Chirayu/Documents/GitHub/2D-to-3D-image-reconstruction/facescape_224/fsmview_trainset_19_8_mouth_left_27.jpg,0.5295551419258118,0.4741936922073364,-0.05536144971847534,8.024014249444008,0.7069883942604065,0.40189361572265625,0.40189361572265625,66.02984199992079,27.905076000024565,real_npy,0,1
673,/mnt/c/Users/Chirayu/Documents/GitHub/2D-to-3D-image-reconstruction/facescape_224/fsmview_trainset_18_4_anger_34.jpg,0.031094320118427277,218.20924377441406,218.17814945429564,271.4968209862709,275.17755126953125,0.4224729537963867,0.4224729537963867,23.461645999987013,20.54187599992474,real_npy,1,1
674,/mnt/c/Users/Chirayu/Documents/GitHub/2D-to-3D-image-reconstruction/facescape_224/fsmview_trainset_17_3_mouth_stretch_56.jpg,0.7421222925186157,0.7588114738464355,0.016689181327819824,7.0274629928171635,0.6051037311553955,0.29213815927505493,0.29213815927505493,19.685552000055395,26.069742000004226,real_npy,0,1
675,/mnt/c/Users/Chirayu/Documents/GitHub/2D-to-3D-image-reconstruction/facescape_224/fsmview_trainset_14_12_lip_puckerer_5.jpg,0.5328964591026306,0.4602576494216919,-0.07263880968093872,7.583956062793732,0.641555905342102,0.6031820178031921,0.6031820178031921,43.74697799994465,19.25593700002537,template_fallback,0,1
676,/mnt/c/Users/Chirayu/Documents/GitHub/2D-to-3D-image-reconstruction/facescape_224/fsmview_trainset_16_16_grin_41.jpg,0.09574931114912033,0.09456240385770798,-0.0011869072914123535,7.954829555004835,0.745445191860199,0.4477621614933014,0.4477621614933014,21.98939800007338,18.945252999969853,real_npy,0,1
677,/mnt/c/Users/Chirayu/Documents/GitHub/2D-to-3D-image-reconstruction/facescape_224/fsmview_trainset_19_11_chin_raiser_6.jpg,0.07448776811361313,0.0766981914639473,0.0022104233503341675,8.57271564565599,0.7059608697891235,0.262211412191391,0.262211412191391,21.140212999966934,22.107908999942083,real_npy,0,1
678,/mnt/c/Users/Chirayu/Documents/GitHub/2D-to-3D-image-reconstruction/facescape_224/fsmview_trainset_16_12_lip_puckerer_31.jpg,0.04413319751620293,0.04491221159696579,0.0007790140807628632,8.698931490071118,0.7281917929649353,0.2996973693370819,0.2996973693370819,20.793709000031413,21.602793999932146,real_npy,0,1
679,/mnt/c/Users/Chirayu/Documents/GitHub/2D-to-3D-image-reconstruction/facescape_224/fsmview_trainset_10_14_sadness_39.jpg,0.04731174185872078,0.04570219665765762,-0.0016095452010631561,7.89519689232111,0.6735876798629761,0.38315874338150024,0.38315874338150024,26.083182999968813,25.480821999963155,real_npy,0,1
680,/mnt/c/Users/Chirayu/Documents/GitHub/2D-to-3D-image-reconstruction/facescape_224/fsmview_trainset_11_2_smile_28.jpg,0.13674987852573395,0.1328498125076294,-0.0039000660181045532,9.268615698441863,0.7372239232063293,0.5667174458503723,0.5667174458503723,27.034372000002804,23.91309999995883,real_npy,0,1
681,/mnt/c/Users/Chirayu/Documents/GitHub/2D-to-3D-image-reconstruction/facescape_224/fsmview_trainset_8_15_lip_roll_31.jpg,0.11051608622074127,0.1353335678577423,0.024817481637001038,7.5443383902311325,0.6431673765182495,0.26135560870170593,0.26135560870170593,20.494339000038053,42.3810570000569,real_npy,0,1
682,/mnt/c/Users/Chirayu/Documents/GitHub/2D-to-3D-image-reconstruction/facescape_224/fsmview_trainset_20_8_mouth_left_47.jpg,0.06358245015144348,0.09152936935424805,0.027946919202804565,7.635778110474348,0.7019913196563721,0.668083667755127,0.668083667755127,20.84183200008738,19.464791000018522,real_npy,0,1
683,/mnt/c/Users/Chirayu/Documents/GitHub/2D-to-3D-image-reconstruction/facescape_224/fsmview_trainset_16_2_smile_3.jpg,0.0578429214656353,0.06958765536546707,0.011744733899831772,7.56839757412672,0.7070586085319519,0.4029715955257416,0.4029715955257416,20.709210999939387,21.0785259999966,real_npy,0,1
684,/mnt/c/Users/Chirayu/Documents/GitHub/2D-to-3D-image-reconstruction/facescape_224/fsmview_trainset_11_16_grin_64.jpg,0.07494798302650452,0.0805174857378006,0.0055695027112960815,8.93796169385314,0.8017151355743408,0.433687299489975,0.433687299489975,21.60303899995597,22.079991000055088,real_npy,0,1
685,/mnt/c/Users/Chirayu/Documents/GitHub/2D-to-3D-image-reconstruction/facescape_224/fsmview_trainset_19_16_grin_22.jpg,0.03955768048763275,0.039626866579055786,6.918609142303467e-05,8.548038613051176,0.7143597602844238,0.30552175641059875,0.30552175641059875,22.44605800001409,20.705993999968086,real_npy,0,1
686,/mnt/c/Users/Chirayu/Documents/GitHub/2D-to-3D-image-reconstruction/facescape_224/fsmview_trainset_6_10_dimpler_42.jpg,0.31278088688850403,0.28283122181892395,-0.029949665069580078,6.321657303720713,0.6505972743034363,0.40089738368988037,0.40089738368988037,20.248450999929446,19.630830999972204,real_npy,0,0
687,/mnt/c/Users/Chirayu/Documents/GitHub/2D-to-3D-image-reconstruction/facescape_224/fsmview_trainset_4_5_jaw_left_37.jpg,0.0716676414012909,0.06772833317518234,-0.003939308226108551,8.237731017172337,0.7075307965278625,0.3230222165584564,0.3230222165584564,20.89271500005907,34.52548400002797,real_npy,0,1
688,/mnt/c/Users/Chirayu/Documents/GitHub/2D-to-3D-image-reconstruction/facescape_224/fsmview_trainset_8_11_chin_raiser_43.jpg,0.03155059739947319,0.03551981598138809,0.003969218581914902,7.642358936369419,0.6377686262130737,0.20634442567825317,0.20634442567825317,24.608843000009983,20.276193000086096,real_npy,0,1
689,/mnt/c/Users/Chirayu/Documents/GitHub/2D-to-3D-image-reconstruction/facescape_224/fsmview_trainset_18_1_neutral_5.jpg,0.05115512013435364,0.05731609836220741,0.006160978227853775,8.298237591981888,0.718517005443573,0.33650028705596924,0.33650028705596924,24.236558999973568,24.963496000054874,real_npy,0,1
690,/mnt/c/Users/Chirayu/Documents/GitHub/2D-to-3D-image-reconstruction/facescape_224/fsmview_trainset_13_17_cheek_blowing_0.jpg,0.03431842103600502,233.3386993408203,233.3043809197843,281.35893601179123,278.3147888183594,0.39141422510147095,0.39141422510147095,20.6235990000323,17.86205799999152,real_npy,1,1
691,/mnt/c/Users/Chirayu/Documents/GitHub/2D-to-3D-image-reconstruction/facescape_224/fsmview_trainset_3_10_dimpler_25.jpg,0.03350610285997391,7.429980754852295,7.396474651992321,58.76477291435003,8.523551940917969,0.3211786150932312,0.3211786150932312,20.962302999919302,20.490637999955652,real_npy,1,1
692,/mnt/c/Users/Chirayu/Documents/GitHub/2D-to-3D-image-reconstruction/facescape_224/fsmview_trainset_1_19_brow_raiser_23.jpg,0.03664478659629822,0.03720511123538017,0.000560324639081955,8.31592211034149,0.6992077231407166,0.36637425422668457,0.36637425422668457,24.26040499994997,23.41936400000577,real_npy,0,1
693,/mnt/c/Users/Chirayu/Documents/GitHub/2D-to-3D-image-reconstruction/facescape_224/fsmview_trainset_13_18_eye_closed_5.jpg,0.05347146838903427,0.05296967178583145,-0.0005017966032028198,8.579187408089638,0.6674226522445679,0.4459347724914551,0.4459347724914551,20.730672000013328,21.493334000069808,real_npy,0,1
694,/mnt/c/Users/Chirayu/Documents/GitHub/2D-to-3D-image-reconstruction/facescape_224/fsmview_trainset_5_20_brow_lower_34.jpg,0.04809993505477905,1.8954495191574097,1.8473495841026306,26.78679333999753,2.9567854404449463,0.433559775352478,0.433559775352478,24.04848900005163,29.212174000008417,real_npy,0,1
695,/mnt/c/Users/Chirayu/Documents/GitHub/2D-to-3D-image-reconstruction/facescape_224/fsmview_trainset_16_19_brow_raiser_24.jpg,0.041100066155195236,0.04326680675148964,0.002166740596294403,8.561808165628463,0.7169435024261475,0.3674924075603485,0.3674924075603485,22.639035999986845,23.32893699997385,real_npy,0,1
696,/mnt/c/Users/Chirayu/Documents/GitHub/2D-to-3D-image-reconstruction/facescape_224/fsmview_trainset_18_14_sadness_42.jpg,0.08376429229974747,0.07979143410921097,-0.003972858190536499,8.424817986786366,0.7539787888526917,0.49920424818992615,0.49920424818992615,23.969706999992013,21.834709000017938,real_npy,0,1
697,/mnt/c/Users/Chirayu/Documents/GitHub/2D-to-3D-image-reconstruction/facescape_224/fsmview_trainset_2_1_neutral_31.jpg,0.05820280313491821,0.06216108053922653,0.003958277404308319,8.7408327460289,0.696787416934967,0.47356730699539185,0.47356730699539185,27.20599199994922,73.0700669998896,real_npy,0,1
698,/mnt/c/Users/Chirayu/Documents/GitHub/2D-to-3D-image-reconstruction/facescape_224/fsmview_trainset_9_11_chin_raiser_34.jpg,0.0406014509499073,0.04683900251984596,0.00623755156993866,8.004624292254448,0.66086345911026,0.42865923047065735,0.42865923047065735,49.27853799995319,40.40897599998061,real_npy,0,1
699,/mnt/c/Users/Chirayu/Documents/GitHub/2D-to-3D-image-reconstruction/facescape_224/fsmview_trainset_8_8_mouth_left_19.jpg,0.03980538621544838,0.04090379923582077,0.0010984130203723907,8.666119589470327,0.7289290428161621,0.2894468903541565,0.2894468903541565,23.381072999995922,22.5390549999247,real_npy,0,1
700,/mnt/c/Users/Chirayu/Documents/GitHub/2D-to-3D-image-reconstruction/facescape_224/fsmview_trainset_4_4_anger_7.jpg,0.03902207687497139,0.04557422921061516,0.006552152335643768,7.92496906965971,0.6725601553916931,0.18942205607891083,0.18942205607891083,21.988673999999264,57.046474999992824,real_npy,0,1
701,/mnt/c/Users/Chirayu/Documents/GitHub/2D-to-3D-image-reconstruction/facescape_224/fsmview_trainset_2_6_jaw_right_38.jpg,0.08684469014406204,0.09798303246498108,0.011138342320919037,7.9149210304021835,0.6883406043052673,0.386805921792984,0.386805921792984,25.058330999968348,21.74929299997075,real_npy,0,1
702,/mnt/c/Users/Chirayu/Documents/GitHub/2D-to-3D-image-reconstruction/facescape_224/fsmview_trainset_3_18_eye_closed_43.jpg,0.63646399974823,0.5119175910949707,-0.12454640865325928,6.560212388634682,0.6227956414222717,0.4385756850242615,0.4385756850242615,21.507930999973723,20.124726999938503,real_npy,0,1
703,/mnt/c/Users/Chirayu/Documents/GitHub/2D-to-3D-image-reconstruction/facescape_224/fsmview_trainset_18_14_sadness_1.jpg,0.02839694358408451,0.028656430542469025,0.00025948695838451385,8.118996299803257,0.6647676825523376,0.33399060368537903,0.33399060368537903,23.47907499995472,19.98967999998058,real_npy,0,1
704,/mnt/c/Users/Chirayu/Documents/GitHub/2D-to-3D-image-reconstruction/facescape_224/fsmview_trainset_12_18_eye_closed_41.jpg,0.04884163662791252,0.046678945422172546,-0.002162691205739975,8.770396888256073,0.7643415927886963,0.3767728805541992,0.3767728805541992,22.409011000036116,20.785435999982838,real_npy,0,1
705,/mnt/c/Users/Chirayu/Documents/GitHub/2D-to-3D-image-reconstruction/facescape_224/fsmview_trainset_11_19_brow_raiser_29.jpg,0.19984760880470276,0.7437549233436584,0.5439073145389557,20.539802849758416,1.9427685737609863,0.4291144609451294,0.4291144609451294,24.619150000035006,25.174963999916145,real_npy,0,1
706,/mnt/c/Users/Chirayu/Documents/GitHub/2D-to-3D-image-reconstruction/facescape_224/fsmview_trainset_9_4_anger_33.jpg,0.09946597367525101,0.09689558297395706,-0.0025703907012939453,7.900018364191055,0.6641865968704224,0.45197436213493347,0.45197436213493347,23.890580000056616,24.627661999943484,real_npy,0,1
707,/mnt/c/Users/Chirayu/Documents/GitHub/2D-to-3D-image-reconstruction/facescape_224/fsmview_trainset_14_3_mouth_stretch_37.jpg,0.09116961061954498,0.09476596862077713,0.003596358001232147,9.081694068852812,0.7757024168968201,0.5244734287261963,0.5244734287261963,21.568681999951878,54.74111399996673,real_npy,0,1
708,/mnt/c/Users/Chirayu/Documents/GitHub/2D-to-3D-image-reconstruction/facescape_224/fsmview_trainset_11_20_brow_lower_12.jpg,0.0635804608464241,0.1027667447924614,0.03918628394603729,7.730517458170652,0.6853532791137695,0.5902206301689148,0.5902206301689148,25.508629000000838,22.385122999935447,real_npy,0,1
709,/mnt/c/Users/Chirayu/Documents/GitHub/2D-to-3D-image-reconstruction/facescape_224/fsmview_trainset_12_1_neutral_50.jpg,0.032304223626852036,5.025341510772705,4.993037287145853,49.324955336749554,6.1003594398498535,0.44100916385650635,0.44100916385650635,24.139504000004308,33.51958899997953,real_npy,1,1
710,/mnt/c/Users/Chirayu/Documents/GitHub/2D-to-3D-image-reconstruction/facescape_224/fsmview_trainset_8_13_lip_funneler_36.jpg,0.05759230628609657,0.049023326486349106,-0.008568979799747467,7.693266175687313,0.7233136892318726,0.30059337615966797,0.30059337615966797,20.786069999985557,20.609786000022723,real_npy,0,1
711,/mnt/c/Users/Chirayu/Documents/GitHub/2D-to-3D-image-reconstruction/facescape_224/fsmview_trainset_7_15_lip_roll_38.jpg,0.0834733322262764,0.08545827865600586,0.0019849464297294617,7.775468174368143,0.7265872955322266,0.41199737787246704,0.41199737787246704,21.12879799994971,30.527341000038177,real_npy,0,1
712,/mnt/c/Users/Chirayu/Documents/GitHub/2D-to-3D-image-reconstruction/facescape_224/fsmview_trainset_8_9_mouth_right_25.jpg,0.05412265285849571,0.052817847579717636,-0.0013048052787780762,7.263306617736816,0.6507810950279236,0.3547350764274597,0.3547350764274597,20.118723999985377,21.755331000008482,real_npy,0,1
713,/mnt/c/Users/Chirayu/Documents/GitHub/2D-to-3D-image-reconstruction/facescape_224/fsmview_trainset_19_18_eye_closed_2.jpg,0.0625409334897995,0.057662103325128555,-0.004878830164670944,9.420373149216175,0.7616370320320129,0.30484896898269653,0.30484896898269653,21.50413300000764,43.42230700001437,real_npy,0,1
714,/mnt/c/Users/Chirayu/Documents/GitHub/2D-to-3D-image-reconstruction/facescape_224/fsmview_trainset_20_14_sadness_42.jpg,0.047942351549863815,0.04594307020306587,-0.001999281346797943,8.523467499762774,0.6775339245796204,0.5265964865684509,0.5265964865684509,19.84568400007447,20.60053999991851,real_npy,0,1
715,/mnt/c/Users/Chirayu/Documents/GitHub/2D-to-3D-image-reconstruction/facescape_224/fsmview_trainset_14_4_anger_41.jpg,0.03130539506673813,0.034536752849817276,0.0032313577830791473,7.783884666860104,0.6519878506660461,0.41101840138435364,0.41101840138435364,20.710561999976562,18.63430799994603,real_npy,0,1
716,/mnt/c/Users/Chirayu/Documents/GitHub/2D-to-3D-image-reconstruction/facescape_224/fsmview_trainset_1_16_grin_35.jpg,0.05793464183807373,0.05255480483174324,-0.00537983700633049,8.452898316085339,0.768613338470459,0.36559823155403137,0.36559823155403137,20.104371000002175,19.42755900006432,real_npy,0,1
717,/mnt/c/Users/Chirayu/Documents/GitHub/2D-to-3D-image-reconstruction/facescape_224/fsmview_trainset_3_5_jaw_left_24.jpg,0.03273949399590492,3.0597305297851562,3.0269910357892513,38.40685070678592,4.22219181060791,0.32231083512306213,0.32231083512306213,20.341823999956432,42.66574700000092,real_npy,1,1
718,/mnt/c/Users/Chirayu/Documents/GitHub/2D-to-3D-image-reconstruction/facescape_224/fsmview_trainset_2_4_anger_1.jpg,0.122170589864254,0.11905737221240997,-0.0031132176518440247,8.83017547428608,0.7659046053886414,0.4818607270717621,0.4818607270717621,22.357401000022037,21.560694000072544,real_npy,0,1
719,/mnt/c/Users/Chirayu/Documents/GitHub/2D-to-3D-image-reconstruction/facescape_224/fsmview_trainset_20_18_eye_closed_12.jpg,0.06466691941022873,0.11605729907751083,0.051390379667282104,7.414157699793577,0.6999197006225586,0.5843247175216675,0.5843247175216675,21.642651000092883,21.778720000042995,real_npy,0,1
720,/mnt/c/Users/Chirayu/Documents/GitHub/2D-to-3D-image-reconstruction/facescape_224/fsmview_trainset_16_19_brow_raiser_11.jpg,0.08961310237646103,0.0936584323644638,0.004045329988002777,8.240526713430882,0.7403162717819214,0.3656708598136902,0.3656708598136902,20.92650700001286,19.180327000071884,real_npy,0,1
721,/mnt/c/Users/Chirayu/Documents/GitHub/2D-to-3D-image-reconstruction/facescape_224/fsmview_trainset_6_12_lip_puckerer_50.jpg,0.328946053981781,0.299349844455719,-0.02959620952606201,6.735264107584953,0.6254572868347168,0.4145434498786926,0.4145434498786926,23.604012000078,20.58046199999808,real_npy,0,1
722,/mnt/c/Users/Chirayu/Documents/GitHub/2D-to-3D-image-reconstruction/facescape_224/fsmview_trainset_12_5_jaw_left_19.jpg,0.04311136528849602,0.041017353534698486,-0.002094011753797531,8.796994235366583,0.7681920528411865,0.3873852789402008,0.3873852789402008,24.381369000025188,23.06441099995027,real_npy,0,1
723,/mnt/c/Users/Chirayu/Documents/GitHub/2D-to-3D-image-reconstruction/facescape_224/fsmview_trainset_10_8_mouth_left_24.jpg,0.039006251841783524,3.0778255462646484,3.038819294422865,38.80263602361083,4.117678642272949,0.3370824158191681,0.3370824158191681,22.868322999897828,49.30251000007502,real_npy,1,1
724,/mnt/c/Users/Chirayu/Documents/GitHub/2D-to-3D-image-reconstruction/facescape_224/fsmview_trainset_14_15_lip_roll_34.jpg,0.06585130840539932,0.5485446453094482,0.4826933369040489,16.329905532766134,1.5246330499649048,0.5175021290779114,0.5175021290779114,20.735834999982217,24.002331000019694,real_npy,0,1
725,/mnt/c/Users/Chirayu/Documents/GitHub/2D-to-3D-image-reconstruction/facescape_224/fsmview_trainset_12_10_dimpler_53.jpg,0.06217529624700546,0.06318594515323639,0.0010106489062309265,8.41479005664587,0.7038418650627136,0.5071947574615479,0.5071947574615479,56.45833000005496,21.043942999995124,real_npy,0,1
726,/mnt/c/Users/Chirayu/Documents/GitHub/2D-to-3D-image-reconstruction/facescape_224/fsmview_trainset_2_12_lip_puckerer_13.jpg,0.07575087249279022,0.07831154763698578,0.0025606751441955566,9.016923008486629,0.7516905665397644,0.4569122791290283,0.4569122791290283,20.68194499997844,20.458275999999387,real_npy,0,1
727,/mnt/c/Users/Chirayu/Documents/GitHub/2D-to-3D-image-reconstruction/facescape_224/fsmview_trainset_7_14_sadness_49.jpg,0.0826583057641983,0.08054932206869125,-0.0021089836955070496,6.165066763758659,0.5371584892272949,0.4944019317626953,0.4944019317626953,22.01672800003962,60.697466999954486,real_npy,0,0
728,/mnt/c/Users/Chirayu/Documents/GitHub/2D-to-3D-image-reconstruction/facescape_224/fsmview_trainset_14_16_grin_25.jpg,0.037660639733076096,1.708818793296814,1.6711581535637379,28.749790456146002,2.7784252166748047,0.4546268880367279,0.4546268880367279,35.87836700000935,29.01294900004814,real_npy,0,1
729,/mnt/c/Users/Chirayu/Documents/GitHub/2D-to-3D-image-reconstruction/facescape_224/fsmview_trainset_15_18_eye_closed_49.jpg,0.0849958062171936,0.08992534875869751,0.004929542541503906,8.411059401929379,0.7395280599594116,0.6016882658004761,0.6016882658004761,21.15297400007421,20.552144999896882,real_npy,0,1
730,/mnt/c/Users/Chirayu/Documents/GitHub/2D-to-3D-image-reconstruction/facescape_224/fsmview_trainset_10_13_lip_funneler_42.jpg,0.07876718789339066,0.07889945060014725,0.0001322627067565918,6.945123463869095,0.6677706837654114,0.4621885120868683,0.4621885120868683,21.19331999995211,19.414964000020518,real_npy,0,1
731,/mnt/c/Users/Chirayu/Documents/GitHub/2D-to-3D-image-reconstruction/facescape_224/fsmview_trainset_1_3_mouth_stretch_15.jpg,0.1014857292175293,0.10230288654565811,0.0008171573281288147,7.738838516175747,0.6774258017539978,0.48174139857292175,0.48174139857292175,22.081937000052676,21.938370000043506,real_npy,0,1
732,/mnt/c/Users/Chirayu/Documents/GitHub/2D-to-3D-image-reconstruction/facescape_224/fsmview_trainset_1_15_lip_roll_52.jpg,0.12432645261287689,0.12967418134212494,0.005347728729248047,8.159067172557116,0.735903263092041,0.3119288980960846,0.3119288980960846,23.768488000087018,21.693617999972048,real_npy,0,1
733,/mnt/c/Users/Chirayu/Documents/GitHub/2D-to-3D-image-reconstruction/facescape_224/fsmview_trainset_19_16_grin_4.jpg,0.07554370164871216,0.08916643261909485,0.01362273097038269,8.400820419192314,0.6948908567428589,0.21181635558605194,0.21181635558605194,23.17812100000083,43.902289000016026,real_npy,0,1
734,/mnt/c/Users/Chirayu/Documents/GitHub/2D-to-3D-image-reconstruction/facescape_224/fsmview_trainset_18_14_sadness_45.jpg,0.10798889398574829,0.12661747634410858,0.01862858235836029,9.851777194067836,0.8009907007217407,0.46648940443992615,0.46648940443992615,29.99717700004112,20.87569299999359,real_npy,0,1
735,/mnt/c/Users/Chirayu/Documents/GitHub/2D-to-3D-image-reconstruction/facescape_224/fsmview_trainset_15_18_eye_closed_16.jpg,0.21692930161952972,0.23529404401779175,0.018364742398262024,7.845547899603844,0.6849169135093689,0.48660483956336975,0.48660483956336975,21.332236000034754,19.381447000000662,real_npy,0,1
736,/mnt/c/Users/Chirayu/Documents/GitHub/2D-to-3D-image-reconstruction/facescape_224/fsmview_trainset_8_9_mouth_right_29.jpg,0.06244998797774315,0.06437776982784271,0.0019277818500995636,8.167048770934343,0.6661731004714966,0.3482059836387634,0.3482059836387634,61.008579000031204,22.153651000053287,real_npy,0,1
737,/mnt/c/Users/Chirayu/Documents/GitHub/2D-to-3D-image-reconstruction/facescape_224/fsmview_trainset_18_11_chin_raiser_18.jpg,0.32649680972099304,0.3203040659427643,-0.00619274377822876,7.1411399357020855,0.6356123685836792,0.5224876403808594,0.5224876403808594,22.895681000022705,39.53221699998721,real_npy,0,1
738,/mnt/c/Users/Chirayu/Documents/GitHub/2D-to-3D-image-reconstruction/facescape_224/fsmview_trainset_8_20_brow_lower_25.jpg,0.050729185342788696,0.048507191240787506,-0.00222199410200119,7.9787784814834595,0.7098553776741028,0.3684101104736328,0.3684101104736328,28.921441999955277,21.254166999938207,real_npy,0,1
739,/mnt/c/Users/Chirayu/Documents/GitHub/2D-to-3D-image-reconstruction/facescape_224/fsmview_trainset_10_5_jaw_left_44.jpg,0.11051098257303238,0.1005726158618927,-0.009938366711139679,7.722108095884323,0.6336723566055298,0.462413489818573,0.462413489818573,19.209643000067445,20.18029500004559,real_npy,0,1
740,/mnt/c/Users/Chirayu/Documents/GitHub/2D-to-3D-image-reconstruction/facescape_224/fsmview_trainset_6_8_mouth_left_5.jpg,0.0343937948346138,6.597390651702881,6.562996856868267,55.53203026205301,7.441590785980225,0.36663028597831726,0.36663028597831726,21.554750999939642,21.425420000014128,real_npy,1,1
741,/mnt/c/Users/Chirayu/Documents/GitHub/2D-to-3D-image-reconstruction/facescape_224/fsmview_trainset_7_11_chin_raiser_27.jpg,0.05107085779309273,0.09827911108732224,0.04720825329422951,7.794143434613943,0.7097639441490173,0.3602512776851654,0.3602512776851654,24.838394999960656,19.60965800003578,real_npy,0,1
742,/mnt/c/Users/Chirayu/Documents/GitHub/2D-to-3D-image-reconstruction/facescape_224/fsmview_trainset_2_9_mouth_right_49.jpg,0.5059909820556641,0.48975563049316406,-0.0162353515625,6.784773726016283,0.5993443131446838,0.45768558979034424,0.45768558979034424,22.65683699999954,23.36092899997766,real_npy,0,1
743,/mnt/c/Users/Chirayu/Documents/GitHub/2D-to-3D-image-reconstruction/facescape_224/fsmview_trainset_16_5_jaw_left_5.jpg,0.04924861341714859,0.05527009069919586,0.006021477282047272,7.683222409337759,0.6653788685798645,0.3032377362251282,0.3032377362251282,41.62484400001176,64.08166100004564,real_npy,0,1
744,/mnt/c/Users/Chirayu/Documents/GitHub/2D-to-3D-image-reconstruction/facescape_224/fsmview_trainset_7_19_brow_raiser_5.jpg,0.039476968348026276,0.03741198405623436,-0.002064984291791916,7.664570955559611,0.6581044793128967,0.38517287373542786,0.38517287373542786,21.107693000089967,19.428011999934824,real_npy,0,1
745,/mnt/c/Users/Chirayu/Documents/GitHub/2D-to-3D-image-reconstruction/facescape_224/fsmview_trainset_18_17_cheek_blowing_9.jpg,0.05386298894882202,0.059127189218997955,0.005264200270175934,8.376164093613625,0.7246258854866028,0.3288955092430115,0.3288955092430115,21.37295099998937,20.600343999944926,real_npy,0,1
746,/mnt/c/Users/Chirayu/Documents/GitHub/2D-to-3D-image-reconstruction/facescape_224/fsmview_trainset_13_19_brow_raiser_30.jpg,0.06573247909545898,0.0803947001695633,0.014662221074104309,9.009823493659496,0.7428511381149292,0.29883304238319397,0.29883304238319397,24.193968000076893,20.47515000003841,real_npy,0,1
747,/mnt/c/Users/Chirayu/Documents/GitHub/2D-to-3D-image-reconstruction/facescape_224/fsmview_trainset_20_13_lip_funneler_20.jpg,0.2452557533979416,0.26440027356147766,0.019144520163536072,7.653023041784763,0.6462345719337463,0.3514942526817322,0.3514942526817322,27.48317699990821,29.337357999907,real_npy,0,1
748,/mnt/c/Users/Chirayu/Documents/GitHub/2D-to-3D-image-reconstruction/facescape_224/fsmview_trainset_6_8_mouth_left_35.jpg,0.036859605461359024,0.04028293862938881,0.003423333168029785,8.414741195738316,0.6681077480316162,0.3748590648174286,0.3748590648174286,24.518111000020326,19.30488100003913,real_npy,0,1
749,/mnt/c/Users/Chirayu/Documents/GitHub/2D-to-3D-image-reconstruction/facescape_224/fsmview_trainset_1_2_smile_35.jpg,0.05111153796315193,0.046048641204833984,-0.005062896758317947,8.321388505399227,0.7209547758102417,0.3792344629764557,0.3792344629764557,22.070600999995804,19.427824999979748,real_npy,0,1
750,/mnt/c/Users/Chirayu/Documents/GitHub/2D-to-3D-image-reconstruction/facescape_224/fsmview_trainset_13_15_lip_roll_29.jpg,0.042206548154354095,0.049762267619371414,0.007555719465017319,8.060766331851482,0.633012592792511,0.36408570408821106,0.36408570408821106,20.39622600000257,19.942577000051642,real_npy,0,1
751,/mnt/c/Users/Chirayu/Documents/GitHub/2D-to-3D-image-reconstruction/facescape_224/fsmview_trainset_16_4_anger_42.jpg,0.06807322055101395,0.07209201902151108,0.004018798470497131,7.664080195128918,0.7099774479866028,0.4344162046909332,0.4344162046909332,23.088843999971687,20.484535000036885,real_npy,0,1
752,/mnt/c/Users/Chirayu/Documents/GitHub/2D-to-3D-image-reconstruction/facescape_224/fsmview_trainset_4_2_smile_50.jpg,0.04444409906864166,0.04757409542798996,0.003129996359348297,8.756925150752068,0.7212526798248291,0.3279253840446472,0.3279253840446472,23.960293000072852,31.211987000006047,real_npy,0,1
753,/mnt/c/Users/Chirayu/Documents/GitHub/2D-to-3D-image-reconstruction/facescape_224/fsmview_trainset_14_2_smile_9.jpg,0.17118196189403534,0.16997523605823517,-0.001206725835800171,7.657352890819311,0.7343351244926453,0.5380061268806458,0.5380061268806458,20.041189999915332,19.135903999995207,real_npy,0,1
754,/mnt/c/Users/Chirayu/Documents/GitHub/2D-to-3D-image-reconstruction/facescape_224/fsmview_trainset_16_17_cheek_blowing_39.jpg,0.08727677911520004,0.09858174622058868,0.011304967105388641,8.62543423473835,0.7000799179077148,0.434609055519104,0.434609055519104,20.35926999997173,19.353055999999924,real_npy,0,1
755,/mnt/c/Users/Chirayu/Documents/GitHub/2D-to-3D-image-reconstruction/facescape_224/fsmview_trainset_5_18_eye_closed_31.jpg,0.04949821159243584,0.050591565668582916,0.0010933540761470795,8.504505190998316,0.704073965549469,0.44612976908683777,0.44612976908683777,24.825430000078086,23.516616999927464,real_npy,0,1
756,/mnt/c/Users/Chirayu/Documents/GitHub/2D-to-3D-image-reconstruction/facescape_224/fsmview_trainset_7_2_smile_19.jpg,0.034907255321741104,0.0367041677236557,0.0017969124019145966,8.731611268594861,0.7121374011039734,0.38084617257118225,0.38084617257118225,20.132682999928875,21.49682100002792,real_npy,0,1
757,/mnt/c/Users/Chirayu/Documents/GitHub/2D-to-3D-image-reconstruction/facescape_224/fsmview_trainset_9_3_mouth_stretch_25.jpg,0.03576308861374855,0.03714465722441673,0.0013815686106681824,6.887990793213248,0.6848184466362,0.2901475429534912,0.2901475429534912,61.29659500004436,28.796758999988015,real_npy,0,1
758,/mnt/c/Users/Chirayu/Documents/GitHub/2D-to-3D-image-reconstruction/facescape_224/fsmview_trainset_1_3_mouth_stretch_35.jpg,0.043830785900354385,340.3979797363281,340.35414895042777,346.81200194358826,392.0816345214844,0.36652398109436035,0.36652398109436035,25.020737999966514,34.26327500005755,real_npy,1,1
759,/mnt/c/Users/Chirayu/Documents/GitHub/2D-to-3D-image-reconstruction/facescape_224/fsmview_trainset_19_18_eye_closed_45.jpg,0.1859990358352661,0.19972896575927734,0.01372992992401123,9.292884089052677,0.7648710608482361,0.36949172616004944,0.36949172616004944,22.062528999981623,21.52118200001496,real_npy,0,1
760,/mnt/c/Users/Chirayu/Documents/GitHub/2D-to-3D-image-reconstruction/facescape_224/fsmview_trainset_9_16_grin_44.jpg,0.17715933918952942,0.17472292482852936,-0.002436414361000061,8.268353808671236,0.7615798115730286,0.4131529927253723,0.4131529927253723,24.40104100003282,22.760367000046244,real_npy,0,1
761,/mnt/c/Users/Chirayu/Documents/GitHub/2D-to-3D-image-reconstruction/facescape_224/fsmview_trainset_9_3_mouth_stretch_47.jpg,0.09896215051412582,0.1041705384850502,0.0052083879709243774,8.86943436972797,0.7255274057388306,0.45704323053359985,0.45704323053359985,22.00795900000685,21.831111999972563,real_npy,0,1
762,/mnt/c/Users/Chirayu/Documents/GitHub/2D-to-3D-image-reconstruction/facescape_224/fsmview_trainset_11_1_neutral_28.jpg,0.11410516500473022,0.1123294085264206,-0.0017757564783096313,8.935692073777318,0.7190741896629333,0.5702133774757385,0.5702133774757385,21.67713799997273,22.19074599997839,real_npy,0,1
763,/mnt/c/Users/Chirayu/Documents/GitHub/2D-to-3D-image-reconstruction/facescape_224/fsmview_trainset_2_5_jaw_left_57.jpg,0.671489953994751,0.688334047794342,0.016844093799591064,7.21493892557919,0.6274012327194214,0.41581279039382935,0.41581279039382935,22.116647999951056,19.029753000040728,real_npy,0,1
764,/mnt/c/Users/Chirayu/Documents/GitHub/2D-to-3D-image-reconstruction/facescape_224/fsmview_trainset_1_4_anger_46.jpg,0.04467371106147766,9.037537574768066,8.992863863706589,60.26191896945238,10.393327713012695,0.3540792763233185,0.3540792763233185,22.722798000017974,20.220771000026616,real_npy,1,1
765,/mnt/c/Users/Chirayu/Documents/GitHub/2D-to-3D-image-reconstruction/facescape_224/fsmview_trainset_2_18_eye_closed_29.jpg,0.10334969311952591,0.1311107873916626,0.027761094272136688,8.567529072985053,0.7005540132522583,0.3376842737197876,0.3376842737197876,21.817930999986856,20.30838300004234,real_npy,0,1
766,/mnt/c/Users/Chirayu/Documents/GitHub/2D-to-3D-image-reconstruction/facescape_224/fsmview_trainset_13_3_mouth_stretch_53.jpg,0.051137398928403854,0.05165529251098633,0.0005178935825824738,7.84800038440153,0.6866483092308044,0.33256393671035767,0.33256393671035767,22.758025000030102,19.32756199994401,real_npy,0,1
767,/mnt/c/Users/Chirayu/Documents/GitHub/2D-to-3D-image-reconstruction/facescape_224/fsmview_trainset_19_9_mouth_right_24.jpg,0.0566100999712944,0.060117751359939575,0.003507651388645172,9.43564272671938,0.7923317551612854,0.3574247360229492,0.3574247360229492,20.733091000010972,19.159320999960983,real_npy,0,1
768,/mnt/c/Users/Chirayu/Documents/GitHub/2D-to-3D-image-reconstruction/facescape_224/fsmview_trainset_7_11_chin_raiser_54.jpg,0.0640302374958992,0.06388887017965317,-0.00014136731624603271,8.00925748795271,0.6972787380218506,0.417485773563385,0.417485773563385,23.96060800003852,20.0993710000148,real_npy,0,1
769,/mnt/c/Users/Chirayu/Documents/GitHub/2D-to-3D-image-reconstruction/facescape_224/fsmview_trainset_7_11_chin_raiser_5.jpg,0.036697473376989365,0.03716857731342316,0.0004711039364337921,8.070179972797632,0.666357696056366,0.3535841405391693,0.3535841405391693,22.80509299998812,21.87706800009437,real_npy,0,1
770,/mnt/c/Users/Chirayu/Documents/GitHub/2D-to-3D-image-reconstruction/facescape_224/fsmview_trainset_7_7_jaw_forward_34.jpg,0.06423010677099228,0.06982488185167313,0.005594775080680847,7.966387081891298,0.678084135055542,0.4486370384693146,0.4486370384693146,22.275470999943536,20.79531999993378,real_npy,0,1
771,/mnt/c/Users/Chirayu/Documents/GitHub/2D-to-3D-image-reconstruction/facescape_224/fsmview_trainset_11_5_jaw_left_29.jpg,0.28685280680656433,22.37822151184082,22.091368705034256,98.02808058261871,23.65635871887207,0.44208765029907227,0.44208765029907227,53.300700000022516,18.589155000086066,real_npy,1,1
772,/mnt/c/Users/Chirayu/Documents/GitHub/2D-to-3D-image-reconstruction/facescape_224/fsmview_trainset_6_8_mouth_left_39.jpg,0.06762410700321198,0.06629058718681335,-0.0013335198163986206,8.408025234937668,0.7221739888191223,0.31498438119888306,0.31498438119888306,20.246819999897525,19.78547500004879,real_npy,0,1
773,/mnt/c/Users/Chirayu/Documents/GitHub/2D-to-3D-image-reconstruction/facescape_224/fsmview_trainset_13_8_mouth_left_38.jpg,0.10700050741434097,0.09736520797014236,-0.009635299444198608,7.41531016305089,0.6631501317024231,0.4103967547416687,0.4103967547416687,20.25499400008357,20.333070999981828,real_npy,0,1
774,/mnt/c/Users/Chirayu/Documents/GitHub/2D-to-3D-image-reconstruction/facescape_224/fsmview_trainset_20_16_grin_11.jpg,0.08291109651327133,0.10749435424804688,0.024583257734775543,7.327572524547577,0.7166846394538879,0.5406946539878845,0.5406946539878845,23.252807000062603,35.915947000034976,real_npy,0,1
775,/mnt/c/Users/Chirayu/Documents/GitHub/2D-to-3D-image-reconstruction/facescape_224/fsmview_trainset_12_8_mouth_left_25.jpg,0.032188914716243744,0.4164765775203705,0.38428766280412674,14.212193162646145,1.226193904876709,0.48155808448791504,0.48155808448791504,20.096711999940453,50.278037999987646,real_npy,0,1
776,/mnt/c/Users/Chirayu/Documents/GitHub/2D-to-3D-image-reconstruction/facescape_224/fsmview_trainset_3_11_chin_raiser_35.jpg,0.03928855434060097,0.039418015629053116,0.00012946128845214844,7.996543876826763,0.6383185982704163,0.4249761998653412,0.4249761998653412,23.092546000043512,20.318245999987994,real_npy,0,1
777,/mnt/c/Users/Chirayu/Documents/GitHub/2D-to-3D-image-reconstruction/facescape_224/fsmview_trainset_9_11_chin_raiser_17.jpg,0.04787374660372734,0.04839588701725006,0.0005221404135227203,8.695748535450548,0.7109742164611816,0.29898807406425476,0.29898807406425476,24.598640000021987,22.779586999945423,real_npy,0,1
778,/mnt/c/Users/Chirayu/Documents/GitHub/2D-to-3D-image-reconstruction/facescape_224/fsmview_trainset_12_20_brow_lower_13.jpg,0.032175496220588684,1.0081697702407837,0.975994274020195,21.850964510813355,1.9742423295974731,0.4750092625617981,0.4750092625617981,24.140424999927745,27.396495999937542,real_npy,0,1
779,/mnt/c/Users/Chirayu/Documents/GitHub/2D-to-3D-image-reconstruction/facescape_224/fsmview_trainset_9_12_lip_puckerer_17.jpg,0.036665208637714386,2.8856160640716553,2.848950855433941,37.74374521523714,3.9685230255126953,0.3093951344490051,0.3093951344490051,20.427732999905857,30.983004000063374,real_npy,1,1
780,/mnt/c/Users/Chirayu/Documents/GitHub/2D-to-3D-image-reconstruction/facescape_224/fsmview_trainset_11_9_mouth_right_30.jpg,0.03875913843512535,15.057868957519531,15.019109819084406,82.14975583553314,15.860213279724121,0.4802728593349457,0.4802728593349457,24.757644000032997,22.169917000042005,real_npy,1,1
781,/mnt/c/Users/Chirayu/Documents/GitHub/2D-to-3D-image-reconstruction/facescape_224/fsmview_trainset_4_18_eye_closed_0.jpg,0.16209714114665985,0.17473788559436798,0.01264074444770813,8.129790715873241,0.6928565502166748,0.26896488666534424,0.26896488666534424,20.88293999997859,19.395810999981222,real_npy,0,1
782,/mnt/c/Users/Chirayu/Documents/GitHub/2D-to-3D-image-reconstruction/facescape_224/fsmview_trainset_14_20_brow_lower_56.jpg,0.05627339705824852,0.05027221515774727,-0.006001181900501251,8.03270410373807,0.7501680254936218,0.3559594750404358,0.3559594750404358,20.06771900005333,21.041823000018667,real_npy,0,1
783,/mnt/c/Users/Chirayu/Documents/GitHub/2D-to-3D-image-reconstruction/facescape_224/fsmview_trainset_20_17_cheek_blowing_10.jpg,0.0814201831817627,0.09751265496015549,0.016092471778392792,6.799345150589943,0.5945709347724915,0.49489882588386536,0.49489882588386536,69.95819200005826,32.555761000025996,real_npy,0,1
784,/mnt/c/Users/Chirayu/Documents/GitHub/2D-to-3D-image-reconstruction/facescape_224/fsmview_trainset_17_3_mouth_stretch_36.jpg,0.21665239334106445,0.23252762854099274,0.015875235199928284,7.648817483335733,0.6471385359764099,0.34991225600242615,0.34991225600242615,30.555121000020335,21.516690999987986,real_npy,0,1
785,/mnt/c/Users/Chirayu/Documents/GitHub/2D-to-3D-image-reconstruction/facescape_224/fsmview_trainset_19_18_eye_closed_47.jpg,0.055065274238586426,0.05591332167387009,0.0008480474352836609,8.822257295250893,0.7071817517280579,0.3438256084918976,0.3438256084918976,22.1717129999206,19.6623729999601,real_npy,0,1
786,/mnt/c/Users/Chirayu/Documents/GitHub/2D-to-3D-image-reconstruction/facescape_224/fsmview_trainset_2_8_mouth_left_26.jpg,0.036994919180870056,0.039122480899095535,0.002127561718225479,8.261618614196777,0.6660399436950684,0.343899667263031,0.343899667263031,47.294369000042025,27.101754000000255,real_npy,0,1
787,/mnt/c/Users/Chirayu/Documents/GitHub/2D-to-3D-image-reconstruction/facescape_224/fsmview_trainset_19_18_eye_closed_48.jpg,0.06748747825622559,0.07539676874876022,0.007909290492534637,8.272688660770655,0.7131156325340271,0.3252069652080536,0.3252069652080536,21.12461700005497,21.61523900008433,real_npy,0,1
788,/mnt/c/Users/Chirayu/Documents/GitHub/2D-to-3D-image-reconstruction/facescape_224/fsmview_trainset_12_7_jaw_forward_28.jpg,0.049747250974178314,0.0592489093542099,0.009501658380031586,9.054252661764622,0.7439819574356079,0.4929535388946533,0.4929535388946533,20.757937999974274,19.329394000010325,real_npy,0,1
789,/mnt/c/Users/Chirayu/Documents/GitHub/2D-to-3D-image-reconstruction/facescape_224/fsmview_trainset_2_20_brow_lower_4.jpg,0.18830138444900513,0.18617592751979828,-0.002125456929206848,8.987577259540558,0.7253550291061401,0.46353235840797424,0.46353235840797424,21.652808999988338,22.974546999989798,real_npy,0,1
790,/mnt/c/Users/Chirayu/Documents/GitHub/2D-to-3D-image-reconstruction/facescape_224/fsmview_trainset_2_10_dimpler_48.jpg,0.16347183287143707,0.1651924103498459,0.0017205774784088135,9.332595650106668,0.78533935546875,0.49096736311912537,0.49096736311912537,22.322760999941238,20.99716999998691,real_npy,0,1
791,/mnt/c/Users/Chirayu/Documents/GitHub/2D-to-3D-image-reconstruction/facescape_224/fsmview_trainset_3_5_jaw_left_19.jpg,0.05362448841333389,0.054886188358068466,0.0012616999447345734,8.432544585783035,0.686515748500824,0.39582669734954834,0.39582669734954834,22.13885300000129,44.09141600001476,real_npy,0,1
792,/mnt/c/Users/Chirayu/Documents/GitHub/2D-to-3D-image-reconstruction/facescape_224/fsmview_trainset_1_15_lip_roll_22.jpg,0.034692976623773575,59.68204116821289,59.64734819158912,150.09366473555565,63.3289680480957,0.3719750940799713,0.3719750940799713,21.81814100003976,20.538107999982458,real_npy,1,1
793,/mnt/c/Users/Chirayu/Documents/GitHub/2D-to-3D-image-reconstruction/facescape_224/fsmview_trainset_2_1_neutral_20.jpg,0.06881973892450333,0.0744708850979805,0.005651146173477173,9.687849447131157,0.7833347320556641,0.4262562394142151,0.4262562394142151,21.342034999975112,20.69535700002234,real_npy,0,1
794,/mnt/c/Users/Chirayu/Documents/GitHub/2D-to-3D-image-reconstruction/facescape_224/fsmview_trainset_16_7_jaw_forward_20.jpg,0.05549069121479988,0.05373533442616463,-0.001755356788635254,8.738695340231061,0.7317365407943726,0.37862852215766907,0.37862852215766907,56.34890999999698,21.70434499998919,real_npy,0,1
795,/mnt/c/Users/Chirayu/Documents/GitHub/2D-to-3D-image-reconstruction/facescape_224/fsmview_trainset_3_3_mouth_stretch_9.jpg,0.04480654001235962,0.044845905154943466,3.9365142583847046e-05,7.607001714408398,0.7058627605438232,0.36929386854171753,0.36929386854171753,20.23125000005166,21.57064799996533,real_npy,0,1
796,/mnt/c/Users/Chirayu/Documents/GitHub/2D-to-3D-image-reconstruction/facescape_224/fsmview_trainset_3_10_dimpler_3.jpg,0.04803478717803955,0.04404652118682861,-0.0039882659912109375,7.416595637798309,0.6534284353256226,0.3729389011859894,0.3729389011859894,20.127954000031423,19.106759999999667,real_npy,0,1
797,/mnt/c/Users/Chirayu/Documents/GitHub/2D-to-3D-image-reconstruction/facescape_224/fsmview_trainset_16_18_eye_closed_9.jpg,0.044394370168447495,0.04981861636042595,0.005424246191978455,8.437953971326351,0.7382020354270935,0.33470407128334045,0.33470407128334045,21.030202000019926,20.246601000053488,real_npy,0,1
798,/mnt/c/Users/Chirayu/Documents/GitHub/2D-to-3D-image-reconstruction/facescape_224/fsmview_trainset_6_5_jaw_left_36.jpg,0.1301964968442917,0.142336905002594,0.012140408158302307,7.5115231946110725,0.6929943561553955,0.31715142726898193,0.31715142726898193,43.350313000019014,19.422764000069037,real_npy,0,1
799,/mnt/c/Users/Chirayu/Documents/GitHub/2D-to-3D-image-reconstruction/facescape_224/fsmview_trainset_13_19_brow_raiser_14.jpg,0.0664636567234993,0.06446687132120132,-0.0019967854022979736,9.179199449717999,0.7880724668502808,0.46205028891563416,0.46205028891563416,22.82359599996653,22.63740500006861,real_npy,0,1
800,/mnt/c/Users/Chirayu/Documents/GitHub/2D-to-3D-image-reconstruction/facescape_224/fsmview_trainset_12_9_mouth_right_6.jpg,0.062653549015522,0.06156880781054497,-0.0010847412049770355,8.607768699526787,0.7272153496742249,0.5988399982452393,0.5988399982452393,24.57316400000309,23.99287900004765,real_npy,0,1
801,/mnt/c/Users/Chirayu/Documents/GitHub/2D-to-3D-image-reconstruction/facescape_224/fsmview_trainset_3_10_dimpler_33.jpg,0.20006601512432098,0.19318199157714844,-0.006884023547172546,6.690644055604935,0.6485338807106018,0.5181901454925537,0.5181901454925537,21.534471999984817,19.772487000068395,real_npy,0,1
802,/mnt/c/Users/Chirayu/Documents/GitHub/2D-to-3D-image-reconstruction/facescape_224/fsmview_trainset_8_19_brow_raiser_15.jpg,0.1406850814819336,0.1480364203453064,0.007351338863372803,8.094158507883549,0.6661921739578247,0.40599364042282104,0.40599364042282104,23.002062000045953,37.40408300006948,real_npy,0,1
803,/mnt/c/Users/Chirayu/Documents/GitHub/2D-to-3D-image-reconstruction/facescape_224/fsmview_trainset_5_17_cheek_blowing_23.jpg,0.03654429689049721,14.617429733276367,14.58088543638587,80.0430349111557,15.849735260009766,0.3428521752357483,0.3428521752357483,23.197339000034845,21.519105000038508,real_npy,1,1
804,/mnt/c/Users/Chirayu/Documents/GitHub/2D-to-3D-image-reconstruction/facescape_224/fsmview_trainset_9_7_jaw_forward_23.jpg,0.03897569328546524,9.310178756713867,9.271203063428402,64.89282438904047,10.28357219696045,0.31111472845077515,0.31111472845077515,22.487835999982053,20.262752999997247,real_npy,1,1
805,/mnt/c/Users/Chirayu/Documents/GitHub/2D-to-3D-image-reconstruction/facescape_224/fsmview_trainset_18_7_jaw_forward_54.jpg,0.07014033943414688,0.0722372904419899,0.0020969510078430176,8.211398139595985,0.722260057926178,0.3733169436454773,0.3733169436454773,36.11044599995239,71.4532380000037,real_npy,0,1
806,/mnt/c/Users/Chirayu/Documents/GitHub/2D-to-3D-image-reconstruction/facescape_224/fsmview_trainset_6_12_lip_puckerer_55.jpg,0.061592984944581985,0.06505797803401947,0.0034649930894374847,8.345493365079165,0.7137721180915833,0.397098571062088,0.397098571062088,25.290971999993417,47.96841199993196,real_npy,0,1
807,/mnt/c/Users/Chirayu/Documents/GitHub/2D-to-3D-image-reconstruction/facescape_224/fsmview_trainset_8_14_sadness_2.jpg,0.05333390459418297,0.04998944699764252,-0.003344457596540451,7.6708387434482574,0.6802571415901184,0.27665093541145325,0.27665093541145325,24.83442000004743,22.99126500008697,real_npy,0,1
808,/mnt/c/Users/Chirayu/Documents/GitHub/2D-to-3D-image-reconstruction/facescape_224/fsmview_trainset_20_1_neutral_43.jpg,0.07923656702041626,0.08165965229272842,0.0024230852723121643,8.228675253689289,0.6957139372825623,0.5506426095962524,0.5506426095962524,22.008142000004227,22.73518900005911,real_npy,0,1
809,/mnt/c/Users/Chirayu/Documents/GitHub/2D-to-3D-image-reconstruction/facescape_224/fsmview_trainset_19_6_jaw_right_37.jpg,0.13713017106056213,0.17089411616325378,0.03376394510269165,9.647982457652688,0.767995297908783,0.4060257375240326,0.4060257375240326,22.916068000085943,21.836435000068377,real_npy,0,1
810,/mnt/c/Users/Chirayu/Documents/GitHub/2D-to-3D-image-reconstruction/facescape_224/fsmview_trainset_6_3_mouth_stretch_46.jpg,0.12176413089036942,0.11410493403673172,-0.007659196853637695,8.130654595792294,0.7543919086456299,0.3971138298511505,0.3971138298511505,21.805871000083243,20.580011000106424,real_npy,0,1
811,/mnt/c/Users/Chirayu/Documents/GitHub/2D-to-3D-image-reconstruction/facescape_224/fsmview_trainset_7_6_jaw_right_5.jpg,0.04107997566461563,0.03522391989827156,-0.0058560557663440704,7.884132321923971,0.6712731719017029,0.3494514226913452,0.3494514226913452,84.81600799996158,21.500753999930566,real_npy,0,1
812,/mnt/c/Users/Chirayu/Documents/GitHub/2D-to-3D-image-reconstruction/facescape_224/fsmview_trainset_18_15_lip_roll_5.jpg,0.04205707088112831,0.04556996747851372,0.0035128965973854065,8.478328138589859,0.725488007068634,0.338261216878891,0.338261216878891,20.988153000075727,22.32475699997849,real_npy,0,1
813,/mnt/c/Users/Chirayu/Documents/GitHub/2D-to-3D-image-reconstruction/facescape_224/fsmview_trainset_13_6_jaw_right_19.jpg,0.14168505370616913,0.15213049948215485,0.010445445775985718,8.087929591536522,0.656722366809845,0.32488134503364563,0.32488134503364563,23.054018000038923,23.879572000055305,real_npy,0,1
814,/mnt/c/Users/Chirayu/Documents/GitHub/2D-to-3D-image-reconstruction/facescape_224/fsmview_trainset_11_8_mouth_left_39.jpg,0.28154683113098145,0.2733469605445862,-0.008199870586395264,7.980800449848175,0.7277319431304932,0.5550031661987305,0.5550031661987305,22.004558000048746,21.169998000004853,real_npy,0,1
815,/mnt/c/Users/Chirayu/Documents/GitHub/2D-to-3D-image-reconstruction/facescape_224/fsmview_trainset_14_19_brow_raiser_26.jpg,0.04670660197734833,0.061782628297805786,0.015076026320457458,8.489587159827352,0.8565289378166199,0.4956153333187103,0.4956153333187103,22.20128199996907,20.29334199994537,real_npy,0,1
816,/mnt/c/Users/Chirayu/Documents/GitHub/2D-to-3D-image-reconstruction/facescape_224/fsmview_trainset_8_1_neutral_55.jpg,0.04931638017296791,0.055116768926382065,0.005800388753414154,7.793195191770792,0.7058699727058411,0.2679924964904785,0.2679924964904785,23.10174800004461,20.655748000081076,real_npy,0,1
817,/mnt/c/Users/Chirayu/Documents/GitHub/2D-to-3D-image-reconstruction/facescape_224/fsmview_trainset_19_4_anger_44.jpg,0.6583307981491089,0.5517905354499817,-0.1065402626991272,7.6958267390728,0.7167662382125854,0.44136425852775574,0.44136425852775574,29.909610999993674,25.70553199996084,real_npy,0,1
818,/mnt/c/Users/Chirayu/Documents/GitHub/2D-to-3D-image-reconstruction/facescape_224/fsmview_trainset_12_18_eye_closed_16.jpg,0.05053587630391121,0.04636372998356819,-0.004172146320343018,8.936703957617283,0.7422103881835938,0.5039554834365845,0.5039554834365845,22.73622100005923,39.37959699999283,real_npy,0,1
819,/mnt/c/Users/Chirayu/Documents/GitHub/2D-to-3D-image-reconstruction/facescape_224/fsmview_trainset_12_13_lip_funneler_26.jpg,0.5272219181060791,0.49786052107810974,-0.02936139702796936,7.654566023498774,0.6933470964431763,0.5514529347419739,0.5514529347419739,21.24429200000577,21.93977799993263,template_fallback,0,1
820,/mnt/c/Users/Chirayu/Documents/GitHub/2D-to-3D-image-reconstruction/facescape_224/fsmview_trainset_3_18_eye_closed_7.jpg,0.06460338830947876,0.07516501843929291,0.010561630129814148,8.378832813352346,0.7157376408576965,0.29073479771614075,0.29073479771614075,21.311307000019042,19.17688100002124,real_npy,0,1
821,/mnt/c/Users/Chirayu/Documents/GitHub/2D-to-3D-image-reconstruction/facescape_224/fsmview_trainset_4_7_jaw_forward_49.jpg,0.0830402672290802,0.08876799046993256,0.005727723240852356,8.076707847416401,0.7752906680107117,0.30279919505119324,0.30279919505119324,20.44579000005342,20.804883999971935,real_npy,0,1
822,/mnt/c/Users/Chirayu/Documents/GitHub/2D-to-3D-image-reconstruction/facescape_224/fsmview_trainset_13_15_lip_roll_2.jpg,1.147097110748291,1.1016578674316406,-0.04543924331665039,6.243611209094524,0.6514076590538025,0.35604485869407654,0.35604485869407654,56.28975100000844,23.2047079999802,real_npy,0,0
823,/mnt/c/Users/Chirayu/Documents/GitHub/2D-to-3D-image-reconstruction/facescape_224/fsmview_trainset_2_8_mouth_left_1.jpg,0.19661998748779297,0.19078421592712402,-0.005835771560668945,8.076547712087631,0.6960757970809937,0.49299007654190063,0.49299007654190063,54.85381000005418,32.084681000014825,real_npy,0,1
824,/mnt/c/Users/Chirayu/Documents/GitHub/2D-to-3D-image-reconstruction/facescape_224/fsmview_trainset_2_12_lip_puckerer_39.jpg,0.11297000199556351,0.11701523512601852,0.004045233130455017,8.051050662994385,0.7018126249313354,0.43704965710639954,0.43704965710639954,21.100369999999202,21.539469999993344,real_npy,0,1
825,/mnt/c/Users/Chirayu/Documents/GitHub/2D-to-3D-image-reconstruction/facescape_224/fsmview_trainset_4_1_neutral_52.jpg,0.03760511055588722,0.036641452461481094,-0.0009636580944061279,9.081081171054393,0.7644799947738647,0.21823973953723907,0.21823973953723907,22.095902000046408,21.717625999940537,real_npy,0,1
826,/mnt/c/Users/Chirayu/Documents/GitHub/2D-to-3D-image-reconstruction/facescape_224/fsmview_trainset_11_5_jaw_left_62.jpg,0.47008273005485535,0.4677712619304657,-0.0023114681243896484,8.219033120200038,0.7708318829536438,0.5306856036186218,0.5306856036186218,19.556647000058547,19.235076999962075,real_npy,0,1
827,/mnt/c/Users/Chirayu/Documents/GitHub/2D-to-3D-image-reconstruction/facescape_224/fsmview_trainset_10_8_mouth_left_4.jpg,0.04280220717191696,0.04857110232114792,0.005768895149230957,7.566558122634888,0.6500646471977234,0.22105072438716888,0.22105072438716888,20.622639000066556,20.986469000035868,real_npy,0,1
828,/mnt/c/Users/Chirayu/Documents/GitHub/2D-to-3D-image-reconstruction/facescape_224/fsmview_trainset_3_8_mouth_left_12.jpg,0.09116049110889435,0.11678137630224228,0.02562088519334793,7.827672813087702,0.7017133831977844,0.24961692094802856,0.24961692094802856,25.35597200005668,72.0535299999483,real_npy,0,1
829,/mnt/c/Users/Chirayu/Documents/GitHub/2D-to-3D-image-reconstruction/facescape_224/fsmview_trainset_19_12_lip_puckerer_11.jpg,0.07280141860246658,0.07501322031021118,0.0022118017077445984,8.761372074484825,0.7293696403503418,0.3277492821216583,0.3277492821216583,20.22407499998735,23.485711000034826,real_npy,0,1
830,/mnt/c/Users/Chirayu/Documents/GitHub/2D-to-3D-image-reconstruction/facescape_224/fsmview_trainset_5_7_jaw_forward_2.jpg,0.06331508606672287,0.05919657647609711,-0.004118509590625763,8.648594200611115,0.6843655109405518,0.44452786445617676,0.44452786445617676,25.30119100003958,36.499339999977565,real_npy,0,1
831,/mnt/c/Users/Chirayu/Documents/GitHub/2D-to-3D-image-reconstruction/facescape_224/fsmview_trainset_11_15_lip_roll_45.jpg,0.057250022888183594,0.07152093201875687,0.014270909130573273,8.01968590542674,0.7233845591545105,0.6428841948509216,0.6428841948509216,22.07158199996684,22.18170099990857,real_npy,0,1
832,/mnt/c/Users/Chirayu/Documents/GitHub/2D-to-3D-image-reconstruction/facescape_224/fsmview_trainset_8_5_jaw_left_15.jpg,0.08967649191617966,0.09150666743516922,0.001830175518989563,7.887167267501354,0.6188716292381287,0.40998750925064087,0.40998750925064087,21.390959999962433,21.01212200000191,real_npy,0,1
833,/mnt/c/Users/Chirayu/Documents/GitHub/2D-to-3D-image-reconstruction/facescape_224/fsmview_trainset_16_3_mouth_stretch_1.jpg,0.02894490584731102,1.2451220750808716,1.2161771692335606,24.223122784867883,2.2016146183013916,0.3042123317718506,0.3042123317718506,39.626914999985274,38.8522540000622,real_npy,0,1
834,/mnt/c/Users/Chirayu/Documents/GitHub/2D-to-3D-image-reconstruction/facescape_224/fsmview_trainset_5_16_grin_19.jpg,0.042968641966581345,0.04562193155288696,0.0026532895863056183,8.904753503855318,0.7405527830123901,0.3534547984600067,0.3534547984600067,21.459272000015517,21.55447699999513,real_npy,0,1
835,/mnt/c/Users/Chirayu/Documents/GitHub/2D-to-3D-image-reconstruction/facescape_224/fsmview_trainset_3_4_anger_23.jpg,0.02998274192214012,2.221325159072876,2.191342417150736,32.83306745067239,3.3659772872924805,0.33128562569618225,0.33128562569618225,23.299644000076114,32.8185589999066,real_npy,1,1
836,/mnt/c/Users/Chirayu/Documents/GitHub/2D-to-3D-image-reconstruction/facescape_224/fsmview_trainset_13_15_lip_roll_55.jpg,0.07643376290798187,0.0960511863231659,0.01961742341518402,8.133332516998053,0.6911211013793945,0.3074433207511902,0.3074433207511902,21.200762000034956,20.4171169999654,real_npy,0,1
837,/mnt/c/Users/Chirayu/Documents/GitHub/2D-to-3D-image-reconstruction/facescape_224/fsmview_trainset_8_11_chin_raiser_9.jpg,0.045005783438682556,0.03853696212172508,-0.006468821316957474,8.1191874332726,0.6616165637969971,0.22955112159252167,0.22955112159252167,19.901639000067917,29.360189999920294,real_npy,0,1
838,/mnt/c/Users/Chirayu/Documents/GitHub/2D-to-3D-image-reconstruction/facescape_224/fsmview_trainset_5_2_smile_11.jpg,0.2386462241411209,0.2465694397687912,0.007923215627670288,6.624689921736717,0.6496065855026245,0.5780972838401794,0.5780972838401794,68.75615899991772,19.976897999981702,real_npy,0,1
839,/mnt/c/Users/Chirayu/Documents/GitHub/2D-to-3D-image-reconstruction/facescape_224/fsmview_trainset_20_10_dimpler_10.jpg,0.08573244512081146,0.07951406389474869,-0.006218381226062775,7.874055370688438,0.7041947841644287,0.570749044418335,0.570749044418335,34.861153000065315,84.20815499994205,real_npy,0,1
840,/mnt/c/Users/Chirayu/Documents/GitHub/2D-to-3D-image-reconstruction/facescape_224/fsmview_trainset_3_20_brow_lower_7.jpg,0.05328651890158653,0.06722550839185715,0.013938989490270615,8.251812599599361,0.7148200273513794,0.2863719165325165,0.2863719165325165,75.43837399998665,19.29049099999247,real_npy,0,1
841,/mnt/c/Users/Chirayu/Documents/GitHub/2D-to-3D-image-reconstruction/facescape_224/fsmview_trainset_4_19_brow_raiser_19.jpg,0.04016801714897156,0.039682090282440186,-0.00048592686653137207,8.979953544214368,0.7383601665496826,0.27928292751312256,0.27928292751312256,20.92995299994982,31.87889899993479,real_npy,0,1
842,/mnt/c/Users/Chirayu/Documents/GitHub/2D-to-3D-image-reconstruction/facescape_224/fsmview_trainset_11_7_jaw_forward_28.jpg,0.08349978178739548,0.07828039675951004,-0.005219385027885437,9.178524494171143,0.7346791625022888,0.5489073991775513,0.5489073991775513,21.30016199998863,31.896143000039956,real_npy,0,1
843,/mnt/c/Users/Chirayu/Documents/GitHub/2D-to-3D-image-reconstruction/facescape_224/fsmview_trainset_13_18_eye_closed_45.jpg,0.06838588416576385,0.06937796622514725,0.0009920820593833923,8.40040721744299,0.6944848299026489,0.40348172187805176,0.40348172187805176,24.1530179999927,62.42324300001201,real_npy,0,1
844,/mnt/c/Users/Chirayu/Documents/GitHub/2D-to-3D-image-reconstruction/facescape_224/fsmview_trainset_6_10_dimpler_17.jpg,0.0406007319688797,0.04182688519358635,0.0012261532247066498,8.243454094044864,0.6962280869483948,0.3702225387096405,0.3702225387096405,19.459285000039017,19.32884399991508,real_npy,0,1
845,/mnt/c/Users/Chirayu/Documents/GitHub/2D-to-3D-image-reconstruction/facescape_224/fsmview_trainset_2_4_anger_44.jpg,0.5318897366523743,0.5098708868026733,-0.022018849849700928,7.111718751490116,0.6447188854217529,0.49110960960388184,0.49110960960388184,19.679571999972723,18.649086999971587,real_npy,0,1
846,/mnt/c/Users/Chirayu/Documents/GitHub/2D-to-3D-image-reconstruction/facescape_224/fsmview_trainset_13_6_jaw_right_38.jpg,0.051854442805051804,0.05027220398187637,-0.0015822388231754303,7.975611060857773,0.7083160877227783,0.3451143801212311,0.3451143801212311,30.90682500010189,19.21801899993625,real_npy,0,1
847,/mnt/c/Users/Chirayu/Documents/GitHub/2D-to-3D-image-reconstruction/facescape_224/fsmview_trainset_11_1_neutral_66.jpg,0.24297653138637543,0.23908287286758423,-0.0038936585187911987,7.610045377165079,0.6359469890594482,0.5062687397003174,0.5062687397003174,20.855879000009736,70.49067999992076,real_npy,0,1
848,/mnt/c/Users/Chirayu/Documents/GitHub/2D-to-3D-image-reconstruction/facescape_224/fsmview_trainset_17_9_mouth_right_55.jpg,0.062604621052742,0.06467662006616592,0.0020719990134239197,8.452793788164854,0.6990556716918945,0.3769940435886383,0.3769940435886383,45.536547999972754,20.377973999984533,real_npy,0,1
849,/mnt/c/Users/Chirayu/Documents/GitHub/2D-to-3D-image-reconstruction/facescape_224/fsmview_trainset_15_14_sadness_34.jpg,0.16471901535987854,0.1821778267621994,0.017458811402320862,7.846327841281891,0.6491759419441223,0.5756279826164246,0.5756279826164246,44.64016499991885,25.374284999998054,real_npy,0,1
850,/mnt/c/Users/Chirayu/Documents/GitHub/2D-to-3D-image-reconstruction/facescape_224/fsmview_trainset_10_19_brow_raiser_32.jpg,0.0416848249733448,0.04426082596182823,0.002576000988483429,7.662202529609203,0.6703549027442932,0.29583609104156494,0.29583609104156494,35.07320200003505,20.42528700008006,real_npy,0,1
851,/mnt/c/Users/Chirayu/Documents/GitHub/2D-to-3D-image-reconstruction/facescape_224/fsmview_trainset_19_5_jaw_left_45.jpg,0.17682676017284393,0.20351457595825195,0.02668781578540802,9.28640359826386,0.8224781155586243,0.3715129792690277,0.3715129792690277,72.66990200002965,21.05402999995931,real_npy,0,1
852,/mnt/c/Users/Chirayu/Documents/GitHub/2D-to-3D-image-reconstruction/facescape_224/fsmview_trainset_7_9_mouth_right_1.jpg,0.05822058394551277,0.06011076644062996,0.0018901824951171875,8.095209538936615,0.7012812495231628,0.41748732328414917,0.41748732328414917,31.375309000054585,30.58562500007156,real_npy,0,1
853,/mnt/c/Users/Chirayu/Documents/GitHub/2D-to-3D-image-reconstruction/facescape_224/fsmview_trainset_17_13_lip_funneler_13.jpg,0.06644871830940247,0.07087220251560211,0.004423484206199646,8.479374902322888,0.7030721306800842,0.39738038182258606,0.39738038182258606,20.32102299995131,20.81141199994363,real_npy,0,1
854,/mnt/c/Users/Chirayu/Documents/GitHub/2D-to-3D-image-reconstruction/facescape_224/fsmview_trainset_1_7_jaw_forward_41.jpg,0.13132895529270172,0.12730278074741364,-0.004026174545288086,7.963783547282219,0.7381703853607178,0.44199734926223755,0.44199734926223755,21.106438000060734,18.88322499996775,real_npy,0,1
855,/mnt/c/Users/Chirayu/Documents/GitHub/2D-to-3D-image-reconstruction/facescape_224/fsmview_trainset_10_18_eye_closed_55.jpg,0.048337481915950775,0.04930705949664116,0.0009695775806903839,8.280766400042921,0.701210081577301,0.29219305515289307,0.29219305515289307,50.55859200001578,20.652338999980202,real_npy,0,1
856,/mnt/c/Users/Chirayu/Documents/GitHub/2D-to-3D-image-reconstruction/facescape_224/fsmview_trainset_13_9_mouth_right_37.jpg,0.07557591050863266,0.07547781616449356,-9.809434413909912e-05,8.077289089560509,0.690098226070404,0.4041873514652252,0.4041873514652252,20.637712999928226,22.40761999996721,real_npy,0,1
857,/mnt/c/Users/Chirayu/Documents/GitHub/2D-to-3D-image-reconstruction/facescape_224/fsmview_trainset_10_5_jaw_left_3.jpg,0.05849682539701462,0.05672428756952286,-0.0017725378274917603,7.808829039335251,0.7129688858985901,0.33603864908218384,0.33603864908218384,82.81256999998732,28.41358900002433,real_npy,0,1
858,/mnt/c/Users/Chirayu/Documents/GitHub/2D-to-3D-image-reconstruction/facescape_224/fsmview_trainset_13_16_grin_3.jpg,0.04443353787064552,0.042292170226573944,-0.002141367644071579,8.358419757336378,0.6560539603233337,0.43899664282798767,0.43899664282798767,20.31086099998447,19.931753000037133,real_npy,0,1
859,/mnt/c/Users/Chirayu/Documents/GitHub/2D-to-3D-image-reconstruction/facescape_224/fsmview_trainset_15_14_sadness_42.jpg,0.3133234977722168,0.3236501216888428,0.010326623916625977,8.527878396213055,0.7507303953170776,0.49940863251686096,0.49940863251686096,21.830581000017446,19.133033000002797,real_npy,0,1
860,/mnt/c/Users/Chirayu/Documents/GitHub/2D-to-3D-image-reconstruction/facescape_224/fsmview_trainset_17_1_neutral_58.jpg,0.8588902950286865,0.8556495308876038,-0.0032407641410827637,6.529484950006008,0.6631066799163818,0.19829216599464417,0.19829216599464417,20.817098999941663,22.102424999957293,real_npy,0,1
861,/mnt/c/Users/Chirayu/Documents/GitHub/2D-to-3D-image-reconstruction/facescape_224/fsmview_trainset_8_6_jaw_right_48.jpg,0.14403609931468964,0.14299046993255615,-0.0010456293821334839,7.489724695682526,0.6769149303436279,0.3030596375465393,0.3030596375465393,20.337057000006098,19.05749599995943,real_npy,0,1
862,/mnt/c/Users/Chirayu/Documents/GitHub/2D-to-3D-image-reconstruction/facescape_224/fsmview_trainset_13_8_mouth_left_32.jpg,0.03925894945859909,0.036684226244688034,-0.0025747232139110565,8.921995336189866,0.7260816097259521,0.4317830204963684,0.4317830204963684,20.628901000009137,21.39926600000308,real_npy,0,1
863,/mnt/c/Users/Chirayu/Documents/GitHub/2D-to-3D-image-reconstruction/facescape_224/fsmview_trainset_14_17_cheek_blowing_18.jpg,0.06934279948472977,0.06453850120306015,-0.004804298281669617,7.940648674964905,0.6619081497192383,0.5182579755783081,0.5182579755783081,35.611400000107096,21.984244999998737,real_npy,0,1
864,/mnt/c/Users/Chirayu/Documents/GitHub/2D-to-3D-image-reconstruction/facescape_224/fsmview_trainset_18_17_cheek_blowing_18.jpg,0.05724688991904259,0.05862881615757942,0.0013819262385368347,9.155993815511465,0.7434239387512207,0.41484832763671875,0.41484832763671875,21.71790499994586,19.257880000054683,real_npy,0,1
865,/mnt/c/Users/Chirayu/Documents/GitHub/2D-to-3D-image-reconstruction/facescape_224/fsmview_trainset_10_11_chin_raiser_44.jpg,0.13239729404449463,0.11438202112913132,-0.018015272915363312,8.126894563436508,0.677455484867096,0.45228829979896545,0.45228829979896545,20.516193000048588,22.85726499997054,real_npy,0,1
866,/mnt/c/Users/Chirayu/Documents/GitHub/2D-to-3D-image-reconstruction/facescape_224/fsmview_trainset_8_13_lip_funneler_29.jpg,0.05469499155879021,0.05711021274328232,0.002415221184492111,7.8535588681697845,0.6769399642944336,0.36754560470581055,0.36754560470581055,21.172914999965542,30.46524399996997,real_npy,0,1
867,/mnt/c/Users/Chirayu/Documents/GitHub/2D-to-3D-image-reconstruction/facescape_224/fsmview_trainset_9_19_brow_raiser_43.jpg,0.12501110136508942,0.12023415416479111,-0.004776947200298309,7.259894996881485,0.6257624626159668,0.4200142025947571,0.4200142025947571,21.34419000003618,20.020136999960414,real_npy,0,1
868,/mnt/c/Users/Chirayu/Documents/GitHub/2D-to-3D-image-reconstruction/facescape_224/fsmview_trainset_8_9_mouth_right_46.jpg,0.05966595932841301,0.06475239992141724,0.005086440593004227,7.824467681348324,0.7007619738578796,0.33456727862358093,0.33456727862358093,32.12645500002509,41.82687299999088,real_npy,0,1
869,/mnt/c/Users/Chirayu/Documents/GitHub/2D-to-3D-image-reconstruction/facescape_224/fsmview_trainset_17_10_dimpler_1.jpg,0.19259674847126007,0.19810153543949127,0.005504786968231201,9.728805970400572,0.7530946135520935,0.4024462401866913,0.4024462401866913,22.78016499997193,19.83706800001528,real_npy,0,1
870,/mnt/c/Users/Chirayu/Documents/GitHub/2D-to-3D-image-reconstruction/facescape_224/fsmview_trainset_16_19_brow_raiser_37.jpg,0.09113391488790512,0.11386267095804214,0.022728756070137024,9.248328609392047,0.7595425248146057,0.4407002925872803,0.4407002925872803,21.40322099990044,20.550714000023618,real_npy,0,1
871,/mnt/c/Users/Chirayu/Documents/GitHub/2D-to-3D-image-reconstruction/facescape_224/fsmview_trainset_7_7_jaw_forward_31.jpg,0.0643484890460968,0.10752749443054199,0.04317900538444519,7.336878430098295,0.6692191958427429,0.47378891706466675,0.47378891706466675,20.416782999973293,33.07766599994011,real_npy,0,1
872,/mnt/c/Users/Chirayu/Documents/GitHub/2D-to-3D-image-reconstruction/facescape_224/fsmview_trainset_16_14_sadness_17.jpg,0.03686206042766571,0.3506720960140228,0.3138100355863571,13.775125375017524,1.1932419538497925,0.36293739080429077,0.36293739080429077,42.29180600009386,22.072519999937867,real_npy,0,1
873,/mnt/c/Users/Chirayu/Documents/GitHub/2D-to-3D-image-reconstruction/facescape_224/fsmview_trainset_6_7_jaw_forward_24.jpg,0.05671894922852516,0.0562693253159523,-0.0004496239125728607,8.4948700517416,0.7072790861129761,0.39124706387519836,0.39124706387519836,21.142725000004248,20.772996999994575,real_npy,0,1
874,/mnt/c/Users/Chirayu/Documents/GitHub/2D-to-3D-image-reconstruction/facescape_224/fsmview_trainset_9_17_cheek_blowing_29.jpg,0.051210083067417145,0.058461274951696396,0.007251191884279251,8.092261254787445,0.7038794755935669,0.2719251215457916,0.2719251215457916,33.46907100001317,20.547078000049623,real_npy,0,1
875,/mnt/c/Users/Chirayu/Documents/GitHub/2D-to-3D-image-reconstruction/facescape_224/fsmview_trainset_16_12_lip_puckerer_7.jpg,0.06593532860279083,0.08096343278884888,0.015028104186058044,8.196756713092327,0.6723645329475403,0.2682947516441345,0.2682947516441345,20.09189199998218,21.845584000061535,real_npy,0,1
876,/mnt/c/Users/Chirayu/Documents/GitHub/2D-to-3D-image-reconstruction/facescape_224/fsmview_trainset_7_13_lip_funneler_44.jpg,0.11412779241800308,0.12150371819734573,0.007375925779342651,7.482020255178213,0.684914767742157,0.5003924369812012,0.5003924369812012,20.01082099991436,21.57381400002123,real_npy,0,1
877,/mnt/c/Users/Chirayu/Documents/GitHub/2D-to-3D-image-reconstruction/facescape_224/fsmview_trainset_13_6_jaw_right_1.jpg,0.04418927803635597,0.0431695356965065,-0.001019742339849472,8.403826989233494,0.7010694146156311,0.41713669896125793,0.41713669896125793,20.69622999999865,20.475666000038473,real_npy,0,1
878,/mnt/c/Users/Chirayu/Documents/GitHub/2D-to-3D-image-reconstruction/facescape_224/fsmview_trainset_17_16_grin_35.jpg,0.05793173983693123,0.060508713126182556,0.0025769732892513275,8.841010015457869,0.7420472502708435,0.385345458984375,0.385345458984375,20.68565000001854,56.188671999962025,real_npy,0,1
879,/mnt/c/Users/Chirayu/Documents/GitHub/2D-to-3D-image-reconstruction/facescape_224/fsmview_trainset_1_11_chin_raiser_47.jpg,0.19854862987995148,0.19677090644836426,-0.0017777234315872192,6.94051519036293,0.6682407259941101,0.3660784661769867,0.3660784661769867,78.44901600003595,21.68582800004515,real_npy,0,1
880,/mnt/c/Users/Chirayu/Documents/GitHub/2D-to-3D-image-reconstruction/facescape_224/fsmview_trainset_9_5_jaw_left_18.jpg,0.04355405643582344,0.04168563336133957,-0.0018684230744838715,8.359397515654564,0.6994438171386719,0.38807329535484314,0.38807329535484314,27.552482000032796,21.86029500001041,real_npy,0,1
881,/mnt/c/Users/Chirayu/Documents/GitHub/2D-to-3D-image-reconstruction/facescape_224/fsmview_trainset_10_2_smile_47.jpg,0.05174360051751137,33.723690032958984,33.67194643244147,114.81433475017548,36.383155822753906,0.33744943141937256,0.33744943141937256,21.070425000061732,18.71429799996349,real_npy,1,1
882,/mnt/c/Users/Chirayu/Documents/GitHub/2D-to-3D-image-reconstruction/facescape_224/fsmview_trainset_8_14_sadness_12.jpg,0.04596004635095596,0.04647974297404289,0.0005196966230869293,7.964955851435661,0.7180673480033875,0.2905504107475281,0.2905504107475281,20.885668000005353,19.62978500000645,real_npy,0,1
883,/mnt/c/Users/Chirayu/Documents/GitHub/2D-to-3D-image-reconstruction/facescape_224/fsmview_trainset_9_15_lip_roll_55.jpg,0.1802692860364914,0.19039058685302734,0.01012130081653595,7.2808514684438705,0.6360740065574646,0.4276222288608551,0.4276222288608551,56.747452999957204,21.014407000052415,real_npy,0,1
884,/mnt/c/Users/Chirayu/Documents/GitHub/2D-to-3D-image-reconstruction/facescape_224/fsmview_trainset_12_5_jaw_left_16.jpg,0.05007436126470566,0.04369845241308212,-0.006375908851623535,8.879689184948802,0.6968220472335815,0.47407519817352295,0.47407519817352295,21.74069300008341,18.41636999995444,real_npy,0,1
885,/mnt/c/Users/Chirayu/Documents/GitHub/2D-to-3D-image-reconstruction/facescape_224/fsmview_trainset_3_5_jaw_left_8.jpg,0.0422791913151741,0.9046514630317688,0.8623722717165947,21.42040283419192,2.0041041374206543,0.3758045434951782,0.3758045434951782,20.00476900002468,25.461976000087816,real_npy,0,1
886,/mnt/c/Users/Chirayu/Documents/GitHub/2D-to-3D-image-reconstruction/facescape_224/fsmview_trainset_13_3_mouth_stretch_50.jpg,0.04874757304787636,0.04822478070855141,-0.0005227923393249512,7.311765365302563,0.6822332739830017,0.36406028270721436,0.36406028270721436,19.676376999996137,52.751188000002,real_npy,0,1
887,/mnt/c/Users/Chirayu/Documents/GitHub/2D-to-3D-image-reconstruction/facescape_224/fsmview_trainset_15_3_mouth_stretch_48.jpg,0.21924181282520294,0.2392553985118866,0.020013585686683655,8.274646311998367,0.7164542078971863,0.6327422857284546,0.6327422857284546,31.26921199998378,33.36107300003732,real_npy,0,1
888,/mnt/c/Users/Chirayu/Documents/GitHub/2D-to-3D-image-reconstruction/facescape_224/fsmview_trainset_18_16_grin_26.jpg,0.2406676858663559,0.23751556873321533,-0.003152117133140564,6.225143685936928,0.5616039037704468,0.6018533110618591,0.6018533110618591,62.89935300003435,18.496249999998327,real_npy,0,0
889,/mnt/c/Users/Chirayu/Documents/GitHub/2D-to-3D-image-reconstruction/facescape_224/fsmview_trainset_2_10_dimpler_28.jpg,0.03796527907252312,0.040475986897945404,0.002510707825422287,7.430232141166925,0.6735270023345947,0.28225070238113403,0.28225070238113403,30.994516000077965,20.321469999998953,real_npy,0,1
890,/mnt/c/Users/Chirayu/Documents/GitHub/2D-to-3D-image-reconstruction/facescape_224/fsmview_trainset_11_5_jaw_left_48.jpg,1.0169916152954102,0.896130383014679,-0.1208612322807312,8.137239798903465,0.7013728618621826,0.5680316686630249,0.5680316686630249,31.08663400007572,19.773929000052703,real_npy,0,1
891,/mnt/c/Users/Chirayu/Documents/GitHub/2D-to-3D-image-reconstruction/facescape_224/fsmview_trainset_1_7_jaw_forward_56.jpg,0.09171751886606216,9.150337219238281,9.058619700372219,65.4183911010623,9.928693771362305,0.2902890145778656,0.2902890145778656,21.47342499995375,19.464197000047534,real_npy,1,1
892,/mnt/c/Users/Chirayu/Documents/GitHub/2D-to-3D-image-reconstruction/facescape_224/fsmview_trainset_6_20_brow_lower_28.jpg,0.040221501141786575,0.04658278822898865,0.006361287087202072,7.74523302167654,0.6603084206581116,0.22931338846683502,0.22931338846683502,21.350878000021112,35.00820499994006,real_npy,0,1
893,/mnt/c/Users/Chirayu/Documents/GitHub/2D-to-3D-image-reconstruction/facescape_224/fsmview_trainset_20_13_lip_funneler_12.jpg,0.04676824435591698,0.05048909783363342,0.003720853477716446,8.561145715415478,0.7053792476654053,0.38685429096221924,0.38685429096221924,19.698446000006697,19.120518999898195,real_npy,0,1
894,/mnt/c/Users/Chirayu/Documents/GitHub/2D-to-3D-image-reconstruction/facescape_224/fsmview_trainset_13_10_dimpler_10.jpg,0.09303082525730133,0.12523271143436432,0.03220188617706299,9.185429782141,0.7909685373306274,0.48380428552627563,0.48380428552627563,70.8623659999148,19.85440299995389,real_npy,0,1
895,/mnt/c/Users/Chirayu/Documents/GitHub/2D-to-3D-image-reconstruction/facescape_224/fsmview_trainset_20_10_dimpler_31.jpg,0.034001585096120834,0.03149382025003433,-0.002507764846086502,7.706153970211744,0.6514129042625427,0.41889169812202454,0.41889169812202454,20.39895300003991,54.42071400000259,real_npy,0,1
896,/mnt/c/Users/Chirayu/Documents/GitHub/2D-to-3D-image-reconstruction/facescape_224/fsmview_trainset_17_11_chin_raiser_7.jpg,0.08098568022251129,0.09280314296483994,0.011817462742328644,8.905736602842808,0.6991763710975647,0.28045907616615295,0.28045907616615295,27.846812999996473,47.932048000006944,real_npy,0,1
897,/mnt/c/Users/Chirayu/Documents/GitHub/2D-to-3D-image-reconstruction/facescape_224/fsmview_trainset_3_19_brow_raiser_42.jpg,0.2390824556350708,0.2303542196750641,-0.008728235960006714,7.68073576502502,0.7010224461555481,0.4571093022823334,0.4571093022823334,22.31406999999308,23.37597000007463,real_npy,0,1
898,/mnt/c/Users/Chirayu/Documents/GitHub/2D-to-3D-image-reconstruction/facescape_224/fsmview_trainset_3_18_eye_closed_53.jpg,0.6607928276062012,0.5255979299545288,-0.13519489765167236,8.03306582942605,0.6819669008255005,0.43323349952697754,0.43323349952697754,86.47926999992706,22.142332999919745,real_npy,0,1
899,/mnt/c/Users/Chirayu/Documents/GitHub/2D-to-3D-image-reconstruction/facescape_224/fsmview_trainset_16_1_neutral_29.jpg,0.04991159215569496,0.05207820609211922,0.0021666139364242554,7.84182570874691,0.6493799090385437,0.4228871166706085,0.4228871166706085,20.591524999986177,23.08525200010081,real_npy,0,1
900,/mnt/c/Users/Chirayu/Documents/GitHub/2D-to-3D-image-reconstruction/facescape_224/fsmview_trainset_20_14_sadness_6.jpg,0.48474058508872986,0.42893102765083313,-0.05580955743789673,6.164341226220131,0.6580916047096252,0.49191734194755554,0.49191734194755554,25.867130999927213,36.094187999992755,template_fallback,0,0
901,/mnt/c/Users/Chirayu/Documents/GitHub/2D-to-3D-image-reconstruction/facescape_224/fsmview_trainset_10_9_mouth_right_37.jpg,0.05654548108577728,0.06920190155506134,0.012656420469284058,8.808361355215311,0.7322299480438232,0.40712857246398926,0.40712857246398926,22.203336999950807,21.079915999962395,real_npy,0,1
902,/mnt/c/Users/Chirayu/Documents/GitHub/2D-to-3D-image-reconstruction/facescape_224/fsmview_trainset_18_18_eye_closed_43.jpg,0.0825342983007431,0.08042404055595398,-0.0021102577447891235,8.000290483236313,0.6418967247009277,0.5030818581581116,0.5030818581581116,23.546571999986554,20.58273700004065,real_npy,0,1
903,/mnt/c/Users/Chirayu/Documents/GitHub/2D-to-3D-image-reconstruction/facescape_224/fsmview_trainset_2_16_grin_45.jpg,1.0207380056381226,0.8557549715042114,-0.16498303413391113,6.395630985498428,0.5853179097175598,0.4987034201622009,0.4987034201622009,22.799283000040305,20.174027000052774,real_npy,0,0
904,/mnt/c/Users/Chirayu/Documents/GitHub/2D-to-3D-image-reconstruction/facescape_224/fsmview_trainset_8_5_jaw_left_33.jpg,0.031113071367144585,0.0741792768239975,0.04306620545685291,7.178908154368401,0.6246547102928162,0.2832782566547394,0.2832782566547394,21.993623999946976,22.659013000065897,real_npy,0,1
905,/mnt/c/Users/Chirayu/Documents/GitHub/2D-to-3D-image-reconstruction/facescape_224/fsmview_trainset_4_7_jaw_forward_2.jpg,0.0629609227180481,0.055614862591028214,-0.007346060127019882,7.524965114891529,0.6783503890037537,0.27488112449645996,0.27488112449645996,19.956438000008347,18.95795600000838,real_npy,0,1
906,/mnt/c/Users/Chirayu/Documents/GitHub/2D-to-3D-image-reconstruction/facescape_224/fsmview_trainset_12_9_mouth_right_52.jpg,0.12353045493364334,0.12934252619743347,0.005812071263790131,7.9353863671422005,0.6723603010177612,0.4912307560443878,0.4912307560443878,24.96061399995142,51.79866100002073,real_npy,0,1
907,/mnt/c/Users/Chirayu/Documents/GitHub/2D-to-3D-image-reconstruction/facescape_224/fsmview_trainset_9_18_eye_closed_42.jpg,0.13874341547489166,0.1725822389125824,0.033838823437690735,6.6992593593895435,0.6652137637138367,0.4432443082332611,0.4432443082332611,19.63337600000159,19.66045500000746,real_npy,0,1
908,/mnt/c/Users/Chirayu/Documents/GitHub/2D-to-3D-image-reconstruction/facescape_224/fsmview_trainset_14_2_smile_61.jpg,0.44953930377960205,0.44778019189834595,-0.0017591118812561035,7.5294609516859055,0.6053528785705566,0.5059278607368469,0.5059278607368469,22.520800000052077,21.816253999986657,real_npy,0,1
909,/mnt/c/Users/Chirayu/Documents/GitHub/2D-to-3D-image-reconstruction/facescape_224/fsmview_trainset_7_8_mouth_left_12.jpg,0.29092827439308167,264.64013671875,264.3492084443569,298.2099642753601,292.2237548828125,0.2750994563102722,0.2750994563102722,20.128428000020904,20.63592200011044,real_npy,1,1
910,/mnt/c/Users/Chirayu/Documents/GitHub/2D-to-3D-image-reconstruction/facescape_224/fsmview_trainset_2_3_mouth_stretch_36.jpg,0.33563485741615295,0.3531675636768341,0.017532706260681152,6.966108869761229,0.5967923402786255,0.3872579038143158,0.3872579038143158,20.691851000037786,19.61709800002609,real_npy,0,1
911,/mnt/c/Users/Chirayu/Documents/GitHub/2D-to-3D-image-reconstruction/facescape_224/fsmview_trainset_6_18_eye_closed_49.jpg,0.13107584416866302,0.10959970206022263,-0.0214761421084404,7.358599346131086,0.6491302251815796,0.43022623658180237,0.43022623658180237,23.73373599994011,24.032566999949267,real_npy,0,1
912,/mnt/c/Users/Chirayu/Documents/GitHub/2D-to-3D-image-reconstruction/facescape_224/fsmview_trainset_20_15_lip_roll_14.jpg,0.142243891954422,0.15061670541763306,0.00837281346321106,7.8827024064958096,0.6755216121673584,0.4812876880168915,0.4812876880168915,21.101191999946423,20.442989000002854,real_npy,0,1
913,/mnt/c/Users/Chirayu/Documents/GitHub/2D-to-3D-image-reconstruction/facescape_224/fsmview_trainset_3_5_jaw_left_23.jpg,0.04488992318511009,0.045554909855127335,0.0006649866700172424,8.225568822119385,0.6684743762016296,0.4426657259464264,0.4426657259464264,23.72448500000246,22.328492000042388,real_npy,0,1
914,/mnt/c/Users/Chirayu/Documents/GitHub/2D-to-3D-image-reconstruction/facescape_224/fsmview_trainset_20_4_anger_66.jpg,0.2587350308895111,0.26092177629470825,0.0021867454051971436,6.931154076009989,0.6620981693267822,0.4504334330558777,0.4504334330558777,20.430104999945797,19.218699000020933,real_npy,0,1
915,/mnt/c/Users/Chirayu/Documents/GitHub/2D-to-3D-image-reconstruction/facescape_224/fsmview_trainset_14_11_chin_raiser_60.jpg,0.040225498378276825,0.0392368882894516,-0.0009886100888252258,8.67399705387652,0.7432608604431152,0.45520642399787903,0.45520642399787903,23.679090000086944,19.92869699995481,real_npy,0,1
916,/mnt/c/Users/Chirayu/Documents/GitHub/2D-to-3D-image-reconstruction/facescape_224/fsmview_trainset_6_17_cheek_blowing_19.jpg,0.05185660347342491,0.05927519127726555,0.007418587803840637,8.755345073528588,0.7785652279853821,0.3266463279724121,0.3266463279724121,24.02086499989764,21.808877000012217,real_npy,0,1
917,/mnt/c/Users/Chirayu/Documents/GitHub/2D-to-3D-image-reconstruction/facescape_224/fsmview_trainset_17_11_chin_raiser_16.jpg,0.04654078558087349,44.37974166870117,44.3332008831203,133.072406321764,46.98167419433594,0.31121495366096497,0.31121495366096497,21.648143000106757,20.354760000032,real_npy,1,1
918,/mnt/c/Users/Chirayu/Documents/GitHub/2D-to-3D-image-reconstruction/facescape_224/fsmview_trainset_12_8_mouth_left_44.jpg,0.043352801352739334,0.04362654313445091,0.00027374178171157837,7.553496312350035,0.6191022396087646,0.46108847856521606,0.46108847856521606,21.93560199998501,31.323345000032532,real_npy,0,1
919,/mnt/c/Users/Chirayu/Documents/GitHub/2D-to-3D-image-reconstruction/facescape_224/fsmview_trainset_13_1_neutral_18.jpg,0.33932673931121826,0.36594656109809875,0.026619821786880493,7.395060762763023,0.6383744478225708,0.4166359007358551,0.4166359007358551,20.666463999987172,22.38886099996762,real_npy,0,1
920,/mnt/c/Users/Chirayu/Documents/GitHub/2D-to-3D-image-reconstruction/facescape_224/fsmview_trainset_4_9_mouth_right_19.jpg,0.03903084620833397,0.03752705082297325,-0.0015037953853607178,8.915700836572796,0.7278684377670288,0.2760600447654724,0.2760600447654724,24.824431000070035,20.87268299999323,real_npy,0,1
921,/mnt/c/Users/Chirayu/Documents/GitHub/2D-to-3D-image-reconstruction/facescape_224/fsmview_trainset_19_13_lip_funneler_47.jpg,0.0775846466422081,0.07445643842220306,-0.0031282082200050354,8.229846768081188,0.7178630828857422,0.34393393993377686,0.34393393993377686,21.657947999983662,20.956888000000617,real_npy,0,1
922,/mnt/c/Users/Chirayu/Documents/GitHub/2D-to-3D-image-reconstruction/facescape_224/fsmview_trainset_11_12_lip_puckerer_16.jpg,0.054154153913259506,0.06307897716760635,0.008924823254346848,7.738194923847914,0.6476743817329407,0.4807364344596863,0.4807364344596863,24.318445999938376,20.17290900005264,real_npy,0,1
923,/mnt/c/Users/Chirayu/Documents/GitHub/2D-to-3D-image-reconstruction/facescape_224/fsmview_trainset_11_16_grin_61.jpg,0.5364330410957336,0.5230072140693665,-0.013425827026367188,7.209869764745235,0.6520224809646606,0.5014179944992065,0.5014179944992065,37.40452900001401,21.50493399994957,real_npy,0,1
924,/mnt/c/Users/Chirayu/Documents/GitHub/2D-to-3D-image-reconstruction/facescape_224/fsmview_trainset_14_14_sadness_22.jpg,0.04118744656443596,0.04143111780285835,0.0002436712384223938,7.319255348294973,0.6104001998901367,0.3925381600856781,0.3925381600856781,20.375733000037144,32.8361379999933,real_npy,0,1
925,/mnt/c/Users/Chirayu/Documents/GitHub/2D-to-3D-image-reconstruction/facescape_224/fsmview_trainset_13_1_neutral_34.jpg,0.31926408410072327,0.3179928660392761,-0.0012712180614471436,7.270571108907461,0.7082446813583374,0.4506545066833496,0.4506545066833496,21.326152000028742,20.3916449999042,real_npy,0,1
926,/mnt/c/Users/Chirayu/Documents/GitHub/2D-to-3D-image-reconstruction/facescape_224/fsmview_trainset_2_16_grin_50.jpg,0.43969765305519104,0.4785396456718445,0.03884199261665344,7.1000946164131165,0.6525227427482605,0.47697651386260986,0.47697651386260986,21.77369899993664,20.48843299996861,template_fallback,0,1
927,/mnt/c/Users/Chirayu/Documents/GitHub/2D-to-3D-image-reconstruction/facescape_224/fsmview_trainset_19_12_lip_puckerer_31.jpg,0.04083920270204544,0.04254632815718651,0.0017071254551410675,8.422457620501518,0.6920809745788574,0.28158730268478394,0.28158730268478394,39.181804000008924,39.01001700000961,real_npy,0,1
928,/mnt/c/Users/Chirayu/Documents/GitHub/2D-to-3D-image-reconstruction/facescape_224/fsmview_trainset_4_11_chin_raiser_54.jpg,0.036649495363235474,0.03624560311436653,-0.00040389224886894226,8.143225584179163,0.6957867741584778,0.19850708544254303,0.19850708544254303,77.01539799995771,20.028270000011617,real_npy,0,1
929,/mnt/c/Users/Chirayu/Documents/GitHub/2D-to-3D-image-reconstruction/facescape_224/fsmview_trainset_11_7_jaw_forward_17.jpg,0.06372609734535217,0.07724960893392563,0.013523511588573456,7.926088958978653,0.6872743964195251,0.499267041683197,0.499267041683197,21.459871000047315,20.73563599992667,real_npy,0,1
930,/mnt/c/Users/Chirayu/Documents/GitHub/2D-to-3D-image-reconstruction/facescape_224/fsmview_trainset_16_2_smile_56.jpg,0.02861241064965725,0.03368252143263817,0.005070110782980919,7.880778424441814,0.681646466255188,0.3132737874984741,0.3132737874984741,57.29699799996979,22.34528999997565,real_npy,0,1
931,/mnt/c/Users/Chirayu/Documents/GitHub/2D-to-3D-image-reconstruction/facescape_224/fsmview_trainset_8_2_smile_10.jpg,0.03871552273631096,0.03973976895213127,0.0010242462158203125,8.445825070142746,0.70863938331604,0.22912117838859558,0.22912117838859558,77.90419800005566,49.77985599998647,real_npy,0,1
932,/mnt/c/Users/Chirayu/Documents/GitHub/2D-to-3D-image-reconstruction/facescape_224/fsmview_trainset_19_8_mouth_left_24.jpg,0.05319621413946152,0.05365653336048126,0.0004603192210197449,9.084416891913861,0.7672110199928284,0.33367303013801575,0.33367303013801575,70.34397100005663,21.171620000018265,real_npy,0,1
933,/mnt/c/Users/Chirayu/Documents/GitHub/2D-to-3D-image-reconstruction/facescape_224/fsmview_trainset_7_11_chin_raiser_41.jpg,0.0824599340558052,0.08315511792898178,0.0006951838731765747,7.949648998677731,0.6721399426460266,0.5020990967750549,0.5020990967750549,35.64844000004541,20.52432499999668,real_npy,0,1
934,/mnt/c/Users/Chirayu/Documents/GitHub/2D-to-3D-image-reconstruction/facescape_224/fsmview_trainset_10_4_anger_8.jpg,0.03596030920743942,0.034605272114276886,-0.0013550370931625366,7.632395163178444,0.6551039814949036,0.2287251502275467,0.2287251502275467,19.93494999999257,19.3866380000145,real_npy,0,1
935,/mnt/c/Users/Chirayu/Documents/GitHub/2D-to-3D-image-reconstruction/facescape_224/fsmview_trainset_4_16_grin_23.jpg,0.040619559586048126,0.03921542689204216,-0.0014041326940059662,8.556095433421433,0.6930192708969116,0.2976384162902832,0.2976384162902832,19.96392000000924,26.589051999962976,real_npy,0,1
936,/mnt/c/Users/Chirayu/Documents/GitHub/2D-to-3D-image-reconstruction/facescape_224/fsmview_trainset_17_10_dimpler_34.jpg,0.043835900723934174,0.04978831112384796,0.005952410399913788,8.030921511352062,0.6642725467681885,0.42465516924858093,0.42465516924858093,134.8023909999938,67.87397700009024,real_npy,0,1
937,/mnt/c/Users/Chirayu/Documents/GitHub/2D-to-3D-image-reconstruction/facescape_224/fsmview_trainset_13_15_lip_roll_32.jpg,0.14536380767822266,0.11747535318136215,-0.027888454496860504,8.068159729242325,0.6649813652038574,0.518656313419342,0.518656313419342,99.60385499994118,20.649671000001035,real_npy,0,1
938,/mnt/c/Users/Chirayu/Documents/GitHub/2D-to-3D-image-reconstruction/facescape_224/fsmview_trainset_20_15_lip_roll_29.jpg,0.0760832130908966,0.08968526124954224,0.01360204815864563,8.045354045927525,0.6796761155128479,0.3258541226387024,0.3258541226387024,20.68693599994731,25.58865099990726,real_npy,0,1
939,/mnt/c/Users/Chirayu/Documents/GitHub/2D-to-3D-image-reconstruction/facescape_224/fsmview_trainset_20_1_neutral_47.jpg,0.07365507632493973,0.06993930786848068,-0.0037157684564590454,7.420452319085598,0.6929669380187988,0.4931551218032837,0.4931551218032837,21.119946999988315,19.225828000003276,real_npy,0,1
940,/mnt/c/Users/Chirayu/Documents/GitHub/2D-to-3D-image-reconstruction/facescape_224/fsmview_trainset_7_6_jaw_right_22.jpg,0.03778526559472084,22.13123893737793,22.09345367178321,97.16796170175076,23.76364517211914,0.37488237023353577,0.37488237023353577,26.75467699998535,18.76143599997704,real_npy,1,1
941,/mnt/c/Users/Chirayu/Documents/GitHub/2D-to-3D-image-reconstruction/facescape_224/fsmview_trainset_17_7_jaw_forward_6.jpg,0.05528601258993149,3.3109185695648193,3.255632556974888,40.954606384038925,4.726160526275635,0.32014110684394836,0.32014110684394836,36.69816299998274,27.931969000064782,real_npy,1,1
942,/mnt/c/Users/Chirayu/Documents/GitHub/2D-to-3D-image-reconstruction/facescape_224/fsmview_trainset_20_13_lip_funneler_52.jpg,0.5359939336776733,0.5512485504150391,0.015254616737365723,7.203728575259447,0.6436243653297424,0.5010544061660767,0.5010544061660767,77.71666199994343,48.784136999984185,real_npy,0,1
943,/mnt/c/Users/Chirayu/Documents/GitHub/2D-to-3D-image-reconstruction/facescape_224/fsmview_trainset_3_6_jaw_right_1.jpg,0.07154402136802673,0.07464723289012909,0.003103211522102356,8.280633136630058,0.7508081197738647,0.41301271319389343,0.41301271319389343,22.12404499994136,19.98484900002495,real_npy,0,1
944,/mnt/c/Users/Chirayu/Documents/GitHub/2D-to-3D-image-reconstruction/facescape_224/fsmview_trainset_13_4_anger_40.jpg,0.052731823176145554,0.05098668113350868,-0.0017451420426368713,7.405707307159901,0.6099211573600769,0.42209988832473755,0.42209988832473755,24.11078499994801,20.864313000060974,real_npy,0,1
945,/mnt/c/Users/Chirayu/Documents/GitHub/2D-to-3D-image-reconstruction/facescape_224/fsmview_trainset_6_16_grin_39.jpg,0.0706501230597496,0.07262587547302246,0.0019757524132728577,8.14913273230195,0.7422212362289429,0.3176040053367615,0.3176040053367615,21.0329090000414,19.62958499996148,real_npy,0,1
946,/mnt/c/Users/Chirayu/Documents/GitHub/2D-to-3D-image-reconstruction/facescape_224/fsmview_trainset_17_9_mouth_right_25.jpg,0.033874377608299255,22.828197479248047,22.794323101639748,98.45461048185825,24.487346649169922,0.29532742500305176,0.29532742500305176,21.714360000032684,28.70731899997736,real_npy,1,1
947,/mnt/c/Users/Chirayu/Documents/GitHub/2D-to-3D-image-reconstruction/facescape_224/fsmview_trainset_10_18_eye_closed_25.jpg,0.05928033962845802,0.058602217584848404,-0.0006781220436096191,7.8706168457865715,0.7322238087654114,0.4271896779537201,0.4271896779537201,56.94315699997787,19.286851999936516,real_npy,0,1
948,/mnt/c/Users/Chirayu/Documents/GitHub/2D-to-3D-image-reconstruction/facescape_224/fsmview_trainset_20_8_mouth_left_27.jpg,0.031860921531915665,0.03261841461062431,0.0007574930787086487,7.830651227384806,0.6609387397766113,0.48383647203445435,0.48383647203445435,39.26890100001401,18.69138299991846,real_npy,0,1
949,/mnt/c/Users/Chirayu/Documents/GitHub/2D-to-3D-image-reconstruction/facescape_224/fsmview_trainset_12_4_anger_23.jpg,0.13681432604789734,0.15198279917240143,0.01516847312450409,7.684693418443203,0.6333451271057129,0.6197326183319092,0.6197326183319092,20.36104699993757,20.377022000047873,real_npy,0,1
950,/mnt/c/Users/Chirayu/Documents/GitHub/2D-to-3D-image-reconstruction/facescape_224/fsmview_trainset_20_12_lip_puckerer_18.jpg,0.05464637279510498,0.05084051936864853,-0.0038058534264564514,7.869829174131155,0.630549430847168,0.4915401339530945,0.4915401339530945,20.72572300005504,19.761715999948137,real_npy,0,1
951,/mnt/c/Users/Chirayu/Documents/GitHub/2D-to-3D-image-reconstruction/facescape_224/fsmview_trainset_6_9_mouth_right_17.jpg,0.038971949368715286,0.041162360459566116,0.00219041109085083,7.686963837593794,0.6676443815231323,0.28097596764564514,0.28097596764564514,21.799559999976736,20.015344000057667,real_npy,0,1
952,/mnt/c/Users/Chirayu/Documents/GitHub/2D-to-3D-image-reconstruction/facescape_224/fsmview_trainset_20_9_mouth_right_65.jpg,0.06579023599624634,0.06529318541288376,-0.0004970505833625793,8.828530695289373,0.8350717425346375,0.43904176354408264,0.43904176354408264,20.900354999980664,47.51245099998869,real_npy,0,1
953,/mnt/c/Users/Chirayu/Documents/GitHub/2D-to-3D-image-reconstruction/facescape_224/fsmview_trainset_16_5_jaw_left_33.jpg,0.035292208194732666,0.036537207663059235,0.0012449994683265686,8.091571757569909,0.6740396022796631,0.3744714856147766,0.3744714856147766,44.342093999944154,18.902506000017638,real_npy,0,1
954,/mnt/c/Users/Chirayu/Documents/GitHub/2D-to-3D-image-reconstruction/facescape_224/fsmview_trainset_14_14_sadness_59.jpg,0.041460588574409485,0.04197821021080017,0.000517621636390686,7.438948504626751,0.6231133341789246,0.36656105518341064,0.36656105518341064,20.55846799999017,39.66725299994778,real_npy,0,1
955,/mnt/c/Users/Chirayu/Documents/GitHub/2D-to-3D-image-reconstruction/facescape_224/fsmview_trainset_12_14_sadness_36.jpg,0.05428410321474075,0.05496351420879364,0.000679410994052887,8.58132515475154,0.7264494895935059,0.3749639093875885,0.3749639093875885,41.395389999934196,19.657130000041434,real_npy,0,1
956,/mnt/c/Users/Chirayu/Documents/GitHub/2D-to-3D-image-reconstruction/facescape_224/fsmview_trainset_4_14_sadness_27.jpg,0.08216224610805511,0.08143176138401031,-0.0007304847240447998,8.058797806501389,0.7234663367271423,0.37607255578041077,0.37607255578041077,21.343887000057293,19.24661400005334,real_npy,0,1
957,/mnt/c/Users/Chirayu/Documents/GitHub/2D-to-3D-image-reconstruction/facescape_224/fsmview_trainset_13_19_brow_raiser_39.jpg,0.06947533041238785,0.06274447590112686,-0.006730854511260986,8.825627036392689,0.7211190462112427,0.4763682782649994,0.4763682782649994,21.92733499998667,21.631450999962,real_npy,0,1
958,/mnt/c/Users/Chirayu/Documents/GitHub/2D-to-3D-image-reconstruction/facescape_224/fsmview_trainset_1_15_lip_roll_16.jpg,0.04200509563088417,0.13247829675674438,0.09047320112586021,9.489393063820899,0.8423917889595032,0.2827872633934021,0.2827872633934021,23.310697999932017,42.30790099995829,real_npy,0,1
959,/mnt/c/Users/Chirayu/Documents/GitHub/2D-to-3D-image-reconstruction/facescape_224/fsmview_trainset_18_8_mouth_left_10.jpg,0.03365504369139671,0.037705209106206894,0.004050165414810181,8.486704792827368,0.6804239749908447,0.3456035852432251,0.3456035852432251,50.68930699997054,22.20206699996652,real_npy,0,1
960,/mnt/c/Users/Chirayu/Documents/GitHub/2D-to-3D-image-reconstruction/facescape_224/fsmview_trainset_4_2_smile_40.jpg,0.16608871519565582,0.15884053707122803,-0.007248178124427795,7.019094355404377,0.6837487816810608,0.5209238529205322,0.5209238529205322,37.60962700005166,21.3836220000303,real_npy,0,1
961,/mnt/c/Users/Chirayu/Documents/GitHub/2D-to-3D-image-reconstruction/facescape_224/fsmview_trainset_17_4_anger_5.jpg,0.055465348064899445,0.057529665529727936,0.002064317464828491,8.713824950158596,0.6970444321632385,0.37974813580513,0.37974813580513,21.680275999983678,19.190449999996417,real_npy,0,1
962,/mnt/c/Users/Chirayu/Documents/GitHub/2D-to-3D-image-reconstruction/facescape_224/fsmview_trainset_14_8_mouth_left_49.jpg,0.0867396891117096,0.08980268239974976,0.003062993288040161,8.46220400929451,0.7434066534042358,0.5533139109611511,0.5533139109611511,20.913429999950495,32.6296010000533,real_npy,0,1
963,/mnt/c/Users/Chirayu/Documents/GitHub/2D-to-3D-image-reconstruction/facescape_224/fsmview_trainset_18_14_sadness_22.jpg,0.0563395619392395,0.055869847536087036,-0.0004697144031524658,8.934932677075267,0.7365794777870178,0.44459086656570435,0.44459086656570435,21.936993999929655,19.029703000001064,real_npy,0,1
964,/mnt/c/Users/Chirayu/Documents/GitHub/2D-to-3D-image-reconstruction/facescape_224/fsmview_trainset_5_14_sadness_59.jpg,0.5959610939025879,0.6096453666687012,0.013684272766113281,7.089200165122747,0.6622909307479858,0.4088655114173889,0.4088655114173889,20.071660999974483,18.695469000022058,real_npy,0,1
965,/mnt/c/Users/Chirayu/Documents/GitHub/2D-to-3D-image-reconstruction/facescape_224/fsmview_trainset_6_13_lip_funneler_12.jpg,0.22085042297840118,0.23273712396621704,0.011886700987815857,7.261338276788592,0.6951841115951538,0.24556733667850494,0.24556733667850494,22.903176999989228,19.82730600002469,real_npy,0,1
966,/mnt/c/Users/Chirayu/Documents/GitHub/2D-to-3D-image-reconstruction/facescape_224/fsmview_trainset_20_12_lip_puckerer_21.jpg,0.2486666738986969,0.2700870931148529,0.021420419216156006,7.593257952481508,0.640135645866394,0.34944015741348267,0.34944015741348267,21.368377000044347,20.48627699991812,real_npy,0,1
967,/mnt/c/Users/Chirayu/Documents/GitHub/2D-to-3D-image-reconstruction/facescape_224/fsmview_trainset_9_17_cheek_blowing_32.jpg,0.04733267053961754,0.05371924489736557,0.006386574357748032,7.111016735434532,0.6085714101791382,0.3055931329727173,0.3055931329727173,56.36754600004679,19.165484000041033,real_npy,0,1
968,/mnt/c/Users/Chirayu/Documents/GitHub/2D-to-3D-image-reconstruction/facescape_224/fsmview_trainset_13_9_mouth_right_5.jpg,0.05994635447859764,0.08388261497020721,0.023936260491609573,7.705250699073076,0.6505405902862549,0.4544704556465149,0.4544704556465149,21.89495799996166,19.59023199992771,real_npy,0,1
969,/mnt/c/Users/Chirayu/Documents/GitHub/2D-to-3D-image-reconstruction/facescape_224/fsmview_trainset_16_10_dimpler_19.jpg,0.052564993500709534,0.055783238261938095,0.0032182447612285614,9.17494709417224,0.7661702036857605,0.3871486186981201,0.3871486186981201,21.57924499999808,40.87245100004111,real_npy,0,1
970,/mnt/c/Users/Chirayu/Documents/GitHub/2D-to-3D-image-reconstruction/facescape_224/fsmview_trainset_15_15_lip_roll_23.jpg,0.03120754100382328,0.031371816992759705,0.00016427598893642426,6.997805152088404,0.5617775321006775,0.5456572771072388,0.5456572771072388,95.31276099994557,23.16581800005224,real_npy,0,1
971,/mnt/c/Users/Chirayu/Documents/GitHub/2D-to-3D-image-reconstruction/facescape_224/fsmview_trainset_2_20_brow_lower_25.jpg,0.03248331695795059,0.03548242896795273,0.0029991120100021362,7.997567467391491,0.6663297414779663,0.3580128252506256,0.3580128252506256,26.495434000025853,25.838804999921194,real_npy,0,1
972,/mnt/c/Users/Chirayu/Documents/GitHub/2D-to-3D-image-reconstruction/facescape_224/fsmview_trainset_19_7_jaw_forward_34.jpg,0.04570143297314644,0.04475880414247513,-0.0009426288306713104,8.713192090392113,0.7528519630432129,0.3227134644985199,0.3227134644985199,51.37045499998294,38.33819699991636,real_npy,0,1
973,/mnt/c/Users/Chirayu/Documents/GitHub/2D-to-3D-image-reconstruction/facescape_224/fsmview_trainset_18_8_mouth_left_1.jpg,0.03011518344283104,202.90504455566406,202.87492937222123,261.35836750268936,264.4354553222656,0.34701526165008545,0.34701526165008545,20.97534499989706,20.782786999916425,real_npy,1,1
974,/mnt/c/Users/Chirayu/Documents/GitHub/2D-to-3D-image-reconstruction/facescape_224/fsmview_trainset_12_4_anger_18.jpg,0.052073884755373,0.05178165063261986,-0.0002922341227531433,8.731124825775623,0.7139943838119507,0.5159387588500977,0.5159387588500977,20.280550000052244,83.22431200008396,real_npy,0,1
975,/mnt/c/Users/Chirayu/Documents/GitHub/2D-to-3D-image-reconstruction/facescape_224/fsmview_trainset_13_9_mouth_right_25.jpg,0.04313177615404129,0.05123753473162651,0.00810575857758522,9.011987619567662,0.7380396723747253,0.41617411375045776,0.41617411375045776,20.34342900003594,21.88691799995013,real_npy,0,1
976,/mnt/c/Users/Chirayu/Documents/GitHub/2D-to-3D-image-reconstruction/facescape_224/fsmview_trainset_20_11_chin_raiser_44.jpg,0.1688019186258316,0.17810486257076263,0.00930294394493103,9.112290961667895,0.7272962331771851,0.3246297836303711,0.3246297836303711,20.96902300002057,19.31762999993225,real_npy,0,1
977,/mnt/c/Users/Chirayu/Documents/GitHub/2D-to-3D-image-reconstruction/facescape_224/fsmview_trainset_7_3_mouth_stretch_19.jpg,0.04511035606265068,0.04356435313820839,-0.0015460029244422913,7.91749498154968,0.7429425716400146,0.36540013551712036,0.36540013551712036,63.32884100004321,50.901008999971964,real_npy,0,1
978,/mnt/c/Users/Chirayu/Documents/GitHub/2D-to-3D-image-reconstruction/facescape_224/fsmview_trainset_10_9_mouth_right_6.jpg,0.03876160830259323,0.04130006581544876,0.00253845751285553,7.726719060912728,0.6672251224517822,0.26284080743789673,0.26284080743789673,20.452671000043665,19.796343999928467,real_npy,0,1
979,/mnt/c/Users/Chirayu/Documents/GitHub/2D-to-3D-image-reconstruction/facescape_224/fsmview_trainset_3_17_cheek_blowing_2.jpg,0.08483347296714783,0.08544282615184784,0.0006093531847000122,8.81357653439045,0.7621278762817383,0.4395935535430908,0.4395935535430908,59.61206500001026,19.526337999991483,real_npy,0,1
980,/mnt/c/Users/Chirayu/Documents/GitHub/2D-to-3D-image-reconstruction/facescape_224/fsmview_trainset_19_16_grin_39.jpg,0.544751763343811,0.5180386304855347,-0.026713132858276367,7.361332952976227,0.6960877180099487,0.3796253204345703,0.3796253204345703,21.30019000003358,21.417225000050166,real_npy,0,1
981,/mnt/c/Users/Chirayu/Documents/GitHub/2D-to-3D-image-reconstruction/facescape_224/fsmview_trainset_11_13_lip_funneler_3.jpg,0.49695098400115967,0.49540311098098755,-0.0015478730201721191,8.165118884295225,0.7217105031013489,0.6385740041732788,0.6385740041732788,59.463808999908,23.694572999943375,real_npy,0,1
982,/mnt/c/Users/Chirayu/Documents/GitHub/2D-to-3D-image-reconstruction/facescape_224/fsmview_trainset_12_8_mouth_left_43.jpg,0.04388593137264252,0.04719459265470505,0.0033086612820625305,7.853629272431135,0.6368930339813232,0.32739436626434326,0.32739436626434326,69.4604300000492,19.128190000060386,real_npy,0,1
983,/mnt/c/Users/Chirayu/Documents/GitHub/2D-to-3D-image-reconstruction/facescape_224/fsmview_trainset_14_12_lip_puckerer_35.jpg,0.04319753497838974,0.044042255729436874,0.0008447207510471344,8.723240355029702,0.7342280149459839,0.5515480637550354,0.5515480637550354,43.74467200000254,21.35268500001075,real_npy,0,1
984,/mnt/c/Users/Chirayu/Documents/GitHub/2D-to-3D-image-reconstruction/facescape_224/fsmview_trainset_17_1_neutral_57.jpg,0.07900252193212509,0.08228840678930283,0.0032858848571777344,8.57916995882988,0.7168706655502319,0.36412185430526733,0.36412185430526733,91.46396100004495,21.253243000046496,real_npy,0,1
985,/mnt/c/Users/Chirayu/Documents/GitHub/2D-to-3D-image-reconstruction/facescape_224/fsmview_trainset_15_3_mouth_stretch_65.jpg,0.05254436284303665,0.05198289826512337,-0.0005614645779132843,8.670883316546679,0.8210521936416626,0.47750476002693176,0.47750476002693176,19.91267699997934,19.62684000000081,real_npy,0,1
986,/mnt/c/Users/Chirayu/Documents/GitHub/2D-to-3D-image-reconstruction/facescape_224/fsmview_trainset_16_20_brow_lower_33.jpg,0.036224115639925,0.03622301295399666,-1.1026859283447266e-06,8.217289356514812,0.671837568283081,0.37575897574424744,0.37575897574424744,35.04536399998415,19.082452000020567,real_npy,0,1
987,/mnt/c/Users/Chirayu/Documents/GitHub/2D-to-3D-image-reconstruction/facescape_224/fsmview_trainset_1_3_mouth_stretch_55.jpg,0.056471165269613266,0.19117027521133423,0.13469910994172096,9.784341048449278,0.9685671925544739,0.27875593304634094,0.27875593304634094,31.33162699998593,20.08133699996506,real_npy,0,1
988,/mnt/c/Users/Chirayu/Documents/GitHub/2D-to-3D-image-reconstruction/facescape_224/fsmview_trainset_8_1_neutral_16.jpg,0.03383217006921768,0.03509160131216049,0.00125943124294281,7.968348629772663,0.6707727909088135,0.2440134584903717,0.2440134584903717,21.40729799998553,23.39872799996101,real_npy,0,1
989,/mnt/c/Users/Chirayu/Documents/GitHub/2D-to-3D-image-reconstruction/facescape_224/fsmview_trainset_9_6_jaw_right_17.jpg,0.043911948800086975,0.043506912887096405,-0.00040503591299057007,8.43441717326641,0.706760823726654,0.38517698645591736,0.38517698645591736,20.799472000021524,19.346920000089085,real_npy,0,1
990,/mnt/c/Users/Chirayu/Documents/GitHub/2D-to-3D-image-reconstruction/facescape_224/fsmview_trainset_18_2_smile_38.jpg,0.14921718835830688,0.14139075577259064,-0.007826432585716248,8.579663068056107,0.8423474431037903,0.5406137108802795,0.5406137108802795,77.78468499998326,21.897979999948802,real_npy,0,1
991,/mnt/c/Users/Chirayu/Documents/GitHub/2D-to-3D-image-reconstruction/facescape_224/fsmview_trainset_5_11_chin_raiser_49.jpg,0.10032345354557037,0.09310440719127655,-0.007219046354293823,7.751228254288435,0.6484141945838928,0.44015979766845703,0.44015979766845703,20.646800000008625,20.146001000057367,real_npy,0,1
992,/mnt/c/Users/Chirayu/Documents/GitHub/2D-to-3D-image-reconstruction/facescape_224/fsmview_trainset_8_19_brow_raiser_46.jpg,0.05221082270145416,0.05524609610438347,0.003035273402929306,7.915639735758305,0.6907750368118286,0.32639431953430176,0.32639431953430176,47.17630100003589,30.246802000078787,real_npy,0,1
993,/mnt/c/Users/Chirayu/Documents/GitHub/2D-to-3D-image-reconstruction/facescape_224/fsmview_trainset_11_18_eye_closed_67.jpg,0.06326611340045929,0.0696028396487236,0.006336726248264313,9.164539326913655,0.7359681129455566,0.4969986379146576,0.4969986379146576,20.362550999948326,21.604297000067163,real_npy,0,1
994,/mnt/c/Users/Chirayu/Documents/GitHub/2D-to-3D-image-reconstruction/facescape_224/fsmview_trainset_8_9_mouth_right_16.jpg,0.038552671670913696,0.03877318650484085,0.00022051483392715454,7.801784619688988,0.663317084312439,0.23826871812343597,0.23826871812343597,20.60102400002961,20.485154999960287,real_npy,0,1
995,/mnt/c/Users/Chirayu/Documents/GitHub/2D-to-3D-image-reconstruction/facescape_224/fsmview_trainset_10_14_sadness_52.jpg,0.3707423210144043,0.3148154020309448,-0.05592691898345947,6.705403786152601,0.6358324885368347,0.3911406099796295,0.3911406099796295,19.665021000037086,105.0049369999897,real_npy,0,1
996,/mnt/c/Users/Chirayu/Documents/GitHub/2D-to-3D-image-reconstruction/facescape_224/fsmview_trainset_18_15_lip_roll_33.jpg,0.04514000192284584,0.04296189919114113,-0.002178102731704712,8.472447589039803,0.7039523720741272,0.43040308356285095,0.43040308356285095,20.055360000014844,57.01949499996317,real_npy,0,1
997,/mnt/c/Users/Chirayu/Documents/GitHub/2D-to-3D-image-reconstruction/facescape_224/fsmview_trainset_9_3_mouth_stretch_6.jpg,0.04445832967758179,0.0477362759411335,0.003277946263551712,7.6479128040373325,0.6990788578987122,0.2605609893798828,0.2605609893798828,79.7989330000064,21.68793700002425,real_npy,0,1
998,/mnt/c/Users/Chirayu/Documents/GitHub/2D-to-3D-image-reconstruction/facescape_224/fsmview_trainset_10_3_mouth_stretch_13.jpg,0.13291382789611816,0.12976379692554474,-0.0031500309705734253,7.102514609694481,0.6700571775436401,0.46673256158828735,0.46673256158828735,19.844837000050575,19.123726999964674,real_npy,0,1
999,/mnt/c/Users/Chirayu/Documents/GitHub/2D-to-3D-image-reconstruction/facescape_224/fsmview_trainset_18_8_mouth_left_13.jpg,0.22125965356826782,0.22098630666732788,-0.0002733469009399414,7.47266137227416,0.6034776568412781,0.5979489684104919,0.5979489684104919,21.410472000070513,22.56837600009476,real_npy,0,1
