idx,image_path,baseline_lmk_err,finetuned_lmk_err,lmk_err_delta_ft_minus_base,finetuned_cam_score,finetuned_lmk_abs_max
667,/mnt/c/Users/Chirayu/Documents/GitHub/2D-to-3D-image-reconstruction/facescape_224/fsmview_trainset_15_15_lip_roll_25.jpg,0.027456017211079597,0.027705134823918343,0.0002491176128387451,7.1189276576042175,0.5838947296142578
703,/mnt/c/Users/Chirayu/Documents/GitHub/2D-to-3D-image-reconstruction/facescape_224/fsmview_trainset_18_14_sadness_1.jpg,0.02839694358408451,0.028656430542469025,0.00025948695838451385,8.118996299803257,0.6647676825523376
543,/mnt/c/Users/Chirayu/Documents/GitHub/2D-to-3D-image-reconstruction/facescape_224/fsmview_trainset_20_4_anger_23.jpg,0.02977224625647068,0.029181288555264473,-0.0005909577012062073,7.4905992448329926,0.6025944352149963
32,/mnt/c/Users/Chirayu/Documents/GitHub/2D-to-3D-image-reconstruction/facescape_224/fsmview_trainset_4_17_cheek_blowing_43.jpg,0.02880694903433323,0.029561864212155342,0.000754915177822113,7.595583472400904,0.6276869177818298
322,/mnt/c/Users/Chirayu/Documents/GitHub/2D-to-3D-image-reconstruction/facescape_224/fsmview_trainset_18_14_sadness_43.jpg,0.0333983488380909,0.031177394092082977,-0.0022209547460079193,7.801259685307741,0.6506901383399963
970,/mnt/c/Users/Chirayu/Documents/GitHub/2D-to-3D-image-reconstruction/facescape_224/fsmview_trainset_15_15_lip_roll_23.jpg,0.03120754100382328,0.031371816992759705,0.00016427598893642426,6.997805152088404,0.5617775321006775
895,/mnt/c/Users/Chirayu/Documents/GitHub/2D-to-3D-image-reconstruction/facescape_224/fsmview_trainset_20_10_dimpler_31.jpg,0.034001585096120834,0.03149382025003433,-0.002507764846086502,7.706153970211744,0.6514129042625427
633,/mnt/c/Users/Chirayu/Documents/GitHub/2D-to-3D-image-reconstruction/facescape_224/fsmview_trainset_7_9_mouth_right_10.jpg,0.030797811225056648,0.03180550038814545,0.0010076891630887985,7.685662727802992,0.6439831852912903
500,/mnt/c/Users/Chirayu/Documents/GitHub/2D-to-3D-image-reconstruction/facescape_224/fsmview_trainset_16_6_jaw_right_10.jpg,0.031138701364398003,0.032038114964962006,0.000899413600564003,7.802460730075836,0.6554669737815857
626,/mnt/c/Users/Chirayu/Documents/GitHub/2D-to-3D-image-reconstruction/facescape_224/fsmview_trainset_16_3_mouth_stretch_10.jpg,0.02886590175330639,0.03215624764561653,0.0032903458923101425,7.206208381801844,0.6410151124000549
606,/mnt/c/Users/Chirayu/Documents/GitHub/2D-to-3D-image-reconstruction/facescape_224/fsmview_trainset_12_14_sadness_38.jpg,0.032906267791986465,0.03216737136244774,-0.0007388964295387268,8.50230623036623,0.7090850472450256
117,/mnt/c/Users/Chirayu/Documents/GitHub/2D-to-3D-image-reconstruction/facescape_224/fsmview_trainset_8_14_sadness_24.jpg,0.031731441617012024,0.03225250169634819,0.0005210600793361664,7.714321127161384,0.6547384262084961
42,/mnt/c/Users/Chirayu/Documents/GitHub/2D-to-3D-image-reconstruction/facescape_224/fsmview_trainset_14_16_grin_63.jpg,0.03626130148768425,0.03226517140865326,-0.003996130079030991,7.755134075880051,0.6927797198295593
222,/mnt/c/Users/Chirayu/Documents/GitHub/2D-to-3D-image-reconstruction/facescape_224/fsmview_trainset_1_9_mouth_right_43.jpg,0.033718787133693695,0.032277945429086685,-0.0014408417046070099,7.71227353811264,0.659859299659729
948,/mnt/c/Users/Chirayu/Documents/GitHub/2D-to-3D-image-reconstruction/facescape_224/fsmview_trainset_20_8_mouth_left_27.jpg,0.031860921531915665,0.03261841461062431,0.0007574930787086487,7.830651227384806,0.6609387397766113
23,/mnt/c/Users/Chirayu/Documents/GitHub/2D-to-3D-image-reconstruction/facescape_224/fsmview_trainset_20_7_jaw_forward_31.jpg,0.03840000554919243,0.03318572789430618,-0.005214277654886246,7.847035365179181,0.6532532572746277
665,/mnt/c/Users/Chirayu/Documents/GitHub/2D-to-3D-image-reconstruction/facescape_224/fsmview_trainset_20_1_neutral_21.jpg,0.03420216962695122,0.033409278839826584,-0.0007928907871246338,7.73273703455925,0.6347475647926331
930,/mnt/c/Users/Chirayu/Documents/GitHub/2D-to-3D-image-reconstruction/facescape_224/fsmview_trainset_16_2_smile_56.jpg,0.02861241064965725,0.03368252143263817,0.005070110782980919,7.880778424441814,0.681646466255188
290,/mnt/c/Users/Chirayu/Documents/GitHub/2D-to-3D-image-reconstruction/facescape_224/fsmview_trainset_3_20_brow_lower_19.jpg,0.03450486436486244,0.0338754877448082,-0.000629376620054245,8.047691989690065,0.6822354793548584
176,/mnt/c/Users/Chirayu/Documents/GitHub/2D-to-3D-image-reconstruction/facescape_224/fsmview_trainset_14_7_jaw_forward_22.jpg,0.03372514247894287,0.03388136252760887,0.00015622004866600037,6.900485794991255,0.6216230392456055
446,/mnt/c/Users/Chirayu/Documents/GitHub/2D-to-3D-image-reconstruction/facescape_224/fsmview_trainset_14_6_jaw_right_24.jpg,0.03454140946269035,0.0341365672647953,-0.00040484219789505005,7.115052854642272,0.6096296906471252
532,/mnt/c/Users/Chirayu/Documents/GitHub/2D-to-3D-image-reconstruction/facescape_224/fsmview_trainset_18_20_brow_lower_24.jpg,0.03499612584710121,0.03433668613433838,-0.0006594397127628326,8.266886450350285,0.7060768008232117
293,/mnt/c/Users/Chirayu/Documents/GitHub/2D-to-3D-image-reconstruction/facescape_224/fsmview_trainset_14_9_mouth_right_64.jpg,0.03612665459513664,0.034419432282447815,-0.0017072223126888275,7.77885677665472,0.6866881847381592
617,/mnt/c/Users/Chirayu/Documents/GitHub/2D-to-3D-image-reconstruction/facescape_224/fsmview_trainset_1_2_smile_10.jpg,0.032527998089790344,0.03445199504494667,0.0019239969551563263,8.373270019888878,0.7412396669387817
339,/mnt/c/Users/Chirayu/Documents/GitHub/2D-to-3D-image-reconstruction/facescape_224/fsmview_trainset_16_10_dimpler_43.jpg,0.03370799869298935,0.03450369834899902,0.0007956996560096741,7.628498390316963,0.6379040479660034
400,/mnt/c/Users/Chirayu/Documents/GitHub/2D-to-3D-image-reconstruction/facescape_224/fsmview_trainset_13_3_mouth_stretch_40.jpg,0.03397608548402786,0.03453022614121437,0.0005541406571865082,7.201457068324089,0.6600613594055176
715,/mnt/c/Users/Chirayu/Documents/GitHub/2D-to-3D-image-reconstruction/facescape_224/fsmview_trainset_14_4_anger_41.jpg,0.03130539506673813,0.034536752849817276,0.0032313577830791473,7.783884666860104,0.6519878506660461
934,/mnt/c/Users/Chirayu/Documents/GitHub/2D-to-3D-image-reconstruction/facescape_224/fsmview_trainset_10_4_anger_8.jpg,0.03596030920743942,0.034605272114276886,-0.0013550370931625366,7.632395163178444,0.6551039814949036
526,/mnt/c/Users/Chirayu/Documents/GitHub/2D-to-3D-image-reconstruction/facescape_224/fsmview_trainset_7_5_jaw_left_18.jpg,0.035135429352521896,0.034925177693367004,-0.00021025165915489197,8.128810813650489,0.6650726795196533
469,/mnt/c/Users/Chirayu/Documents/GitHub/2D-to-3D-image-reconstruction/facescape_224/fsmview_trainset_15_6_jaw_right_22.jpg,0.03463997691869736,0.034932564944028854,0.0002925880253314972,7.068492095917463,0.5918751955032349
226,/mnt/c/Users/Chirayu/Documents/GitHub/2D-to-3D-image-reconstruction/facescape_224/fsmview_trainset_18_5_jaw_left_10.jpg,0.030528731644153595,0.034947916865348816,0.004419185221195221,7.991328086704016,0.6792739033699036
988,/mnt/c/Users/Chirayu/Documents/GitHub/2D-to-3D-image-reconstruction/facescape_224/fsmview_trainset_8_1_neutral_16.jpg,0.03383217006921768,0.03509160131216049,0.00125943124294281,7.968348629772663,0.6707727909088135
477,/mnt/c/Users/Chirayu/Documents/GitHub/2D-to-3D-image-reconstruction/facescape_224/fsmview_trainset_3_19_brow_raiser_28.jpg,0.03601934760808945,0.03518969565629959,-0.000829651951789856,7.67066778242588,0.6468228697776794
811,/mnt/c/Users/Chirayu/Documents/GitHub/2D-to-3D-image-reconstruction/facescape_224/fsmview_trainset_7_6_jaw_right_5.jpg,0.04107997566461563,0.03522391989827156,-0.0058560557663440704,7.884132321923971,0.6712731719017029
971,/mnt/c/Users/Chirayu/Documents/GitHub/2D-to-3D-image-reconstruction/facescape_224/fsmview_trainset_2_20_brow_lower_25.jpg,0.03248331695795059,0.03548242896795273,0.0029991120100021362,7.997567467391491,0.6663297414779663
688,/mnt/c/Users/Chirayu/Documents/GitHub/2D-to-3D-image-reconstruction/facescape_224/fsmview_trainset_8_11_chin_raiser_43.jpg,0.03155059739947319,0.03551981598138809,0.003969218581914902,7.642358936369419,0.6377686262130737
475,/mnt/c/Users/Chirayu/Documents/GitHub/2D-to-3D-image-reconstruction/facescape_224/fsmview_trainset_3_2_smile_26.jpg,0.034440796822309494,0.03572624549269676,0.001285448670387268,7.940068356692791,0.6655398011207581
600,/mnt/c/Users/Chirayu/Documents/GitHub/2D-to-3D-image-reconstruction/facescape_224/fsmview_trainset_3_2_smile_25.jpg,0.035014234483242035,0.03588958457112312,0.0008753500878810883,7.7362494841217995,0.6624570488929749
53,/mnt/c/Users/Chirayu/Documents/GitHub/2D-to-3D-image-reconstruction/facescape_224/fsmview_trainset_3_3_mouth_stretch_21.jpg,0.03201604634523392,0.03595690429210663,0.003940857946872711,7.864147037267685,0.7169805765151978
51,/mnt/c/Users/Chirayu/Documents/GitHub/2D-to-3D-image-reconstruction/facescape_224/fsmview_trainset_18_18_eye_closed_42.jpg,0.03487348556518555,0.03598055988550186,0.0011070743203163147,7.8478691428899765,0.6499375700950623
448,/mnt/c/Users/Chirayu/Documents/GitHub/2D-to-3D-image-reconstruction/facescape_224/fsmview_trainset_18_20_brow_lower_54.jpg,0.03641226887702942,0.03601232171058655,-0.0003999471664428711,8.57397695723921,0.710534393787384
173,/mnt/c/Users/Chirayu/Documents/GitHub/2D-to-3D-image-reconstruction/facescape_224/fsmview_trainset_1_19_brow_raiser_52.jpg,0.03657056391239166,0.03614582121372223,-0.0004247426986694336,8.26304119778797,0.6938447952270508
986,/mnt/c/Users/Chirayu/Documents/GitHub/2D-to-3D-image-reconstruction/facescape_224/fsmview_trainset_16_20_brow_lower_33.jpg,0.036224115639925,0.03622301295399666,-1.1026859283447266e-06,8.217289356514812,0.671837568283081
928,/mnt/c/Users/Chirayu/Documents/GitHub/2D-to-3D-image-reconstruction/facescape_224/fsmview_trainset_4_11_chin_raiser_54.jpg,0.036649495363235474,0.03624560311436653,-0.00040389224886894226,8.143225584179163,0.6957867741584778
953,/mnt/c/Users/Chirayu/Documents/GitHub/2D-to-3D-image-reconstruction/facescape_224/fsmview_trainset_16_5_jaw_left_33.jpg,0.035292208194732666,0.036537207663059235,0.0012449994683265686,8.091571757569909,0.6740396022796631
147,/mnt/c/Users/Chirayu/Documents/GitHub/2D-to-3D-image-reconstruction/facescape_224/fsmview_trainset_16_16_grin_29.jpg,0.03277568891644478,0.03655042126774788,0.0037747323513031006,7.865203971043229,0.6801445484161377
825,/mnt/c/Users/Chirayu/Documents/GitHub/2D-to-3D-image-reconstruction/facescape_224/fsmview_trainset_4_1_neutral_52.jpg,0.03760511055588722,0.036641452461481094,-0.0009636580944061279,9.081081171054393,0.7644799947738647
862,/mnt/c/Users/Chirayu/Documents/GitHub/2D-to-3D-image-reconstruction/facescape_224/fsmview_trainset_13_8_mouth_left_32.jpg,0.03925894945859909,0.036684226244688034,-0.0025747232139110565,8.921995336189866,0.7260816097259521
756,/mnt/c/Users/Chirayu/Documents/GitHub/2D-to-3D-image-reconstruction/facescape_224/fsmview_trainset_7_2_smile_19.jpg,0.034907255321741104,0.0367041677236557,0.0017969124019145966,8.731611268594861,0.7121374011039734
640,/mnt/c/Users/Chirayu/Documents/GitHub/2D-to-3D-image-reconstruction/facescape_224/fsmview_trainset_3_9_mouth_right_28.jpg,0.03695283830165863,0.03697579354047775,2.2955238819122314e-05,7.639423344284296,0.6455439925193787
250,/mnt/c/Users/Chirayu/Documents/GitHub/2D-to-3D-image-reconstruction/facescape_224/fsmview_trainset_5_13_lip_funneler_20.jpg,0.034146182239055634,0.03698016703128815,0.0028339847922325134,7.527676440775394,0.6253599524497986
225,/mnt/c/Users/Chirayu/Documents/GitHub/2D-to-3D-image-reconstruction/facescape_224/fsmview_trainset_19_11_chin_raiser_1.jpg,0.03697339445352554,0.03709522634744644,0.00012183189392089844,8.176658723503351,0.6676709651947021
757,/mnt/c/Users/Chirayu/Documents/GitHub/2D-to-3D-image-reconstruction/facescape_224/fsmview_trainset_9_3_mouth_stretch_25.jpg,0.03576308861374855,0.03714465722441673,0.0013815686106681824,6.887990793213248,0.6848184466362
496,/mnt/c/Users/Chirayu/Documents/GitHub/2D-to-3D-image-reconstruction/facescape_224/fsmview_trainset_18_8_mouth_left_33.jpg,0.03677523508667946,0.037145763635635376,0.00037052854895591736,8.700943056493998,0.725374698638916
769,/mnt/c/Users/Chirayu/Documents/GitHub/2D-to-3D-image-reconstruction/facescape_224/fsmview_trainset_7_11_chin_raiser_5.jpg,0.036697473376989365,0.03716857731342316,0.0004711039364337921,8.070179972797632,0.666357696056366
218,/mnt/c/Users/Chirayu/Documents/GitHub/2D-to-3D-image-reconstruction/facescape_224/fsmview_trainset_16_10_dimpler_24.jpg,0.03502778336405754,0.03720270097255707,0.002174917608499527,8.491905373055488,0.7080473899841309
692,/mnt/c/Users/Chirayu/Documents/GitHub/2D-to-3D-image-reconstruction/facescape_224/fsmview_trainset_1_19_brow_raiser_23.jpg,0.03664478659629822,0.03720511123538017,0.000560324639081955,8.31592211034149,0.6992077231407166
744,/mnt/c/Users/Chirayu/Documents/GitHub/2D-to-3D-image-reconstruction/facescape_224/fsmview_trainset_7_19_brow_raiser_5.jpg,0.039476968348026276,0.03741198405623436,-0.002064984291791916,7.664570955559611,0.6581044793128967
139,/mnt/c/Users/Chirayu/Documents/GitHub/2D-to-3D-image-reconstruction/facescape_224/fsmview_trainset_4_3_mouth_stretch_23.jpg,0.037823472172021866,0.037520404905080795,-0.00030306726694107056,8.159449278376997,0.6814023852348328
920,/mnt/c/Users/Chirayu/Documents/GitHub/2D-to-3D-image-reconstruction/facescape_224/fsmview_trainset_4_9_mouth_right_19.jpg,0.03903084620833397,0.03752705082297325,-0.0015037953853607178,8.915700836572796,0.7278684377670288
572,/mnt/c/Users/Chirayu/Documents/GitHub/2D-to-3D-image-reconstruction/facescape_224/fsmview_trainset_4_10_dimpler_8.jpg,0.04122867062687874,0.03770296275615692,-0.003525707870721817,7.743490692228079,0.6689009666442871
959,/mnt/c/Users/Chirayu/Documents/GitHub/2D-to-3D-image-reconstruction/facescape_224/fsmview_trainset_18_8_mouth_left_10.jpg,0.03365504369139671,0.037705209106206894,0.004050165414810181,8.486704792827368,0.6804239749908447
542,/mnt/c/Users/Chirayu/Documents/GitHub/2D-to-3D-image-reconstruction/facescape_224/fsmview_trainset_2_17_cheek_blowing_14.jpg,0.03807399049401283,0.037748198956251144,-0.00032579153776168823,7.957588801160455,0.7029651403427124
188,/mnt/c/Users/Chirayu/Documents/GitHub/2D-to-3D-image-reconstruction/facescape_224/fsmview_trainset_6_5_jaw_left_35.jpg,0.035709138959646225,0.03777632489800453,0.002067185938358307,8.112299051135778,0.6590697765350342
164,/mnt/c/Users/Chirayu/Documents/GitHub/2D-to-3D-image-reconstruction/facescape_224/fsmview_trainset_8_1_neutral_47.jpg,0.03875809907913208,0.03785255551338196,-0.0009055435657501221,7.96450188010931,0.6631112694740295
11,/mnt/c/Users/Chirayu/Documents/GitHub/2D-to-3D-image-reconstruction/facescape_224/fsmview_trainset_1_10_dimpler_23.jpg,0.04108712449669838,0.03787548094987869,-0.003211643546819687,8.452567894011736,0.7082574963569641
479,/mnt/c/Users/Chirayu/Documents/GitHub/2D-to-3D-image-reconstruction/facescape_224/fsmview_trainset_20_11_chin_raiser_26.jpg,0.03512641042470932,0.03792184218764305,0.002795431762933731,8.037807758897543,0.6733646392822266
443,/mnt/c/Users/Chirayu/Documents/GitHub/2D-to-3D-image-reconstruction/facescape_224/fsmview_trainset_5_2_smile_15.jpg,0.035040419548749924,0.0379401296377182,0.002899710088968277,8.229377672076225,0.696330189704895
504,/mnt/c/Users/Chirayu/Documents/GitHub/2D-to-3D-image-reconstruction/facescape_224/fsmview_trainset_16_18_eye_closed_33.jpg,0.036801114678382874,0.03820408135652542,0.0014029666781425476,8.33930223248899,0.688548743724823
449,/mnt/c/Users/Chirayu/Documents/GitHub/2D-to-3D-image-reconstruction/facescape_224/fsmview_trainset_13_5_jaw_left_23.jpg,0.041818127036094666,0.038373444229364395,-0.0034446828067302704,8.675933178514242,0.6868284344673157
420,/mnt/c/Users/Chirayu/Documents/GitHub/2D-to-3D-image-reconstruction/facescape_224/fsmview_trainset_14_12_lip_puckerer_67.jpg,0.038886163383722305,0.03846605867147446,-0.0004201047122478485,8.409099765587598,0.6923667192459106
837,/mnt/c/Users/Chirayu/Documents/GitHub/2D-to-3D-image-reconstruction/facescape_224/fsmview_trainset_8_11_chin_raiser_9.jpg,0.045005783438682556,0.03853696212172508,-0.006468821316957474,8.1191874332726,0.6616165637969971
121,/mnt/c/Users/Chirayu/Documents/GitHub/2D-to-3D-image-reconstruction/facescape_224/fsmview_trainset_8_4_anger_35.jpg,0.033666595816612244,0.038541030138731,0.004874434322118759,7.831262640655041,0.6484110951423645
153,/mnt/c/Users/Chirayu/Documents/GitHub/2D-to-3D-image-reconstruction/facescape_224/fsmview_trainset_11_14_sadness_31.jpg,0.03371383994817734,0.038658760488033295,0.004944920539855957,8.079158570617437,0.6524857878684998
550,/mnt/c/Users/Chirayu/Documents/GitHub/2D-to-3D-image-reconstruction/facescape_224/fsmview_trainset_3_16_grin_24.jpg,0.03868383914232254,0.03877115622162819,8.73170793056488e-05,7.23111866414547,0.6495793461799622
994,/mnt/c/Users/Chirayu/Documents/GitHub/2D-to-3D-image-reconstruction/facescape_224/fsmview_trainset_8_9_mouth_right_16.jpg,0.038552671670913696,0.03877318650484085,0.00022051483392715454,7.801784619688988,0.663317084312439
198,/mnt/c/Users/Chirayu/Documents/GitHub/2D-to-3D-image-reconstruction/facescape_224/fsmview_trainset_7_1_neutral_25.jpg,0.03702164441347122,0.03877599909901619,0.0017543546855449677,7.856844864785671,0.6663092374801636
345,/mnt/c/Users/Chirayu/Documents/GitHub/2D-to-3D-image-reconstruction/facescape_224/fsmview_trainset_15_19_brow_raiser_22.jpg,0.03769570216536522,0.038805220276117325,0.0011095181107521057,7.156748853623867,0.6136453747749329
604,/mnt/c/Users/Chirayu/Documents/GitHub/2D-to-3D-image-reconstruction/facescape_224/fsmview_trainset_5_10_dimpler_15.jpg,0.03747027739882469,0.03888455033302307,0.0014142729341983795,8.089049814268947,0.6679755449295044
437,/mnt/c/Users/Chirayu/Documents/GitHub/2D-to-3D-image-reconstruction/facescape_224/fsmview_trainset_1_2_smile_18.jpg,0.039244361221790314,0.0388970710337162,-0.00034729018807411194,8.412086695898324,0.6921767592430115
180,/mnt/c/Users/Chirayu/Documents/GitHub/2D-to-3D-image-reconstruction/facescape_224/fsmview_trainset_5_5_jaw_left_16.jpg,0.03447204455733299,0.0390719510614872,0.004599906504154205,8.20059261098504,0.6838507056236267
786,/mnt/c/Users/Chirayu/Documents/GitHub/2D-to-3D-image-reconstruction/facescape_224/fsmview_trainset_2_8_mouth_left_26.jpg,0.036994919180870056,0.039122480899095535,0.002127561718225479,8.261618614196777,0.6660399436950684
935,/mnt/c/Users/Chirayu/Documents/GitHub/2D-to-3D-image-reconstruction/facescape_224/fsmview_trainset_4_16_grin_23.jpg,0.040619559586048126,0.03921542689204216,-0.0014041326940059662,8.556095433421433,0.6930192708969116
915,/mnt/c/Users/Chirayu/Documents/GitHub/2D-to-3D-image-reconstruction/facescape_224/fsmview_trainset_14_11_chin_raiser_60.jpg,0.040225498378276825,0.0392368882894516,-0.0009886100888252258,8.67399705387652,0.7432608604431152
340,/mnt/c/Users/Chirayu/Documents/GitHub/2D-to-3D-image-reconstruction/facescape_224/fsmview_trainset_18_6_jaw_right_8.jpg,0.04064175859093666,0.039333511143922806,-0.001308247447013855,8.768200000748038,0.7578387260437012
83,/mnt/c/Users/Chirayu/Documents/GitHub/2D-to-3D-image-reconstruction/facescape_224/fsmview_trainset_8_3_mouth_stretch_19.jpg,0.04016118869185448,0.03937531262636185,-0.00078587606549263,7.6146078538149595,0.7394550442695618
776,/mnt/c/Users/Chirayu/Documents/GitHub/2D-to-3D-image-reconstruction/facescape_224/fsmview_trainset_3_11_chin_raiser_35.jpg,0.03928855434060097,0.039418015629053116,0.00012946128845214844,7.996543876826763,0.6383185982704163
417,/mnt/c/Users/Chirayu/Documents/GitHub/2D-to-3D-image-reconstruction/facescape_224/fsmview_trainset_4_16_grin_54.jpg,0.03846634179353714,0.039457693696022034,0.0009913519024848938,8.155488073825836,0.6855902075767517
252,/mnt/c/Users/Chirayu/Documents/GitHub/2D-to-3D-image-reconstruction/facescape_224/fsmview_trainset_10_5_jaw_left_34.jpg,0.039979927241802216,0.03946816176176071,-0.0005117654800415039,7.839869756251574,0.6878612041473389
154,/mnt/c/Users/Chirayu/Documents/GitHub/2D-to-3D-image-reconstruction/facescape_224/fsmview_trainset_7_13_lip_funneler_14.jpg,0.0398380309343338,0.039600275456905365,-0.00023775547742843628,8.08280879445374,0.6945036053657532
685,/mnt/c/Users/Chirayu/Documents/GitHub/2D-to-3D-image-reconstruction/facescape_224/fsmview_trainset_19_16_grin_22.jpg,0.03955768048763275,0.039626866579055786,6.918609142303467e-05,8.548038613051176,0.7143597602844238
428,/mnt/c/Users/Chirayu/Documents/GitHub/2D-to-3D-image-reconstruction/facescape_224/fsmview_trainset_12_18_eye_closed_42.jpg,0.0399978943169117,0.039643507450819016,-0.0003543868660926819,8.265879139304161,0.6973204612731934
841,/mnt/c/Users/Chirayu/Documents/GitHub/2D-to-3D-image-reconstruction/facescape_224/fsmview_trainset_4_19_brow_raiser_19.jpg,0.04016801714897156,0.039682090282440186,-0.00048592686653137207,8.979953544214368,0.7383601665496826
931,/mnt/c/Users/Chirayu/Documents/GitHub/2D-to-3D-image-reconstruction/facescape_224/fsmview_trainset_8_2_smile_10.jpg,0.03871552273631096,0.03973976895213127,0.0010242462158203125,8.445825070142746,0.70863938331604
490,/mnt/c/Users/Chirayu/Documents/GitHub/2D-to-3D-image-reconstruction/facescape_224/fsmview_trainset_1_13_lip_funneler_6.jpg,0.037704672664403915,0.03999045863747597,0.002285785973072052,7.938392020761967,0.7115196585655212
233,/mnt/c/Users/Chirayu/Documents/GitHub/2D-to-3D-image-reconstruction/facescape_224/fsmview_trainset_3_19_brow_raiser_6.jpg,0.05041174963116646,0.040172941982746124,-0.010238807648420334,8.511659171432257,0.7277020812034607
267,/mnt/c/Users/Chirayu/Documents/GitHub/2D-to-3D-image-reconstruction/facescape_224/fsmview_trainset_14_2_smile_22.jpg,0.0402565561234951,0.0402020700275898,-5.4486095905303955e-05,7.459537163376808,0.628168523311615
66,/mnt/c/Users/Chirayu/Documents/GitHub/2D-to-3D-image-reconstruction/facescape_224/fsmview_trainset_20_12_lip_puckerer_24.jpg,0.038067810237407684,0.0402713380753994,0.0022035278379917145,7.80372903868556,0.6418387293815613
748,/mnt/c/Users/Chirayu/Documents/GitHub/2D-to-3D-image-reconstruction/facescape_224/fsmview_trainset_6_8_mouth_left_35.jpg,0.036859605461359024,0.04028293862938881,0.003423333168029785,8.414741195738316,0.6681077480316162
564,/mnt/c/Users/Chirayu/Documents/GitHub/2D-to-3D-image-reconstruction/facescape_224/fsmview_trainset_8_18_eye_closed_56.jpg,0.039303556084632874,0.04042315110564232,0.0011195950210094452,8.28931485209614,0.7038973569869995
368,/mnt/c/Users/Chirayu/Documents/GitHub/2D-to-3D-image-reconstruction/facescape_224/fsmview_trainset_10_2_smile_16.jpg,0.03773210197687149,0.04044059291481972,0.002708490937948227,7.738945163786411,0.6604195833206177
889,/mnt/c/Users/Chirayu/Documents/GitHub/2D-to-3D-image-reconstruction/facescape_224/fsmview_trainset_2_10_dimpler_28.jpg,0.03796527907252312,0.040475986897945404,0.002510707825422287,7.430232141166925,0.6735270023345947
275,/mnt/c/Users/Chirayu/Documents/GitHub/2D-to-3D-image-reconstruction/facescape_224/fsmview_trainset_9_10_dimpler_12.jpg,0.03976958617568016,0.040497057139873505,0.0007274709641933441,8.227343913167715,0.6855160593986511
602,/mnt/c/Users/Chirayu/Documents/GitHub/2D-to-3D-image-reconstruction/facescape_224/fsmview_trainset_7_13_lip_funneler_18.jpg,0.041216135025024414,0.04063722491264343,-0.0005789101123809814,8.409947026055306,0.6881188154220581
610,/mnt/c/Users/Chirayu/Documents/GitHub/2D-to-3D-image-reconstruction/facescape_224/fsmview_trainset_15_8_mouth_left_18.jpg,0.041133008897304535,0.04069944843649864,-0.00043356046080589294,7.955465849488974,0.6494433283805847
75,/mnt/c/Users/Chirayu/Documents/GitHub/2D-to-3D-image-reconstruction/facescape_224/fsmview_trainset_18_2_smile_23.jpg,0.042140427976846695,0.040701065212488174,-0.0014393627643585205,8.985002511646599,0.7416158318519592
664,/mnt/c/Users/Chirayu/Documents/GitHub/2D-to-3D-image-reconstruction/facescape_224/fsmview_trainset_6_14_sadness_17.jpg,0.039573315531015396,0.04088315740227699,0.0013098418712615967,8.364569982513785,0.6958552598953247
699,/mnt/c/Users/Chirayu/Documents/GitHub/2D-to-3D-image-reconstruction/facescape_224/fsmview_trainset_8_8_mouth_left_19.jpg,0.03980538621544838,0.04090379923582077,0.0010984130203723907,8.666119589470327,0.7289290428161621
439,/mnt/c/Users/Chirayu/Documents/GitHub/2D-to-3D-image-reconstruction/facescape_224/fsmview_trainset_16_3_mouth_stretch_24.jpg,0.04041234031319618,0.040998104959726334,0.0005857646465301514,7.739085340872407,0.6730998158454895
722,/mnt/c/Users/Chirayu/Documents/GitHub/2D-to-3D-image-reconstruction/facescape_224/fsmview_trainset_12_5_jaw_left_19.jpg,0.04311136528849602,0.041017353534698486,-0.002094011753797531,8.796994235366583,0.7681920528411865
230,/mnt/c/Users/Chirayu/Documents/GitHub/2D-to-3D-image-reconstruction/facescape_224/fsmview_trainset_1_1_neutral_48.jpg,0.04117242619395256,0.0410250648856163,-0.00014736130833625793,8.05130510777235,0.663637638092041
951,/mnt/c/Users/Chirayu/Documents/GitHub/2D-to-3D-image-reconstruction/facescape_224/fsmview_trainset_6_9_mouth_right_17.jpg,0.038971949368715286,0.041162360459566116,0.00219041109085083,7.686963837593794,0.6676443815231323
506,/mnt/c/Users/Chirayu/Documents/GitHub/2D-to-3D-image-reconstruction/facescape_224/fsmview_trainset_19_16_grin_36.jpg,0.03722422942519188,0.04124385491013527,0.00401962548494339,8.418546561151743,0.7312344312667847
978,/mnt/c/Users/Chirayu/Documents/GitHub/2D-to-3D-image-reconstruction/facescape_224/fsmview_trainset_10_9_mouth_right_6.jpg,0.03876160830259323,0.04130006581544876,0.00253845751285553,7.726719060912728,0.6672251224517822
37,/mnt/c/Users/Chirayu/Documents/GitHub/2D-to-3D-image-reconstruction/facescape_224/fsmview_trainset_9_17_cheek_blowing_28.jpg,0.04106728360056877,0.04142795875668526,0.0003606751561164856,7.540557604283094,0.65497887134552
545,/mnt/c/Users/Chirayu/Documents/GitHub/2D-to-3D-image-reconstruction/facescape_224/fsmview_trainset_20_16_grin_18.jpg,0.0439474917948246,0.041428931057453156,-0.0025185607373714447,7.778997890651226,0.6387788653373718
924,/mnt/c/Users/Chirayu/Documents/GitHub/2D-to-3D-image-reconstruction/facescape_224/fsmview_trainset_14_14_sadness_22.jpg,0.04118744656443596,0.04143111780285835,0.0002436712384223938,7.319255348294973,0.6104001998901367
662,/mnt/c/Users/Chirayu/Documents/GitHub/2D-to-3D-image-reconstruction/facescape_224/fsmview_trainset_5_13_lip_funneler_9.jpg,0.03806391730904579,0.04153575003147125,0.003471832722425461,8.086515791714191,0.6840260624885559
880,/mnt/c/Users/Chirayu/Documents/GitHub/2D-to-3D-image-reconstruction/facescape_224/fsmview_trainset_9_5_jaw_left_18.jpg,0.04355405643582344,0.04168563336133957,-0.0018684230744838715,8.359397515654564,0.6994438171386719
575,/mnt/c/Users/Chirayu/Documents/GitHub/2D-to-3D-image-reconstruction/facescape_224/fsmview_trainset_8_12_lip_puckerer_20.jpg,0.04205852746963501,0.04181445389986038,-0.00024407356977462769,8.557856843806803,0.7005439400672913
844,/mnt/c/Users/Chirayu/Documents/GitHub/2D-to-3D-image-reconstruction/facescape_224/fsmview_trainset_6_10_dimpler_17.jpg,0.0406007319688797,0.04182688519358635,0.0012261532247066498,8.243454094044864,0.6962280869483948
954,/mnt/c/Users/Chirayu/Documents/GitHub/2D-to-3D-image-reconstruction/facescape_224/fsmview_trainset_14_14_sadness_59.jpg,0.041460588574409485,0.04197821021080017,0.000517621636390686,7.438948504626751,0.6231133341789246
251,/mnt/c/Users/Chirayu/Documents/GitHub/2D-to-3D-image-reconstruction/facescape_224/fsmview_trainset_15_20_brow_lower_36.jpg,0.04569603130221367,0.042156659066677094,-0.0035393722355365753,8.929355222731829,0.741452693939209
175,/mnt/c/Users/Chirayu/Documents/GitHub/2D-to-3D-image-reconstruction/facescape_224/fsmview_trainset_19_5_jaw_left_1.jpg,0.042523667216300964,0.04217379912734032,-0.0003498680889606476,8.314227933064103,0.7011827826499939
123,/mnt/c/Users/Chirayu/Documents/GitHub/2D-to-3D-image-reconstruction/facescape_224/fsmview_trainset_19_2_smile_7.jpg,0.03586585447192192,0.04224427789449692,0.006378423422574997,8.355788763612509,0.7085928320884705
858,/mnt/c/Users/Chirayu/Documents/GitHub/2D-to-3D-image-reconstruction/facescape_224/fsmview_trainset_13_16_grin_3.jpg,0.04443353787064552,0.042292170226573944,-0.002141367644071579,8.358419757336378,0.6560539603233337
927,/mnt/c/Users/Chirayu/Documents/GitHub/2D-to-3D-image-reconstruction/facescape_224/fsmview_trainset_19_12_lip_puckerer_31.jpg,0.04083920270204544,0.04254632815718651,0.0017071254551410675,8.422457620501518,0.6920809745788574
463,/mnt/c/Users/Chirayu/Documents/GitHub/2D-to-3D-image-reconstruction/facescape_224/fsmview_trainset_20_20_brow_lower_19.jpg,0.04171965271234512,0.04261887073516846,0.0008992180228233337,7.803481560200453,0.6508574485778809
57,/mnt/c/Users/Chirayu/Documents/GitHub/2D-to-3D-image-reconstruction/facescape_224/fsmview_trainset_18_3_mouth_stretch_9.jpg,0.04391670972108841,0.042832229286432266,-0.0010844804346561432,8.163316909223795,0.7430663108825684
171,/mnt/c/Users/Chirayu/Documents/GitHub/2D-to-3D-image-reconstruction/facescape_224/fsmview_trainset_18_20_brow_lower_21.jpg,0.0418984591960907,0.042939186096191406,0.001040726900100708,8.077514301985502,0.656825840473175
996,/mnt/c/Users/Chirayu/Documents/GitHub/2D-to-3D-image-reconstruction/facescape_224/fsmview_trainset_18_15_lip_roll_33.jpg,0.04514000192284584,0.04296189919114113,-0.002178102731704712,8.472447589039803,0.7039523720741272
116,/mnt/c/Users/Chirayu/Documents/GitHub/2D-to-3D-image-reconstruction/facescape_224/fsmview_trainset_13_14_sadness_18.jpg,0.04318348690867424,0.04298356547951698,-0.00019992142915725708,9.054841537028551,0.7969434857368469
412,/mnt/c/Users/Chirayu/Documents/GitHub/2D-to-3D-image-reconstruction/facescape_224/fsmview_trainset_12_17_cheek_blowing_15.jpg,0.0440603569149971,0.04301396384835243,-0.0010463930666446686,8.985902339220047,0.7815147638320923
492,/mnt/c/Users/Chirayu/Documents/GitHub/2D-to-3D-image-reconstruction/facescape_224/fsmview_trainset_6_10_dimpler_30.jpg,0.04833061620593071,0.04307519644498825,-0.005255419760942459,8.164665281772614,0.6767762899398804
298,/mnt/c/Users/Chirayu/Documents/GitHub/2D-to-3D-image-reconstruction/facescape_224/fsmview_trainset_19_8_mouth_left_21.jpg,0.04719932749867439,0.04311363771557808,-0.0040856897830963135,8.886112930253148,0.7060216665267944
313,/mnt/c/Users/Chirayu/Documents/GitHub/2D-to-3D-image-reconstruction/facescape_224/fsmview_trainset_5_11_chin_raiser_31.jpg,0.048578765243291855,0.04311602562665939,-0.0054627396166324615,8.191282395273447,0.6762951016426086
170,/mnt/c/Users/Chirayu/Documents/GitHub/2D-to-3D-image-reconstruction/facescape_224/fsmview_trainset_12_16_grin_55.jpg,0.03842955827713013,0.043117206543684006,0.004687648266553879,8.58021823503077,0.7583394646644592
877,/mnt/c/Users/Chirayu/Documents/GitHub/2D-to-3D-image-reconstruction/facescape_224/fsmview_trainset_13_6_jaw_right_1.jpg,0.04418927803635597,0.0431695356965065,-0.001019742339849472,8.403826989233494,0.7010694146156311
580,/mnt/c/Users/Chirayu/Documents/GitHub/2D-to-3D-image-reconstruction/facescape_224/fsmview_trainset_11_3_mouth_stretch_41.jpg,0.0463501513004303,0.04323868826031685,-0.003111463040113449,7.988559894263744,0.7419970035552979
695,/mnt/c/Users/Chirayu/Documents/GitHub/2D-to-3D-image-reconstruction/facescape_224/fsmview_trainset_16_19_brow_raiser_24.jpg,0.041100066155195236,0.04326680675148964,0.002166740596294403,8.561808165628463,0.7169435024261475
281,/mnt/c/Users/Chirayu/Documents/GitHub/2D-to-3D-image-reconstruction/facescape_224/fsmview_trainset_5_20_brow_lower_7.jpg,0.04619870334863663,0.04346382990479469,-0.002734873443841934,8.21964968368411,0.7261890769004822
429,/mnt/c/Users/Chirayu/Documents/GitHub/2D-to-3D-image-reconstruction/facescape_224/fsmview_trainset_20_3_mouth_stretch_41.jpg,0.04085967689752579,0.04346798360347748,0.0026083067059516907,7.555334825068712,0.7064779996871948
989,/mnt/c/Users/Chirayu/Documents/GitHub/2D-to-3D-image-reconstruction/facescape_224/fsmview_trainset_9_6_jaw_right_17.jpg,0.043911948800086975,0.043506912887096405,-0.00040503591299057007,8.43441717326641,0.706760823726654
977,/mnt/c/Users/Chirayu/Documents/GitHub/2D-to-3D-image-reconstruction/facescape_224/fsmview_trainset_7_3_mouth_stretch_19.jpg,0.04511035606265068,0.04356435313820839,-0.0015460029244422913,7.91749498154968,0.7429425716400146
918,/mnt/c/Users/Chirayu/Documents/GitHub/2D-to-3D-image-reconstruction/facescape_224/fsmview_trainset_12_8_mouth_left_44.jpg,0.043352801352739334,0.04362654313445091,0.00027374178171157837,7.553496312350035,0.6191022396087646
884,/mnt/c/Users/Chirayu/Documents/GitHub/2D-to-3D-image-reconstruction/facescape_224/fsmview_trainset_12_5_jaw_left_16.jpg,0.05007436126470566,0.04369845241308212,-0.006375908851623535,8.879689184948802,0.6968220472335815
292,/mnt/c/Users/Chirayu/Documents/GitHub/2D-to-3D-image-reconstruction/facescape_224/fsmview_trainset_3_19_brow_raiser_18.jpg,0.04425658658146858,0.043885331600904465,-0.00037125498056411743,8.41848479397595,0.7003211975097656
352,/mnt/c/Users/Chirayu/Documents/GitHub/2D-to-3D-image-reconstruction/facescape_224/fsmview_trainset_11_16_grin_22.jpg,0.04294270649552345,0.04396270960569382,0.0010200031101703644,7.976554855704308,0.6571571826934814
983,/mnt/c/Users/Chirayu/Documents/GitHub/2D-to-3D-image-reconstruction/facescape_224/fsmview_trainset_14_12_lip_puckerer_35.jpg,0.04319753497838974,0.044042255729436874,0.0008447207510471344,8.723240355029702,0.7342280149459839
796,/mnt/c/Users/Chirayu/Documents/GitHub/2D-to-3D-image-reconstruction/facescape_224/fsmview_trainset_3_10_dimpler_3.jpg,0.04803478717803955,0.04404652118682861,-0.0039882659912109375,7.416595637798309,0.6534284353256226
5,/mnt/c/Users/Chirayu/Documents/GitHub/2D-to-3D-image-reconstruction/facescape_224/fsmview_trainset_4_18_eye_closed_19.jpg,0.04530627653002739,0.04406953603029251,-0.0012367404997348785,9.080807306803763,0.7397803068161011
635,/mnt/c/Users/Chirayu/Documents/GitHub/2D-to-3D-image-reconstruction/facescape_224/fsmview_trainset_9_15_lip_roll_28.jpg,0.04651807248592377,0.04407830163836479,-0.0024397708475589752,7.70912592113018,0.6372601985931396
238,/mnt/c/Users/Chirayu/Documents/GitHub/2D-to-3D-image-reconstruction/facescape_224/fsmview_trainset_13_4_anger_10.jpg,0.043335895985364914,0.04408015310764313,0.0007442571222782135,8.800061621703207,0.7337374687194824
669,/mnt/c/Users/Chirayu/Documents/GitHub/2D-to-3D-image-reconstruction/facescape_224/fsmview_trainset_5_12_lip_puckerer_19.jpg,0.04306953027844429,0.04410483315587044,0.0010353028774261475,8.558422569651157,0.7151435017585754
850,/mnt/c/Users/Chirayu/Documents/GitHub/2D-to-3D-image-reconstruction/facescape_224/fsmview_trainset_10_19_brow_raiser_32.jpg,0.0416848249733448,0.04426082596182823,0.002576000988483429,7.662202529609203,0.6703549027442932
309,/mnt/c/Users/Chirayu/Documents/GitHub/2D-to-3D-image-reconstruction/facescape_224/fsmview_trainset_18_10_dimpler_47.jpg,0.04619023948907852,0.044373344630002975,-0.0018168948590755463,8.427235528826714,0.6774170994758606
28,/mnt/c/Users/Chirayu/Documents/GitHub/2D-to-3D-image-reconstruction/facescape_224/fsmview_trainset_5_3_mouth_stretch_33.jpg,0.04548706114292145,0.04446304589509964,-0.0010240152478218079,7.695239596068859,0.7392375469207764
613,/mnt/c/Users/Chirayu/Documents/GitHub/2D-to-3D-image-reconstruction/facescape_224/fsmview_trainset_9_2_smile_25.jpg,0.04501242935657501,0.044701192528009415,-0.00031123682856559753,8.553719144314528,0.7045806050300598
72,/mnt/c/Users/Chirayu/Documents/GitHub/2D-to-3D-image-reconstruction/facescape_224/fsmview_trainset_13_14_sadness_7.jpg,0.04226422682404518,0.04475433751940727,0.002490110695362091,8.845669936388731,0.762653648853302
972,/mnt/c/Users/Chirayu/Documents/GitHub/2D-to-3D-image-reconstruction/facescape_224/fsmview_trainset_19_7_jaw_forward_34.jpg,0.04570143297314644,0.04475880414247513,-0.0009426288306713104,8.713192090392113,0.7528519630432129
795,/mnt/c/Users/Chirayu/Documents/GitHub/2D-to-3D-image-reconstruction/facescape_224/fsmview_trainset_3_3_mouth_stretch_9.jpg,0.04480654001235962,0.044845905154943466,3.9365142583847046e-05,7.607001714408398,0.7058627605438232
678,/mnt/c/Users/Chirayu/Documents/GitHub/2D-to-3D-image-reconstruction/facescape_224/fsmview_trainset_16_12_lip_puckerer_31.jpg,0.04413319751620293,0.04491221159696579,0.0007790140807628632,8.698931490071118,0.7281917929649353
286,/mnt/c/Users/Chirayu/Documents/GitHub/2D-to-3D-image-reconstruction/facescape_224/fsmview_trainset_18_15_lip_roll_35.jpg,0.04614648222923279,0.04495789483189583,-0.0011885873973369598,9.33169280178845,0.7845271229743958
112,/mnt/c/Users/Chirayu/Documents/GitHub/2D-to-3D-image-reconstruction/facescape_224/fsmview_trainset_13_3_mouth_stretch_8.jpg,0.04440921172499657,0.045002531260252,0.0005933195352554321,7.588424880057573,0.6813546419143677
206,/mnt/c/Users/Chirayu/Documents/GitHub/2D-to-3D-image-reconstruction/facescape_224/fsmview_trainset_12_20_brow_lower_43.jpg,0.04729975014925003,0.045039452612400055,-0.0022602975368499756,8.99008304439485,0.7135013937950134
324,/mnt/c/Users/Chirayu/Documents/GitHub/2D-to-3D-image-reconstruction/facescape_224/fsmview_trainset_11_18_eye_closed_23.jpg,0.047994062304496765,0.045071911066770554,-0.0029221512377262115,8.22456443682313,0.6456276774406433
48,/mnt/c/Users/Chirayu/Documents/GitHub/2D-to-3D-image-reconstruction/facescape_224/fsmview_trainset_12_8_mouth_left_29.jpg,0.04842263460159302,0.04509945586323738,-0.0033231787383556366,8.47360523045063,0.7027770280838013
540,/mnt/c/Users/Chirayu/Documents/GitHub/2D-to-3D-image-reconstruction/facescape_224/fsmview_trainset_8_14_sadness_36.jpg,0.05395609140396118,0.04511147737503052,-0.008844614028930664,7.918597333133221,0.6713370084762573
86,/mnt/c/Users/Chirayu/Documents/GitHub/2D-to-3D-image-reconstruction/facescape_224/fsmview_trainset_5_17_cheek_blowing_2.jpg,0.04717382416129112,0.04523083567619324,-0.0019429884850978851,8.219866789877415,0.6677481532096863
148,/mnt/c/Users/Chirayu/Documents/GitHub/2D-to-3D-image-reconstruction/facescape_224/fsmview_trainset_17_9_mouth_right_31.jpg,0.04289943352341652,0.045348286628723145,0.0024488531053066254,8.705437552183867,0.7075663208961487
227,/mnt/c/Users/Chirayu/Documents/GitHub/2D-to-3D-image-reconstruction/facescape_224/fsmview_trainset_6_19_brow_raiser_8.jpg,0.04367608204483986,0.045367226004600525,0.001691143959760666,8.122613713145256,0.6838189959526062
389,/mnt/c/Users/Chirayu/Documents/GitHub/2D-to-3D-image-reconstruction/facescape_224/fsmview_trainset_5_3_mouth_stretch_29.jpg,0.04362817853689194,0.045391060411930084,0.001762881875038147,7.9482021778821945,0.7136189341545105
624,/mnt/c/Users/Chirayu/Documents/GitHub/2D-to-3D-image-reconstruction/facescape_224/fsmview_trainset_15_10_dimpler_59.jpg,0.0397234782576561,0.04539843276143074,0.005674954503774643,7.909947630017996,0.6440830230712891
553,/mnt/c/Users/Chirayu/Documents/GitHub/2D-to-3D-image-reconstruction/facescape_224/fsmview_trainset_11_13_lip_funneler_21.jpg,0.04305373877286911,0.04542546346783638,0.00237172469496727,7.939199928194284,0.6485747694969177
913,/mnt/c/Users/Chirayu/Documents/GitHub/2D-to-3D-image-reconstruction/facescape_224/fsmview_trainset_3_5_jaw_left_23.jpg,0.04488992318511009,0.045554909855127335,0.0006649866700172424,8.225568822119385,0.6684743762016296
812,/mnt/c/Users/Chirayu/Documents/GitHub/2D-to-3D-image-reconstruction/facescape_224/fsmview_trainset_18_15_lip_roll_5.jpg,0.04205707088112831,0.04556996747851372,0.0035128965973854065,8.478328138589859,0.725488007068634
700,/mnt/c/Users/Chirayu/Documents/GitHub/2D-to-3D-image-reconstruction/facescape_224/fsmview_trainset_4_4_anger_7.jpg,0.03902207687497139,0.04557422921061516,0.006552152335643768,7.92496906965971,0.6725601553916931
60,/mnt/c/Users/Chirayu/Documents/GitHub/2D-to-3D-image-reconstruction/facescape_224/fsmview_trainset_15_6_jaw_right_42.jpg,0.044818978756666183,0.04557499662041664,0.0007560178637504578,8.16656694933772,0.6926506757736206
834,/mnt/c/Users/Chirayu/Documents/GitHub/2D-to-3D-image-reconstruction/facescape_224/fsmview_trainset_5_16_grin_19.jpg,0.042968641966581345,0.04562193155288696,0.0026532895863056183,8.904753503855318,0.7405527830123901
679,/mnt/c/Users/Chirayu/Documents/GitHub/2D-to-3D-image-reconstruction/facescape_224/fsmview_trainset_10_14_sadness_39.jpg,0.04731174185872078,0.04570219665765762,-0.0016095452010631561,7.89519689232111,0.6735876798629761
410,/mnt/c/Users/Chirayu/Documents/GitHub/2D-to-3D-image-reconstruction/facescape_224/fsmview_trainset_17_4_anger_18.jpg,0.04299343004822731,0.045704081654548645,0.002710651606321335,8.864874698687345,0.7212990522384644
612,/mnt/c/Users/Chirayu/Documents/GitHub/2D-to-3D-image-reconstruction/facescape_224/fsmview_trainset_14_18_eye_closed_19.jpg,0.042647697031497955,0.0458139032125473,0.003166206181049347,7.301691487431526,0.6477704644203186
317,/mnt/c/Users/Chirayu/Documents/GitHub/2D-to-3D-image-reconstruction/facescape_224/fsmview_trainset_3_16_grin_34.jpg,0.04374603554606438,0.04592165723443031,0.0021756216883659363,7.863181177526712,0.6662692427635193
714,/mnt/c/Users/Chirayu/Documents/GitHub/2D-to-3D-image-reconstruction/facescape_224/fsmview_trainset_20_14_sadness_42.jpg,0.047942351549863815,0.04594307020306587,-0.001999281346797943,8.523467499762774,0.6775339245796204
608,/mnt/c/Users/Chirayu/Documents/GitHub/2D-to-3D-image-reconstruction/facescape_224/fsmview_trainset_8_17_cheek_blowing_22.jpg,0.045239176601171494,0.04594319686293602,0.0007040202617645264,8.051105557009578,0.6650826930999756
749,/mnt/c/Users/Chirayu/Documents/GitHub/2D-to-3D-image-reconstruction/facescape_224/fsmview_trainset_1_2_smile_35.jpg,0.05111153796315193,0.046048641204833984,-0.005062896758317947,8.321388505399227,0.7209547758102417
570,/mnt/c/Users/Chirayu/Documents/GitHub/2D-to-3D-image-reconstruction/facescape_224/fsmview_trainset_6_7_jaw_forward_27.jpg,0.04959936439990997,0.04614763334393501,-0.0034517310559749603,8.423253672197461,0.6922047138214111
818,/mnt/c/Users/Chirayu/Documents/GitHub/2D-to-3D-image-reconstruction/facescape_224/fsmview_trainset_12_18_eye_closed_16.jpg,0.05053587630391121,0.04636372998356819,-0.004172146320343018,8.936703957617283,0.7422103881835938
277,/mnt/c/Users/Chirayu/Documents/GitHub/2D-to-3D-image-reconstruction/facescape_224/fsmview_trainset_9_3_mouth_stretch_32.jpg,0.041461654007434845,0.0464162603020668,0.004954606294631958,7.568889990448952,0.7128379344940186
882,/mnt/c/Users/Chirayu/Documents/GitHub/2D-to-3D-image-reconstruction/facescape_224/fsmview_trainset_8_14_sadness_12.jpg,0.04596004635095596,0.04647974297404289,0.0005196966230869293,7.964955851435661,0.7180673480033875
350,/mnt/c/Users/Chirayu/Documents/GitHub/2D-to-3D-image-reconstruction/facescape_224/fsmview_trainset_6_2_smile_24.jpg,0.048265490680933,0.04654045030474663,-0.0017250403761863708,8.360375065356493,0.7176807522773743
892,/mnt/c/Users/Chirayu/Documents/GitHub/2D-to-3D-image-reconstruction/facescape_224/fsmview_trainset_6_20_brow_lower_28.jpg,0.040221501141786575,0.04658278822898865,0.006361287087202072,7.74523302167654,0.6603084206581116
102,/mnt/c/Users/Chirayu/Documents/GitHub/2D-to-3D-image-reconstruction/facescape_224/fsmview_trainset_17_19_brow_raiser_30.jpg,0.05125255882740021,0.046595264226198196,-0.004657294601202011,8.87850733101368,0.7183981537818909
283,/mnt/c/Users/Chirayu/Documents/GitHub/2D-to-3D-image-reconstruction/facescape_224/fsmview_trainset_2_15_lip_roll_34.jpg,0.04265360161662102,0.04663696885108948,0.00398336723446846,8.391826879233122,0.7144849300384521
17,/mnt/c/Users/Chirayu/Documents/GitHub/2D-to-3D-image-reconstruction/facescape_224/fsmview_trainset_4_7_jaw_forward_36.jpg,0.04511352255940437,0.046637408435344696,0.0015238858759403229,7.440418228507042,0.6549548506736755
704,/mnt/c/Users/Chirayu/Documents/GitHub/2D-to-3D-image-reconstruction/facescape_224/fsmview_trainset_12_18_eye_closed_41.jpg,0.04884163662791252,0.046678945422172546,-0.002162691205739975,8.770396888256073,0.7643415927886963
622,/mnt/c/Users/Chirayu/Documents/GitHub/2D-to-3D-image-reconstruction/facescape_224/fsmview_trainset_5_1_neutral_27.jpg,0.0416857972741127,0.04680655151605606,0.005120754241943359,7.683134216815233,0.6416953206062317
698,/mnt/c/Users/Chirayu/Documents/GitHub/2D-to-3D-image-reconstruction/facescape_224/fsmview_trainset_9_11_chin_raiser_34.jpg,0.0406014509499073,0.04683900251984596,0.00623755156993866,8.004624292254448,0.66086345911026
513,/mnt/c/Users/Chirayu/Documents/GitHub/2D-to-3D-image-reconstruction/facescape_224/fsmview_trainset_6_10_dimpler_26.jpg,0.0480811633169651,0.04703341796994209,-0.0010477453470230103,8.107276398688555,0.6870483160018921
656,/mnt/c/Users/Chirayu/Documents/GitHub/2D-to-3D-image-reconstruction/facescape_224/fsmview_trainset_3_14_sadness_24.jpg,0.04498279094696045,0.04703419283032417,0.0020514018833637238,8.59217732027173,0.6943218111991882
274,/mnt/c/Users/Chirayu/Documents/GitHub/2D-to-3D-image-reconstruction/facescape_224/fsmview_trainset_11_9_mouth_right_34.jpg,0.0472426563501358,0.04715508222579956,-8.757412433624268e-05,8.715390039607882,0.716097354888916
346,/mnt/c/Users/Chirayu/Documents/GitHub/2D-to-3D-image-reconstruction/facescape_224/fsmview_trainset_4_1_neutral_39.jpg,0.05323072522878647,0.047164831310510635,-0.006065893918275833,8.237227652221918,0.7162578105926514
49,/mnt/c/Users/Chirayu/Documents/GitHub/2D-to-3D-image-reconstruction/facescape_224/fsmview_trainset_13_7_jaw_forward_44.jpg,0.04211582988500595,0.04719052463769913,0.005074694752693176,8.636853855103254,0.7401891946792603
982,/mnt/c/Users/Chirayu/Documents/GitHub/2D-to-3D-image-reconstruction/facescape_224/fsmview_trainset_12_8_mouth_left_43.jpg,0.04388593137264252,0.04719459265470505,0.0033086612820625305,7.853629272431135,0.6368930339813232
131,/mnt/c/Users/Chirayu/Documents/GitHub/2D-to-3D-image-reconstruction/facescape_224/fsmview_trainset_3_16_grin_3.jpg,0.04860208183526993,0.04732879623770714,-0.00127328559756279,7.111206952482462,0.6779434680938721
64,/mnt/c/Users/Chirayu/Documents/GitHub/2D-to-3D-image-reconstruction/facescape_224/fsmview_trainset_2_11_chin_raiser_8.jpg,0.05124097689986229,0.047351591289043427,-0.003889385610818863,9.461693979799747,0.7702273726463318
13,/mnt/c/Users/Chirayu/Documents/GitHub/2D-to-3D-image-reconstruction/facescape_224/fsmview_trainset_10_19_brow_raiser_7.jpg,0.041752271354198456,0.04735216870903969,0.005599897354841232,7.686635475605726,0.6686892509460449
200,/mnt/c/Users/Chirayu/Documents/GitHub/2D-to-3D-image-reconstruction/facescape_224/fsmview_trainset_9_10_dimpler_20.jpg,0.047358497977256775,0.047389302402734756,3.080442547798157e-05,8.943132239859551,0.7247952818870544
426,/mnt/c/Users/Chirayu/Documents/GitHub/2D-to-3D-image-reconstruction/facescape_224/fsmview_trainset_16_4_anger_50.jpg,0.04707583412528038,0.04741382598876953,0.000337991863489151,8.094103954732418,0.6800205707550049
405,/mnt/c/Users/Chirayu/Documents/GitHub/2D-to-3D-image-reconstruction/facescape_224/fsmview_trainset_2_6_jaw_right_15.jpg,0.045366622507572174,0.047419533133506775,0.002052910625934601,8.66343173198402,0.7120699882507324
212,/mnt/c/Users/Chirayu/Documents/GitHub/2D-to-3D-image-reconstruction/facescape_224/fsmview_trainset_6_7_jaw_forward_19.jpg,0.044599417597055435,0.04744573310017586,0.0028463155031204224,8.647706620395184,0.71029132604599
752,/mnt/c/Users/Chirayu/Documents/GitHub/2D-to-3D-image-reconstruction/facescape_224/fsmview_trainset_4_2_smile_50.jpg,0.04444409906864166,0.04757409542798996,0.003129996359348297,8.756925150752068,0.7212526798248291
187,/mnt/c/Users/Chirayu/Documents/GitHub/2D-to-3D-image-reconstruction/facescape_224/fsmview_trainset_7_8_mouth_left_26.jpg,0.04368484765291214,0.04757783189415932,0.003892984241247177,8.162902772426605,0.6621730327606201
383,/mnt/c/Users/Chirayu/Documents/GitHub/2D-to-3D-image-reconstruction/facescape_224/fsmview_trainset_10_10_dimpler_7.jpg,0.04050784185528755,0.047579504549503326,0.0070716626942157745,7.4700638093054295,0.6489375233650208
104,/mnt/c/Users/Chirayu/Documents/GitHub/2D-to-3D-image-reconstruction/facescape_224/fsmview_trainset_20_2_smile_33.jpg,0.04167730361223221,0.04767049476504326,0.00599319115281105,7.585337545722723,0.709750235080719
997,/mnt/c/Users/Chirayu/Documents/GitHub/2D-to-3D-image-reconstruction/facescape_224/fsmview_trainset_9_3_mouth_stretch_6.jpg,0.04445832967758179,0.0477362759411335,0.003277946263551712,7.6479128040373325,0.6990788578987122
272,/mnt/c/Users/Chirayu/Documents/GitHub/2D-to-3D-image-reconstruction/facescape_224/fsmview_trainset_20_12_lip_puckerer_36.jpg,0.0510905459523201,0.0477457232773304,-0.0033448226749897003,8.473022172227502,0.718320906162262
392,/mnt/c/Users/Chirayu/Documents/GitHub/2D-to-3D-image-reconstruction/facescape_224/fsmview_trainset_8_13_lip_funneler_50.jpg,0.04689488559961319,0.04782748222351074,0.0009325966238975525,7.785706330090761,0.6962935328483582
462,/mnt/c/Users/Chirayu/Documents/GitHub/2D-to-3D-image-reconstruction/facescape_224/fsmview_trainset_5_15_lip_roll_4.jpg,0.05760842561721802,0.047968789935112,-0.009639635682106018,7.90821323543787,0.7136373519897461
73,/mnt/c/Users/Chirayu/Documents/GitHub/2D-to-3D-image-reconstruction/facescape_224/fsmview_trainset_10_14_sadness_54.jpg,0.04615890234708786,0.04809436947107315,0.0019354671239852905,8.327031855937093,0.7077083587646484
370,/mnt/c/Users/Chirayu/Documents/GitHub/2D-to-3D-image-reconstruction/facescape_224/fsmview_trainset_5_18_eye_closed_38.jpg,0.047253310680389404,0.04809795320034027,0.0008446425199508667,7.594062652438879,0.6747181415557861
235,/mnt/c/Users/Chirayu/Documents/GitHub/2D-to-3D-image-reconstruction/facescape_224/fsmview_trainset_3_4_anger_24.jpg,0.047739092260599136,0.048135820776224136,0.000396728515625,8.780141766183078,0.7266616225242615
886,/mnt/c/Users/Chirayu/Documents/GitHub/2D-to-3D-image-reconstruction/facescape_224/fsmview_trainset_13_3_mouth_stretch_50.jpg,0.04874757304787636,0.04822478070855141,-0.0005227923393249512,7.311765365302563,0.6822332739830017
495,/mnt/c/Users/Chirayu/Documents/GitHub/2D-to-3D-image-reconstruction/facescape_224/fsmview_trainset_13_11_chin_raiser_15.jpg,0.043659575283527374,0.04835759848356247,0.004698023200035095,8.589446848724037,0.7188951969146729
287,/mnt/c/Users/Chirayu/Documents/GitHub/2D-to-3D-image-reconstruction/facescape_224/fsmview_trainset_3_13_lip_funneler_32.jpg,0.045866843312978745,0.04836062341928482,0.002493780106306076,7.69827351719141,0.6940709352493286
777,/mnt/c/Users/Chirayu/Documents/GitHub/2D-to-3D-image-reconstruction/facescape_224/fsmview_trainset_9_11_chin_raiser_17.jpg,0.04787374660372734,0.04839588701725006,0.0005221404135227203,8.695748535450548,0.7109742164611816
738,/mnt/c/Users/Chirayu/Documents/GitHub/2D-to-3D-image-reconstruction/facescape_224/fsmview_trainset_8_20_brow_lower_25.jpg,0.050729185342788696,0.048507191240787506,-0.00222199410200119,7.9787784814834595,0.7098553776741028
266,/mnt/c/Users/Chirayu/Documents/GitHub/2D-to-3D-image-reconstruction/facescape_224/fsmview_trainset_3_2_smile_8.jpg,0.04527656361460686,0.04856595769524574,0.0032893940806388855,7.632472049444914,0.6650646924972534
827,/mnt/c/Users/Chirayu/Documents/GitHub/2D-to-3D-image-reconstruction/facescape_224/fsmview_trainset_10_8_mouth_left_4.jpg,0.04280220717191696,0.04857110232114792,0.005768895149230957,7.566558122634888,0.6500646471977234
552,/mnt/c/Users/Chirayu/Documents/GitHub/2D-to-3D-image-reconstruction/facescape_224/fsmview_trainset_17_19_brow_raiser_15.jpg,0.04787154868245125,0.04869517311453819,0.0008236244320869446,8.700636660680175,0.7111676931381226
94,/mnt/c/Users/Chirayu/Documents/GitHub/2D-to-3D-image-reconstruction/facescape_224/fsmview_trainset_5_2_smile_9.jpg,0.05049418658018112,0.0487043596804142,-0.001789826899766922,7.986791022121906,0.6546862721443176
190,/mnt/c/Users/Chirayu/Documents/GitHub/2D-to-3D-image-reconstruction/facescape_224/fsmview_trainset_1_18_eye_closed_55.jpg,0.04662506654858589,0.04871991649270058,0.002094849944114685,8.186803087592125,0.7436335682868958
332,/mnt/c/Users/Chirayu/Documents/GitHub/2D-to-3D-image-reconstruction/facescape_224/fsmview_trainset_2_10_dimpler_30.jpg,0.05006595328450203,0.048753522336483,-0.0013124309480190277,9.01419291831553,0.7400028705596924
125,/mnt/c/Users/Chirayu/Documents/GitHub/2D-to-3D-image-reconstruction/facescape_224/fsmview_trainset_14_16_grin_38.jpg,0.05861764773726463,0.04880765825510025,-0.009809989482164383,7.907912969589233,0.6776338219642639
236,/mnt/c/Users/Chirayu/Documents/GitHub/2D-to-3D-image-reconstruction/facescape_224/fsmview_trainset_12_13_lip_funneler_45.jpg,0.049419473856687546,0.04894113540649414,-0.00047833845019340515,8.788313198834658,0.7367273569107056
710,/mnt/c/Users/Chirayu/Documents/GitHub/2D-to-3D-image-reconstruction/facescape_224/fsmview_trainset_8_13_lip_funneler_36.jpg,0.05759230628609657,0.049023326486349106,-0.008568979799747467,7.693266175687313,0.7233136892318726
663,/mnt/c/Users/Chirayu/Documents/GitHub/2D-to-3D-image-reconstruction/facescape_224/fsmview_trainset_8_8_mouth_left_2.jpg,0.05143507942557335,0.04903573915362358,-0.002399340271949768,7.707657277584076,0.668222963809967
563,/mnt/c/Users/Chirayu/Documents/GitHub/2D-to-3D-image-reconstruction/facescape_224/fsmview_trainset_4_18_eye_closed_50.jpg,0.04570102319121361,0.04906228184700012,0.0033612586557865143,8.675054255872965,0.7219685912132263
376,/mnt/c/Users/Chirayu/Documents/GitHub/2D-to-3D-image-reconstruction/facescape_224/fsmview_trainset_5_8_mouth_left_35.jpg,0.05140546336770058,0.04921374469995499,-0.00219171866774559,8.32732292637229,0.7020479440689087
618,/mnt/c/Users/Chirayu/Documents/GitHub/2D-to-3D-image-reconstruction/facescape_224/fsmview_trainset_15_6_jaw_right_18.jpg,0.05073864385485649,0.049241695553064346,-0.0014969483017921448,8.103691130876541,0.705700695514679
855,/mnt/c/Users/Chirayu/Documents/GitHub/2D-to-3D-image-reconstruction/facescape_224/fsmview_trainset_10_18_eye_closed_55.jpg,0.048337481915950775,0.04930705949664116,0.0009695775806903839,8.280766400042921,0.701210081577301
423,/mnt/c/Users/Chirayu/Documents/GitHub/2D-to-3D-image-reconstruction/facescape_224/fsmview_trainset_12_9_mouth_right_54.jpg,0.053710438311100006,0.049312226474285126,-0.00439821183681488,8.981614848598838,0.7526400089263916
630,/mnt/c/Users/Chirayu/Documents/GitHub/2D-to-3D-image-reconstruction/facescape_224/fsmview_trainset_12_16_grin_49.jpg,0.05264631286263466,0.04934760555624962,-0.0032987073063850403,7.9563179314136505,0.6895679235458374
69,/mnt/c/Users/Chirayu/Documents/GitHub/2D-to-3D-image-reconstruction/facescape_224/fsmview_trainset_9_3_mouth_stretch_23.jpg,0.046125251799821854,0.04965588450431824,0.0035306327044963837,7.371616378426552,0.7278513312339783
514,/mnt/c/Users/Chirayu/Documents/GitHub/2D-to-3D-image-reconstruction/facescape_224/fsmview_trainset_13_7_jaw_forward_16.jpg,0.05313999950885773,0.049761563539505005,-0.003378435969352722,8.643196132034063,0.7248278260231018
750,/mnt/c/Users/Chirayu/Documents/GitHub/2D-to-3D-image-reconstruction/facescape_224/fsmview_trainset_13_15_lip_roll_29.jpg,0.042206548154354095,0.049762267619371414,0.007555719465017319,8.060766331851482,0.633012592792511
936,/mnt/c/Users/Chirayu/Documents/GitHub/2D-to-3D-image-reconstruction/facescape_224/fsmview_trainset_17_10_dimpler_34.jpg,0.043835900723934174,0.04978831112384796,0.005952410399913788,8.030921511352062,0.6642725467681885
797,/mnt/c/Users/Chirayu/Documents/GitHub/2D-to-3D-image-reconstruction/facescape_224/fsmview_trainset_16_18_eye_closed_9.jpg,0.044394370168447495,0.04981861636042595,0.005424246191978455,8.437953971326351,0.7382020354270935
301,/mnt/c/Users/Chirayu/Documents/GitHub/2D-to-3D-image-reconstruction/facescape_224/fsmview_trainset_19_4_anger_16.jpg,0.05267879739403725,0.04984557628631592,-0.0028332211077213287,9.215244330465794,0.7661292552947998
807,/mnt/c/Users/Chirayu/Documents/GitHub/2D-to-3D-image-reconstruction/facescape_224/fsmview_trainset_8_14_sadness_2.jpg,0.05333390459418297,0.04998944699764252,-0.003344457596540451,7.6708387434482574,0.6802571415901184
30,/mnt/c/Users/Chirayu/Documents/GitHub/2D-to-3D-image-reconstruction/facescape_224/fsmview_trainset_3_7_jaw_forward_29.jpg,0.040716178715229034,0.05011078342795372,0.009394604712724686,8.177381947636604,0.7117953300476074
431,/mnt/c/Users/Chirayu/Documents/GitHub/2D-to-3D-image-reconstruction/facescape_224/fsmview_trainset_20_16_grin_58.jpg,0.049607839435338974,0.050184886902570724,0.0005770474672317505,9.038203470408916,0.8077539801597595
447,/mnt/c/Users/Chirayu/Documents/GitHub/2D-to-3D-image-reconstruction/facescape_224/fsmview_trainset_12_1_neutral_15.jpg,0.054601460695266724,0.0502174086868763,-0.004384052008390427,8.871742641553283,0.7251119613647461
846,/mnt/c/Users/Chirayu/Documents/GitHub/2D-to-3D-image-reconstruction/facescape_224/fsmview_trainset_13_6_jaw_right_38.jpg,0.051854442805051804,0.05027220398187637,-0.0015822388231754303,7.975611060857773,0.7083160877227783
782,/mnt/c/Users/Chirayu/Documents/GitHub/2D-to-3D-image-reconstruction/facescape_224/fsmview_trainset_14_20_brow_lower_56.jpg,0.05627339705824852,0.05027221515774727,-0.006001181900501251,8.03270410373807,0.7501680254936218
396,/mnt/c/Users/Chirayu/Documents/GitHub/2D-to-3D-image-reconstruction/facescape_224/fsmview_trainset_3_7_jaw_forward_32.jpg,0.047316767275333405,0.050459958612918854,0.0031431913375854492,8.074177578091621,0.6672154664993286
465,/mnt/c/Users/Chirayu/Documents/GitHub/2D-to-3D-image-reconstruction/facescape_224/fsmview_trainset_9_17_cheek_blowing_5.jpg,0.04804958030581474,0.050461579114198685,0.0024119988083839417,7.713480640202761,0.6886136531829834
893,/mnt/c/Users/Chirayu/Documents/GitHub/2D-to-3D-image-reconstruction/facescape_224/fsmview_trainset_20_13_lip_funneler_12.jpg,0.04676824435591698,0.05048909783363342,0.003720853477716446,8.561145715415478,0.7053792476654053
668,/mnt/c/Users/Chirayu/Documents/GitHub/2D-to-3D-image-reconstruction/facescape_224/fsmview_trainset_3_10_dimpler_47.jpg,0.04485859349370003,0.05051368474960327,0.005655091255903244,9.021597795188427,0.7451390624046326
755,/mnt/c/Users/Chirayu/Documents/GitHub/2D-to-3D-image-reconstruction/facescape_224/fsmview_trainset_5_18_eye_closed_31.jpg,0.04949821159243584,0.050591565668582916,0.0010933540761470795,8.504505190998316,0.704073965549469
950,/mnt/c/Users/Chirayu/Documents/GitHub/2D-to-3D-image-reconstruction/facescape_224/fsmview_trainset_20_12_lip_puckerer_18.jpg,0.05464637279510498,0.05084051936864853,-0.0038058534264564514,7.869829174131155,0.630549430847168
440,/mnt/c/Users/Chirayu/Documents/GitHub/2D-to-3D-image-reconstruction/facescape_224/fsmview_trainset_12_5_jaw_left_18.jpg,0.05458257347345352,0.05084843561053276,-0.003734137862920761,8.949675450101495,0.7294371128082275
451,/mnt/c/Users/Chirayu/Documents/GitHub/2D-to-3D-image-reconstruction/facescape_224/fsmview_trainset_9_14_sadness_30.jpg,0.05249297618865967,0.0508892759680748,-0.0016037002205848694,8.132591450586915,0.6762595176696777
386,/mnt/c/Users/Chirayu/Documents/GitHub/2D-to-3D-image-reconstruction/facescape_224/fsmview_trainset_14_16_grin_35.jpg,0.04788107052445412,0.05091683939099312,0.0030357688665390015,8.698761014733464,0.7290253043174744
220,/mnt/c/Users/Chirayu/Documents/GitHub/2D-to-3D-image-reconstruction/facescape_224/fsmview_trainset_9_17_cheek_blowing_3.jpg,0.04887399449944496,0.05097232386469841,0.0020983293652534485,7.2982394732534885,0.5991828441619873
944,/mnt/c/Users/Chirayu/Documents/GitHub/2D-to-3D-image-reconstruction/facescape_224/fsmview_trainset_13_4_anger_40.jpg,0.052731823176145554,0.05098668113350868,-0.0017451420426368713,7.405707307159901,0.6099211573600769
456,/mnt/c/Users/Chirayu/Documents/GitHub/2D-to-3D-image-reconstruction/facescape_224/fsmview_trainset_17_1_neutral_32.jpg,0.047254372388124466,0.05117490887641907,0.0039205364882946014,8.316351475194097,0.7084859013557434
975,/mnt/c/Users/Chirayu/Documents/GitHub/2D-to-3D-image-reconstruction/facescape_224/fsmview_trainset_13_9_mouth_right_25.jpg,0.04313177615404129,0.05123753473162651,0.00810575857758522,9.011987619567662,0.7380396723747253
436,/mnt/c/Users/Chirayu/Documents/GitHub/2D-to-3D-image-reconstruction/facescape_224/fsmview_trainset_10_5_jaw_left_6.jpg,0.04903077334165573,0.05126094073057175,0.0022301673889160156,7.821107774972916,0.6822007894515991
44,/mnt/c/Users/Chirayu/Documents/GitHub/2D-to-3D-image-reconstruction/facescape_224/fsmview_trainset_6_9_mouth_right_32.jpg,0.04958679527044296,0.05134440213441849,0.001757606863975525,7.7526676915585995,0.6433382630348206
649,/mnt/c/Users/Chirayu/Documents/GitHub/2D-to-3D-image-reconstruction/facescape_224/fsmview_trainset_7_19_brow_raiser_27.jpg,0.056283626705408096,0.05144989863038063,-0.004833728075027466,8.841794803738594,0.7300736904144287
605,/mnt/c/Users/Chirayu/Documents/GitHub/2D-to-3D-image-reconstruction/facescape_224/fsmview_trainset_15_16_grin_18.jpg,0.04665563255548477,0.051482975482940674,0.004827342927455902,8.07089639827609,0.737102746963501
2,/mnt/c/Users/Chirayu/Documents/GitHub/2D-to-3D-image-reconstruction/facescape_224/fsmview_trainset_7_2_smile_1.jpg,0.05355868116021156,0.05158451199531555,-0.0019741691648960114,8.206264220178127,0.7008472084999084
766,/mnt/c/Users/Chirayu/Documents/GitHub/2D-to-3D-image-reconstruction/facescape_224/fsmview_trainset_13_3_mouth_stretch_53.jpg,0.051137398928403854,0.05165529251098633,0.0005178935825824738,7.84800038440153,0.6866483092308044
974,/mnt/c/Users/Chirayu/Documents/GitHub/2D-to-3D-image-reconstruction/facescape_224/fsmview_trainset_12_4_anger_18.jpg,0.052073884755373,0.05178165063261986,-0.0002922341227531433,8.731124825775623,0.7139943838119507
151,/mnt/c/Users/Chirayu/Documents/GitHub/2D-to-3D-image-reconstruction/facescape_224/fsmview_trainset_12_18_eye_closed_29.jpg,0.05429522320628166,0.05178815871477127,-0.0025070644915103912,9.270387459546328,0.7627630829811096
655,/mnt/c/Users/Chirayu/Documents/GitHub/2D-to-3D-image-reconstruction/facescape_224/fsmview_trainset_10_20_brow_lower_19.jpg,0.049394942820072174,0.05198023095726967,0.0025852881371974945,8.582135339733213,0.7218407392501831
985,/mnt/c/Users/Chirayu/Documents/GitHub/2D-to-3D-image-reconstruction/facescape_224/fsmview_trainset_15_3_mouth_stretch_65.jpg,0.05254436284303665,0.05198289826512337,-0.0005614645779132843,8.670883316546679,0.8210521936416626
159,/mnt/c/Users/Chirayu/Documents/GitHub/2D-to-3D-image-reconstruction/facescape_224/fsmview_trainset_8_10_dimpler_53.jpg,0.04998962953686714,0.051984820514917374,0.001995190978050232,8.094895482063293,0.713483452796936
578,/mnt/c/Users/Chirayu/Documents/GitHub/2D-to-3D-image-reconstruction/facescape_224/fsmview_trainset_18_3_mouth_stretch_12.jpg,0.04836180433630943,0.05201023072004318,0.0036484263837337494,7.94201685488224,0.7556445002555847
638,/mnt/c/Users/Chirayu/Documents/GitHub/2D-to-3D-image-reconstruction/facescape_224/fsmview_trainset_12_2_smile_52.jpg,0.052942514419555664,0.052033599466085434,-0.0009089149534702301,7.814803875982761,0.6375760436058044
899,/mnt/c/Users/Chirayu/Documents/GitHub/2D-to-3D-image-reconstruction/facescape_224/fsmview_trainset_16_1_neutral_29.jpg,0.04991159215569496,0.05207820609211922,0.0021666139364242554,7.84182570874691,0.6493799090385437
596,/mnt/c/Users/Chirayu/Documents/GitHub/2D-to-3D-image-reconstruction/facescape_224/fsmview_trainset_14_1_neutral_59.jpg,0.04687661677598953,0.05213857442140579,0.00526195764541626,7.330120872706175,0.6368190050125122
210,/mnt/c/Users/Chirayu/Documents/GitHub/2D-to-3D-image-reconstruction/facescape_224/fsmview_trainset_20_13_lip_funneler_65.jpg,0.05231954902410507,0.052152834832668304,-0.00016671419143676758,8.921951921191067,0.7795521020889282
183,/mnt/c/Users/Chirayu/Documents/GitHub/2D-to-3D-image-reconstruction/facescape_224/fsmview_trainset_9_4_anger_35.jpg,0.055354658514261246,0.052163925021886826,-0.00319073349237442,8.222719755023718,0.6361115574836731
365,/mnt/c/Users/Chirayu/Documents/GitHub/2D-to-3D-image-reconstruction/facescape_224/fsmview_trainset_11_15_lip_roll_56.jpg,0.05179078131914139,0.052199460566043854,0.0004086792469024658,9.320054475218058,0.8011996746063232
109,/mnt/c/Users/Chirayu/Documents/GitHub/2D-to-3D-image-reconstruction/facescape_224/fsmview_trainset_9_6_jaw_right_23.jpg,0.05212980881333351,0.05234704166650772,0.0002172328531742096,8.755190450698137,0.7338721752166748
716,/mnt/c/Users/Chirayu/Documents/GitHub/2D-to-3D-image-reconstruction/facescape_224/fsmview_trainset_1_16_grin_35.jpg,0.05793464183807373,0.05255480483174324,-0.00537983700633049,8.452898316085339,0.768613338470459
634,/mnt/c/Users/Chirayu/Documents/GitHub/2D-to-3D-image-reconstruction/facescape_224/fsmview_trainset_3_13_lip_funneler_6.jpg,0.05404404178261757,0.05259088799357414,-0.0014531537890434265,8.262579560279846,0.7503200769424438
357,/mnt/c/Users/Chirayu/Documents/GitHub/2D-to-3D-image-reconstruction/facescape_224/fsmview_trainset_17_15_lip_roll_10.jpg,0.04881826043128967,0.05263632908463478,0.003818068653345108,8.369113132357597,0.728826642036438
177,/mnt/c/Users/Chirayu/Documents/GitHub/2D-to-3D-image-reconstruction/facescape_224/fsmview_trainset_14_8_mouth_left_58.jpg,0.05394074693322182,0.05269830673933029,-0.0012424401938915253,8.24290506541729,0.7554327845573425
316,/mnt/c/Users/Chirayu/Documents/GitHub/2D-to-3D-image-reconstruction/facescape_224/fsmview_trainset_20_3_mouth_stretch_60.jpg,0.054617736488580704,0.0527159608900547,-0.001901775598526001,8.619763497263193,0.7927951812744141
712,/mnt/c/Users/Chirayu/Documents/GitHub/2D-to-3D-image-reconstruction/facescape_224/fsmview_trainset_8_9_mouth_right_25.jpg,0.05412265285849571,0.052817847579717636,-0.0013048052787780762,7.263306617736816,0.6507810950279236
693,/mnt/c/Users/Chirayu/Documents/GitHub/2D-to-3D-image-reconstruction/facescape_224/fsmview_trainset_13_18_eye_closed_5.jpg,0.05347146838903427,0.05296967178583145,-0.0005017966032028198,8.579187408089638,0.6674226522445679
529,/mnt/c/Users/Chirayu/Documents/GitHub/2D-to-3D-image-reconstruction/facescape_224/fsmview_trainset_14_1_neutral_38.jpg,0.05470631271600723,0.053021278232336044,-0.0016850344836711884,7.530944876372814,0.6199119091033936
353,/mnt/c/Users/Chirayu/Documents/GitHub/2D-to-3D-image-reconstruction/facescape_224/fsmview_trainset_14_10_dimpler_38.jpg,0.0669693872332573,0.05315844342112541,-0.013810943812131882,7.751753203570843,0.6362756490707397
152,/mnt/c/Users/Chirayu/Documents/GitHub/2D-to-3D-image-reconstruction/facescape_224/fsmview_trainset_10_6_jaw_right_7.jpg,0.04721393436193466,0.05323231965303421,0.006018385291099548,7.349791910499334,0.6470410823822021
115,/mnt/c/Users/Chirayu/Documents/GitHub/2D-to-3D-image-reconstruction/facescape_224/fsmview_trainset_19_2_smile_50.jpg,0.054513417184352875,0.053240567445755005,-0.0012728497385978699,8.893974613398314,0.6862210035324097
588,/mnt/c/Users/Chirayu/Documents/GitHub/2D-to-3D-image-reconstruction/facescape_224/fsmview_trainset_11_3_mouth_stretch_17.jpg,0.04793866351246834,0.05325418338179588,0.005315519869327545,7.615558233112097,0.7250683307647705
546,/mnt/c/Users/Chirayu/Documents/GitHub/2D-to-3D-image-reconstruction/facescape_224/fsmview_trainset_20_11_chin_raiser_13.jpg,0.05345907807350159,0.05332747474312782,-0.00013160333037376404,8.366543736308813,0.697385311126709
637,/mnt/c/Users/Chirayu/Documents/GitHub/2D-to-3D-image-reconstruction/facescape_224/fsmview_trainset_3_14_sadness_39.jpg,0.04943395406007767,0.053349725902080536,0.003915771842002869,7.733700625598431,0.6935661435127258
525,/mnt/c/Users/Chirayu/Documents/GitHub/2D-to-3D-image-reconstruction/facescape_224/fsmview_trainset_14_15_lip_roll_20.jpg,0.051064107567071915,0.05336098000407219,0.0022968724370002747,7.274937480688095,0.6428532600402832
15,/mnt/c/Users/Chirayu/Documents/GitHub/2D-to-3D-image-reconstruction/facescape_224/fsmview_trainset_19_10_dimpler_6.jpg,0.054608508944511414,0.053506407886743546,-0.001102101057767868,8.90125559270382,0.7393548488616943
457,/mnt/c/Users/Chirayu/Documents/GitHub/2D-to-3D-image-reconstruction/facescape_224/fsmview_trainset_14_13_lip_funneler_34.jpg,0.044134750962257385,0.053521305322647095,0.00938655436038971,7.837208531796932,0.7626829147338867
932,/mnt/c/Users/Chirayu/Documents/GitHub/2D-to-3D-image-reconstruction/facescape_224/fsmview_trainset_19_8_mouth_left_24.jpg,0.05319621413946152,0.05365653336048126,0.0004603192210197449,9.084416891913861,0.7672110199928284
387,/mnt/c/Users/Chirayu/Documents/GitHub/2D-to-3D-image-reconstruction/facescape_224/fsmview_trainset_17_15_lip_roll_35.jpg,0.05233549326658249,0.053717900067567825,0.0013824068009853363,8.133339805528522,0.6969168782234192
967,/mnt/c/Users/Chirayu/Documents/GitHub/2D-to-3D-image-reconstruction/facescape_224/fsmview_trainset_9_17_cheek_blowing_32.jpg,0.04733267053961754,0.05371924489736557,0.006386574357748032,7.111016735434532,0.6085714101791382
794,/mnt/c/Users/Chirayu/Documents/GitHub/2D-to-3D-image-reconstruction/facescape_224/fsmview_trainset_16_7_jaw_forward_20.jpg,0.05549069121479988,0.05373533442616463,-0.001755356788635254,8.738695340231061,0.7317365407943726
556,/mnt/c/Users/Chirayu/Documents/GitHub/2D-to-3D-image-reconstruction/facescape_224/fsmview_trainset_12_1_neutral_30.jpg,0.05732077732682228,0.053997404873371124,-0.0033233724534511566,9.364274377003312,0.7694387435913086
33,/mnt/c/Users/Chirayu/Documents/GitHub/2D-to-3D-image-reconstruction/facescape_224/fsmview_trainset_8_20_brow_lower_3.jpg,0.05248676985502243,0.05405991151928902,0.0015731416642665863,7.995089948177338,0.7272467017173767
88,/mnt/c/Users/Chirayu/Documents/GitHub/2D-to-3D-image-reconstruction/facescape_224/fsmview_trainset_12_4_anger_14.jpg,0.05725584179162979,0.0543137863278389,-0.0029420554637908936,9.352380361407995,0.7662916779518127
518,/mnt/c/Users/Chirayu/Documents/GitHub/2D-to-3D-image-reconstruction/facescape_224/fsmview_trainset_19_16_grin_8.jpg,0.04256259649991989,0.0543174184858799,0.011754821985960007,8.833593390882015,0.7790192365646362
582,/mnt/c/Users/Chirayu/Documents/GitHub/2D-to-3D-image-reconstruction/facescape_224/fsmview_trainset_3_4_anger_2.jpg,0.049154408276081085,0.054407998919487,0.005253590643405914,8.466476827859879,0.7401657104492188
91,/mnt/c/Users/Chirayu/Documents/GitHub/2D-to-3D-image-reconstruction/facescape_224/fsmview_trainset_19_16_grin_26.jpg,0.05871158465743065,0.0544532909989357,-0.004258293658494949,9.080316081643105,0.7628446817398071
482,/mnt/c/Users/Chirayu/Documents/GitHub/2D-to-3D-image-reconstruction/facescape_224/fsmview_trainset_3_15_lip_roll_19.jpg,0.05185254290699959,0.0545562244951725,0.0027036815881729126,8.295966630801558,0.7003968358039856
547,/mnt/c/Users/Chirayu/Documents/GitHub/2D-to-3D-image-reconstruction/facescape_224/fsmview_trainset_14_5_jaw_left_30.jpg,0.04349237680435181,0.0546492300927639,0.011156853288412094,7.016529567539692,0.6148933172225952
185,/mnt/c/Users/Chirayu/Documents/GitHub/2D-to-3D-image-reconstruction/facescape_224/fsmview_trainset_13_7_jaw_forward_55.jpg,0.04866255074739456,0.054752547293901443,0.006089996546506882,8.64791830489412,0.7466871738433838
791,/mnt/c/Users/Chirayu/Documents/GitHub/2D-to-3D-image-reconstruction/facescape_224/fsmview_trainset_3_5_jaw_left_19.jpg,0.05362448841333389,0.054886188358068466,0.0012616999447345734,8.432544585783035,0.686515748500824
955,/mnt/c/Users/Chirayu/Documents/GitHub/2D-to-3D-image-reconstruction/facescape_224/fsmview_trainset_12_14_sadness_36.jpg,0.05428410321474075,0.05496351420879364,0.000679410994052887,8.58132515475154,0.7264494895935059
574,/mnt/c/Users/Chirayu/Documents/GitHub/2D-to-3D-image-reconstruction/facescape_224/fsmview_trainset_5_18_eye_closed_20.jpg,0.05527934059500694,0.05499231815338135,-0.0002870224416255951,8.769590510055423,0.7430664300918579
304,/mnt/c/Users/Chirayu/Documents/GitHub/2D-to-3D-image-reconstruction/facescape_224/fsmview_trainset_15_18_eye_closed_18.jpg,0.0482180193066597,0.055103618651628494,0.006885599344968796,8.311565712094307,0.7153564691543579
816,/mnt/c/Users/Chirayu/Documents/GitHub/2D-to-3D-image-reconstruction/facescape_224/fsmview_trainset_8_1_neutral_55.jpg,0.04931638017296791,0.055116768926382065,0.005800388753414154,7.793195191770792,0.7058699727058411
645,/mnt/c/Users/Chirayu/Documents/GitHub/2D-to-3D-image-reconstruction/facescape_224/fsmview_trainset_13_19_brow_raiser_4.jpg,0.05866542458534241,0.055130667984485626,-0.003534756600856781,9.271043570712209,0.7595469355583191
992,/mnt/c/Users/Chirayu/Documents/GitHub/2D-to-3D-image-reconstruction/facescape_224/fsmview_trainset_8_19_brow_raiser_46.jpg,0.05221082270145416,0.05524609610438347,0.003035273402929306,7.915639735758305,0.6907750368118286
743,/mnt/c/Users/Chirayu/Documents/GitHub/2D-to-3D-image-reconstruction/facescape_224/fsmview_trainset_16_5_jaw_left_5.jpg,0.04924861341714859,0.05527009069919586,0.006021477282047272,7.683222409337759,0.6653788685798645
320,/mnt/c/Users/Chirayu/Documents/GitHub/2D-to-3D-image-reconstruction/facescape_224/fsmview_trainset_20_13_lip_funneler_35.jpg,0.05574982985854149,0.055274538695812225,-0.0004752911627292633,8.486523773521185,0.7145549654960632
195,/mnt/c/Users/Chirayu/Documents/GitHub/2D-to-3D-image-reconstruction/facescape_224/fsmview_trainset_19_20_brow_lower_36.jpg,0.06212770193815231,0.05546536669135094,-0.006662335246801376,8.800982974469662,0.7024447917938232
406,/mnt/c/Users/Chirayu/Documents/GitHub/2D-to-3D-image-reconstruction/facescape_224/fsmview_trainset_6_11_chin_raiser_2.jpg,0.05255398899316788,0.05551512539386749,0.0029611364006996155,8.53549424186349,0.7261512875556946
194,/mnt/c/Users/Chirayu/Documents/GitHub/2D-to-3D-image-reconstruction/facescape_224/fsmview_trainset_12_13_lip_funneler_49.jpg,0.057961758226156235,0.055597495287656784,-0.0023642629384994507,8.018620111048222,0.6993955373764038
905,/mnt/c/Users/Chirayu/Documents/GitHub/2D-to-3D-image-reconstruction/facescape_224/fsmview_trainset_4_7_jaw_forward_2.jpg,0.0629609227180481,0.055614862591028214,-0.007346060127019882,7.524965114891529,0.6783503890037537
969,/mnt/c/Users/Chirayu/Documents/GitHub/2D-to-3D-image-reconstruction/facescape_224/fsmview_trainset_16_10_dimpler_19.jpg,0.052564993500709534,0.055783238261938095,0.0032182447612285614,9.17494709417224,0.7661702036857605
963,/mnt/c/Users/Chirayu/Documents/GitHub/2D-to-3D-image-reconstruction/facescape_224/fsmview_trainset_18_14_sadness_22.jpg,0.0563395619392395,0.055869847536087036,-0.0004697144031524658,8.934932677075267,0.7365794777870178
785,/mnt/c/Users/Chirayu/Documents/GitHub/2D-to-3D-image-reconstruction/facescape_224/fsmview_trainset_19_18_eye_closed_47.jpg,0.055065274238586426,0.05591332167387009,0.0008480474352836609,8.822257295250893,0.7071817517280579
639,/mnt/c/Users/Chirayu/Documents/GitHub/2D-to-3D-image-reconstruction/facescape_224/fsmview_trainset_1_9_mouth_right_55.jpg,0.05502412095665932,0.056098490953445435,0.0010743699967861176,7.847959470003843,0.7351050972938538
873,/mnt/c/Users/Chirayu/Documents/GitHub/2D-to-3D-image-reconstruction/facescape_224/fsmview_trainset_6_7_jaw_forward_24.jpg,0.05671894922852516,0.0562693253159523,-0.0004496239125728607,8.4948700517416,0.7072790861129761
401,/mnt/c/Users/Chirayu/Documents/GitHub/2D-to-3D-image-reconstruction/facescape_224/fsmview_trainset_19_11_chin_raiser_48.jpg,0.05617361143231392,0.05630827322602272,0.00013466179370880127,7.868077207356691,0.6676358580589294
24,/mnt/c/Users/Chirayu/Documents/GitHub/2D-to-3D-image-reconstruction/facescape_224/fsmview_trainset_9_2_smile_19.jpg,0.054395850747823715,0.05646691471338272,0.0020710639655590057,9.182238058187068,0.7450387477874756
271,/mnt/c/Users/Chirayu/Documents/GitHub/2D-to-3D-image-reconstruction/facescape_224/fsmview_trainset_20_10_dimpler_13.jpg,0.058278702199459076,0.05662669986486435,-0.0016520023345947266,8.460352301597595,0.7243943214416504
240,/mnt/c/Users/Chirayu/Documents/GitHub/2D-to-3D-image-reconstruction/facescape_224/fsmview_trainset_4_8_mouth_left_25.jpg,0.05718333646655083,0.05669590085744858,-0.00048743560910224915,7.902365945279598,0.6917219161987305
857,/mnt/c/Users/Chirayu/Documents/GitHub/2D-to-3D-image-reconstruction/facescape_224/fsmview_trainset_10_5_jaw_left_3.jpg,0.05849682539701462,0.05672428756952286,-0.0017725378274917603,7.808829039335251,0.7129688858985901
247,/mnt/c/Users/Chirayu/Documents/GitHub/2D-to-3D-image-reconstruction/facescape_224/fsmview_trainset_7_11_chin_raiser_53.jpg,0.059187427163124084,0.05676952004432678,-0.0024179071187973022,7.877443298697472,0.680010199546814
150,/mnt/c/Users/Chirayu/Documents/GitHub/2D-to-3D-image-reconstruction/facescape_224/fsmview_trainset_11_16_grin_65.jpg,0.058062706142663956,0.05682602897286415,-0.0012366771697998047,8.902157248929143,0.7658035755157471
455,/mnt/c/Users/Chirayu/Documents/GitHub/2D-to-3D-image-reconstruction/facescape_224/fsmview_trainset_11_1_neutral_59.jpg,0.044437870383262634,0.05707728490233421,0.012639414519071579,8.31433517113328,0.6812896132469177
105,/mnt/c/Users/Chirayu/Documents/GitHub/2D-to-3D-image-reconstruction/facescape_224/fsmview_trainset_18_4_anger_7.jpg,0.05223502218723297,0.05710012838244438,0.0048651061952114105,8.04309106618166,0.6977829933166504
866,/mnt/c/Users/Chirayu/Documents/GitHub/2D-to-3D-image-reconstruction/facescape_224/fsmview_trainset_8_13_lip_funneler_29.jpg,0.05469499155879021,0.05711021274328232,0.002415221184492111,7.8535588681697845,0.6769399642944336
111,/mnt/c/Users/Chirayu/Documents/GitHub/2D-to-3D-image-reconstruction/facescape_224/fsmview_trainset_18_11_chin_raiser_19.jpg,0.05531133711338043,0.05730244517326355,0.0019911080598831177,9.313733533024788,0.736056923866272
689,/mnt/c/Users/Chirayu/Documents/GitHub/2D-to-3D-image-reconstruction/facescape_224/fsmview_trainset_18_1_neutral_5.jpg,0.05115512013435364,0.05731609836220741,0.006160978227853775,8.298237591981888,0.718517005443573
441,/mnt/c/Users/Chirayu/Documents/GitHub/2D-to-3D-image-reconstruction/facescape_224/fsmview_trainset_3_15_lip_roll_13.jpg,0.059054676443338394,0.05743936821818352,-0.0016153082251548767,8.391383407637477,0.7176721096038818
297,/mnt/c/Users/Chirayu/Documents/GitHub/2D-to-3D-image-reconstruction/facescape_224/fsmview_trainset_18_8_mouth_left_29.jpg,0.057481154799461365,0.05751337483525276,3.2220035791397095e-05,8.856889508664608,0.693767249584198
961,/mnt/c/Users/Chirayu/Documents/GitHub/2D-to-3D-image-reconstruction/facescape_224/fsmview_trainset_17_4_anger_5.jpg,0.055465348064899445,0.057529665529727936,0.002064317464828491,8.713824950158596,0.6970444321632385
536,/mnt/c/Users/Chirayu/Documents/GitHub/2D-to-3D-image-reconstruction/facescape_224/fsmview_trainset_19_9_mouth_right_26.jpg,0.06406918168067932,0.057585787028074265,-0.006483394652605057,9.19053103029728,0.7549648284912109
407,/mnt/c/Users/Chirayu/Documents/GitHub/2D-to-3D-image-reconstruction/facescape_224/fsmview_trainset_6_4_anger_1.jpg,0.060178548097610474,0.05760443955659866,-0.0025741085410118103,7.826326534152031,0.7172715663909912
713,/mnt/c/Users/Chirayu/Documents/GitHub/2D-to-3D-image-reconstruction/facescape_224/fsmview_trainset_19_18_eye_closed_2.jpg,0.0625409334897995,0.057662103325128555,-0.004878830164670944,9.420373149216175,0.7616370320320129
499,/mnt/c/Users/Chirayu/Documents/GitHub/2D-to-3D-image-reconstruction/facescape_224/fsmview_trainset_14_12_lip_puckerer_65.jpg,0.05641210824251175,0.057679254561662674,0.0012671463191509247,9.163009472191334,0.8233749866485596
279,/mnt/c/Users/Chirayu/Documents/GitHub/2D-to-3D-image-reconstruction/facescape_224/fsmview_trainset_8_5_jaw_left_2.jpg,0.06356878578662872,0.058039989322423935,-0.005528796464204788,7.988271191716194,0.727333128452301
299,/mnt/c/Users/Chirayu/Documents/GitHub/2D-to-3D-image-reconstruction/facescape_224/fsmview_trainset_12_17_cheek_blowing_45.jpg,0.051166895776987076,0.058133576065301895,0.006966680288314819,9.066816298291087,0.7632465958595276
126,/mnt/c/Users/Chirayu/Documents/GitHub/2D-to-3D-image-reconstruction/facescape_224/fsmview_trainset_1_16_grin_12.jpg,0.052364908158779144,0.05817869305610657,0.005813784897327423,7.682582430541515,0.732994019985199
874,/mnt/c/Users/Chirayu/Documents/GitHub/2D-to-3D-image-reconstruction/facescape_224/fsmview_trainset_9_17_cheek_blowing_29.jpg,0.051210083067417145,0.058461274951696396,0.007251191884279251,8.092261254787445,0.7038794755935669
50,/mnt/c/Users/Chirayu/Documents/GitHub/2D-to-3D-image-reconstruction/facescape_224/fsmview_trainset_13_20_brow_lower_47.jpg,0.053273752331733704,0.058531034737825394,0.00525728240609169,7.87498576939106,0.6541455388069153
43,/mnt/c/Users/Chirayu/Documents/GitHub/2D-to-3D-image-reconstruction/facescape_224/fsmview_trainset_20_12_lip_puckerer_13.jpg,0.056996773928403854,0.05858686938881874,0.0015900954604148865,8.896388348191977,0.7238762974739075
947,/mnt/c/Users/Chirayu/Documents/GitHub/2D-to-3D-image-reconstruction/facescape_224/fsmview_trainset_10_18_eye_closed_25.jpg,0.05928033962845802,0.058602217584848404,-0.0006781220436096191,7.8706168457865715,0.7322238087654114
864,/mnt/c/Users/Chirayu/Documents/GitHub/2D-to-3D-image-reconstruction/facescape_224/fsmview_trainset_18_17_cheek_blowing_18.jpg,0.05724688991904259,0.05862881615757942,0.0013819262385368347,9.155993815511465,0.7434239387512207
156,/mnt/c/Users/Chirayu/Documents/GitHub/2D-to-3D-image-reconstruction/facescape_224/fsmview_trainset_15_12_lip_puckerer_43.jpg,0.05755486711859703,0.05902622640132904,0.0014713592827320099,8.30586707778275,0.6734446883201599
745,/mnt/c/Users/Chirayu/Documents/GitHub/2D-to-3D-image-reconstruction/facescape_224/fsmview_trainset_18_17_cheek_blowing_9.jpg,0.05386298894882202,0.059127189218997955,0.005264200270175934,8.376164093613625,0.7246258854866028
19,/mnt/c/Users/Chirayu/Documents/GitHub/2D-to-3D-image-reconstruction/facescape_224/fsmview_trainset_5_19_brow_raiser_56.jpg,0.062265682965517044,0.059164006263017654,-0.0031016767024993896,8.527343817055225,0.7419121861457825
830,/mnt/c/Users/Chirayu/Documents/GitHub/2D-to-3D-image-reconstruction/facescape_224/fsmview_trainset_5_7_jaw_forward_2.jpg,0.06331508606672287,0.05919657647609711,-0.004118509590625763,8.648594200611115,0.6843655109405518
466,/mnt/c/Users/Chirayu/Documents/GitHub/2D-to-3D-image-reconstruction/facescape_224/fsmview_trainset_3_17_cheek_blowing_13.jpg,0.06404276192188263,0.059202805161476135,-0.004839956760406494,8.6583038168028,0.7148380279541016
444,/mnt/c/Users/Chirayu/Documents/GitHub/2D-to-3D-image-reconstruction/facescape_224/fsmview_trainset_3_2_smile_38.jpg,0.05441686138510704,0.05921506881713867,0.0047982074320316315,7.982924100011587,0.7295231819152832
413,/mnt/c/Users/Chirayu/Documents/GitHub/2D-to-3D-image-reconstruction/facescape_224/fsmview_trainset_10_13_lip_funneler_16.jpg,0.0564877986907959,0.059217311441898346,0.0027295127511024475,7.564695432782173,0.6705442667007446
788,/mnt/c/Users/Chirayu/Documents/GitHub/2D-to-3D-image-reconstruction/facescape_224/fsmview_trainset_12_7_jaw_forward_28.jpg,0.049747250974178314,0.0592489093542099,0.009501658380031586,9.054252661764622,0.7439819574356079
916,/mnt/c/Users/Chirayu/Documents/GitHub/2D-to-3D-image-reconstruction/facescape_224/fsmview_trainset_6_17_cheek_blowing_19.jpg,0.05185660347342491,0.05927519127726555,0.007418587803840637,8.755345073528588,0.7785652279853821
458,/mnt/c/Users/Chirayu/Documents/GitHub/2D-to-3D-image-reconstruction/facescape_224/fsmview_trainset_15_9_mouth_right_40.jpg,0.05587993562221527,0.059333428740501404,0.003453493118286133,8.851662565022707,0.7440305352210999
149,/mnt/c/Users/Chirayu/Documents/GitHub/2D-to-3D-image-reconstruction/facescape_224/fsmview_trainset_7_20_brow_lower_32.jpg,0.054641228169202805,0.05966351926326752,0.0050222910940647125,7.930492632091045,0.6775509119033813
611,/mnt/c/Users/Chirayu/Documents/GitHub/2D-to-3D-image-reconstruction/facescape_224/fsmview_trainset_17_4_anger_19.jpg,0.057379499077796936,0.059710461646318436,0.0023309625685214996,9.148166595492512,0.7787701487541199
476,/mnt/c/Users/Chirayu/Documents/GitHub/2D-to-3D-image-reconstruction/facescape_224/fsmview_trainset_18_20_brow_lower_5.jpg,0.05491039901971817,0.05978526920080185,0.004874870181083679,8.284957587718964,0.6899086833000183
314,/mnt/c/Users/Chirayu/Documents/GitHub/2D-to-3D-image-reconstruction/facescape_224/fsmview_trainset_15_20_brow_lower_65.jpg,0.059503547847270966,0.05979881063103676,0.00029526278376579285,8.537037519738078,0.7902968525886536
852,/mnt/c/Users/Chirayu/Documents/GitHub/2D-to-3D-image-reconstruction/facescape_224/fsmview_trainset_7_9_mouth_right_1.jpg,0.05822058394551277,0.06011076644062996,0.0018901824951171875,8.095209538936615,0.7012812495231628
767,/mnt/c/Users/Chirayu/Documents/GitHub/2D-to-3D-image-reconstruction/facescape_224/fsmview_trainset_19_9_mouth_right_24.jpg,0.0566100999712944,0.060117751359939575,0.003507651388645172,9.43564272671938,0.7923317551612854
4,/mnt/c/Users/Chirayu/Documents/GitHub/2D-to-3D-image-reconstruction/facescape_224/fsmview_trainset_17_9_mouth_right_9.jpg,0.05628537759184837,0.06023641303181648,0.003951035439968109,8.495926281437278,0.6688901782035828
259,/mnt/c/Users/Chirayu/Documents/GitHub/2D-to-3D-image-reconstruction/facescape_224/fsmview_trainset_6_12_lip_puckerer_20.jpg,0.05719832330942154,0.06037473678588867,0.0031764134764671326,8.991807224228978,0.7581028938293457
329,/mnt/c/Users/Chirayu/Documents/GitHub/2D-to-3D-image-reconstruction/facescape_224/fsmview_trainset_17_2_smile_37.jpg,0.05415399745106697,0.06047680228948593,0.006322804838418961,7.779587741941214,0.6447880268096924
878,/mnt/c/Users/Chirayu/Documents/GitHub/2D-to-3D-image-reconstruction/facescape_224/fsmview_trainset_17_16_grin_35.jpg,0.05793173983693123,0.060508713126182556,0.0025769732892513275,8.841010015457869,0.7420472502708435
92,/mnt/c/Users/Chirayu/Documents/GitHub/2D-to-3D-image-reconstruction/facescape_224/fsmview_trainset_5_13_lip_funneler_12.jpg,0.05855990946292877,0.061356473714113235,0.0027965642511844635,8.323622338473797,0.7081003189086914
302,/mnt/c/Users/Chirayu/Documents/GitHub/2D-to-3D-image-reconstruction/facescape_224/fsmview_trainset_18_7_jaw_forward_19.jpg,0.06255845725536346,0.06147157400846481,-0.0010868832468986511,9.364697510376573,0.7599536180496216
800,/mnt/c/Users/Chirayu/Documents/GitHub/2D-to-3D-image-reconstruction/facescape_224/fsmview_trainset_12_9_mouth_right_6.jpg,0.062653549015522,0.06156880781054497,-0.0010847412049770355,8.607768699526787,0.7272153496742249
101,/mnt/c/Users/Chirayu/Documents/GitHub/2D-to-3D-image-reconstruction/facescape_224/fsmview_trainset_14_5_jaw_left_64.jpg,0.0614546462893486,0.06165516376495361,0.00020051747560501099,8.158193476498127,0.7796803116798401
815,/mnt/c/Users/Chirayu/Documents/GitHub/2D-to-3D-image-reconstruction/facescape_224/fsmview_trainset_14_19_brow_raiser_26.jpg,0.04670660197734833,0.061782628297805786,0.015076026320457458,8.489587159827352,0.8565289378166199
114,/mnt/c/Users/Chirayu/Documents/GitHub/2D-to-3D-image-reconstruction/facescape_224/fsmview_trainset_17_15_lip_roll_3.jpg,0.06290630996227264,0.06203563138842583,-0.000870678573846817,7.74898874014616,0.6605162620544434
697,/mnt/c/Users/Chirayu/Documents/GitHub/2D-to-3D-image-reconstruction/facescape_224/fsmview_trainset_2_1_neutral_31.jpg,0.05820280313491821,0.06216108053922653,0.003958277404308319,8.7408327460289,0.696787416934967
957,/mnt/c/Users/Chirayu/Documents/GitHub/2D-to-3D-image-reconstruction/facescape_224/fsmview_trainset_13_19_brow_raiser_39.jpg,0.06947533041238785,0.06274447590112686,-0.006730854511260986,8.825627036392689,0.7211190462112427
483,/mnt/c/Users/Chirayu/Documents/GitHub/2D-to-3D-image-reconstruction/facescape_224/fsmview_trainset_14_9_mouth_right_26.jpg,0.05026233196258545,0.06278035789728165,0.012518025934696198,7.890497121959925,0.7266570925712585
922,/mnt/c/Users/Chirayu/Documents/GitHub/2D-to-3D-image-reconstruction/facescape_224/fsmview_trainset_11_12_lip_puckerer_16.jpg,0.054154153913259506,0.06307897716760635,0.008924823254346848,7.738194923847914,0.6476743817329407
566,/mnt/c/Users/Chirayu/Documents/GitHub/2D-to-3D-image-reconstruction/facescape_224/fsmview_trainset_15_2_smile_58.jpg,0.06039820611476898,0.06309318542480469,0.0026949793100357056,8.622808240354061,0.7791093587875366
59,/mnt/c/Users/Chirayu/Documents/GitHub/2D-to-3D-image-reconstruction/facescape_224/fsmview_trainset_20_10_dimpler_26.jpg,0.05276115611195564,0.0631398856639862,0.010378729552030563,8.065328817814589,0.708922266960144
648,/mnt/c/Users/Chirayu/Documents/GitHub/2D-to-3D-image-reconstruction/facescape_224/fsmview_trainset_2_14_sadness_27.jpg,0.06343697011470795,0.0631445124745369,-0.000292457640171051,9.326806399971247,0.7754842042922974
725,/mnt/c/Users/Chirayu/Documents/GitHub/2D-to-3D-image-reconstruction/facescape_224/fsmview_trainset_12_10_dimpler_53.jpg,0.06217529624700546,0.06318594515323639,0.0010106489062309265,8.41479005664587,0.7038418650627136
308,/mnt/c/Users/Chirayu/Documents/GitHub/2D-to-3D-image-reconstruction/facescape_224/fsmview_trainset_12_19_brow_raiser_27.jpg,0.06100963056087494,0.06329838186502457,0.0022887513041496277,9.219568779692054,0.7541065216064453
38,/mnt/c/Users/Chirayu/Documents/GitHub/2D-to-3D-image-reconstruction/facescape_224/fsmview_trainset_5_13_lip_funneler_56.jpg,0.06694633513689041,0.0637701153755188,-0.0031762197613716125,8.340307369828224,0.7146236896514893
768,/mnt/c/Users/Chirayu/Documents/GitHub/2D-to-3D-image-reconstruction/facescape_224/fsmview_trainset_7_11_chin_raiser_54.jpg,0.0640302374958992,0.06388887017965317,-0.00014136731624603271,8.00925748795271,0.6972787380218506
328,/mnt/c/Users/Chirayu/Documents/GitHub/2D-to-3D-image-reconstruction/facescape_224/fsmview_trainset_11_11_chin_raiser_56.jpg,0.06659343838691711,0.06398388743400574,-0.002609550952911377,9.200869105756283,0.798842191696167
653,/mnt/c/Users/Chirayu/Documents/GitHub/2D-to-3D-image-reconstruction/facescape_224/fsmview_trainset_12_16_grin_21.jpg,0.06039590761065483,0.06419886648654938,0.0038029588758945465,9.18675562273711,0.7417527437210083
736,/mnt/c/Users/Chirayu/Documents/GitHub/2D-to-3D-image-reconstruction/facescape_224/fsmview_trainset_8_9_mouth_right_29.jpg,0.06244998797774315,0.06437776982784271,0.0019277818500995636,8.167048770934343,0.6661731004714966
289,/mnt/c/Users/Chirayu/Documents/GitHub/2D-to-3D-image-reconstruction/facescape_224/fsmview_trainset_11_15_lip_roll_12.jpg,0.06308190524578094,0.06441027671098709,0.0013283714652061462,7.942896738648415,0.6463513970375061
799,/mnt/c/Users/Chirayu/Documents/GitHub/2D-to-3D-image-reconstruction/facescape_224/fsmview_trainset_13_19_brow_raiser_14.jpg,0.0664636567234993,0.06446687132120132,-0.0019967854022979736,9.179199449717999,0.7880724668502808
371,/mnt/c/Users/Chirayu/Documents/GitHub/2D-to-3D-image-reconstruction/facescape_224/fsmview_trainset_8_1_neutral_42.jpg,0.06215165555477142,0.06448289006948471,0.0023312345147132874,8.143694676458836,0.7360038757324219
863,/mnt/c/Users/Chirayu/Documents/GitHub/2D-to-3D-image-reconstruction/facescape_224/fsmview_trainset_14_17_cheek_blowing_18.jpg,0.06934279948472977,0.06453850120306015,-0.004804298281669617,7.940648674964905,0.6619081497192383
257,/mnt/c/Users/Chirayu/Documents/GitHub/2D-to-3D-image-reconstruction/facescape_224/fsmview_trainset_2_10_dimpler_24.jpg,0.062228161841630936,0.06462135165929794,0.0023931898176670074,9.64847394824028,0.7646278738975525
848,/mnt/c/Users/Chirayu/Documents/GitHub/2D-to-3D-image-reconstruction/facescape_224/fsmview_trainset_17_9_mouth_right_55.jpg,0.062604621052742,0.06467662006616592,0.0020719990134239197,8.452793788164854,0.6990556716918945
868,/mnt/c/Users/Chirayu/Documents/GitHub/2D-to-3D-image-reconstruction/facescape_224/fsmview_trainset_8_9_mouth_right_46.jpg,0.05966595932841301,0.06475239992141724,0.005086440593004227,7.824467681348324,0.7007619738578796
806,/mnt/c/Users/Chirayu/Documents/GitHub/2D-to-3D-image-reconstruction/facescape_224/fsmview_trainset_6_12_lip_puckerer_55.jpg,0.061592984944581985,0.06505797803401947,0.0034649930894374847,8.345493365079165,0.7137721180915833
952,/mnt/c/Users/Chirayu/Documents/GitHub/2D-to-3D-image-reconstruction/facescape_224/fsmview_trainset_20_9_mouth_right_65.jpg,0.06579023599624634,0.06529318541288376,-0.0004970505833625793,8.828530695289373,0.8350717425346375
591,/mnt/c/Users/Chirayu/Documents/GitHub/2D-to-3D-image-reconstruction/facescape_224/fsmview_trainset_19_12_lip_puckerer_5.jpg,0.05689314380288124,0.06533713638782501,0.008443992584943771,8.30673647671938,0.6798595786094666
174,/mnt/c/Users/Chirayu/Documents/GitHub/2D-to-3D-image-reconstruction/facescape_224/fsmview_trainset_16_5_jaw_left_3.jpg,0.06426013261079788,0.06623240560293198,0.0019722729921340942,7.910896375775337,0.7422992587089539
772,/mnt/c/Users/Chirayu/Documents/GitHub/2D-to-3D-image-reconstruction/facescape_224/fsmview_trainset_6_8_mouth_left_39.jpg,0.06762410700321198,0.06629058718681335,-0.0013335198163986206,8.408025234937668,0.7221739888191223
54,/mnt/c/Users/Chirayu/Documents/GitHub/2D-to-3D-image-reconstruction/facescape_224/fsmview_trainset_5_16_grin_32.jpg,0.059195805341005325,0.06678158789873123,0.007585782557725906,7.850162830203772,0.6853955388069153
232,/mnt/c/Users/Chirayu/Documents/GitHub/2D-to-3D-image-reconstruction/facescape_224/fsmview_trainset_12_2_smile_41.jpg,0.057378679513931274,0.06696148216724396,0.009582802653312683,9.289188500028104,0.7703750729560852
26,/mnt/c/Users/Chirayu/Documents/GitHub/2D-to-3D-image-reconstruction/facescape_224/fsmview_trainset_19_8_mouth_left_22.jpg,0.0642290934920311,0.06702448427677155,0.002795390784740448,9.60489970818162,0.7959855198860168
203,/mnt/c/Users/Chirayu/Documents/GitHub/2D-to-3D-image-reconstruction/facescape_224/fsmview_trainset_8_6_jaw_right_27.jpg,0.06816665083169937,0.06703876703977585,-0.001127883791923523,7.503416381776333,0.6944845914840698
636,/mnt/c/Users/Chirayu/Documents/GitHub/2D-to-3D-image-reconstruction/facescape_224/fsmview_trainset_13_13_lip_funneler_9.jpg,0.0659760981798172,0.06715241819620132,0.0011763200163841248,8.257041560485959,0.7060508728027344
129,/mnt/c/Users/Chirayu/Documents/GitHub/2D-to-3D-image-reconstruction/facescape_224/fsmview_trainset_4_4_anger_12.jpg,0.05773058906197548,0.06716114282608032,0.009430553764104843,7.8541227132081985,0.7283208966255188
840,/mnt/c/Users/Chirayu/Documents/GitHub/2D-to-3D-image-reconstruction/facescape_224/fsmview_trainset_3_20_brow_lower_7.jpg,0.05328651890158653,0.06722550839185715,0.013938989490270615,8.251812599599361,0.7148200273513794
414,/mnt/c/Users/Chirayu/Documents/GitHub/2D-to-3D-image-reconstruction/facescape_224/fsmview_trainset_3_2_smile_16.jpg,0.06743118166923523,0.06736232340335846,-6.885826587677002e-05,8.42221937328577,0.7194269299507141
687,/mnt/c/Users/Chirayu/Documents/GitHub/2D-to-3D-image-reconstruction/facescape_224/fsmview_trainset_4_5_jaw_left_37.jpg,0.0716676414012909,0.06772833317518234,-0.003939308226108551,8.237731017172337,0.7075307965278625
127,/mnt/c/Users/Chirayu/Documents/GitHub/2D-to-3D-image-reconstruction/facescape_224/fsmview_trainset_16_12_lip_puckerer_19.jpg,0.06888330727815628,0.06792931258678436,-0.0009539946913719177,8.589635714888573,0.7155212163925171
334,/mnt/c/Users/Chirayu/Documents/GitHub/2D-to-3D-image-reconstruction/facescape_224/fsmview_trainset_19_17_cheek_blowing_22.jpg,0.06223228573799133,0.06817955523729324,0.00594726949930191,9.335740416310728,0.7680821418762207
85,/mnt/c/Users/Chirayu/Documents/GitHub/2D-to-3D-image-reconstruction/facescape_224/fsmview_trainset_9_3_mouth_stretch_53.jpg,0.06974143534898758,0.0683130994439125,-0.0014283359050750732,7.8676920756697655,0.7640867829322815
98,/mnt/c/Users/Chirayu/Documents/GitHub/2D-to-3D-image-reconstruction/facescape_224/fsmview_trainset_19_18_eye_closed_54.jpg,0.058867596089839935,0.06832439452409744,0.009456798434257507,9.20160078490153,0.7844167947769165
628,/mnt/c/Users/Chirayu/Documents/GitHub/2D-to-3D-image-reconstruction/facescape_224/fsmview_trainset_19_17_cheek_blowing_3.jpg,0.07626543194055557,0.06834562122821808,-0.007919810712337494,9.468201946467161,0.7652748823165894
343,/mnt/c/Users/Chirayu/Documents/GitHub/2D-to-3D-image-reconstruction/facescape_224/fsmview_trainset_11_7_jaw_forward_13.jpg,0.06757009774446487,0.06845152378082275,0.0008814260363578796,7.482613980770111,0.6409326195716858
615,/mnt/c/Users/Chirayu/Documents/GitHub/2D-to-3D-image-reconstruction/facescape_224/fsmview_trainset_14_18_eye_closed_64.jpg,0.06764170527458191,0.06913342326879501,0.0014917179942131042,9.087949469685555,0.8322505354881287
901,/mnt/c/Users/Chirayu/Documents/GitHub/2D-to-3D-image-reconstruction/facescape_224/fsmview_trainset_10_9_mouth_right_37.jpg,0.05654548108577728,0.06920190155506134,0.012656420469284058,8.808361355215311,0.7322299480438232
843,/mnt/c/Users/Chirayu/Documents/GitHub/2D-to-3D-image-reconstruction/facescape_224/fsmview_trainset_13_18_eye_closed_45.jpg,0.06838588416576385,0.06937796622514725,0.0009920820593833923,8.40040721744299,0.6944848299026489
559,/mnt/c/Users/Chirayu/Documents/GitHub/2D-to-3D-image-reconstruction/facescape_224/fsmview_trainset_9_9_mouth_right_1.jpg,0.06802340596914291,0.0694756805896759,0.0014522746205329895,7.941655218601227,0.7070409059524536
34,/mnt/c/Users/Chirayu/Documents/GitHub/2D-to-3D-image-reconstruction/facescape_224/fsmview_trainset_14_12_lip_puckerer_44.jpg,0.07058340311050415,0.06956309825181961,-0.0010203048586845398,8.665757726877928,0.6969495415687561
683,/mnt/c/Users/Chirayu/Documents/GitHub/2D-to-3D-image-reconstruction/facescape_224/fsmview_trainset_16_2_smile_3.jpg,0.0578429214656353,0.06958765536546707,0.011744733899831772,7.56839757412672,0.7070586085319519
993,/mnt/c/Users/Chirayu/Documents/GitHub/2D-to-3D-image-reconstruction/facescape_224/fsmview_trainset_11_18_eye_closed_67.jpg,0.06326611340045929,0.0696028396487236,0.006336726248264313,9.164539326913655,0.7359681129455566
521,/mnt/c/Users/Chirayu/Documents/GitHub/2D-to-3D-image-reconstruction/facescape_224/fsmview_trainset_13_7_jaw_forward_52.jpg,0.07400067895650864,0.06969984620809555,-0.004300832748413086,8.63727118819952,0.7099665403366089
398,/mnt/c/Users/Chirayu/Documents/GitHub/2D-to-3D-image-reconstruction/facescape_224/fsmview_trainset_17_13_lip_funneler_29.jpg,0.06675110757350922,0.06976566463708878,0.0030145570635795593,8.223951533436775,0.7151099443435669
770,/mnt/c/Users/Chirayu/Documents/GitHub/2D-to-3D-image-reconstruction/facescape_224/fsmview_trainset_7_7_jaw_forward_34.jpg,0.06423010677099228,0.06982488185167313,0.005594775080680847,7.966387081891298,0.678084135055542
939,/mnt/c/Users/Chirayu/Documents/GitHub/2D-to-3D-image-reconstruction/facescape_224/fsmview_trainset_20_1_neutral_47.jpg,0.07365507632493973,0.06993930786848068,-0.0037157684564590454,7.420452319085598,0.6929669380187988
520,/mnt/c/Users/Chirayu/Documents/GitHub/2D-to-3D-image-reconstruction/facescape_224/fsmview_trainset_9_12_lip_puckerer_54.jpg,0.07234296947717667,0.07022536545991898,-0.0021176040172576904,7.811001803725958,0.6686952710151672
524,/mnt/c/Users/Chirayu/Documents/GitHub/2D-to-3D-image-reconstruction/facescape_224/fsmview_trainset_1_2_smile_24.jpg,0.0668676346540451,0.07059164345264435,0.003724008798599243,8.118861429393291,0.7378692626953125
56,/mnt/c/Users/Chirayu/Documents/GitHub/2D-to-3D-image-reconstruction/facescape_224/fsmview_trainset_12_13_lip_funneler_27.jpg,0.07335434854030609,0.07070115953683853,-0.00265318900346756,9.067417949438095,0.7733264565467834
853,/mnt/c/Users/Chirayu/Documents/GitHub/2D-to-3D-image-reconstruction/facescape_224/fsmview_trainset_17_13_lip_funneler_13.jpg,0.06644871830940247,0.07087220251560211,0.004423484206199646,8.479374902322888,0.7030721306800842
246,/mnt/c/Users/Chirayu/Documents/GitHub/2D-to-3D-image-reconstruction/facescape_224/fsmview_trainset_13_20_brow_lower_14.jpg,0.046341195702552795,0.07103075832128525,0.024689562618732452,7.560078382492065,0.6219852566719055
831,/mnt/c/Users/Chirayu/Documents/GitHub/2D-to-3D-image-reconstruction/facescape_224/fsmview_trainset_11_15_lip_roll_45.jpg,0.057250022888183594,0.07152093201875687,0.014270909130573273,8.01968590542674,0.7233845591545105
565,/mnt/c/Users/Chirayu/Documents/GitHub/2D-to-3D-image-reconstruction/facescape_224/fsmview_trainset_19_4_anger_25.jpg,0.08099694550037384,0.07157514989376068,-0.00942179560661316,9.371086072176695,0.749221682548523
751,/mnt/c/Users/Chirayu/Documents/GitHub/2D-to-3D-image-reconstruction/facescape_224/fsmview_trainset_16_4_anger_42.jpg,0.06807322055101395,0.07209201902151108,0.004018798470497131,7.664080195128918,0.7099774479866028
805,/mnt/c/Users/Chirayu/Documents/GitHub/2D-to-3D-image-reconstruction/facescape_224/fsmview_trainset_18_7_jaw_forward_54.jpg,0.07014033943414688,0.0722372904419899,0.0020969510078430176,8.211398139595985,0.722260057926178
533,/mnt/c/Users/Chirayu/Documents/GitHub/2D-to-3D-image-reconstruction/facescape_224/fsmview_trainset_20_3_mouth_stretch_58.jpg,0.07664646953344345,0.07231507450342178,-0.0043313950300216675,8.445518672466278,0.76878821849823
597,/mnt/c/Users/Chirayu/Documents/GitHub/2D-to-3D-image-reconstruction/facescape_224/fsmview_trainset_19_1_neutral_9.jpg,0.06241177022457123,0.0726175606250763,0.010205790400505066,9.057179052382708,0.7569453716278076
945,/mnt/c/Users/Chirayu/Documents/GitHub/2D-to-3D-image-reconstruction/facescape_224/fsmview_trainset_6_16_grin_39.jpg,0.0706501230597496,0.07262587547302246,0.0019757524132728577,8.14913273230195,0.7422212362289429
202,/mnt/c/Users/Chirayu/Documents/GitHub/2D-to-3D-image-reconstruction/facescape_224/fsmview_trainset_4_1_neutral_42.jpg,0.06992896646261215,0.07271138578653336,0.0027824193239212036,7.748097360134125,0.6917721629142761
216,/mnt/c/Users/Chirayu/Documents/GitHub/2D-to-3D-image-reconstruction/facescape_224/fsmview_trainset_9_2_smile_2.jpg,0.066343754529953,0.07282716780900955,0.006483413279056549,8.057072333991528,0.7201948761940002
535,/mnt/c/Users/Chirayu/Documents/GitHub/2D-to-3D-image-reconstruction/facescape_224/fsmview_trainset_12_6_jaw_right_8.jpg,0.060997653752565384,0.07292795181274414,0.011930298060178757,8.95710089802742,0.7481321096420288
549,/mnt/c/Users/Chirayu/Documents/GitHub/2D-to-3D-image-reconstruction/facescape_224/fsmview_trainset_5_8_mouth_left_57.jpg,0.07412952929735184,0.07295088469982147,-0.001178644597530365,8.453900843858719,0.7343929409980774
63,/mnt/c/Users/Chirayu/Documents/GitHub/2D-to-3D-image-reconstruction/facescape_224/fsmview_trainset_11_1_neutral_19.jpg,0.06912356615066528,0.07299517095088959,0.003871604800224304,8.851031739264727,0.7148045301437378
18,/mnt/c/Users/Chirayu/Documents/GitHub/2D-to-3D-image-reconstruction/facescape_224/fsmview_trainset_6_14_sadness_1.jpg,0.07468711584806442,0.0730258896946907,-0.0016612261533737183,7.923762068152428,0.7326915860176086
14,/mnt/c/Users/Chirayu/Documents/GitHub/2D-to-3D-image-reconstruction/facescape_224/fsmview_trainset_4_18_eye_closed_29.jpg,0.07104429602622986,0.07335062325000763,0.002306327223777771,8.177851621061563,0.6876000761985779
253,/mnt/c/Users/Chirayu/Documents/GitHub/2D-to-3D-image-reconstruction/facescape_224/fsmview_trainset_9_11_chin_raiser_15.jpg,0.060354795306921005,0.07402364164590836,0.01366884633898735,9.240397555753589,0.7671146392822266
904,/mnt/c/Users/Chirayu/Documents/GitHub/2D-to-3D-image-reconstruction/facescape_224/fsmview_trainset_8_5_jaw_left_33.jpg,0.031113071367144585,0.0741792768239975,0.04306620545685291,7.178908154368401,0.6246547102928162
90,/mnt/c/Users/Chirayu/Documents/GitHub/2D-to-3D-image-reconstruction/facescape_224/fsmview_trainset_5_12_lip_puckerer_18.jpg,0.033454474061727524,0.07424015551805496,0.04078568145632744,7.794730676338077,0.6752195358276367
450,/mnt/c/Users/Chirayu/Documents/GitHub/2D-to-3D-image-reconstruction/facescape_224/fsmview_trainset_5_3_mouth_stretch_47.jpg,0.07041757553815842,0.07438958436250687,0.00397200882434845,9.105819571763277,0.7434200644493103
442,/mnt/c/Users/Chirayu/Documents/GitHub/2D-to-3D-image-reconstruction/facescape_224/fsmview_trainset_9_1_neutral_1.jpg,0.07495886832475662,0.07444999366998672,-0.0005088746547698975,8.551219299435616,0.6863879561424255
921,/mnt/c/Users/Chirayu/Documents/GitHub/2D-to-3D-image-reconstruction/facescape_224/fsmview_trainset_19_13_lip_funneler_47.jpg,0.0775846466422081,0.07445643842220306,-0.0031282082200050354,8.229846768081188,0.7178630828857422
793,/mnt/c/Users/Chirayu/Documents/GitHub/2D-to-3D-image-reconstruction/facescape_224/fsmview_trainset_2_1_neutral_20.jpg,0.06881973892450333,0.0744708850979805,0.005651146173477173,9.687849447131157,0.7833347320556641
62,/mnt/c/Users/Chirayu/Documents/GitHub/2D-to-3D-image-reconstruction/facescape_224/fsmview_trainset_7_17_cheek_blowing_27.jpg,0.059842292219400406,0.07459931820631027,0.014757025986909866,8.331969609484076,0.6816467046737671
943,/mnt/c/Users/Chirayu/Documents/GitHub/2D-to-3D-image-reconstruction/facescape_224/fsmview_trainset_3_6_jaw_right_1.jpg,0.07154402136802673,0.07464723289012909,0.003103211522102356,8.280633136630058,0.7508081197738647
829,/mnt/c/Users/Chirayu/Documents/GitHub/2D-to-3D-image-reconstruction/facescape_224/fsmview_trainset_19_12_lip_puckerer_11.jpg,0.07280141860246658,0.07501322031021118,0.0022118017077445984,8.761372074484825,0.7293696403503418
820,/mnt/c/Users/Chirayu/Documents/GitHub/2D-to-3D-image-reconstruction/facescape_224/fsmview_trainset_3_18_eye_closed_7.jpg,0.06460338830947876,0.07516501843929291,0.010561630129814148,8.378832813352346,0.7157376408576965
527,/mnt/c/Users/Chirayu/Documents/GitHub/2D-to-3D-image-reconstruction/facescape_224/fsmview_trainset_12_18_eye_closed_39.jpg,0.07271859049797058,0.07519547641277313,0.0024768859148025513,8.362447589635849,0.7056632041931152
787,/mnt/c/Users/Chirayu/Documents/GitHub/2D-to-3D-image-reconstruction/facescape_224/fsmview_trainset_19_18_eye_closed_48.jpg,0.06748747825622559,0.07539676874876022,0.007909290492534637,8.272688660770655,0.7131156325340271
517,/mnt/c/Users/Chirayu/Documents/GitHub/2D-to-3D-image-reconstruction/facescape_224/fsmview_trainset_9_19_brow_raiser_28.jpg,0.05908766761422157,0.07544106990098953,0.01635340228676796,8.400315906852484,0.6844249963760376
856,/mnt/c/Users/Chirayu/Documents/GitHub/2D-to-3D-image-reconstruction/facescape_224/fsmview_trainset_13_9_mouth_right_37.jpg,0.07557591050863266,0.07547781616449356,-9.809434413909912e-05,8.077289089560509,0.690098226070404
184,/mnt/c/Users/Chirayu/Documents/GitHub/2D-to-3D-image-reconstruction/facescape_224/fsmview_trainset_3_12_lip_puckerer_1.jpg,0.080858513712883,0.07640104740858078,-0.004457466304302216,8.565506592392921,0.7169960737228394
677,/mnt/c/Users/Chirayu/Documents/GitHub/2D-to-3D-image-reconstruction/facescape_224/fsmview_trainset_19_11_chin_raiser_6.jpg,0.07448776811361313,0.0766981914639473,0.0022104233503341675,8.57271564565599,0.7059608697891235
158,/mnt/c/Users/Chirayu/Documents/GitHub/2D-to-3D-image-reconstruction/facescape_224/fsmview_trainset_7_3_mouth_stretch_54.jpg,0.07600699365139008,0.07688381522893906,0.0008768215775489807,7.883633241057396,0.7447847127914429
315,/mnt/c/Users/Chirayu/Documents/GitHub/2D-to-3D-image-reconstruction/facescape_224/fsmview_trainset_1_15_lip_roll_25.jpg,0.07300233840942383,0.07717905193567276,0.004176713526248932,8.294484615325928,0.7617493867874146
929,/mnt/c/Users/Chirayu/Documents/GitHub/2D-to-3D-image-reconstruction/facescape_224/fsmview_trainset_11_7_jaw_forward_17.jpg,0.06372609734535217,0.07724960893392563,0.013523511588573456,7.926088958978653,0.6872743964195251
642,/mnt/c/Users/Chirayu/Documents/GitHub/2D-to-3D-image-reconstruction/facescape_224/fsmview_trainset_19_6_jaw_right_24.jpg,0.06987305730581284,0.07727549225091934,0.007402434945106506,9.479323573876172,0.7926115989685059
306,/mnt/c/Users/Chirayu/Documents/GitHub/2D-to-3D-image-reconstruction/facescape_224/fsmview_trainset_12_16_grin_6.jpg,0.08216683566570282,0.07736615836620331,-0.004800677299499512,8.55825163796544,0.7478976249694824
169,/mnt/c/Users/Chirayu/Documents/GitHub/2D-to-3D-image-reconstruction/facescape_224/fsmview_trainset_17_1_neutral_56.jpg,0.06995832920074463,0.07754942774772644,0.0075910985469818115,9.00958638265729,0.7526015043258667
464,/mnt/c/Users/Chirayu/Documents/GitHub/2D-to-3D-image-reconstruction/facescape_224/fsmview_trainset_18_19_brow_raiser_56.jpg,0.06127015873789787,0.07785684615373611,0.01658668741583824,8.295229714363813,0.723774790763855
842,/mnt/c/Users/Chirayu/Documents/GitHub/2D-to-3D-image-reconstruction/facescape_224/fsmview_trainset_11_7_jaw_forward_28.jpg,0.08349978178739548,0.07828039675951004,-0.005219385027885437,9.178524494171143,0.7346791625022888
726,/mnt/c/Users/Chirayu/Documents/GitHub/2D-to-3D-image-reconstruction/facescape_224/fsmview_trainset_2_12_lip_puckerer_13.jpg,0.07575087249279022,0.07831154763698578,0.0025606751441955566,9.016923008486629,0.7516905665397644
143,/mnt/c/Users/Chirayu/Documents/GitHub/2D-to-3D-image-reconstruction/facescape_224/fsmview_trainset_5_12_lip_puckerer_39.jpg,0.07553405314683914,0.07882141321897507,0.0032873600721359253,8.1929763071239,0.7605291604995728
288,/mnt/c/Users/Chirayu/Documents/GitHub/2D-to-3D-image-reconstruction/facescape_224/fsmview_trainset_1_4_anger_11.jpg,0.09034392982721329,0.07882846891880035,-0.011515460908412933,7.978570766746998,0.7292527556419373
730,/mnt/c/Users/Chirayu/Documents/GitHub/2D-to-3D-image-reconstruction/facescape_224/fsmview_trainset_10_13_lip_funneler_42.jpg,0.07876718789339066,0.07889945060014725,0.0001322627067565918,6.945123463869095,0.6677706837654114
58,/mnt/c/Users/Chirayu/Documents/GitHub/2D-to-3D-image-reconstruction/facescape_224/fsmview_trainset_9_3_mouth_stretch_2.jpg,0.06886740028858185,0.07897694408893585,0.010109543800354004,8.23561529070139,0.750483512878418
839,/mnt/c/Users/Chirayu/Documents/GitHub/2D-to-3D-image-reconstruction/facescape_224/fsmview_trainset_20_10_dimpler_10.jpg,0.08573244512081146,0.07951406389474869,-0.006218381226062775,7.874055370688438,0.7041947841644287
8,/mnt/c/Users/Chirayu/Documents/GitHub/2D-to-3D-image-reconstruction/facescape_224/fsmview_trainset_7_5_jaw_left_47.jpg,0.06633148342370987,0.07973147928714752,0.013399995863437653,9.446666637435555,0.8134796023368835
696,/mnt/c/Users/Chirayu/Documents/GitHub/2D-to-3D-image-reconstruction/facescape_224/fsmview_trainset_18_14_sadness_42.jpg,0.08376429229974747,0.07979143410921097,-0.003972858190536499,8.424817986786366,0.7539787888526917
461,/mnt/c/Users/Chirayu/Documents/GitHub/2D-to-3D-image-reconstruction/facescape_224/fsmview_trainset_6_11_chin_raiser_1.jpg,0.0746648907661438,0.08018357306718826,0.005518682301044464,8.381035067141056,0.7113971710205078
583,/mnt/c/Users/Chirayu/Documents/GitHub/2D-to-3D-image-reconstruction/facescape_224/fsmview_trainset_4_10_dimpler_27.jpg,0.07920113950967789,0.08018810302019119,0.0009869635105133057,7.784509390592575,0.6958238482475281
746,/mnt/c/Users/Chirayu/Documents/GitHub/2D-to-3D-image-reconstruction/facescape_224/fsmview_trainset_13_19_brow_raiser_30.jpg,0.06573247909545898,0.0803947001695633,0.014662221074104309,9.009823493659496,0.7428511381149292
397,/mnt/c/Users/Chirayu/Documents/GitHub/2D-to-3D-image-reconstruction/facescape_224/fsmview_trainset_2_3_mouth_stretch_9.jpg,0.07393237948417664,0.08040342479944229,0.0064710453152656555,8.715772200375795,0.7819047570228577
902,/mnt/c/Users/Chirayu/Documents/GitHub/2D-to-3D-image-reconstruction/facescape_224/fsmview_trainset_18_18_eye_closed_43.jpg,0.0825342983007431,0.08042404055595398,-0.0021102577447891235,8.000290483236313,0.6418967247009277
684,/mnt/c/Users/Chirayu/Documents/GitHub/2D-to-3D-image-reconstruction/facescape_224/fsmview_trainset_11_16_grin_64.jpg,0.07494798302650452,0.0805174857378006,0.0055695027112960815,8.93796169385314,0.8017151355743408
727,/mnt/c/Users/Chirayu/Documents/GitHub/2D-to-3D-image-reconstruction/facescape_224/fsmview_trainset_7_14_sadness_49.jpg,0.0826583057641983,0.08054932206869125,-0.0021089836955070496,6.165066763758659,0.5371584892272949
404,/mnt/c/Users/Chirayu/Documents/GitHub/2D-to-3D-image-reconstruction/facescape_224/fsmview_trainset_13_17_cheek_blowing_2.jpg,0.07870068401098251,0.08095749467611313,0.0022568106651306152,7.828697059303522,0.6361410617828369
875,/mnt/c/Users/Chirayu/Documents/GitHub/2D-to-3D-image-reconstruction/facescape_224/fsmview_trainset_16_12_lip_puckerer_7.jpg,0.06593532860279083,0.08096343278884888,0.015028104186058044,8.196756713092327,0.6723645329475403
179,/mnt/c/Users/Chirayu/Documents/GitHub/2D-to-3D-image-reconstruction/facescape_224/fsmview_trainset_14_2_smile_10.jpg,0.08607158809900284,0.08096788078546524,-0.005103707313537598,8.072584390640259,0.6773260235786438
390,/mnt/c/Users/Chirayu/Documents/GitHub/2D-to-3D-image-reconstruction/facescape_224/fsmview_trainset_10_19_brow_raiser_51.jpg,0.06265265494585037,0.08104132115840912,0.018388666212558746,7.225588925182819,0.644167423248291
360,/mnt/c/Users/Chirayu/Documents/GitHub/2D-to-3D-image-reconstruction/facescape_224/fsmview_trainset_1_6_jaw_right_54.jpg,0.07558159530162811,0.08126635104417801,0.005684755742549896,7.978512987494469,0.7683117985725403
956,/mnt/c/Users/Chirayu/Documents/GitHub/2D-to-3D-image-reconstruction/facescape_224/fsmview_trainset_4_14_sadness_27.jpg,0.08216224610805511,0.08143176138401031,-0.0007304847240447998,8.058797806501389,0.7234663367271423
808,/mnt/c/Users/Chirayu/Documents/GitHub/2D-to-3D-image-reconstruction/facescape_224/fsmview_trainset_20_1_neutral_43.jpg,0.07923656702041626,0.08165965229272842,0.0024230852723121643,8.228675253689289,0.6957139372825623
254,/mnt/c/Users/Chirayu/Documents/GitHub/2D-to-3D-image-reconstruction/facescape_224/fsmview_trainset_17_1_neutral_20.jpg,0.07787816226482391,0.08188699930906296,0.004008837044239044,9.419889871031046,0.7684448957443237
358,/mnt/c/Users/Chirayu/Documents/GitHub/2D-to-3D-image-reconstruction/facescape_224/fsmview_trainset_1_19_brow_raiser_11.jpg,0.09502021223306656,0.08218251913785934,-0.012837693095207214,8.354307785630226,0.7551285624504089
984,/mnt/c/Users/Chirayu/Documents/GitHub/2D-to-3D-image-reconstruction/facescape_224/fsmview_trainset_17_1_neutral_57.jpg,0.07900252193212509,0.08228840678930283,0.0032858848571777344,8.57916995882988,0.7168706655502319
516,/mnt/c/Users/Chirayu/Documents/GitHub/2D-to-3D-image-reconstruction/facescape_224/fsmview_trainset_20_18_eye_closed_28.jpg,0.07886557281017303,0.08238867670297623,0.003523103892803192,8.08776712976396,0.6724107265472412
468,/mnt/c/Users/Chirayu/Documents/GitHub/2D-to-3D-image-reconstruction/facescape_224/fsmview_trainset_20_13_lip_funneler_29.jpg,0.06791704148054123,0.0825883001089096,0.014671258628368378,7.921660393476486,0.6986153721809387
933,/mnt/c/Users/Chirayu/Documents/GitHub/2D-to-3D-image-reconstruction/facescape_224/fsmview_trainset_7_11_chin_raiser_41.jpg,0.0824599340558052,0.08315511792898178,0.0006951838731765747,7.949648998677731,0.6721399426460266
3,/mnt/c/Users/Chirayu/Documents/GitHub/2D-to-3D-image-reconstruction/facescape_224/fsmview_trainset_7_2_smile_35.jpg,0.04711656644940376,0.08352412283420563,0.036407556384801865,7.484452188014984,0.6430193185806274
968,/mnt/c/Users/Chirayu/Documents/GitHub/2D-to-3D-image-reconstruction/facescape_224/fsmview_trainset_13_9_mouth_right_5.jpg,0.05994635447859764,0.08388261497020721,0.023936260491609573,7.705250699073076,0.6505405902862549
337,/mnt/c/Users/Chirayu/Documents/GitHub/2D-to-3D-image-reconstruction/facescape_224/fsmview_trainset_15_9_mouth_right_33.jpg,0.062350835651159286,0.08405100554227829,0.021700169891119003,7.913961352780461,0.7270984053611755
319,/mnt/c/Users/Chirayu/Documents/GitHub/2D-to-3D-image-reconstruction/facescape_224/fsmview_trainset_3_14_sadness_47.jpg,0.0632014274597168,0.08409173041582108,0.02089030295610428,9.041994536295533,0.7555287480354309
260,/mnt/c/Users/Chirayu/Documents/GitHub/2D-to-3D-image-reconstruction/facescape_224/fsmview_trainset_14_13_lip_funneler_10.jpg,0.08641702681779861,0.08412633091211319,-0.002290695905685425,8.104986265301704,0.7290080785751343
167,/mnt/c/Users/Chirayu/Documents/GitHub/2D-to-3D-image-reconstruction/facescape_224/fsmview_trainset_9_11_chin_raiser_20.jpg,0.08159977942705154,0.08416978269815445,0.0025700032711029053,9.785288135986775,0.8031365871429443
480,/mnt/c/Users/Chirayu/Documents/GitHub/2D-to-3D-image-reconstruction/facescape_224/fsmview_trainset_2_18_eye_closed_30.jpg,0.08136294782161713,0.0845261886715889,0.0031632408499717712,9.014130694791675,0.7535519599914551
433,/mnt/c/Users/Chirayu/Documents/GitHub/2D-to-3D-image-reconstruction/facescape_224/fsmview_trainset_20_9_mouth_right_30.jpg,0.06329931318759918,0.0845644623041153,0.021265149116516113,7.469006028026342,0.6711690425872803
569,/mnt/c/Users/Chirayu/Documents/GitHub/2D-to-3D-image-reconstruction/facescape_224/fsmview_trainset_11_14_sadness_26.jpg,0.06451041996479034,0.08496260643005371,0.020452186465263367,8.370364237576723,0.7362287640571594
217,/mnt/c/Users/Chirayu/Documents/GitHub/2D-to-3D-image-reconstruction/facescape_224/fsmview_trainset_14_13_lip_funneler_49.jpg,0.07984656095504761,0.08503366261720657,0.005187101662158966,8.394039116799831,0.7227701544761658
144,/mnt/c/Users/Chirayu/Documents/GitHub/2D-to-3D-image-reconstruction/facescape_224/fsmview_trainset_10_8_mouth_left_13.jpg,0.08275167644023895,0.08524274826049805,0.0024910718202590942,7.06498645991087,0.6292983889579773
384,/mnt/c/Users/Chirayu/Documents/GitHub/2D-to-3D-image-reconstruction/facescape_224/fsmview_trainset_2_9_mouth_right_54.jpg,0.0839603990316391,0.08524386584758759,0.0012834668159484863,8.830164648592472,0.7781948447227478
41,/mnt/c/Users/Chirayu/Documents/GitHub/2D-to-3D-image-reconstruction/facescape_224/fsmview_trainset_15_9_mouth_right_19.jpg,0.07193638384342194,0.08542557060718536,0.013489186763763428,7.839159244671464,0.6654764413833618
979,/mnt/c/Users/Chirayu/Documents/GitHub/2D-to-3D-image-reconstruction/facescape_224/fsmview_trainset_3_17_cheek_blowing_2.jpg,0.08483347296714783,0.08544282615184784,0.0006093531847000122,8.81357653439045,0.7621278762817383
711,/mnt/c/Users/Chirayu/Documents/GitHub/2D-to-3D-image-reconstruction/facescape_224/fsmview_trainset_7_15_lip_roll_38.jpg,0.0834733322262764,0.08545827865600586,0.0019849464297294617,7.775468174368143,0.7265872955322266
594,/mnt/c/Users/Chirayu/Documents/GitHub/2D-to-3D-image-reconstruction/facescape_224/fsmview_trainset_12_10_dimpler_0.jpg,0.04251588508486748,0.08585647493600845,0.043340589851140976,8.050471112132072,0.7046629786491394
307,/mnt/c/Users/Chirayu/Documents/GitHub/2D-to-3D-image-reconstruction/facescape_224/fsmview_trainset_2_6_jaw_right_56.jpg,0.08592478185892105,0.08592192828655243,-2.853572368621826e-06,8.520535223186016,0.7569408416748047
295,/mnt/c/Users/Chirayu/Documents/GitHub/2D-to-3D-image-reconstruction/facescape_224/fsmview_trainset_9_19_brow_raiser_2.jpg,0.07197335362434387,0.0860498696565628,0.014076516032218933,8.404281042516232,0.7244147658348083
45,/mnt/c/Users/Chirayu/Documents/GitHub/2D-to-3D-image-reconstruction/facescape_224/fsmview_trainset_1_15_lip_roll_29.jpg,0.07378113269805908,0.08607365190982819,0.012292519211769104,7.950745828449726,0.6665024161338806
263,/mnt/c/Users/Chirayu/Documents/GitHub/2D-to-3D-image-reconstruction/facescape_224/fsmview_trainset_3_19_brow_raiser_2.jpg,0.07343591004610062,0.0861891433596611,0.012753233313560486,8.465437538921833,0.7366743087768555
620,/mnt/c/Users/Chirayu/Documents/GitHub/2D-to-3D-image-reconstruction/facescape_224/fsmview_trainset_6_12_lip_puckerer_56.jpg,0.08690284192562103,0.0862354189157486,-0.0006674230098724365,8.481108702719212,0.7331006526947021
507,/mnt/c/Users/Chirayu/Documents/GitHub/2D-to-3D-image-reconstruction/facescape_224/fsmview_trainset_20_10_dimpler_28.jpg,0.08705782890319824,0.0868949219584465,-0.0001629069447517395,8.265227114781737,0.6802288889884949
100,/mnt/c/Users/Chirayu/Documents/GitHub/2D-to-3D-image-reconstruction/facescape_224/fsmview_trainset_19_7_jaw_forward_7.jpg,0.06320101022720337,0.08699942380189896,0.023798413574695587,8.47608870267868,0.6919955611228943
103,/mnt/c/Users/Chirayu/Documents/GitHub/2D-to-3D-image-reconstruction/facescape_224/fsmview_trainset_2_2_smile_6.jpg,0.0753689855337143,0.0876704752445221,0.0123014897108078,8.807969748973846,0.7713762521743774
199,/mnt/c/Users/Chirayu/Documents/GitHub/2D-to-3D-image-reconstruction/facescape_224/fsmview_trainset_2_17_cheek_blowing_35.jpg,0.08975370973348618,0.0879141166806221,-0.0018395930528640747,8.568360306322575,0.6885620355606079
300,/mnt/c/Users/Chirayu/Documents/GitHub/2D-to-3D-image-reconstruction/facescape_224/fsmview_trainset_8_18_eye_closed_16.jpg,0.08884008228778839,0.08850936591625214,-0.0003307163715362549,8.074610523879528,0.7245399355888367
821,/mnt/c/Users/Chirayu/Documents/GitHub/2D-to-3D-image-reconstruction/facescape_224/fsmview_trainset_4_7_jaw_forward_49.jpg,0.0830402672290802,0.08876799046993256,0.005727723240852356,8.076707847416401,0.7752906680107117
733,/mnt/c/Users/Chirayu/Documents/GitHub/2D-to-3D-image-reconstruction/facescape_224/fsmview_trainset_19_16_grin_4.jpg,0.07554370164871216,0.08916643261909485,0.01362273097038269,8.400820419192314,0.6948908567428589
503,/mnt/c/Users/Chirayu/Documents/GitHub/2D-to-3D-image-reconstruction/facescape_224/fsmview_trainset_1_17_cheek_blowing_11.jpg,0.1011485755443573,0.08917699009180069,-0.01197158545255661,8.128507442772388,0.7443026900291443
20,/mnt/c/Users/Chirayu/Documents/GitHub/2D-to-3D-image-reconstruction/facescape_224/fsmview_trainset_5_18_eye_closed_29.jpg,0.07839829474687576,0.08968259394168854,0.011284299194812775,8.55464481562376,0.7097234725952148
938,/mnt/c/Users/Chirayu/Documents/GitHub/2D-to-3D-image-reconstruction/facescape_224/fsmview_trainset_20_15_lip_roll_29.jpg,0.0760832130908966,0.08968526124954224,0.01360204815864563,8.045354045927525,0.6796761155128479
97,/mnt/c/Users/Chirayu/Documents/GitHub/2D-to-3D-image-reconstruction/facescape_224/fsmview_trainset_15_3_mouth_stretch_49.jpg,0.08391589671373367,0.08976966887712479,0.005853772163391113,8.364921063184738,0.7225598096847534
962,/mnt/c/Users/Chirayu/Documents/GitHub/2D-to-3D-image-reconstruction/facescape_224/fsmview_trainset_14_8_mouth_left_49.jpg,0.0867396891117096,0.08980268239974976,0.003062993288040161,8.46220400929451,0.7434066534042358
729,/mnt/c/Users/Chirayu/Documents/GitHub/2D-to-3D-image-reconstruction/facescape_224/fsmview_trainset_15_18_eye_closed_49.jpg,0.0849958062171936,0.08992534875869751,0.004929542541503906,8.411059401929379,0.7395280599594116
354,/mnt/c/Users/Chirayu/Documents/GitHub/2D-to-3D-image-reconstruction/facescape_224/fsmview_trainset_1_11_chin_raiser_13.jpg,0.08649127930402756,0.09081122279167175,0.0043199434876441956,7.368436768651009,0.6492575407028198
832,/mnt/c/Users/Chirayu/Documents/GitHub/2D-to-3D-image-reconstruction/facescape_224/fsmview_trainset_8_5_jaw_left_15.jpg,0.08967649191617966,0.09150666743516922,0.001830175518989563,7.887167267501354,0.6188716292381287
682,/mnt/c/Users/Chirayu/Documents/GitHub/2D-to-3D-image-reconstruction/facescape_224/fsmview_trainset_20_8_mouth_left_47.jpg,0.06358245015144348,0.09152936935424805,0.027946919202804565,7.635778110474348,0.7019913196563721
273,/mnt/c/Users/Chirayu/Documents/GitHub/2D-to-3D-image-reconstruction/facescape_224/fsmview_trainset_17_11_chin_raiser_56.jpg,0.08501916378736496,0.09174038469791412,0.006721220910549164,8.524331666529179,0.7086153626441956
573,/mnt/c/Users/Chirayu/Documents/GitHub/2D-to-3D-image-reconstruction/facescape_224/fsmview_trainset_20_2_smile_44.jpg,0.087691530585289,0.09257888793945312,0.0048873573541641235,9.79292636923492,0.7736879587173462
896,/mnt/c/Users/Chirayu/Documents/GitHub/2D-to-3D-image-reconstruction/facescape_224/fsmview_trainset_17_11_chin_raiser_7.jpg,0.08098568022251129,0.09280314296483994,0.011817462742328644,8.905736602842808,0.6991763710975647
255,/mnt/c/Users/Chirayu/Documents/GitHub/2D-to-3D-image-reconstruction/facescape_224/fsmview_trainset_18_18_eye_closed_11.jpg,0.1009625717997551,0.09291253238916397,-0.008050039410591125,8.12366158515215,0.7180976867675781
991,/mnt/c/Users/Chirayu/Documents/GitHub/2D-to-3D-image-reconstruction/facescape_224/fsmview_trainset_5_11_chin_raiser_49.jpg,0.10032345354557037,0.09310440719127655,-0.007219046354293823,7.751228254288435,0.6484141945838928
110,/mnt/c/Users/Chirayu/Documents/GitHub/2D-to-3D-image-reconstruction/facescape_224/fsmview_trainset_3_2_smile_47.jpg,0.07931196689605713,0.09312831610441208,0.01381634920835495,9.222756270319223,0.7421231269836426
571,/mnt/c/Users/Chirayu/Documents/GitHub/2D-to-3D-image-reconstruction/facescape_224/fsmview_trainset_7_3_mouth_stretch_41.jpg,0.09556803107261658,0.09322608262300491,-0.002341948449611664,8.024901431053877,0.7618598937988281
720,/mnt/c/Users/Chirayu/Documents/GitHub/2D-to-3D-image-reconstruction/facescape_224/fsmview_trainset_16_19_brow_raiser_11.jpg,0.08961310237646103,0.0936584323644638,0.004045329988002777,8.240526713430882,0.7403162717819214
651,/mnt/c/Users/Chirayu/Documents/GitHub/2D-to-3D-image-reconstruction/facescape_224/fsmview_trainset_7_1_neutral_53.jpg,0.09892479330301285,0.0942344143986702,-0.004690378904342651,8.201435580849648,0.7135277986526489
676,/mnt/c/Users/Chirayu/Documents/GitHub/2D-to-3D-image-reconstruction/facescape_224/fsmview_trainset_16_16_grin_41.jpg,0.09574931114912033,0.09456240385770798,-0.0011869072914123535,7.954829555004835,0.745445191860199
590,/mnt/c/Users/Chirayu/Documents/GitHub/2D-to-3D-image-reconstruction/facescape_224/fsmview_trainset_18_15_lip_roll_39.jpg,0.10348539054393768,0.09462632983922958,-0.0088590607047081,7.78179357200861,0.7051568627357483
318,/mnt/c/Users/Chirayu/Documents/GitHub/2D-to-3D-image-reconstruction/facescape_224/fsmview_trainset_2_11_chin_raiser_38.jpg,0.08299955725669861,0.09466321021318436,0.011663652956485748,8.316223919391632,0.6809374690055847
707,/mnt/c/Users/Chirayu/Documents/GitHub/2D-to-3D-image-reconstruction/facescape_224/fsmview_trainset_14_3_mouth_stretch_37.jpg,0.09116961061954498,0.09476596862077713,0.003596358001232147,9.081694068852812,0.7757024168968201
67,/mnt/c/Users/Chirayu/Documents/GitHub/2D-to-3D-image-reconstruction/facescape_224/fsmview_trainset_2_13_lip_funneler_38.jpg,0.08478376269340515,0.09477712213993073,0.009993359446525574,7.975625202059746,0.7088468074798584
470,/mnt/c/Users/Chirayu/Documents/GitHub/2D-to-3D-image-reconstruction/facescape_224/fsmview_trainset_4_14_sadness_48.jpg,0.09138694405555725,0.09549317508935928,0.0041062310338020325,7.827375195920467,0.7591684460639954
214,/mnt/c/Users/Chirayu/Documents/GitHub/2D-to-3D-image-reconstruction/facescape_224/fsmview_trainset_10_5_jaw_left_45.jpg,0.09433958679437637,0.09574516862630844,0.0014055818319320679,9.012922402471304,0.7804262638092041
394,/mnt/c/Users/Chirayu/Documents/GitHub/2D-to-3D-image-reconstruction/facescape_224/fsmview_trainset_13_16_grin_9.jpg,0.1059795394539833,0.09592777490615845,-0.01005176454782486,7.992961283773184,0.6777734160423279
836,/mnt/c/Users/Chirayu/Documents/GitHub/2D-to-3D-image-reconstruction/facescape_224/fsmview_trainset_13_15_lip_roll_55.jpg,0.07643376290798187,0.0960511863231659,0.01961742341518402,8.133332516998053,0.6911211013793945
95,/mnt/c/Users/Chirayu/Documents/GitHub/2D-to-3D-image-reconstruction/facescape_224/fsmview_trainset_5_12_lip_puckerer_47.jpg,0.08045461773872375,0.09639207273721695,0.015937454998493195,9.238586379215121,0.7838485836982727
603,/mnt/c/Users/Chirayu/Documents/GitHub/2D-to-3D-image-reconstruction/facescape_224/fsmview_trainset_4_11_chin_raiser_44.jpg,0.10616258531808853,0.09672827273607254,-0.009434312582015991,8.434787832200527,0.7139409780502319
706,/mnt/c/Users/Chirayu/Documents/GitHub/2D-to-3D-image-reconstruction/facescape_224/fsmview_trainset_9_4_anger_33.jpg,0.09946597367525101,0.09689558297395706,-0.0025703907012939453,7.900018364191055,0.6641865968704224
135,/mnt/c/Users/Chirayu/Documents/GitHub/2D-to-3D-image-reconstruction/facescape_224/fsmview_trainset_3_5_jaw_left_2.jpg,0.08086391538381577,0.09703323990106583,0.01616932451725006,7.751623407006264,0.7197537422180176
773,/mnt/c/Users/Chirayu/Documents/GitHub/2D-to-3D-image-reconstruction/facescape_224/fsmview_trainset_13_8_mouth_left_38.jpg,0.10700050741434097,0.09736520797014236,-0.009635299444198608,7.41531016305089,0.6631501317024231
310,/mnt/c/Users/Chirayu/Documents/GitHub/2D-to-3D-image-reconstruction/facescape_224/fsmview_trainset_5_5_jaw_left_56.jpg,0.10200446099042892,0.09746617078781128,-0.004538290202617645,8.314394991844893,0.7250948548316956
783,/mnt/c/Users/Chirayu/Documents/GitHub/2D-to-3D-image-reconstruction/facescape_224/fsmview_trainset_20_17_cheek_blowing_10.jpg,0.0814201831817627,0.09751265496015549,0.016092471778392792,6.799345150589943,0.5945709347724915
474,/mnt/c/Users/Chirayu/Documents/GitHub/2D-to-3D-image-reconstruction/facescape_224/fsmview_trainset_17_10_dimpler_4.jpg,0.09221111983060837,0.09763582050800323,0.005424700677394867,9.200558979064226,0.7419532537460327
701,/mnt/c/Users/Chirayu/Documents/GitHub/2D-to-3D-image-reconstruction/facescape_224/fsmview_trainset_2_6_jaw_right_38.jpg,0.08684469014406204,0.09798303246498108,0.011138342320919037,7.9149210304021835,0.6883406043052673
741,/mnt/c/Users/Chirayu/Documents/GitHub/2D-to-3D-image-reconstruction/facescape_224/fsmview_trainset_7_11_chin_raiser_27.jpg,0.05107085779309273,0.09827911108732224,0.04720825329422951,7.794143434613943,0.7097639441490173
234,/mnt/c/Users/Chirayu/Documents/GitHub/2D-to-3D-image-reconstruction/facescape_224/fsmview_trainset_15_13_lip_funneler_36.jpg,0.07859918475151062,0.09849458187818527,0.019895397126674652,9.344089748337865,0.8023122549057007
754,/mnt/c/Users/Chirayu/Documents/GitHub/2D-to-3D-image-reconstruction/facescape_224/fsmview_trainset_16_17_cheek_blowing_39.jpg,0.08727677911520004,0.09858174622058868,0.011304967105388641,8.62543423473835,0.7000799179077148
1,/mnt/c/Users/Chirayu/Documents/GitHub/2D-to-3D-image-reconstruction/facescape_224/fsmview_trainset_16_6_jaw_right_42.jpg,0.08871413767337799,0.09871114045381546,0.00999700278043747,6.9576909728348255,0.6577264666557312
113,/mnt/c/Users/Chirayu/Documents/GitHub/2D-to-3D-image-reconstruction/facescape_224/fsmview_trainset_4_13_lip_funneler_20.jpg,0.03715050593018532,0.09920225292444229,0.06205174699425697,7.8181348368525505,0.718603253364563
78,/mnt/c/Users/Chirayu/Documents/GitHub/2D-to-3D-image-reconstruction/facescape_224/fsmview_trainset_18_19_brow_raiser_42.jpg,0.10247286409139633,0.09933824092149734,-0.003134623169898987,8.706801239401102,0.8120645880699158
262,/mnt/c/Users/Chirayu/Documents/GitHub/2D-to-3D-image-reconstruction/facescape_224/fsmview_trainset_12_15_lip_roll_40.jpg,0.07881571352481842,0.09956441074609756,0.020748697221279144,8.432084698230028,0.6881552338600159
335,/mnt/c/Users/Chirayu/Documents/GitHub/2D-to-3D-image-reconstruction/facescape_224/fsmview_trainset_19_1_neutral_42.jpg,0.08849997073411942,0.10017506033182144,0.011675089597702026,8.329125098884106,0.7277609705924988
739,/mnt/c/Users/Chirayu/Documents/GitHub/2D-to-3D-image-reconstruction/facescape_224/fsmview_trainset_10_5_jaw_left_44.jpg,0.11051098257303238,0.1005726158618927,-0.009938366711139679,7.722108095884323,0.6336723566055298
327,/mnt/c/Users/Chirayu/Documents/GitHub/2D-to-3D-image-reconstruction/facescape_224/fsmview_trainset_15_4_anger_37.jpg,0.08300923556089401,0.10064002126455307,0.017630785703659058,9.250246720388532,0.7924752235412598
731,/mnt/c/Users/Chirayu/Documents/GitHub/2D-to-3D-image-reconstruction/facescape_224/fsmview_trainset_1_3_mouth_stretch_15.jpg,0.1014857292175293,0.10230288654565811,0.0008171573281288147,7.738838516175747,0.6774258017539978
196,/mnt/c/Users/Chirayu/Documents/GitHub/2D-to-3D-image-reconstruction/facescape_224/fsmview_trainset_13_5_jaw_left_43.jpg,0.10612522810697556,0.10262424498796463,-0.0035009831190109253,8.305199146270752,0.7032332420349121
708,/mnt/c/Users/Chirayu/Documents/GitHub/2D-to-3D-image-reconstruction/facescape_224/fsmview_trainset_11_20_brow_lower_12.jpg,0.0635804608464241,0.1027667447924614,0.03918628394603729,7.730517458170652,0.6853532791137695
311,/mnt/c/Users/Chirayu/Documents/GitHub/2D-to-3D-image-reconstruction/facescape_224/fsmview_trainset_20_13_lip_funneler_13.jpg,0.09556914865970612,0.10346455127000809,0.007895402610301971,8.3968560770154,0.7301918268203735
65,/mnt/c/Users/Chirayu/Documents/GitHub/2D-to-3D-image-reconstruction/facescape_224/fsmview_trainset_11_16_grin_59.jpg,0.07834942638874054,0.10357405245304108,0.025224626064300537,8.009289838373661,0.6836890578269958
403,/mnt/c/Users/Chirayu/Documents/GitHub/2D-to-3D-image-reconstruction/facescape_224/fsmview_trainset_9_13_lip_funneler_2.jpg,0.09326643496751785,0.10367926955223083,0.010412834584712982,8.68423030525446,0.7256680727005005
157,/mnt/c/Users/Chirayu/Documents/GitHub/2D-to-3D-image-reconstruction/facescape_224/fsmview_trainset_14_2_smile_47.jpg,0.06942698359489441,0.10400837659835815,0.034581393003463745,8.347211055457592,0.7452428340911865
761,/mnt/c/Users/Chirayu/Documents/GitHub/2D-to-3D-image-reconstruction/facescape_224/fsmview_trainset_9_3_mouth_stretch_47.jpg,0.09896215051412582,0.1041705384850502,0.0052083879709243774,8.86943436972797,0.7255274057388306
435,/mnt/c/Users/Chirayu/Documents/GitHub/2D-to-3D-image-reconstruction/facescape_224/fsmview_trainset_2_1_neutral_6.jpg,0.08994931727647781,0.10484374314546585,0.014894425868988037,8.783023100346327,0.7496874332427979
178,/mnt/c/Users/Chirayu/Documents/GitHub/2D-to-3D-image-reconstruction/facescape_224/fsmview_trainset_19_13_lip_funneler_4.jpg,0.0950355976819992,0.10573587566614151,0.010700277984142303,8.423102982342243,0.7210946679115295
493,/mnt/c/Users/Chirayu/Documents/GitHub/2D-to-3D-image-reconstruction/facescape_224/fsmview_trainset_6_18_eye_closed_36.jpg,0.09264388680458069,0.1058233454823494,0.013179458677768707,8.05777907371521,0.6900926828384399
408,/mnt/c/Users/Chirayu/Documents/GitHub/2D-to-3D-image-reconstruction/facescape_224/fsmview_trainset_14_1_neutral_10.jpg,0.09977377206087112,0.1064407154917717,0.006666943430900574,8.436475217342377,0.705329179763794
515,/mnt/c/Users/Chirayu/Documents/GitHub/2D-to-3D-image-reconstruction/facescape_224/fsmview_trainset_19_8_mouth_left_39.jpg,0.10316088795661926,0.10690534859895706,0.003744460642337799,8.92682471871376,0.7539409399032593
229,/mnt/c/Users/Chirayu/Documents/GitHub/2D-to-3D-image-reconstruction/facescape_224/fsmview_trainset_11_8_mouth_left_14.jpg,0.08556554466485977,0.1073068156838417,0.021741271018981934,8.178375869989395,0.6927319169044495
774,/mnt/c/Users/Chirayu/Documents/GitHub/2D-to-3D-image-reconstruction/facescape_224/fsmview_trainset_20_16_grin_11.jpg,0.08291109651327133,0.10749435424804688,0.024583257734775543,7.327572524547577,0.7166846394538879
871,/mnt/c/Users/Chirayu/Documents/GitHub/2D-to-3D-image-reconstruction/facescape_224/fsmview_trainset_7_7_jaw_forward_31.jpg,0.0643484890460968,0.10752749443054199,0.04317900538444519,7.336878430098295,0.6692191958427429
21,/mnt/c/Users/Chirayu/Documents/GitHub/2D-to-3D-image-reconstruction/facescape_224/fsmview_trainset_1_13_lip_funneler_41.jpg,0.11614169180393219,0.10763628035783768,-0.008505411446094513,8.201033357530832,0.7748116850852966
385,/mnt/c/Users/Chirayu/Documents/GitHub/2D-to-3D-image-reconstruction/facescape_224/fsmview_trainset_18_5_jaw_left_41.jpg,0.10298281908035278,0.10789510607719421,0.004912286996841431,7.804346367716789,0.7010220289230347
205,/mnt/c/Users/Chirayu/Documents/GitHub/2D-to-3D-image-reconstruction/facescape_224/fsmview_trainset_11_8_mouth_left_40.jpg,0.09791619330644608,0.1087263822555542,0.010810188949108124,8.83478882536292,0.7687085866928101
650,/mnt/c/Users/Chirayu/Documents/GitHub/2D-to-3D-image-reconstruction/facescape_224/fsmview_trainset_2_9_mouth_right_55.jpg,0.11029708385467529,0.1088532879948616,-0.0014437958598136902,8.723543997853994,0.7650802731513977
208,/mnt/c/Users/Chirayu/Documents/GitHub/2D-to-3D-image-reconstruction/facescape_224/fsmview_trainset_6_5_jaw_left_46.jpg,0.12686322629451752,0.10907316207885742,-0.017790064215660095,8.936563961207867,0.7683756351470947
911,/mnt/c/Users/Chirayu/Documents/GitHub/2D-to-3D-image-reconstruction/facescape_224/fsmview_trainset_6_18_eye_closed_49.jpg,0.13107584416866302,0.10959970206022263,-0.0214761421084404,7.358599346131086,0.6491302251815796
438,/mnt/c/Users/Chirayu/Documents/GitHub/2D-to-3D-image-reconstruction/facescape_224/fsmview_trainset_3_3_mouth_stretch_46.jpg,0.11936041712760925,0.11025601625442505,-0.009104400873184204,8.252605371177197,0.7132407426834106
528,/mnt/c/Users/Chirayu/Documents/GitHub/2D-to-3D-image-reconstruction/facescape_224/fsmview_trainset_1_11_chin_raiser_42.jpg,0.10997806489467621,0.11086840182542801,0.0008903369307518005,8.19267375394702,0.7088081240653992
242,/mnt/c/Users/Chirayu/Documents/GitHub/2D-to-3D-image-reconstruction/facescape_224/fsmview_trainset_16_18_eye_closed_45.jpg,0.10422720015048981,0.11108379065990448,0.006856590509414673,8.728390434756875,0.7149976491928101
27,/mnt/c/Users/Chirayu/Documents/GitHub/2D-to-3D-image-reconstruction/facescape_224/fsmview_trainset_8_7_jaw_forward_0.jpg,0.10141144692897797,0.11133512854576111,0.009923681616783142,8.007825911045074,0.7064228653907776
146,/mnt/c/Users/Chirayu/Documents/GitHub/2D-to-3D-image-reconstruction/facescape_224/fsmview_trainset_7_18_eye_closed_36.jpg,0.10098093003034592,0.11151104420423508,0.01053011417388916,7.745143640786409,0.6935259699821472
245,/mnt/c/Users/Chirayu/Documents/GitHub/2D-to-3D-image-reconstruction/facescape_224/fsmview_trainset_17_7_jaw_forward_44.jpg,0.11434463411569595,0.11159396171569824,-0.002750672399997711,7.925646025687456,0.641234278678894
224,/mnt/c/Users/Chirayu/Documents/GitHub/2D-to-3D-image-reconstruction/facescape_224/fsmview_trainset_14_4_anger_45.jpg,0.10885472595691681,0.11226841807365417,0.0034136921167373657,8.608911231160164,0.6811924576759338
762,/mnt/c/Users/Chirayu/Documents/GitHub/2D-to-3D-image-reconstruction/facescape_224/fsmview_trainset_11_1_neutral_28.jpg,0.11410516500473022,0.1123294085264206,-0.0017757564783096313,8.935692073777318,0.7190741896629333
870,/mnt/c/Users/Chirayu/Documents/GitHub/2D-to-3D-image-reconstruction/facescape_224/fsmview_trainset_16_19_brow_raiser_37.jpg,0.09113391488790512,0.11386267095804214,0.022728756070137024,9.248328609392047,0.7595425248146057
562,/mnt/c/Users/Chirayu/Documents/GitHub/2D-to-3D-image-reconstruction/facescape_224/fsmview_trainset_5_14_sadness_41.jpg,0.11290119588375092,0.11397392302751541,0.0010727271437644958,7.924473721534014,0.6956253051757812
810,/mnt/c/Users/Chirayu/Documents/GitHub/2D-to-3D-image-reconstruction/facescape_224/fsmview_trainset_6_3_mouth_stretch_46.jpg,0.12176413089036942,0.11410493403673172,-0.007659196853637695,8.130654595792294,0.7543919086456299
865,/mnt/c/Users/Chirayu/Documents/GitHub/2D-to-3D-image-reconstruction/facescape_224/fsmview_trainset_10_11_chin_raiser_44.jpg,0.13239729404449463,0.11438202112913132,-0.018015272915363312,8.126894563436508,0.677455484867096
265,/mnt/c/Users/Chirayu/Documents/GitHub/2D-to-3D-image-reconstruction/facescape_224/fsmview_trainset_20_15_lip_roll_12.jpg,0.06354829668998718,0.11488085240125656,0.05133255571126938,7.316055539995432,0.6821157336235046
82,/mnt/c/Users/Chirayu/Documents/GitHub/2D-to-3D-image-reconstruction/facescape_224/fsmview_trainset_7_5_jaw_left_36.jpg,0.1065741702914238,0.11536576598882675,0.008791595697402954,7.7934205159544945,0.7108246088027954
498,/mnt/c/Users/Chirayu/Documents/GitHub/2D-to-3D-image-reconstruction/facescape_224/fsmview_trainset_14_3_mouth_stretch_16.jpg,0.08733875304460526,0.11556092649698257,0.02822217345237732,7.653956413269043,0.7147805094718933
555,/mnt/c/Users/Chirayu/Documents/GitHub/2D-to-3D-image-reconstruction/facescape_224/fsmview_trainset_5_16_grin_41.jpg,0.1146993637084961,0.11563564836978912,0.0009362846612930298,7.75790199264884,0.6853837370872498
39,/mnt/c/Users/Chirayu/Documents/GitHub/2D-to-3D-image-reconstruction/facescape_224/fsmview_trainset_2_12_lip_puckerer_31.jpg,0.10845129936933517,0.11576248705387115,0.00731118768453598,8.314420823007822,0.6510222554206848
719,/mnt/c/Users/Chirayu/Documents/GitHub/2D-to-3D-image-reconstruction/facescape_224/fsmview_trainset_20_18_eye_closed_12.jpg,0.06466691941022873,0.11605729907751083,0.051390379667282104,7.414157699793577,0.6999197006225586
828,/mnt/c/Users/Chirayu/Documents/GitHub/2D-to-3D-image-reconstruction/facescape_224/fsmview_trainset_3_8_mouth_left_12.jpg,0.09116049110889435,0.11678137630224228,0.02562088519334793,7.827672813087702,0.7017133831977844
824,/mnt/c/Users/Chirayu/Documents/GitHub/2D-to-3D-image-reconstruction/facescape_224/fsmview_trainset_2_12_lip_puckerer_39.jpg,0.11297000199556351,0.11701523512601852,0.004045233130455017,8.051050662994385,0.7018126249313354
534,/mnt/c/Users/Chirayu/Documents/GitHub/2D-to-3D-image-reconstruction/facescape_224/fsmview_trainset_6_9_mouth_right_36.jpg,0.10868643969297409,0.11740949749946594,0.008723057806491852,7.663790434598923,0.6580860614776611
937,/mnt/c/Users/Chirayu/Documents/GitHub/2D-to-3D-image-reconstruction/facescape_224/fsmview_trainset_13_15_lip_roll_32.jpg,0.14536380767822266,0.11747535318136215,-0.027888454496860504,8.068159729242325,0.6649813652038574
587,/mnt/c/Users/Chirayu/Documents/GitHub/2D-to-3D-image-reconstruction/facescape_224/fsmview_trainset_1_3_mouth_stretch_44.jpg,0.11618420481681824,0.11775241047143936,0.0015682056546211243,7.984879545867443,0.6798170804977417
558,/mnt/c/Users/Chirayu/Documents/GitHub/2D-to-3D-image-reconstruction/facescape_224/fsmview_trainset_13_12_lip_puckerer_37.jpg,0.03719953075051308,0.11781816184520721,0.08061863109469414,7.960402762517333,0.7188265323638916
361,/mnt/c/Users/Chirayu/Documents/GitHub/2D-to-3D-image-reconstruction/facescape_224/fsmview_trainset_10_19_brow_raiser_46.jpg,0.11339239031076431,0.11812734603881836,0.004734955728054047,9.534494677558541,0.7825186252593994
425,/mnt/c/Users/Chirayu/Documents/GitHub/2D-to-3D-image-reconstruction/facescape_224/fsmview_trainset_10_6_jaw_right_52.jpg,0.12375085800886154,0.11829433590173721,-0.005456522107124329,6.793609287589788,0.6483878493309021
718,/mnt/c/Users/Chirayu/Documents/GitHub/2D-to-3D-image-reconstruction/facescape_224/fsmview_trainset_2_4_anger_1.jpg,0.122170589864254,0.11905737221240997,-0.0031132176518440247,8.83017547428608,0.7659046053886414
467,/mnt/c/Users/Chirayu/Documents/GitHub/2D-to-3D-image-reconstruction/facescape_224/fsmview_trainset_7_17_cheek_blowing_31.jpg,0.11815991252660751,0.12014773488044739,0.0019878223538398743,7.694846093654633,0.6543336510658264
867,/mnt/c/Users/Chirayu/Documents/GitHub/2D-to-3D-image-reconstruction/facescape_224/fsmview_trainset_9_19_brow_raiser_43.jpg,0.12501110136508942,0.12023415416479111,-0.004776947200298309,7.259894996881485,0.6257624626159668
186,/mnt/c/Users/Chirayu/Documents/GitHub/2D-to-3D-image-reconstruction/facescape_224/fsmview_trainset_15_19_brow_raiser_12.jpg,0.08261612802743912,0.12083478271961212,0.038218654692173004,8.059601943939924,0.7308734059333801
876,/mnt/c/Users/Chirayu/Documents/GitHub/2D-to-3D-image-reconstruction/facescape_224/fsmview_trainset_7_13_lip_funneler_44.jpg,0.11412779241800308,0.12150371819734573,0.007375925779342651,7.482020255178213,0.684914767742157
508,/mnt/c/Users/Chirayu/Documents/GitHub/2D-to-3D-image-reconstruction/facescape_224/fsmview_trainset_10_1_neutral_55.jpg,0.11468449234962463,0.12255533784627914,0.00787084549665451,7.425243154168129,0.6942337155342102
627,/mnt/c/Users/Chirayu/Documents/GitHub/2D-to-3D-image-reconstruction/facescape_224/fsmview_trainset_1_15_lip_roll_42.jpg,0.14472231268882751,0.12282124906778336,-0.02190106362104416,7.796473477035761,0.7438445687294006
264,/mnt/c/Users/Chirayu/Documents/GitHub/2D-to-3D-image-reconstruction/facescape_224/fsmview_trainset_20_15_lip_roll_47.jpg,0.09973367303609848,0.12334801256656647,0.023614339530467987,7.995844479650259,0.7158296704292297
359,/mnt/c/Users/Chirayu/Documents/GitHub/2D-to-3D-image-reconstruction/facescape_224/fsmview_trainset_11_9_mouth_right_44.jpg,0.12745310366153717,0.12335583567619324,-0.004097267985343933,8.33921130001545,0.7878751754760742
130,/mnt/c/Users/Chirayu/Documents/GitHub/2D-to-3D-image-reconstruction/facescape_224/fsmview_trainset_2_20_brow_lower_29.jpg,0.09952680766582489,0.12340924143791199,0.023882433772087097,8.159015135839581,0.6773473024368286
378,/mnt/c/Users/Chirayu/Documents/GitHub/2D-to-3D-image-reconstruction/facescape_224/fsmview_trainset_15_2_smile_20.jpg,0.10533160716295242,0.12517797946929932,0.019846372306346893,7.363208465278149,0.634835958480835
894,/mnt/c/Users/Chirayu/Documents/GitHub/2D-to-3D-image-reconstruction/facescape_224/fsmview_trainset_13_10_dimpler_10.jpg,0.09303082525730133,0.12523271143436432,0.03220188617706299,9.185429782141,0.7909685373306274
393,/mnt/c/Users/Chirayu/Documents/GitHub/2D-to-3D-image-reconstruction/facescape_224/fsmview_trainset_5_13_lip_funneler_45.jpg,0.15469273924827576,0.1253754198551178,-0.02931731939315796,8.064743980765343,0.6776546835899353
657,/mnt/c/Users/Chirayu/Documents/GitHub/2D-to-3D-image-reconstruction/facescape_224/fsmview_trainset_11_15_lip_roll_11.jpg,0.08171823620796204,0.12593293190002441,0.04421469569206238,7.52639127522707,0.6658209562301636
734,/mnt/c/Users/Chirayu/Documents/GitHub/2D-to-3D-image-reconstruction/facescape_224/fsmview_trainset_18_14_sadness_45.jpg,0.10798889398574829,0.12661747634410858,0.01862858235836029,9.851777194067836,0.8009907007217407
351,/mnt/c/Users/Chirayu/Documents/GitHub/2D-to-3D-image-reconstruction/facescape_224/fsmview_trainset_8_8_mouth_left_18.jpg,0.11822504550218582,0.12671883404254913,0.008493788540363312,7.842937134206295,0.750295877456665
854,/mnt/c/Users/Chirayu/Documents/GitHub/2D-to-3D-image-reconstruction/facescape_224/fsmview_trainset_1_7_jaw_forward_41.jpg,0.13132895529270172,0.12730278074741364,-0.004026174545288086,7.963783547282219,0.7381703853607178
367,/mnt/c/Users/Chirayu/Documents/GitHub/2D-to-3D-image-reconstruction/facescape_224/fsmview_trainset_20_5_jaw_left_8.jpg,0.1385154128074646,0.12782759964466095,-0.01068781316280365,8.453048676252365,0.7845594882965088
181,/mnt/c/Users/Chirayu/Documents/GitHub/2D-to-3D-image-reconstruction/facescape_224/fsmview_trainset_13_4_anger_6.jpg,0.14435113966464996,0.12819775938987732,-0.016153380274772644,8.372725553810596,0.6850050091743469
595,/mnt/c/Users/Chirayu/Documents/GitHub/2D-to-3D-image-reconstruction/facescape_224/fsmview_trainset_3_16_grin_35.jpg,0.11134365200996399,0.12911872565746307,0.017775073647499084,7.607623383402824,0.7001126408576965
906,/mnt/c/Users/Chirayu/Documents/GitHub/2D-to-3D-image-reconstruction/facescape_224/fsmview_trainset_12_9_mouth_right_52.jpg,0.12353045493364334,0.12934252619743347,0.005812071263790131,7.9353863671422005,0.6723603010177612
732,/mnt/c/Users/Chirayu/Documents/GitHub/2D-to-3D-image-reconstruction/facescape_224/fsmview_trainset_1_15_lip_roll_52.jpg,0.12432645261287689,0.12967418134212494,0.005347728729248047,8.159067172557116,0.735903263092041
998,/mnt/c/Users/Chirayu/Documents/GitHub/2D-to-3D-image-reconstruction/facescape_224/fsmview_trainset_10_3_mouth_stretch_13.jpg,0.13291382789611816,0.12976379692554474,-0.0031500309705734253,7.102514609694481,0.6700571775436401
162,/mnt/c/Users/Chirayu/Documents/GitHub/2D-to-3D-image-reconstruction/facescape_224/fsmview_trainset_12_6_jaw_right_24.jpg,0.12164267152547836,0.1299704760313034,0.008327804505825043,8.199717324227095,0.7030302286148071
765,/mnt/c/Users/Chirayu/Documents/GitHub/2D-to-3D-image-reconstruction/facescape_224/fsmview_trainset_2_18_eye_closed_29.jpg,0.10334969311952591,0.1311107873916626,0.027761094272136688,8.567529072985053,0.7005540132522583
128,/mnt/c/Users/Chirayu/Documents/GitHub/2D-to-3D-image-reconstruction/facescape_224/fsmview_trainset_4_12_lip_puckerer_0.jpg,0.12794724106788635,0.131689190864563,0.0037419497966766357,8.457323960959911,0.7454184889793396
958,/mnt/c/Users/Chirayu/Documents/GitHub/2D-to-3D-image-reconstruction/facescape_224/fsmview_trainset_1_15_lip_roll_16.jpg,0.04200509563088417,0.13247829675674438,0.09047320112586021,9.489393063820899,0.8423917889595032
381,/mnt/c/Users/Chirayu/Documents/GitHub/2D-to-3D-image-reconstruction/facescape_224/fsmview_trainset_17_14_sadness_42.jpg,0.11371663212776184,0.13278378546237946,0.019067153334617615,7.3949767760932446,0.6685726642608643
680,/mnt/c/Users/Chirayu/Documents/GitHub/2D-to-3D-image-reconstruction/facescape_224/fsmview_trainset_11_2_smile_28.jpg,0.13674987852573395,0.1328498125076294,-0.0039000660181045532,9.268615698441863,0.7372239232063293
671,/mnt/c/Users/Chirayu/Documents/GitHub/2D-to-3D-image-reconstruction/facescape_224/fsmview_trainset_13_2_smile_33.jpg,0.13271291553974152,0.13320912420749664,0.000496208667755127,7.947774551808834,0.7054623961448669
681,/mnt/c/Users/Chirayu/Documents/GitHub/2D-to-3D-image-reconstruction/facescape_224/fsmview_trainset_8_15_lip_roll_31.jpg,0.11051608622074127,0.1353335678577423,0.024817481637001038,7.5443383902311325,0.6431673765182495
593,/mnt/c/Users/Chirayu/Documents/GitHub/2D-to-3D-image-reconstruction/facescape_224/fsmview_trainset_4_14_sadness_45.jpg,0.11686261743307114,0.13578176498413086,0.018919147551059723,9.741722421720624,0.8042352199554443
454,/mnt/c/Users/Chirayu/Documents/GitHub/2D-to-3D-image-reconstruction/facescape_224/fsmview_trainset_4_20_brow_lower_51.jpg,0.14986689388751984,0.13589850068092346,-0.013968393206596375,6.976748153567314,0.7073155641555786
12,/mnt/c/Users/Chirayu/Documents/GitHub/2D-to-3D-image-reconstruction/facescape_224/fsmview_trainset_20_13_lip_funneler_46.jpg,0.1270674765110016,0.13629043102264404,0.009222954511642456,7.854887407273054,0.6776724457740784
305,/mnt/c/Users/Chirayu/Documents/GitHub/2D-to-3D-image-reconstruction/facescape_224/fsmview_trainset_3_10_dimpler_46.jpg,0.13172690570354462,0.1370721459388733,0.005345240235328674,8.336195893585682,0.7115281820297241
646,/mnt/c/Users/Chirayu/Documents/GitHub/2D-to-3D-image-reconstruction/facescape_224/fsmview_trainset_18_4_anger_36.jpg,0.05250992625951767,0.13732846081256866,0.084818534553051,9.448875585570931,0.8213372826576233
519,/mnt/c/Users/Chirayu/Documents/GitHub/2D-to-3D-image-reconstruction/facescape_224/fsmview_trainset_12_1_neutral_43.jpg,0.12932395935058594,0.13772864639759064,0.0084046870470047,7.633783638477325,0.6548081636428833
402,/mnt/c/Users/Chirayu/Documents/GitHub/2D-to-3D-image-reconstruction/facescape_224/fsmview_trainset_17_12_lip_puckerer_57.jpg,0.13419874012470245,0.13842687010765076,0.004228129982948303,8.739622987806797,0.7213790416717529
269,/mnt/c/Users/Chirayu/Documents/GitHub/2D-to-3D-image-reconstruction/facescape_224/fsmview_trainset_7_15_lip_roll_28.jpg,0.06417638808488846,0.13896915316581726,0.0747927650809288,7.353659754619002,0.6715918779373169
990,/mnt/c/Users/Chirayu/Documents/GitHub/2D-to-3D-image-reconstruction/facescape_224/fsmview_trainset_18_2_smile_38.jpg,0.14921718835830688,0.14139075577259064,-0.007826432585716248,8.579663068056107,0.8423474431037903
554,/mnt/c/Users/Chirayu/Documents/GitHub/2D-to-3D-image-reconstruction/facescape_224/fsmview_trainset_15_13_lip_funneler_33.jpg,0.12174011766910553,0.1419696807861328,0.020229563117027283,7.520303772762418,0.6482682824134827
798,/mnt/c/Users/Chirayu/Documents/GitHub/2D-to-3D-image-reconstruction/facescape_224/fsmview_trainset_6_5_jaw_left_36.jpg,0.1301964968442917,0.142336905002594,0.012140408158302307,7.5115231946110725,0.6929943561553955
861,/mnt/c/Users/Chirayu/Documents/GitHub/2D-to-3D-image-reconstruction/facescape_224/fsmview_trainset_8_6_jaw_right_48.jpg,0.14403609931468964,0.14299046993255615,-0.0010456293821334839,7.489724695682526,0.6769149303436279
531,/mnt/c/Users/Chirayu/Documents/GitHub/2D-to-3D-image-reconstruction/facescape_224/fsmview_trainset_17_20_brow_lower_46.jpg,0.14461906254291534,0.1435781866312027,-0.0010408759117126465,8.453871201723814,0.7430036664009094
191,/mnt/c/Users/Chirayu/Documents/GitHub/2D-to-3D-image-reconstruction/facescape_224/fsmview_trainset_5_4_anger_40.jpg,0.14157359302043915,0.14381243288516998,0.002238839864730835,8.022807579487562,0.7269586324691772
484,/mnt/c/Users/Chirayu/Documents/GitHub/2D-to-3D-image-reconstruction/facescape_224/fsmview_trainset_15_18_eye_closed_30.jpg,0.12709856033325195,0.1448020190000534,0.017703458666801453,7.92421892285347,0.649054765701294
544,/mnt/c/Users/Chirayu/Documents/GitHub/2D-to-3D-image-reconstruction/facescape_224/fsmview_trainset_18_1_neutral_39.jpg,0.15474002063274384,0.14719131588935852,-0.007548704743385315,8.41220173984766,0.7991346120834351
321,/mnt/c/Users/Chirayu/Documents/GitHub/2D-to-3D-image-reconstruction/facescape_224/fsmview_trainset_13_5_jaw_left_15.jpg,0.1589592844247818,0.14784175157546997,-0.011117532849311829,7.346281722187996,0.6137099862098694
802,/mnt/c/Users/Chirayu/Documents/GitHub/2D-to-3D-image-reconstruction/facescape_224/fsmview_trainset_8_19_brow_raiser_15.jpg,0.1406850814819336,0.1480364203453064,0.007351338863372803,8.094158507883549,0.6661921739578247
119,/mnt/c/Users/Chirayu/Documents/GitHub/2D-to-3D-image-reconstruction/facescape_224/fsmview_trainset_8_6_jaw_right_38.jpg,0.16489429771900177,0.14847500622272491,-0.016419291496276855,8.115616887807846,0.8474963903427124
280,/mnt/c/Users/Chirayu/Documents/GitHub/2D-to-3D-image-reconstruction/facescape_224/fsmview_trainset_9_7_jaw_forward_42.jpg,0.13781775534152985,0.14915336668491364,0.011335611343383789,6.649655628949404,0.6298028826713562
424,/mnt/c/Users/Chirayu/Documents/GitHub/2D-to-3D-image-reconstruction/facescape_224/fsmview_trainset_19_2_smile_37.jpg,0.12445929646492004,0.1501941978931427,0.025734901428222656,9.013685129582882,0.7646318078041077
46,/mnt/c/Users/Chirayu/Documents/GitHub/2D-to-3D-image-reconstruction/facescape_224/fsmview_trainset_20_16_grin_29.jpg,0.14048825204372406,0.1503230333328247,0.009834781289100647,7.680452801287174,0.6408891677856445
163,/mnt/c/Users/Chirayu/Documents/GitHub/2D-to-3D-image-reconstruction/facescape_224/fsmview_trainset_6_14_sadness_44.jpg,0.16958749294281006,0.15050598978996277,-0.01908150315284729,7.380432181060314,0.6968706250190735
912,/mnt/c/Users/Chirayu/Documents/GitHub/2D-to-3D-image-reconstruction/facescape_224/fsmview_trainset_20_15_lip_roll_14.jpg,0.142243891954422,0.15061670541763306,0.00837281346321106,7.8827024064958096,0.6755216121673584
949,/mnt/c/Users/Chirayu/Documents/GitHub/2D-to-3D-image-reconstruction/facescape_224/fsmview_trainset_12_4_anger_23.jpg,0.13681432604789734,0.15198279917240143,0.01516847312450409,7.684693418443203,0.6333451271057129
813,/mnt/c/Users/Chirayu/Documents/GitHub/2D-to-3D-image-reconstruction/facescape_224/fsmview_trainset_13_6_jaw_right_19.jpg,0.14168505370616913,0.15213049948215485,0.010445445775985718,8.087929591536522,0.656722366809845
228,/mnt/c/Users/Chirayu/Documents/GitHub/2D-to-3D-image-reconstruction/facescape_224/fsmview_trainset_6_4_anger_45.jpg,0.16879115998744965,0.1526036262512207,-0.016187533736228943,7.928296804428101,0.7536810636520386
349,/mnt/c/Users/Chirayu/Documents/GitHub/2D-to-3D-image-reconstruction/facescape_224/fsmview_trainset_8_9_mouth_right_49.jpg,0.1706269234418869,0.15328581631183624,-0.01734110713005066,6.845820844173431,0.6164048314094543
261,/mnt/c/Users/Chirayu/Documents/GitHub/2D-to-3D-image-reconstruction/facescape_224/fsmview_trainset_7_19_brow_raiser_42.jpg,0.1647643893957138,0.15373364090919495,-0.01103074848651886,6.190909422934055,0.5818278789520264
488,/mnt/c/Users/Chirayu/Documents/GitHub/2D-to-3D-image-reconstruction/facescape_224/fsmview_trainset_8_14_sadness_15.jpg,0.1632085144519806,0.15557482838630676,-0.007633686065673828,8.030218549072742,0.6600878834724426
505,/mnt/c/Users/Chirayu/Documents/GitHub/2D-to-3D-image-reconstruction/facescape_224/fsmview_trainset_15_18_eye_closed_11.jpg,0.11643928289413452,0.15620146691799164,0.03976218402385712,9.042281463742256,0.7553885579109192
576,/mnt/c/Users/Chirayu/Documents/GitHub/2D-to-3D-image-reconstruction/facescape_224/fsmview_trainset_12_4_anger_22.jpg,0.16938504576683044,0.15704482793807983,-0.01234021782875061,8.871353015303612,0.6936016082763672
243,/mnt/c/Users/Chirayu/Documents/GitHub/2D-to-3D-image-reconstruction/facescape_224/fsmview_trainset_3_1_neutral_40.jpg,0.14927609264850616,0.15784978866577148,0.00857369601726532,7.5095348954200745,0.6705560684204102
641,/mnt/c/Users/Chirayu/Documents/GitHub/2D-to-3D-image-reconstruction/facescape_224/fsmview_trainset_15_13_lip_funneler_10.jpg,0.14444471895694733,0.15830735862255096,0.013862639665603638,8.26848641782999,0.7366524338722229
960,/mnt/c/Users/Chirayu/Documents/GitHub/2D-to-3D-image-reconstruction/facescape_224/fsmview_trainset_4_2_smile_40.jpg,0.16608871519565582,0.15884053707122803,-0.007248178124427795,7.019094355404377,0.6837487816810608
355,/mnt/c/Users/Chirayu/Documents/GitHub/2D-to-3D-image-reconstruction/facescape_224/fsmview_trainset_7_4_anger_40.jpg,0.15086618065834045,0.15930716693401337,0.008440986275672913,6.677559044212103,0.6006338000297546
670,/mnt/c/Users/Chirayu/Documents/GitHub/2D-to-3D-image-reconstruction/facescape_224/fsmview_trainset_10_14_sadness_40.jpg,0.13539552688598633,0.1596440076828003,0.024248480796813965,7.0120605155825615,0.626083254814148
25,/mnt/c/Users/Chirayu/Documents/GitHub/2D-to-3D-image-reconstruction/facescape_224/fsmview_trainset_19_2_smile_32.jpg,0.15337692201137543,0.16026394069194794,0.00688701868057251,7.509399924427271,0.7122652530670166
568,/mnt/c/Users/Chirayu/Documents/GitHub/2D-to-3D-image-reconstruction/facescape_224/fsmview_trainset_3_2_smile_52.jpg,0.15278072655200958,0.16103583574295044,0.008255109190940857,8.09031130373478,0.7283068299293518
141,/mnt/c/Users/Chirayu/Documents/GitHub/2D-to-3D-image-reconstruction/facescape_224/fsmview_trainset_18_4_anger_40.jpg,0.14387232065200806,0.1633332222700119,0.019460901618003845,7.098796151578426,0.64760822057724
372,/mnt/c/Users/Chirayu/Documents/GitHub/2D-to-3D-image-reconstruction/facescape_224/fsmview_trainset_6_20_brow_lower_16.jpg,0.15167076885700226,0.16339610517024994,0.01172533631324768,8.033072419464588,0.7234385013580322
790,/mnt/c/Users/Chirayu/Documents/GitHub/2D-to-3D-image-reconstruction/facescape_224/fsmview_trainset_2_10_dimpler_48.jpg,0.16347183287143707,0.1651924103498459,0.0017205774784088135,9.332595650106668,0.78533935546875
172,/mnt/c/Users/Chirayu/Documents/GitHub/2D-to-3D-image-reconstruction/facescape_224/fsmview_trainset_5_5_jaw_left_40.jpg,0.15940134227275848,0.16545040905475616,0.006049066781997681,7.655730091035366,0.6819854378700256
494,/mnt/c/Users/Chirayu/Documents/GitHub/2D-to-3D-image-reconstruction/facescape_224/fsmview_trainset_9_7_jaw_forward_14.jpg,0.03749612346291542,0.16582618653774261,0.1283300630748272,10.203579723834991,0.8969025611877441
278,/mnt/c/Users/Chirayu/Documents/GitHub/2D-to-3D-image-reconstruction/facescape_224/fsmview_trainset_14_15_lip_roll_9.jpg,0.1711658090353012,0.16643019020557404,-0.004735618829727173,7.040508162230253,0.711550772190094
415,/mnt/c/Users/Chirayu/Documents/GitHub/2D-to-3D-image-reconstruction/facescape_224/fsmview_trainset_4_14_sadness_50.jpg,0.04331453517079353,0.16644978523254395,0.12313525006175041,9.416924200952053,0.8698527216911316
211,/mnt/c/Users/Chirayu/Documents/GitHub/2D-to-3D-image-reconstruction/facescape_224/fsmview_trainset_7_18_eye_closed_40.jpg,0.15222948789596558,0.16741646826267242,0.015186980366706848,7.046559602022171,0.6372777223587036
621,/mnt/c/Users/Chirayu/Documents/GitHub/2D-to-3D-image-reconstruction/facescape_224/fsmview_trainset_13_18_eye_closed_56.jpg,0.1551707237958908,0.16944453120231628,0.014273807406425476,7.934509247541428,0.6527498960494995
55,/mnt/c/Users/Chirayu/Documents/GitHub/2D-to-3D-image-reconstruction/facescape_224/fsmview_trainset_20_3_mouth_stretch_47.jpg,0.1339615434408188,0.169624462723732,0.03566291928291321,6.862442851066589,0.672947108745575
753,/mnt/c/Users/Chirayu/Documents/GitHub/2D-to-3D-image-reconstruction/facescape_224/fsmview_trainset_14_2_smile_9.jpg,0.17118196189403534,0.16997523605823517,-0.001206725835800171,7.657352890819311,0.7343351244926453
268,/mnt/c/Users/Chirayu/Documents/GitHub/2D-to-3D-image-reconstruction/facescape_224/fsmview_trainset_10_9_mouth_right_26.jpg,0.13654197752475739,0.17080296576023102,0.03426098823547363,6.74688583612442,0.6241323947906494
809,/mnt/c/Users/Chirayu/Documents/GitHub/2D-to-3D-image-reconstruction/facescape_224/fsmview_trainset_19_6_jaw_right_37.jpg,0.13713017106056213,0.17089411616325378,0.03376394510269165,9.647982457652688,0.767995297908783
632,/mnt/c/Users/Chirayu/Documents/GitHub/2D-to-3D-image-reconstruction/facescape_224/fsmview_trainset_2_11_chin_raiser_54.jpg,0.1733870506286621,0.1710742861032486,-0.002312764525413513,8.481290623545647,0.7046713829040527
907,/mnt/c/Users/Chirayu/Documents/GitHub/2D-to-3D-image-reconstruction/facescape_224/fsmview_trainset_9_18_eye_closed_42.jpg,0.13874341547489166,0.1725822389125824,0.033838823437690735,6.6992593593895435,0.6652137637138367
89,/mnt/c/Users/Chirayu/Documents/GitHub/2D-to-3D-image-reconstruction/facescape_224/fsmview_trainset_10_3_mouth_stretch_53.jpg,0.15912531316280365,0.17308588325977325,0.013960570096969604,7.0808893367648125,0.6768993139266968
760,/mnt/c/Users/Chirayu/Documents/GitHub/2D-to-3D-image-reconstruction/facescape_224/fsmview_trainset_9_16_grin_44.jpg,0.17715933918952942,0.17472292482852936,-0.002436414361000061,8.268353808671236,0.7615798115730286
781,/mnt/c/Users/Chirayu/Documents/GitHub/2D-to-3D-image-reconstruction/facescape_224/fsmview_trainset_4_18_eye_closed_0.jpg,0.16209714114665985,0.17473788559436798,0.01264074444770813,8.129790715873241,0.6928565502166748
487,/mnt/c/Users/Chirayu/Documents/GitHub/2D-to-3D-image-reconstruction/facescape_224/fsmview_trainset_20_18_eye_closed_29.jpg,0.1669740378856659,0.17492036521434784,0.007946327328681946,7.7444234527647495,0.6421838402748108
501,/mnt/c/Users/Chirayu/Documents/GitHub/2D-to-3D-image-reconstruction/facescape_224/fsmview_trainset_15_5_jaw_left_11.jpg,0.13337446749210358,0.17494790256023407,0.04157343506813049,8.502476394176483,0.730444073677063
29,/mnt/c/Users/Chirayu/Documents/GitHub/2D-to-3D-image-reconstruction/facescape_224/fsmview_trainset_14_19_brow_raiser_46.jpg,0.16878533363342285,0.17643269896507263,0.00764736533164978,8.354243963956833,0.6600114107131958
219,/mnt/c/Users/Chirayu/Documents/GitHub/2D-to-3D-image-reconstruction/facescape_224/fsmview_trainset_9_19_brow_raiser_32.jpg,0.2329089641571045,0.1769469976425171,-0.0559619665145874,7.3306402415037155,0.6327058672904968
976,/mnt/c/Users/Chirayu/Documents/GitHub/2D-to-3D-image-reconstruction/facescape_224/fsmview_trainset_20_11_chin_raiser_44.jpg,0.1688019186258316,0.17810486257076263,0.00930294394493103,9.112290961667895,0.7272962331771851
658,/mnt/c/Users/Chirayu/Documents/GitHub/2D-to-3D-image-reconstruction/facescape_224/fsmview_trainset_20_9_mouth_right_52.jpg,0.16379380226135254,0.18111097812652588,0.01731717586517334,7.805156759917736,0.6853147745132446
849,/mnt/c/Users/Chirayu/Documents/GitHub/2D-to-3D-image-reconstruction/facescape_224/fsmview_trainset_15_14_sadness_34.jpg,0.16471901535987854,0.1821778267621994,0.017458811402320862,7.846327841281891,0.6491759419441223
137,/mnt/c/Users/Chirayu/Documents/GitHub/2D-to-3D-image-reconstruction/facescape_224/fsmview_trainset_9_1_neutral_36.jpg,0.1637711524963379,0.18251951038837433,0.018748357892036438,7.535175047814846,0.6537942290306091
375,/mnt/c/Users/Chirayu/Documents/GitHub/2D-to-3D-image-reconstruction/facescape_224/fsmview_trainset_1_9_mouth_right_15.jpg,0.18296928703784943,0.18374638259410858,0.0007770955562591553,7.595070354640484,0.6417238116264343
416,/mnt/c/Users/Chirayu/Documents/GitHub/2D-to-3D-image-reconstruction/facescape_224/fsmview_trainset_14_13_lip_funneler_46.jpg,0.18019889295101166,0.18486818671226501,0.004669293761253357,8.011093720793724,0.6284207105636597
377,/mnt/c/Users/Chirayu/Documents/GitHub/2D-to-3D-image-reconstruction/facescape_224/fsmview_trainset_9_15_lip_roll_40.jpg,0.17424426972866058,0.1852966845035553,0.011052414774894714,7.5758169293403625,0.6491129398345947
789,/mnt/c/Users/Chirayu/Documents/GitHub/2D-to-3D-image-reconstruction/facescape_224/fsmview_trainset_2_20_brow_lower_4.jpg,0.18830138444900513,0.18617592751979828,-0.002125456929206848,8.987577259540558,0.7253550291061401
84,/mnt/c/Users/Chirayu/Documents/GitHub/2D-to-3D-image-reconstruction/facescape_224/fsmview_trainset_17_14_sadness_49.jpg,0.2097489982843399,0.18639890849590302,-0.02335008978843689,8.045049292966723,0.6593971252441406
883,/mnt/c/Users/Chirayu/Documents/GitHub/2D-to-3D-image-reconstruction/facescape_224/fsmview_trainset_9_15_lip_roll_55.jpg,0.1802692860364914,0.19039058685302734,0.01012130081653595,7.2808514684438705,0.6360740065574646
823,/mnt/c/Users/Chirayu/Documents/GitHub/2D-to-3D-image-reconstruction/facescape_224/fsmview_trainset_2_8_mouth_left_1.jpg,0.19661998748779297,0.19078421592712402,-0.005835771560668945,8.076547712087631,0.6960757970809937
584,/mnt/c/Users/Chirayu/Documents/GitHub/2D-to-3D-image-reconstruction/facescape_224/fsmview_trainset_9_1_neutral_12.jpg,0.03299570456147194,0.1908218264579773,0.15782612189650536,9.781817927025259,0.8347097635269165
987,/mnt/c/Users/Chirayu/Documents/GitHub/2D-to-3D-image-reconstruction/facescape_224/fsmview_trainset_1_3_mouth_stretch_55.jpg,0.056471165269613266,0.19117027521133423,0.13469910994172096,9.784341048449278,0.9685671925544739
619,/mnt/c/Users/Chirayu/Documents/GitHub/2D-to-3D-image-reconstruction/facescape_224/fsmview_trainset_5_1_neutral_10.jpg,0.24412749707698822,0.19222122430801392,-0.051906272768974304,6.404400326311588,0.6574114561080933
93,/mnt/c/Users/Chirayu/Documents/GitHub/2D-to-3D-image-reconstruction/facescape_224/fsmview_trainset_4_13_lip_funneler_31.jpg,0.03592623770236969,0.19311685860157013,0.15719062089920044,10.996177054941654,1.0159363746643066
801,/mnt/c/Users/Chirayu/Documents/GitHub/2D-to-3D-image-reconstruction/facescape_224/fsmview_trainset_3_10_dimpler_33.jpg,0.20006601512432098,0.19318199157714844,-0.006884023547172546,6.690644055604935,0.6485338807106018
16,/mnt/c/Users/Chirayu/Documents/GitHub/2D-to-3D-image-reconstruction/facescape_224/fsmview_trainset_7_12_lip_puckerer_40.jpg,0.1834859848022461,0.1938091218471527,0.010323137044906616,7.111428312957287,0.6449418067932129
411,/mnt/c/Users/Chirayu/Documents/GitHub/2D-to-3D-image-reconstruction/facescape_224/fsmview_trainset_10_20_brow_lower_26.jpg,0.18033237755298615,0.19578570127487183,0.015453323721885681,6.499633468687534,0.613990306854248
342,/mnt/c/Users/Chirayu/Documents/GitHub/2D-to-3D-image-reconstruction/facescape_224/fsmview_trainset_3_7_jaw_forward_50.jpg,0.20314034819602966,0.19596368074417114,-0.0071766674518585205,7.319937899708748,0.6676459908485413
380,/mnt/c/Users/Chirayu/Documents/GitHub/2D-to-3D-image-reconstruction/facescape_224/fsmview_trainset_7_17_cheek_blowing_39.jpg,0.2200608253479004,0.1964688003063202,-0.0235920250415802,7.144744988530874,0.6286061406135559
74,/mnt/c/Users/Chirayu/Documents/GitHub/2D-to-3D-image-reconstruction/facescape_224/fsmview_trainset_6_16_grin_42.jpg,0.20521298050880432,0.19655239582061768,-0.008660584688186646,6.058368943631649,0.6187809109687805
879,/mnt/c/Users/Chirayu/Documents/GitHub/2D-to-3D-image-reconstruction/facescape_224/fsmview_trainset_1_11_chin_raiser_47.jpg,0.19854862987995148,0.19677090644836426,-0.0017777234315872192,6.94051519036293,0.6682407259941101
192,/mnt/c/Users/Chirayu/Documents/GitHub/2D-to-3D-image-reconstruction/facescape_224/fsmview_trainset_4_12_lip_puckerer_52.jpg,0.21283772587776184,0.19791050255298615,-0.014927223324775696,6.504840452224016,0.6589445471763611
869,/mnt/c/Users/Chirayu/Documents/GitHub/2D-to-3D-image-reconstruction/facescape_224/fsmview_trainset_17_10_dimpler_1.jpg,0.19259674847126007,0.19810153543949127,0.005504786968231201,9.728805970400572,0.7530946135520935
142,/mnt/c/Users/Chirayu/Documents/GitHub/2D-to-3D-image-reconstruction/facescape_224/fsmview_trainset_9_2_smile_39.jpg,0.1744842231273651,0.19822539389133453,0.02374117076396942,7.367793425917625,0.6342337131500244
759,/mnt/c/Users/Chirayu/Documents/GitHub/2D-to-3D-image-reconstruction/facescape_224/fsmview_trainset_19_18_eye_closed_45.jpg,0.1859990358352661,0.19972896575927734,0.01372992992401123,9.292884089052677,0.7648710608482361
511,/mnt/c/Users/Chirayu/Documents/GitHub/2D-to-3D-image-reconstruction/facescape_224/fsmview_trainset_2_6_jaw_right_2.jpg,0.21337927877902985,0.20033663511276245,-0.013042643666267395,8.37903105840087,0.7624475955963135
851,/mnt/c/Users/Chirayu/Documents/GitHub/2D-to-3D-image-reconstruction/facescape_224/fsmview_trainset_19_5_jaw_left_45.jpg,0.17682676017284393,0.20351457595825195,0.02668781578540802,9.28640359826386,0.8224781155586243
9,/mnt/c/Users/Chirayu/Documents/GitHub/2D-to-3D-image-reconstruction/facescape_224/fsmview_trainset_2_20_brow_lower_7.jpg,0.2260681539773941,0.2065233290195465,-0.019544824957847595,8.594990506768227,0.6922038793563843
599,/mnt/c/Users/Chirayu/Documents/GitHub/2D-to-3D-image-reconstruction/facescape_224/fsmview_trainset_7_13_lip_funneler_40.jpg,0.18966001272201538,0.2067466676235199,0.017086654901504517,6.681156985461712,0.6350870132446289
660,/mnt/c/Users/Chirayu/Documents/GitHub/2D-to-3D-image-reconstruction/facescape_224/fsmview_trainset_1_5_jaw_left_13.jpg,0.21169070899486542,0.20857979357242584,-0.003110915422439575,6.898226693272591,0.6129852533340454
35,/mnt/c/Users/Chirayu/Documents/GitHub/2D-to-3D-image-reconstruction/facescape_224/fsmview_trainset_11_13_lip_funneler_14.jpg,0.19384931027889252,0.20919527113437653,0.015345960855484009,7.801763761788607,0.6678563356399536
614,/mnt/c/Users/Chirayu/Documents/GitHub/2D-to-3D-image-reconstruction/facescape_224/fsmview_trainset_17_12_lip_puckerer_12.jpg,0.1520054191350937,0.210198312997818,0.058192893862724304,7.63097764365375,0.6846103668212891
539,/mnt/c/Users/Chirayu/Documents/GitHub/2D-to-3D-image-reconstruction/facescape_224/fsmview_trainset_11_1_neutral_64.jpg,0.20747406780719757,0.21143366396427155,0.003959596157073975,8.09605235606432,0.7227522134780884
6,/mnt/c/Users/Chirayu/Documents/GitHub/2D-to-3D-image-reconstruction/facescape_224/fsmview_trainset_8_17_cheek_blowing_52.jpg,0.2129969298839569,0.2121792733669281,-0.0008176565170288086,6.187420524656773,0.6047530174255371
344,/mnt/c/Users/Chirayu/Documents/GitHub/2D-to-3D-image-reconstruction/facescape_224/fsmview_trainset_14_11_chin_raiser_29.jpg,0.13219942152500153,0.2126304805278778,0.08043105900287628,7.614249126985669,0.6523120403289795
10,/mnt/c/Users/Chirayu/Documents/GitHub/2D-to-3D-image-reconstruction/facescape_224/fsmview_trainset_13_16_grin_2.jpg,0.21612916886806488,0.21377480030059814,-0.002354368567466736,6.78977907449007,0.6141760945320129
661,/mnt/c/Users/Chirayu/Documents/GitHub/2D-to-3D-image-reconstruction/facescape_224/fsmview_trainset_7_10_dimpler_0.jpg,0.2310895025730133,0.2157014161348343,-0.015388086438179016,7.072579301893711,0.6852637529373169
631,/mnt/c/Users/Chirayu/Documents/GitHub/2D-to-3D-image-reconstruction/facescape_224/fsmview_trainset_5_8_mouth_left_54.jpg,0.2679879367351532,0.22096708416938782,-0.04702085256576538,8.123297229409218,0.747586190700531
999,/mnt/c/Users/Chirayu/Documents/GitHub/2D-to-3D-image-reconstruction/facescape_224/fsmview_trainset_18_8_mouth_left_13.jpg,0.22125965356826782,0.22098630666732788,-0.0002733469009399414,7.47266137227416,0.6034776568412781
347,/mnt/c/Users/Chirayu/Documents/GitHub/2D-to-3D-image-reconstruction/facescape_224/fsmview_trainset_4_12_lip_puckerer_15.jpg,0.23123349249362946,0.22326236963272095,-0.007971122860908508,6.1456630527973175,0.5769470930099487
567,/mnt/c/Users/Chirayu/Documents/GitHub/2D-to-3D-image-reconstruction/facescape_224/fsmview_trainset_7_18_eye_closed_22.jpg,0.24387381970882416,0.229808509349823,-0.01406531035900116,7.059282720088959,0.6708847284317017
897,/mnt/c/Users/Chirayu/Documents/GitHub/2D-to-3D-image-reconstruction/facescape_224/fsmview_trainset_3_19_brow_raiser_42.jpg,0.2390824556350708,0.2303542196750641,-0.008728235960006714,7.68073576502502,0.7010224461555481
784,/mnt/c/Users/Chirayu/Documents/GitHub/2D-to-3D-image-reconstruction/facescape_224/fsmview_trainset_17_3_mouth_stretch_36.jpg,0.21665239334106445,0.23252762854099274,0.015875235199928284,7.648817483335733,0.6471385359764099
965,/mnt/c/Users/Chirayu/Documents/GitHub/2D-to-3D-image-reconstruction/facescape_224/fsmview_trainset_6_13_lip_funneler_12.jpg,0.22085042297840118,0.23273712396621704,0.011886700987815857,7.261338276788592,0.6951841115951538
735,/mnt/c/Users/Chirayu/Documents/GitHub/2D-to-3D-image-reconstruction/facescape_224/fsmview_trainset_15_18_eye_closed_16.jpg,0.21692930161952972,0.23529404401779175,0.018364742398262024,7.845547899603844,0.6849169135093689
888,/mnt/c/Users/Chirayu/Documents/GitHub/2D-to-3D-image-reconstruction/facescape_224/fsmview_trainset_18_16_grin_26.jpg,0.2406676858663559,0.23751556873321533,-0.003152117133140564,6.225143685936928,0.5616039037704468
847,/mnt/c/Users/Chirayu/Documents/GitHub/2D-to-3D-image-reconstruction/facescape_224/fsmview_trainset_11_1_neutral_66.jpg,0.24297653138637543,0.23908287286758423,-0.0038936585187911987,7.610045377165079,0.6359469890594482
887,/mnt/c/Users/Chirayu/Documents/GitHub/2D-to-3D-image-reconstruction/facescape_224/fsmview_trainset_15_3_mouth_stretch_48.jpg,0.21924181282520294,0.2392553985118866,0.020013585686683655,8.274646311998367,0.7164542078971863
497,/mnt/c/Users/Chirayu/Documents/GitHub/2D-to-3D-image-reconstruction/facescape_224/fsmview_trainset_12_15_lip_roll_49.jpg,0.2190178632736206,0.2416016310453415,0.022583767771720886,7.281671166419983,0.6317411661148071
838,/mnt/c/Users/Chirayu/Documents/GitHub/2D-to-3D-image-reconstruction/facescape_224/fsmview_trainset_5_2_smile_11.jpg,0.2386462241411209,0.2465694397687912,0.007923215627670288,6.624689921736717,0.6496065855026245
209,/mnt/c/Users/Chirayu/Documents/GitHub/2D-to-3D-image-reconstruction/facescape_224/fsmview_trainset_9_18_eye_closed_11.jpg,0.2552782893180847,0.250535786151886,-0.0047425031661987305,7.056645423173904,0.6308174729347229
197,/mnt/c/Users/Chirayu/Documents/GitHub/2D-to-3D-image-reconstruction/facescape_224/fsmview_trainset_12_13_lip_funneler_34.jpg,0.22926151752471924,0.2527530789375305,0.02349156141281128,7.2983728386461735,0.632027804851532
333,/mnt/c/Users/Chirayu/Documents/GitHub/2D-to-3D-image-reconstruction/facescape_224/fsmview_trainset_5_3_mouth_stretch_3.jpg,0.24658629298210144,0.25664544105529785,0.010059148073196411,7.68563574925065,0.6259204149246216
609,/mnt/c/Users/Chirayu/Documents/GitHub/2D-to-3D-image-reconstruction/facescape_224/fsmview_trainset_15_14_sadness_10.jpg,0.20984584093093872,0.25846704840660095,0.04862120747566223,8.169777341187,0.729522168636322
160,/mnt/c/Users/Chirayu/Documents/GitHub/2D-to-3D-image-reconstruction/facescape_224/fsmview_trainset_15_11_chin_raiser_14.jpg,0.2266707420349121,0.2591325342655182,0.03246179223060608,8.263410449028015,0.6841460466384888
914,/mnt/c/Users/Chirayu/Documents/GitHub/2D-to-3D-image-reconstruction/facescape_224/fsmview_trainset_20_4_anger_66.jpg,0.2587350308895111,0.26092177629470825,0.0021867454051971436,6.931154076009989,0.6620981693267822
388,/mnt/c/Users/Chirayu/Documents/GitHub/2D-to-3D-image-reconstruction/facescape_224/fsmview_trainset_7_1_neutral_3.jpg,0.056664519011974335,0.26121774315834045,0.20455322414636612,12.12440150603652,1.1956778764724731
294,/mnt/c/Users/Chirayu/Documents/GitHub/2D-to-3D-image-reconstruction/facescape_224/fsmview_trainset_2_7_jaw_forward_55.jpg,0.27827227115631104,0.26407647132873535,-0.014195799827575684,7.400986269116402,0.6258843541145325
747,/mnt/c/Users/Chirayu/Documents/GitHub/2D-to-3D-image-reconstruction/facescape_224/fsmview_trainset_20_13_lip_funneler_20.jpg,0.2452557533979416,0.26440027356147766,0.019144520163536072,7.653023041784763,0.6462345719337463
140,/mnt/c/Users/Chirayu/Documents/GitHub/2D-to-3D-image-reconstruction/facescape_224/fsmview_trainset_8_8_mouth_left_40.jpg,0.27468618750572205,0.2686622738838196,-0.006023913621902466,6.521711647510529,0.6600900292396545
966,/mnt/c/Users/Chirayu/Documents/GitHub/2D-to-3D-image-reconstruction/facescape_224/fsmview_trainset_20_12_lip_puckerer_21.jpg,0.2486666738986969,0.2700870931148529,0.021420419216156006,7.593257952481508,0.640135645866394
432,/mnt/c/Users/Chirayu/Documents/GitHub/2D-to-3D-image-reconstruction/facescape_224/fsmview_trainset_5_15_lip_roll_11.jpg,0.5485806465148926,0.2706740200519562,-0.2779066264629364,6.612064901739359,0.6965045928955078
362,/mnt/c/Users/Chirayu/Documents/GitHub/2D-to-3D-image-reconstruction/facescape_224/fsmview_trainset_17_2_smile_48.jpg,0.28338709473609924,0.2732432186603546,-0.010143876075744629,7.422601412981749,0.6103307604789734
814,/mnt/c/Users/Chirayu/Documents/GitHub/2D-to-3D-image-reconstruction/facescape_224/fsmview_trainset_11_8_mouth_left_39.jpg,0.28154683113098145,0.2733469605445862,-0.008199870586395264,7.980800449848175,0.7277319431304932
239,/mnt/c/Users/Chirayu/Documents/GitHub/2D-to-3D-image-reconstruction/facescape_224/fsmview_trainset_15_9_mouth_right_61.jpg,0.2599475681781769,0.2772480547428131,0.01730048656463623,8.10474468022585,0.6704574227333069
652,/mnt/c/Users/Chirayu/Documents/GitHub/2D-to-3D-image-reconstruction/facescape_224/fsmview_trainset_19_19_brow_raiser_12.jpg,0.25990188121795654,0.2774208188056946,0.017518937587738037,7.575303975492716,0.6468214392662048
472,/mnt/c/Users/Chirayu/Documents/GitHub/2D-to-3D-image-reconstruction/facescape_224/fsmview_trainset_17_13_lip_funneler_52.jpg,0.2860313057899475,0.2795768678188324,-0.006454437971115112,7.565032176673412,0.6485822200775146
241,/mnt/c/Users/Chirayu/Documents/GitHub/2D-to-3D-image-reconstruction/facescape_224/fsmview_trainset_18_2_smile_18.jpg,0.30352169275283813,0.2797453701496124,-0.023776322603225708,7.066309358924627,0.6492949724197388
52,/mnt/c/Users/Chirayu/Documents/GitHub/2D-to-3D-image-reconstruction/facescape_224/fsmview_trainset_6_4_anger_40.jpg,0.24708832800388336,0.2811976671218872,0.034109339118003845,6.87217702716589,0.6765927076339722
589,/mnt/c/Users/Chirayu/Documents/GitHub/2D-to-3D-image-reconstruction/facescape_224/fsmview_trainset_8_10_dimpler_40.jpg,0.25555410981178284,0.2813612222671509,0.025807112455368042,6.333138920366764,0.6170275807380676
686,/mnt/c/Users/Chirayu/Documents/GitHub/2D-to-3D-image-reconstruction/facescape_224/fsmview_trainset_6_10_dimpler_42.jpg,0.31278088688850403,0.28283122181892395,-0.029949665069580078,6.321657303720713,0.6505972743034363
107,/mnt/c/Users/Chirayu/Documents/GitHub/2D-to-3D-image-reconstruction/facescape_224/fsmview_trainset_12_8_mouth_left_32.jpg,0.31257858872413635,0.2946775257587433,-0.017901062965393066,7.866277396678925,0.7740800976753235
296,/mnt/c/Users/Chirayu/Documents/GitHub/2D-to-3D-image-reconstruction/facescape_224/fsmview_trainset_19_15_lip_roll_12.jpg,0.266937255859375,0.29525020718574524,0.02831295132637024,7.551794148981571,0.6724938750267029
47,/mnt/c/Users/Chirayu/Documents/GitHub/2D-to-3D-image-reconstruction/facescape_224/fsmview_trainset_20_7_jaw_forward_64.jpg,0.2949519157409668,0.2957875728607178,0.0008356571197509766,7.44489087536931,0.7004591822624207
551,/mnt/c/Users/Chirayu/Documents/GitHub/2D-to-3D-image-reconstruction/facescape_224/fsmview_trainset_9_12_lip_puckerer_40.jpg,0.27683156728744507,0.29863572120666504,0.02180415391921997,6.711592227220535,0.6234419941902161
721,/mnt/c/Users/Chirayu/Documents/GitHub/2D-to-3D-image-reconstruction/facescape_224/fsmview_trainset_6_12_lip_puckerer_50.jpg,0.328946053981781,0.299349844455719,-0.02959620952606201,6.735264107584953,0.6254572868347168
453,/mnt/c/Users/Chirayu/Documents/GitHub/2D-to-3D-image-reconstruction/facescape_224/fsmview_trainset_20_15_lip_roll_20.jpg,0.25924941897392273,0.30371856689453125,0.04446914792060852,7.501598071306944,0.6343196034431458
256,/mnt/c/Users/Chirayu/Documents/GitHub/2D-to-3D-image-reconstruction/facescape_224/fsmview_trainset_19_19_brow_raiser_55.jpg,0.28944188356399536,0.3056268095970154,0.01618492603302002,7.581272147595882,0.6835633516311646
282,/mnt/c/Users/Chirayu/Documents/GitHub/2D-to-3D-image-reconstruction/facescape_224/fsmview_trainset_20_10_dimpler_50.jpg,0.43157657980918884,0.3083406984806061,-0.12323588132858276,6.627747640013695,0.6409623026847839
165,/mnt/c/Users/Chirayu/Documents/GitHub/2D-to-3D-image-reconstruction/facescape_224/fsmview_trainset_13_5_jaw_left_39.jpg,0.2929419279098511,0.3084944486618042,0.015552520751953125,7.925525851547718,0.6907991766929626
473,/mnt/c/Users/Chirayu/Documents/GitHub/2D-to-3D-image-reconstruction/facescape_224/fsmview_trainset_6_15_lip_roll_11.jpg,0.3128192126750946,0.3131965398788452,0.00037732720375061035,6.191659532487392,0.5633838176727295
995,/mnt/c/Users/Chirayu/Documents/GitHub/2D-to-3D-image-reconstruction/facescape_224/fsmview_trainset_10_14_sadness_52.jpg,0.3707423210144043,0.3148154020309448,-0.05592691898345947,6.705403786152601,0.6358324885368347
471,/mnt/c/Users/Chirayu/Documents/GitHub/2D-to-3D-image-reconstruction/facescape_224/fsmview_trainset_19_16_grin_57.jpg,0.30342358350753784,0.3154081404209137,0.011984556913375854,7.250972718000412,0.6542728543281555
79,/mnt/c/Users/Chirayu/Documents/GitHub/2D-to-3D-image-reconstruction/facescape_224/fsmview_trainset_11_19_brow_raiser_6.jpg,0.20799611508846283,0.3168862462043762,0.10889013111591339,7.462682010605931,0.6719781160354614
925,/mnt/c/Users/Chirayu/Documents/GitHub/2D-to-3D-image-reconstruction/facescape_224/fsmview_trainset_13_1_neutral_34.jpg,0.31926408410072327,0.3179928660392761,-0.0012712180614471436,7.270571108907461,0.7082446813583374
737,/mnt/c/Users/Chirayu/Documents/GitHub/2D-to-3D-image-reconstruction/facescape_224/fsmview_trainset_18_11_chin_raiser_18.jpg,0.32649680972099304,0.3203040659427643,-0.00619274377822876,7.1411399357020855,0.6356123685836792
258,/mnt/c/Users/Chirayu/Documents/GitHub/2D-to-3D-image-reconstruction/facescape_224/fsmview_trainset_20_12_lip_puckerer_6.jpg,0.3032815754413605,0.32241174578666687,0.019130170345306396,6.500263465568423,0.6929093599319458
168,/mnt/c/Users/Chirayu/Documents/GitHub/2D-to-3D-image-reconstruction/facescape_224/fsmview_trainset_15_7_jaw_forward_41.jpg,0.30346277356147766,0.3227904438972473,0.019327670335769653,8.095290444791317,0.6917988657951355
859,/mnt/c/Users/Chirayu/Documents/GitHub/2D-to-3D-image-reconstruction/facescape_224/fsmview_trainset_15_14_sadness_42.jpg,0.3133234977722168,0.3236501216888428,0.010326623916625977,8.527878396213055,0.7507303953170776
77,/mnt/c/Users/Chirayu/Documents/GitHub/2D-to-3D-image-reconstruction/facescape_224/fsmview_trainset_5_10_dimpler_39.jpg,0.266986221075058,0.3259594738483429,0.05897325277328491,7.89126537181437,0.7090161442756653
586,/mnt/c/Users/Chirayu/Documents/GitHub/2D-to-3D-image-reconstruction/facescape_224/fsmview_trainset_5_18_eye_closed_3.jpg,0.3179404139518738,0.3276366889476776,0.009696274995803833,7.868533618748188,0.6756633520126343
592,/mnt/c/Users/Chirayu/Documents/GitHub/2D-to-3D-image-reconstruction/facescape_224/fsmview_trainset_9_12_lip_puckerer_22.jpg,0.2884046137332916,0.33549296855926514,0.04708835482597351,6.85688316822052,0.6515530347824097
70,/mnt/c/Users/Chirayu/Documents/GitHub/2D-to-3D-image-reconstruction/facescape_224/fsmview_trainset_14_10_dimpler_6.jpg,0.23120488226413727,0.3355672359466553,0.104362353682518,8.287837069481611,0.7695392370223999
478,/mnt/c/Users/Chirayu/Documents/GitHub/2D-to-3D-image-reconstruction/facescape_224/fsmview_trainset_17_12_lip_puckerer_54.jpg,0.35013657808303833,0.3363107740879059,-0.013825803995132446,7.861941397190094,0.6866510510444641
99,/mnt/c/Users/Chirayu/Documents/GitHub/2D-to-3D-image-reconstruction/facescape_224/fsmview_trainset_7_2_smile_11.jpg,0.3024718463420868,0.3397562801837921,0.03728443384170532,6.678213410079479,0.6597930788993835
419,/mnt/c/Users/Chirayu/Documents/GitHub/2D-to-3D-image-reconstruction/facescape_224/fsmview_trainset_11_12_lip_puckerer_52.jpg,0.45650714635849,0.34433162212371826,-0.11217552423477173,7.3639358170330524,0.6735610365867615
223,/mnt/c/Users/Chirayu/Documents/GitHub/2D-to-3D-image-reconstruction/facescape_224/fsmview_trainset_15_14_sadness_29.jpg,0.26679089665412903,0.34434157609939575,0.07755067944526672,7.812467440962791,0.6527377963066101
399,/mnt/c/Users/Chirayu/Documents/GitHub/2D-to-3D-image-reconstruction/facescape_224/fsmview_trainset_11_18_eye_closed_21.jpg,0.27426600456237793,0.34435710310935974,0.07009109854698181,8.125617522746325,0.6872708797454834
872,/mnt/c/Users/Chirayu/Documents/GitHub/2D-to-3D-image-reconstruction/facescape_224/fsmview_trainset_16_14_sadness_17.jpg,0.03686206042766571,0.3506720960140228,0.3138100355863571,13.775125375017524,1.1932419538497925
910,/mnt/c/Users/Chirayu/Documents/GitHub/2D-to-3D-image-reconstruction/facescape_224/fsmview_trainset_2_3_mouth_stretch_36.jpg,0.33563485741615295,0.3531675636768341,0.017532706260681152,6.966108869761229,0.5967923402786255
108,/mnt/c/Users/Chirayu/Documents/GitHub/2D-to-3D-image-reconstruction/facescape_224/fsmview_trainset_14_14_sadness_62.jpg,0.36823776364326477,0.35721999406814575,-0.011017769575119019,7.2614278011024,0.6042242646217346
303,/mnt/c/Users/Chirayu/Documents/GitHub/2D-to-3D-image-reconstruction/facescape_224/fsmview_trainset_6_2_smile_0.jpg,0.38046202063560486,0.3588898479938507,-0.02157217264175415,6.424327455461025,0.6267162561416626
445,/mnt/c/Users/Chirayu/Documents/GitHub/2D-to-3D-image-reconstruction/facescape_224/fsmview_trainset_18_14_sadness_30.jpg,0.168918639421463,0.3655098080635071,0.19659116864204407,14.714553652796894,1.3249861001968384
919,/mnt/c/Users/Chirayu/Documents/GitHub/2D-to-3D-image-reconstruction/facescape_224/fsmview_trainset_13_1_neutral_18.jpg,0.33932673931121826,0.36594656109809875,0.026619821786880493,7.395060762763023,0.6383744478225708
369,/mnt/c/Users/Chirayu/Documents/GitHub/2D-to-3D-image-reconstruction/facescape_224/fsmview_trainset_6_7_jaw_forward_22.jpg,0.3425358533859253,0.36928972601890564,0.026753872632980347,6.619860358536243,0.5850773453712463
237,/mnt/c/Users/Chirayu/Documents/GitHub/2D-to-3D-image-reconstruction/facescape_224/fsmview_trainset_14_11_chin_raiser_62.jpg,0.3821212351322174,0.3715934157371521,-0.010527819395065308,7.607890080660582,0.6347190141677856
145,/mnt/c/Users/Chirayu/Documents/GitHub/2D-to-3D-image-reconstruction/facescape_224/fsmview_trainset_8_16_grin_49.jpg,0.388746052980423,0.37543919682502747,-0.013306856155395508,7.176077164709568,0.6595531105995178
161,/mnt/c/Users/Chirayu/Documents/GitHub/2D-to-3D-image-reconstruction/facescape_224/fsmview_trainset_5_15_lip_roll_3.jpg,0.37883031368255615,0.38205960392951965,0.003229290246963501,7.1475028321146965,0.6270372867584229
221,/mnt/c/Users/Chirayu/Documents/GitHub/2D-to-3D-image-reconstruction/facescape_224/fsmview_trainset_5_19_brow_raiser_23.jpg,0.029430147260427475,0.3987709581851959,0.36934081092476845,13.994942001532763,1.3228759765625
557,/mnt/c/Users/Chirayu/Documents/GitHub/2D-to-3D-image-reconstruction/facescape_224/fsmview_trainset_1_18_eye_closed_19.jpg,0.43123939633369446,0.4057965576648712,-0.025442838668823242,6.45616065338254,0.6050466895103455
548,/mnt/c/Users/Chirayu/Documents/GitHub/2D-to-3D-image-reconstruction/facescape_224/fsmview_trainset_5_8_mouth_left_12.jpg,0.38781800866127014,0.410249799489975,0.022431790828704834,7.370223518460989,0.617552638053894
87,/mnt/c/Users/Chirayu/Documents/GitHub/2D-to-3D-image-reconstruction/facescape_224/fsmview_trainset_20_7_jaw_forward_4.jpg,0.5262647867202759,0.4150649905204773,-0.11119979619979858,7.619860561564565,0.6838870644569397
775,/mnt/c/Users/Chirayu/Documents/GitHub/2D-to-3D-image-reconstruction/facescape_224/fsmview_trainset_12_8_mouth_left_25.jpg,0.032188914716243744,0.4164765775203705,0.38428766280412674,14.212193162646145,1.226193904876709
270,/mnt/c/Users/Chirayu/Documents/GitHub/2D-to-3D-image-reconstruction/facescape_224/fsmview_trainset_20_20_brow_lower_50.jpg,0.5081068873405457,0.41709116101264954,-0.09101572632789612,6.740450628101826,0.6159560680389404
124,/mnt/c/Users/Chirayu/Documents/GitHub/2D-to-3D-image-reconstruction/facescape_224/fsmview_trainset_19_18_eye_closed_49.jpg,0.4542481303215027,0.41880229115486145,-0.035445839166641235,7.787940192967653,0.6935428977012634
68,/mnt/c/Users/Chirayu/Documents/GitHub/2D-to-3D-image-reconstruction/facescape_224/fsmview_trainset_8_7_jaw_forward_33.jpg,0.03344357758760452,0.420582115650177,0.3871385380625725,14.163695078808814,1.2162303924560547
522,/mnt/c/Users/Chirayu/Documents/GitHub/2D-to-3D-image-reconstruction/facescape_224/fsmview_trainset_20_6_jaw_right_6.jpg,0.4004727005958557,0.42239436507225037,0.021921664476394653,6.872158685699105,0.6786798238754272
561,/mnt/c/Users/Chirayu/Documents/GitHub/2D-to-3D-image-reconstruction/facescape_224/fsmview_trainset_14_1_neutral_53.jpg,0.37510058283805847,0.42485326528549194,0.04975268244743347,7.658397309482098,0.6767767071723938
900,/mnt/c/Users/Chirayu/Documents/GitHub/2D-to-3D-image-reconstruction/facescape_224/fsmview_trainset_20_14_sadness_6.jpg,0.48474058508872986,0.42893102765083313,-0.05580955743789673,6.164341226220131,0.6580916047096252
382,/mnt/c/Users/Chirayu/Documents/GitHub/2D-to-3D-image-reconstruction/facescape_224/fsmview_trainset_1_4_anger_20.jpg,0.041239649057388306,0.4383469223976135,0.3971072733402252,14.33935915865004,1.2511323690414429
585,/mnt/c/Users/Chirayu/Documents/GitHub/2D-to-3D-image-reconstruction/facescape_224/fsmview_trainset_12_13_lip_funneler_5.jpg,0.43426182866096497,0.4407520294189453,0.006490200757980347,6.645920425653458,0.6422082781791687
908,/mnt/c/Users/Chirayu/Documents/GitHub/2D-to-3D-image-reconstruction/facescape_224/fsmview_trainset_14_2_smile_61.jpg,0.44953930377960205,0.44778019189834595,-0.0017591118812561035,7.5294609516859055,0.6053528785705566
427,/mnt/c/Users/Chirayu/Documents/GitHub/2D-to-3D-image-reconstruction/facescape_224/fsmview_trainset_20_17_cheek_blowing_3.jpg,0.5460375547409058,0.447926789522171,-0.09811076521873474,7.131411649286747,0.7108476161956787
341,/mnt/c/Users/Chirayu/Documents/GitHub/2D-to-3D-image-reconstruction/facescape_224/fsmview_trainset_11_11_chin_raiser_8.jpg,0.4442073106765747,0.4558273255825043,0.011620014905929565,6.766898367553949,0.6048986911773682
134,/mnt/c/Users/Chirayu/Documents/GitHub/2D-to-3D-image-reconstruction/facescape_224/fsmview_trainset_12_13_lip_funneler_10.jpg,0.4880739748477936,0.45771324634552,-0.03036072850227356,6.716394182294607,0.632124125957489
607,/mnt/c/Users/Chirayu/Documents/GitHub/2D-to-3D-image-reconstruction/facescape_224/fsmview_trainset_14_20_brow_lower_64.jpg,0.46803951263427734,0.4584265947341919,-0.00961291790008545,7.030029334127903,0.6128470301628113
644,/mnt/c/Users/Chirayu/Documents/GitHub/2D-to-3D-image-reconstruction/facescape_224/fsmview_trainset_2_14_sadness_46.jpg,0.43321695923805237,0.4592474400997162,0.02603048086166382,6.515482868999243,0.5992483496665955
675,/mnt/c/Users/Chirayu/Documents/GitHub/2D-to-3D-image-reconstruction/facescape_224/fsmview_trainset_14_12_lip_puckerer_5.jpg,0.5328964591026306,0.4602576494216919,-0.07263880968093872,7.583956062793732,0.641555905342102
338,/mnt/c/Users/Chirayu/Documents/GitHub/2D-to-3D-image-reconstruction/facescape_224/fsmview_trainset_11_15_lip_roll_64.jpg,0.42368558049201965,0.46224650740623474,0.03856092691421509,8.125103153288364,0.6779511570930481
348,/mnt/c/Users/Chirayu/Documents/GitHub/2D-to-3D-image-reconstruction/facescape_224/fsmview_trainset_15_14_sadness_66.jpg,0.38600268959999084,0.4655756652355194,0.07957297563552856,9.737968377768993,0.8216277956962585
826,/mnt/c/Users/Chirayu/Documents/GitHub/2D-to-3D-image-reconstruction/facescape_224/fsmview_trainset_11_5_jaw_left_62.jpg,0.47008273005485535,0.4677712619304657,-0.0023114681243896484,8.219033120200038,0.7708318829536438
672,/mnt/c/Users/Chirayu/Documents/GitHub/2D-to-3D-image-reconstruction/facescape_224/fsmview_trainset_19_8_mouth_left_27.jpg,0.5295551419258118,0.4741936922073364,-0.05536144971847534,8.024014249444008,0.7069883942604065
926,/mnt/c/Users/Chirayu/Documents/GitHub/2D-to-3D-image-reconstruction/facescape_224/fsmview_trainset_2_16_grin_50.jpg,0.43969765305519104,0.4785396456718445,0.03884199261665344,7.1000946164131165,0.6525227427482605
742,/mnt/c/Users/Chirayu/Documents/GitHub/2D-to-3D-image-reconstruction/facescape_224/fsmview_trainset_2_9_mouth_right_49.jpg,0.5059909820556641,0.48975563049316406,-0.0162353515625,6.784773726016283,0.5993443131446838
981,/mnt/c/Users/Chirayu/Documents/GitHub/2D-to-3D-image-reconstruction/facescape_224/fsmview_trainset_11_13_lip_funneler_3.jpg,0.49695098400115967,0.49540311098098755,-0.0015478730201721191,8.165118884295225,0.7217105031013489
819,/mnt/c/Users/Chirayu/Documents/GitHub/2D-to-3D-image-reconstruction/facescape_224/fsmview_trainset_12_13_lip_funneler_26.jpg,0.5272219181060791,0.49786052107810974,-0.02936139702796936,7.654566023498774,0.6933470964431763
845,/mnt/c/Users/Chirayu/Documents/GitHub/2D-to-3D-image-reconstruction/facescape_224/fsmview_trainset_2_4_anger_44.jpg,0.5318897366523743,0.5098708868026733,-0.022018849849700928,7.111718751490116,0.6447188854217529
702,/mnt/c/Users/Chirayu/Documents/GitHub/2D-to-3D-image-reconstruction/facescape_224/fsmview_trainset_3_18_eye_closed_43.jpg,0.63646399974823,0.5119175910949707,-0.12454640865325928,6.560212388634682,0.6227956414222717
244,/mnt/c/Users/Chirayu/Documents/GitHub/2D-to-3D-image-reconstruction/facescape_224/fsmview_trainset_17_6_jaw_right_50.jpg,0.5581784248352051,0.5120375156402588,-0.04614090919494629,8.12754486873746,0.6739228963851929
276,/mnt/c/Users/Chirayu/Documents/GitHub/2D-to-3D-image-reconstruction/facescape_224/fsmview_trainset_11_10_dimpler_51.jpg,0.5274798274040222,0.5140435695648193,-0.01343625783920288,6.529130607843399,0.6814174652099609
980,/mnt/c/Users/Chirayu/Documents/GitHub/2D-to-3D-image-reconstruction/facescape_224/fsmview_trainset_19_16_grin_39.jpg,0.544751763343811,0.5180386304855347,-0.026713132858276367,7.361332952976227,0.6960877180099487
207,/mnt/c/Users/Chirayu/Documents/GitHub/2D-to-3D-image-reconstruction/facescape_224/fsmview_trainset_13_8_mouth_left_24.jpg,0.5191347599029541,0.5209559202194214,0.0018211603164672852,7.063482826575637,0.60600745677948
923,/mnt/c/Users/Chirayu/Documents/GitHub/2D-to-3D-image-reconstruction/facescape_224/fsmview_trainset_11_16_grin_61.jpg,0.5364330410957336,0.5230072140693665,-0.013425827026367188,7.209869764745235,0.6520224809646606
898,/mnt/c/Users/Chirayu/Documents/GitHub/2D-to-3D-image-reconstruction/facescape_224/fsmview_trainset_3_18_eye_closed_53.jpg,0.6607928276062012,0.5255979299545288,-0.13519489765167236,8.03306582942605,0.6819669008255005
654,/mnt/c/Users/Chirayu/Documents/GitHub/2D-to-3D-image-reconstruction/facescape_224/fsmview_trainset_3_9_mouth_right_17.jpg,0.03321531042456627,0.5325573086738586,0.4993419982492924,16.008701583836228,1.3987420797348022
331,/mnt/c/Users/Chirayu/Documents/GitHub/2D-to-3D-image-reconstruction/facescape_224/fsmview_trainset_6_1_neutral_33.jpg,0.04296937957406044,0.5354525446891785,0.492483165115118,13.902345141395926,1.3503422737121582
724,/mnt/c/Users/Chirayu/Documents/GitHub/2D-to-3D-image-reconstruction/facescape_224/fsmview_trainset_14_15_lip_roll_34.jpg,0.06585130840539932,0.5485446453094482,0.4826933369040489,16.329905532766134,1.5246330499649048
942,/mnt/c/Users/Chirayu/Documents/GitHub/2D-to-3D-image-reconstruction/facescape_224/fsmview_trainset_20_13_lip_funneler_52.jpg,0.5359939336776733,0.5512485504150391,0.015254616737365723,7.203728575259447,0.6436243653297424
817,/mnt/c/Users/Chirayu/Documents/GitHub/2D-to-3D-image-reconstruction/facescape_224/fsmview_trainset_19_4_anger_44.jpg,0.6583307981491089,0.5517905354499817,-0.1065402626991272,7.6958267390728,0.7167662382125854
22,/mnt/c/Users/Chirayu/Documents/GitHub/2D-to-3D-image-reconstruction/facescape_224/fsmview_trainset_19_10_dimpler_38.jpg,0.5948737859725952,0.5681943893432617,-0.026679396629333496,7.4773720651865005,0.6990411877632141
132,/mnt/c/Users/Chirayu/Documents/GitHub/2D-to-3D-image-reconstruction/facescape_224/fsmview_trainset_14_4_anger_8.jpg,0.476283460855484,0.5770085453987122,0.10072508454322815,8.529723213985562,0.7438124418258667
598,/mnt/c/Users/Chirayu/Documents/GitHub/2D-to-3D-image-reconstruction/facescape_224/fsmview_trainset_19_5_jaw_left_27.jpg,0.6685737371444702,0.5809769630432129,-0.08759677410125732,8.172596745193005,0.7045212984085083
577,/mnt/c/Users/Chirayu/Documents/GitHub/2D-to-3D-image-reconstruction/facescape_224/fsmview_trainset_12_15_lip_roll_36.jpg,0.04253234341740608,0.5971290469169617,0.5545967034995556,17.110850032418966,1.5458663702011108
71,/mnt/c/Users/Chirayu/Documents/GitHub/2D-to-3D-image-reconstruction/facescape_224/fsmview_trainset_3_10_dimpler_58.jpg,0.6393051147460938,0.6074028611183167,-0.0319022536277771,6.9405555836856365,0.6745843291282654
964,/mnt/c/Users/Chirayu/Documents/GitHub/2D-to-3D-image-reconstruction/facescape_224/fsmview_trainset_5_14_sadness_59.jpg,0.5959610939025879,0.6096453666687012,0.013684272766113281,7.089200165122747,0.6622909307479858
7,/mnt/c/Users/Chirayu/Documents/GitHub/2D-to-3D-image-reconstruction/facescape_224/fsmview_trainset_19_15_lip_roll_49.jpg,0.741344690322876,0.6344484686851501,-0.10689622163772583,8.446176424622536,0.7142875790596008
138,/mnt/c/Users/Chirayu/Documents/GitHub/2D-to-3D-image-reconstruction/facescape_224/fsmview_trainset_9_9_mouth_right_57.jpg,0.6390144228935242,0.6439709067344666,0.004956483840942383,6.676551692187786,0.626181960105896
460,/mnt/c/Users/Chirayu/Documents/GitHub/2D-to-3D-image-reconstruction/facescape_224/fsmview_trainset_2_3_mouth_stretch_22.jpg,0.8298965096473694,0.6445283889770508,-0.1853681206703186,7.385402591899037,0.6657931208610535
579,/mnt/c/Users/Chirayu/Documents/GitHub/2D-to-3D-image-reconstruction/facescape_224/fsmview_trainset_20_13_lip_funneler_59.jpg,0.6706752777099609,0.6549013257026672,-0.0157739520072937,7.582692127674818,0.6772322058677673
512,/mnt/c/Users/Chirayu/Documents/GitHub/2D-to-3D-image-reconstruction/facescape_224/fsmview_trainset_12_6_jaw_right_25.jpg,0.8033983707427979,0.6718211770057678,-0.13157719373703003,8.118767231702805,0.762976348400116
481,/mnt/c/Users/Chirayu/Documents/GitHub/2D-to-3D-image-reconstruction/facescape_224/fsmview_trainset_11_15_lip_roll_60.jpg,0.65162593126297,0.6739170551300049,0.022291123867034912,7.9827757105231285,0.690163791179657
201,/mnt/c/Users/Chirayu/Documents/GitHub/2D-to-3D-image-reconstruction/facescape_224/fsmview_trainset_5_9_mouth_right_55.jpg,0.6224644780158997,0.6743447780609131,0.05188030004501343,8.43224610388279,0.7166478633880615
430,/mnt/c/Users/Chirayu/Documents/GitHub/2D-to-3D-image-reconstruction/facescape_224/fsmview_trainset_17_11_chin_raiser_46.jpg,0.6765573024749756,0.6744844913482666,-0.0020728111267089844,7.653194036334753,0.6379437446594238
523,/mnt/c/Users/Chirayu/Documents/GitHub/2D-to-3D-image-reconstruction/facescape_224/fsmview_trainset_19_17_cheek_blowing_27.jpg,0.7868802547454834,0.6806336641311646,-0.10624659061431885,8.342732993885875,0.7619245648384094
391,/mnt/c/Users/Chirayu/Documents/GitHub/2D-to-3D-image-reconstruction/facescape_224/fsmview_trainset_6_16_grin_23.jpg,0.04190801829099655,0.6883066892623901,0.6463986709713936,17.486992694903165,1.60943603515625
763,/mnt/c/Users/Chirayu/Documents/GitHub/2D-to-3D-image-reconstruction/facescape_224/fsmview_trainset_2_5_jaw_left_57.jpg,0.671489953994751,0.688334047794342,0.016844093799591064,7.21493892557919,0.6274012327194214
120,/mnt/c/Users/Chirayu/Documents/GitHub/2D-to-3D-image-reconstruction/facescape_224/fsmview_trainset_13_8_mouth_left_57.jpg,0.6640828251838684,0.6985040307044983,0.03442120552062988,6.080526391044259,0.6335386633872986
336,/mnt/c/Users/Chirayu/Documents/GitHub/2D-to-3D-image-reconstruction/facescape_224/fsmview_trainset_11_14_sadness_6.jpg,0.6952331066131592,0.7038889527320862,0.008655846118927002,8.036410266533494,0.6748444437980652
248,/mnt/c/Users/Chirayu/Documents/GitHub/2D-to-3D-image-reconstruction/facescape_224/fsmview_trainset_20_4_anger_1.jpg,0.696307897567749,0.7085999846458435,0.012292087078094482,5.802247803658247,0.608122706413269
96,/mnt/c/Users/Chirayu/Documents/GitHub/2D-to-3D-image-reconstruction/facescape_224/fsmview_trainset_14_5_jaw_left_49.jpg,0.7591486573219299,0.7093700170516968,-0.049778640270233154,7.288885280489922,0.6957250237464905
249,/mnt/c/Users/Chirayu/Documents/GitHub/2D-to-3D-image-reconstruction/facescape_224/fsmview_trainset_5_4_anger_58.jpg,0.6421613097190857,0.721051037311554,0.07888972759246826,6.7257054559886456,0.598429262638092
31,/mnt/c/Users/Chirayu/Documents/GitHub/2D-to-3D-image-reconstruction/facescape_224/fsmview_trainset_5_5_jaw_left_58.jpg,0.6691990494728088,0.7377203702926636,0.06852132081985474,7.089895810931921,0.6944440007209778
705,/mnt/c/Users/Chirayu/Documents/GitHub/2D-to-3D-image-reconstruction/facescape_224/fsmview_trainset_11_19_brow_raiser_29.jpg,0.19984760880470276,0.7437549233436584,0.5439073145389557,20.539802849758416,1.9427685737609863
623,/mnt/c/Users/Chirayu/Documents/GitHub/2D-to-3D-image-reconstruction/facescape_224/fsmview_trainset_12_15_lip_roll_20.jpg,0.8452936410903931,0.7461807727813721,-0.099112868309021,7.61784191429615,0.6777242422103882
80,/mnt/c/Users/Chirayu/Documents/GitHub/2D-to-3D-image-reconstruction/facescape_224/fsmview_trainset_11_18_eye_closed_51.jpg,0.7994428277015686,0.7500491738319397,-0.049393653869628906,7.67399400472641,0.6649722456932068
674,/mnt/c/Users/Chirayu/Documents/GitHub/2D-to-3D-image-reconstruction/facescape_224/fsmview_trainset_17_3_mouth_stretch_56.jpg,0.7421222925186157,0.7588114738464355,0.016689181327819824,7.0274629928171635,0.6051037311553955
647,/mnt/c/Users/Chirayu/Documents/GitHub/2D-to-3D-image-reconstruction/facescape_224/fsmview_trainset_2_2_smile_41.jpg,0.8138033747673035,0.761526882648468,-0.05227649211883545,7.85113719291985,0.7179334163665771
486,/mnt/c/Users/Chirayu/Documents/GitHub/2D-to-3D-image-reconstruction/facescape_224/fsmview_trainset_14_2_smile_49.jpg,0.8261212706565857,0.7723195552825928,-0.05380171537399292,8.08136723190546,0.6761659383773804
182,/mnt/c/Users/Chirayu/Documents/GitHub/2D-to-3D-image-reconstruction/facescape_224/fsmview_trainset_11_2_smile_48.jpg,0.8802248239517212,0.778091311454773,-0.10213351249694824,7.633209250867367,0.6827474236488342
422,/mnt/c/Users/Chirayu/Documents/GitHub/2D-to-3D-image-reconstruction/facescape_224/fsmview_trainset_1_12_lip_puckerer_55.jpg,0.0953649953007698,0.7866016030311584,0.6912366077303886,20.714758899062872,1.986799716949463
213,/mnt/c/Users/Chirayu/Documents/GitHub/2D-to-3D-image-reconstruction/facescape_224/fsmview_trainset_9_14_sadness_43.jpg,0.8570298552513123,0.8016267418861389,-0.05540311336517334,7.546710150316358,0.6748195290565491
189,/mnt/c/Users/Chirayu/Documents/GitHub/2D-to-3D-image-reconstruction/facescape_224/fsmview_trainset_13_7_jaw_forward_34.jpg,0.8457934260368347,0.8170090913772583,-0.028784334659576416,6.783933397382498,0.6698561310768127
537,/mnt/c/Users/Chirayu/Documents/GitHub/2D-to-3D-image-reconstruction/facescape_224/fsmview_trainset_11_8_mouth_left_45.jpg,0.8194015622138977,0.8195850253105164,0.00018346309661865234,7.845159113407135,0.6552181839942932
106,/mnt/c/Users/Chirayu/Documents/GitHub/2D-to-3D-image-reconstruction/facescape_224/fsmview_trainset_11_19_brow_raiser_61.jpg,0.8130314946174622,0.8334808349609375,0.020449340343475342,7.898919232189655,0.6618866920471191
374,/mnt/c/Users/Chirayu/Documents/GitHub/2D-to-3D-image-reconstruction/facescape_224/fsmview_trainset_11_9_mouth_right_48.jpg,0.7548591494560242,0.8384303450584412,0.08357119560241699,7.60700336098671,0.7207997441291809
285,/mnt/c/Users/Chirayu/Documents/GitHub/2D-to-3D-image-reconstruction/facescape_224/fsmview_trainset_11_3_mouth_stretch_62.jpg,0.8332450985908508,0.8462597131729126,0.013014614582061768,7.875986512750387,0.6842648386955261
860,/mnt/c/Users/Chirayu/Documents/GitHub/2D-to-3D-image-reconstruction/facescape_224/fsmview_trainset_17_1_neutral_58.jpg,0.8588902950286865,0.8556495308876038,-0.0032407641410827637,6.529484950006008,0.6631066799163818
903,/mnt/c/Users/Chirayu/Documents/GitHub/2D-to-3D-image-reconstruction/facescape_224/fsmview_trainset_2_16_grin_45.jpg,1.0207380056381226,0.8557549715042114,-0.16498303413391113,6.395630985498428,0.5853179097175598
231,/mnt/c/Users/Chirayu/Documents/GitHub/2D-to-3D-image-reconstruction/facescape_224/fsmview_trainset_19_3_mouth_stretch_15.jpg,0.8687865734100342,0.8677595853805542,-0.0010269880294799805,6.900716625154018,0.5870555639266968
421,/mnt/c/Users/Chirayu/Documents/GitHub/2D-to-3D-image-reconstruction/facescape_224/fsmview_trainset_14_17_cheek_blowing_66.jpg,0.8644909858703613,0.8713127970695496,0.006821811199188232,7.5848498567938805,0.6726590991020203
890,/mnt/c/Users/Chirayu/Documents/GitHub/2D-to-3D-image-reconstruction/facescape_224/fsmview_trainset_11_5_jaw_left_48.jpg,1.0169916152954102,0.896130383014679,-0.1208612322807312,8.137239798903465,0.7013728618621826
885,/mnt/c/Users/Chirayu/Documents/GitHub/2D-to-3D-image-reconstruction/facescape_224/fsmview_trainset_3_5_jaw_left_8.jpg,0.0422791913151741,0.9046514630317688,0.8623722717165947,21.42040283419192,2.0041041374206543
284,/mnt/c/Users/Chirayu/Documents/GitHub/2D-to-3D-image-reconstruction/facescape_224/fsmview_trainset_12_14_sadness_28.jpg,0.9752044677734375,0.9308250546455383,-0.04437941312789917,8.67418947443366,0.7039151191711426
629,/mnt/c/Users/Chirayu/Documents/GitHub/2D-to-3D-image-reconstruction/facescape_224/fsmview_trainset_20_8_mouth_left_7.jpg,0.9829737544059753,0.9782169461250305,-0.004756808280944824,7.318115945905447,0.6894121170043945
409,/mnt/c/Users/Chirayu/Documents/GitHub/2D-to-3D-image-reconstruction/facescape_224/fsmview_trainset_16_19_brow_raiser_27.jpg,1.040842890739441,0.987329363822937,-0.053513526916503906,7.960643783211708,0.6944311261177063
452,/mnt/c/Users/Chirayu/Documents/GitHub/2D-to-3D-image-reconstruction/facescape_224/fsmview_trainset_6_7_jaw_forward_34.jpg,0.04338310658931732,1.0005087852478027,0.9571256786584854,18.955198604613543,1.8696167469024658
778,/mnt/c/Users/Chirayu/Documents/GitHub/2D-to-3D-image-reconstruction/facescape_224/fsmview_trainset_12_20_brow_lower_13.jpg,0.032175496220588684,1.0081697702407837,0.975994274020195,21.850964510813355,1.9742423295974731
364,/mnt/c/Users/Chirayu/Documents/GitHub/2D-to-3D-image-reconstruction/facescape_224/fsmview_trainset_20_3_mouth_stretch_7.jpg,1.0832632780075073,1.0324294567108154,-0.050833821296691895,6.2751986756920815,0.6121194958686829
822,/mnt/c/Users/Chirayu/Documents/GitHub/2D-to-3D-image-reconstruction/facescape_224/fsmview_trainset_13_15_lip_roll_2.jpg,1.147097110748291,1.1016578674316406,-0.04543924331665039,6.243611209094524,0.6514076590538025
833,/mnt/c/Users/Chirayu/Documents/GitHub/2D-to-3D-image-reconstruction/facescape_224/fsmview_trainset_16_3_mouth_stretch_1.jpg,0.02894490584731102,1.2451220750808716,1.2161771692335606,24.223122784867883,2.2016146183013916
36,/mnt/c/Users/Chirayu/Documents/GitHub/2D-to-3D-image-reconstruction/facescape_224/fsmview_trainset_11_16_grin_60.jpg,0.04121117293834686,1.693942666053772,1.652731493115425,28.661805137991905,2.733600616455078
728,/mnt/c/Users/Chirayu/Documents/GitHub/2D-to-3D-image-reconstruction/facescape_224/fsmview_trainset_14_16_grin_25.jpg,0.037660639733076096,1.708818793296814,1.6711581535637379,28.749790456146002,2.7784252166748047
502,/mnt/c/Users/Chirayu/Documents/GitHub/2D-to-3D-image-reconstruction/facescape_224/fsmview_trainset_4_5_jaw_left_25.jpg,0.037032369524240494,1.7169288396835327,1.6798964701592922,28.94789682328701,2.7511820793151855
325,/mnt/c/Users/Chirayu/Documents/GitHub/2D-to-3D-image-reconstruction/facescape_224/fsmview_trainset_1_6_jaw_right_50.jpg,0.041460178792476654,1.7847803831100464,1.7433202043175697,24.896819174289703,2.7945263385772705
530,/mnt/c/Users/Chirayu/Documents/GitHub/2D-to-3D-image-reconstruction/facescape_224/fsmview_trainset_8_17_cheek_blowing_33.jpg,0.030403021723031998,1.8125776052474976,1.7821745835244656,29.88969450816512,2.925363063812256
694,/mnt/c/Users/Chirayu/Documents/GitHub/2D-to-3D-image-reconstruction/facescape_224/fsmview_trainset_5_20_brow_lower_34.jpg,0.04809993505477905,1.8954495191574097,1.8473495841026306,26.78679333999753,2.9567854404449463
