idx,image_path,baseline_lmk_err,finetuned_lmk_err,lmk_err_delta_ft_minus_base,finetuned_cam_score,finetuned_lmk_abs_max
667,/mnt/c/Users/Chirayu/Documents/GitHub/2D-to-3D-image-reconstruction/facescape_224/fsmview_trainset_15_15_lip_roll_25.jpg,0.02746029756963253,0.027575360611081123,0.00011506304144859314,7.0849356055259705,0.5812487006187439
1345,/mnt/c/Users/Chirayu/Documents/GitHub/2D-to-3D-image-reconstruction/facescape_224/fsmview_trainset_5_9_mouth_right_21.jpg,0.027558716014027596,0.027743468061089516,0.00018475204706192017,7.221888776868582,0.6186199188232422
703,/mnt/c/Users/Chirayu/Documents/GitHub/2D-to-3D-image-reconstruction/facescape_224/fsmview_trainset_18_14_sadness_1.jpg,0.02839384414255619,0.028823252767324448,0.00042940862476825714,8.077549703419209,0.6625261902809143
1213,/mnt/c/Users/Chirayu/Documents/GitHub/2D-to-3D-image-reconstruction/facescape_224/fsmview_trainset_7_20_brow_lower_17.jpg,0.029106147587299347,0.028885558247566223,-0.00022058933973312378,7.715904334560037,0.6443814039230347
1920,/mnt/c/Users/Chirayu/Documents/GitHub/2D-to-3D-image-reconstruction/facescape_224/fsmview_trainset_7_20_brow_lower_16.jpg,0.02627198025584221,0.02889932692050934,0.0026273466646671295,8.073941387236118,0.6800538897514343
1672,/mnt/c/Users/Chirayu/Documents/GitHub/2D-to-3D-image-reconstruction/facescape_224/fsmview_trainset_10_11_chin_raiser_1.jpg,0.028561906889081,0.028963426128029823,0.000401519238948822,7.798247314989567,0.6474553346633911
1296,/mnt/c/Users/Chirayu/Documents/GitHub/2D-to-3D-image-reconstruction/facescape_224/fsmview_trainset_8_19_brow_raiser_43.jpg,0.029556691646575928,0.02922883816063404,-0.0003278534859418869,7.498288810253143,0.6141188144683838
1667,/mnt/c/Users/Chirayu/Documents/GitHub/2D-to-3D-image-reconstruction/facescape_224/fsmview_trainset_3_11_chin_raiser_17.jpg,0.03018113411962986,0.02941257134079933,-0.0007685627788305283,8.006648052483797,0.683215320110321
543,/mnt/c/Users/Chirayu/Documents/GitHub/2D-to-3D-image-reconstruction/facescape_224/fsmview_trainset_20_4_anger_23.jpg,0.029775219038128853,0.02942398376762867,-0.0003512352705001831,7.443810995668173,0.5985243916511536
1990,/mnt/c/Users/Chirayu/Documents/GitHub/2D-to-3D-image-reconstruction/facescape_224/fsmview_trainset_8_20_brow_lower_24.jpg,0.028845634311437607,0.029430702328681946,0.000585068017244339,7.91009805444628,0.6680349707603455
1537,/mnt/c/Users/Chirayu/Documents/GitHub/2D-to-3D-image-reconstruction/facescape_224/fsmview_trainset_10_20_brow_lower_43.jpg,0.027466436848044395,0.029789023101329803,0.002322586253285408,7.491013918071985,0.6248037219047546
1521,/mnt/c/Users/Chirayu/Documents/GitHub/2D-to-3D-image-reconstruction/facescape_224/fsmview_trainset_3_14_sadness_10.jpg,0.035649608820676804,0.02993037737905979,-0.005719231441617012,8.2663654088974,0.7172433137893677
1791,/mnt/c/Users/Chirayu/Documents/GitHub/2D-to-3D-image-reconstruction/facescape_224/fsmview_trainset_10_14_sadness_43.jpg,0.027015559375286102,0.030088260769844055,0.003072701394557953,7.531830485910177,0.6257093548774719
32,/mnt/c/Users/Chirayu/Documents/GitHub/2D-to-3D-image-reconstruction/facescape_224/fsmview_trainset_4_17_cheek_blowing_43.jpg,0.028804944828152657,0.030107926577329636,0.001302981749176979,7.556159906089306,0.6243172883987427
1868,/mnt/c/Users/Chirayu/Documents/GitHub/2D-to-3D-image-reconstruction/facescape_224/fsmview_trainset_3_6_jaw_right_17.jpg,0.03052472695708275,0.030429963022470474,-9.476393461227417e-05,8.042893031612039,0.6826415061950684
322,/mnt/c/Users/Chirayu/Documents/GitHub/2D-to-3D-image-reconstruction/facescape_224/fsmview_trainset_18_14_sadness_43.jpg,0.03339618071913719,0.030935252085328102,-0.0024609286338090897,7.774723999202251,0.6477147340774536
1896,/mnt/c/Users/Chirayu/Documents/GitHub/2D-to-3D-image-reconstruction/facescape_224/fsmview_trainset_3_2_smile_17.jpg,0.02800566703081131,0.031099986284971237,0.0030943192541599274,7.934116372838616,0.6722086668014526
1828,/mnt/c/Users/Chirayu/Documents/GitHub/2D-to-3D-image-reconstruction/facescape_224/fsmview_trainset_7_14_sadness_14.jpg,0.029563454911112785,0.03119468316435814,0.0016312282532453537,8.266543919220567,0.6874493956565857
970,/mnt/c/Users/Chirayu/Documents/GitHub/2D-to-3D-image-reconstruction/facescape_224/fsmview_trainset_15_15_lip_roll_23.jpg,0.031209830194711685,0.03164505213499069,0.00043522194027900696,6.954578462988138,0.5575900673866272
1640,/mnt/c/Users/Chirayu/Documents/GitHub/2D-to-3D-image-reconstruction/facescape_224/fsmview_trainset_16_16_grin_1.jpg,0.028437435626983643,0.031691789627075195,0.0032543540000915527,7.734059786424041,0.6481422781944275
1393,/mnt/c/Users/Chirayu/Documents/GitHub/2D-to-3D-image-reconstruction/facescape_224/fsmview_trainset_8_13_lip_funneler_33.jpg,0.030368303880095482,0.031800612807273865,0.0014323089271783829,7.765953162685037,0.6758155226707458
1237,/mnt/c/Users/Chirayu/Documents/GitHub/2D-to-3D-image-reconstruction/facescape_224/fsmview_trainset_3_16_grin_16.jpg,0.030654339119791985,0.03205188736319542,0.0013975482434034348,7.842522414401174,0.6873354315757751
1341,/mnt/c/Users/Chirayu/Documents/GitHub/2D-to-3D-image-reconstruction/facescape_224/fsmview_trainset_15_6_jaw_right_25.jpg,0.032603342086076736,0.03213481977581978,-0.000468522310256958,7.313250780105591,0.6095578074455261
1144,/mnt/c/Users/Chirayu/Documents/GitHub/2D-to-3D-image-reconstruction/facescape_224/fsmview_trainset_14_2_smile_40.jpg,0.031484175473451614,0.03220352157950401,0.0007193461060523987,7.458355121314526,0.6384510397911072
895,/mnt/c/Users/Chirayu/Documents/GitHub/2D-to-3D-image-reconstruction/facescape_224/fsmview_trainset_20_10_dimpler_31.jpg,0.03400106355547905,0.032269202172756195,-0.0017318613827228546,7.6619294956326485,0.6473729014396667
633,/mnt/c/Users/Chirayu/Documents/GitHub/2D-to-3D-image-reconstruction/facescape_224/fsmview_trainset_7_9_mouth_right_10.jpg,0.030798625200986862,0.03239460662007332,0.0015959814190864563,7.641567587852478,0.640413224697113
117,/mnt/c/Users/Chirayu/Documents/GitHub/2D-to-3D-image-reconstruction/facescape_224/fsmview_trainset_8_14_sadness_24.jpg,0.03172753006219864,0.032464753836393356,0.0007372237741947174,7.67846006155014,0.6523593068122864
500,/mnt/c/Users/Chirayu/Documents/GitHub/2D-to-3D-image-reconstruction/facescape_224/fsmview_trainset_16_6_jaw_right_10.jpg,0.03114013560116291,0.03253429755568504,0.0013941619545221329,7.769131250679493,0.6545891165733337
606,/mnt/c/Users/Chirayu/Documents/GitHub/2D-to-3D-image-reconstruction/facescape_224/fsmview_trainset_12_14_sadness_38.jpg,0.03290758654475212,0.03263150900602341,-0.000276077538728714,8.454735852777958,0.7052196264266968
222,/mnt/c/Users/Chirayu/Documents/GitHub/2D-to-3D-image-reconstruction/facescape_224/fsmview_trainset_1_9_mouth_right_43.jpg,0.03371893987059593,0.03263724595308304,-0.0010816939175128937,7.672778323292732,0.6562203764915466
1956,/mnt/c/Users/Chirayu/Documents/GitHub/2D-to-3D-image-reconstruction/facescape_224/fsmview_trainset_6_18_eye_closed_21.jpg,0.029273509979248047,0.032694343477487564,0.003420833498239517,8.098454240709543,0.7057318687438965
1001,/mnt/c/Users/Chirayu/Documents/GitHub/2D-to-3D-image-reconstruction/facescape_224/fsmview_trainset_7_1_neutral_21.jpg,0.03358635678887367,0.032710228115320206,-0.0008761286735534668,7.958072591573,0.6649106740951538
1273,/mnt/c/Users/Chirayu/Documents/GitHub/2D-to-3D-image-reconstruction/facescape_224/fsmview_trainset_17_14_sadness_21.jpg,0.030764387920498848,0.03271200507879257,0.001947617158293724,8.074026312679052,0.6900482773780823
1861,/mnt/c/Users/Chirayu/Documents/GitHub/2D-to-3D-image-reconstruction/facescape_224/fsmview_trainset_18_9_mouth_right_1.jpg,0.03274017572402954,0.03281649202108383,7.631629705429077e-05,7.838201127946377,0.6348837614059448
1187,/mnt/c/Users/Chirayu/Documents/GitHub/2D-to-3D-image-reconstruction/facescape_224/fsmview_trainset_3_6_jaw_right_10.jpg,0.039159879088401794,0.03290458023548126,-0.006255298852920532,8.243692122399807,0.728258490562439
904,/mnt/c/Users/Chirayu/Documents/GitHub/2D-to-3D-image-reconstruction/facescape_224/fsmview_trainset_8_5_jaw_left_33.jpg,0.031111570075154305,0.032944995909929276,0.001833425834774971,7.849384032189846,0.6688733100891113
42,/mnt/c/Users/Chirayu/Documents/GitHub/2D-to-3D-image-reconstruction/facescape_224/fsmview_trainset_14_16_grin_63.jpg,0.036257024854421616,0.03295770287513733,-0.0032993219792842865,7.707229383289814,0.6877924203872681
665,/mnt/c/Users/Chirayu/Documents/GitHub/2D-to-3D-image-reconstruction/facescape_224/fsmview_trainset_20_1_neutral_21.jpg,0.034201730042696,0.03303053602576256,-0.0011711940169334412,7.6810378432273865,0.6344242095947266
1946,/mnt/c/Users/Chirayu/Documents/GitHub/2D-to-3D-image-reconstruction/facescape_224/fsmview_trainset_16_4_anger_56.jpg,0.030357079580426216,0.03309329226613045,0.0027362126857042313,7.704509783536196,0.6596491932868958
626,/mnt/c/Users/Chirayu/Documents/GitHub/2D-to-3D-image-reconstruction/facescape_224/fsmview_trainset_16_3_mouth_stretch_10.jpg,0.02886652573943138,0.03313933312892914,0.004272807389497757,7.168996214866638,0.637648344039917
290,/mnt/c/Users/Chirayu/Documents/GitHub/2D-to-3D-image-reconstruction/facescape_224/fsmview_trainset_3_20_brow_lower_19.jpg,0.03450653329491615,0.033622484654188156,-0.0008840486407279968,8.008635386824608,0.6774503588676453
948,/mnt/c/Users/Chirayu/Documents/GitHub/2D-to-3D-image-reconstruction/facescape_224/fsmview_trainset_20_8_mouth_left_27.jpg,0.031859152019023895,0.03373746946454048,0.0018783174455165863,7.789014216512442,0.656647801399231
1449,/mnt/c/Users/Chirayu/Documents/GitHub/2D-to-3D-image-reconstruction/facescape_224/fsmview_trainset_8_11_chin_raiser_1.jpg,0.030877485871315002,0.03391553834080696,0.0030380524694919586,7.934123158454895,0.6660905480384827
23,/mnt/c/Users/Chirayu/Documents/GitHub/2D-to-3D-image-reconstruction/facescape_224/fsmview_trainset_20_7_jaw_forward_31.jpg,0.03840101882815361,0.03394322469830513,-0.00445779412984848,7.810134936124086,0.6498435139656067
1357,/mnt/c/Users/Chirayu/Documents/GitHub/2D-to-3D-image-reconstruction/facescape_224/fsmview_trainset_16_8_mouth_left_34.jpg,0.03222418576478958,0.03399008885025978,0.0017659030854701996,8.085103454068303,0.6799049377441406
1305,/mnt/c/Users/Chirayu/Documents/GitHub/2D-to-3D-image-reconstruction/facescape_224/fsmview_trainset_14_20_brow_lower_23.jpg,0.033603377640247345,0.03399493917822838,0.0003915615379810333,7.351165529340506,0.6293454766273499
1875,/mnt/c/Users/Chirayu/Documents/GitHub/2D-to-3D-image-reconstruction/facescape_224/fsmview_trainset_2_12_lip_puckerer_21.jpg,0.03311053290963173,0.03407486900687218,0.000964336097240448,8.023916963487864,0.7280994057655334
1696,/mnt/c/Users/Chirayu/Documents/GitHub/2D-to-3D-image-reconstruction/facescape_224/fsmview_trainset_6_16_grin_28.jpg,0.0323912613093853,0.03416118770837784,0.0017699263989925385,7.785852242261171,0.6580241322517395
446,/mnt/c/Users/Chirayu/Documents/GitHub/2D-to-3D-image-reconstruction/facescape_224/fsmview_trainset_14_6_jaw_right_24.jpg,0.034545328468084335,0.034161634743213654,-0.00038369372487068176,7.075211538001895,0.6060783863067627
930,/mnt/c/Users/Chirayu/Documents/GitHub/2D-to-3D-image-reconstruction/facescape_224/fsmview_trainset_16_2_smile_56.jpg,0.028613988310098648,0.03434620052576065,0.0057322122156620026,7.837412733584642,0.6777451038360596
176,/mnt/c/Users/Chirayu/Documents/GitHub/2D-to-3D-image-reconstruction/facescape_224/fsmview_trainset_14_7_jaw_forward_22.jpg,0.033725254237651825,0.03438558802008629,0.0006603337824344635,6.854672523215413,0.6178601980209351
1585,/mnt/c/Users/Chirayu/Documents/GitHub/2D-to-3D-image-reconstruction/facescape_224/fsmview_trainset_7_10_dimpler_14.jpg,0.03443505987524986,0.034458160400390625,2.310052514076233e-05,8.252497218549252,0.6882615685462952
1545,/mnt/c/Users/Chirayu/Documents/GitHub/2D-to-3D-image-reconstruction/facescape_224/fsmview_trainset_6_1_neutral_20.jpg,0.031283069401979446,0.03447496145963669,0.003191892057657242,7.94707603007555,0.6858116984367371
1270,/mnt/c/Users/Chirayu/Documents/GitHub/2D-to-3D-image-reconstruction/facescape_224/fsmview_trainset_12_14_sadness_29.jpg,0.03279731422662735,0.03448057547211647,0.0016832612454891205,8.259166296571493,0.6794216632843018
1154,/mnt/c/Users/Chirayu/Documents/GitHub/2D-to-3D-image-reconstruction/facescape_224/fsmview_trainset_19_17_cheek_blowing_43.jpg,0.03305806219577789,0.03450001776218414,0.00144195556640625,7.869773807004094,0.6473073959350586
532,/mnt/c/Users/Chirayu/Documents/GitHub/2D-to-3D-image-reconstruction/facescape_224/fsmview_trainset_18_20_brow_lower_24.jpg,0.03499410301446915,0.034510817378759384,-0.0004832856357097626,8.227274464443326,0.7043607234954834
1568,/mnt/c/Users/Chirayu/Documents/GitHub/2D-to-3D-image-reconstruction/facescape_224/fsmview_trainset_4_4_anger_23.jpg,0.035875532776117325,0.034531041979789734,-0.001344490796327591,8.340317336842418,0.6789366602897644
811,/mnt/c/Users/Chirayu/Documents/GitHub/2D-to-3D-image-reconstruction/facescape_224/fsmview_trainset_7_6_jaw_right_5.jpg,0.04107851907610893,0.03455663099884987,-0.006521888077259064,7.840436358004808,0.6681158542633057
1933,/mnt/c/Users/Chirayu/Documents/GitHub/2D-to-3D-image-reconstruction/facescape_224/fsmview_trainset_16_7_jaw_forward_34.jpg,0.0325249545276165,0.03457427769899368,0.002049323171377182,7.822212561964989,0.6732729077339172
400,/mnt/c/Users/Chirayu/Documents/GitHub/2D-to-3D-image-reconstruction/facescape_224/fsmview_trainset_13_3_mouth_stretch_40.jpg,0.03397523611783981,0.03467810899019241,0.0007028728723526001,7.167087145149708,0.6577714085578918
1389,/mnt/c/Users/Chirayu/Documents/GitHub/2D-to-3D-image-reconstruction/facescape_224/fsmview_trainset_5_4_anger_18.jpg,0.03370662406086922,0.03469515219330788,0.0009885281324386597,8.191264094784856,0.6585596799850464
339,/mnt/c/Users/Chirayu/Documents/GitHub/2D-to-3D-image-reconstruction/facescape_224/fsmview_trainset_16_10_dimpler_43.jpg,0.03371226787567139,0.034756533801555634,0.0010442659258842468,7.599394494667649,0.635375440120697
1385,/mnt/c/Users/Chirayu/Documents/GitHub/2D-to-3D-image-reconstruction/facescape_224/fsmview_trainset_9_5_jaw_left_12.jpg,0.034513045102357864,0.03484772890806198,0.0003346838057041168,7.741666156798601,0.6731508374214172
617,/mnt/c/Users/Chirayu/Documents/GitHub/2D-to-3D-image-reconstruction/facescape_224/fsmview_trainset_1_2_smile_10.jpg,0.03252720087766647,0.034909699112176895,0.0023824982345104218,8.338451787829399,0.7364098429679871
469,/mnt/c/Users/Chirayu/Documents/GitHub/2D-to-3D-image-reconstruction/facescape_224/fsmview_trainset_15_6_jaw_right_22.jpg,0.03464001044631004,0.034925371408462524,0.0002853609621524811,7.013884507119656,0.5900222063064575
293,/mnt/c/Users/Chirayu/Documents/GitHub/2D-to-3D-image-reconstruction/facescape_224/fsmview_trainset_14_9_mouth_right_64.jpg,0.03612673282623291,0.03493783250451088,-0.0011889003217220306,7.718212891370058,0.680847704410553
526,/mnt/c/Users/Chirayu/Documents/GitHub/2D-to-3D-image-reconstruction/facescape_224/fsmview_trainset_7_5_jaw_left_18.jpg,0.035131871700286865,0.03502826765179634,-0.00010360404849052429,8.089432311244309,0.6636959314346313
1596,/mnt/c/Users/Chirayu/Documents/GitHub/2D-to-3D-image-reconstruction/facescape_224/fsmview_trainset_15_15_lip_roll_31.jpg,0.03561840206384659,0.03508356213569641,-0.000534839928150177,7.862667676061392,0.6517093181610107
1262,/mnt/c/Users/Chirayu/Documents/GitHub/2D-to-3D-image-reconstruction/facescape_224/fsmview_trainset_10_9_mouth_right_34.jpg,0.037097714841365814,0.0350923091173172,-0.0020054057240486145,7.81695656850934,0.670963704586029
1633,/mnt/c/Users/Chirayu/Documents/GitHub/2D-to-3D-image-reconstruction/facescape_224/fsmview_trainset_3_18_eye_closed_14.jpg,0.034384552389383316,0.035098202526569366,0.0007136501371860504,7.987969366833568,0.6904666423797607
988,/mnt/c/Users/Chirayu/Documents/GitHub/2D-to-3D-image-reconstruction/facescape_224/fsmview_trainset_8_1_neutral_16.jpg,0.033829934895038605,0.0351274237036705,0.001297488808631897,7.923766244202852,0.6714470982551575
1055,/mnt/c/Users/Chirayu/Documents/GitHub/2D-to-3D-image-reconstruction/facescape_224/fsmview_trainset_3_19_brow_raiser_10.jpg,0.044469136744737625,0.03527989983558655,-0.009189236909151077,8.33171310275793,0.7339195609092712
1319,/mnt/c/Users/Chirayu/Documents/GitHub/2D-to-3D-image-reconstruction/facescape_224/fsmview_trainset_3_16_grin_9.jpg,0.038605697453022,0.035289209336042404,-0.003316488116979599,8.167961742728949,0.7310709953308105
1412,/mnt/c/Users/Chirayu/Documents/GitHub/2D-to-3D-image-reconstruction/facescape_224/fsmview_trainset_12_20_brow_lower_56.jpg,0.03216756880283356,0.03532564267516136,0.0031580738723278046,8.549560006707907,0.745674729347229
477,/mnt/c/Users/Chirayu/Documents/GitHub/2D-to-3D-image-reconstruction/facescape_224/fsmview_trainset_3_19_brow_raiser_28.jpg,0.03601553663611412,0.03543633595108986,-0.0005792006850242615,7.616346508264542,0.6437904834747314
1536,/mnt/c/Users/Chirayu/Documents/GitHub/2D-to-3D-image-reconstruction/facescape_224/fsmview_trainset_7_1_neutral_5.jpg,0.035661689937114716,0.03544027730822563,-0.00022141262888908386,7.44793763756752,0.6611741781234741
1618,/mnt/c/Users/Chirayu/Documents/GitHub/2D-to-3D-image-reconstruction/facescape_224/fsmview_trainset_15_9_mouth_right_22.jpg,0.03490743413567543,0.03551473096013069,0.0006072968244552612,7.252592254430056,0.5933854579925537
934,/mnt/c/Users/Chirayu/Documents/GitHub/2D-to-3D-image-reconstruction/facescape_224/fsmview_trainset_10_4_anger_8.jpg,0.03596082329750061,0.03560207039117813,-0.00035875290632247925,7.597144223749638,0.650211751461029
688,/mnt/c/Users/Chirayu/Documents/GitHub/2D-to-3D-image-reconstruction/facescape_224/fsmview_trainset_8_11_chin_raiser_43.jpg,0.031551294028759,0.03564635291695595,0.004095058888196945,7.610636185854673,0.6350961923599243
1129,/mnt/c/Users/Chirayu/Documents/GitHub/2D-to-3D-image-reconstruction/facescape_224/fsmview_trainset_5_18_eye_closed_8.jpg,0.03539291024208069,0.03565835952758789,0.00026544928550720215,7.951043711975217,0.6655067205429077
1679,/mnt/c/Users/Chirayu/Documents/GitHub/2D-to-3D-image-reconstruction/facescape_224/fsmview_trainset_13_19_brow_raiser_53.jpg,0.034908365458250046,0.035683099180459976,0.0007747337222099304,8.675190079957247,0.7102169990539551
226,/mnt/c/Users/Chirayu/Documents/GitHub/2D-to-3D-image-reconstruction/facescape_224/fsmview_trainset_18_5_jaw_left_10.jpg,0.030528917908668518,0.035701341927051544,0.005172424018383026,7.957823183387518,0.6756508946418762
1197,/mnt/c/Users/Chirayu/Documents/GitHub/2D-to-3D-image-reconstruction/facescape_224/fsmview_trainset_19_4_anger_10.jpg,0.03306073322892189,0.03571503236889839,0.0026542991399765015,8.18506788648665,0.6984399557113647
1025,/mnt/c/Users/Chirayu/Documents/GitHub/2D-to-3D-image-reconstruction/facescape_224/fsmview_trainset_3_9_mouth_right_10.jpg,0.03615295886993408,0.03573698550462723,-0.00041597336530685425,8.123303305357695,0.7361223697662354
1957,/mnt/c/Users/Chirayu/Documents/GitHub/2D-to-3D-image-reconstruction/facescape_224/fsmview_trainset_16_17_cheek_blowing_1.jpg,0.03452426567673683,0.03575994074344635,0.0012356750667095184,7.716088630259037,0.6401264667510986
1009,/mnt/c/Users/Chirayu/Documents/GitHub/2D-to-3D-image-reconstruction/facescape_224/fsmview_trainset_15_9_mouth_right_24.jpg,0.03509693965315819,0.035764239728450775,0.0006673000752925873,7.0171201787889,0.5774034261703491
1955,/mnt/c/Users/Chirayu/Documents/GitHub/2D-to-3D-image-reconstruction/facescape_224/fsmview_trainset_16_10_dimpler_30.jpg,0.03257402777671814,0.03580397367477417,0.0032299458980560303,7.836283136159182,0.6720975637435913
971,/mnt/c/Users/Chirayu/Documents/GitHub/2D-to-3D-image-reconstruction/facescape_224/fsmview_trainset_2_20_brow_lower_25.jpg,0.032484233379364014,0.035810455679893494,0.00332622230052948,7.955247770994902,0.6653215289115906
1406,/mnt/c/Users/Chirayu/Documents/GitHub/2D-to-3D-image-reconstruction/facescape_224/fsmview_trainset_8_2_smile_19.jpg,0.035826072096824646,0.03584079071879387,1.4718621969223022e-05,8.516101642511785,0.7118455767631531
1229,/mnt/c/Users/Chirayu/Documents/GitHub/2D-to-3D-image-reconstruction/facescape_224/fsmview_trainset_4_9_mouth_right_54.jpg,0.03489811345934868,0.03584161400794983,0.0009435005486011505,7.925658781081438,0.6730787754058838
715,/mnt/c/Users/Chirayu/Documents/GitHub/2D-to-3D-image-reconstruction/facescape_224/fsmview_trainset_14_4_anger_41.jpg,0.031303904950618744,0.03586351126432419,0.004559606313705444,7.74613406136632,0.6482484936714172
90,/mnt/c/Users/Chirayu/Documents/GitHub/2D-to-3D-image-reconstruction/facescape_224/fsmview_trainset_5_12_lip_puckerer_18.jpg,0.03345676138997078,0.03588089719414711,0.0024241358041763306,8.19857172947377,0.6836583614349365
1699,/mnt/c/Users/Chirayu/Documents/GitHub/2D-to-3D-image-reconstruction/facescape_224/fsmview_trainset_9_20_brow_lower_23.jpg,0.03564248979091644,0.03589773178100586,0.0002552419900894165,7.852764546871185,0.6502965688705444
1793,/mnt/c/Users/Chirayu/Documents/GitHub/2D-to-3D-image-reconstruction/facescape_224/fsmview_trainset_8_3_mouth_stretch_1.jpg,0.03523934632539749,0.03614611551165581,0.000906769186258316,7.430893715471029,0.6985710263252258
448,/mnt/c/Users/Chirayu/Documents/GitHub/2D-to-3D-image-reconstruction/facescape_224/fsmview_trainset_18_20_brow_lower_54.jpg,0.0364091694355011,0.03617393597960472,-0.00023523345589637756,8.527757872827351,0.7087194323539734
51,/mnt/c/Users/Chirayu/Documents/GitHub/2D-to-3D-image-reconstruction/facescape_224/fsmview_trainset_18_18_eye_closed_42.jpg,0.03486833721399307,0.03617536276578903,0.0013070255517959595,7.819339454174042,0.6484469771385193
986,/mnt/c/Users/Chirayu/Documents/GitHub/2D-to-3D-image-reconstruction/facescape_224/fsmview_trainset_16_20_brow_lower_33.jpg,0.03622254729270935,0.036207471042871475,-1.5076249837875366e-05,8.17917915340513,0.6700690388679504
1485,/mnt/c/Users/Chirayu/Documents/GitHub/2D-to-3D-image-reconstruction/facescape_224/fsmview_trainset_6_18_eye_closed_25.jpg,0.03294278681278229,0.03625233843922615,0.003309551626443863,7.927069768309593,0.6844580173492432
173,/mnt/c/Users/Chirayu/Documents/GitHub/2D-to-3D-image-reconstruction/facescape_224/fsmview_trainset_1_19_brow_raiser_52.jpg,0.03657328709959984,0.03629615157842636,-0.00027713552117347717,8.204434415791184,0.689388632774353
1967,/mnt/c/Users/Chirayu/Documents/GitHub/2D-to-3D-image-reconstruction/facescape_224/fsmview_trainset_6_14_sadness_20.jpg,0.03275465592741966,0.03636237606406212,0.003607720136642456,8.088802695274353,0.6915687322616577
756,/mnt/c/Users/Chirayu/Documents/GitHub/2D-to-3D-image-reconstruction/facescape_224/fsmview_trainset_7_2_smile_19.jpg,0.034908365458250046,0.036413758993148804,0.001505393534898758,8.679367010947317,0.7106196880340576
225,/mnt/c/Users/Chirayu/Documents/GitHub/2D-to-3D-image-reconstruction/facescape_224/fsmview_trainset_19_11_chin_raiser_1.jpg,0.0369698591530323,0.036439571529626846,-0.0005302876234054565,8.13344139419496,0.6639760136604309
1508,/mnt/c/Users/Chirayu/Documents/GitHub/2D-to-3D-image-reconstruction/facescape_224/fsmview_trainset_8_10_dimpler_56.jpg,0.0351807177066803,0.03644774854183197,0.0012670308351516724,7.936696425080299,0.696234941482544
1919,/mnt/c/Users/Chirayu/Documents/GitHub/2D-to-3D-image-reconstruction/facescape_224/fsmview_trainset_4_17_cheek_blowing_10.jpg,0.035122521221637726,0.03647836670279503,0.0013558454811573029,8.282785035669804,0.6862145662307739
475,/mnt/c/Users/Chirayu/Documents/GitHub/2D-to-3D-image-reconstruction/facescape_224/fsmview_trainset_3_2_smile_26.jpg,0.03443916514515877,0.03648195043206215,0.0020427852869033813,7.894060205668211,0.6641635298728943
600,/mnt/c/Users/Chirayu/Documents/GitHub/2D-to-3D-image-reconstruction/facescape_224/fsmview_trainset_3_2_smile_25.jpg,0.03501148149371147,0.03648356348276138,0.0014720819890499115,7.699336193501949,0.6590832471847534
1786,/mnt/c/Users/Chirayu/Documents/GitHub/2D-to-3D-image-reconstruction/facescape_224/fsmview_trainset_17_9_mouth_right_26.jpg,0.036588940769433975,0.03654107078909874,-4.7869980335235596e-05,8.200782269239426,0.6838569641113281
1361,/mnt/c/Users/Chirayu/Documents/GitHub/2D-to-3D-image-reconstruction/facescape_224/fsmview_trainset_3_5_jaw_left_27.jpg,0.03727319464087486,0.03657575324177742,-0.0006974413990974426,7.227010682225227,0.6124521493911743
640,/mnt/c/Users/Chirayu/Documents/GitHub/2D-to-3D-image-reconstruction/facescape_224/fsmview_trainset_3_9_mouth_right_28.jpg,0.03695596009492874,0.03662584722042084,-0.00033011287450790405,7.584004160016775,0.6414377093315125
1580,/mnt/c/Users/Chirayu/Documents/GitHub/2D-to-3D-image-reconstruction/facescape_224/fsmview_trainset_5_16_grin_5.jpg,0.03636991232633591,0.036653440445661545,0.0002835281193256378,7.592739470303059,0.6382948756217957
1575,/mnt/c/Users/Chirayu/Documents/GitHub/2D-to-3D-image-reconstruction/facescape_224/fsmview_trainset_4_18_eye_closed_21.jpg,0.036810893565416336,0.03665676340460777,-0.00015413016080856323,8.035716451704502,0.6673693060874939
494,/mnt/c/Users/Chirayu/Documents/GitHub/2D-to-3D-image-reconstruction/facescape_224/fsmview_trainset_9_7_jaw_forward_14.jpg,0.03749404847621918,0.03672138229012489,-0.0007726661860942841,7.8316029235720634,0.6869968771934509
584,/mnt/c/Users/Chirayu/Documents/GitHub/2D-to-3D-image-reconstruction/facescape_224/fsmview_trainset_9_1_neutral_12.jpg,0.03299234062433243,0.036725420504808426,0.003733079880475998,7.8274861462414265,0.6616281867027283
147,/mnt/c/Users/Chirayu/Documents/GitHub/2D-to-3D-image-reconstruction/facescape_224/fsmview_trainset_16_16_grin_29.jpg,0.032774727791547775,0.03687019646167755,0.004095468670129776,7.833210265263915,0.6826993823051453
1228,/mnt/c/Users/Chirayu/Documents/GitHub/2D-to-3D-image-reconstruction/facescape_224/fsmview_trainset_3_15_lip_roll_21.jpg,0.03246856480836868,0.03688696771860123,0.004418402910232544,7.952833142131567,0.684133768081665
53,/mnt/c/Users/Chirayu/Documents/GitHub/2D-to-3D-image-reconstruction/facescape_224/fsmview_trainset_3_3_mouth_stretch_21.jpg,0.032015033066272736,0.03696521371603012,0.004950180649757385,7.823831919580698,0.7133674025535583
953,/mnt/c/Users/Chirayu/Documents/GitHub/2D-to-3D-image-reconstruction/facescape_224/fsmview_trainset_16_5_jaw_left_33.jpg,0.035290662199258804,0.037057604640722275,0.0017669424414634705,8.051116968505085,0.6719266772270203
1259,/mnt/c/Users/Chirayu/Documents/GitHub/2D-to-3D-image-reconstruction/facescape_224/fsmview_trainset_18_1_neutral_34.jpg,0.03738942742347717,0.03712068125605583,-0.00026874616742134094,8.518848184496164,0.7053977847099304
1555,/mnt/c/Users/Chirayu/Documents/GitHub/2D-to-3D-image-reconstruction/facescape_224/fsmview_trainset_14_13_lip_funneler_33.jpg,0.03367315232753754,0.03712556138634682,0.0034524090588092804,7.283286378718913,0.7329387664794922
825,/mnt/c/Users/Chirayu/Documents/GitHub/2D-to-3D-image-reconstruction/facescape_224/fsmview_trainset_4_1_neutral_52.jpg,0.037605080753564835,0.037146661430597305,-0.0004584193229675293,9.029379060026258,0.7617584466934204
928,/mnt/c/Users/Chirayu/Documents/GitHub/2D-to-3D-image-reconstruction/facescape_224/fsmview_trainset_4_11_chin_raiser_54.jpg,0.03665284812450409,0.03721453249454498,0.0005616843700408936,8.086774833500385,0.6904605031013489
1668,/mnt/c/Users/Chirayu/Documents/GitHub/2D-to-3D-image-reconstruction/facescape_224/fsmview_trainset_20_11_chin_raiser_23.jpg,0.036356065422296524,0.037229880690574646,0.000873815268278122,7.528877273201942,0.6085549592971802
558,/mnt/c/Users/Chirayu/Documents/GitHub/2D-to-3D-image-reconstruction/facescape_224/fsmview_trainset_13_12_lip_puckerer_37.jpg,0.03720274940133095,0.03728087991476059,7.813051342964172e-05,8.623325787484646,0.7603813409805298
188,/mnt/c/Users/Chirayu/Documents/GitHub/2D-to-3D-image-reconstruction/facescape_224/fsmview_trainset_6_5_jaw_left_35.jpg,0.035714514553546906,0.03730645030736923,0.0015919357538223267,8.044953964650631,0.6544238328933716
862,/mnt/c/Users/Chirayu/Documents/GitHub/2D-to-3D-image-reconstruction/facescape_224/fsmview_trainset_13_8_mouth_left_32.jpg,0.039257779717445374,0.03731555864214897,-0.001942221075296402,8.864411678165197,0.7253674864768982
1240,/mnt/c/Users/Chirayu/Documents/GitHub/2D-to-3D-image-reconstruction/facescape_224/fsmview_trainset_9_4_anger_28.jpg,0.03530777990818024,0.037326231598854065,0.002018451690673828,7.481606807559729,0.6357437968254089
218,/mnt/c/Users/Chirayu/Documents/GitHub/2D-to-3D-image-reconstruction/facescape_224/fsmview_trainset_16_10_dimpler_24.jpg,0.035026486963033676,0.037343692034482956,0.00231720507144928,8.437052017543465,0.705600380897522
757,/mnt/c/Users/Chirayu/Documents/GitHub/2D-to-3D-image-reconstruction/facescape_224/fsmview_trainset_9_3_mouth_stretch_25.jpg,0.03576265648007393,0.03746680170297623,0.001704145222902298,6.839930595830083,0.6815140247344971
11,/mnt/c/Users/Chirayu/Documents/GitHub/2D-to-3D-image-reconstruction/facescape_224/fsmview_trainset_1_10_dimpler_23.jpg,0.04108412563800812,0.0374768041074276,-0.0036073215305805206,8.383049793541431,0.7031343579292297
496,/mnt/c/Users/Chirayu/Documents/GitHub/2D-to-3D-image-reconstruction/facescape_224/fsmview_trainset_18_8_mouth_left_33.jpg,0.036772824823856354,0.03755851462483406,0.0007856898009777069,8.653628766536713,0.7235077619552612
1287,/mnt/c/Users/Chirayu/Documents/GitHub/2D-to-3D-image-reconstruction/facescape_224/fsmview_trainset_7_8_mouth_left_5.jpg,0.03578738495707512,0.03756772726774216,0.001780342310667038,7.597760375589132,0.6536912322044373
250,/mnt/c/Users/Chirayu/Documents/GitHub/2D-to-3D-image-reconstruction/facescape_224/fsmview_trainset_5_13_lip_funneler_20.jpg,0.03414653241634369,0.037595268338918686,0.003448735922574997,7.489951923489571,0.6216063499450684
769,/mnt/c/Users/Chirayu/Documents/GitHub/2D-to-3D-image-reconstruction/facescape_224/fsmview_trainset_7_11_chin_raiser_5.jpg,0.03669516369700432,0.03766758367419243,0.0009724199771881104,8.031422730535269,0.6633836030960083
920,/mnt/c/Users/Chirayu/Documents/GitHub/2D-to-3D-image-reconstruction/facescape_224/fsmview_trainset_4_9_mouth_right_19.jpg,0.03902869299054146,0.03768615797162056,-0.0013425350189208984,8.87269337521866,0.7264828085899353
1300,/mnt/c/Users/Chirayu/Documents/GitHub/2D-to-3D-image-reconstruction/facescape_224/fsmview_trainset_17_19_brow_raiser_28.jpg,0.03698841109871864,0.03773300349712372,0.0007445923984050751,8.016796294599771,0.68221116065979
692,/mnt/c/Users/Chirayu/Documents/GitHub/2D-to-3D-image-reconstruction/facescape_224/fsmview_trainset_1_19_brow_raiser_23.jpg,0.03664173558354378,0.03774762526154518,0.0011058896780014038,8.249973668716848,0.6966337561607361
113,/mnt/c/Users/Chirayu/Documents/GitHub/2D-to-3D-image-reconstruction/facescape_224/fsmview_trainset_4_13_lip_funneler_20.jpg,0.03715049475431442,0.03780583664774895,0.0006553418934345245,8.295041497796774,0.697200357913971
1216,/mnt/c/Users/Chirayu/Documents/GitHub/2D-to-3D-image-reconstruction/facescape_224/fsmview_trainset_7_7_jaw_forward_6.jpg,0.040337249636650085,0.037849266082048416,-0.0024879835546016693,7.810739938169718,0.6377350687980652
164,/mnt/c/Users/Chirayu/Documents/GitHub/2D-to-3D-image-reconstruction/facescape_224/fsmview_trainset_8_1_neutral_47.jpg,0.03876218944787979,0.03785345330834389,-0.0009087361395359039,7.905163235962391,0.6595844030380249
542,/mnt/c/Users/Chirayu/Documents/GitHub/2D-to-3D-image-reconstruction/facescape_224/fsmview_trainset_2_17_cheek_blowing_14.jpg,0.03807083144783974,0.03787296265363693,-0.00019786879420280457,7.903504676185548,0.6996883153915405
1434,/mnt/c/Users/Chirayu/Documents/GitHub/2D-to-3D-image-reconstruction/facescape_224/fsmview_trainset_1_16_grin_46.jpg,0.04017077386379242,0.037881024181842804,-0.0022897496819496155,8.016683615744114,0.702515721321106
1359,/mnt/c/Users/Chirayu/Documents/GitHub/2D-to-3D-image-reconstruction/facescape_224/fsmview_trainset_19_15_lip_roll_17.jpg,0.03684518113732338,0.03788457065820694,0.0010393895208835602,8.180668167769909,0.680343747138977
139,/mnt/c/Users/Chirayu/Documents/GitHub/2D-to-3D-image-reconstruction/facescape_224/fsmview_trainset_4_3_mouth_stretch_23.jpg,0.03782200813293457,0.03791419044137001,9.218230843544006e-05,8.094190859235823,0.6779990196228027
1835,/mnt/c/Users/Chirayu/Documents/GitHub/2D-to-3D-image-reconstruction/facescape_224/fsmview_trainset_7_2_smile_5.jpg,0.03608996048569679,0.03799417242407799,0.001904211938381195,7.730245985090733,0.6474528312683105
959,/mnt/c/Users/Chirayu/Documents/GitHub/2D-to-3D-image-reconstruction/facescape_224/fsmview_trainset_18_8_mouth_left_10.jpg,0.033653374761343,0.03812956437468529,0.004476189613342285,8.446712337434292,0.6760124564170837
744,/mnt/c/Users/Chirayu/Documents/GitHub/2D-to-3D-image-reconstruction/facescape_224/fsmview_trainset_7_19_brow_raiser_5.jpg,0.039472438395023346,0.03814009204506874,-0.001332346349954605,7.617171127349138,0.6547020673751831
1177,/mnt/c/Users/Chirayu/Documents/GitHub/2D-to-3D-image-reconstruction/facescape_224/fsmview_trainset_4_10_dimpler_35.jpg,0.0426441989839077,0.03815002739429474,-0.004494171589612961,7.584775805473328,0.6333761811256409
1936,/mnt/c/Users/Chirayu/Documents/GitHub/2D-to-3D-image-reconstruction/facescape_224/fsmview_trainset_12_11_chin_raiser_47.jpg,0.035954635590314865,0.03817729279398918,0.0022226572036743164,8.394487746059895,0.738591194152832
1292,/mnt/c/Users/Chirayu/Documents/GitHub/2D-to-3D-image-reconstruction/facescape_224/fsmview_trainset_5_7_jaw_forward_6.jpg,0.04041743278503418,0.0381791777908802,-0.0022382549941539764,8.05593317002058,0.6644265055656433
1996,/mnt/c/Users/Chirayu/Documents/GitHub/2D-to-3D-image-reconstruction/facescape_224/fsmview_trainset_5_18_eye_closed_4.jpg,0.044087354093790054,0.0381830632686615,-0.005904290825128555,7.509296573698521,0.6382908821105957
994,/mnt/c/Users/Chirayu/Documents/GitHub/2D-to-3D-image-reconstruction/facescape_224/fsmview_trainset_8_9_mouth_right_16.jpg,0.03855370357632637,0.03819550573825836,-0.0003581978380680084,7.755172297358513,0.6631450057029724
1782,/mnt/c/Users/Chirayu/Documents/GitHub/2D-to-3D-image-reconstruction/facescape_224/fsmview_trainset_14_3_mouth_stretch_32.jpg,0.04024394229054451,0.038195569068193436,-0.0020483732223510742,6.920746777206659,0.709714949131012
572,/mnt/c/Users/Chirayu/Documents/GitHub/2D-to-3D-image-reconstruction/facescape_224/fsmview_trainset_4_10_dimpler_8.jpg,0.04122481495141983,0.03822648525238037,-0.0029983296990394592,7.698156226426363,0.6650519371032715
443,/mnt/c/Users/Chirayu/Documents/GitHub/2D-to-3D-image-reconstruction/facescape_224/fsmview_trainset_5_2_smile_15.jpg,0.03503958135843277,0.03827861323952675,0.003239031881093979,8.19374003726989,0.6956838965415955
1680,/mnt/c/Users/Chirayu/Documents/GitHub/2D-to-3D-image-reconstruction/facescape_224/fsmview_trainset_5_1_neutral_7.jpg,0.036502137780189514,0.03838060051202774,0.0018784627318382263,7.869519900530577,0.655372142791748
1164,/mnt/c/Users/Chirayu/Documents/GitHub/2D-to-3D-image-reconstruction/facescape_224/fsmview_trainset_6_4_anger_21.jpg,0.03487463295459747,0.038387954235076904,0.003513321280479431,7.903440296649933,0.6770792007446289
1338,/mnt/c/Users/Chirayu/Documents/GitHub/2D-to-3D-image-reconstruction/facescape_224/fsmview_trainset_1_9_mouth_right_23.jpg,0.04293770343065262,0.038401827216148376,-0.004535876214504242,8.343787658959627,0.6947104334831238
1127,/mnt/c/Users/Chirayu/Documents/GitHub/2D-to-3D-image-reconstruction/facescape_224/fsmview_trainset_12_10_dimpler_8.jpg,0.040078725665807724,0.03851626068353653,-0.0015624649822711945,8.336397156119347,0.7056458592414856
1093,/mnt/c/Users/Chirayu/Documents/GitHub/2D-to-3D-image-reconstruction/facescape_224/fsmview_trainset_14_20_brow_lower_35.jpg,0.037766292691230774,0.038566768169403076,0.0008004754781723022,8.289098075591028,0.7121488451957703
420,/mnt/c/Users/Chirayu/Documents/GitHub/2D-to-3D-image-reconstruction/facescape_224/fsmview_trainset_14_12_lip_puckerer_67.jpg,0.03888479620218277,0.03863586485385895,-0.000248931348323822,8.342211316339672,0.6887503862380981
837,/mnt/c/Users/Chirayu/Documents/GitHub/2D-to-3D-image-reconstruction/facescape_224/fsmview_trainset_8_11_chin_raiser_9.jpg,0.04500739648938179,0.038639750331640244,-0.006367646157741547,8.076572753489017,0.658836305141449
1445,/mnt/c/Users/Chirayu/Documents/GitHub/2D-to-3D-image-reconstruction/facescape_224/fsmview_trainset_19_12_lip_puckerer_10.jpg,0.033642228692770004,0.03864225745201111,0.005000028759241104,7.777275059372187,0.6619787812232971
437,/mnt/c/Users/Chirayu/Documents/GitHub/2D-to-3D-image-reconstruction/facescape_224/fsmview_trainset_1_2_smile_18.jpg,0.03924569860100746,0.03867633640766144,-0.0005693621933460236,8.358819618355483,0.6867815256118774
504,/mnt/c/Users/Chirayu/Documents/GitHub/2D-to-3D-image-reconstruction/facescape_224/fsmview_trainset_16_18_eye_closed_33.jpg,0.03679916635155678,0.03872314840555191,0.0019239820539951324,8.295267900452018,0.6845073699951172
449,/mnt/c/Users/Chirayu/Documents/GitHub/2D-to-3D-image-reconstruction/facescape_224/fsmview_trainset_13_5_jaw_left_23.jpg,0.041820403188467026,0.03878113254904747,-0.0030392706394195557,8.618966991081834,0.6826650500297546
479,/mnt/c/Users/Chirayu/Documents/GitHub/2D-to-3D-image-reconstruction/facescape_224/fsmview_trainset_20_11_chin_raiser_26.jpg,0.03512563928961754,0.03890160843729973,0.00377596914768219,7.990605933591723,0.6679417490959167
428,/mnt/c/Users/Chirayu/Documents/GitHub/2D-to-3D-image-reconstruction/facescape_224/fsmview_trainset_12_18_eye_closed_42.jpg,0.03999914973974228,0.03896044194698334,-0.0010387077927589417,8.229649692773819,0.6936004161834717
1352,/mnt/c/Users/Chirayu/Documents/GitHub/2D-to-3D-image-reconstruction/facescape_224/fsmview_trainset_6_16_grin_18.jpg,0.03945407643914223,0.03902074322104454,-0.00043333321809768677,8.159853886812925,0.6736799478530884
345,/mnt/c/Users/Chirayu/Documents/GitHub/2D-to-3D-image-reconstruction/facescape_224/fsmview_trainset_15_19_brow_raiser_22.jpg,0.03769167140126228,0.039021000266075134,0.001329328864812851,7.105053465813398,0.6099900603294373
1083,/mnt/c/Users/Chirayu/Documents/GitHub/2D-to-3D-image-reconstruction/facescape_224/fsmview_trainset_6_10_dimpler_13.jpg,0.03841741383075714,0.039080116897821426,0.0006627030670642853,7.74686205200851,0.6890196204185486
1378,/mnt/c/Users/Chirayu/Documents/GitHub/2D-to-3D-image-reconstruction/facescape_224/fsmview_trainset_10_1_neutral_24.jpg,0.03808508813381195,0.039085932075977325,0.0010008439421653748,8.071487895213068,0.6812772154808044
198,/mnt/c/Users/Chirayu/Documents/GitHub/2D-to-3D-image-reconstruction/facescape_224/fsmview_trainset_7_1_neutral_25.jpg,0.03702237457036972,0.03917159512639046,0.0021492205560207367,7.8200791999697685,0.6627408266067505
1135,/mnt/c/Users/Chirayu/Documents/GitHub/2D-to-3D-image-reconstruction/facescape_224/fsmview_trainset_3_7_jaw_forward_21.jpg,0.03604048863053322,0.039247553795576096,0.003207065165042877,8.149182926863432,0.6955223679542542
1970,/mnt/c/Users/Chirayu/Documents/GitHub/2D-to-3D-image-reconstruction/facescape_224/fsmview_trainset_12_20_brow_lower_24.jpg,0.03510049358010292,0.03926863893866539,0.0041681453585624695,8.164752319455147,0.7032446265220642
550,/mnt/c/Users/Chirayu/Documents/GitHub/2D-to-3D-image-reconstruction/facescape_224/fsmview_trainset_3_16_grin_24.jpg,0.03868218511343002,0.03927161544561386,0.0005894303321838379,7.191536899656057,0.6467729210853577
121,/mnt/c/Users/Chirayu/Documents/GitHub/2D-to-3D-image-reconstruction/facescape_224/fsmview_trainset_8_4_anger_35.jpg,0.03366708755493164,0.03932947292923927,0.0056623853743076324,7.785008326172829,0.645487368106842
915,/mnt/c/Users/Chirayu/Documents/GitHub/2D-to-3D-image-reconstruction/facescape_224/fsmview_trainset_14_11_chin_raiser_60.jpg,0.04022786021232605,0.03936778008937836,-0.0008600801229476929,8.61273748986423,0.7376165390014648
1898,/mnt/c/Users/Chirayu/Documents/GitHub/2D-to-3D-image-reconstruction/facescape_224/fsmview_trainset_15_3_mouth_stretch_67.jpg,0.03889644145965576,0.039368364959955215,0.00047192350029945374,8.329189916141331,0.7273109555244446
83,/mnt/c/Users/Chirayu/Documents/GitHub/2D-to-3D-image-reconstruction/facescape_224/fsmview_trainset_8_3_mouth_stretch_19.jpg,0.04016118496656418,0.03938160836696625,-0.0007795765995979309,7.546716506592929,0.7359009385108948
1808,/mnt/c/Users/Chirayu/Documents/GitHub/2D-to-3D-image-reconstruction/facescape_224/fsmview_trainset_12_13_lip_funneler_19.jpg,0.03814280405640602,0.03938302770256996,0.0012402236461639404,8.068916467018425,0.679082989692688
153,/mnt/c/Users/Chirayu/Documents/GitHub/2D-to-3D-image-reconstruction/facescape_224/fsmview_trainset_11_14_sadness_31.jpg,0.03371460735797882,0.039389513432979584,0.005674906075000763,8.04335568472743,0.6505399346351624
1539,/mnt/c/Users/Chirayu/Documents/GitHub/2D-to-3D-image-reconstruction/facescape_224/fsmview_trainset_20_5_jaw_left_33.jpg,0.03878184035420418,0.039432600140571594,0.0006507597863674164,7.637233301997185,0.6877008676528931
1674,/mnt/c/Users/Chirayu/Documents/GitHub/2D-to-3D-image-reconstruction/facescape_224/fsmview_trainset_11_16_grin_24.jpg,0.03762948885560036,0.039454761892557144,0.0018252730369567871,7.962852530181408,0.6441376209259033
1223,/mnt/c/Users/Chirayu/Documents/GitHub/2D-to-3D-image-reconstruction/facescape_224/fsmview_trainset_9_16_grin_17.jpg,0.037194039672613144,0.039483413100242615,0.002289373427629471,8.209072452038527,0.6996060609817505
776,/mnt/c/Users/Chirayu/Documents/GitHub/2D-to-3D-image-reconstruction/facescape_224/fsmview_trainset_3_11_chin_raiser_35.jpg,0.03928935155272484,0.039526134729385376,0.00023678317666053772,7.956533018499613,0.6379159092903137
604,/mnt/c/Users/Chirayu/Documents/GitHub/2D-to-3D-image-reconstruction/facescape_224/fsmview_trainset_5_10_dimpler_15.jpg,0.03747021406888962,0.03954974189400673,0.002079527825117111,8.048578874208033,0.6669403314590454
1322,/mnt/c/Users/Chirayu/Documents/GitHub/2D-to-3D-image-reconstruction/facescape_224/fsmview_trainset_18_20_brow_lower_31.jpg,0.03808509558439255,0.03958355635404587,0.0014984607696533203,7.91060084849596,0.6536793112754822
233,/mnt/c/Users/Chirayu/Documents/GitHub/2D-to-3D-image-reconstruction/facescape_224/fsmview_trainset_3_19_brow_raiser_6.jpg,0.050404954701662064,0.03961516171693802,-0.010789792984724045,8.450868882238865,0.721588134765625
1114,/mnt/c/Users/Chirayu/Documents/GitHub/2D-to-3D-image-reconstruction/facescape_224/fsmview_trainset_3_1_neutral_5.jpg,0.03839429095387459,0.03969498351216316,0.0013006925582885742,7.829882584512234,0.6931990385055542
1938,/mnt/c/Users/Chirayu/Documents/GitHub/2D-to-3D-image-reconstruction/facescape_224/fsmview_trainset_16_2_smile_20.jpg,0.042405396699905396,0.039700947701931,-0.0027044489979743958,8.175974243320525,0.6964808702468872
1276,/mnt/c/Users/Chirayu/Documents/GitHub/2D-to-3D-image-reconstruction/facescape_224/fsmview_trainset_17_9_mouth_right_30.jpg,0.042724743485450745,0.039730604737997055,-0.0029941387474536896,8.29115834273398,0.711977481842041
1255,/mnt/c/Users/Chirayu/Documents/GitHub/2D-to-3D-image-reconstruction/facescape_224/fsmview_trainset_17_9_mouth_right_28.jpg,0.039058249443769455,0.03976369649171829,0.0007054470479488373,7.833148997277021,0.6640617847442627
786,/mnt/c/Users/Chirayu/Documents/GitHub/2D-to-3D-image-reconstruction/facescape_224/fsmview_trainset_2_8_mouth_left_26.jpg,0.036996934562921524,0.03978486731648445,0.0027879327535629272,8.209512736648321,0.6649717688560486
180,/mnt/c/Users/Chirayu/Documents/GitHub/2D-to-3D-image-reconstruction/facescape_224/fsmview_trainset_5_5_jaw_left_16.jpg,0.034478750079870224,0.0398423969745636,0.005363646894693375,8.137351050972939,0.6779714226722717
1157,/mnt/c/Users/Chirayu/Documents/GitHub/2D-to-3D-image-reconstruction/facescape_224/fsmview_trainset_8_20_brow_lower_21.jpg,0.04139796271920204,0.03984273970127106,-0.0015552230179309845,7.868386114016175,0.6366767883300781
1033,/mnt/c/Users/Chirayu/Documents/GitHub/2D-to-3D-image-reconstruction/facescape_224/fsmview_trainset_8_7_jaw_forward_56.jpg,0.033058784902095795,0.039890315383672714,0.0068315304815769196,7.722688816487789,0.6611711382865906
841,/mnt/c/Users/Chirayu/Documents/GitHub/2D-to-3D-image-reconstruction/facescape_224/fsmview_trainset_4_19_brow_raiser_19.jpg,0.04016638547182083,0.03994433209300041,-0.0002220533788204193,8.928619168698788,0.7348582148551941
1971,/mnt/c/Users/Chirayu/Documents/GitHub/2D-to-3D-image-reconstruction/facescape_224/fsmview_trainset_12_16_grin_51.jpg,0.03808201476931572,0.03994619473814964,0.0018641799688339233,8.291764181107283,0.7298726439476013
1796,/mnt/c/Users/Chirayu/Documents/GitHub/2D-to-3D-image-reconstruction/facescape_224/fsmview_trainset_3_15_lip_roll_35.jpg,0.039474006742239,0.03997907042503357,0.0005050636827945709,7.907270297408104,0.6363148093223572
1102,/mnt/c/Users/Chirayu/Documents/GitHub/2D-to-3D-image-reconstruction/facescape_224/fsmview_trainset_7_18_eye_closed_26.jpg,0.037624526768922806,0.03998032584786415,0.002355799078941345,8.297623835504055,0.6856625080108643
1356,/mnt/c/Users/Chirayu/Documents/GitHub/2D-to-3D-image-reconstruction/facescape_224/fsmview_trainset_13_2_smile_53.jpg,0.039805877953767776,0.040011581033468246,0.00020570307970046997,8.820256300270557,0.7720373272895813
252,/mnt/c/Users/Chirayu/Documents/GitHub/2D-to-3D-image-reconstruction/facescape_224/fsmview_trainset_10_5_jaw_left_34.jpg,0.03998052328824997,0.040065739303827286,8.521601557731628e-05,7.805452838540077,0.685850977897644
1056,/mnt/c/Users/Chirayu/Documents/GitHub/2D-to-3D-image-reconstruction/facescape_224/fsmview_trainset_13_10_dimpler_47.jpg,0.04259026050567627,0.04008347913622856,-0.002506781369447708,7.468083031475544,0.6215915083885193
154,/mnt/c/Users/Chirayu/Documents/GitHub/2D-to-3D-image-reconstruction/facescape_224/fsmview_trainset_7_13_lip_funneler_14.jpg,0.03983810544013977,0.04012903943657875,0.0002909339964389801,8.052312882617116,0.6898510456085205
564,/mnt/c/Users/Chirayu/Documents/GitHub/2D-to-3D-image-reconstruction/facescape_224/fsmview_trainset_8_18_eye_closed_56.jpg,0.03930191323161125,0.040174394845962524,0.0008724816143512726,8.24750660173595,0.7022572755813599
1878,/mnt/c/Users/Chirayu/Documents/GitHub/2D-to-3D-image-reconstruction/facescape_224/fsmview_trainset_4_4_anger_6.jpg,0.037514954805374146,0.04022262617945671,0.0027076713740825653,8.316923240199685,0.6961184740066528
935,/mnt/c/Users/Chirayu/Documents/GitHub/2D-to-3D-image-reconstruction/facescape_224/fsmview_trainset_4_16_grin_23.jpg,0.04061753675341606,0.040227875113487244,-0.00038966163992881775,8.506709717214108,0.6899281740188599
1302,/mnt/c/Users/Chirayu/Documents/GitHub/2D-to-3D-image-reconstruction/facescape_224/fsmview_trainset_19_13_lip_funneler_31.jpg,0.03664790838956833,0.04025883600115776,0.0036109276115894318,7.701790817081928,0.6882139444351196
417,/mnt/c/Users/Chirayu/Documents/GitHub/2D-to-3D-image-reconstruction/facescape_224/fsmview_trainset_4_16_grin_54.jpg,0.038463059812784195,0.04027622938156128,0.0018131695687770844,8.100071743130684,0.6808696389198303
1717,/mnt/c/Users/Chirayu/Documents/GitHub/2D-to-3D-image-reconstruction/facescape_224/fsmview_trainset_20_20_brow_lower_41.jpg,0.03766535222530365,0.040280818939208984,0.0026154667139053345,7.701156586408615,0.634566605091095
1692,/mnt/c/Users/Chirayu/Documents/GitHub/2D-to-3D-image-reconstruction/facescape_224/fsmview_trainset_17_7_jaw_forward_28.jpg,0.0411243662238121,0.04034163057804108,-0.0007827356457710266,8.034983396530151,0.6841216683387756
889,/mnt/c/Users/Chirayu/Documents/GitHub/2D-to-3D-image-reconstruction/facescape_224/fsmview_trainset_2_10_dimpler_28.jpg,0.037965189665555954,0.040353354066610336,0.0023881644010543823,7.388216603547335,0.6695039868354797
1351,/mnt/c/Users/Chirayu/Documents/GitHub/2D-to-3D-image-reconstruction/facescape_224/fsmview_trainset_15_1_neutral_67.jpg,0.04252477362751961,0.0404546894133091,-0.0020700842142105103,8.069554131478071,0.7040858864784241
266,/mnt/c/Users/Chirayu/Documents/GitHub/2D-to-3D-image-reconstruction/facescape_224/fsmview_trainset_3_2_smile_8.jpg,0.04527731612324715,0.0404658168554306,-0.004811499267816544,8.02922386303544,0.699833333492279
340,/mnt/c/Users/Chirayu/Documents/GitHub/2D-to-3D-image-reconstruction/facescape_224/fsmview_trainset_18_6_jaw_right_8.jpg,0.04064106196165085,0.04049137607216835,-0.00014968588948249817,8.707309987396002,0.7519525289535522
685,/mnt/c/Users/Chirayu/Documents/GitHub/2D-to-3D-image-reconstruction/facescape_224/fsmview_trainset_19_16_grin_22.jpg,0.03955952450633049,0.04049202799797058,0.0009325034916400909,8.466037817299366,0.7084508538246155
1928,/mnt/c/Users/Chirayu/Documents/GitHub/2D-to-3D-image-reconstruction/facescape_224/fsmview_trainset_5_2_smile_4.jpg,0.043603766709566116,0.040492914617061615,-0.0031108520925045013,8.165292374789715,0.6879944205284119
1248,/mnt/c/Users/Chirayu/Documents/GitHub/2D-to-3D-image-reconstruction/facescape_224/fsmview_trainset_16_4_anger_9.jpg,0.0391826331615448,0.04051506146788597,0.0013324283063411713,7.759967088699341,0.6538538336753845
602,/mnt/c/Users/Chirayu/Documents/GitHub/2D-to-3D-image-reconstruction/facescape_224/fsmview_trainset_7_13_lip_funneler_18.jpg,0.04121862351894379,0.04052330553531647,-0.0006953179836273193,8.362806147895753,0.6853573322296143
1403,/mnt/c/Users/Chirayu/Documents/GitHub/2D-to-3D-image-reconstruction/facescape_224/fsmview_trainset_10_7_jaw_forward_16.jpg,0.04057785123586655,0.04054686427116394,-3.09869647026062e-05,7.655524369329214,0.6477163434028625
1143,/mnt/c/Users/Chirayu/Documents/GitHub/2D-to-3D-image-reconstruction/facescape_224/fsmview_trainset_5_12_lip_puckerer_5.jpg,0.03504668548703194,0.040567271411418915,0.005520585924386978,7.615100793540478,0.6405147910118103
1326,/mnt/c/Users/Chirayu/Documents/GitHub/2D-to-3D-image-reconstruction/facescape_224/fsmview_trainset_4_8_mouth_left_16.jpg,0.036225493997335434,0.04056945815682411,0.004343964159488678,8.271066688001156,0.7166091203689575
1099,/mnt/c/Users/Chirayu/Documents/GitHub/2D-to-3D-image-reconstruction/facescape_224/fsmview_trainset_2_18_eye_closed_28.jpg,0.03878046199679375,0.040621381253004074,0.0018409192562103271,7.884841291233897,0.6834059357643127
1061,/mnt/c/Users/Chirayu/Documents/GitHub/2D-to-3D-image-reconstruction/facescape_224/fsmview_trainset_18_3_mouth_stretch_22.jpg,0.04112621024250984,0.040637534111738205,-0.000488676130771637,7.677488259971142,0.7015024423599243
267,/mnt/c/Users/Chirayu/Documents/GitHub/2D-to-3D-image-reconstruction/facescape_224/fsmview_trainset_14_2_smile_22.jpg,0.04025464132428169,0.04065284505486488,0.0003982037305831909,7.389772653579712,0.6249147653579712
1858,/mnt/c/Users/Chirayu/Documents/GitHub/2D-to-3D-image-reconstruction/facescape_224/fsmview_trainset_7_2_smile_8.jpg,0.03825518116354942,0.04065755009651184,0.0024023689329624176,8.108341079205275,0.6570535898208618
931,/mnt/c/Users/Chirayu/Documents/GitHub/2D-to-3D-image-reconstruction/facescape_224/fsmview_trainset_8_2_smile_10.jpg,0.03871813789010048,0.04067704826593399,0.0019589103758335114,8.397963043302298,0.702826976776123
699,/mnt/c/Users/Chirayu/Documents/GitHub/2D-to-3D-image-reconstruction/facescape_224/fsmview_trainset_8_8_mouth_left_19.jpg,0.039804235100746155,0.040708690881729126,0.0009044557809829712,8.619954034686089,0.7277052402496338
490,/mnt/c/Users/Chirayu/Documents/GitHub/2D-to-3D-image-reconstruction/facescape_224/fsmview_trainset_1_13_lip_funneler_6.jpg,0.0377054437994957,0.04077639430761337,0.0030709505081176758,7.879764556884766,0.7056969404220581
722,/mnt/c/Users/Chirayu/Documents/GitHub/2D-to-3D-image-reconstruction/facescape_224/fsmview_trainset_12_5_jaw_left_19.jpg,0.04310818016529083,0.04078337922692299,-0.0023248009383678436,8.727801583707333,0.7620574831962585
1249,/mnt/c/Users/Chirayu/Documents/GitHub/2D-to-3D-image-reconstruction/facescape_224/fsmview_trainset_6_20_brow_lower_30.jpg,0.044549260288476944,0.040797457098960876,-0.0037518031895160675,7.779641691595316,0.6530481576919556
1031,/mnt/c/Users/Chirayu/Documents/GitHub/2D-to-3D-image-reconstruction/facescape_224/fsmview_trainset_5_12_lip_puckerer_28.jpg,0.036378104239702225,0.040802646428346634,0.004424542188644409,7.657908890396357,0.6268472075462341
610,/mnt/c/Users/Chirayu/Documents/GitHub/2D-to-3D-image-reconstruction/facescape_224/fsmview_trainset_15_8_mouth_left_18.jpg,0.0411347933113575,0.04082082211971283,-0.0003139711916446686,7.88735256716609,0.6454523801803589
75,/mnt/c/Users/Chirayu/Documents/GitHub/2D-to-3D-image-reconstruction/facescape_224/fsmview_trainset_18_2_smile_23.jpg,0.042137451469898224,0.04082098975777626,-0.0013164617121219635,8.921128496527672,0.7398642301559448
66,/mnt/c/Users/Chirayu/Documents/GitHub/2D-to-3D-image-reconstruction/facescape_224/fsmview_trainset_20_12_lip_puckerer_24.jpg,0.03806651011109352,0.04083148017525673,0.002764970064163208,7.75782648473978,0.6408923864364624
664,/mnt/c/Users/Chirayu/Documents/GitHub/2D-to-3D-image-reconstruction/facescape_224/fsmview_trainset_6_14_sadness_17.jpg,0.03957187011837959,0.04083789885044098,0.001266028732061386,8.313869479112327,0.6934333443641663
1890,/mnt/c/Users/Chirayu/Documents/GitHub/2D-to-3D-image-reconstruction/facescape_224/fsmview_trainset_17_1_neutral_26.jpg,0.042004432529211044,0.040848277509212494,-0.0011561550199985504,8.736504752188921,0.742178738117218
1149,/mnt/c/Users/Chirayu/Documents/GitHub/2D-to-3D-image-reconstruction/facescape_224/fsmview_trainset_12_6_jaw_right_16.jpg,0.04458325728774071,0.0409109890460968,-0.0036722682416439056,8.712929032742977,0.694108784198761
275,/mnt/c/Users/Chirayu/Documents/GitHub/2D-to-3D-image-reconstruction/facescape_224/fsmview_trainset_9_10_dimpler_12.jpg,0.03976712375879288,0.040943581610918045,0.0011764578521251678,8.186378676444292,0.6814428567886353
230,/mnt/c/Users/Chirayu/Documents/GitHub/2D-to-3D-image-reconstruction/facescape_224/fsmview_trainset_1_1_neutral_48.jpg,0.041177719831466675,0.040995221585035324,-0.0001824982464313507,7.985281080007553,0.6580951809883118
1452,/mnt/c/Users/Chirayu/Documents/GitHub/2D-to-3D-image-reconstruction/facescape_224/fsmview_trainset_20_9_mouth_right_36.jpg,0.04429491609334946,0.041101861745119095,-0.003193054348230362,8.45176022592932,0.7062700986862183
1792,/mnt/c/Users/Chirayu/Documents/GitHub/2D-to-3D-image-reconstruction/facescape_224/fsmview_trainset_6_11_chin_raiser_6.jpg,0.03578892722725868,0.041113272309303284,0.0053243450820446014,8.310044066980481,0.7023958563804626
748,/mnt/c/Users/Chirayu/Documents/GitHub/2D-to-3D-image-reconstruction/facescape_224/fsmview_trainset_6_8_mouth_left_35.jpg,0.03685892000794411,0.04111536219716072,0.004256442189216614,8.329936366528273,0.6666736602783203
368,/mnt/c/Users/Chirayu/Documents/GitHub/2D-to-3D-image-reconstruction/facescape_224/fsmview_trainset_10_2_smile_16.jpg,0.03773100674152374,0.041130565106868744,0.0033995583653450012,7.697084583342075,0.6586273908615112
1544,/mnt/c/Users/Chirayu/Documents/GitHub/2D-to-3D-image-reconstruction/facescape_224/fsmview_trainset_4_12_lip_puckerer_56.jpg,0.0391051284968853,0.04114542528986931,0.002040296792984009,8.229569591581821,0.6929899454116821
1308,/mnt/c/Users/Chirayu/Documents/GitHub/2D-to-3D-image-reconstruction/facescape_224/fsmview_trainset_7_20_brow_lower_4.jpg,0.044843632727861404,0.04117029905319214,-0.0036733336746692657,8.192286632955074,0.6996365785598755
1809,/mnt/c/Users/Chirayu/Documents/GitHub/2D-to-3D-image-reconstruction/facescape_224/fsmview_trainset_13_10_dimpler_31.jpg,0.03966435045003891,0.04123328626155853,0.0015689358115196228,7.9985346384346485,0.6815860271453857
575,/mnt/c/Users/Chirayu/Documents/GitHub/2D-to-3D-image-reconstruction/facescape_224/fsmview_trainset_8_12_lip_puckerer_20.jpg,0.0420568510890007,0.04123375564813614,-0.000823095440864563,8.510909366421402,0.7002609372138977
1291,/mnt/c/Users/Chirayu/Documents/GitHub/2D-to-3D-image-reconstruction/facescape_224/fsmview_trainset_9_18_eye_closed_30.jpg,0.04395567998290062,0.041256602853536606,-0.0026990771293640137,7.901698987931013,0.6743355393409729
1405,/mnt/c/Users/Chirayu/Documents/GitHub/2D-to-3D-image-reconstruction/facescape_224/fsmview_trainset_9_4_anger_6.jpg,0.04384224861860275,0.04125944525003433,-0.0025828033685684204,8.137338392436504,0.6952185034751892
880,/mnt/c/Users/Chirayu/Documents/GitHub/2D-to-3D-image-reconstruction/facescape_224/fsmview_trainset_9_5_jaw_left_18.jpg,0.043552614748477936,0.041278962045907974,-0.0022736527025699615,8.302255060523748,0.6947450041770935
951,/mnt/c/Users/Chirayu/Documents/GitHub/2D-to-3D-image-reconstruction/facescape_224/fsmview_trainset_6_9_mouth_right_17.jpg,0.0389719232916832,0.04128975421190262,0.0023178309202194214,7.6548747308552265,0.663893461227417
1726,/mnt/c/Users/Chirayu/Documents/GitHub/2D-to-3D-image-reconstruction/facescape_224/fsmview_trainset_2_19_brow_raiser_25.jpg,0.03930852189660072,0.041299644857645035,0.0019911229610443115,8.27256940677762,0.6864086389541626
1899,/mnt/c/Users/Chirayu/Documents/GitHub/2D-to-3D-image-reconstruction/facescape_224/fsmview_trainset_15_4_anger_59.jpg,0.03741098940372467,0.04131743684411049,0.0039064474403858185,7.707544177770615,0.6486302018165588
1524,/mnt/c/Users/Chirayu/Documents/GitHub/2D-to-3D-image-reconstruction/facescape_224/fsmview_trainset_4_6_jaw_right_35.jpg,0.042986609041690826,0.04140756279230118,-0.0015790462493896484,7.412028852850199,0.6556317806243896
545,/mnt/c/Users/Chirayu/Documents/GitHub/2D-to-3D-image-reconstruction/facescape_224/fsmview_trainset_20_16_grin_18.jpg,0.04394525662064552,0.041437778621912,-0.0025074779987335205,7.710386851802468,0.6350592970848083
1891,/mnt/c/Users/Chirayu/Documents/GitHub/2D-to-3D-image-reconstruction/facescape_224/fsmview_trainset_4_10_dimpler_54.jpg,0.041073333472013474,0.04145967587828636,0.0003863424062728882,8.227815799415112,0.6955307722091675
1364,/mnt/c/Users/Chirayu/Documents/GitHub/2D-to-3D-image-reconstruction/facescape_224/fsmview_trainset_6_4_anger_9.jpg,0.04553360864520073,0.04147635027766228,-0.004057258367538452,8.393307542428374,0.6863186955451965
924,/mnt/c/Users/Chirayu/Documents/GitHub/2D-to-3D-image-reconstruction/facescape_224/fsmview_trainset_14_14_sadness_22.jpg,0.04118974506855011,0.04150544852018356,0.00031570345163345337,7.260132800787687,0.6088112592697144
1586,/mnt/c/Users/Chirayu/Documents/GitHub/2D-to-3D-image-reconstruction/facescape_224/fsmview_trainset_6_13_lip_funneler_21.jpg,0.03796910494565964,0.04151080921292305,0.0035417042672634125,7.917592149227858,0.6902611255645752
439,/mnt/c/Users/Chirayu/Documents/GitHub/2D-to-3D-image-reconstruction/facescape_224/fsmview_trainset_16_3_mouth_stretch_24.jpg,0.040412165224552155,0.041545841842889786,0.0011336766183376312,7.680233389139175,0.6700653433799744
978,/mnt/c/Users/Chirayu/Documents/GitHub/2D-to-3D-image-reconstruction/facescape_224/fsmview_trainset_10_9_mouth_right_6.jpg,0.038763828575611115,0.041572120040655136,0.0028082914650440216,7.683962646871805,0.6638259887695312
1895,/mnt/c/Users/Chirayu/Documents/GitHub/2D-to-3D-image-reconstruction/facescape_224/fsmview_trainset_14_14_sadness_35.jpg,0.041288796812295914,0.04157678410410881,0.00028798729181289673,8.430235611274838,0.7173303961753845
1834,/mnt/c/Users/Chirayu/Documents/GitHub/2D-to-3D-image-reconstruction/facescape_224/fsmview_trainset_8_12_lip_puckerer_36.jpg,0.03894904628396034,0.04159463942050934,0.002645593136548996,7.5596710331737995,0.6311135292053223
37,/mnt/c/Users/Chirayu/Documents/GitHub/2D-to-3D-image-reconstruction/facescape_224/fsmview_trainset_9_17_cheek_blowing_28.jpg,0.04106656461954117,0.04166090488433838,0.0005943402647972107,7.501269832253456,0.6545524001121521
1036,/mnt/c/Users/Chirayu/Documents/GitHub/2D-to-3D-image-reconstruction/facescape_224/fsmview_trainset_12_16_grin_7.jpg,0.04278638958930969,0.041712094098329544,-0.0010742954909801483,8.32902624644339,0.7224672436714172
123,/mnt/c/Users/Chirayu/Documents/GitHub/2D-to-3D-image-reconstruction/facescape_224/fsmview_trainset_19_2_smile_7.jpg,0.035866282880306244,0.04171508923172951,0.0058488063514232635,8.305005660280585,0.7078436613082886
1371,/mnt/c/Users/Chirayu/Documents/GitHub/2D-to-3D-image-reconstruction/facescape_224/fsmview_trainset_7_4_anger_30.jpg,0.042221084237098694,0.04180444777011871,-0.00041663646697998047,8.148207016289234,0.6815117597579956
1712,/mnt/c/Users/Chirayu/Documents/GitHub/2D-to-3D-image-reconstruction/facescape_224/fsmview_trainset_3_9_mouth_right_34.jpg,0.03848109766840935,0.04184779152274132,0.00336669385433197,7.496788036078215,0.634908139705658
1014,/mnt/c/Users/Chirayu/Documents/GitHub/2D-to-3D-image-reconstruction/facescape_224/fsmview_trainset_19_10_dimpler_35.jpg,0.03851940855383873,0.04188203811645508,0.0033626295626163483,8.735937312245369,0.7175319790840149
1807,/mnt/c/Users/Chirayu/Documents/GitHub/2D-to-3D-image-reconstruction/facescape_224/fsmview_trainset_6_17_cheek_blowing_21.jpg,0.03911878913640976,0.042059276252985,0.002940487116575241,7.926782198250294,0.6900612115859985
844,/mnt/c/Users/Chirayu/Documents/GitHub/2D-to-3D-image-reconstruction/facescape_224/fsmview_trainset_6_10_dimpler_17.jpg,0.040598589926958084,0.042095284909009933,0.0014966949820518494,8.182278097607195,0.692687451839447
1185,/mnt/c/Users/Chirayu/Documents/GitHub/2D-to-3D-image-reconstruction/facescape_224/fsmview_trainset_19_19_brow_raiser_9.jpg,0.04609861224889755,0.0421026237308979,-0.003995988517999649,8.617929756641388,0.732982873916626
1118,/mnt/c/Users/Chirayu/Documents/GitHub/2D-to-3D-image-reconstruction/facescape_224/fsmview_trainset_7_7_jaw_forward_5.jpg,0.039931926876306534,0.04219260811805725,0.002260681241750717,7.840046189725399,0.6332947611808777
1462,/mnt/c/Users/Chirayu/Documents/GitHub/2D-to-3D-image-reconstruction/facescape_224/fsmview_trainset_8_1_neutral_21.jpg,0.04250378906726837,0.042241595685482025,-0.00026219338178634644,7.900922840461135,0.6384876370429993
1842,/mnt/c/Users/Chirayu/Documents/GitHub/2D-to-3D-image-reconstruction/facescape_224/fsmview_trainset_8_12_lip_puckerer_51.jpg,0.041869621723890305,0.04234130680561066,0.00047168508172035217,8.264397084712982,0.6774550676345825
251,/mnt/c/Users/Chirayu/Documents/GitHub/2D-to-3D-image-reconstruction/facescape_224/fsmview_trainset_15_20_brow_lower_36.jpg,0.04569794237613678,0.04237666726112366,-0.0033212751150131226,8.873985633254051,0.7359745502471924
1588,/mnt/c/Users/Chirayu/Documents/GitHub/2D-to-3D-image-reconstruction/facescape_224/fsmview_trainset_14_10_dimpler_36.jpg,0.04223935678601265,0.04239031299948692,0.00015095621347427368,8.317257950082421,0.6862767338752747
858,/mnt/c/Users/Chirayu/Documents/GitHub/2D-to-3D-image-reconstruction/facescape_224/fsmview_trainset_13_16_grin_3.jpg,0.04443679749965668,0.04239426553249359,-0.002042531967163086,8.301191546022892,0.6539525985717773
877,/mnt/c/Users/Chirayu/Documents/GitHub/2D-to-3D-image-reconstruction/facescape_224/fsmview_trainset_13_6_jaw_right_1.jpg,0.04418792203068733,0.0424150675535202,-0.0017728544771671295,8.360640740022063,0.7007172703742981
1731,/mnt/c/Users/Chirayu/Documents/GitHub/2D-to-3D-image-reconstruction/facescape_224/fsmview_trainset_8_8_mouth_left_35.jpg,0.03970425948500633,0.042441897094249725,0.002737637609243393,7.9639967158436775,0.6806864142417908
1677,/mnt/c/Users/Chirayu/Documents/GitHub/2D-to-3D-image-reconstruction/facescape_224/fsmview_trainset_7_20_brow_lower_27.jpg,0.04378413036465645,0.04246416687965393,-0.0013199634850025177,8.411740493029356,0.6990181803703308
1855,/mnt/c/Users/Chirayu/Documents/GitHub/2D-to-3D-image-reconstruction/facescape_224/fsmview_trainset_19_19_brow_raiser_30.jpg,0.04064727574586868,0.04247773438692093,0.001830458641052246,8.195403689518571,0.6605275869369507
1998,/mnt/c/Users/Chirayu/Documents/GitHub/2D-to-3D-image-reconstruction/facescape_224/fsmview_trainset_5_14_sadness_19.jpg,0.041529007256031036,0.042483631521463394,0.0009546242654323578,8.889496684074402,0.7475876212120056
463,/mnt/c/Users/Chirayu/Documents/GitHub/2D-to-3D-image-reconstruction/facescape_224/fsmview_trainset_20_20_brow_lower_19.jpg,0.04171718657016754,0.0425141341984272,0.0007969476282596588,7.755242304876447,0.6502594947814941
492,/mnt/c/Users/Chirayu/Documents/GitHub/2D-to-3D-image-reconstruction/facescape_224/fsmview_trainset_6_10_dimpler_30.jpg,0.04833594337105751,0.04253780096769333,-0.0057981424033641815,8.0975505374372,0.6712226867675781
175,/mnt/c/Users/Chirayu/Documents/GitHub/2D-to-3D-image-reconstruction/facescape_224/fsmview_trainset_19_5_jaw_left_1.jpg,0.04252025857567787,0.04254423826932907,2.397969365119934e-05,8.269963962957263,0.6987417936325073
662,/mnt/c/Users/Chirayu/Documents/GitHub/2D-to-3D-image-reconstruction/facescape_224/fsmview_trainset_5_13_lip_funneler_9.jpg,0.03806275129318237,0.04267764836549759,0.004614897072315216,8.039199490100145,0.680043637752533
927,/mnt/c/Users/Chirayu/Documents/GitHub/2D-to-3D-image-reconstruction/facescape_224/fsmview_trainset_19_12_lip_puckerer_31.jpg,0.040839582681655884,0.0428197868168354,0.0019802041351795197,8.379810696467757,0.6886959671974182
1592,/mnt/c/Users/Chirayu/Documents/GitHub/2D-to-3D-image-reconstruction/facescape_224/fsmview_trainset_6_9_mouth_right_2.jpg,0.046097319573163986,0.04287880286574364,-0.003218516707420349,7.984507635235786,0.6989433169364929
1007,/mnt/c/Users/Chirayu/Documents/GitHub/2D-to-3D-image-reconstruction/facescape_224/fsmview_trainset_4_3_mouth_stretch_31.jpg,0.03931749612092972,0.0428856760263443,0.0035681799054145813,7.572577521204948,0.6864280104637146
954,/mnt/c/Users/Chirayu/Documents/GitHub/2D-to-3D-image-reconstruction/facescape_224/fsmview_trainset_14_14_sadness_59.jpg,0.04145601764321327,0.04288642480969429,0.001430407166481018,7.3799102529883385,0.6192818880081177
958,/mnt/c/Users/Chirayu/Documents/GitHub/2D-to-3D-image-reconstruction/facescape_224/fsmview_trainset_1_15_lip_roll_16.jpg,0.04200076311826706,0.04290059581398964,0.00089983269572258,7.913999877870083,0.6620398163795471
918,/mnt/c/Users/Chirayu/Documents/GitHub/2D-to-3D-image-reconstruction/facescape_224/fsmview_trainset_12_8_mouth_left_44.jpg,0.043343622237443924,0.04290246590971947,-0.0004411563277244568,7.507993351668119,0.618472158908844
1469,/mnt/c/Users/Chirayu/Documents/GitHub/2D-to-3D-image-reconstruction/facescape_224/fsmview_trainset_7_13_lip_funneler_25.jpg,0.04194476082921028,0.04291156306862831,0.0009668022394180298,7.625595353543758,0.6665844321250916
884,/mnt/c/Users/Chirayu/Documents/GitHub/2D-to-3D-image-reconstruction/facescape_224/fsmview_trainset_12_5_jaw_left_16.jpg,0.05007863789796829,0.042928457260131836,-0.007150180637836456,8.8021438755095,0.6921941637992859
1654,/mnt/c/Users/Chirayu/Documents/GitHub/2D-to-3D-image-reconstruction/facescape_224/fsmview_trainset_6_7_jaw_forward_3.jpg,0.049011584371328354,0.042934026569128036,-0.006077557802200317,8.281530618667603,0.6919851303100586
506,/mnt/c/Users/Chirayu/Documents/GitHub/2D-to-3D-image-reconstruction/facescape_224/fsmview_trainset_19_16_grin_36.jpg,0.03722362592816353,0.043066613376140594,0.005842987447977066,8.347620971500874,0.7264587879180908
1316,/mnt/c/Users/Chirayu/Documents/GitHub/2D-to-3D-image-reconstruction/facescape_224/fsmview_trainset_11_1_neutral_26.jpg,0.03835989534854889,0.04308956116437912,0.004729665815830231,8.111568573862314,0.7260400056838989
1531,/mnt/c/Users/Chirayu/Documents/GitHub/2D-to-3D-image-reconstruction/facescape_224/fsmview_trainset_19_10_dimpler_17.jpg,0.04202481731772423,0.04316924139857292,0.0011444240808486938,8.541367899626493,0.6863653063774109
1523,/mnt/c/Users/Chirayu/Documents/GitHub/2D-to-3D-image-reconstruction/facescape_224/fsmview_trainset_16_20_brow_lower_46.jpg,0.041563939303159714,0.04318586736917496,0.0016219280660152435,8.034081146121025,0.69955974817276
171,/mnt/c/Users/Chirayu/Documents/GitHub/2D-to-3D-image-reconstruction/facescape_224/fsmview_trainset_18_20_brow_lower_21.jpg,0.041897326707839966,0.043186724185943604,0.0012893974781036377,8.025799605995417,0.6529282331466675
57,/mnt/c/Users/Chirayu/Documents/GitHub/2D-to-3D-image-reconstruction/facescape_224/fsmview_trainset_18_3_mouth_stretch_9.jpg,0.04391563683748245,0.04321615397930145,-0.0006994828581809998,8.120474334806204,0.7399927377700806
996,/mnt/c/Users/Chirayu/Documents/GitHub/2D-to-3D-image-reconstruction/facescape_224/fsmview_trainset_18_15_lip_roll_33.jpg,0.04514063149690628,0.04323641583323479,-0.0019042156636714935,8.431868880987167,0.700965940952301
1476,/mnt/c/Users/Chirayu/Documents/GitHub/2D-to-3D-image-reconstruction/facescape_224/fsmview_trainset_10_2_smile_17.jpg,0.047116201370954514,0.04324528947472572,-0.0038709118962287903,7.812171652913094,0.676198422908783
1263,/mnt/c/Users/Chirayu/Documents/GitHub/2D-to-3D-image-reconstruction/facescape_224/fsmview_trainset_18_5_jaw_left_4.jpg,0.039040032774209976,0.04330974817276001,0.004269715398550034,8.399481054395437,0.6825867891311646
1059,/mnt/c/Users/Chirayu/Documents/GitHub/2D-to-3D-image-reconstruction/facescape_224/fsmview_trainset_12_4_anger_26.jpg,0.04136767238378525,0.043319232761859894,0.001951560378074646,8.762514078058302,0.7181161642074585
412,/mnt/c/Users/Chirayu/Documents/GitHub/2D-to-3D-image-reconstruction/facescape_224/fsmview_trainset_12_17_cheek_blowing_15.jpg,0.04405822604894638,0.043333861976861954,-0.0007243640720844269,8.915942903608084,0.773250937461853
1741,/mnt/c/Users/Chirayu/Documents/GitHub/2D-to-3D-image-reconstruction/facescape_224/fsmview_trainset_19_16_grin_18.jpg,0.03768318146467209,0.04338589683175087,0.005702715367078781,8.248122842051089,0.6967753171920776
116,/mnt/c/Users/Chirayu/Documents/GitHub/2D-to-3D-image-reconstruction/facescape_224/fsmview_trainset_13_14_sadness_18.jpg,0.04318464174866676,0.04339660704135895,0.00021196529269218445,8.982706435024738,0.7902884483337402
989,/mnt/c/Users/Chirayu/Documents/GitHub/2D-to-3D-image-reconstruction/facescape_224/fsmview_trainset_9_6_jaw_right_17.jpg,0.043908603489398956,0.04340296611189842,-0.0005056373775005341,8.37807772681117,0.7038979530334473
1871,/mnt/c/Users/Chirayu/Documents/GitHub/2D-to-3D-image-reconstruction/facescape_224/fsmview_trainset_10_11_chin_raiser_23.jpg,0.043712712824344635,0.04340813308954239,-0.0003045797348022461,8.38689733389765,0.7007027268409729
1158,/mnt/c/Users/Chirayu/Documents/GitHub/2D-to-3D-image-reconstruction/facescape_224/fsmview_trainset_10_7_jaw_forward_20.jpg,0.040915265679359436,0.04341679438948631,0.002501528710126877,8.101781542412937,0.7193648219108582
1538,/mnt/c/Users/Chirayu/Documents/GitHub/2D-to-3D-image-reconstruction/facescape_224/fsmview_trainset_7_6_jaw_right_0.jpg,0.04571303352713585,0.043431200087070465,-0.002281833440065384,7.715732738375664,0.6598173975944519
1836,/mnt/c/Users/Chirayu/Documents/GitHub/2D-to-3D-image-reconstruction/facescape_224/fsmview_trainset_17_18_eye_closed_18.jpg,0.043861158192157745,0.04344578832387924,-0.0004153698682785034,8.785316246561706,0.7226765155792236
1505,/mnt/c/Users/Chirayu/Documents/GitHub/2D-to-3D-image-reconstruction/facescape_224/fsmview_trainset_12_1_neutral_17.jpg,0.040458496659994125,0.04348401352763176,0.0030255168676376343,8.177724033594131,0.6629218459129333
1700,/mnt/c/Users/Chirayu/Documents/GitHub/2D-to-3D-image-reconstruction/facescape_224/fsmview_trainset_1_3_mouth_stretch_19.jpg,0.04274800419807434,0.04350849986076355,0.000760495662689209,7.954122186638415,0.6826317310333252
977,/mnt/c/Users/Chirayu/Documents/GitHub/2D-to-3D-image-reconstruction/facescape_224/fsmview_trainset_7_3_mouth_stretch_19.jpg,0.04511551186442375,0.04352133721113205,-0.0015941746532917023,7.856953848619014,0.73863285779953
1274,/mnt/c/Users/Chirayu/Documents/GitHub/2D-to-3D-image-reconstruction/facescape_224/fsmview_trainset_14_4_anger_30.jpg,0.045716412365436554,0.043525490909814835,-0.0021909214556217194,7.648491706699133,0.6329893469810486
281,/mnt/c/Users/Chirayu/Documents/GitHub/2D-to-3D-image-reconstruction/facescape_224/fsmview_trainset_5_20_brow_lower_7.jpg,0.04619763046503067,0.043618038296699524,-0.0025795921683311462,8.176802918314934,0.7229747772216797
1827,/mnt/c/Users/Chirayu/Documents/GitHub/2D-to-3D-image-reconstruction/facescape_224/fsmview_trainset_5_8_mouth_left_13.jpg,0.04763941466808319,0.04362248629331589,-0.0040169283747673035,8.04821864143014,0.6600045561790466
695,/mnt/c/Users/Chirayu/Documents/GitHub/2D-to-3D-image-reconstruction/facescape_224/fsmview_trainset_16_19_brow_raiser_24.jpg,0.041099049150943756,0.043625958263874054,0.002526909112930298,8.502439341507852,0.7130956053733826
1219,/mnt/c/Users/Chirayu/Documents/GitHub/2D-to-3D-image-reconstruction/facescape_224/fsmview_trainset_12_4_anger_7.jpg,0.04099392890930176,0.043661314994096756,0.002667386084794998,8.587826237082481,0.7018926739692688
238,/mnt/c/Users/Chirayu/Documents/GitHub/2D-to-3D-image-reconstruction/facescape_224/fsmview_trainset_13_4_anger_10.jpg,0.04333548620343208,0.043665848672389984,0.000330362468957901,8.745539799332619,0.7290034890174866
313,/mnt/c/Users/Chirayu/Documents/GitHub/2D-to-3D-image-reconstruction/facescape_224/fsmview_trainset_5_11_chin_raiser_31.jpg,0.04857081547379494,0.04366990923881531,-0.0049009062349796295,8.133897870779037,0.6703036427497864
1438,/mnt/c/Users/Chirayu/Documents/GitHub/2D-to-3D-image-reconstruction/facescape_224/fsmview_trainset_2_9_mouth_right_26.jpg,0.041137661784887314,0.04369309917092323,0.002555437386035919,8.250627238303423,0.6942528486251831
1163,/mnt/c/Users/Chirayu/Documents/GitHub/2D-to-3D-image-reconstruction/facescape_224/fsmview_trainset_13_9_mouth_right_12.jpg,0.04484275355935097,0.04371324181556702,-0.0011295117437839508,8.40468936227262,0.686626136302948
580,/mnt/c/Users/Chirayu/Documents/GitHub/2D-to-3D-image-reconstruction/facescape_224/fsmview_trainset_11_3_mouth_stretch_41.jpg,0.046355362981557846,0.04372316226363182,-0.0026322007179260254,7.938475511968136,0.7386489510536194
93,/mnt/c/Users/Chirayu/Documents/GitHub/2D-to-3D-image-reconstruction/facescape_224/fsmview_trainset_4_13_lip_funneler_31.jpg,0.03592632710933685,0.043735701590776443,0.0078093744814395905,8.42117740958929,0.7046537399291992
352,/mnt/c/Users/Chirayu/Documents/GitHub/2D-to-3D-image-reconstruction/facescape_224/fsmview_trainset_11_16_grin_22.jpg,0.04294122755527496,0.043753672391176224,0.0008124448359012604,7.932566542178392,0.6563119888305664
1977,/mnt/c/Users/Chirayu/Documents/GitHub/2D-to-3D-image-reconstruction/facescape_224/fsmview_trainset_20_10_dimpler_41.jpg,0.040101099759340286,0.04383838176727295,0.003737282007932663,8.074399758130312,0.6613800525665283
170,/mnt/c/Users/Chirayu/Documents/GitHub/2D-to-3D-image-reconstruction/facescape_224/fsmview_trainset_12_16_grin_55.jpg,0.03843245655298233,0.0438813678920269,0.005448911339044571,8.5202702768147,0.7529714703559875
1613,/mnt/c/Users/Chirayu/Documents/GitHub/2D-to-3D-image-reconstruction/facescape_224/fsmview_trainset_4_18_eye_closed_36.jpg,0.049065001308918,0.043903954327106476,-0.0051610469818115234,8.125359080731869,0.6916817426681519
298,/mnt/c/Users/Chirayu/Documents/GitHub/2D-to-3D-image-reconstruction/facescape_224/fsmview_trainset_19_8_mouth_left_21.jpg,0.0471944659948349,0.04393661022186279,-0.003257855772972107,8.810827802866697,0.6983787417411804
68,/mnt/c/Users/Chirayu/Documents/GitHub/2D-to-3D-image-reconstruction/facescape_224/fsmview_trainset_8_7_jaw_forward_33.jpg,0.03344306722283363,0.0439826138317585,0.010539546608924866,7.242573574185371,0.6144001483917236
1460,/mnt/c/Users/Chirayu/Documents/GitHub/2D-to-3D-image-reconstruction/facescape_224/fsmview_trainset_14_8_mouth_left_25.jpg,0.042531538754701614,0.04398606717586517,0.001454528421163559,6.822234869003296,0.5637127757072449
1340,/mnt/c/Users/Chirayu/Documents/GitHub/2D-to-3D-image-reconstruction/facescape_224/fsmview_trainset_18_8_mouth_left_47.jpg,0.047341808676719666,0.04399026557803154,-0.0033515430986881256,8.55853758752346,0.6930904388427734
983,/mnt/c/Users/Chirayu/Documents/GitHub/2D-to-3D-image-reconstruction/facescape_224/fsmview_trainset_14_12_lip_puckerer_35.jpg,0.04320129379630089,0.043992817401885986,0.0007915236055850983,8.6641536494717,0.7334069609642029
1231,/mnt/c/Users/Chirayu/Documents/GitHub/2D-to-3D-image-reconstruction/facescape_224/fsmview_trainset_5_14_sadness_15.jpg,0.040676724165678024,0.04401956498622894,0.0033428408205509186,8.399453816004097,0.7019980549812317
1912,/mnt/c/Users/Chirayu/Documents/GitHub/2D-to-3D-image-reconstruction/facescape_224/fsmview_trainset_3_10_dimpler_9.jpg,0.04724961891770363,0.04404694586992264,-0.0032026730477809906,8.29401320591569,0.7071516513824463
5,/mnt/c/Users/Chirayu/Documents/GitHub/2D-to-3D-image-reconstruction/facescape_224/fsmview_trainset_4_18_eye_closed_19.jpg,0.04529643803834915,0.04406913369894028,-0.0012273043394088745,9.021029870957136,0.7377483248710632
1779,/mnt/c/Users/Chirayu/Documents/GitHub/2D-to-3D-image-reconstruction/facescape_224/fsmview_trainset_8_18_eye_closed_5.jpg,0.04220030456781387,0.04406914860010147,0.0018688440322875977,8.2262614518404,0.6940205693244934
1610,/mnt/c/Users/Chirayu/Documents/GitHub/2D-to-3D-image-reconstruction/facescape_224/fsmview_trainset_3_6_jaw_right_3.jpg,0.04572661593556404,0.04413658753037453,-0.0015900284051895142,7.15584584325552,0.6484648585319519
292,/mnt/c/Users/Chirayu/Documents/GitHub/2D-to-3D-image-reconstruction/facescape_224/fsmview_trainset_3_19_brow_raiser_18.jpg,0.044252779334783554,0.0441540963947773,-9.86829400062561e-05,8.356674177572131,0.6966781616210938
1511,/mnt/c/Users/Chirayu/Documents/GitHub/2D-to-3D-image-reconstruction/facescape_224/fsmview_trainset_9_8_mouth_left_35.jpg,0.04899219796061516,0.04416516050696373,-0.004827037453651428,8.337621703743935,0.669870913028717
1496,/mnt/c/Users/Chirayu/Documents/GitHub/2D-to-3D-image-reconstruction/facescape_224/fsmview_trainset_16_16_grin_6.jpg,0.04577657952904701,0.04418911412358284,-0.0015874654054641724,8.443214973434806,0.711881160736084
1747,/mnt/c/Users/Chirayu/Documents/GitHub/2D-to-3D-image-reconstruction/facescape_224/fsmview_trainset_7_5_jaw_left_10.jpg,0.04040181264281273,0.04421195760369301,0.0038101449608802795,7.730126928538084,0.637420117855072
429,/mnt/c/Users/Chirayu/Documents/GitHub/2D-to-3D-image-reconstruction/facescape_224/fsmview_trainset_20_3_mouth_stretch_41.jpg,0.040857452899217606,0.044215839356184006,0.0033583864569664,7.496095396578312,0.702603816986084
796,/mnt/c/Users/Chirayu/Documents/GitHub/2D-to-3D-image-reconstruction/facescape_224/fsmview_trainset_3_10_dimpler_3.jpg,0.04803498089313507,0.044246528297662735,-0.003788452595472336,7.3690598756074905,0.6499773263931274
1282,/mnt/c/Users/Chirayu/Documents/GitHub/2D-to-3D-image-reconstruction/facescape_224/fsmview_trainset_11_5_jaw_left_36.jpg,0.04761412739753723,0.04429426044225693,-0.003319866955280304,8.58609040826559,0.7308144569396973
972,/mnt/c/Users/Chirayu/Documents/GitHub/2D-to-3D-image-reconstruction/facescape_224/fsmview_trainset_19_7_jaw_forward_34.jpg,0.045702289789915085,0.044376760721206665,-0.0013255290687084198,8.66200422681868,0.7498707175254822
1713,/mnt/c/Users/Chirayu/Documents/GitHub/2D-to-3D-image-reconstruction/facescape_224/fsmview_trainset_15_9_mouth_right_36.jpg,0.042239878326654434,0.044400904327631,0.0021610260009765625,8.994554493576288,0.7290139198303223
624,/mnt/c/Users/Chirayu/Documents/GitHub/2D-to-3D-image-reconstruction/facescape_224/fsmview_trainset_15_10_dimpler_59.jpg,0.03972217068076134,0.044402241706848145,0.004680071026086807,7.859695628285408,0.6408392190933228
28,/mnt/c/Users/Chirayu/Documents/GitHub/2D-to-3D-image-reconstruction/facescape_224/fsmview_trainset_5_3_mouth_stretch_33.jpg,0.04548991098999977,0.044441577047109604,-0.0010483339428901672,7.649484746158123,0.7352888584136963
669,/mnt/c/Users/Chirayu/Documents/GitHub/2D-to-3D-image-reconstruction/facescape_224/fsmview_trainset_5_12_lip_puckerer_19.jpg,0.04306793212890625,0.044461481273174286,0.0013935491442680359,8.494924217928201,0.711398720741272
635,/mnt/c/Users/Chirayu/Documents/GitHub/2D-to-3D-image-reconstruction/facescape_224/fsmview_trainset_9_15_lip_roll_28.jpg,0.046519942581653595,0.04448285326361656,-0.002037089318037033,7.6637226194143295,0.6338118314743042
1833,/mnt/c/Users/Chirayu/Documents/GitHub/2D-to-3D-image-reconstruction/facescape_224/fsmview_trainset_11_13_lip_funneler_40.jpg,0.040374644100666046,0.0445326566696167,0.004158012568950653,8.11326951906085,0.666265606880188
1277,/mnt/c/Users/Chirayu/Documents/GitHub/2D-to-3D-image-reconstruction/facescape_224/fsmview_trainset_16_16_grin_35.jpg,0.04904020205140114,0.04453413933515549,-0.004506062716245651,8.674066377803683,0.7121124267578125
1195,/mnt/c/Users/Chirayu/Documents/GitHub/2D-to-3D-image-reconstruction/facescape_224/fsmview_trainset_14_6_jaw_right_39.jpg,0.04818280413746834,0.04455122724175453,-0.003631576895713806,8.018780153244734,0.7146478295326233
1522,/mnt/c/Users/Chirayu/Documents/GitHub/2D-to-3D-image-reconstruction/facescape_224/fsmview_trainset_18_14_sadness_35.jpg,0.04454376548528671,0.04464561119675636,0.00010184571146965027,8.399976190179586,0.6962907910346985
1183,/mnt/c/Users/Chirayu/Documents/GitHub/2D-to-3D-image-reconstruction/facescape_224/fsmview_trainset_19_5_jaw_left_30.jpg,0.04377379268407822,0.044667068868875504,0.000893276184797287,8.309697184711695,0.6830053925514221
850,/mnt/c/Users/Chirayu/Documents/GitHub/2D-to-3D-image-reconstruction/facescape_224/fsmview_trainset_10_19_brow_raiser_32.jpg,0.04169056564569473,0.04471573606133461,0.0030251704156398773,7.6221275459975,0.6678307056427002
1866,/mnt/c/Users/Chirayu/Documents/GitHub/2D-to-3D-image-reconstruction/facescape_224/fsmview_trainset_2_5_jaw_left_8.jpg,0.04886341094970703,0.04472864046692848,-0.004134770482778549,9.005066324956715,0.7482687830924988
415,/mnt/c/Users/Chirayu/Documents/GitHub/2D-to-3D-image-reconstruction/facescape_224/fsmview_trainset_4_14_sadness_50.jpg,0.04331226646900177,0.044762007892131805,0.0014497414231300354,8.380039379000664,0.6836631298065186
1441,/mnt/c/Users/Chirayu/Documents/GitHub/2D-to-3D-image-reconstruction/facescape_224/fsmview_trainset_11_14_sadness_27.jpg,0.03600280359387398,0.04477214813232422,0.008769344538450241,7.83529057353735,0.6893969178199768
678,/mnt/c/Users/Chirayu/Documents/GitHub/2D-to-3D-image-reconstruction/facescape_224/fsmview_trainset_16_12_lip_puckerer_31.jpg,0.04413590207695961,0.044791243970394135,0.0006553418934345245,8.640969987027347,0.7251865267753601
1455,/mnt/c/Users/Chirayu/Documents/GitHub/2D-to-3D-image-reconstruction/facescape_224/fsmview_trainset_19_18_eye_closed_30.jpg,0.04192902892827988,0.04480040818452835,0.002871379256248474,8.055936740711331,0.6492272615432739
309,/mnt/c/Users/Chirayu/Documents/GitHub/2D-to-3D-image-reconstruction/facescape_224/fsmview_trainset_18_10_dimpler_47.jpg,0.04618871957063675,0.044866230338811874,-0.0013224892318248749,8.369410648941994,0.6717110872268677
112,/mnt/c/Users/Chirayu/Documents/GitHub/2D-to-3D-image-reconstruction/facescape_224/fsmview_trainset_13_3_mouth_stretch_8.jpg,0.044410496950149536,0.04487287998199463,0.0004623830318450928,7.534743782132864,0.6778308153152466
1475,/mnt/c/Users/Chirayu/Documents/GitHub/2D-to-3D-image-reconstruction/facescape_224/fsmview_trainset_8_8_mouth_left_55.jpg,0.04497675970196724,0.04493376240134239,-4.299730062484741e-05,7.984291769564152,0.6742473244667053
646,/mnt/c/Users/Chirayu/Documents/GitHub/2D-to-3D-image-reconstruction/facescape_224/fsmview_trainset_18_4_anger_36.jpg,0.052509650588035583,0.0449453741312027,-0.007564276456832886,8.050405863672495,0.6892216205596924
1527,/mnt/c/Users/Chirayu/Documents/GitHub/2D-to-3D-image-reconstruction/facescape_224/fsmview_trainset_6_2_smile_28.jpg,0.041538238525390625,0.044956669211387634,0.0034184306859970093,7.893080797046423,0.6665129661560059
1851,/mnt/c/Users/Chirayu/Documents/GitHub/2D-to-3D-image-reconstruction/facescape_224/fsmview_trainset_4_19_brow_raiser_36.jpg,0.053036633878946304,0.044975604861974716,-0.008061029016971588,8.12664207816124,0.68145751953125
1073,/mnt/c/Users/Chirayu/Documents/GitHub/2D-to-3D-image-reconstruction/facescape_224/fsmview_trainset_20_9_mouth_right_67.jpg,0.0466645322740078,0.04501751437783241,-0.0016470178961753845,8.544482599943876,0.7688653469085693
608,/mnt/c/Users/Chirayu/Documents/GitHub/2D-to-3D-image-reconstruction/facescape_224/fsmview_trainset_8_17_cheek_blowing_22.jpg,0.04523905739188194,0.045050859451293945,-0.00018819794058799744,8.015652084723115,0.6645089387893677
613,/mnt/c/Users/Chirayu/Documents/GitHub/2D-to-3D-image-reconstruction/facescape_224/fsmview_trainset_9_2_smile_25.jpg,0.04501614347100258,0.045065563172101974,4.941970109939575e-05,8.502234145998955,0.7039209008216858
553,/mnt/c/Users/Chirayu/Documents/GitHub/2D-to-3D-image-reconstruction/facescape_224/fsmview_trainset_11_13_lip_funneler_21.jpg,0.043051671236753464,0.045073866844177246,0.0020221956074237823,7.903970565646887,0.6483122110366821
1029,/mnt/c/Users/Chirayu/Documents/GitHub/2D-to-3D-image-reconstruction/facescape_224/fsmview_trainset_14_16_grin_20.jpg,0.043219003826379776,0.04508242383599281,0.0018634200096130371,7.144939124584198,0.6456261277198792
1487,/mnt/c/Users/Chirayu/Documents/GitHub/2D-to-3D-image-reconstruction/facescape_224/fsmview_trainset_4_15_lip_roll_39.jpg,0.054814793169498444,0.04510946199297905,-0.009705331176519394,8.339862316846848,0.6866331696510315
286,/mnt/c/Users/Chirayu/Documents/GitHub/2D-to-3D-image-reconstruction/facescape_224/fsmview_trainset_18_15_lip_roll_35.jpg,0.04614346846938133,0.04514020308852196,-0.001003265380859375,9.260854068212211,0.7853174209594727
594,/mnt/c/Users/Chirayu/Documents/GitHub/2D-to-3D-image-reconstruction/facescape_224/fsmview_trainset_12_10_dimpler_0.jpg,0.042517390102148056,0.04516711086034775,0.0026497207581996918,8.297503869980574,0.6715913414955139
612,/mnt/c/Users/Chirayu/Documents/GitHub/2D-to-3D-image-reconstruction/facescape_224/fsmview_trainset_14_18_eye_closed_19.jpg,0.04264846816658974,0.04517335072159767,0.0025248825550079346,7.195725385099649,0.6436769962310791
1081,/mnt/c/Users/Chirayu/Documents/GitHub/2D-to-3D-image-reconstruction/facescape_224/fsmview_trainset_10_19_brow_raiser_18.jpg,0.04462846368551254,0.04519385099411011,0.0005653873085975647,8.101926513016224,0.6797693371772766
700,/mnt/c/Users/Chirayu/Documents/GitHub/2D-to-3D-image-reconstruction/facescape_224/fsmview_trainset_4_4_anger_7.jpg,0.03902173414826393,0.04523227736353874,0.006210543215274811,7.891904551535845,0.6703711748123169
1416,/mnt/c/Users/Chirayu/Documents/GitHub/2D-to-3D-image-reconstruction/facescape_224/fsmview_trainset_8_11_chin_raiser_22.jpg,0.04801405966281891,0.04528707638382912,-0.002726983278989792,8.399522328749299,0.7108660936355591
795,/mnt/c/Users/Chirayu/Documents/GitHub/2D-to-3D-image-reconstruction/facescape_224/fsmview_trainset_3_3_mouth_stretch_9.jpg,0.044804010540246964,0.045370444655418396,0.0005664341151714325,7.543758995831013,0.7007856965065002
206,/mnt/c/Users/Chirayu/Documents/GitHub/2D-to-3D-image-reconstruction/facescape_224/fsmview_trainset_12_20_brow_lower_43.jpg,0.047291334718465805,0.04538331180810928,-0.0019080229103565216,8.914695685729384,0.7064919471740723
1268,/mnt/c/Users/Chirayu/Documents/GitHub/2D-to-3D-image-reconstruction/facescape_224/fsmview_trainset_10_11_chin_raiser_4.jpg,0.03888988867402077,0.04539647698402405,0.006506588310003281,7.6762701869010925,0.6641168594360352
1242,/mnt/c/Users/Chirayu/Documents/GitHub/2D-to-3D-image-reconstruction/facescape_224/fsmview_trainset_14_9_mouth_right_38.jpg,0.05334649980068207,0.04540166258811951,-0.007944837212562561,7.8938653245568275,0.6597363352775574
148,/mnt/c/Users/Chirayu/Documents/GitHub/2D-to-3D-image-reconstruction/facescape_224/fsmview_trainset_17_9_mouth_right_31.jpg,0.04289812967181206,0.045402783900499344,0.0025046542286872864,8.632573211565614,0.7046535015106201
324,/mnt/c/Users/Chirayu/Documents/GitHub/2D-to-3D-image-reconstruction/facescape_224/fsmview_trainset_11_18_eye_closed_23.jpg,0.04800165444612503,0.045407820492982864,-0.002593833953142166,8.193793892860413,0.645662784576416
48,/mnt/c/Users/Chirayu/Documents/GitHub/2D-to-3D-image-reconstruction/facescape_224/fsmview_trainset_12_8_mouth_left_29.jpg,0.04842405393719673,0.04541699215769768,-0.003007061779499054,8.430553879588842,0.7030714154243469
1051,/mnt/c/Users/Chirayu/Documents/GitHub/2D-to-3D-image-reconstruction/facescape_224/fsmview_trainset_11_17_cheek_blowing_22.jpg,0.04271026700735092,0.04544106498360634,0.002730797976255417,7.998346522450447,0.6719602942466736
410,/mnt/c/Users/Chirayu/Documents/GitHub/2D-to-3D-image-reconstruction/facescape_224/fsmview_trainset_17_4_anger_18.jpg,0.042992591857910156,0.04546466842293739,0.002472076565027237,8.788559515960515,0.7176963686943054
913,/mnt/c/Users/Chirayu/Documents/GitHub/2D-to-3D-image-reconstruction/facescape_224/fsmview_trainset_3_5_jaw_left_23.jpg,0.04488782957196236,0.04546745494008064,0.0005796253681182861,8.179333162494004,0.665817141532898
1660,/mnt/c/Users/Chirayu/Documents/GitHub/2D-to-3D-image-reconstruction/facescape_224/fsmview_trainset_5_18_eye_closed_23.jpg,0.03596348688006401,0.04548126086592674,0.009517773985862732,8.457636579871178,0.755969226360321
1951,/mnt/c/Users/Chirayu/Documents/GitHub/2D-to-3D-image-reconstruction/facescape_224/fsmview_trainset_3_15_lip_roll_32.jpg,0.044124897569417953,0.04551463946700096,0.0013897418975830078,8.264587357640266,0.6916494965553284
1283,/mnt/c/Users/Chirayu/Documents/GitHub/2D-to-3D-image-reconstruction/facescape_224/fsmview_trainset_8_8_mouth_left_46.jpg,0.042605478316545486,0.0455649308860302,0.0029594525694847107,7.93321105837822,0.67143714427948
1331,/mnt/c/Users/Chirayu/Documents/GitHub/2D-to-3D-image-reconstruction/facescape_224/fsmview_trainset_11_16_grin_67.jpg,0.04496966302394867,0.04561329260468483,0.0006436295807361603,8.547235537320375,0.688781201839447
1374,/mnt/c/Users/Chirayu/Documents/GitHub/2D-to-3D-image-reconstruction/facescape_224/fsmview_trainset_2_14_sadness_26.jpg,0.04658745601773262,0.045617178082466125,-0.0009702779352664948,9.179310945793986,0.7583732604980469
540,/mnt/c/Users/Chirayu/Documents/GitHub/2D-to-3D-image-reconstruction/facescape_224/fsmview_trainset_8_14_sadness_36.jpg,0.05395537242293358,0.04566042870283127,-0.00829494372010231,7.862730540335178,0.665038526058197
882,/mnt/c/Users/Chirayu/Documents/GitHub/2D-to-3D-image-reconstruction/facescape_224/fsmview_trainset_8_14_sadness_12.jpg,0.04595703259110451,0.04566342756152153,-0.0002936050295829773,7.937837183475494,0.716307520866394
982,/mnt/c/Users/Chirayu/Documents/GitHub/2D-to-3D-image-reconstruction/facescape_224/fsmview_trainset_12_8_mouth_left_43.jpg,0.04388825595378876,0.04572496935725212,0.0018367134034633636,7.81132110953331,0.6341902017593384
1066,/mnt/c/Users/Chirayu/Documents/GitHub/2D-to-3D-image-reconstruction/facescape_224/fsmview_trainset_6_19_brow_raiser_23.jpg,0.0448249951004982,0.045757316052913666,0.0009323209524154663,8.059980355203152,0.6963295936584473
1730,/mnt/c/Users/Chirayu/Documents/GitHub/2D-to-3D-image-reconstruction/facescape_224/fsmview_trainset_14_2_smile_62.jpg,0.04622568190097809,0.04584554210305214,-0.0003801397979259491,8.648461734876037,0.7605724334716797
86,/mnt/c/Users/Chirayu/Documents/GitHub/2D-to-3D-image-reconstruction/facescape_224/fsmview_trainset_5_17_cheek_blowing_2.jpg,0.04717346653342247,0.04584573209285736,-0.0013277344405651093,8.185633812099695,0.665323793888092
812,/mnt/c/Users/Chirayu/Documents/GitHub/2D-to-3D-image-reconstruction/facescape_224/fsmview_trainset_18_15_lip_roll_5.jpg,0.042056091129779816,0.04587508738040924,0.003818996250629425,8.449461348354816,0.7216816544532776
1941,/mnt/c/Users/Chirayu/Documents/GitHub/2D-to-3D-image-reconstruction/facescape_224/fsmview_trainset_6_7_jaw_forward_15.jpg,0.04128905013203621,0.045926716178655624,0.004637666046619415,8.359114944934845,0.6891108751296997
1628,/mnt/c/Users/Chirayu/Documents/GitHub/2D-to-3D-image-reconstruction/facescape_224/fsmview_trainset_12_1_neutral_45.jpg,0.051813315600156784,0.045969150960445404,-0.00584416463971138,8.995041998103261,0.7233660817146301
227,/mnt/c/Users/Chirayu/Documents/GitHub/2D-to-3D-image-reconstruction/facescape_224/fsmview_trainset_6_19_brow_raiser_8.jpg,0.04367406293749809,0.04599553719162941,0.002321474254131317,8.046813819557428,0.67741858959198
892,/mnt/c/Users/Chirayu/Documents/GitHub/2D-to-3D-image-reconstruction/facescape_224/fsmview_trainset_6_20_brow_lower_28.jpg,0.04022357240319252,0.04600673168897629,0.005783159285783768,7.71441100910306,0.6573798656463623
1186,/mnt/c/Users/Chirayu/Documents/GitHub/2D-to-3D-image-reconstruction/facescape_224/fsmview_trainset_12_2_smile_50.jpg,0.05429764464497566,0.04605179652571678,-0.00824584811925888,8.820570524781942,0.7125527262687683
1290,/mnt/c/Users/Chirayu/Documents/GitHub/2D-to-3D-image-reconstruction/facescape_224/fsmview_trainset_3_3_mouth_stretch_27.jpg,0.04762864112854004,0.04605633392930031,-0.0015723071992397308,7.9071370754390955,0.6957118511199951
1382,/mnt/c/Users/Chirayu/Documents/GitHub/2D-to-3D-image-reconstruction/facescape_224/fsmview_trainset_17_14_sadness_35.jpg,0.04424909129738808,0.0460641123354435,0.00181502103805542,8.373405180871487,0.7147839665412903
389,/mnt/c/Users/Chirayu/Documents/GitHub/2D-to-3D-image-reconstruction/facescape_224/fsmview_trainset_5_3_mouth_stretch_29.jpg,0.04362965375185013,0.046104177832603455,0.0024745240807533264,7.895252659916878,0.7094023823738098
1897,/mnt/c/Users/Chirayu/Documents/GitHub/2D-to-3D-image-reconstruction/facescape_224/fsmview_trainset_6_16_grin_30.jpg,0.0498347282409668,0.04611317440867424,-0.0037215538322925568,7.9906013291329145,0.6697597503662109
1410,/mnt/c/Users/Chirayu/Documents/GitHub/2D-to-3D-image-reconstruction/facescape_224/fsmview_trainset_3_3_mouth_stretch_35.jpg,0.042091161012649536,0.0461166687309742,0.004025507718324661,7.646677136421204,0.7130964398384094
1178,/mnt/c/Users/Chirayu/Documents/GitHub/2D-to-3D-image-reconstruction/facescape_224/fsmview_trainset_6_1_neutral_2.jpg,0.045405637472867966,0.046117160469293594,0.0007115229964256287,8.344856351613998,0.6999208331108093
1641,/mnt/c/Users/Chirayu/Documents/GitHub/2D-to-3D-image-reconstruction/facescape_224/fsmview_trainset_18_2_smile_9.jpg,0.041424352675676346,0.04613754525780678,0.004713192582130432,8.173356126993895,0.6768184900283813
60,/mnt/c/Users/Chirayu/Documents/GitHub/2D-to-3D-image-reconstruction/facescape_224/fsmview_trainset_15_6_jaw_right_42.jpg,0.044814739376306534,0.04618291184306145,0.0013681724667549133,8.112691819667816,0.6874226927757263
834,/mnt/c/Users/Chirayu/Documents/GitHub/2D-to-3D-image-reconstruction/facescape_224/fsmview_trainset_5_16_grin_19.jpg,0.04297063872218132,0.0461973175406456,0.003226678818464279,8.844666732475162,0.7410733699798584
1418,/mnt/c/Users/Chirayu/Documents/GitHub/2D-to-3D-image-reconstruction/facescape_224/fsmview_trainset_4_12_lip_puckerer_22.jpg,0.04771154001355171,0.04625778645277023,-0.0014537535607814789,8.249255694448948,0.6746373772621155
1582,/mnt/c/Users/Chirayu/Documents/GitHub/2D-to-3D-image-reconstruction/facescape_224/fsmview_trainset_3_18_eye_closed_28.jpg,0.04477839916944504,0.046267446130514145,0.001489046961069107,7.658287830650806,0.6544907093048096
1368,/mnt/c/Users/Chirayu/Documents/GitHub/2D-to-3D-image-reconstruction/facescape_224/fsmview_trainset_6_6_jaw_right_55.jpg,0.05004284530878067,0.04630812630057335,-0.003734719008207321,7.381321467459202,0.6828410029411316
570,/mnt/c/Users/Chirayu/Documents/GitHub/2D-to-3D-image-reconstruction/facescape_224/fsmview_trainset_6_7_jaw_forward_27.jpg,0.049600422382354736,0.046412143856287,-0.0031882785260677338,8.368554640561342,0.6924408674240112
17,/mnt/c/Users/Chirayu/Documents/GitHub/2D-to-3D-image-reconstruction/facescape_224/fsmview_trainset_4_7_jaw_forward_36.jpg,0.045108143240213394,0.046415336430072784,0.0013071931898593903,7.396491210907698,0.6513913869857788
1109,/mnt/c/Users/Chirayu/Documents/GitHub/2D-to-3D-image-reconstruction/facescape_224/fsmview_trainset_6_5_jaw_left_58.jpg,0.04958581179380417,0.04642948880791664,-0.0031563229858875275,7.875063579529524,0.7123174667358398
749,/mnt/c/Users/Chirayu/Documents/GitHub/2D-to-3D-image-reconstruction/facescape_224/fsmview_trainset_1_2_smile_35.jpg,0.05110413581132889,0.04646017402410507,-0.004643961787223816,8.264534391462803,0.7153792977333069
1707,/mnt/c/Users/Chirayu/Documents/GitHub/2D-to-3D-image-reconstruction/facescape_224/fsmview_trainset_10_4_anger_16.jpg,0.044562920928001404,0.04650847241282463,0.001945551484823227,7.7550951056182384,0.6543891429901123
200,/mnt/c/Users/Chirayu/Documents/GitHub/2D-to-3D-image-reconstruction/facescape_224/fsmview_trainset_9_10_dimpler_20.jpg,0.04735990986227989,0.04657147824764252,-0.0007884316146373749,8.887556675821543,0.7242138385772705
102,/mnt/c/Users/Chirayu/Documents/GitHub/2D-to-3D-image-reconstruction/facescape_224/fsmview_trainset_17_19_brow_raiser_30.jpg,0.05125458538532257,0.046578340232372284,-0.004676245152950287,8.817176472395658,0.7164245843887329
1192,/mnt/c/Users/Chirayu/Documents/GitHub/2D-to-3D-image-reconstruction/facescape_224/fsmview_trainset_5_10_dimpler_9.jpg,0.05024176463484764,0.04658116027712822,-0.0036606043577194214,7.755222901701927,0.6661252379417419
346,/mnt/c/Users/Chirayu/Documents/GitHub/2D-to-3D-image-reconstruction/facescape_224/fsmview_trainset_4_1_neutral_39.jpg,0.05322668328881264,0.04658763110637665,-0.006639052182435989,8.20178498327732,0.7135409116744995
679,/mnt/c/Users/Chirayu/Documents/GitHub/2D-to-3D-image-reconstruction/facescape_224/fsmview_trainset_10_14_sadness_39.jpg,0.0473070852458477,0.046603724360466,-0.0007033608853816986,7.856822159141302,0.6701177954673767
272,/mnt/c/Users/Chirayu/Documents/GitHub/2D-to-3D-image-reconstruction/facescape_224/fsmview_trainset_20_12_lip_puckerer_36.jpg,0.05109025537967682,0.04661284387111664,-0.004477411508560181,8.394734202884138,0.7134961485862732
1753,/mnt/c/Users/Chirayu/Documents/GitHub/2D-to-3D-image-reconstruction/facescape_224/fsmview_trainset_9_6_jaw_right_53.jpg,0.04971972107887268,0.04670538008213043,-0.0030143409967422485,7.723001152276993,0.6821473240852356
317,/mnt/c/Users/Chirayu/Documents/GitHub/2D-to-3D-image-reconstruction/facescape_224/fsmview_trainset_3_16_grin_34.jpg,0.04374602809548378,0.04676353186368942,0.0030175037682056427,7.805686552077532,0.6625276207923889
1328,/mnt/c/Users/Chirayu/Documents/GitHub/2D-to-3D-image-reconstruction/facescape_224/fsmview_trainset_18_6_jaw_right_16.jpg,0.04601457715034485,0.04677065089344978,0.0007560737431049347,8.097187958657742,0.6632528901100159
72,/mnt/c/Users/Chirayu/Documents/GitHub/2D-to-3D-image-reconstruction/facescape_224/fsmview_trainset_13_14_sadness_7.jpg,0.04226153716444969,0.04677750915288925,0.00451597198843956,8.785919111222029,0.7524657249450684
1940,/mnt/c/Users/Chirayu/Documents/GitHub/2D-to-3D-image-reconstruction/facescape_224/fsmview_trainset_16_8_mouth_left_20.jpg,0.05125952512025833,0.04679204523563385,-0.004467479884624481,9.01255195401609,0.7429075241088867
1577,/mnt/c/Users/Chirayu/Documents/GitHub/2D-to-3D-image-reconstruction/facescape_224/fsmview_trainset_3_1_neutral_3.jpg,0.048209335654973984,0.046801984310150146,-0.0014073513448238373,7.453000970184803,0.680740237236023
1235,/mnt/c/Users/Chirayu/Documents/GitHub/2D-to-3D-image-reconstruction/facescape_224/fsmview_trainset_4_14_sadness_39.jpg,0.054499100893735886,0.04682224616408348,-0.007676854729652405,8.179992120712996,0.7008062601089478
350,/mnt/c/Users/Chirayu/Documents/GitHub/2D-to-3D-image-reconstruction/facescape_224/fsmview_trainset_6_2_smile_24.jpg,0.048268891870975494,0.04683597758412361,-0.001432914286851883,8.303843416273594,0.7137161493301392
274,/mnt/c/Users/Chirayu/Documents/GitHub/2D-to-3D-image-reconstruction/facescape_224/fsmview_trainset_11_9_mouth_right_34.jpg,0.047243040055036545,0.04683886468410492,-0.00040417537093162537,8.65142373740673,0.7116519808769226
283,/mnt/c/Users/Chirayu/Documents/GitHub/2D-to-3D-image-reconstruction/facescape_224/fsmview_trainset_2_15_lip_roll_34.jpg,0.0426526702940464,0.046848051249980927,0.0041953809559345245,8.342965433374047,0.7084927558898926
704,/mnt/c/Users/Chirayu/Documents/GitHub/2D-to-3D-image-reconstruction/facescape_224/fsmview_trainset_12_18_eye_closed_41.jpg,0.04884126037359238,0.046932511031627655,-0.0019087493419647217,8.688959300518036,0.7574868202209473
1720,/mnt/c/Users/Chirayu/Documents/GitHub/2D-to-3D-image-reconstruction/facescape_224/fsmview_trainset_18_10_dimpler_5.jpg,0.04907183349132538,0.04694606363773346,-0.002125769853591919,8.711361356079578,0.7063753604888916
104,/mnt/c/Users/Chirayu/Documents/GitHub/2D-to-3D-image-reconstruction/facescape_224/fsmview_trainset_20_2_smile_33.jpg,0.04167971760034561,0.04698016494512558,0.005300447344779968,7.548065856099129,0.7072228789329529
1906,/mnt/c/Users/Chirayu/Documents/GitHub/2D-to-3D-image-reconstruction/facescape_224/fsmview_trainset_9_4_anger_27.jpg,0.04898807406425476,0.04700567573308945,-0.0019823983311653137,8.25629168562591,0.6876392364501953
1778,/mnt/c/Users/Chirayu/Documents/GitHub/2D-to-3D-image-reconstruction/facescape_224/fsmview_trainset_16_16_grin_22.jpg,0.048069749027490616,0.047053251415491104,-0.0010164976119995117,9.124949557706714,0.7447699904441833
656,/mnt/c/Users/Chirayu/Documents/GitHub/2D-to-3D-image-reconstruction/facescape_224/fsmview_trainset_3_14_sadness_24.jpg,0.04497963562607765,0.047134485095739365,0.0021548494696617126,8.523300017230213,0.6923530697822571
1198,/mnt/c/Users/Chirayu/Documents/GitHub/2D-to-3D-image-reconstruction/facescape_224/fsmview_trainset_1_11_chin_raiser_4.jpg,0.04482003301382065,0.04714350029826164,0.0023234672844409943,7.913393959403038,0.6553500890731812
49,/mnt/c/Users/Chirayu/Documents/GitHub/2D-to-3D-image-reconstruction/facescape_224/fsmview_trainset_13_7_jaw_forward_44.jpg,0.04211851581931114,0.047159966081380844,0.005041450262069702,8.582179579883814,0.7342978119850159
714,/mnt/c/Users/Chirayu/Documents/GitHub/2D-to-3D-image-reconstruction/facescape_224/fsmview_trainset_20_14_sadness_42.jpg,0.04794005677103996,0.047163233160972595,-0.0007768236100673676,8.445111995562911,0.6679958701133728
513,/mnt/c/Users/Chirayu/Documents/GitHub/2D-to-3D-image-reconstruction/facescape_224/fsmview_trainset_6_10_dimpler_26.jpg,0.048085927963256836,0.04726475104689598,-0.0008211769163608551,8.044427725486457,0.6829398274421692
622,/mnt/c/Users/Chirayu/Documents/GitHub/2D-to-3D-image-reconstruction/facescape_224/fsmview_trainset_5_1_neutral_27.jpg,0.04168863222002983,0.04728763923048973,0.0055990070104599,7.635784093290567,0.6381518244743347
277,/mnt/c/Users/Chirayu/Documents/GitHub/2D-to-3D-image-reconstruction/facescape_224/fsmview_trainset_9_3_mouth_stretch_32.jpg,0.041460100561380386,0.04729662835597992,0.005836527794599533,7.53124412894249,0.7109253406524658
212,/mnt/c/Users/Chirayu/Documents/GitHub/2D-to-3D-image-reconstruction/facescape_224/fsmview_trainset_6_7_jaw_forward_19.jpg,0.04460112750530243,0.047299884259700775,0.002698756754398346,8.579347476363182,0.7070878744125366
1918,/mnt/c/Users/Chirayu/Documents/GitHub/2D-to-3D-image-reconstruction/facescape_224/fsmview_trainset_17_16_grin_18.jpg,0.043245140463113785,0.04745614528656006,0.004211004823446274,8.732509485445917,0.7142055630683899
1697,/mnt/c/Users/Chirayu/Documents/GitHub/2D-to-3D-image-reconstruction/facescape_224/fsmview_trainset_2_11_chin_raiser_28.jpg,0.04243975505232811,0.04749857261776924,0.005058817565441132,7.664582284167409,0.6437735557556152
426,/mnt/c/Users/Chirayu/Documents/GitHub/2D-to-3D-image-reconstruction/facescape_224/fsmview_trainset_16_4_anger_50.jpg,0.047085728496313095,0.047515228390693665,0.00042949989438056946,8.032329823821783,0.6758683919906616
1552,/mnt/c/Users/Chirayu/Documents/GitHub/2D-to-3D-image-reconstruction/facescape_224/fsmview_trainset_20_20_brow_lower_59.jpg,0.04692135006189346,0.04752429202198982,0.0006029419600963593,7.597293276339769,0.6241979598999023
383,/mnt/c/Users/Chirayu/Documents/GitHub/2D-to-3D-image-reconstruction/facescape_224/fsmview_trainset_10_10_dimpler_7.jpg,0.040513888001441956,0.047551728785037994,0.007037840783596039,7.437942299991846,0.6481426954269409
131,/mnt/c/Users/Chirayu/Documents/GitHub/2D-to-3D-image-reconstruction/facescape_224/fsmview_trainset_3_16_grin_3.jpg,0.04859995096921921,0.04756451025605202,-0.0010354407131671906,7.066223572939634,0.6747329235076904
495,/mnt/c/Users/Chirayu/Documents/GitHub/2D-to-3D-image-reconstruction/facescape_224/fsmview_trainset_13_11_chin_raiser_15.jpg,0.043661266565322876,0.0475662462413311,0.0039049796760082245,8.522147610783577,0.7169538736343384
405,/mnt/c/Users/Chirayu/Documents/GitHub/2D-to-3D-image-reconstruction/facescape_224/fsmview_trainset_2_6_jaw_right_15.jpg,0.04536633566021919,0.047605276107788086,0.0022389404475688934,8.594028153456748,0.7085258960723877
1466,/mnt/c/Users/Chirayu/Documents/GitHub/2D-to-3D-image-reconstruction/facescape_224/fsmview_trainset_17_4_anger_27.jpg,0.04634879529476166,0.04765651002526283,0.001307714730501175,9.073738412931561,0.7568534016609192
392,/mnt/c/Users/Chirayu/Documents/GitHub/2D-to-3D-image-reconstruction/facescape_224/fsmview_trainset_8_13_lip_funneler_50.jpg,0.04690195247530937,0.047708384692668915,0.0008064322173595428,7.720302198082209,0.6929802298545837
1391,/mnt/c/Users/Chirayu/Documents/GitHub/2D-to-3D-image-reconstruction/facescape_224/fsmview_trainset_6_8_mouth_left_21.jpg,0.041136234998703,0.04774685949087143,0.0066106244921684265,8.103714764118195,0.6982216238975525
1402,/mnt/c/Users/Chirayu/Documents/GitHub/2D-to-3D-image-reconstruction/facescape_224/fsmview_trainset_5_10_dimpler_20.jpg,0.046855438500642776,0.04775867611169815,0.0009032376110553741,8.576595234684646,0.7326623201370239
235,/mnt/c/Users/Chirayu/Documents/GitHub/2D-to-3D-image-reconstruction/facescape_224/fsmview_trainset_3_4_anger_24.jpg,0.04773712530732155,0.04776161536574364,2.4490058422088623e-05,8.728162195533514,0.723790168762207
1562,/mnt/c/Users/Chirayu/Documents/GitHub/2D-to-3D-image-reconstruction/facescape_224/fsmview_trainset_18_2_smile_22.jpg,0.04764736816287041,0.04778913035988808,0.00014176219701766968,8.89075069874525,0.7196319103240967
1504,/mnt/c/Users/Chirayu/Documents/GitHub/2D-to-3D-image-reconstruction/facescape_224/fsmview_trainset_2_9_mouth_right_32.jpg,0.042808644473552704,0.047808486968278885,0.004999842494726181,7.793183919042349,0.7039855718612671
462,/mnt/c/Users/Chirayu/Documents/GitHub/2D-to-3D-image-reconstruction/facescape_224/fsmview_trainset_5_15_lip_roll_4.jpg,0.05760788545012474,0.04781264066696167,-0.00979524478316307,7.859530076384544,0.7088825106620789
73,/mnt/c/Users/Chirayu/Documents/GitHub/2D-to-3D-image-reconstruction/facescape_224/fsmview_trainset_10_14_sadness_54.jpg,0.04616028070449829,0.04783483222126961,0.0016745515167713165,8.27229946386069,0.7049965262413025
1797,/mnt/c/Users/Chirayu/Documents/GitHub/2D-to-3D-image-reconstruction/facescape_224/fsmview_trainset_14_4_anger_59.jpg,0.04385397210717201,0.047879647463560104,0.004025675356388092,7.039603125303984,0.6167497038841248
1718,/mnt/c/Users/Chirayu/Documents/GitHub/2D-to-3D-image-reconstruction/facescape_224/fsmview_trainset_13_15_lip_roll_25.jpg,0.04582974687218666,0.04788219928741455,0.00205245241522789,8.199087273329496,0.644473135471344
1853,/mnt/c/Users/Chirayu/Documents/GitHub/2D-to-3D-image-reconstruction/facescape_224/fsmview_trainset_11_19_brow_raiser_41.jpg,0.04795101657509804,0.047949258238077164,-1.7583370208740234e-06,8.085586249828339,0.6467104554176331
1486,/mnt/c/Users/Chirayu/Documents/GitHub/2D-to-3D-image-reconstruction/facescape_224/fsmview_trainset_10_20_brow_lower_39.jpg,0.04547686129808426,0.04796024039387703,0.0024833790957927704,8.011501904577017,0.6736390590667725
886,/mnt/c/Users/Chirayu/Documents/GitHub/2D-to-3D-image-reconstruction/facescape_224/fsmview_trainset_13_3_mouth_stretch_50.jpg,0.04875004291534424,0.04802609980106354,-0.0007239431142807007,7.265974339097738,0.6789056658744812
752,/mnt/c/Users/Chirayu/Documents/GitHub/2D-to-3D-image-reconstruction/facescape_224/fsmview_trainset_4_2_smile_50.jpg,0.044445887207984924,0.04803086817264557,0.0035849809646606445,8.69184135645628,0.7212681174278259
750,/mnt/c/Users/Chirayu/Documents/GitHub/2D-to-3D-image-reconstruction/facescape_224/fsmview_trainset_13_15_lip_roll_29.jpg,0.042204350233078,0.04804612323641777,0.0058417730033397675,8.024637334048748,0.6306995153427124
1771,/mnt/c/Users/Chirayu/Documents/GitHub/2D-to-3D-image-reconstruction/facescape_224/fsmview_trainset_17_20_brow_lower_19.jpg,0.04762261360883713,0.048085007816553116,0.00046239420771598816,8.791786439716816,0.7321245074272156
1559,/mnt/c/Users/Chirayu/Documents/GitHub/2D-to-3D-image-reconstruction/facescape_224/fsmview_trainset_1_13_lip_funneler_23.jpg,0.04944263771176338,0.048108961433172226,-0.001333676278591156,8.069821629673243,0.6919677257537842
1360,/mnt/c/Users/Chirayu/Documents/GitHub/2D-to-3D-image-reconstruction/facescape_224/fsmview_trainset_18_13_lip_funneler_24.jpg,0.046350691467523575,0.048136305063962936,0.0017856135964393616,8.66762319765985,0.7299638986587524
818,/mnt/c/Users/Chirayu/Documents/GitHub/2D-to-3D-image-reconstruction/facescape_224/fsmview_trainset_12_18_eye_closed_16.jpg,0.05053924024105072,0.048145800828933716,-0.0023934394121170044,8.890383593738079,0.7425028085708618
1551,/mnt/c/Users/Chirayu/Documents/GitHub/2D-to-3D-image-reconstruction/facescape_224/fsmview_trainset_14_20_brow_lower_62.jpg,0.03977794945240021,0.048189155757427216,0.008411206305027008,7.820055723190308,0.6860967874526978
738,/mnt/c/Users/Chirayu/Documents/GitHub/2D-to-3D-image-reconstruction/facescape_224/fsmview_trainset_8_20_brow_lower_25.jpg,0.050733599811792374,0.04820084944367409,-0.002532750368118286,7.928983584046364,0.7065064907073975
1012,/mnt/c/Users/Chirayu/Documents/GitHub/2D-to-3D-image-reconstruction/facescape_224/fsmview_trainset_17_1_neutral_35.jpg,0.049509186297655106,0.04821284860372543,-0.0012963376939296722,8.42004119977355,0.7218895554542542
30,/mnt/c/Users/Chirayu/Documents/GitHub/2D-to-3D-image-reconstruction/facescape_224/fsmview_trainset_3_7_jaw_forward_29.jpg,0.040719255805015564,0.04821714386343956,0.007497888058423996,8.155577711760998,0.7125726342201233
777,/mnt/c/Users/Chirayu/Documents/GitHub/2D-to-3D-image-reconstruction/facescape_224/fsmview_trainset_9_11_chin_raiser_17.jpg,0.047870881855487823,0.04824118688702583,0.00037030503153800964,8.635756241157651,0.7077312469482422
1034,/mnt/c/Users/Chirayu/Documents/GitHub/2D-to-3D-image-reconstruction/facescape_224/fsmview_trainset_9_20_brow_lower_9.jpg,0.04205998405814171,0.048283785581588745,0.006223801523447037,7.850476548075676,0.7272162437438965
1513,/mnt/c/Users/Chirayu/Documents/GitHub/2D-to-3D-image-reconstruction/facescape_224/fsmview_trainset_13_7_jaw_forward_11.jpg,0.05501067638397217,0.04829467087984085,-0.006716005504131317,8.033799566328526,0.6715959906578064
13,/mnt/c/Users/Chirayu/Documents/GitHub/2D-to-3D-image-reconstruction/facescape_224/fsmview_trainset_10_19_brow_raiser_7.jpg,0.041757982224226,0.04831620678305626,0.006558224558830261,7.6507786102592945,0.6656660437583923
698,/mnt/c/Users/Chirayu/Documents/GitHub/2D-to-3D-image-reconstruction/facescape_224/fsmview_trainset_9_11_chin_raiser_34.jpg,0.040604837238788605,0.048355668783187866,0.0077508315443992615,7.953815963119268,0.6574037075042725
1675,/mnt/c/Users/Chirayu/Documents/GitHub/2D-to-3D-image-reconstruction/facescape_224/fsmview_trainset_17_3_mouth_stretch_30.jpg,0.04633570462465286,0.048371173441410065,0.002035468816757202,8.328126823529601,0.7230825424194336
187,/mnt/c/Users/Chirayu/Documents/GitHub/2D-to-3D-image-reconstruction/facescape_224/fsmview_trainset_7_8_mouth_left_26.jpg,0.043688248842954636,0.04838648438453674,0.0046982355415821075,8.115984819829464,0.660808265209198
552,/mnt/c/Users/Chirayu/Documents/GitHub/2D-to-3D-image-reconstruction/facescape_224/fsmview_trainset_17_19_brow_raiser_15.jpg,0.04787150025367737,0.04839632287621498,0.0005248226225376129,8.626618013717234,0.7079720497131348
1815,/mnt/c/Users/Chirayu/Documents/GitHub/2D-to-3D-image-reconstruction/facescape_224/fsmview_trainset_19_20_brow_lower_0.jpg,0.05330769345164299,0.0484720803797245,-0.0048356130719184875,7.7611870020627975,0.6506897211074829
741,/mnt/c/Users/Chirayu/Documents/GitHub/2D-to-3D-image-reconstruction/facescape_224/fsmview_trainset_7_11_chin_raiser_27.jpg,0.05107489600777626,0.04852243885397911,-0.0025524571537971497,7.954700138419867,0.6335282325744629
1857,/mnt/c/Users/Chirayu/Documents/GitHub/2D-to-3D-image-reconstruction/facescape_224/fsmview_trainset_6_19_brow_raiser_9.jpg,0.05300372466444969,0.048561278730630875,-0.004442445933818817,8.500201482325792,0.7179075479507446
827,/mnt/c/Users/Chirayu/Documents/GitHub/2D-to-3D-image-reconstruction/facescape_224/fsmview_trainset_10_8_mouth_left_4.jpg,0.04280255734920502,0.04858133941888809,0.005778782069683075,7.532990217208862,0.648377001285553
1605,/mnt/c/Users/Chirayu/Documents/GitHub/2D-to-3D-image-reconstruction/facescape_224/fsmview_trainset_20_2_smile_28.jpg,0.04812152683734894,0.048594266176223755,0.0004727393388748169,7.821568716317415,0.6668189764022827
332,/mnt/c/Users/Chirayu/Documents/GitHub/2D-to-3D-image-reconstruction/facescape_224/fsmview_trainset_2_10_dimpler_30.jpg,0.05006440356373787,0.04859776794910431,-0.0014666356146335602,8.956186145544052,0.7405999898910522
94,/mnt/c/Users/Chirayu/Documents/GitHub/2D-to-3D-image-reconstruction/facescape_224/fsmview_trainset_5_2_smile_9.jpg,0.05049535259604454,0.048599448055028915,-0.001895904541015625,7.939060192555189,0.6512981057167053
423,/mnt/c/Users/Chirayu/Documents/GitHub/2D-to-3D-image-reconstruction/facescape_224/fsmview_trainset_12_9_mouth_right_54.jpg,0.053706951439380646,0.04864642396569252,-0.005060527473688126,8.896829022094607,0.7482415437698364
997,/mnt/c/Users/Chirayu/Documents/GitHub/2D-to-3D-image-reconstruction/facescape_224/fsmview_trainset_9_3_mouth_stretch_6.jpg,0.04445822164416313,0.0486949197947979,0.004236698150634766,7.588588107377291,0.6949058771133423
1365,/mnt/c/Users/Chirayu/Documents/GitHub/2D-to-3D-image-reconstruction/facescape_224/fsmview_trainset_2_7_jaw_forward_34.jpg,0.04165388643741608,0.048696793615818024,0.007042907178401947,8.413722943514585,0.6856210827827454
855,/mnt/c/Users/Chirayu/Documents/GitHub/2D-to-3D-image-reconstruction/facescape_224/fsmview_trainset_10_18_eye_closed_55.jpg,0.04834270104765892,0.048747215420007706,0.0004045143723487854,8.225861869286746,0.6989914178848267
1755,/mnt/c/Users/Chirayu/Documents/GitHub/2D-to-3D-image-reconstruction/facescape_224/fsmview_trainset_7_11_chin_raiser_25.jpg,0.04403948783874512,0.048770155757665634,0.004730667918920517,8.017367497086525,0.6611049175262451
3,/mnt/c/Users/Chirayu/Documents/GitHub/2D-to-3D-image-reconstruction/facescape_224/fsmview_trainset_7_2_smile_35.jpg,0.04712474346160889,0.0487758070230484,0.0016510635614395142,8.332229919731617,0.6750733852386475
1865,/mnt/c/Users/Chirayu/Documents/GitHub/2D-to-3D-image-reconstruction/facescape_224/fsmview_trainset_6_8_mouth_left_20.jpg,0.04759744182229042,0.04878711327910423,0.0011896714568138123,8.949762196280062,0.7759557366371155
618,/mnt/c/Users/Chirayu/Documents/GitHub/2D-to-3D-image-reconstruction/facescape_224/fsmview_trainset_15_6_jaw_right_18.jpg,0.050741419196128845,0.048788681626319885,-0.00195273756980896,8.04081367701292,0.7012902498245239
125,/mnt/c/Users/Chirayu/Documents/GitHub/2D-to-3D-image-reconstruction/facescape_224/fsmview_trainset_14_16_grin_38.jpg,0.058608196675777435,0.04878882318735123,-0.009819373488426208,7.859327111393213,0.6714683771133423
1023,/mnt/c/Users/Chirayu/Documents/GitHub/2D-to-3D-image-reconstruction/facescape_224/fsmview_trainset_10_15_lip_roll_40.jpg,0.05726459249854088,0.04879438877105713,-0.00847020372748375,8.338569454848766,0.7147949934005737
514,/mnt/c/Users/Chirayu/Documents/GitHub/2D-to-3D-image-reconstruction/facescape_224/fsmview_trainset_13_7_jaw_forward_16.jpg,0.05313263088464737,0.04881025105714798,-0.00432237982749939,8.561355299316347,0.721406877040863
64,/mnt/c/Users/Chirayu/Documents/GitHub/2D-to-3D-image-reconstruction/facescape_224/fsmview_trainset_2_11_chin_raiser_8.jpg,0.05124332010746002,0.0488240085542202,-0.0024193115532398224,9.375979833304882,0.7652303576469421
1115,/mnt/c/Users/Chirayu/Documents/GitHub/2D-to-3D-image-reconstruction/facescape_224/fsmview_trainset_14_19_brow_raiser_35.jpg,0.046168118715286255,0.04884583130478859,0.0026777125895023346,8.162195381708443,0.6937305927276611
287,/mnt/c/Users/Chirayu/Documents/GitHub/2D-to-3D-image-reconstruction/facescape_224/fsmview_trainset_3_13_lip_funneler_32.jpg,0.04587055742740631,0.04887710511684418,0.003006547689437866,7.6599045395851135,0.6921287775039673
236,/mnt/c/Users/Chirayu/Documents/GitHub/2D-to-3D-image-reconstruction/facescape_224/fsmview_trainset_12_13_lip_funneler_45.jpg,0.04942098259925842,0.04896759241819382,-0.0004533901810646057,8.72091156244278,0.7317526340484619
370,/mnt/c/Users/Chirayu/Documents/GitHub/2D-to-3D-image-reconstruction/facescape_224/fsmview_trainset_5_18_eye_closed_38.jpg,0.04725518822669983,0.049018699675798416,0.001763511449098587,7.544347893446684,0.6715675592422485
1626,/mnt/c/Users/Chirayu/Documents/GitHub/2D-to-3D-image-reconstruction/facescape_224/fsmview_trainset_5_3_mouth_stretch_31.jpg,0.046702370047569275,0.049022626131772995,0.00232025608420372,7.38352120295167,0.7254170775413513
1333,/mnt/c/Users/Chirayu/Documents/GitHub/2D-to-3D-image-reconstruction/facescape_224/fsmview_trainset_13_6_jaw_right_31.jpg,0.04897603392601013,0.0490667000412941,9.066611528396606e-05,8.460047702305019,0.7196735739707947
1016,/mnt/c/Users/Chirayu/Documents/GitHub/2D-to-3D-image-reconstruction/facescape_224/fsmview_trainset_1_19_brow_raiser_37.jpg,0.04011617600917816,0.04909861460328102,0.00898243859410286,9.13901336863637,0.7592760324478149
1773,/mnt/c/Users/Chirayu/Documents/GitHub/2D-to-3D-image-reconstruction/facescape_224/fsmview_trainset_5_17_cheek_blowing_19.jpg,0.04713575169444084,0.04910154268145561,0.0019657909870147705,8.508770275861025,0.7190110683441162
710,/mnt/c/Users/Chirayu/Documents/GitHub/2D-to-3D-image-reconstruction/facescape_224/fsmview_trainset_8_13_lip_funneler_36.jpg,0.05760063976049423,0.04910457134246826,-0.00849606841802597,7.6416825242340565,0.7182685732841492
1444,/mnt/c/Users/Chirayu/Documents/GitHub/2D-to-3D-image-reconstruction/facescape_224/fsmview_trainset_8_16_grin_12.jpg,0.0556497685611248,0.04913357272744179,-0.006516195833683014,7.635789155960083,0.6986435055732727
630,/mnt/c/Users/Chirayu/Documents/GitHub/2D-to-3D-image-reconstruction/facescape_224/fsmview_trainset_12_16_grin_49.jpg,0.05264842510223389,0.049187589436769485,-0.0034608356654644012,7.912576548755169,0.6872164011001587
1137,/mnt/c/Users/Chirayu/Documents/GitHub/2D-to-3D-image-reconstruction/facescape_224/fsmview_trainset_4_16_grin_47.jpg,0.043220747262239456,0.049228593707084656,0.0060078464448452,8.048106335103512,0.6625869274139404
663,/mnt/c/Users/Chirayu/Documents/GitHub/2D-to-3D-image-reconstruction/facescape_224/fsmview_trainset_8_8_mouth_left_2.jpg,0.051443539559841156,0.04925044998526573,-0.002193089574575424,7.67241707444191,0.666141927242279
563,/mnt/c/Users/Chirayu/Documents/GitHub/2D-to-3D-image-reconstruction/facescape_224/fsmview_trainset_4_18_eye_closed_50.jpg,0.04570925235748291,0.04929312691092491,0.0035838745534420013,8.599478051066399,0.7222316861152649
668,/mnt/c/Users/Chirayu/Documents/GitHub/2D-to-3D-image-reconstruction/facescape_224/fsmview_trainset_3_10_dimpler_47.jpg,0.04485407471656799,0.049406152218580246,0.004552077502012253,8.94389303214848,0.7424854040145874
1006,/mnt/c/Users/Chirayu/Documents/GitHub/2D-to-3D-image-reconstruction/facescape_224/fsmview_trainset_13_14_sadness_31.jpg,0.04166671633720398,0.049426499754190445,0.0077597834169864655,8.129683211445808,0.6445477604866028
1207,/mnt/c/Users/Chirayu/Documents/GitHub/2D-to-3D-image-reconstruction/facescape_224/fsmview_trainset_18_17_cheek_blowing_45.jpg,0.049531757831573486,0.049449220299720764,-8.253753185272217e-05,8.1942253485322,0.68517005443573
1570,/mnt/c/Users/Chirayu/Documents/GitHub/2D-to-3D-image-reconstruction/facescape_224/fsmview_trainset_18_17_cheek_blowing_19.jpg,0.055200912058353424,0.04944926127791405,-0.005751650780439377,8.733544114977121,0.7004325985908508
1686,/mnt/c/Users/Chirayu/Documents/GitHub/2D-to-3D-image-reconstruction/facescape_224/fsmview_trainset_8_13_lip_funneler_46.jpg,0.04627789556980133,0.049451522529125214,0.003173626959323883,7.521344676613808,0.7070720791816711
1442,/mnt/c/Users/Chirayu/Documents/GitHub/2D-to-3D-image-reconstruction/facescape_224/fsmview_trainset_7_14_sadness_35.jpg,0.048740584403276443,0.04953383654356003,0.0007932521402835846,8.236490819603205,0.6750504374504089
1119,/mnt/c/Users/Chirayu/Documents/GitHub/2D-to-3D-image-reconstruction/facescape_224/fsmview_trainset_19_10_dimpler_16.jpg,0.04874144494533539,0.04955948144197464,0.0008180364966392517,8.711974499747157,0.7258392572402954
190,/mnt/c/Users/Chirayu/Documents/GitHub/2D-to-3D-image-reconstruction/facescape_224/fsmview_trainset_1_18_eye_closed_55.jpg,0.046627774834632874,0.04956412315368652,0.00293634831905365,8.12162884324789,0.737440288066864
1926,/mnt/c/Users/Chirayu/Documents/GitHub/2D-to-3D-image-reconstruction/facescape_224/fsmview_trainset_18_17_cheek_blowing_6.jpg,0.052243009209632874,0.049639198929071426,-0.002603810280561447,8.506523720920086,0.6864761114120483
1141,/mnt/c/Users/Chirayu/Documents/GitHub/2D-to-3D-image-reconstruction/facescape_224/fsmview_trainset_5_19_brow_raiser_27.jpg,0.05115199834108353,0.049777667969465256,-0.0013743303716182709,8.949177934788167,0.761625349521637
1578,/mnt/c/Users/Chirayu/Documents/GitHub/2D-to-3D-image-reconstruction/facescape_224/fsmview_trainset_6_3_mouth_stretch_31.jpg,0.05300202593207359,0.04983052238821983,-0.0031715035438537598,7.29508276283741,0.7580074667930603
807,/mnt/c/Users/Chirayu/Documents/GitHub/2D-to-3D-image-reconstruction/facescape_224/fsmview_trainset_8_14_sadness_2.jpg,0.05333205685019493,0.049867138266563416,-0.0034649185836315155,7.628867723047733,0.6773663759231567
936,/mnt/c/Users/Chirayu/Documents/GitHub/2D-to-3D-image-reconstruction/facescape_224/fsmview_trainset_17_10_dimpler_34.jpg,0.04382766783237457,0.04987982288002968,0.006052155047655106,7.965614374727011,0.661030113697052
1535,/mnt/c/Users/Chirayu/Documents/GitHub/2D-to-3D-image-reconstruction/facescape_224/fsmview_trainset_20_1_neutral_27.jpg,0.05449428781867027,0.04992254823446274,-0.004571739584207535,8.169437438249588,0.6945460438728333
1447,/mnt/c/Users/Chirayu/Documents/GitHub/2D-to-3D-image-reconstruction/facescape_224/fsmview_trainset_17_16_grin_13.jpg,0.049747150391340256,0.049923356622457504,0.00017620623111724854,8.453331831842661,0.7259308695793152
301,/mnt/c/Users/Chirayu/Documents/GitHub/2D-to-3D-image-reconstruction/facescape_224/fsmview_trainset_19_4_anger_16.jpg,0.05268030986189842,0.04992871731519699,-0.0027515925467014313,9.167186886072159,0.7658498287200928
440,/mnt/c/Users/Chirayu/Documents/GitHub/2D-to-3D-image-reconstruction/facescape_224/fsmview_trainset_12_5_jaw_left_18.jpg,0.054582443088293076,0.049956806004047394,-0.004625637084245682,8.856567941606045,0.7266094088554382
944,/mnt/c/Users/Chirayu/Documents/GitHub/2D-to-3D-image-reconstruction/facescape_224/fsmview_trainset_13_4_anger_40.jpg,0.0527273491024971,0.049966000020504,-0.002761349081993103,7.3472369983792305,0.6065943837165833
846,/mnt/c/Users/Chirayu/Documents/GitHub/2D-to-3D-image-reconstruction/facescape_224/fsmview_trainset_13_6_jaw_right_38.jpg,0.05185924097895622,0.049974747002124786,-0.0018844939768314362,7.936944007873535,0.7047358155250549
1421,/mnt/c/Users/Chirayu/Documents/GitHub/2D-to-3D-image-reconstruction/facescape_224/fsmview_trainset_8_5_jaw_left_41.jpg,0.05999883636832237,0.049986906349658966,-0.010011930018663406,7.065476469695568,0.6646721959114075
1736,/mnt/c/Users/Chirayu/Documents/GitHub/2D-to-3D-image-reconstruction/facescape_224/fsmview_trainset_17_1_neutral_18.jpg,0.04836856946349144,0.049994245171546936,0.0016256757080554962,9.062551530078053,0.7355575561523438
1721,/mnt/c/Users/Chirayu/Documents/GitHub/2D-to-3D-image-reconstruction/facescape_224/fsmview_trainset_17_19_brow_raiser_27.jpg,0.05397693067789078,0.05002262443304062,-0.003954306244850159,8.929445824585855,0.7362755537033081
1202,/mnt/c/Users/Chirayu/Documents/GitHub/2D-to-3D-image-reconstruction/facescape_224/fsmview_trainset_12_4_anger_55.jpg,0.05051381140947342,0.05002524331212044,-0.0004885680973529816,8.50670313835144,0.7246619462966919
1728,/mnt/c/Users/Chirayu/Documents/GitHub/2D-to-3D-image-reconstruction/facescape_224/fsmview_trainset_14_7_jaw_forward_39.jpg,0.04305141046643257,0.050040069967508316,0.006988659501075745,8.191007878631353,0.7369542121887207
1811,/mnt/c/Users/Chirayu/Documents/GitHub/2D-to-3D-image-reconstruction/facescape_224/fsmview_trainset_8_8_mouth_left_50.jpg,0.05247548595070839,0.05005578324198723,-0.002419702708721161,8.375835407525301,0.7026819586753845
1446,/mnt/c/Users/Chirayu/Documents/GitHub/2D-to-3D-image-reconstruction/facescape_224/fsmview_trainset_13_11_chin_raiser_39.jpg,0.04543070122599602,0.05007719621062279,0.00464649498462677,8.450835343450308,0.737672746181488
436,/mnt/c/Users/Chirayu/Documents/GitHub/2D-to-3D-image-reconstruction/facescape_224/fsmview_trainset_10_5_jaw_left_6.jpg,0.04903317987918854,0.050121210515499115,0.0010880306363105774,7.78754791803658,0.6809191107749939
1917,/mnt/c/Users/Chirayu/Documents/GitHub/2D-to-3D-image-reconstruction/facescape_224/fsmview_trainset_4_17_cheek_blowing_2.jpg,0.05718054994940758,0.05023633688688278,-0.0069442130625247955,7.708084896206856,0.6593431234359741
1233,/mnt/c/Users/Chirayu/Documents/GitHub/2D-to-3D-image-reconstruction/facescape_224/fsmview_trainset_2_13_lip_funneler_16.jpg,0.04573778435587883,0.05026370659470558,0.004525922238826752,8.356429476290941,0.7731788754463196
1430,/mnt/c/Users/Chirayu/Documents/GitHub/2D-to-3D-image-reconstruction/facescape_224/fsmview_trainset_13_13_lip_funneler_52.jpg,0.050441864877939224,0.05027773976325989,-0.00016412511467933655,8.377164790406823,0.7008795142173767
1307,/mnt/c/Users/Chirayu/Documents/GitHub/2D-to-3D-image-reconstruction/facescape_224/fsmview_trainset_9_13_lip_funneler_5.jpg,0.04287634789943695,0.05028494447469711,0.007408596575260162,8.260217132046819,0.6907957792282104
451,/mnt/c/Users/Chirayu/Documents/GitHub/2D-to-3D-image-reconstruction/facescape_224/fsmview_trainset_9_14_sadness_30.jpg,0.05249050259590149,0.05031956732273102,-0.002170935273170471,8.092074221000075,0.6732386350631714
1507,/mnt/c/Users/Chirayu/Documents/GitHub/2D-to-3D-image-reconstruction/facescape_224/fsmview_trainset_7_13_lip_funneler_37.jpg,0.05025145784020424,0.050320859998464584,6.940215826034546e-05,7.73774191364646,0.7280005812644958
950,/mnt/c/Users/Chirayu/Documents/GitHub/2D-to-3D-image-reconstruction/facescape_224/fsmview_trainset_20_12_lip_puckerer_18.jpg,0.054650235921144485,0.05036104843020439,-0.004289187490940094,7.795151673257351,0.626042902469635
1105,/mnt/c/Users/Chirayu/Documents/GitHub/2D-to-3D-image-reconstruction/facescape_224/fsmview_trainset_19_4_anger_35.jpg,0.05077538639307022,0.05036564916372299,-0.000409737229347229,9.078936418518424,0.7379423975944519
376,/mnt/c/Users/Chirayu/Documents/GitHub/2D-to-3D-image-reconstruction/facescape_224/fsmview_trainset_5_8_mouth_left_35.jpg,0.05140697956085205,0.05037594959139824,-0.0010310299694538116,8.263300448656082,0.6975609064102173
386,/mnt/c/Users/Chirayu/Documents/GitHub/2D-to-3D-image-reconstruction/facescape_224/fsmview_trainset_14_16_grin_35.jpg,0.04788268357515335,0.05043730512261391,0.002554621547460556,8.629757199436426,0.7249564528465271
1086,/mnt/c/Users/Chirayu/Documents/GitHub/2D-to-3D-image-reconstruction/facescape_224/fsmview_trainset_13_10_dimpler_42.jpg,0.04410330951213837,0.050443436950445175,0.0063401274383068085,7.246688067913055,0.6163283586502075
1015,/mnt/c/Users/Chirayu/Documents/GitHub/2D-to-3D-image-reconstruction/facescape_224/fsmview_trainset_7_8_mouth_left_2.jpg,0.051322948187589645,0.05046943202614784,-0.000853516161441803,8.184277005493641,0.705804169178009
1100,/mnt/c/Users/Chirayu/Documents/GitHub/2D-to-3D-image-reconstruction/facescape_224/fsmview_trainset_17_10_dimpler_27.jpg,0.05004802718758583,0.050497882068157196,0.00044985488057136536,9.028859499841928,0.7496907114982605
1744,/mnt/c/Users/Chirayu/Documents/GitHub/2D-to-3D-image-reconstruction/facescape_224/fsmview_trainset_3_10_dimpler_20.jpg,0.04832654073834419,0.050524622201919556,0.002198081463575363,8.363776662386954,0.6892486214637756
782,/mnt/c/Users/Chirayu/Documents/GitHub/2D-to-3D-image-reconstruction/facescape_224/fsmview_trainset_14_20_brow_lower_56.jpg,0.05627771094441414,0.05053262040019035,-0.005745090544223785,7.977364236488938,0.7394745945930481
1620,/mnt/c/Users/Chirayu/Documents/GitHub/2D-to-3D-image-reconstruction/facescape_224/fsmview_trainset_19_17_cheek_blowing_33.jpg,0.04968765005469322,0.05054609104990959,0.0008584409952163696,8.610261213965714,0.7199520468711853
1388,/mnt/c/Users/Chirayu/Documents/GitHub/2D-to-3D-image-reconstruction/facescape_224/fsmview_trainset_15_4_anger_35.jpg,0.05086235702037811,0.05066949501633644,-0.00019286200404167175,8.470772136934102,0.6902967691421509
1028,/mnt/c/Users/Chirayu/Documents/GitHub/2D-to-3D-image-reconstruction/facescape_224/fsmview_trainset_16_9_mouth_right_36.jpg,0.0552801713347435,0.05068764090538025,-0.004592530429363251,8.104417867958546,0.6700659990310669
396,/mnt/c/Users/Chirayu/Documents/GitHub/2D-to-3D-image-reconstruction/facescape_224/fsmview_trainset_3_7_jaw_forward_32.jpg,0.0473213754594326,0.050731562077999115,0.003410186618566513,8.03094382211566,0.6643637418746948
1709,/mnt/c/Users/Chirayu/Documents/GitHub/2D-to-3D-image-reconstruction/facescape_224/fsmview_trainset_16_6_jaw_right_43.jpg,0.0493682399392128,0.05079510807991028,0.0014268681406974792,7.246134638786316,0.6013307571411133
605,/mnt/c/Users/Chirayu/Documents/GitHub/2D-to-3D-image-reconstruction/facescape_224/fsmview_trainset_15_16_grin_18.jpg,0.04666003957390785,0.050801832228899,0.00414179265499115,8.007367383688688,0.7344818115234375
69,/mnt/c/Users/Chirayu/Documents/GitHub/2D-to-3D-image-reconstruction/facescape_224/fsmview_trainset_9_3_mouth_stretch_23.jpg,0.04612705856561661,0.05085957795381546,0.0047325193881988525,7.313386045396328,0.7239120602607727
44,/mnt/c/Users/Chirayu/Documents/GitHub/2D-to-3D-image-reconstruction/facescape_224/fsmview_trainset_6_9_mouth_right_32.jpg,0.04959491267800331,0.05091215670108795,0.0013172440230846405,7.713318701833487,0.642531156539917
1638,/mnt/c/Users/Chirayu/Documents/GitHub/2D-to-3D-image-reconstruction/facescape_224/fsmview_trainset_7_3_mouth_stretch_30.jpg,0.05096966400742531,0.050932299345731735,-3.7364661693573e-05,7.712169401347637,0.7182839512825012
1705,/mnt/c/Users/Chirayu/Documents/GitHub/2D-to-3D-image-reconstruction/facescape_224/fsmview_trainset_2_10_dimpler_37.jpg,0.054774411022663116,0.051002562046051025,-0.003771848976612091,7.902509776875377,0.6788138151168823
447,/mnt/c/Users/Chirayu/Documents/GitHub/2D-to-3D-image-reconstruction/facescape_224/fsmview_trainset_12_1_neutral_15.jpg,0.05460268631577492,0.05107200890779495,-0.003530677407979965,8.810141996480525,0.7249429225921631
649,/mnt/c/Users/Chirayu/Documents/GitHub/2D-to-3D-image-reconstruction/facescape_224/fsmview_trainset_7_19_brow_raiser_27.jpg,0.05628661438822746,0.051103368401527405,-0.005183245986700058,8.796218279749155,0.7311187386512756
638,/mnt/c/Users/Chirayu/Documents/GitHub/2D-to-3D-image-reconstruction/facescape_224/fsmview_trainset_12_2_smile_52.jpg,0.05294669792056084,0.05112826079130173,-0.0018184371292591095,7.777495622634888,0.6380289196968079
893,/mnt/c/Users/Chirayu/Documents/GitHub/2D-to-3D-image-reconstruction/facescape_224/fsmview_trainset_20_13_lip_funneler_12.jpg,0.0467677004635334,0.05122576653957367,0.004458066076040268,8.523045781999826,0.7037149667739868
1166,/mnt/c/Users/Chirayu/Documents/GitHub/2D-to-3D-image-reconstruction/facescape_224/fsmview_trainset_16_11_chin_raiser_6.jpg,0.05141013488173485,0.05126449838280678,-0.00014563649892807007,8.483812138438225,0.7061517834663391
716,/mnt/c/Users/Chirayu/Documents/GitHub/2D-to-3D-image-reconstruction/facescape_224/fsmview_trainset_1_16_grin_35.jpg,0.05792716145515442,0.05126948282122612,-0.006657678633928299,8.40021488815546,0.7646926045417786
1052,/mnt/c/Users/Chirayu/Documents/GitHub/2D-to-3D-image-reconstruction/facescape_224/fsmview_trainset_10_7_jaw_forward_23.jpg,0.04916585981845856,0.05141738802194595,0.0022515282034873962,8.085141335614026,0.6688755750656128
465,/mnt/c/Users/Chirayu/Documents/GitHub/2D-to-3D-image-reconstruction/facescape_224/fsmview_trainset_9_17_cheek_blowing_5.jpg,0.048042695969343185,0.05143490061163902,0.0033922046422958374,7.654851924628019,0.6837847232818604
975,/mnt/c/Users/Chirayu/Documents/GitHub/2D-to-3D-image-reconstruction/facescape_224/fsmview_trainset_13_9_mouth_right_25.jpg,0.04313052073121071,0.05150017514824867,0.008369654417037964,8.921786441467702,0.7324256896972656
456,/mnt/c/Users/Chirayu/Documents/GitHub/2D-to-3D-image-reconstruction/facescape_224/fsmview_trainset_17_1_neutral_32.jpg,0.04725080356001854,0.051574643701314926,0.004323840141296387,8.263873975723982,0.7047423720359802
655,/mnt/c/Users/Chirayu/Documents/GitHub/2D-to-3D-image-reconstruction/facescape_224/fsmview_trainset_10_20_brow_lower_19.jpg,0.04939638823270798,0.05158374831080437,0.0021873600780963898,8.527589358855039,0.7209183573722839
1390,/mnt/c/Users/Chirayu/Documents/GitHub/2D-to-3D-image-reconstruction/facescape_224/fsmview_trainset_10_16_grin_11.jpg,0.05435844510793686,0.051726412028074265,-0.0026320330798625946,7.452152281999588,0.6785624027252197
1000,/mnt/c/Users/Chirayu/Documents/GitHub/2D-to-3D-image-reconstruction/facescape_224/fsmview_trainset_18_8_mouth_left_36.jpg,0.05668335407972336,0.05173997953534126,-0.004943374544382095,8.390448115766048,0.739973247051239
159,/mnt/c/Users/Chirayu/Documents/GitHub/2D-to-3D-image-reconstruction/facescape_224/fsmview_trainset_8_10_dimpler_53.jpg,0.049993157386779785,0.051752205938100815,0.0017590485513210297,8.059666268527508,0.7121452689170837
1153,/mnt/c/Users/Chirayu/Documents/GitHub/2D-to-3D-image-reconstruction/facescape_224/fsmview_trainset_6_5_jaw_left_20.jpg,0.05255042389035225,0.051793668419122696,-0.0007567554712295532,8.894464266486466,0.7764956951141357
1745,/mnt/c/Users/Chirayu/Documents/GitHub/2D-to-3D-image-reconstruction/facescape_224/fsmview_trainset_14_19_brow_raiser_18.jpg,0.04635794088244438,0.05180957168340683,0.005451630800962448,7.959791652858257,0.6567631363868713
755,/mnt/c/Users/Chirayu/Documents/GitHub/2D-to-3D-image-reconstruction/facescape_224/fsmview_trainset_5_18_eye_closed_31.jpg,0.049509547650814056,0.051823053508996964,0.002313505858182907,8.444915760308504,0.7006351947784424
220,/mnt/c/Users/Chirayu/Documents/GitHub/2D-to-3D-image-reconstruction/facescape_224/fsmview_trainset_9_17_cheek_blowing_3.jpg,0.04887647181749344,0.051906995475292206,0.003030523657798767,7.246313847601414,0.5964975357055664
210,/mnt/c/Users/Chirayu/Documents/GitHub/2D-to-3D-image-reconstruction/facescape_224/fsmview_trainset_20_13_lip_funneler_65.jpg,0.052322324365377426,0.05191968008875847,-0.0004026442766189575,8.849655666854233,0.7725043296813965
1454,/mnt/c/Users/Chirayu/Documents/GitHub/2D-to-3D-image-reconstruction/facescape_224/fsmview_trainset_7_1_neutral_54.jpg,0.053584955632686615,0.05195780470967293,-0.0016271509230136871,7.97060264647007,0.6970011591911316
183,/mnt/c/Users/Chirayu/Documents/GitHub/2D-to-3D-image-reconstruction/facescape_224/fsmview_trainset_9_4_anger_35.jpg,0.05535344406962395,0.05199062079191208,-0.0033628232777118683,8.172806095331907,0.6322779655456543
797,/mnt/c/Users/Chirayu/Documents/GitHub/2D-to-3D-image-reconstruction/facescape_224/fsmview_trainset_16_18_eye_closed_9.jpg,0.044394634664058685,0.05199700966477394,0.007602375000715256,8.381326220929623,0.7322489619255066
1647,/mnt/c/Users/Chirayu/Documents/GitHub/2D-to-3D-image-reconstruction/facescape_224/fsmview_trainset_7_16_grin_38.jpg,0.052447590976953506,0.05201246216893196,-0.0004351288080215454,7.953794293105602,0.7333633899688721
578,/mnt/c/Users/Chirayu/Documents/GitHub/2D-to-3D-image-reconstruction/facescape_224/fsmview_trainset_18_3_mouth_stretch_12.jpg,0.048359982669353485,0.052019570022821426,0.0036595873534679413,7.909864902496338,0.7540029287338257
431,/mnt/c/Users/Chirayu/Documents/GitHub/2D-to-3D-image-reconstruction/facescape_224/fsmview_trainset_20_16_grin_58.jpg,0.04961315914988518,0.052024755626916885,0.0024115964770317078,8.951930277049541,0.7985660433769226
109,/mnt/c/Users/Chirayu/Documents/GitHub/2D-to-3D-image-reconstruction/facescape_224/fsmview_trainset_9_6_jaw_right_23.jpg,0.05213170126080513,0.0520281046628952,-0.00010359659790992737,8.703634638339281,0.7296594977378845
766,/mnt/c/Users/Chirayu/Documents/GitHub/2D-to-3D-image-reconstruction/facescape_224/fsmview_trainset_13_3_mouth_stretch_53.jpg,0.05114172026515007,0.05205722525715828,0.0009155049920082092,7.778084975667298,0.6816211938858032
1106,/mnt/c/Users/Chirayu/Documents/GitHub/2D-to-3D-image-reconstruction/facescape_224/fsmview_trainset_3_6_jaw_right_27.jpg,0.055257923901081085,0.05208440124988556,-0.003173522651195526,8.140957401134074,0.6878008246421814
1643,/mnt/c/Users/Chirayu/Documents/GitHub/2D-to-3D-image-reconstruction/facescape_224/fsmview_trainset_10_10_dimpler_20.jpg,0.05122348293662071,0.05208615958690643,0.0008626766502857208,8.373940784484148,0.7379156947135925
1937,/mnt/c/Users/Chirayu/Documents/GitHub/2D-to-3D-image-reconstruction/facescape_224/fsmview_trainset_10_14_sadness_23.jpg,0.051215704530477524,0.05214686319231987,0.0009311586618423462,8.32225492130965,0.6979253888130188
899,/mnt/c/Users/Chirayu/Documents/GitHub/2D-to-3D-image-reconstruction/facescape_224/fsmview_trainset_16_1_neutral_29.jpg,0.049911435693502426,0.05229822173714638,0.0023867860436439514,7.788315072655678,0.6452925801277161
1048,/mnt/c/Users/Chirayu/Documents/GitHub/2D-to-3D-image-reconstruction/facescape_224/fsmview_trainset_18_6_jaw_right_6.jpg,0.05389212816953659,0.05229958891868591,-0.0015925392508506775,8.548706732690334,0.6992667317390442
151,/mnt/c/Users/Chirayu/Documents/GitHub/2D-to-3D-image-reconstruction/facescape_224/fsmview_trainset_12_18_eye_closed_29.jpg,0.05429727956652641,0.052310556173324585,-0.001986723393201828,9.157754088751972,0.7596657276153564
1533,/mnt/c/Users/Chirayu/Documents/GitHub/2D-to-3D-image-reconstruction/facescape_224/fsmview_trainset_10_13_lip_funneler_36.jpg,0.054697435349226,0.05231507495045662,-0.0023823603987693787,7.430851947516203,0.6739108562469482
2,/mnt/c/Users/Chirayu/Documents/GitHub/2D-to-3D-image-reconstruction/facescape_224/fsmview_trainset_7_2_smile_1.jpg,0.05355727672576904,0.0523158498108387,-0.0012414269149303436,8.15150861442089,0.6971068382263184
596,/mnt/c/Users/Chirayu/Documents/GitHub/2D-to-3D-image-reconstruction/facescape_224/fsmview_trainset_14_1_neutral_59.jpg,0.0468786396086216,0.052321575582027435,0.005442935973405838,7.281276345252991,0.634398341178894
1887,/mnt/c/Users/Chirayu/Documents/GitHub/2D-to-3D-image-reconstruction/facescape_224/fsmview_trainset_6_4_anger_7.jpg,0.04379764199256897,0.05244937539100647,0.0086517333984375,8.214742429554462,0.740480899810791
1288,/mnt/c/Users/Chirayu/Documents/GitHub/2D-to-3D-image-reconstruction/facescape_224/fsmview_trainset_18_9_mouth_right_3.jpg,0.05730482563376427,0.05245325341820717,-0.004851572215557098,7.7735495045781136,0.6847569346427917
1252,/mnt/c/Users/Chirayu/Documents/GitHub/2D-to-3D-image-reconstruction/facescape_224/fsmview_trainset_15_8_mouth_left_36.jpg,0.052674997597932816,0.052489034831523895,-0.0001859627664089203,9.183984387665987,0.769554078578949
712,/mnt/c/Users/Chirayu/Documents/GitHub/2D-to-3D-image-reconstruction/facescape_224/fsmview_trainset_8_9_mouth_right_25.jpg,0.0541239008307457,0.05250396206974983,-0.0016199387609958649,7.220335006713867,0.6485340595245361
529,/mnt/c/Users/Chirayu/Documents/GitHub/2D-to-3D-image-reconstruction/facescape_224/fsmview_trainset_14_1_neutral_38.jpg,0.05470719188451767,0.052515339106321335,-0.002191852778196335,7.489253863692284,0.6184361577033997
525,/mnt/c/Users/Chirayu/Documents/GitHub/2D-to-3D-image-reconstruction/facescape_224/fsmview_trainset_14_15_lip_roll_20.jpg,0.05107312276959419,0.05256685987114906,0.0014937371015548706,7.223098903894424,0.6412200331687927
1092,/mnt/c/Users/Chirayu/Documents/GitHub/2D-to-3D-image-reconstruction/facescape_224/fsmview_trainset_5_10_dimpler_56.jpg,0.054116275161504745,0.052595105022192,-0.0015211701393127441,8.149906352162361,0.7142932415008545
634,/mnt/c/Users/Chirayu/Documents/GitHub/2D-to-3D-image-reconstruction/facescape_224/fsmview_trainset_3_13_lip_funneler_6.jpg,0.05404091626405716,0.05260983482003212,-0.0014310814440250397,8.209419757127762,0.7458505034446716
1518,/mnt/c/Users/Chirayu/Documents/GitHub/2D-to-3D-image-reconstruction/facescape_224/fsmview_trainset_20_5_jaw_left_13.jpg,0.0475941002368927,0.05272294953465462,0.005128849297761917,8.048236176371574,0.7053489089012146
152,/mnt/c/Users/Chirayu/Documents/GitHub/2D-to-3D-image-reconstruction/facescape_224/fsmview_trainset_10_6_jaw_right_7.jpg,0.047212399542331696,0.052752718329429626,0.005540318787097931,7.3156510181725025,0.644891619682312
974,/mnt/c/Users/Chirayu/Documents/GitHub/2D-to-3D-image-reconstruction/facescape_224/fsmview_trainset_12_4_anger_18.jpg,0.052075598388910294,0.05276530608534813,0.0006897076964378357,8.675570704042912,0.710713267326355
388,/mnt/c/Users/Chirayu/Documents/GitHub/2D-to-3D-image-reconstruction/facescape_224/fsmview_trainset_7_1_neutral_3.jpg,0.05665992945432663,0.052785299718379974,-0.0038746297359466553,8.192343723028898,0.77036052942276
1924,/mnt/c/Users/Chirayu/Documents/GitHub/2D-to-3D-image-reconstruction/facescape_224/fsmview_trainset_16_18_eye_closed_35.jpg,0.04499710351228714,0.05280020087957382,0.007803097367286682,8.279540535062551,0.6991353631019592
985,/mnt/c/Users/Chirayu/Documents/GitHub/2D-to-3D-image-reconstruction/facescape_224/fsmview_trainset_15_3_mouth_stretch_65.jpg,0.0525471568107605,0.05284535884857178,0.0002982020378112793,8.611472520977259,0.8125911355018616
1088,/mnt/c/Users/Chirayu/Documents/GitHub/2D-to-3D-image-reconstruction/facescape_224/fsmview_trainset_7_9_mouth_right_54.jpg,0.054766688495874405,0.052856121212244034,-0.001910567283630371,7.577682793140411,0.6786505579948425
1761,/mnt/c/Users/Chirayu/Documents/GitHub/2D-to-3D-image-reconstruction/facescape_224/fsmview_trainset_9_18_eye_closed_38.jpg,0.04517089203000069,0.052861787378787994,0.007690895348787308,7.841462016105652,0.6676029562950134
357,/mnt/c/Users/Chirayu/Documents/GitHub/2D-to-3D-image-reconstruction/facescape_224/fsmview_trainset_17_15_lip_roll_10.jpg,0.04881875589489937,0.052868857979774475,0.004050102084875107,8.289003066718578,0.7212061882019043
1850,/mnt/c/Users/Chirayu/Documents/GitHub/2D-to-3D-image-reconstruction/facescape_224/fsmview_trainset_5_15_lip_roll_38.jpg,0.04557666555047035,0.052946362644433975,0.007369697093963623,7.3296046406030655,0.6848935484886169
546,/mnt/c/Users/Chirayu/Documents/GitHub/2D-to-3D-image-reconstruction/facescape_224/fsmview_trainset_20_11_chin_raiser_13.jpg,0.05345449224114418,0.052994467318058014,-0.0004600249230861664,8.321605503559113,0.7005933523178101
1407,/mnt/c/Users/Chirayu/Documents/GitHub/2D-to-3D-image-reconstruction/facescape_224/fsmview_trainset_7_17_cheek_blowing_14.jpg,0.049993809312582016,0.0530078262090683,0.0030140168964862823,8.916442451998591,0.7536643743515015
1076,/mnt/c/Users/Chirayu/Documents/GitHub/2D-to-3D-image-reconstruction/facescape_224/fsmview_trainset_4_15_lip_roll_12.jpg,0.05217002332210541,0.05307958647608757,0.0009095631539821625,7.906299836933613,0.7283138632774353
1985,/mnt/c/Users/Chirayu/Documents/GitHub/2D-to-3D-image-reconstruction/facescape_224/fsmview_trainset_6_18_eye_closed_24.jpg,0.054783184081315994,0.053161293268203735,-0.001621890813112259,9.074588232673705,0.7603548169136047
387,/mnt/c/Users/Chirayu/Documents/GitHub/2D-to-3D-image-reconstruction/facescape_224/fsmview_trainset_17_15_lip_roll_35.jpg,0.052335575222969055,0.053187984973192215,0.0008524097502231598,8.066137867048383,0.6932269930839539
1068,/mnt/c/Users/Chirayu/Documents/GitHub/2D-to-3D-image-reconstruction/facescape_224/fsmview_trainset_19_20_brow_lower_24.jpg,0.04975615069270134,0.05319878086447716,0.003442630171775818,8.921863047406077,0.7450242638587952
967,/mnt/c/Users/Chirayu/Documents/GitHub/2D-to-3D-image-reconstruction/facescape_224/fsmview_trainset_9_17_cheek_blowing_32.jpg,0.047337085008621216,0.05326540768146515,0.005928322672843933,7.0676809549331665,0.6063220500946045
1923,/mnt/c/Users/Chirayu/Documents/GitHub/2D-to-3D-image-reconstruction/facescape_224/fsmview_trainset_6_18_eye_closed_2.jpg,0.0488804467022419,0.053289055824279785,0.004408609122037888,8.32574326545,0.7142565250396729
794,/mnt/c/Users/Chirayu/Documents/GitHub/2D-to-3D-image-reconstruction/facescape_224/fsmview_trainset_16_7_jaw_forward_20.jpg,0.055490389466285706,0.05329025536775589,-0.0022001340985298157,8.69086939189583,0.7329168915748596
316,/mnt/c/Users/Chirayu/Documents/GitHub/2D-to-3D-image-reconstruction/facescape_224/fsmview_trainset_20_3_mouth_stretch_60.jpg,0.054619383066892624,0.05329551920294762,-0.0013238638639450073,8.534024000167847,0.7842455506324768
1383,/mnt/c/Users/Chirayu/Documents/GitHub/2D-to-3D-image-reconstruction/facescape_224/fsmview_trainset_6_7_jaw_forward_54.jpg,0.054201096296310425,0.05333742871880531,-0.0008636675775051117,7.525763265788555,0.6473467946052551
353,/mnt/c/Users/Chirayu/Documents/GitHub/2D-to-3D-image-reconstruction/facescape_224/fsmview_trainset_14_10_dimpler_38.jpg,0.06695946305990219,0.05342603847384453,-0.013533424586057663,7.6925599202513695,0.6310804486274719
1140,/mnt/c/Users/Chirayu/Documents/GitHub/2D-to-3D-image-reconstruction/facescape_224/fsmview_trainset_18_14_sadness_5.jpg,0.04920767620205879,0.053436849266290665,0.0042291730642318726,8.089221984148026,0.6909647583961487
1414,/mnt/c/Users/Chirayu/Documents/GitHub/2D-to-3D-image-reconstruction/facescape_224/fsmview_trainset_19_4_anger_50.jpg,0.05507322773337364,0.05346496030688286,-0.0016082674264907837,8.882396565750241,0.6886138319969177
246,/mnt/c/Users/Chirayu/Documents/GitHub/2D-to-3D-image-reconstruction/facescape_224/fsmview_trainset_13_20_brow_lower_14.jpg,0.046339329332113266,0.05346940457820892,0.007130075246095657,7.920498434454203,0.6414803862571716
1616,/mnt/c/Users/Chirayu/Documents/GitHub/2D-to-3D-image-reconstruction/facescape_224/fsmview_trainset_10_4_anger_4.jpg,0.043924879282712936,0.053478043526411057,0.00955316424369812,7.575360048562288,0.6598682999610901
637,/mnt/c/Users/Chirayu/Documents/GitHub/2D-to-3D-image-reconstruction/facescape_224/fsmview_trainset_3_14_sadness_39.jpg,0.04943510517477989,0.0535850003361702,0.0041498951613903046,7.717434637248516,0.6914313435554504
693,/mnt/c/Users/Chirayu/Documents/GitHub/2D-to-3D-image-reconstruction/facescape_224/fsmview_trainset_13_18_eye_closed_5.jpg,0.053462155163288116,0.053612399846315384,0.00015024468302726746,8.528038166463375,0.6687192916870117
88,/mnt/c/Users/Chirayu/Documents/GitHub/2D-to-3D-image-reconstruction/facescape_224/fsmview_trainset_12_4_anger_14.jpg,0.05725538730621338,0.05370797961950302,-0.0035474076867103577,9.266320806927979,0.7643300294876099
457,/mnt/c/Users/Chirayu/Documents/GitHub/2D-to-3D-image-reconstruction/facescape_224/fsmview_trainset_14_13_lip_funneler_34.jpg,0.04413490369915962,0.053711771965026855,0.009576868265867233,7.790595579892397,0.7605730295181274
932,/mnt/c/Users/Chirayu/Documents/GitHub/2D-to-3D-image-reconstruction/facescape_224/fsmview_trainset_19_8_mouth_left_24.jpg,0.05319497361779213,0.053825173527002335,0.0006301999092102051,9.026289052795619,0.7652518153190613
588,/mnt/c/Users/Chirayu/Documents/GitHub/2D-to-3D-image-reconstruction/facescape_224/fsmview_trainset_11_3_mouth_stretch_17.jpg,0.04793573170900345,0.05383192002773285,0.005896188318729401,7.574625961482525,0.7227872610092163
1593,/mnt/c/Users/Chirayu/Documents/GitHub/2D-to-3D-image-reconstruction/facescape_224/fsmview_trainset_11_19_brow_raiser_43.jpg,0.04987935349345207,0.05386003479361534,0.003980681300163269,8.707049947232008,0.6801886558532715
365,/mnt/c/Users/Chirayu/Documents/GitHub/2D-to-3D-image-reconstruction/facescape_224/fsmview_trainset_11_15_lip_roll_56.jpg,0.0517924502491951,0.05399778485298157,0.0022053346037864685,9.253055278211832,0.793572723865509
1661,/mnt/c/Users/Chirayu/Documents/GitHub/2D-to-3D-image-reconstruction/facescape_224/fsmview_trainset_19_11_chin_raiser_21.jpg,0.055858176201581955,0.05400901660323143,-0.001849159598350525,8.631036536768079,0.6813710331916809
1011,/mnt/c/Users/Chirayu/Documents/GitHub/2D-to-3D-image-reconstruction/facescape_224/fsmview_trainset_3_7_jaw_forward_24.jpg,0.05301492288708687,0.05403211712837219,0.001017194241285324,8.925796207040548,0.7566046714782715
1464,/mnt/c/Users/Chirayu/Documents/GitHub/2D-to-3D-image-reconstruction/facescape_224/fsmview_trainset_15_10_dimpler_41.jpg,0.049908507615327835,0.05404321849346161,0.004134710878133774,8.169936560094357,0.6784816384315491
177,/mnt/c/Users/Chirayu/Documents/GitHub/2D-to-3D-image-reconstruction/facescape_224/fsmview_trainset_14_8_mouth_left_58.jpg,0.05393804609775543,0.054110873490571976,0.00017282739281654358,8.17034126073122,0.7444338202476501
992,/mnt/c/Users/Chirayu/Documents/GitHub/2D-to-3D-image-reconstruction/facescape_224/fsmview_trainset_8_19_brow_raiser_46.jpg,0.05221167579293251,0.054114535450935364,0.0019028596580028534,7.873541675508022,0.6876672506332397
1948,/mnt/c/Users/Chirayu/Documents/GitHub/2D-to-3D-image-reconstruction/facescape_224/fsmview_trainset_13_3_mouth_stretch_12.jpg,0.0535489097237587,0.05413539335131645,0.0005864836275577545,7.708124504424632,0.6751683950424194
1711,/mnt/c/Users/Chirayu/Documents/GitHub/2D-to-3D-image-reconstruction/facescape_224/fsmview_trainset_1_2_smile_2.jpg,0.05642146244645119,0.054162509739398956,-0.002258952707052231,8.12549801170826,0.7164438962936401
556,/mnt/c/Users/Chirayu/Documents/GitHub/2D-to-3D-image-reconstruction/facescape_224/fsmview_trainset_12_1_neutral_30.jpg,0.05733048915863037,0.0542106069624424,-0.003119882196187973,9.282713331282139,0.7699244618415833
1173,/mnt/c/Users/Chirayu/Documents/GitHub/2D-to-3D-image-reconstruction/facescape_224/fsmview_trainset_5_5_jaw_left_27.jpg,0.05490199103951454,0.054220255464315414,-0.0006817355751991272,8.475818434730172,0.6973097324371338
185,/mnt/c/Users/Chirayu/Documents/GitHub/2D-to-3D-image-reconstruction/facescape_224/fsmview_trainset_13_7_jaw_forward_55.jpg,0.048662494868040085,0.05424152687191963,0.005579032003879547,8.583240364678204,0.7449066042900085
1018,/mnt/c/Users/Chirayu/Documents/GitHub/2D-to-3D-image-reconstruction/facescape_224/fsmview_trainset_12_13_lip_funneler_38.jpg,0.053667355328798294,0.05427921563386917,0.0006118603050708771,8.890849793329835,0.7614794969558716
115,/mnt/c/Users/Chirayu/Documents/GitHub/2D-to-3D-image-reconstruction/facescape_224/fsmview_trainset_19_2_smile_50.jpg,0.054519567638635635,0.05431482940912247,-0.00020473822951316833,8.816441996023059,0.680945634841919
1097,/mnt/c/Users/Chirayu/Documents/GitHub/2D-to-3D-image-reconstruction/facescape_224/fsmview_trainset_19_2_smile_20.jpg,0.055305104702711105,0.05436967685818672,-0.0009354278445243835,9.376658049412072,0.7716413140296936
15,/mnt/c/Users/Chirayu/Documents/GitHub/2D-to-3D-image-reconstruction/facescape_224/fsmview_trainset_19_10_dimpler_6.jpg,0.05460525304079056,0.054447855800390244,-0.00015739724040031433,8.844716683030128,0.7348185777664185
482,/mnt/c/Users/Chirayu/Documents/GitHub/2D-to-3D-image-reconstruction/facescape_224/fsmview_trainset_3_15_lip_roll_19.jpg,0.05185142904520035,0.05444860830903053,0.002597179263830185,8.22684835176915,0.6963891983032227
33,/mnt/c/Users/Chirayu/Documents/GitHub/2D-to-3D-image-reconstruction/facescape_224/fsmview_trainset_8_20_brow_lower_3.jpg,0.05248119309544563,0.05449054390192032,0.0020093508064746857,7.93351075053215,0.7233449816703796
1084,/mnt/c/Users/Chirayu/Documents/GitHub/2D-to-3D-image-reconstruction/facescape_224/fsmview_trainset_13_10_dimpler_23.jpg,0.04435829445719719,0.05461995303630829,0.0102616585791111,8.561632011085749,0.7521905899047852
1358,/mnt/c/Users/Chirayu/Documents/GitHub/2D-to-3D-image-reconstruction/facescape_224/fsmview_trainset_17_20_brow_lower_27.jpg,0.04930412024259567,0.054671309888362885,0.005367189645767212,7.857367027550936,0.6854318976402283
791,/mnt/c/Users/Chirayu/Documents/GitHub/2D-to-3D-image-reconstruction/facescape_224/fsmview_trainset_3_5_jaw_left_19.jpg,0.053627029061317444,0.05468055233359337,0.0010535232722759247,8.378817332908511,0.6832968592643738
645,/mnt/c/Users/Chirayu/Documents/GitHub/2D-to-3D-image-reconstruction/facescape_224/fsmview_trainset_13_19_brow_raiser_4.jpg,0.05866270139813423,0.05469528213143349,-0.003967419266700745,9.169083876535296,0.7529311776161194
816,/mnt/c/Users/Chirayu/Documents/GitHub/2D-to-3D-image-reconstruction/facescape_224/fsmview_trainset_8_1_neutral_55.jpg,0.049315884709358215,0.05473089963197708,0.005415014922618866,7.7333423383533955,0.7010620832443237
1089,/mnt/c/Users/Chirayu/Documents/GitHub/2D-to-3D-image-reconstruction/facescape_224/fsmview_trainset_5_15_lip_roll_20.jpg,0.05478774383664131,0.05492941662669182,0.0001416727900505066,8.380991883575916,0.7191149592399597
1590,/mnt/c/Users/Chirayu/Documents/GitHub/2D-to-3D-image-reconstruction/facescape_224/fsmview_trainset_13_3_mouth_stretch_22.jpg,0.05473189428448677,0.054948840290308,0.00021694600582122803,8.445102440193295,0.7756491899490356
574,/mnt/c/Users/Chirayu/Documents/GitHub/2D-to-3D-image-reconstruction/facescape_224/fsmview_trainset_5_18_eye_closed_20.jpg,0.05527405068278313,0.05495164915919304,-0.0003224015235900879,8.715233134105802,0.7414423227310181
1246,/mnt/c/Users/Chirayu/Documents/GitHub/2D-to-3D-image-reconstruction/facescape_224/fsmview_trainset_18_10_dimpler_11.jpg,0.05394572392106056,0.05497913435101509,0.0010334104299545288,8.03894018754363,0.691179633140564
1710,/mnt/c/Users/Chirayu/Documents/GitHub/2D-to-3D-image-reconstruction/facescape_224/fsmview_trainset_19_14_sadness_22.jpg,0.05433660373091698,0.05508793890476227,0.0007513351738452911,9.169330916367471,0.7556907534599304
969,/mnt/c/Users/Chirayu/Documents/GitHub/2D-to-3D-image-reconstruction/facescape_224/fsmview_trainset_16_10_dimpler_19.jpg,0.05256521701812744,0.05509240925312042,0.002527192234992981,9.127217600122094,0.7648465633392334
1655,/mnt/c/Users/Chirayu/Documents/GitHub/2D-to-3D-image-reconstruction/facescape_224/fsmview_trainset_18_8_mouth_left_3.jpg,0.05271098017692566,0.05511524900794029,0.002404268831014633,8.480001017451286,0.7588340640068054
1776,/mnt/c/Users/Chirayu/Documents/GitHub/2D-to-3D-image-reconstruction/facescape_224/fsmview_trainset_16_11_chin_raiser_7.jpg,0.04310518130660057,0.055135373026132584,0.012030191719532013,7.997598588466644,0.6846630573272705
582,/mnt/c/Users/Chirayu/Documents/GitHub/2D-to-3D-image-reconstruction/facescape_224/fsmview_trainset_3_4_anger_2.jpg,0.04915130138397217,0.05522753298282623,0.006076231598854065,8.407163798809052,0.7351683974266052
1983,/mnt/c/Users/Chirayu/Documents/GitHub/2D-to-3D-image-reconstruction/facescape_224/fsmview_trainset_10_10_dimpler_25.jpg,0.05474153161048889,0.05523669719696045,0.0004951655864715576,7.7055568769574165,0.6862515211105347
955,/mnt/c/Users/Chirayu/Documents/GitHub/2D-to-3D-image-reconstruction/facescape_224/fsmview_trainset_12_14_sadness_36.jpg,0.05428575351834297,0.05525067821145058,0.000964924693107605,8.512342747300863,0.72016441822052
1600,/mnt/c/Users/Chirayu/Documents/GitHub/2D-to-3D-image-reconstruction/facescape_224/fsmview_trainset_10_13_lip_funneler_24.jpg,0.05343150720000267,0.055254243314266205,0.0018227361142635345,7.99854317586869,0.6861209273338318
1715,/mnt/c/Users/Chirayu/Documents/GitHub/2D-to-3D-image-reconstruction/facescape_224/fsmview_trainset_4_15_lip_roll_5.jpg,0.04905211925506592,0.055277202278375626,0.006225083023309708,8.488484174013138,0.6778626441955566
743,/mnt/c/Users/Chirayu/Documents/GitHub/2D-to-3D-image-reconstruction/facescape_224/fsmview_trainset_16_5_jaw_left_5.jpg,0.04924473166465759,0.05534164234995842,0.006096910685300827,7.654126673936844,0.662396252155304
1553,/mnt/c/Users/Chirayu/Documents/GitHub/2D-to-3D-image-reconstruction/facescape_224/fsmview_trainset_16_8_mouth_left_7.jpg,0.0456753633916378,0.0553494431078434,0.009674079716205597,8.036759737879038,0.6773518323898315
91,/mnt/c/Users/Chirayu/Documents/GitHub/2D-to-3D-image-reconstruction/facescape_224/fsmview_trainset_19_16_grin_26.jpg,0.05870901420712471,0.05536762252449989,-0.003341391682624817,9.028532847762108,0.7599742412567139
320,/mnt/c/Users/Chirayu/Documents/GitHub/2D-to-3D-image-reconstruction/facescape_224/fsmview_trainset_20_13_lip_funneler_35.jpg,0.05575313791632652,0.055435776710510254,-0.0003173612058162689,8.404097571969032,0.7093008756637573
194,/mnt/c/Users/Chirayu/Documents/GitHub/2D-to-3D-image-reconstruction/facescape_224/fsmview_trainset_12_13_lip_funneler_49.jpg,0.05795856937766075,0.055477339774370193,-0.002481229603290558,7.965860962867737,0.6954876780509949
1565,/mnt/c/Users/Chirayu/Documents/GitHub/2D-to-3D-image-reconstruction/facescape_224/fsmview_trainset_18_15_lip_roll_37.jpg,0.06171228736639023,0.05548033490777016,-0.006231952458620071,8.733572572469711,0.7403140068054199
1876,/mnt/c/Users/Chirayu/Documents/GitHub/2D-to-3D-image-reconstruction/facescape_224/fsmview_trainset_16_18_eye_closed_2.jpg,0.052627332508563995,0.055486105382442474,0.002858772873878479,8.157213866710663,0.698917031288147
1204,/mnt/c/Users/Chirayu/Documents/GitHub/2D-to-3D-image-reconstruction/facescape_224/fsmview_trainset_3_14_sadness_13.jpg,0.05774698778986931,0.055541157722473145,-0.002205830067396164,8.433565387502313,0.7241602540016174
1289,/mnt/c/Users/Chirayu/Documents/GitHub/2D-to-3D-image-reconstruction/facescape_224/fsmview_trainset_3_18_eye_closed_32.jpg,0.05104617401957512,0.05559667572379112,0.004550501704216003,8.196287102997303,0.6934374570846558
905,/mnt/c/Users/Chirayu/Documents/GitHub/2D-to-3D-image-reconstruction/facescape_224/fsmview_trainset_4_7_jaw_forward_2.jpg,0.06296106427907944,0.05570768564939499,-0.007253378629684448,7.482340045273304,0.6751331090927124
963,/mnt/c/Users/Chirayu/Documents/GitHub/2D-to-3D-image-reconstruction/facescape_224/fsmview_trainset_18_14_sadness_22.jpg,0.056336309760808945,0.05572168901562691,-0.0006146207451820374,8.887402668595314,0.733155369758606
1367,/mnt/c/Users/Chirayu/Documents/GitHub/2D-to-3D-image-reconstruction/facescape_224/fsmview_trainset_6_13_lip_funneler_15.jpg,0.051654767245054245,0.05576631426811218,0.004111547023057938,8.865054084919393,0.7373101115226746
1766,/mnt/c/Users/Chirayu/Documents/GitHub/2D-to-3D-image-reconstruction/facescape_224/fsmview_trainset_18_16_grin_50.jpg,0.05834806710481644,0.0558452345430851,-0.0025028325617313385,8.73748341947794,0.7271021008491516
304,/mnt/c/Users/Chirayu/Documents/GitHub/2D-to-3D-image-reconstruction/facescape_224/fsmview_trainset_15_18_eye_closed_18.jpg,0.04822319373488426,0.05584967881441116,0.007626485079526901,8.269053302705288,0.7129216194152832
1468,/mnt/c/Users/Chirayu/Documents/GitHub/2D-to-3D-image-reconstruction/facescape_224/fsmview_trainset_16_1_neutral_5.jpg,0.0484284944832325,0.05591003596782684,0.007481541484594345,7.638665787875652,0.667194128036499
1260,/mnt/c/Users/Chirayu/Documents/GitHub/2D-to-3D-image-reconstruction/facescape_224/fsmview_trainset_18_3_mouth_stretch_45.jpg,0.06238969787955284,0.05601201951503754,-0.0063776783645153046,7.653384685516357,0.6674091219902039
195,/mnt/c/Users/Chirayu/Documents/GitHub/2D-to-3D-image-reconstruction/facescape_224/fsmview_trainset_19_20_brow_lower_36.jpg,0.06213514879345894,0.05603795871138573,-0.006097190082073212,8.756057891994715,0.702476441860199
873,/mnt/c/Users/Chirayu/Documents/GitHub/2D-to-3D-image-reconstruction/facescape_224/fsmview_trainset_6_7_jaw_forward_24.jpg,0.05671565607190132,0.05620517581701279,-0.0005104802548885345,8.429615128785372,0.7032798528671265
785,/mnt/c/Users/Chirayu/Documents/GitHub/2D-to-3D-image-reconstruction/facescape_224/fsmview_trainset_19_18_eye_closed_47.jpg,0.05507717281579971,0.05620633065700531,0.001129157841205597,8.77720944955945,0.7034985423088074
271,/mnt/c/Users/Chirayu/Documents/GitHub/2D-to-3D-image-reconstruction/facescape_224/fsmview_trainset_20_10_dimpler_13.jpg,0.0582897923886776,0.05622009560465813,-0.00206969678401947,8.417960107326508,0.7250370979309082
105,/mnt/c/Users/Chirayu/Documents/GitHub/2D-to-3D-image-reconstruction/facescape_224/fsmview_trainset_18_4_anger_7.jpg,0.05223524570465088,0.05626726895570755,0.004032023251056671,8.007318653166294,0.6941646933555603
1954,/mnt/c/Users/Chirayu/Documents/GitHub/2D-to-3D-image-reconstruction/facescape_224/fsmview_trainset_19_18_eye_closed_22.jpg,0.056509703397750854,0.05627948418259621,-0.00023021921515464783,9.350027736276388,0.7761690616607666
547,/mnt/c/Users/Chirayu/Documents/GitHub/2D-to-3D-image-reconstruction/facescape_224/fsmview_trainset_14_5_jaw_left_30.jpg,0.043494950979948044,0.05629522353410721,0.012800272554159164,6.971191726624966,0.6112090945243835
441,/mnt/c/Users/Chirayu/Documents/GitHub/2D-to-3D-image-reconstruction/facescape_224/fsmview_trainset_3_15_lip_roll_13.jpg,0.05905798450112343,0.05634060502052307,-0.002717379480600357,8.320050071924925,0.7154151201248169
1963,/mnt/c/Users/Chirayu/Documents/GitHub/2D-to-3D-image-reconstruction/facescape_224/fsmview_trainset_6_4_anger_39.jpg,0.055423442274332047,0.05634276568889618,0.0009193234145641327,8.250176526606083,0.7167253494262695
1344,/mnt/c/Users/Chirayu/Documents/GitHub/2D-to-3D-image-reconstruction/facescape_224/fsmview_trainset_8_13_lip_funneler_54.jpg,0.053764358162879944,0.05641843006014824,0.0026540718972682953,7.802016280591488,0.7346265912055969
111,/mnt/c/Users/Chirayu/Documents/GitHub/2D-to-3D-image-reconstruction/facescape_224/fsmview_trainset_18_11_chin_raiser_19.jpg,0.05531132593750954,0.05653422325849533,0.001222897320985794,9.259427778422832,0.7340400218963623
24,/mnt/c/Users/Chirayu/Documents/GitHub/2D-to-3D-image-reconstruction/facescape_224/fsmview_trainset_9_2_smile_19.jpg,0.05439726635813713,0.05657101422548294,0.00217374786734581,9.11853142734617,0.7446001172065735
713,/mnt/c/Users/Chirayu/Documents/GitHub/2D-to-3D-image-reconstruction/facescape_224/fsmview_trainset_19_18_eye_closed_2.jpg,0.06252538412809372,0.056661851704120636,-0.0058635324239730835,9.360471993684769,0.7600564360618591
455,/mnt/c/Users/Chirayu/Documents/GitHub/2D-to-3D-image-reconstruction/facescape_224/fsmview_trainset_11_1_neutral_59.jpg,0.04444137215614319,0.056662239134311676,0.012220866978168488,8.250114034861326,0.6757269501686096
279,/mnt/c/Users/Chirayu/Documents/GitHub/2D-to-3D-image-reconstruction/facescape_224/fsmview_trainset_8_5_jaw_left_2.jpg,0.06356750428676605,0.05667942389845848,-0.006888080388307571,7.943133503198624,0.724753737449646
1155,/mnt/c/Users/Chirayu/Documents/GitHub/2D-to-3D-image-reconstruction/facescape_224/fsmview_trainset_14_5_jaw_left_18.jpg,0.054087210446596146,0.05669282376766205,0.0026056133210659027,7.874078560620546,0.6548728942871094
1909,/mnt/c/Users/Chirayu/Documents/GitHub/2D-to-3D-image-reconstruction/facescape_224/fsmview_trainset_2_18_eye_closed_37.jpg,0.06290476024150848,0.05682513862848282,-0.006079621613025665,8.227607039734721,0.7114264369010925
639,/mnt/c/Users/Chirayu/Documents/GitHub/2D-to-3D-image-reconstruction/facescape_224/fsmview_trainset_1_9_mouth_right_55.jpg,0.05502389743924141,0.05683024600148201,0.0018063485622406006,7.769732557237148,0.7267504334449768
1735,/mnt/c/Users/Chirayu/Documents/GitHub/2D-to-3D-image-reconstruction/facescape_224/fsmview_trainset_13_12_lip_puckerer_15.jpg,0.05514729395508766,0.05684551224112511,0.001698218286037445,8.609893176704645,0.7307412028312683
1420,/mnt/c/Users/Chirayu/Documents/GitHub/2D-to-3D-image-reconstruction/facescape_224/fsmview_trainset_6_17_cheek_blowing_37.jpg,0.04945162311196327,0.05690417066216469,0.007452547550201416,7.352174632251263,0.6572625041007996
1502,/mnt/c/Users/Chirayu/Documents/GitHub/2D-to-3D-image-reconstruction/facescape_224/fsmview_trainset_4_10_dimpler_25.jpg,0.06073366850614548,0.05704212933778763,-0.003691539168357849,7.787952020764351,0.6696341037750244
1729,/mnt/c/Users/Chirayu/Documents/GitHub/2D-to-3D-image-reconstruction/facescape_224/fsmview_trainset_17_12_lip_puckerer_26.jpg,0.056773241609334946,0.05708101764321327,0.0003077760338783264,8.457516259513795,0.7125914096832275
874,/mnt/c/Users/Chirayu/Documents/GitHub/2D-to-3D-image-reconstruction/facescape_224/fsmview_trainset_9_17_cheek_blowing_29.jpg,0.05121520906686783,0.057091474533081055,0.005876265466213226,8.060617163777351,0.7043188214302063
406,/mnt/c/Users/Chirayu/Documents/GitHub/2D-to-3D-image-reconstruction/facescape_224/fsmview_trainset_6_11_chin_raiser_2.jpg,0.052553240209817886,0.05709850788116455,0.004545267671346664,8.469737816601992,0.7230516076087952
518,/mnt/c/Users/Chirayu/Documents/GitHub/2D-to-3D-image-reconstruction/facescape_224/fsmview_trainset_19_16_grin_8.jpg,0.04256429523229599,0.05711587890982628,0.014551583677530289,8.75484748929739,0.7734867930412292
240,/mnt/c/Users/Chirayu/Documents/GitHub/2D-to-3D-image-reconstruction/facescape_224/fsmview_trainset_4_8_mouth_left_25.jpg,0.05718708038330078,0.05711609497666359,-7.098540663719177e-05,7.857718929648399,0.6897119879722595
1139,/mnt/c/Users/Chirayu/Documents/GitHub/2D-to-3D-image-reconstruction/facescape_224/fsmview_trainset_2_20_brow_lower_24.jpg,0.05459925904870033,0.05714593827724457,0.0025466792285442352,9.170476641505957,0.7539623975753784
401,/mnt/c/Users/Chirayu/Documents/GitHub/2D-to-3D-image-reconstruction/facescape_224/fsmview_trainset_19_11_chin_raiser_48.jpg,0.05617928132414818,0.057220492511987686,0.001041211187839508,7.825453013181686,0.666492760181427
689,/mnt/c/Users/Chirayu/Documents/GitHub/2D-to-3D-image-reconstruction/facescape_224/fsmview_trainset_18_1_neutral_5.jpg,0.051156505942344666,0.057232294231653214,0.006075788289308548,8.260538499802351,0.7149896621704102
297,/mnt/c/Users/Chirayu/Documents/GitHub/2D-to-3D-image-reconstruction/facescape_224/fsmview_trainset_18_8_mouth_left_29.jpg,0.05749049410223961,0.0572698749601841,-0.00022061914205551147,8.794970728456974,0.6884199380874634
1003,/mnt/c/Users/Chirayu/Documents/GitHub/2D-to-3D-image-reconstruction/facescape_224/fsmview_trainset_7_18_eye_closed_3.jpg,0.0548395961523056,0.057317350059747696,0.002477753907442093,8.44887338578701,0.7599255442619324
50,/mnt/c/Users/Chirayu/Documents/GitHub/2D-to-3D-image-reconstruction/facescape_224/fsmview_trainset_13_20_brow_lower_47.jpg,0.05327674746513367,0.05733615532517433,0.004059407860040665,7.848020937293768,0.656245768070221
1279,/mnt/c/Users/Chirayu/Documents/GitHub/2D-to-3D-image-reconstruction/facescape_224/fsmview_trainset_16_14_sadness_36.jpg,0.05839833244681358,0.057424988597631454,-0.0009733438491821289,8.00271537154913,0.6757327914237976
247,/mnt/c/Users/Chirayu/Documents/GitHub/2D-to-3D-image-reconstruction/facescape_224/fsmview_trainset_7_11_chin_raiser_53.jpg,0.05918695032596588,0.057529378682374954,-0.0016575716435909271,7.846667729318142,0.6784258484840393
866,/mnt/c/Users/Chirayu/Documents/GitHub/2D-to-3D-image-reconstruction/facescape_224/fsmview_trainset_8_13_lip_funneler_29.jpg,0.054699309170246124,0.05753440037369728,0.0028350912034511566,7.810520656406879,0.6740672588348389
864,/mnt/c/Users/Chirayu/Documents/GitHub/2D-to-3D-image-reconstruction/facescape_224/fsmview_trainset_18_17_cheek_blowing_18.jpg,0.05724328011274338,0.057584647089242935,0.0003413669764995575,9.10354561638087,0.7417645454406738
126,/mnt/c/Users/Chirayu/Documents/GitHub/2D-to-3D-image-reconstruction/facescape_224/fsmview_trainset_1_16_grin_12.jpg,0.05236978456377983,0.057635121047496796,0.005265336483716965,7.640147119760513,0.7311372756958008
1812,/mnt/c/Users/Chirayu/Documents/GitHub/2D-to-3D-image-reconstruction/facescape_224/fsmview_trainset_3_8_mouth_left_2.jpg,0.05545349046587944,0.057673174887895584,0.002219684422016144,8.779565259814262,0.7536109685897827
150,/mnt/c/Users/Chirayu/Documents/GitHub/2D-to-3D-image-reconstruction/facescape_224/fsmview_trainset_11_16_grin_65.jpg,0.058065928518772125,0.057727884501218796,-0.00033804401755332947,8.836659289896488,0.7585388422012329
1461,/mnt/c/Users/Chirayu/Documents/GitHub/2D-to-3D-image-reconstruction/facescape_224/fsmview_trainset_9_7_jaw_forward_31.jpg,0.05884493142366409,0.057748276740312576,-0.0010966546833515167,8.195545338094234,0.6677781343460083
1576,/mnt/c/Users/Chirayu/Documents/GitHub/2D-to-3D-image-reconstruction/facescape_224/fsmview_trainset_14_5_jaw_left_43.jpg,0.056155141443014145,0.057779163122177124,0.0016240216791629791,8.912388298660517,0.7448053359985352
1862,/mnt/c/Users/Chirayu/Documents/GitHub/2D-to-3D-image-reconstruction/facescape_224/fsmview_trainset_15_3_mouth_stretch_58.jpg,0.05742860585451126,0.057827290147542953,0.0003986842930316925,8.472256232053041,0.7762159109115601
1222,/mnt/c/Users/Chirayu/Documents/GitHub/2D-to-3D-image-reconstruction/facescape_224/fsmview_trainset_9_9_mouth_right_19.jpg,0.054690759629011154,0.057881977409124374,0.00319121778011322,9.163769094273448,0.7561742067337036
857,/mnt/c/Users/Chirayu/Documents/GitHub/2D-to-3D-image-reconstruction/facescape_224/fsmview_trainset_10_5_jaw_left_3.jpg,0.05849354341626167,0.057900283485651016,-0.0005932599306106567,7.755916088819504,0.7089521288871765
1910,/mnt/c/Users/Chirayu/Documents/GitHub/2D-to-3D-image-reconstruction/facescape_224/fsmview_trainset_2_6_jaw_right_24.jpg,0.058581627905368805,0.05796578526496887,-0.0006158426403999329,8.994171334430575,0.7488235831260681
961,/mnt/c/Users/Chirayu/Documents/GitHub/2D-to-3D-image-reconstruction/facescape_224/fsmview_trainset_17_4_anger_5.jpg,0.05545980483293533,0.05815703421831131,0.0026972293853759766,8.637870309874415,0.6925165057182312
1722,/mnt/c/Users/Chirayu/Documents/GitHub/2D-to-3D-image-reconstruction/facescape_224/fsmview_trainset_2_18_eye_closed_8.jpg,0.05448300018906593,0.0582331158220768,0.0037501156330108643,8.989998907782137,0.7616316676139832
536,/mnt/c/Users/Chirayu/Documents/GitHub/2D-to-3D-image-reconstruction/facescape_224/fsmview_trainset_19_9_mouth_right_26.jpg,0.06406261771917343,0.05833230912685394,-0.0057303085923194885,9.134965803474188,0.7500004172325134
1035,/mnt/c/Users/Chirayu/Documents/GitHub/2D-to-3D-image-reconstruction/facescape_224/fsmview_trainset_8_20_brow_lower_41.jpg,0.05837951600551605,0.05835692211985588,-2.259388566017151e-05,8.057240173220634,0.7080279588699341
299,/mnt/c/Users/Chirayu/Documents/GitHub/2D-to-3D-image-reconstruction/facescape_224/fsmview_trainset_12_17_cheek_blowing_45.jpg,0.05117020383477211,0.05851762369275093,0.007347419857978821,8.997840038500726,0.7623203992843628
830,/mnt/c/Users/Chirayu/Documents/GitHub/2D-to-3D-image-reconstruction/facescape_224/fsmview_trainset_5_7_jaw_forward_2.jpg,0.06330999732017517,0.05859027057886124,-0.004719726741313934,8.607960041612387,0.6827106475830078
499,/mnt/c/Users/Chirayu/Documents/GitHub/2D-to-3D-image-reconstruction/facescape_224/fsmview_trainset_14_12_lip_puckerer_65.jpg,0.05641036853194237,0.058697376400232315,0.0022870078682899475,9.08810120075941,0.8145967721939087
1572,/mnt/c/Users/Chirayu/Documents/GitHub/2D-to-3D-image-reconstruction/facescape_224/fsmview_trainset_17_18_eye_closed_5.jpg,0.055082354694604874,0.05870851129293442,0.003626156598329544,8.404114179313183,0.6942061185836792
466,/mnt/c/Users/Chirayu/Documents/GitHub/2D-to-3D-image-reconstruction/facescape_224/fsmview_trainset_3_17_cheek_blowing_13.jpg,0.06404236704111099,0.058723084628582,-0.005319282412528992,8.58590929582715,0.7110861539840698
1479,/mnt/c/Users/Chirayu/Documents/GitHub/2D-to-3D-image-reconstruction/facescape_224/fsmview_trainset_10_8_mouth_left_36.jpg,0.06184161454439163,0.0588211864233017,-0.0030204281210899353,7.830921154469252,0.7033082246780396
1883,/mnt/c/Users/Chirayu/Documents/GitHub/2D-to-3D-image-reconstruction/facescape_224/fsmview_trainset_10_18_eye_closed_50.jpg,0.05722606182098389,0.05885973945260048,0.0016336776316165924,8.029333487153053,0.6631286144256592
476,/mnt/c/Users/Chirayu/Documents/GitHub/2D-to-3D-image-reconstruction/facescape_224/fsmview_trainset_18_20_brow_lower_5.jpg,0.054911646991968155,0.05889790132641792,0.003986254334449768,8.269128754734993,0.6884322166442871
1506,/mnt/c/Users/Chirayu/Documents/GitHub/2D-to-3D-image-reconstruction/facescape_224/fsmview_trainset_10_6_jaw_right_19.jpg,0.05751163139939308,0.05897913873195648,0.0014675073325634003,8.158331552520394,0.6940814256668091
444,/mnt/c/Users/Chirayu/Documents/GitHub/2D-to-3D-image-reconstruction/facescape_224/fsmview_trainset_3_2_smile_38.jpg,0.05442354455590248,0.05899449810385704,0.004570953547954559,7.927888162434101,0.7251929640769958
968,/mnt/c/Users/Chirayu/Documents/GitHub/2D-to-3D-image-reconstruction/facescape_224/fsmview_trainset_13_9_mouth_right_5.jpg,0.059943120926618576,0.05901830270886421,-0.000924818217754364,8.176306426525116,0.6670212745666504
1090,/mnt/c/Users/Chirayu/Documents/GitHub/2D-to-3D-image-reconstruction/facescape_224/fsmview_trainset_9_17_cheek_blowing_20.jpg,0.057515040040016174,0.0590420737862587,0.0015270337462425232,8.50130764208734,0.7159841656684875
1317,/mnt/c/Users/Chirayu/Documents/GitHub/2D-to-3D-image-reconstruction/facescape_224/fsmview_trainset_15_1_neutral_37.jpg,0.048963308334350586,0.059044305235147476,0.01008099690079689,9.087258021347225,0.7759625911712646
407,/mnt/c/Users/Chirayu/Documents/GitHub/2D-to-3D-image-reconstruction/facescape_224/fsmview_trainset_6_4_anger_1.jpg,0.06018124520778656,0.059054795652627945,-0.0011264495551586151,7.760209903120995,0.7118970155715942
149,/mnt/c/Users/Chirayu/Documents/GitHub/2D-to-3D-image-reconstruction/facescape_224/fsmview_trainset_7_20_brow_lower_32.jpg,0.05464755743741989,0.05906400457024574,0.0044164471328258514,7.914366543292999,0.6757687926292419
1041,/mnt/c/Users/Chirayu/Documents/GitHub/2D-to-3D-image-reconstruction/facescape_224/fsmview_trainset_2_19_brow_raiser_18.jpg,0.05715862289071083,0.05908513069152832,0.0019265078008174896,9.038553801365197,0.7296293377876282
1427,/mnt/c/Users/Chirayu/Documents/GitHub/2D-to-3D-image-reconstruction/facescape_224/fsmview_trainset_3_9_mouth_right_16.jpg,0.06011131405830383,0.05910811573266983,-0.0010031983256340027,8.492235194891691,0.7276574373245239
413,/mnt/c/Users/Chirayu/Documents/GitHub/2D-to-3D-image-reconstruction/facescape_224/fsmview_trainset_10_13_lip_funneler_16.jpg,0.05648541450500488,0.05911621078848839,0.0026307962834835052,7.519741781055927,0.6676560640335083
1346,/mnt/c/Users/Chirayu/Documents/GitHub/2D-to-3D-image-reconstruction/facescape_224/fsmview_trainset_7_9_mouth_right_31.jpg,0.056778375059366226,0.05917421355843544,0.002395838499069214,8.45045842975378,0.7193960547447205
745,/mnt/c/Users/Chirayu/Documents/GitHub/2D-to-3D-image-reconstruction/facescape_224/fsmview_trainset_18_17_cheek_blowing_9.jpg,0.053861238062381744,0.05920751765370369,0.005346279591321945,8.32692390307784,0.7206125855445862
1082,/mnt/c/Users/Chirayu/Documents/GitHub/2D-to-3D-image-reconstruction/facescape_224/fsmview_trainset_3_7_jaw_forward_27.jpg,0.058661531656980515,0.059353381395339966,0.0006918497383594513,8.539029456675053,0.7198604345321655
1993,/mnt/c/Users/Chirayu/Documents/GitHub/2D-to-3D-image-reconstruction/facescape_224/fsmview_trainset_19_10_dimpler_11.jpg,0.05744129419326782,0.0594119057059288,0.0019706115126609802,8.594511423259974,0.7294225692749023
1196,/mnt/c/Users/Chirayu/Documents/GitHub/2D-to-3D-image-reconstruction/facescape_224/fsmview_trainset_13_13_lip_funneler_21.jpg,0.05864083766937256,0.0594419464468956,0.0008011087775230408,8.754716048948467,0.7356539368629456
767,/mnt/c/Users/Chirayu/Documents/GitHub/2D-to-3D-image-reconstruction/facescape_224/fsmview_trainset_19_9_mouth_right_24.jpg,0.05661196634173393,0.05946904793381691,0.0028570815920829773,9.339304476976395,0.7886447906494141
916,/mnt/c/Users/Chirayu/Documents/GitHub/2D-to-3D-image-reconstruction/facescape_224/fsmview_trainset_6_17_cheek_blowing_19.jpg,0.051856253296136856,0.05948004871606827,0.007623795419931412,8.684419951401651,0.7744326591491699
43,/mnt/c/Users/Chirayu/Documents/GitHub/2D-to-3D-image-reconstruction/facescape_224/fsmview_trainset_20_12_lip_puckerer_13.jpg,0.05698969215154648,0.059537600725889206,0.0025479085743427277,8.857280645519495,0.7203397154808044
1683,/mnt/c/Users/Chirayu/Documents/GitHub/2D-to-3D-image-reconstruction/facescape_224/fsmview_trainset_19_19_brow_raiser_32.jpg,0.056204915046691895,0.05954321101307869,0.003338295966386795,8.122354682534933,0.7512577772140503
611,/mnt/c/Users/Chirayu/Documents/GitHub/2D-to-3D-image-reconstruction/facescape_224/fsmview_trainset_17_4_anger_19.jpg,0.05737677589058876,0.05957717075943947,0.002200394868850708,9.069461335428059,0.7755160927772522
852,/mnt/c/Users/Chirayu/Documents/GitHub/2D-to-3D-image-reconstruction/facescape_224/fsmview_trainset_7_9_mouth_right_1.jpg,0.05821268633008003,0.059597570449113846,0.0013848841190338135,8.041756369173527,0.6974664330482483
1313,/mnt/c/Users/Chirayu/Documents/GitHub/2D-to-3D-image-reconstruction/facescape_224/fsmview_trainset_13_18_eye_closed_58.jpg,0.04865207150578499,0.05969817563891411,0.01104610413312912,9.009143605828285,0.7714807391166687
1978,/mnt/c/Users/Chirayu/Documents/GitHub/2D-to-3D-image-reconstruction/facescape_224/fsmview_trainset_13_17_cheek_blowing_41.jpg,0.06118251383304596,0.05969921126961708,-0.0014833025634288788,8.541143048554659,0.7047870755195618
1037,/mnt/c/Users/Chirayu/Documents/GitHub/2D-to-3D-image-reconstruction/facescape_224/fsmview_trainset_15_14_sadness_65.jpg,0.056914862245321274,0.05979897081851959,0.0028841085731983185,8.546438865363598,0.7848338484764099
1318,/mnt/c/Users/Chirayu/Documents/GitHub/2D-to-3D-image-reconstruction/facescape_224/fsmview_trainset_1_16_grin_3.jpg,0.05450949817895889,0.059879835695028305,0.005370337516069412,7.516166195273399,0.730675995349884
788,/mnt/c/Users/Chirayu/Documents/GitHub/2D-to-3D-image-reconstruction/facescape_224/fsmview_trainset_12_7_jaw_forward_28.jpg,0.049745719879865646,0.05991942808032036,0.010173708200454712,8.977998997084796,0.7395117282867432
1324,/mnt/c/Users/Chirayu/Documents/GitHub/2D-to-3D-image-reconstruction/facescape_224/fsmview_trainset_10_17_cheek_blowing_24.jpg,0.057853441685438156,0.05996423587203026,0.002110794186592102,8.22505736257881,0.7049741744995117
1564,/mnt/c/Users/Chirayu/Documents/GitHub/2D-to-3D-image-reconstruction/facescape_224/fsmview_trainset_3_16_grin_38.jpg,0.05731453746557236,0.059966713190078735,0.002652175724506378,7.776377834379673,0.7009432911872864
1116,/mnt/c/Users/Chirayu/Documents/GitHub/2D-to-3D-image-reconstruction/facescape_224/fsmview_trainset_4_7_jaw_forward_3.jpg,0.061050303280353546,0.06001497060060501,-0.0010353326797485352,7.835646279156208,0.691893994808197
259,/mnt/c/Users/Chirayu/Documents/GitHub/2D-to-3D-image-reconstruction/facescape_224/fsmview_trainset_6_12_lip_puckerer_20.jpg,0.05719083920121193,0.06003148481249809,0.0028406456112861633,8.93079031445086,0.7559391260147095
1849,/mnt/c/Users/Chirayu/Documents/GitHub/2D-to-3D-image-reconstruction/facescape_224/fsmview_trainset_6_13_lip_funneler_20.jpg,0.05881001055240631,0.06007392331957817,0.0012639127671718597,9.163106955587864,0.7611050605773926
1714,/mnt/c/Users/Chirayu/Documents/GitHub/2D-to-3D-image-reconstruction/facescape_224/fsmview_trainset_16_3_mouth_stretch_37.jpg,0.057641997933387756,0.06007801741361618,0.002436019480228424,8.862955998629332,0.7423959970474243
947,/mnt/c/Users/Chirayu/Documents/GitHub/2D-to-3D-image-reconstruction/facescape_224/fsmview_trainset_10_18_eye_closed_25.jpg,0.059282008558511734,0.060093339532613754,0.0008113309741020203,7.820273086428642,0.7270399928092957
329,/mnt/c/Users/Chirayu/Documents/GitHub/2D-to-3D-image-reconstruction/facescape_224/fsmview_trainset_17_2_smile_37.jpg,0.05414595082402229,0.06020968779921532,0.006063736975193024,7.707779426127672,0.6422609090805054
1019,/mnt/c/Users/Chirayu/Documents/GitHub/2D-to-3D-image-reconstruction/facescape_224/fsmview_trainset_14_4_anger_65.jpg,0.05853550136089325,0.06025842949748039,0.001722928136587143,8.40225219167769,0.7850492596626282
314,/mnt/c/Users/Chirayu/Documents/GitHub/2D-to-3D-image-reconstruction/facescape_224/fsmview_trainset_15_20_brow_lower_65.jpg,0.05949995666742325,0.06060910224914551,0.0011091455817222595,8.479272998869419,0.7825697064399719
1534,/mnt/c/Users/Chirayu/Documents/GitHub/2D-to-3D-image-reconstruction/facescape_224/fsmview_trainset_4_19_brow_raiser_41.jpg,0.06925550103187561,0.06064572185277939,-0.008609779179096222,7.738923914730549,0.7203314304351807
19,/mnt/c/Users/Chirayu/Documents/GitHub/2D-to-3D-image-reconstruction/facescape_224/fsmview_trainset_5_19_brow_raiser_56.jpg,0.06226087361574173,0.06072782725095749,-0.0015330463647842407,8.473705545067787,0.7374650239944458
1208,/mnt/c/Users/Chirayu/Documents/GitHub/2D-to-3D-image-reconstruction/facescape_224/fsmview_trainset_3_18_eye_closed_16.jpg,0.05856778845191002,0.0608118511736393,0.0022440627217292786,8.35658885538578,0.7020476460456848
1429,/mnt/c/Users/Chirayu/Documents/GitHub/2D-to-3D-image-reconstruction/facescape_224/fsmview_trainset_3_12_lip_puckerer_37.jpg,0.05546068400144577,0.06088591367006302,0.0054252296686172485,7.926208607852459,0.6934364438056946
92,/mnt/c/Users/Chirayu/Documents/GitHub/2D-to-3D-image-reconstruction/facescape_224/fsmview_trainset_5_13_lip_funneler_12.jpg,0.05855877324938774,0.06099214404821396,0.0024333707988262177,8.236131663434207,0.703174352645874
1607,/mnt/c/Users/Chirayu/Documents/GitHub/2D-to-3D-image-reconstruction/facescape_224/fsmview_trainset_7_1_neutral_49.jpg,0.061940647661685944,0.061032891273498535,-0.0009077563881874084,5.792412489652634,0.5109731554985046
156,/mnt/c/Users/Chirayu/Documents/GitHub/2D-to-3D-image-reconstruction/facescape_224/fsmview_trainset_15_12_lip_puckerer_43.jpg,0.05755200982093811,0.06117309629917145,0.0036210864782333374,8.25690358132124,0.6673732995986938
302,/mnt/c/Users/Chirayu/Documents/GitHub/2D-to-3D-image-reconstruction/facescape_224/fsmview_trainset_18_7_jaw_forward_19.jpg,0.0625583678483963,0.06131177768111229,-0.0012465901672840118,9.314642157405615,0.7613458037376404
1398,/mnt/c/Users/Chirayu/Documents/GitHub/2D-to-3D-image-reconstruction/facescape_224/fsmview_trainset_16_17_cheek_blowing_19.jpg,0.0579303503036499,0.06148281693458557,0.003552466630935669,9.00840138271451,0.7496002316474915
872,/mnt/c/Users/Chirayu/Documents/GitHub/2D-to-3D-image-reconstruction/facescape_224/fsmview_trainset_16_14_sadness_17.jpg,0.036859359592199326,0.061531782150268555,0.02467242255806923,7.667536225169897,0.6380484104156494
1201,/mnt/c/Users/Chirayu/Documents/GitHub/2D-to-3D-image-reconstruction/facescape_224/fsmview_trainset_4_15_lip_roll_3.jpg,0.060622889548540115,0.061612509191036224,0.000989619642496109,7.763287901878357,0.7012985944747925
483,/mnt/c/Users/Chirayu/Documents/GitHub/2D-to-3D-image-reconstruction/facescape_224/fsmview_trainset_14_9_mouth_right_26.jpg,0.050260234624147415,0.06162773072719574,0.011367496103048325,7.853301987051964,0.7254646420478821
331,/mnt/c/Users/Chirayu/Documents/GitHub/2D-to-3D-image-reconstruction/facescape_224/fsmview_trainset_6_1_neutral_33.jpg,0.042971812188625336,0.06167073920369148,0.018698927015066147,7.682112623006105,0.691196084022522
1038,/mnt/c/Users/Chirayu/Documents/GitHub/2D-to-3D-image-reconstruction/facescape_224/fsmview_trainset_15_11_chin_raiser_65.jpg,0.06290971487760544,0.06176796928048134,-0.0011417455971240997,8.724625520408154,0.8086147308349609
114,/mnt/c/Users/Chirayu/Documents/GitHub/2D-to-3D-image-reconstruction/facescape_224/fsmview_trainset_17_15_lip_roll_3.jpg,0.06289754062891006,0.06180005148053169,-0.0010974891483783722,7.6928017027676105,0.6576273441314697
1348,/mnt/c/Users/Chirayu/Documents/GitHub/2D-to-3D-image-reconstruction/facescape_224/fsmview_trainset_4_4_anger_11.jpg,0.063075490295887,0.06193867698311806,-0.0011368133127689362,7.164466343820095,0.6541095972061157
800,/mnt/c/Users/Chirayu/Documents/GitHub/2D-to-3D-image-reconstruction/facescape_224/fsmview_trainset_12_9_mouth_right_6.jpg,0.06265273690223694,0.0620100237429142,-0.0006427131593227386,8.573026105761528,0.7236701250076294
878,/mnt/c/Users/Chirayu/Documents/GitHub/2D-to-3D-image-reconstruction/facescape_224/fsmview_trainset_17_16_grin_35.jpg,0.05793214589357376,0.06203458458185196,0.004102438688278198,8.755296472460032,0.7399272322654724
957,/mnt/c/Users/Chirayu/Documents/GitHub/2D-to-3D-image-reconstruction/facescape_224/fsmview_trainset_13_19_brow_raiser_39.jpg,0.06946664303541183,0.06208735331892967,-0.0073792897164821625,8.758276022970676,0.7167819738388062
1170,/mnt/c/Users/Chirayu/Documents/GitHub/2D-to-3D-image-reconstruction/facescape_224/fsmview_trainset_5_12_lip_puckerer_57.jpg,0.06420917063951492,0.062106918543577194,-0.002102252095937729,8.026012256741524,0.7024304866790771
1293,/mnt/c/Users/Chirayu/Documents/GitHub/2D-to-3D-image-reconstruction/facescape_224/fsmview_trainset_16_5_jaw_left_36.jpg,0.061869341880083084,0.06212690472602844,0.0002575628459453583,8.082351870834827,0.7046618461608887
1682,/mnt/c/Users/Chirayu/Documents/GitHub/2D-to-3D-image-reconstruction/facescape_224/fsmview_trainset_3_14_sadness_29.jpg,0.05826753005385399,0.062254395335912704,0.003986865282058716,8.10354957357049,0.7110062837600708
815,/mnt/c/Users/Chirayu/Documents/GitHub/2D-to-3D-image-reconstruction/facescape_224/fsmview_trainset_14_19_brow_raiser_26.jpg,0.04670662060379982,0.06227223947644234,0.015565618872642517,8.060782838612795,0.7530764937400818
1501,/mnt/c/Users/Chirayu/Documents/GitHub/2D-to-3D-image-reconstruction/facescape_224/fsmview_trainset_15_18_eye_closed_65.jpg,0.06160625442862511,0.06230006366968155,0.0006938092410564423,9.018829096108675,0.8016678690910339
101,/mnt/c/Users/Chirayu/Documents/GitHub/2D-to-3D-image-reconstruction/facescape_224/fsmview_trainset_14_5_jaw_left_64.jpg,0.06145261973142624,0.06237659230828285,0.0009239725768566132,8.093596443533897,0.7711121439933777
390,/mnt/c/Users/Chirayu/Documents/GitHub/2D-to-3D-image-reconstruction/facescape_224/fsmview_trainset_10_19_brow_raiser_51.jpg,0.06265713274478912,0.06248277798295021,-0.00017435476183891296,7.756449811160564,0.6678416728973389
1026,/mnt/c/Users/Chirayu/Documents/GitHub/2D-to-3D-image-reconstruction/facescape_224/fsmview_trainset_17_2_smile_8.jpg,0.060122281312942505,0.06248486787080765,0.002362586557865143,8.521086871623993,0.6806676983833313
1837,/mnt/c/Users/Chirayu/Documents/GitHub/2D-to-3D-image-reconstruction/facescape_224/fsmview_trainset_7_17_cheek_blowing_1.jpg,0.06320023536682129,0.06250541657209396,-0.0006948187947273254,8.257255341857672,0.6650291085243225
4,/mnt/c/Users/Chirayu/Documents/GitHub/2D-to-3D-image-reconstruction/facescape_224/fsmview_trainset_17_9_mouth_right_9.jpg,0.05627741664648056,0.06258849799633026,0.006311081349849701,8.433265859261155,0.663414716720581
59,/mnt/c/Users/Chirayu/Documents/GitHub/2D-to-3D-image-reconstruction/facescape_224/fsmview_trainset_20_10_dimpler_26.jpg,0.052757058292627335,0.06262065470218658,0.00986359640955925,8.02601233497262,0.706912636756897
1343,/mnt/c/Users/Chirayu/Documents/GitHub/2D-to-3D-image-reconstruction/facescape_224/fsmview_trainset_18_1_neutral_42.jpg,0.07378505915403366,0.06266338378190994,-0.011121675372123718,7.710281439125538,0.6696891784667969
1366,/mnt/c/Users/Chirayu/Documents/GitHub/2D-to-3D-image-reconstruction/facescape_224/fsmview_trainset_1_18_eye_closed_30.jpg,0.0626094788312912,0.06267748773097992,6.80088996887207e-05,7.701378729194403,0.6092149615287781
922,/mnt/c/Users/Chirayu/Documents/GitHub/2D-to-3D-image-reconstruction/facescape_224/fsmview_trainset_11_12_lip_puckerer_16.jpg,0.05415229871869087,0.06267932802438736,0.008527029305696487,7.701205313205719,0.6452810168266296
458,/mnt/c/Users/Chirayu/Documents/GitHub/2D-to-3D-image-reconstruction/facescape_224/fsmview_trainset_15_9_mouth_right_40.jpg,0.05587754398584366,0.06268557161092758,0.006808027625083923,8.692621104419231,0.7270240187644958
1224,/mnt/c/Users/Chirayu/Documents/GitHub/2D-to-3D-image-reconstruction/facescape_224/fsmview_trainset_3_11_chin_raiser_4.jpg,0.061176832765340805,0.06274618953466415,0.001569356769323349,8.271165169775486,0.6834186911582947
1817,/mnt/c/Users/Chirayu/Documents/GitHub/2D-to-3D-image-reconstruction/facescape_224/fsmview_trainset_19_11_chin_raiser_11.jpg,0.05731497332453728,0.06274820864200592,0.005433235317468643,8.521436683833599,0.7163659334182739
1334,/mnt/c/Users/Chirayu/Documents/GitHub/2D-to-3D-image-reconstruction/facescape_224/fsmview_trainset_9_17_cheek_blowing_9.jpg,0.0692799910902977,0.0629134476184845,-0.006366543471813202,8.449167609214783,0.6896637678146362
697,/mnt/c/Users/Chirayu/Documents/GitHub/2D-to-3D-image-reconstruction/facescape_224/fsmview_trainset_2_1_neutral_31.jpg,0.05821576341986656,0.06291373819112778,0.004697974771261215,8.665624052286148,0.6918015480041504
1349,/mnt/c/Users/Chirayu/Documents/GitHub/2D-to-3D-image-reconstruction/facescape_224/fsmview_trainset_16_19_brow_raiser_50.jpg,0.06319324672222137,0.063099205493927,-9.404122829437256e-05,8.367077965289354,0.712103545665741
1168,/mnt/c/Users/Chirayu/Documents/GitHub/2D-to-3D-image-reconstruction/facescape_224/fsmview_trainset_3_18_eye_closed_1.jpg,0.06403739005327225,0.06310472637414932,-0.0009326636791229248,8.381874948740005,0.7130699753761292
868,/mnt/c/Users/Chirayu/Documents/GitHub/2D-to-3D-image-reconstruction/facescape_224/fsmview_trainset_8_9_mouth_right_46.jpg,0.05967637524008751,0.06315120309591293,0.003474827855825424,7.786456637084484,0.6979236602783203
736,/mnt/c/Users/Chirayu/Documents/GitHub/2D-to-3D-image-reconstruction/facescape_224/fsmview_trainset_8_9_mouth_right_29.jpg,0.062452539801597595,0.0632028579711914,0.000750318169593811,8.104739606380463,0.6674054861068726
1030,/mnt/c/Users/Chirayu/Documents/GitHub/2D-to-3D-image-reconstruction/facescape_224/fsmview_trainset_7_5_jaw_left_3.jpg,0.06707911193370819,0.06320823729038239,-0.0038708746433258057,8.392696917057037,0.787296712398529
1994,/mnt/c/Users/Chirayu/Documents/GitHub/2D-to-3D-image-reconstruction/facescape_224/fsmview_trainset_9_11_chin_raiser_23.jpg,0.05786452069878578,0.06321830302476883,0.0053537823259830475,8.607351757586002,0.7501598000526428
1540,/mnt/c/Users/Chirayu/Documents/GitHub/2D-to-3D-image-reconstruction/facescape_224/fsmview_trainset_2_4_anger_19.jpg,0.060206133872270584,0.06327848136425018,0.003072347491979599,9.35314413625747,0.7592942714691162
863,/mnt/c/Users/Chirayu/Documents/GitHub/2D-to-3D-image-reconstruction/facescape_224/fsmview_trainset_14_17_cheek_blowing_18.jpg,0.06935296207666397,0.06333687901496887,-0.006016083061695099,7.8743202574551105,0.6600497961044312
1598,/mnt/c/Users/Chirayu/Documents/GitHub/2D-to-3D-image-reconstruction/facescape_224/fsmview_trainset_2_7_jaw_forward_24.jpg,0.059265829622745514,0.06358251720666885,0.00431668758392334,9.09104595053941,0.7502905130386353
1203,/mnt/c/Users/Chirayu/Documents/GitHub/2D-to-3D-image-reconstruction/facescape_224/fsmview_trainset_4_8_mouth_left_41.jpg,0.0625581294298172,0.06358851492404938,0.0010303854942321777,7.425465568900108,0.6918685436248779
725,/mnt/c/Users/Chirayu/Documents/GitHub/2D-to-3D-image-reconstruction/facescape_224/fsmview_trainset_12_10_dimpler_53.jpg,0.062172699719667435,0.0636538490653038,0.0014811493456363678,8.362732823938131,0.7015156149864197
1264,/mnt/c/Users/Chirayu/Documents/GitHub/2D-to-3D-image-reconstruction/facescape_224/fsmview_trainset_4_15_lip_roll_25.jpg,0.0671345517039299,0.06369641423225403,-0.003438137471675873,8.159530118107796,0.7298813462257385
1995,/mnt/c/Users/Chirayu/Documents/GitHub/2D-to-3D-image-reconstruction/facescape_224/fsmview_trainset_13_14_sadness_24.jpg,0.0633966401219368,0.06373471766710281,0.0003380775451660156,7.318036809563637,0.6034229397773743
371,/mnt/c/Users/Chirayu/Documents/GitHub/2D-to-3D-image-reconstruction/facescape_224/fsmview_trainset_8_1_neutral_42.jpg,0.06215544417500496,0.06392800062894821,0.0017725564539432526,8.126866735517979,0.7366045117378235
1881,/mnt/c/Users/Chirayu/Documents/GitHub/2D-to-3D-image-reconstruction/facescape_224/fsmview_trainset_17_12_lip_puckerer_15.jpg,0.05991057679057121,0.06394942849874496,0.004038851708173752,8.356065002270043,0.7018861770629883
871,/mnt/c/Users/Chirayu/Documents/GitHub/2D-to-3D-image-reconstruction/facescape_224/fsmview_trainset_7_7_jaw_forward_31.jpg,0.06437155604362488,0.0639953762292862,-0.0003761798143386841,8.180922418832779,0.6706563830375671
1526,/mnt/c/Users/Chirayu/Documents/GitHub/2D-to-3D-image-reconstruction/facescape_224/fsmview_trainset_8_17_cheek_blowing_5.jpg,0.058865442872047424,0.0640319213271141,0.005166478455066681,8.54235626757145,0.7199076414108276
768,/mnt/c/Users/Chirayu/Documents/GitHub/2D-to-3D-image-reconstruction/facescape_224/fsmview_trainset_7_11_chin_raiser_54.jpg,0.06402795016765594,0.06405218690633774,2.4236738681793213e-05,7.966149799525738,0.6945599317550659
1877,/mnt/c/Users/Chirayu/Documents/GitHub/2D-to-3D-image-reconstruction/facescape_224/fsmview_trainset_4_2_smile_25.jpg,0.06647851318120956,0.06405245512723923,-0.002426058053970337,7.859755724668503,0.6898165941238403
1241,/mnt/c/Users/Chirayu/Documents/GitHub/2D-to-3D-image-reconstruction/facescape_224/fsmview_trainset_19_15_lip_roll_47.jpg,0.059395115822553635,0.06427992135286331,0.004884805530309677,8.763704296201468,0.7241535782814026
648,/mnt/c/Users/Chirayu/Documents/GitHub/2D-to-3D-image-reconstruction/facescape_224/fsmview_trainset_2_14_sadness_27.jpg,0.06344324350357056,0.06429412961006165,0.0008508861064910889,9.264306110329926,0.7748463749885559
257,/mnt/c/Users/Chirayu/Documents/GitHub/2D-to-3D-image-reconstruction/facescape_224/fsmview_trainset_2_10_dimpler_24.jpg,0.06222468242049217,0.06430935859680176,0.0020846761763095856,9.5758197279647,0.7649574279785156
289,/mnt/c/Users/Chirayu/Documents/GitHub/2D-to-3D-image-reconstruction/facescape_224/fsmview_trainset_11_15_lip_roll_12.jpg,0.06308213621377945,0.06432247906923294,0.0012403428554534912,7.900735106319189,0.6434810161590576
328,/mnt/c/Users/Chirayu/Documents/GitHub/2D-to-3D-image-reconstruction/facescape_224/fsmview_trainset_11_11_chin_raiser_56.jpg,0.06659270823001862,0.06441542506217957,-0.0021772831678390503,9.130067404359579,0.7893020510673523
1550,/mnt/c/Users/Chirayu/Documents/GitHub/2D-to-3D-image-reconstruction/facescape_224/fsmview_trainset_16_18_eye_closed_25.jpg,0.060123879462480545,0.06448119133710861,0.004357311874628067,8.338605649769306,0.7245079874992371
1546,/mnt/c/Users/Chirayu/Documents/GitHub/2D-to-3D-image-reconstruction/facescape_224/fsmview_trainset_1_10_dimpler_11.jpg,0.07035284489393234,0.06455495208501816,-0.005797892808914185,7.839485391974449,0.693244218826294
38,/mnt/c/Users/Chirayu/Documents/GitHub/2D-to-3D-image-reconstruction/facescape_224/fsmview_trainset_5_13_lip_funneler_56.jpg,0.06694578379392624,0.06459261476993561,-0.002353169023990631,8.3013531640172,0.7106508016586304
653,/mnt/c/Users/Chirayu/Documents/GitHub/2D-to-3D-image-reconstruction/facescape_224/fsmview_trainset_12_16_grin_21.jpg,0.060400255024433136,0.0648161843419075,0.004415929317474365,9.112996333278716,0.7373995780944824
221,/mnt/c/Users/Chirayu/Documents/GitHub/2D-to-3D-image-reconstruction/facescape_224/fsmview_trainset_5_19_brow_raiser_23.jpg,0.029430918395519257,0.06482342630624771,0.035392507910728455,7.617100464180112,0.7117882966995239
799,/mnt/c/Users/Chirayu/Documents/GitHub/2D-to-3D-image-reconstruction/facescape_224/fsmview_trainset_13_19_brow_raiser_14.jpg,0.06646836549043655,0.06483292579650879,-0.001635439693927765,9.117457706481218,0.7847296595573425
566,/mnt/c/Users/Chirayu/Documents/GitHub/2D-to-3D-image-reconstruction/facescape_224/fsmview_trainset_15_2_smile_58.jpg,0.06039877608418465,0.06492529064416885,0.004526514559984207,8.542264495044947,0.7714141607284546
1840,/mnt/c/Users/Chirayu/Documents/GitHub/2D-to-3D-image-reconstruction/facescape_224/fsmview_trainset_17_11_chin_raiser_29.jpg,0.06108185276389122,0.06508660316467285,0.0040047504007816315,8.493807453662157,0.7212987542152405
806,/mnt/c/Users/Chirayu/Documents/GitHub/2D-to-3D-image-reconstruction/facescape_224/fsmview_trainset_6_12_lip_puckerer_55.jpg,0.06159225478768349,0.06508687138557434,0.003494616597890854,8.301658689975739,0.7114054560661316
1217,/mnt/c/Users/Chirayu/Documents/GitHub/2D-to-3D-image-reconstruction/facescape_224/fsmview_trainset_7_1_neutral_34.jpg,0.06270241737365723,0.06510113179683685,0.0023987144231796265,7.668791636824608,0.6864103674888611
591,/mnt/c/Users/Chirayu/Documents/GitHub/2D-to-3D-image-reconstruction/facescape_224/fsmview_trainset_19_12_lip_puckerer_5.jpg,0.05689597502350807,0.0651756152510643,0.008279640227556229,8.262639090418816,0.6774603128433228
54,/mnt/c/Users/Chirayu/Documents/GitHub/2D-to-3D-image-reconstruction/facescape_224/fsmview_trainset_5_16_grin_32.jpg,0.05920160561800003,0.06524354219436646,0.0060419365763664246,7.8206775560975075,0.6827765703201294
308,/mnt/c/Users/Chirayu/Documents/GitHub/2D-to-3D-image-reconstruction/facescape_224/fsmview_trainset_12_19_brow_raiser_27.jpg,0.06100616231560707,0.06530118733644485,0.004295025020837784,9.14525470789522,0.7533667087554932
1265,/mnt/c/Users/Chirayu/Documents/GitHub/2D-to-3D-image-reconstruction/facescape_224/fsmview_trainset_8_12_lip_puckerer_12.jpg,0.0678718090057373,0.0653371810913086,-0.002534627914428711,7.982683598995209,0.7006823420524597
848,/mnt/c/Users/Chirayu/Documents/GitHub/2D-to-3D-image-reconstruction/facescape_224/fsmview_trainset_17_9_mouth_right_55.jpg,0.06260258704423904,0.06541062891483307,0.0028080418705940247,8.403203658759594,0.6969650387763977
1972,/mnt/c/Users/Chirayu/Documents/GitHub/2D-to-3D-image-reconstruction/facescape_224/fsmview_trainset_7_15_lip_roll_31.jpg,0.056986600160598755,0.06541524827480316,0.008428648114204407,8.171085335314274,0.6895899772644043
1929,/mnt/c/Users/Chirayu/Documents/GitHub/2D-to-3D-image-reconstruction/facescape_224/fsmview_trainset_12_11_chin_raiser_42.jpg,0.06097213551402092,0.06558868288993835,0.004616547375917435,8.452613085508347,0.7218694686889648
1991,/mnt/c/Users/Chirayu/Documents/GitHub/2D-to-3D-image-reconstruction/facescape_224/fsmview_trainset_9_7_jaw_forward_19.jpg,0.06130584701895714,0.06581275165081024,0.004506904631853104,8.880811533890665,0.7557488083839417
1930,/mnt/c/Users/Chirayu/Documents/GitHub/2D-to-3D-image-reconstruction/facescape_224/fsmview_trainset_19_9_mouth_right_49.jpg,0.061893027275800705,0.06600081920623779,0.004107791930437088,8.176092639565468,0.7275647521018982
1375,/mnt/c/Users/Chirayu/Documents/GitHub/2D-to-3D-image-reconstruction/facescape_224/fsmview_trainset_16_3_mouth_stretch_11.jpg,0.06834764778614044,0.06612866371870041,-0.002218984067440033,7.695736911147833,0.7474130392074585
1280,/mnt/c/Users/Chirayu/Documents/GitHub/2D-to-3D-image-reconstruction/facescape_224/fsmview_trainset_12_9_mouth_right_8.jpg,0.06037009507417679,0.06623081862926483,0.005860723555088043,9.108411483466625,0.7525438070297241
1653,/mnt/c/Users/Chirayu/Documents/GitHub/2D-to-3D-image-reconstruction/facescape_224/fsmview_trainset_13_6_jaw_right_53.jpg,0.06658119708299637,0.06634444743394852,-0.00023674964904785156,8.712540786713362,0.7132180333137512
1799,/mnt/c/Users/Chirayu/Documents/GitHub/2D-to-3D-image-reconstruction/facescape_224/fsmview_trainset_20_14_sadness_25.jpg,0.05646238103508949,0.06638604402542114,0.00992366299033165,7.992429012432694,0.7278391718864441
952,/mnt/c/Users/Chirayu/Documents/GitHub/2D-to-3D-image-reconstruction/facescape_224/fsmview_trainset_20_9_mouth_right_65.jpg,0.06578736007213593,0.06640660762786865,0.000619247555732727,8.756968583911657,0.826047420501709
1310,/mnt/c/Users/Chirayu/Documents/GitHub/2D-to-3D-image-reconstruction/facescape_224/fsmview_trainset_4_8_mouth_left_42.jpg,0.06821834295988083,0.06642191857099533,-0.001796424388885498,7.820896722376347,0.6942846775054932
772,/mnt/c/Users/Chirayu/Documents/GitHub/2D-to-3D-image-reconstruction/facescape_224/fsmview_trainset_6_8_mouth_left_39.jpg,0.0676199272274971,0.06647952646017075,-0.001140400767326355,8.374827966094017,0.7162891030311584
1594,/mnt/c/Users/Chirayu/Documents/GitHub/2D-to-3D-image-reconstruction/facescape_224/fsmview_trainset_4_12_lip_puckerer_12.jpg,0.06332781910896301,0.06654264032840729,0.003214821219444275,7.584295518696308,0.6964592933654785
129,/mnt/c/Users/Chirayu/Documents/GitHub/2D-to-3D-image-reconstruction/facescape_224/fsmview_trainset_4_4_anger_12.jpg,0.05773530900478363,0.06655922532081604,0.00882391631603241,7.822943653911352,0.7261782288551331
1968,/mnt/c/Users/Chirayu/Documents/GitHub/2D-to-3D-image-reconstruction/facescape_224/fsmview_trainset_12_10_dimpler_40.jpg,0.05662188306450844,0.06660711765289307,0.009985234588384628,9.25323307607323,0.7598274946212769
1635,/mnt/c/Users/Chirayu/Documents/GitHub/2D-to-3D-image-reconstruction/facescape_224/fsmview_trainset_4_12_lip_puckerer_26.jpg,0.06563682854175568,0.06661045551300049,0.000973626971244812,8.046429328620434,0.6894212961196899
1493,/mnt/c/Users/Chirayu/Documents/GitHub/2D-to-3D-image-reconstruction/facescape_224/fsmview_trainset_1_14_sadness_29.jpg,0.06974517554044724,0.06689585000276566,-0.0028493255376815796,7.777865033596754,0.6133983731269836
1045,/mnt/c/Users/Chirayu/Documents/GitHub/2D-to-3D-image-reconstruction/facescape_224/fsmview_trainset_3_10_dimpler_48.jpg,0.056007061153650284,0.06705322861671448,0.011046167463064194,9.276452036574483,0.7692596316337585
26,/mnt/c/Users/Chirayu/Documents/GitHub/2D-to-3D-image-reconstruction/facescape_224/fsmview_trainset_19_8_mouth_left_22.jpg,0.06424041092395782,0.06709195673465729,0.002851545810699463,9.533185583539307,0.7939194440841675
1184,/mnt/c/Users/Chirayu/Documents/GitHub/2D-to-3D-image-reconstruction/facescape_224/fsmview_trainset_17_20_brow_lower_9.jpg,0.06442795693874359,0.06717687845230103,0.002748921513557434,8.232459438964725,0.6867460012435913
1024,/mnt/c/Users/Chirayu/Documents/GitHub/2D-to-3D-image-reconstruction/facescape_224/fsmview_trainset_17_3_mouth_stretch_5.jpg,0.0612567737698555,0.06740842759609222,0.006151653826236725,8.517934247851372,0.7223378419876099
174,/mnt/c/Users/Chirayu/Documents/GitHub/2D-to-3D-image-reconstruction/facescape_224/fsmview_trainset_16_5_jaw_left_3.jpg,0.06425812840461731,0.06752771884202957,0.003269590437412262,7.8703481033444405,0.7390637993812561
414,/mnt/c/Users/Chirayu/Documents/GitHub/2D-to-3D-image-reconstruction/facescape_224/fsmview_trainset_3_2_smile_16.jpg,0.06742839515209198,0.06753263622522354,0.00010424107313156128,8.368487767875195,0.7153730988502502
127,/mnt/c/Users/Chirayu/Documents/GitHub/2D-to-3D-image-reconstruction/facescape_224/fsmview_trainset_16_12_lip_puckerer_19.jpg,0.06888646632432938,0.06760509312152863,-0.0012813732028007507,8.54394200630486,0.717549741268158
1532,/mnt/c/Users/Chirayu/Documents/GitHub/2D-to-3D-image-reconstruction/facescape_224/fsmview_trainset_1_3_mouth_stretch_39.jpg,0.060333702713251114,0.06768368184566498,0.007349979132413864,8.436643399298191,0.7600972652435303
1884,/mnt/c/Users/Chirayu/Documents/GitHub/2D-to-3D-image-reconstruction/facescape_224/fsmview_trainset_6_19_brow_raiser_1.jpg,0.0636603832244873,0.06785566359758377,0.004195280373096466,7.961327485740185,0.7329822778701782
334,/mnt/c/Users/Chirayu/Documents/GitHub/2D-to-3D-image-reconstruction/facescape_224/fsmview_trainset_19_17_cheek_blowing_22.jpg,0.06223500519990921,0.06788243353366852,0.005647428333759308,9.281206828076392,0.7683441638946533
85,/mnt/c/Users/Chirayu/Documents/GitHub/2D-to-3D-image-reconstruction/facescape_224/fsmview_trainset_9_3_mouth_stretch_53.jpg,0.06974305957555771,0.06789225339889526,-0.001850806176662445,7.819227542728186,0.7622073292732239
1818,/mnt/c/Users/Chirayu/Documents/GitHub/2D-to-3D-image-reconstruction/facescape_224/fsmview_trainset_9_3_mouth_stretch_55.jpg,0.06860464066267014,0.06806529313325882,-0.0005393475294113159,8.169015351682901,0.7764876484870911
636,/mnt/c/Users/Chirayu/Documents/GitHub/2D-to-3D-image-reconstruction/facescape_224/fsmview_trainset_13_13_lip_funneler_9.jpg,0.06597775965929031,0.06823991239070892,0.0022621527314186096,8.165584506466985,0.7000559568405151
98,/mnt/c/Users/Chirayu/Documents/GitHub/2D-to-3D-image-reconstruction/facescape_224/fsmview_trainset_19_18_eye_closed_54.jpg,0.05886400490999222,0.06824750453233719,0.00938349962234497,9.13612342486158,0.7822645306587219
232,/mnt/c/Users/Chirayu/Documents/GitHub/2D-to-3D-image-reconstruction/facescape_224/fsmview_trainset_12_2_smile_41.jpg,0.05737803131341934,0.06830663233995438,0.010928601026535034,9.218295351602137,0.7703051567077637
203,/mnt/c/Users/Chirayu/Documents/GitHub/2D-to-3D-image-reconstruction/facescape_224/fsmview_trainset_8_6_jaw_right_27.jpg,0.06815653294324875,0.0683426558971405,0.00018612295389175415,7.441133499145508,0.6922608613967896
687,/mnt/c/Users/Chirayu/Documents/GitHub/2D-to-3D-image-reconstruction/facescape_224/fsmview_trainset_4_5_jaw_left_37.jpg,0.07165930420160294,0.06845418363809586,-0.00320512056350708,8.16753925383091,0.7013850212097168
521,/mnt/c/Users/Chirayu/Documents/GitHub/2D-to-3D-image-reconstruction/facescape_224/fsmview_trainset_13_7_jaw_forward_52.jpg,0.07400533556938171,0.06852442771196365,-0.00548090785741806,8.575347613543272,0.7070122361183167
1603,/mnt/c/Users/Chirayu/Documents/GitHub/2D-to-3D-image-reconstruction/facescape_224/fsmview_trainset_2_11_chin_raiser_27.jpg,0.0697796642780304,0.06871505826711655,-0.0010646060109138489,9.141114396043122,0.7574591040611267
843,/mnt/c/Users/Chirayu/Documents/GitHub/2D-to-3D-image-reconstruction/facescape_224/fsmview_trainset_13_18_eye_closed_45.jpg,0.06839083880186081,0.06879109889268875,0.0004002600908279419,8.34314401075244,0.6908034086227417
901,/mnt/c/Users/Chirayu/Documents/GitHub/2D-to-3D-image-reconstruction/facescape_224/fsmview_trainset_10_9_mouth_right_37.jpg,0.056544091552495956,0.06884174048900604,0.012297648936510086,8.709662117064,0.7286760807037354
1428,/mnt/c/Users/Chirayu/Documents/GitHub/2D-to-3D-image-reconstruction/facescape_224/fsmview_trainset_20_10_dimpler_15.jpg,0.044498689472675323,0.0689902976155281,0.024491608142852783,7.220613911747932,0.6164740324020386
343,/mnt/c/Users/Chirayu/Documents/GitHub/2D-to-3D-image-reconstruction/facescape_224/fsmview_trainset_11_7_jaw_forward_13.jpg,0.06756836920976639,0.0690808966755867,0.0015125274658203125,7.432093411684036,0.6393638253211975
1509,/mnt/c/Users/Chirayu/Documents/GitHub/2D-to-3D-image-reconstruction/facescape_224/fsmview_trainset_20_7_jaw_forward_9.jpg,0.06616461277008057,0.06912010163068771,0.002955488860607147,7.557012379169464,0.6691742539405823
770,/mnt/c/Users/Chirayu/Documents/GitHub/2D-to-3D-image-reconstruction/facescape_224/fsmview_trainset_7_7_jaw_forward_34.jpg,0.06423512101173401,0.0691651999950409,0.004930078983306885,7.918619271367788,0.6748161911964417
1253,/mnt/c/Users/Chirayu/Documents/GitHub/2D-to-3D-image-reconstruction/facescape_224/fsmview_trainset_7_9_mouth_right_38.jpg,0.06745198369026184,0.06917508691549301,0.0017231032252311707,8.11706492677331,0.7321419715881348
993,/mnt/c/Users/Chirayu/Documents/GitHub/2D-to-3D-image-reconstruction/facescape_224/fsmview_trainset_11_18_eye_closed_67.jpg,0.06326363980770111,0.06928837299346924,0.0060247331857681274,9.109658246394247,0.7366682887077332
840,/mnt/c/Users/Chirayu/Documents/GitHub/2D-to-3D-image-reconstruction/facescape_224/fsmview_trainset_3_20_brow_lower_7.jpg,0.05329444631934166,0.06928928941488266,0.015994843095541,8.187726583331823,0.7107213735580444
1889,/mnt/c/Users/Chirayu/Documents/GitHub/2D-to-3D-image-reconstruction/facescape_224/fsmview_trainset_12_14_sadness_39.jpg,0.06553560495376587,0.0693211704492569,0.003785565495491028,8.646144561469555,0.7148994207382202
1637,/mnt/c/Users/Chirayu/Documents/GitHub/2D-to-3D-image-reconstruction/facescape_224/fsmview_trainset_8_19_brow_raiser_56.jpg,0.060468465089797974,0.06949380785226822,0.009025342762470245,8.483138158917427,0.7505735754966736
1132,/mnt/c/Users/Chirayu/Documents/GitHub/2D-to-3D-image-reconstruction/facescape_224/fsmview_trainset_20_2_smile_15.jpg,0.051157984882593155,0.0695251077413559,0.01836712285876274,7.443950444459915,0.6620323061943054
1780,/mnt/c/Users/Chirayu/Documents/GitHub/2D-to-3D-image-reconstruction/facescape_224/fsmview_trainset_18_19_brow_raiser_55.jpg,0.06871537864208221,0.06953161209821701,0.0008162334561347961,8.199491932988167,0.7458339333534241
683,/mnt/c/Users/Chirayu/Documents/GitHub/2D-to-3D-image-reconstruction/facescape_224/fsmview_trainset_16_2_smile_3.jpg,0.05784549564123154,0.06962908059358597,0.011783584952354431,7.511988624930382,0.7031064629554749
398,/mnt/c/Users/Chirayu/Documents/GitHub/2D-to-3D-image-reconstruction/facescape_224/fsmview_trainset_17_13_lip_funneler_29.jpg,0.06675800681114197,0.06965791434049606,0.0028999075293540955,8.165554670616984,0.7116044163703918
1584,/mnt/c/Users/Chirayu/Documents/GitHub/2D-to-3D-image-reconstruction/facescape_224/fsmview_trainset_8_13_lip_funneler_11.jpg,0.06647021323442459,0.06979846954345703,0.00332825630903244,7.788517329841852,0.7327485680580139
615,/mnt/c/Users/Chirayu/Documents/GitHub/2D-to-3D-image-reconstruction/facescape_224/fsmview_trainset_14_18_eye_closed_64.jpg,0.06764078140258789,0.06985079497098923,0.0022100135684013367,9.012525480240583,0.8221103549003601
1004,/mnt/c/Users/Chirayu/Documents/GitHub/2D-to-3D-image-reconstruction/facescape_224/fsmview_trainset_20_1_neutral_61.jpg,0.0705881416797638,0.0700056254863739,-0.0005825161933898926,9.015396494418383,0.7633755207061768
1823,/mnt/c/Users/Chirayu/Documents/GitHub/2D-to-3D-image-reconstruction/facescape_224/fsmview_trainset_19_19_brow_raiser_48.jpg,0.06698422878980637,0.07009943574666977,0.0031152069568634033,8.203819200396538,0.736657440662384
1451,/mnt/c/Users/Chirayu/Documents/GitHub/2D-to-3D-image-reconstruction/facescape_224/fsmview_trainset_15_8_mouth_left_58.jpg,0.06838393956422806,0.0703115239739418,0.0019275844097137451,8.907899398356676,0.7909480929374695
1422,/mnt/c/Users/Chirayu/Documents/GitHub/2D-to-3D-image-reconstruction/facescape_224/fsmview_trainset_18_12_lip_puckerer_49.jpg,0.07087461650371552,0.07038816064596176,-0.00048645585775375366,8.645004142075777,0.7201259732246399
939,/mnt/c/Users/Chirayu/Documents/GitHub/2D-to-3D-image-reconstruction/facescape_224/fsmview_trainset_20_1_neutral_47.jpg,0.07365486025810242,0.07074226438999176,-0.0029125958681106567,7.3780674412846565,0.6926089525222778
1932,/mnt/c/Users/Chirayu/Documents/GitHub/2D-to-3D-image-reconstruction/facescape_224/fsmview_trainset_11_9_mouth_right_39.jpg,0.05268794670701027,0.07082042843103409,0.01813248172402382,8.82201374322176,0.7283313274383545
1758,/mnt/c/Users/Chirayu/Documents/GitHub/2D-to-3D-image-reconstruction/facescape_224/fsmview_trainset_3_17_cheek_blowing_55.jpg,0.0741901844739914,0.0708804577589035,-0.0033097267150878906,8.288025934249163,0.6860820055007935
524,/mnt/c/Users/Chirayu/Documents/GitHub/2D-to-3D-image-reconstruction/facescape_224/fsmview_trainset_1_2_smile_24.jpg,0.0668654590845108,0.0709274411201477,0.004061982035636902,8.070735573768616,0.7352836728096008
1124,/mnt/c/Users/Chirayu/Documents/GitHub/2D-to-3D-image-reconstruction/facescape_224/fsmview_trainset_1_15_lip_roll_54.jpg,0.06313184648752213,0.07097306847572327,0.007841221988201141,7.656409863382578,0.7271860837936401
559,/mnt/c/Users/Chirayu/Documents/GitHub/2D-to-3D-image-reconstruction/facescape_224/fsmview_trainset_9_9_mouth_right_1.jpg,0.06802064925432205,0.0709783062338829,0.002957656979560852,7.9054811000823975,0.7036070823669434
34,/mnt/c/Users/Chirayu/Documents/GitHub/2D-to-3D-image-reconstruction/facescape_224/fsmview_trainset_14_12_lip_puckerer_44.jpg,0.0705745667219162,0.071051225066185,0.00047665834426879883,8.561500187963247,0.688538670539856
1659,/mnt/c/Users/Chirayu/Documents/GitHub/2D-to-3D-image-reconstruction/facescape_224/fsmview_trainset_19_16_grin_49.jpg,0.06722137331962585,0.07121432572603226,0.003992952406406403,8.016959957778454,0.7311936616897583
751,/mnt/c/Users/Chirayu/Documents/GitHub/2D-to-3D-image-reconstruction/facescape_224/fsmview_trainset_16_4_anger_42.jpg,0.06807409971952438,0.07121503353118896,0.0031409338116645813,7.675992708653212,0.7123991250991821
1110,/mnt/c/Users/Chirayu/Documents/GitHub/2D-to-3D-image-reconstruction/facescape_224/fsmview_trainset_1_11_chin_raiser_11.jpg,0.08744295686483383,0.07128626108169556,-0.016156695783138275,7.706040799617767,0.7074605822563171
520,/mnt/c/Users/Chirayu/Documents/GitHub/2D-to-3D-image-reconstruction/facescape_224/fsmview_trainset_9_12_lip_puckerer_54.jpg,0.07234064489603043,0.07129080593585968,-0.0010498389601707458,7.786980453878641,0.6668366193771362
63,/mnt/c/Users/Chirayu/Documents/GitHub/2D-to-3D-image-reconstruction/facescape_224/fsmview_trainset_11_1_neutral_19.jpg,0.0691281333565712,0.07138584554195404,0.002257712185382843,8.806656960397959,0.7142940759658813
1261,/mnt/c/Users/Chirayu/Documents/GitHub/2D-to-3D-image-reconstruction/facescape_224/fsmview_trainset_16_9_mouth_right_13.jpg,0.07151518762111664,0.07161542773246765,0.00010024011135101318,7.935597218573093,0.7095364332199097
987,/mnt/c/Users/Chirayu/Documents/GitHub/2D-to-3D-image-reconstruction/facescape_224/fsmview_trainset_1_3_mouth_stretch_55.jpg,0.056467581540346146,0.07170785218477249,0.015240270644426346,8.370775047689676,0.7549817562103271
1417,/mnt/c/Users/Chirayu/Documents/GitHub/2D-to-3D-image-reconstruction/facescape_224/fsmview_trainset_3_13_lip_funneler_54.jpg,0.07091958075761795,0.07181742787361145,0.0008978471159934998,7.973047912120819,0.7247039079666138
628,/mnt/c/Users/Chirayu/Documents/GitHub/2D-to-3D-image-reconstruction/facescape_224/fsmview_trainset_19_17_cheek_blowing_3.jpg,0.0762571319937706,0.07192133367061615,-0.0043357983231544495,9.417684126645327,0.7587661743164062
1563,/mnt/c/Users/Chirayu/Documents/GitHub/2D-to-3D-image-reconstruction/facescape_224/fsmview_trainset_12_15_lip_roll_8.jpg,0.07295964658260345,0.07195564359426498,-0.0010040029883384705,8.192597474902868,0.638554036617279
1567,/mnt/c/Users/Chirayu/Documents/GitHub/2D-to-3D-image-reconstruction/facescape_224/fsmview_trainset_9_12_lip_puckerer_19.jpg,0.06020565703511238,0.07201796025037766,0.011812303215265274,8.805748291313648,0.7636635899543762
1921,/mnt/c/Users/Chirayu/Documents/GitHub/2D-to-3D-image-reconstruction/facescape_224/fsmview_trainset_7_17_cheek_blowing_52.jpg,0.06936764717102051,0.07203459739685059,0.002666950225830078,8.096048884093761,0.6684082746505737
1804,/mnt/c/Users/Chirayu/Documents/GitHub/2D-to-3D-image-reconstruction/facescape_224/fsmview_trainset_9_4_anger_55.jpg,0.0696919783949852,0.072208471596241,0.0025164932012557983,7.768104486167431,0.6946651935577393
853,/mnt/c/Users/Chirayu/Documents/GitHub/2D-to-3D-image-reconstruction/facescape_224/fsmview_trainset_17_13_lip_funneler_13.jpg,0.06644714623689651,0.07227999716997147,0.005832850933074951,8.381388362497091,0.6979379653930664
1138,/mnt/c/Users/Chirayu/Documents/GitHub/2D-to-3D-image-reconstruction/facescape_224/fsmview_trainset_4_3_mouth_stretch_1.jpg,0.02585812285542488,0.07229607552289963,0.04643795266747475,7.23728315718472,0.6839515566825867
202,/mnt/c/Users/Chirayu/Documents/GitHub/2D-to-3D-image-reconstruction/facescape_224/fsmview_trainset_4_1_neutral_42.jpg,0.06993173062801361,0.07235949486494064,0.0024277642369270325,7.732583165168762,0.6914441585540771
56,/mnt/c/Users/Chirayu/Documents/GitHub/2D-to-3D-image-reconstruction/facescape_224/fsmview_trainset_12_13_lip_funneler_27.jpg,0.07333996891975403,0.07237374782562256,-0.0009662210941314697,8.977712702937424,0.7740623950958252
945,/mnt/c/Users/Chirayu/Documents/GitHub/2D-to-3D-image-reconstruction/facescape_224/fsmview_trainset_6_16_grin_39.jpg,0.07065628468990326,0.07249971479177475,0.0018434301018714905,8.123111229389906,0.739669680595398
1171,/mnt/c/Users/Chirayu/Documents/GitHub/2D-to-3D-image-reconstruction/facescape_224/fsmview_trainset_8_9_mouth_right_44.jpg,0.07590657472610474,0.07249981164932251,-0.0034067630767822266,7.633114531636238,0.640674352645874
14,/mnt/c/Users/Chirayu/Documents/GitHub/2D-to-3D-image-reconstruction/facescape_224/fsmview_trainset_4_18_eye_closed_29.jpg,0.07104236632585526,0.07278820872306824,0.0017458423972129822,8.119937993586063,0.6890250444412231
549,/mnt/c/Users/Chirayu/Documents/GitHub/2D-to-3D-image-reconstruction/facescape_224/fsmview_trainset_5_8_mouth_left_57.jpg,0.07412585616111755,0.07285384833812714,-0.0012720078229904175,8.410080030560493,0.7326697707176208
805,/mnt/c/Users/Chirayu/Documents/GitHub/2D-to-3D-image-reconstruction/facescape_224/fsmview_trainset_18_7_jaw_forward_54.jpg,0.07015008479356766,0.07286723703145981,0.002717152237892151,8.151631522923708,0.7171103358268738
1440,/mnt/c/Users/Chirayu/Documents/GitHub/2D-to-3D-image-reconstruction/facescape_224/fsmview_trainset_1_1_neutral_41.jpg,0.08300288766622543,0.07297120243310928,-0.01003168523311615,7.8192446529865265,0.7353540658950806
62,/mnt/c/Users/Chirayu/Documents/GitHub/2D-to-3D-image-reconstruction/facescape_224/fsmview_trainset_7_17_cheek_blowing_27.jpg,0.05984920635819435,0.07300681620836258,0.013157609850168228,8.306528579443693,0.6812742948532104
1457,/mnt/c/Users/Chirayu/Documents/GitHub/2D-to-3D-image-reconstruction/facescape_224/fsmview_trainset_7_2_smile_41.jpg,0.07621844857931137,0.07313964515924454,-0.0030788034200668335,7.671158596873283,0.6889268159866333
1737,/mnt/c/Users/Chirayu/Documents/GitHub/2D-to-3D-image-reconstruction/facescape_224/fsmview_trainset_16_15_lip_roll_7.jpg,0.058400679379701614,0.07319767028093338,0.014796990901231766,8.301206275820732,0.71335369348526
1490,/mnt/c/Users/Chirayu/Documents/GitHub/2D-to-3D-image-reconstruction/facescape_224/fsmview_trainset_2_5_jaw_left_12.jpg,0.05761349946260452,0.07320839166641235,0.01559489220380783,8.290240194648504,0.7436719536781311
533,/mnt/c/Users/Chirayu/Documents/GitHub/2D-to-3D-image-reconstruction/facescape_224/fsmview_trainset_20_3_mouth_stretch_58.jpg,0.07664204388856888,0.07332213968038559,-0.0033199042081832886,8.364342443645,0.7602880001068115
1309,/mnt/c/Users/Chirayu/Documents/GitHub/2D-to-3D-image-reconstruction/facescape_224/fsmview_trainset_12_13_lip_funneler_46.jpg,0.07121999561786652,0.07349557429552078,0.0022755786776542664,8.749580327421427,0.7333682179450989
517,/mnt/c/Users/Chirayu/Documents/GitHub/2D-to-3D-image-reconstruction/facescape_224/fsmview_trainset_9_19_brow_raiser_28.jpg,0.059094905853271484,0.07358599454164505,0.014491088688373566,8.368929339572787,0.6839774250984192
1961,/mnt/c/Users/Chirayu/Documents/GitHub/2D-to-3D-image-reconstruction/facescape_224/fsmview_trainset_17_9_mouth_right_43.jpg,0.08174959570169449,0.07378614693880081,-0.007963448762893677,8.016467742621899,0.6965293288230896
1701,/mnt/c/Users/Chirayu/Documents/GitHub/2D-to-3D-image-reconstruction/facescape_224/fsmview_trainset_18_18_eye_closed_24.jpg,0.07291284948587418,0.07393524795770645,0.0010223984718322754,8.459000211209059,0.7086824774742126
253,/mnt/c/Users/Chirayu/Documents/GitHub/2D-to-3D-image-reconstruction/facescape_224/fsmview_trainset_9_11_chin_raiser_15.jpg,0.06035274639725685,0.07399968802928925,0.013646941632032394,9.158517005853355,0.7627498507499695
1394,/mnt/c/Users/Chirayu/Documents/GitHub/2D-to-3D-image-reconstruction/facescape_224/fsmview_trainset_18_18_eye_closed_40.jpg,0.08329199254512787,0.07404816895723343,-0.00924382358789444,7.561483532190323,0.6694235801696777
856,/mnt/c/Users/Chirayu/Documents/GitHub/2D-to-3D-image-reconstruction/facescape_224/fsmview_trainset_13_9_mouth_right_37.jpg,0.07558054476976395,0.0741128921508789,-0.0014676526188850403,8.062099758535624,0.6913195848464966
18,/mnt/c/Users/Chirayu/Documents/GitHub/2D-to-3D-image-reconstruction/facescape_224/fsmview_trainset_6_14_sadness_1.jpg,0.07470318675041199,0.07414346933364868,-0.0005597174167633057,7.8645636066794395,0.7280451059341431
921,/mnt/c/Users/Chirayu/Documents/GitHub/2D-to-3D-image-reconstruction/facescape_224/fsmview_trainset_19_13_lip_funneler_47.jpg,0.07759138941764832,0.07449556887149811,-0.0030958205461502075,8.183797802776098,0.7131786346435547
1085,/mnt/c/Users/Chirayu/Documents/GitHub/2D-to-3D-image-reconstruction/facescape_224/fsmview_trainset_3_16_grin_53.jpg,0.0746476799249649,0.07470286637544632,5.5186450481414795e-05,8.28006937354803,0.7393394708633423
565,/mnt/c/Users/Chirayu/Documents/GitHub/2D-to-3D-image-reconstruction/facescape_224/fsmview_trainset_19_4_anger_25.jpg,0.08099345862865448,0.07476741820573807,-0.006226040422916412,9.319653376936913,0.7467860579490662
1379,/mnt/c/Users/Chirayu/Documents/GitHub/2D-to-3D-image-reconstruction/facescape_224/fsmview_trainset_3_20_brow_lower_53.jpg,0.07501441985368729,0.07487016916275024,-0.00014425069093704224,8.235034346580505,0.730495810508728
654,/mnt/c/Users/Chirayu/Documents/GitHub/2D-to-3D-image-reconstruction/facescape_224/fsmview_trainset_3_9_mouth_right_17.jpg,0.03321337699890137,0.07502736151218414,0.041813984513282776,6.987495804205537,0.6132166385650635
1467,/mnt/c/Users/Chirayu/Documents/GitHub/2D-to-3D-image-reconstruction/facescape_224/fsmview_trainset_4_12_lip_puckerer_28.jpg,0.07806679606437683,0.0750570297241211,-0.0030097663402557373,7.933482192456722,0.6961531639099121
597,/mnt/c/Users/Chirayu/Documents/GitHub/2D-to-3D-image-reconstruction/facescape_224/fsmview_trainset_19_1_neutral_9.jpg,0.06241708621382713,0.07505854964256287,0.012641463428735733,8.996629364788532,0.7513992786407471
929,/mnt/c/Users/Chirayu/Documents/GitHub/2D-to-3D-image-reconstruction/facescape_224/fsmview_trainset_11_7_jaw_forward_17.jpg,0.06372468918561935,0.07509202510118484,0.01136733591556549,7.894334092736244,0.6858701109886169
1278,/mnt/c/Users/Chirayu/Documents/GitHub/2D-to-3D-image-reconstruction/facescape_224/fsmview_trainset_9_11_chin_raiser_3.jpg,0.07316552847623825,0.07518632709980011,0.002020798623561859,8.144726350903511,0.7039027214050293
1244,/mnt/c/Users/Chirayu/Documents/GitHub/2D-to-3D-image-reconstruction/facescape_224/fsmview_trainset_9_8_mouth_left_39.jpg,0.07282398641109467,0.07519131898880005,0.0023673325777053833,8.140769466757774,0.7073653936386108
787,/mnt/c/Users/Chirayu/Documents/GitHub/2D-to-3D-image-reconstruction/facescape_224/fsmview_trainset_19_18_eye_closed_48.jpg,0.06749976426362991,0.07527783513069153,0.007778070867061615,8.243768569082022,0.7109715342521667
793,/mnt/c/Users/Chirayu/Documents/GitHub/2D-to-3D-image-reconstruction/facescape_224/fsmview_trainset_2_1_neutral_20.jpg,0.0688232034444809,0.07530016452074051,0.006476961076259613,9.62109259236604,0.7832044363021851
943,/mnt/c/Users/Chirayu/Documents/GitHub/2D-to-3D-image-reconstruction/facescape_224/fsmview_trainset_3_6_jaw_right_1.jpg,0.07153387367725372,0.07547462731599808,0.003940753638744354,8.23989986628294,0.7492246031761169
1269,/mnt/c/Users/Chirayu/Documents/GitHub/2D-to-3D-image-reconstruction/facescape_224/fsmview_trainset_14_4_anger_13.jpg,0.07681698352098465,0.07549753040075302,-0.0013194531202316284,7.675562739372253,0.6751258969306946
535,/mnt/c/Users/Chirayu/Documents/GitHub/2D-to-3D-image-reconstruction/facescape_224/fsmview_trainset_12_6_jaw_right_8.jpg,0.061006560921669006,0.0755162462592125,0.014509685337543488,8.884777419269085,0.7444372773170471
1558,/mnt/c/Users/Chirayu/Documents/GitHub/2D-to-3D-image-reconstruction/facescape_224/fsmview_trainset_19_3_mouth_stretch_19.jpg,0.07479316741228104,0.07562962174415588,0.0008364543318748474,8.268320481292903,0.7541825771331787
1281,/mnt/c/Users/Chirayu/Documents/GitHub/2D-to-3D-image-reconstruction/facescape_224/fsmview_trainset_8_20_brow_lower_46.jpg,0.07109883427619934,0.07563434541225433,0.004535511136054993,8.119779765605927,0.7657672762870789
158,/mnt/c/Users/Chirayu/Documents/GitHub/2D-to-3D-image-reconstruction/facescape_224/fsmview_trainset_7_3_mouth_stretch_54.jpg,0.07600373029708862,0.07573676109313965,-0.0002669692039489746,7.847269982099533,0.7446595430374146
433,/mnt/c/Users/Chirayu/Documents/GitHub/2D-to-3D-image-reconstruction/facescape_224/fsmview_trainset_20_9_mouth_right_30.jpg,0.0632999986410141,0.07595741003751755,0.012657411396503448,7.6315651796758175,0.6832418441772461
450,/mnt/c/Users/Chirayu/Documents/GitHub/2D-to-3D-image-reconstruction/facescape_224/fsmview_trainset_5_3_mouth_stretch_47.jpg,0.07042217254638672,0.07602778822183609,0.005605615675449371,9.025981342419982,0.7416163682937622
464,/mnt/c/Users/Chirayu/Documents/GitHub/2D-to-3D-image-reconstruction/facescape_224/fsmview_trainset_18_19_brow_raiser_56.jpg,0.061267852783203125,0.07604028284549713,0.014772430062294006,8.269510343670845,0.7226190567016602
527,/mnt/c/Users/Chirayu/Documents/GitHub/2D-to-3D-image-reconstruction/facescape_224/fsmview_trainset_12_18_eye_closed_39.jpg,0.07272552698850632,0.07606077194213867,0.0033352449536323547,8.295853659510612,0.7019836902618408
288,/mnt/c/Users/Chirayu/Documents/GitHub/2D-to-3D-image-reconstruction/facescape_224/fsmview_trainset_1_4_anger_11.jpg,0.09035932272672653,0.07637567073106766,-0.013983651995658875,7.937879040837288,0.7262445688247681
442,/mnt/c/Users/Chirayu/Documents/GitHub/2D-to-3D-image-reconstruction/facescape_224/fsmview_trainset_9_1_neutral_1.jpg,0.07495910674333572,0.07649390399456024,0.0015347972512245178,8.508148770779371,0.6818913817405701
1062,/mnt/c/Users/Chirayu/Documents/GitHub/2D-to-3D-image-reconstruction/facescape_224/fsmview_trainset_17_11_chin_raiser_15.jpg,0.06891805678606033,0.07654070854187012,0.007622651755809784,8.655160083435476,0.7188695669174194
1541,/mnt/c/Users/Chirayu/Documents/GitHub/2D-to-3D-image-reconstruction/facescape_224/fsmview_trainset_16_13_lip_funneler_8.jpg,0.06591922044754028,0.07655700296163559,0.010637782514095306,8.241383709013462,0.6943736672401428
1169,/mnt/c/Users/Chirayu/Documents/GitHub/2D-to-3D-image-reconstruction/facescape_224/fsmview_trainset_9_11_chin_raiser_27.jpg,0.07626223564147949,0.07656356692314148,0.0003013312816619873,9.164837460033596,0.7571274638175964
1473,/mnt/c/Users/Chirayu/Documents/GitHub/2D-to-3D-image-reconstruction/facescape_224/fsmview_trainset_17_13_lip_funneler_31.jpg,0.07794510573148727,0.07682371884584427,-0.0011213868856430054,8.24872649088502,0.6730496883392334
1591,/mnt/c/Users/Chirayu/Documents/GitHub/2D-to-3D-image-reconstruction/facescape_224/fsmview_trainset_17_19_brow_raiser_9.jpg,0.07327312231063843,0.0769001916050911,0.0036270692944526672,8.783647108823061,0.7326069474220276
1947,/mnt/c/Users/Chirayu/Documents/GitHub/2D-to-3D-image-reconstruction/facescape_224/fsmview_trainset_17_19_brow_raiser_2.jpg,0.06737584620714188,0.07690126448869705,0.009525418281555176,8.921199515461922,0.747703492641449
315,/mnt/c/Users/Chirayu/Documents/GitHub/2D-to-3D-image-reconstruction/facescape_224/fsmview_trainset_1_15_lip_roll_25.jpg,0.07299109548330307,0.07702583074569702,0.004034735262393951,8.250715531408787,0.7598233222961426
642,/mnt/c/Users/Chirayu/Documents/GitHub/2D-to-3D-image-reconstruction/facescape_224/fsmview_trainset_19_6_jaw_right_24.jpg,0.06986813992261887,0.07704715430736542,0.0071790143847465515,9.413660711608827,0.788357138633728
829,/mnt/c/Users/Chirayu/Documents/GitHub/2D-to-3D-image-reconstruction/facescape_224/fsmview_trainset_19_12_lip_puckerer_11.jpg,0.07279706001281738,0.07714933902025223,0.004352279007434845,8.70653022825718,0.7272360324859619
775,/mnt/c/Users/Chirayu/Documents/GitHub/2D-to-3D-image-reconstruction/facescape_224/fsmview_trainset_12_8_mouth_left_25.jpg,0.03218754753470421,0.07716825604438782,0.04498070850968361,7.286190003156662,0.6085522174835205
306,/mnt/c/Users/Chirayu/Documents/GitHub/2D-to-3D-image-reconstruction/facescape_224/fsmview_trainset_12_16_grin_6.jpg,0.0821693018078804,0.07729823887348175,-0.004871062934398651,8.528002697974443,0.745374858379364
842,/mnt/c/Users/Chirayu/Documents/GitHub/2D-to-3D-image-reconstruction/facescape_224/fsmview_trainset_11_7_jaw_forward_28.jpg,0.08350276947021484,0.077374666929245,-0.006128102540969849,9.130085837095976,0.7343404293060303
677,/mnt/c/Users/Chirayu/Documents/GitHub/2D-to-3D-image-reconstruction/facescape_224/fsmview_trainset_19_11_chin_raiser_6.jpg,0.07449322193861008,0.07739684730768204,0.0029036253690719604,8.516089266166091,0.7061375379562378
820,/mnt/c/Users/Chirayu/Documents/GitHub/2D-to-3D-image-reconstruction/facescape_224/fsmview_trainset_3_18_eye_closed_7.jpg,0.06460617482662201,0.07741536945104599,0.01280919462442398,8.312296736985445,0.7100772857666016
1234,/mnt/c/Users/Chirayu/Documents/GitHub/2D-to-3D-image-reconstruction/facescape_224/fsmview_trainset_19_13_lip_funneler_39.jpg,0.0720963403582573,0.07767123728990555,0.005574896931648254,9.08197658136487,0.7700244188308716
1303,/mnt/c/Users/Chirayu/Documents/GitHub/2D-to-3D-image-reconstruction/facescape_224/fsmview_trainset_7_12_lip_puckerer_39.jpg,0.07414233684539795,0.07783180475234985,0.0036894679069519043,7.422979801893234,0.690725564956665
726,/mnt/c/Users/Chirayu/Documents/GitHub/2D-to-3D-image-reconstruction/facescape_224/fsmview_trainset_2_12_lip_puckerer_13.jpg,0.07575071603059769,0.0781736820936203,0.0024229660630226135,8.936283609829843,0.7496340870857239
216,/mnt/c/Users/Chirayu/Documents/GitHub/2D-to-3D-image-reconstruction/facescape_224/fsmview_trainset_9_2_smile_2.jpg,0.06635093688964844,0.07817389070987701,0.011822953820228577,7.974684126675129,0.712141215801239
1589,/mnt/c/Users/Chirayu/Documents/GitHub/2D-to-3D-image-reconstruction/facescape_224/fsmview_trainset_3_7_jaw_forward_12.jpg,0.06604645401239395,0.07817644625902176,0.012129992246627808,8.258031945675611,0.7404054999351501
143,/mnt/c/Users/Chirayu/Documents/GitHub/2D-to-3D-image-reconstruction/facescape_224/fsmview_trainset_5_12_lip_puckerer_39.jpg,0.07554025948047638,0.07818934321403503,0.002649083733558655,8.183631893247366,0.7615587115287781
1859,/mnt/c/Users/Chirayu/Documents/GitHub/2D-to-3D-image-reconstruction/facescape_224/fsmview_trainset_11_4_anger_36.jpg,0.0693587064743042,0.07826954871416092,0.00891084223985672,9.558006742037833,0.7947430610656738
184,/mnt/c/Users/Chirayu/Documents/GitHub/2D-to-3D-image-reconstruction/facescape_224/fsmview_trainset_3_12_lip_puckerer_1.jpg,0.080856092274189,0.07833839952945709,-0.002517692744731903,8.524698436260223,0.7151910662651062
1829,/mnt/c/Users/Chirayu/Documents/GitHub/2D-to-3D-image-reconstruction/facescape_224/fsmview_trainset_7_5_jaw_left_46.jpg,0.08030835539102554,0.07852502167224884,-0.0017833337187767029,7.723740071058273,0.646771252155304
169,/mnt/c/Users/Chirayu/Documents/GitHub/2D-to-3D-image-reconstruction/facescape_224/fsmview_trainset_17_1_neutral_56.jpg,0.06995733827352524,0.07867377251386642,0.008716434240341187,8.941336983814836,0.7493249773979187
1070,/mnt/c/Users/Chirayu/Documents/GitHub/2D-to-3D-image-reconstruction/facescape_224/fsmview_trainset_6_14_sadness_48.jpg,0.06747657060623169,0.0786978080868721,0.011221237480640411,7.626070752739906,0.6554818153381348
875,/mnt/c/Users/Chirayu/Documents/GitHub/2D-to-3D-image-reconstruction/facescape_224/fsmview_trainset_16_12_lip_puckerer_7.jpg,0.06593303382396698,0.07873957604169846,0.012806542217731476,8.186156958341599,0.6695858240127563
1785,/mnt/c/Users/Chirayu/Documents/GitHub/2D-to-3D-image-reconstruction/facescape_224/fsmview_trainset_13_19_brow_raiser_47.jpg,0.06879892945289612,0.07916291058063507,0.010363981127738953,8.633520124480128,0.7137907147407532
360,/mnt/c/Users/Chirayu/Documents/GitHub/2D-to-3D-image-reconstruction/facescape_224/fsmview_trainset_1_6_jaw_right_54.jpg,0.07558979839086533,0.07919967174530029,0.003609873354434967,7.945987269282341,0.7668677568435669
1210,/mnt/c/Users/Chirayu/Documents/GitHub/2D-to-3D-image-reconstruction/facescape_224/fsmview_trainset_4_15_lip_roll_44.jpg,0.08399984985589981,0.07934516668319702,-0.004654683172702789,7.575576595962048,0.6986618638038635
8,/mnt/c/Users/Chirayu/Documents/GitHub/2D-to-3D-image-reconstruction/facescape_224/fsmview_trainset_7_5_jaw_left_47.jpg,0.06633154302835464,0.07946151494979858,0.01312997192144394,9.372343942523003,0.8124178051948547
696,/mnt/c/Users/Chirayu/Documents/GitHub/2D-to-3D-image-reconstruction/facescape_224/fsmview_trainset_18_14_sadness_42.jpg,0.083776094019413,0.07953223586082458,-0.004243858158588409,8.395571179687977,0.7522547841072083
730,/mnt/c/Users/Chirayu/Documents/GitHub/2D-to-3D-image-reconstruction/facescape_224/fsmview_trainset_10_13_lip_funneler_42.jpg,0.07875987887382507,0.07955875247716904,0.0007988736033439636,6.934200406074524,0.6695967316627502
1043,/mnt/c/Users/Chirayu/Documents/GitHub/2D-to-3D-image-reconstruction/facescape_224/fsmview_trainset_17_16_grin_58.jpg,0.07537402212619781,0.07963749766349792,0.00426347553730011,8.666376240551472,0.7213079333305359
1860,/mnt/c/Users/Chirayu/Documents/GitHub/2D-to-3D-image-reconstruction/facescape_224/fsmview_trainset_16_1_neutral_41.jpg,0.08985299617052078,0.079804927110672,-0.010048069059848785,7.703681826591492,0.7248749136924744
1373,/mnt/c/Users/Chirayu/Documents/GitHub/2D-to-3D-image-reconstruction/facescape_224/fsmview_trainset_17_16_grin_27.jpg,0.07883810997009277,0.0801520049571991,0.0013138949871063232,9.424583735410124,0.8088046312332153
269,/mnt/c/Users/Chirayu/Documents/GitHub/2D-to-3D-image-reconstruction/facescape_224/fsmview_trainset_7_15_lip_roll_28.jpg,0.06419152766466141,0.08021588623523712,0.016024358570575714,8.09952575713396,0.6935246586799622
461,/mnt/c/Users/Chirayu/Documents/GitHub/2D-to-3D-image-reconstruction/facescape_224/fsmview_trainset_6_11_chin_raiser_1.jpg,0.0746600478887558,0.0803961306810379,0.0057360827922821045,8.334540616720915,0.7083314061164856
1788,/mnt/c/Users/Chirayu/Documents/GitHub/2D-to-3D-image-reconstruction/facescape_224/fsmview_trainset_13_12_lip_puckerer_40.jpg,0.08469688147306442,0.08065658062696457,-0.0040403008460998535,8.501448299735785,0.7215472459793091
808,/mnt/c/Users/Chirayu/Documents/GitHub/2D-to-3D-image-reconstruction/facescape_224/fsmview_trainset_20_1_neutral_43.jpg,0.07922989130020142,0.08074595034122467,0.0015160590410232544,8.193205997347832,0.6926609873771667
179,/mnt/c/Users/Chirayu/Documents/GitHub/2D-to-3D-image-reconstruction/facescape_224/fsmview_trainset_14_2_smile_10.jpg,0.08608438074588776,0.08084952086210251,-0.005234859883785248,8.032965794205666,0.6696852445602417
358,/mnt/c/Users/Chirayu/Documents/GitHub/2D-to-3D-image-reconstruction/facescape_224/fsmview_trainset_1_19_brow_raiser_11.jpg,0.09502361714839935,0.08087453991174698,-0.014149077236652374,8.307368729263544,0.7512775659561157
727,/mnt/c/Users/Chirayu/Documents/GitHub/2D-to-3D-image-reconstruction/facescape_224/fsmview_trainset_7_14_sadness_49.jpg,0.08265697211027145,0.08091752976179123,-0.0017394423484802246,6.122507654130459,0.5329554677009583
583,/mnt/c/Users/Chirayu/Documents/GitHub/2D-to-3D-image-reconstruction/facescape_224/fsmview_trainset_4_10_dimpler_27.jpg,0.07918805629014969,0.08097092062234879,0.0017828643321990967,7.716403312981129,0.6922830939292908
1666,/mnt/c/Users/Chirayu/Documents/GitHub/2D-to-3D-image-reconstruction/facescape_224/fsmview_trainset_12_11_chin_raiser_11.jpg,0.07974667847156525,0.08105576783418655,0.0013090893626213074,8.741348987445235,0.659278154373169
468,/mnt/c/Users/Chirayu/Documents/GitHub/2D-to-3D-image-reconstruction/facescape_224/fsmview_trainset_20_13_lip_funneler_29.jpg,0.06791974604129791,0.08115584403276443,0.013236097991466522,7.905287116765976,0.6977959275245667
1250,/mnt/c/Users/Chirayu/Documents/GitHub/2D-to-3D-image-reconstruction/facescape_224/fsmview_trainset_13_19_brow_raiser_27.jpg,0.08954006433486938,0.08120287209749222,-0.008337192237377167,8.072173818945885,0.6526970863342285
1621,/mnt/c/Users/Chirayu/Documents/GitHub/2D-to-3D-image-reconstruction/facescape_224/fsmview_trainset_17_11_chin_raiser_19.jpg,0.07457125186920166,0.08129307627677917,0.006721824407577515,9.324740544892848,0.8196330070495605
1981,/mnt/c/Users/Chirayu/Documents/GitHub/2D-to-3D-image-reconstruction/facescape_224/fsmview_trainset_19_5_jaw_left_6.jpg,0.07968054711818695,0.08160804957151413,0.001927502453327179,8.80853390134871,0.7362613081932068
1625,/mnt/c/Users/Chirayu/Documents/GitHub/2D-to-3D-image-reconstruction/facescape_224/fsmview_trainset_9_16_grin_1.jpg,0.0729856938123703,0.08179986476898193,0.008814170956611633,7.967114344239235,0.7348833084106445
337,/mnt/c/Users/Chirayu/Documents/GitHub/2D-to-3D-image-reconstruction/facescape_224/fsmview_trainset_15_9_mouth_right_33.jpg,0.06236216798424721,0.08192824572324753,0.01956607773900032,7.882876817137003,0.7271750569343567
254,/mnt/c/Users/Chirayu/Documents/GitHub/2D-to-3D-image-reconstruction/facescape_224/fsmview_trainset_17_1_neutral_20.jpg,0.07786475867033005,0.08204298466444016,0.004178225994110107,9.327358388341963,0.765388011932373
902,/mnt/c/Users/Chirayu/Documents/GitHub/2D-to-3D-image-reconstruction/facescape_224/fsmview_trainset_18_18_eye_closed_43.jpg,0.08252859115600586,0.08207691460847855,-0.00045167654752731323,7.940821662545204,0.637977123260498
746,/mnt/c/Users/Chirayu/Documents/GitHub/2D-to-3D-image-reconstruction/facescape_224/fsmview_trainset_13_19_brow_raiser_30.jpg,0.06573040038347244,0.08208012580871582,0.016349725425243378,8.947402372956276,0.7401248216629028
404,/mnt/c/Users/Chirayu/Documents/GitHub/2D-to-3D-image-reconstruction/facescape_224/fsmview_trainset_13_17_cheek_blowing_2.jpg,0.07869894057512283,0.08229070901870728,0.003591768443584442,7.760043308138847,0.6343846917152405
956,/mnt/c/Users/Chirayu/Documents/GitHub/2D-to-3D-image-reconstruction/facescape_224/fsmview_trainset_4_14_sadness_27.jpg,0.08216399699449539,0.0824120044708252,0.00024800747632980347,8.00343918800354,0.7197277545928955
831,/mnt/c/Users/Chirayu/Documents/GitHub/2D-to-3D-image-reconstruction/facescape_224/fsmview_trainset_11_15_lip_roll_45.jpg,0.057247281074523926,0.08243201673030853,0.025184735655784607,7.70841808617115,0.7157710790634155
569,/mnt/c/Users/Chirayu/Documents/GitHub/2D-to-3D-image-reconstruction/facescape_224/fsmview_trainset_11_14_sadness_26.jpg,0.06450805813074112,0.08250319212675095,0.017995133996009827,8.351339187473059,0.7371014952659607
58,/mnt/c/Users/Chirayu/Documents/GitHub/2D-to-3D-image-reconstruction/facescape_224/fsmview_trainset_9_3_mouth_stretch_2.jpg,0.06887757033109665,0.08253169804811478,0.013654127717018127,8.151492189615965,0.7442200779914856
839,/mnt/c/Users/Chirayu/Documents/GitHub/2D-to-3D-image-reconstruction/facescape_224/fsmview_trainset_20_10_dimpler_10.jpg,0.08572498708963394,0.08274520188570023,-0.002979785203933716,7.7343067266047,0.6896287202835083
1227,/mnt/c/Users/Chirayu/Documents/GitHub/2D-to-3D-image-reconstruction/facescape_224/fsmview_trainset_12_17_cheek_blowing_56.jpg,0.08839768916368484,0.08275563269853592,-0.005642056465148926,8.595365427434444,0.7094882130622864
382,/mnt/c/Users/Chirayu/Documents/GitHub/2D-to-3D-image-reconstruction/facescape_224/fsmview_trainset_1_4_anger_20.jpg,0.041236624121665955,0.08278302103281021,0.04154639691114426,7.608685713261366,0.6622346043586731
1215,/mnt/c/Users/Chirayu/Documents/GitHub/2D-to-3D-image-reconstruction/facescape_224/fsmview_trainset_10_2_smile_29.jpg,0.08195692300796509,0.08290601521730423,0.0009490922093391418,7.8148551769554615,0.650231659412384
1294,/mnt/c/Users/Chirayu/Documents/GitHub/2D-to-3D-image-reconstruction/facescape_224/fsmview_trainset_8_7_jaw_forward_15.jpg,0.08214101195335388,0.08294225484132767,0.0008012428879737854,7.7826841324567795,0.6828007698059082
41,/mnt/c/Users/Chirayu/Documents/GitHub/2D-to-3D-image-reconstruction/facescape_224/fsmview_trainset_15_9_mouth_right_19.jpg,0.07193691283464432,0.08298810571432114,0.011051192879676819,7.810195218771696,0.6669833064079285
516,/mnt/c/Users/Chirayu/Documents/GitHub/2D-to-3D-image-reconstruction/facescape_224/fsmview_trainset_20_18_eye_closed_28.jpg,0.07887741923332214,0.08309898525476456,0.004221566021442413,8.03047957085073,0.6688541769981384
319,/mnt/c/Users/Chirayu/Documents/GitHub/2D-to-3D-image-reconstruction/facescape_224/fsmview_trainset_3_14_sadness_47.jpg,0.06321154534816742,0.08313441276550293,0.01992286741733551,8.964037599042058,0.7529042363166809
684,/mnt/c/Users/Chirayu/Documents/GitHub/2D-to-3D-image-reconstruction/facescape_224/fsmview_trainset_11_16_grin_64.jpg,0.07495065033435822,0.08333620429039001,0.0083855539560318,8.878127414733171,0.7962497472763062
1258,/mnt/c/Users/Chirayu/Documents/GitHub/2D-to-3D-image-reconstruction/facescape_224/fsmview_trainset_3_5_jaw_left_35.jpg,0.06723050773143768,0.08336228877305984,0.016131781041622162,7.717337258160114,0.6684444546699524
217,/mnt/c/Users/Chirayu/Documents/GitHub/2D-to-3D-image-reconstruction/facescape_224/fsmview_trainset_14_13_lip_funneler_49.jpg,0.07984574139118195,0.08338487148284912,0.0035391300916671753,8.375832132995129,0.7219533920288086
1634,/mnt/c/Users/Chirayu/Documents/GitHub/2D-to-3D-image-reconstruction/facescape_224/fsmview_trainset_3_17_cheek_blowing_53.jpg,0.08198347687721252,0.08351967483758926,0.0015361979603767395,8.174196928739548,0.6611136198043823
397,/mnt/c/Users/Chirayu/Documents/GitHub/2D-to-3D-image-reconstruction/facescape_224/fsmview_trainset_2_3_mouth_stretch_9.jpg,0.0739249512553215,0.08363547921180725,0.009710527956485748,8.63741696253419,0.7760659456253052
933,/mnt/c/Users/Chirayu/Documents/GitHub/2D-to-3D-image-reconstruction/facescape_224/fsmview_trainset_7_11_chin_raiser_41.jpg,0.08247708529233932,0.0836947113275528,0.0012176260352134705,7.9041837900877,0.6693393588066101
711,/mnt/c/Users/Chirayu/Documents/GitHub/2D-to-3D-image-reconstruction/facescape_224/fsmview_trainset_7_15_lip_roll_38.jpg,0.0834854319691658,0.08375364542007446,0.0002682134509086609,7.771912772208452,0.7267526388168335
1831,/mnt/c/Users/Chirayu/Documents/GitHub/2D-to-3D-image-reconstruction/facescape_224/fsmview_trainset_12_18_eye_closed_53.jpg,0.0709129348397255,0.08380533754825592,0.012892402708530426,9.295888415537775,0.7698566317558289
45,/mnt/c/Users/Chirayu/Documents/GitHub/2D-to-3D-image-reconstruction/facescape_224/fsmview_trainset_1_15_lip_roll_29.jpg,0.07381819188594818,0.0840609148144722,0.010242722928524017,7.898875631392002,0.6625394225120544
1608,/mnt/c/Users/Chirayu/Documents/GitHub/2D-to-3D-image-reconstruction/facescape_224/fsmview_trainset_9_14_sadness_1.jpg,0.08059361577033997,0.08434829115867615,0.0037546753883361816,8.127957172691822,0.7185194492340088
100,/mnt/c/Users/Chirayu/Documents/GitHub/2D-to-3D-image-reconstruction/facescape_224/fsmview_trainset_19_7_jaw_forward_7.jpg,0.06319881975650787,0.08446478843688965,0.021265968680381775,8.440912239253521,0.6925637125968933
1939,/mnt/c/Users/Chirayu/Documents/GitHub/2D-to-3D-image-reconstruction/facescape_224/fsmview_trainset_7_8_mouth_left_47.jpg,0.0609087236225605,0.08448281139135361,0.023574087768793106,9.681789862923324,0.8089776039123535
260,/mnt/c/Users/Chirayu/Documents/GitHub/2D-to-3D-image-reconstruction/facescape_224/fsmview_trainset_14_13_lip_funneler_10.jpg,0.08642207831144333,0.08452698588371277,-0.0018950924277305603,8.039352297782898,0.7213068604469299
167,/mnt/c/Users/Chirayu/Documents/GitHub/2D-to-3D-image-reconstruction/facescape_224/fsmview_trainset_9_11_chin_raiser_20.jpg,0.08159864693880081,0.08505567908287048,0.0034570321440696716,9.705971893388778,0.8015813231468201
480,/mnt/c/Users/Chirayu/Documents/GitHub/2D-to-3D-image-reconstruction/facescape_224/fsmview_trainset_2_18_eye_closed_30.jpg,0.0813545510172844,0.08510924875736237,0.0037546977400779724,8.962273374199867,0.7541254162788391
1953,/mnt/c/Users/Chirayu/Documents/GitHub/2D-to-3D-image-reconstruction/facescape_224/fsmview_trainset_2_10_dimpler_6.jpg,0.07283651828765869,0.08515633642673492,0.012319818139076233,9.02182937413454,0.7571415901184082
984,/mnt/c/Users/Chirayu/Documents/GitHub/2D-to-3D-image-reconstruction/facescape_224/fsmview_trainset_17_1_neutral_57.jpg,0.07899975031614304,0.08521827310323715,0.006218522787094116,8.522062428295612,0.7143141031265259
620,/mnt/c/Users/Chirayu/Documents/GitHub/2D-to-3D-image-reconstruction/facescape_224/fsmview_trainset_6_12_lip_puckerer_56.jpg,0.0868929922580719,0.08542068302631378,-0.0014723092317581177,8.450700428336859,0.7322580218315125
1599,/mnt/c/Users/Chirayu/Documents/GitHub/2D-to-3D-image-reconstruction/facescape_224/fsmview_trainset_13_14_sadness_3.jpg,0.09438977390527725,0.08552926033735275,-0.0088605135679245,7.777105923742056,0.6579838991165161
979,/mnt/c/Users/Chirayu/Documents/GitHub/2D-to-3D-image-reconstruction/facescape_224/fsmview_trainset_3_17_cheek_blowing_2.jpg,0.08483029901981354,0.0855596736073494,0.0007293745875358582,8.74630557000637,0.7580745220184326
1794,/mnt/c/Users/Chirayu/Documents/GitHub/2D-to-3D-image-reconstruction/facescape_224/fsmview_trainset_19_12_lip_puckerer_40.jpg,0.0776907280087471,0.08587033301591873,0.00817960500717163,9.282104052603245,0.7674915790557861
1656,/mnt/c/Users/Chirayu/Documents/GitHub/2D-to-3D-image-reconstruction/facescape_224/fsmview_trainset_2_13_lip_funneler_12.jpg,0.0692816898226738,0.0859125480055809,0.016630858182907104,8.304220587015152,0.7390971183776855
144,/mnt/c/Users/Chirayu/Documents/GitHub/2D-to-3D-image-reconstruction/facescape_224/fsmview_trainset_10_8_mouth_left_13.jpg,0.08274105936288834,0.0863003134727478,0.0035592541098594666,7.032245747745037,0.6297231912612915
199,/mnt/c/Users/Chirayu/Documents/GitHub/2D-to-3D-image-reconstruction/facescape_224/fsmview_trainset_2_17_cheek_blowing_35.jpg,0.08976740390062332,0.08678219467401505,-0.0029852092266082764,8.503537526354194,0.6846532225608826
20,/mnt/c/Users/Chirayu/Documents/GitHub/2D-to-3D-image-reconstruction/facescape_224/fsmview_trainset_5_18_eye_closed_29.jpg,0.07839804887771606,0.08709841966629028,0.008700370788574219,8.535068962723017,0.713100254535675
503,/mnt/c/Users/Chirayu/Documents/GitHub/2D-to-3D-image-reconstruction/facescape_224/fsmview_trainset_1_17_cheek_blowing_11.jpg,0.10113930702209473,0.08730201423168182,-0.013837292790412903,8.086409248411655,0.7421584129333496
733,/mnt/c/Users/Chirayu/Documents/GitHub/2D-to-3D-image-reconstruction/facescape_224/fsmview_trainset_19_16_grin_4.jpg,0.07553737610578537,0.08733610808849335,0.011798731982707977,8.364586111158133,0.6940507888793945
1606,/mnt/c/Users/Chirayu/Documents/GitHub/2D-to-3D-image-reconstruction/facescape_224/fsmview_trainset_15_6_jaw_right_36.jpg,0.06957729905843735,0.08744209259748459,0.01786479353904724,9.120661031454802,0.756096601486206
1415,/mnt/c/Users/Chirayu/Documents/GitHub/2D-to-3D-image-reconstruction/facescape_224/fsmview_trainset_18_11_chin_raiser_48.jpg,0.0891941636800766,0.08746499568223953,-0.0017291679978370667,8.48379098251462,0.778452455997467
507,/mnt/c/Users/Chirayu/Documents/GitHub/2D-to-3D-image-reconstruction/facescape_224/fsmview_trainset_20_10_dimpler_28.jpg,0.08706292510032654,0.08751650154590607,0.0004535764455795288,8.200338801369071,0.6753908395767212
307,/mnt/c/Users/Chirayu/Documents/GitHub/2D-to-3D-image-reconstruction/facescape_224/fsmview_trainset_2_6_jaw_right_56.jpg,0.08592219650745392,0.08756168931722641,0.0016394928097724915,8.419381238520145,0.7500274181365967
1179,/mnt/c/Users/Chirayu/Documents/GitHub/2D-to-3D-image-reconstruction/facescape_224/fsmview_trainset_10_10_dimpler_43.jpg,0.10142846405506134,0.08783659338951111,-0.013591870665550232,8.357236541807652,0.6901714205741882
1619,/mnt/c/Users/Chirayu/Documents/GitHub/2D-to-3D-image-reconstruction/facescape_224/fsmview_trainset_16_4_anger_55.jpg,0.07792678475379944,0.08802038431167603,0.010093599557876587,7.322674512863159,0.6747534871101379
938,/mnt/c/Users/Chirayu/Documents/GitHub/2D-to-3D-image-reconstruction/facescape_224/fsmview_trainset_20_15_lip_roll_29.jpg,0.07607264071702957,0.08836226165294647,0.0122896209359169,8.020845659077168,0.678401529788971
97,/mnt/c/Users/Chirayu/Documents/GitHub/2D-to-3D-image-reconstruction/facescape_224/fsmview_trainset_15_3_mouth_stretch_49.jpg,0.08391964435577393,0.08850634843111038,0.004586704075336456,8.32260337471962,0.7220372557640076
1733,/mnt/c/Users/Chirayu/Documents/GitHub/2D-to-3D-image-reconstruction/facescape_224/fsmview_trainset_7_10_dimpler_44.jpg,0.08443544805049896,0.08861120790243149,0.004175759851932526,8.149898760020733,0.742749810218811
1648,/mnt/c/Users/Chirayu/Documents/GitHub/2D-to-3D-image-reconstruction/facescape_224/fsmview_trainset_8_5_jaw_left_3.jpg,0.0864526703953743,0.08879639208316803,0.0023437216877937317,8.22480734437704,0.7752301096916199
1120,/mnt/c/Users/Chirayu/Documents/GitHub/2D-to-3D-image-reconstruction/facescape_224/fsmview_trainset_18_1_neutral_38.jpg,0.0752163901925087,0.08886311948299408,0.013646729290485382,9.866073505021632,0.8566029667854309
821,/mnt/c/Users/Chirayu/Documents/GitHub/2D-to-3D-image-reconstruction/facescape_224/fsmview_trainset_4_7_jaw_forward_49.jpg,0.08304119110107422,0.08904623985290527,0.006005048751831055,8.069681290537119,0.7746363878250122
300,/mnt/c/Users/Chirayu/Documents/GitHub/2D-to-3D-image-reconstruction/facescape_224/fsmview_trainset_8_18_eye_closed_16.jpg,0.08885017782449722,0.08925394713878632,0.000403769314289093,8.017533496022224,0.7209219336509705
1320,/mnt/c/Users/Chirayu/Documents/GitHub/2D-to-3D-image-reconstruction/facescape_224/fsmview_trainset_4_1_neutral_44.jpg,0.09380664676427841,0.08930588513612747,-0.00450076162815094,8.540151596069336,0.6853622794151306
729,/mnt/c/Users/Chirayu/Documents/GitHub/2D-to-3D-image-reconstruction/facescape_224/fsmview_trainset_15_18_eye_closed_49.jpg,0.08500593155622482,0.08933370560407639,0.0043277740478515625,8.391851238906384,0.741062581539154
354,/mnt/c/Users/Chirayu/Documents/GitHub/2D-to-3D-image-reconstruction/facescape_224/fsmview_trainset_1_11_chin_raiser_13.jpg,0.08648377656936646,0.08962894976139069,0.003145173192024231,7.313831135630608,0.6475923657417297
1789,/mnt/c/Users/Chirayu/Documents/GitHub/2D-to-3D-image-reconstruction/facescape_224/fsmview_trainset_19_10_dimpler_42.jpg,0.08421965688467026,0.08992133289575577,0.00570167601108551,8.372713267803192,0.757149875164032
1495,/mnt/c/Users/Chirayu/Documents/GitHub/2D-to-3D-image-reconstruction/facescape_224/fsmview_trainset_3_5_jaw_left_7.jpg,0.06841345131397247,0.09002459049224854,0.021611139178276062,8.192030739039183,0.7300481796264648
962,/mnt/c/Users/Chirayu/Documents/GitHub/2D-to-3D-image-reconstruction/facescape_224/fsmview_trainset_14_8_mouth_left_49.jpg,0.0867438018321991,0.09039603918790817,0.003652237355709076,8.418877840042114,0.7424543499946594
1094,/mnt/c/Users/Chirayu/Documents/GitHub/2D-to-3D-image-reconstruction/facescape_224/fsmview_trainset_20_3_mouth_stretch_39.jpg,0.07813139259815216,0.09046727418899536,0.0123358815908432,8.644878827035427,0.7382198572158813
263,/mnt/c/Users/Chirayu/Documents/GitHub/2D-to-3D-image-reconstruction/facescape_224/fsmview_trainset_3_19_brow_raiser_2.jpg,0.07344328612089157,0.09052152186632156,0.017078235745429993,8.394040830433369,0.7313008904457092
295,/mnt/c/Users/Chirayu/Documents/GitHub/2D-to-3D-image-reconstruction/facescape_224/fsmview_trainset_9_19_brow_raiser_2.jpg,0.07197350263595581,0.09052154421806335,0.018548041582107544,8.333068769425154,0.718863308429718
571,/mnt/c/Users/Chirayu/Documents/GitHub/2D-to-3D-image-reconstruction/facescape_224/fsmview_trainset_7_3_mouth_stretch_41.jpg,0.09557405114173889,0.09061085432767868,-0.004963196814060211,7.981150932610035,0.7608934044837952
103,/mnt/c/Users/Chirayu/Documents/GitHub/2D-to-3D-image-reconstruction/facescape_224/fsmview_trainset_2_2_smile_6.jpg,0.07536818832159042,0.0909331813454628,0.015564993023872375,8.747784163802862,0.7637551426887512
384,/mnt/c/Users/Chirayu/Documents/GitHub/2D-to-3D-image-reconstruction/facescape_224/fsmview_trainset_2_9_mouth_right_54.jpg,0.0839594230055809,0.0909353494644165,0.006975926458835602,8.730983152985573,0.7702516317367554
1806,/mnt/c/Users/Chirayu/Documents/GitHub/2D-to-3D-image-reconstruction/facescape_224/fsmview_trainset_16_17_cheek_blowing_50.jpg,0.08750948309898376,0.09104644507169724,0.0035369619727134705,7.829476185142994,0.6392313241958618
1162,/mnt/c/Users/Chirayu/Documents/GitHub/2D-to-3D-image-reconstruction/facescape_224/fsmview_trainset_18_3_mouth_stretch_43.jpg,0.09425535053014755,0.09108347445726395,-0.003171876072883606,8.412452727556229,0.8144148588180542
1821,/mnt/c/Users/Chirayu/Documents/GitHub/2D-to-3D-image-reconstruction/facescape_224/fsmview_trainset_18_10_dimpler_10.jpg,0.09465862810611725,0.09118377417325974,-0.0034748539328575134,7.956232264637947,0.6985031366348267
832,/mnt/c/Users/Chirayu/Documents/GitHub/2D-to-3D-image-reconstruction/facescape_224/fsmview_trainset_8_5_jaw_left_15.jpg,0.08967273682355881,0.09133175015449524,0.0016590133309364319,7.84076027572155,0.6169828772544861
1629,/mnt/c/Users/Chirayu/Documents/GitHub/2D-to-3D-image-reconstruction/facescape_224/fsmview_trainset_15_11_chin_raiser_49.jpg,0.09440319240093231,0.09134577959775925,-0.003057412803173065,8.618680141866207,0.7087370157241821
1949,/mnt/c/Users/Chirayu/Documents/GitHub/2D-to-3D-image-reconstruction/facescape_224/fsmview_trainset_3_3_mouth_stretch_7.jpg,0.07455741614103317,0.09143754839897156,0.016880132257938385,7.816137842833996,0.7422693371772766
255,/mnt/c/Users/Chirayu/Documents/GitHub/2D-to-3D-image-reconstruction/facescape_224/fsmview_trainset_18_18_eye_closed_11.jpg,0.1009526401758194,0.09144492447376251,-0.009507715702056885,8.083112355321646,0.7142958045005798
1748,/mnt/c/Users/Chirayu/Documents/GitHub/2D-to-3D-image-reconstruction/facescape_224/fsmview_trainset_20_14_sadness_15.jpg,0.08253151178359985,0.09148791432380676,0.00895640254020691,7.715844742953777,0.7023979425430298
1057,/mnt/c/Users/Chirayu/Documents/GitHub/2D-to-3D-image-reconstruction/facescape_224/fsmview_trainset_12_9_mouth_right_34.jpg,0.08795765787363052,0.09180305898189545,0.003845401108264923,8.711002767086029,0.683725118637085
676,/mnt/c/Users/Chirayu/Documents/GitHub/2D-to-3D-image-reconstruction/facescape_224/fsmview_trainset_16_16_grin_41.jpg,0.09575623273849487,0.09187855571508408,-0.003877677023410797,7.988812226802111,0.7491671442985535
1810,/mnt/c/Users/Chirayu/Documents/GitHub/2D-to-3D-image-reconstruction/facescape_224/fsmview_trainset_7_12_lip_puckerer_44.jpg,0.10014692693948746,0.09223396331071854,-0.007912963628768921,7.199496366083622,0.648925244808197
1121,/mnt/c/Users/Chirayu/Documents/GitHub/2D-to-3D-image-reconstruction/facescape_224/fsmview_trainset_10_11_chin_raiser_37.jpg,0.0810629203915596,0.09230531007051468,0.011242389678955078,8.804931808263063,0.7331692576408386
394,/mnt/c/Users/Chirayu/Documents/GitHub/2D-to-3D-image-reconstruction/facescape_224/fsmview_trainset_13_16_grin_9.jpg,0.10597100108861923,0.09283832460641861,-0.013132676482200623,7.943230278789997,0.6735812425613403
836,/mnt/c/Users/Chirayu/Documents/GitHub/2D-to-3D-image-reconstruction/facescape_224/fsmview_trainset_13_15_lip_roll_55.jpg,0.0764361321926117,0.092929907143116,0.016493774950504303,8.106955770403147,0.6906889081001282
590,/mnt/c/Users/Chirayu/Documents/GitHub/2D-to-3D-image-reconstruction/facescape_224/fsmview_trainset_18_15_lip_roll_39.jpg,0.10351476073265076,0.09294559806585312,-0.010569162666797638,7.773245505988598,0.7023457288742065
1232,/mnt/c/Users/Chirayu/Documents/GitHub/2D-to-3D-image-reconstruction/facescape_224/fsmview_trainset_18_14_sadness_13.jpg,0.09184926748275757,0.09304478019475937,0.0011955127120018005,8.01655938476324,0.7128627300262451
1965,/mnt/c/Users/Chirayu/Documents/GitHub/2D-to-3D-image-reconstruction/facescape_224/fsmview_trainset_13_7_jaw_forward_36.jpg,0.09499510377645493,0.09305861592292786,-0.001936487853527069,7.750157289206982,0.6656230688095093
1942,/mnt/c/Users/Chirayu/Documents/GitHub/2D-to-3D-image-reconstruction/facescape_224/fsmview_trainset_7_8_mouth_left_41.jpg,0.10070285946130753,0.09329642355442047,-0.0074064359068870544,7.640711896121502,0.7079277038574219
67,/mnt/c/Users/Chirayu/Documents/GitHub/2D-to-3D-image-reconstruction/facescape_224/fsmview_trainset_2_13_lip_funneler_38.jpg,0.08478940278291702,0.09365516901016235,0.00886576622724533,7.930742088705301,0.7071958184242249
1257,/mnt/c/Users/Chirayu/Documents/GitHub/2D-to-3D-image-reconstruction/facescape_224/fsmview_trainset_12_11_chin_raiser_53.jpg,0.09747740626335144,0.09371650218963623,-0.00376090407371521,8.782564051449299,0.7253850102424622
110,/mnt/c/Users/Chirayu/Documents/GitHub/2D-to-3D-image-reconstruction/facescape_224/fsmview_trainset_3_2_smile_47.jpg,0.07934156805276871,0.09399671107530594,0.014655143022537231,9.133256234228611,0.7393814921379089
273,/mnt/c/Users/Chirayu/Documents/GitHub/2D-to-3D-image-reconstruction/facescape_224/fsmview_trainset_17_11_chin_raiser_56.jpg,0.08502454310655594,0.09405900537967682,0.00903446227312088,8.481125224381685,0.7081316709518433
318,/mnt/c/Users/Chirayu/Documents/GitHub/2D-to-3D-image-reconstruction/facescape_224/fsmview_trainset_2_11_chin_raiser_38.jpg,0.08299405127763748,0.09427379071712494,0.011279739439487457,8.263433642685413,0.6758988499641418
991,/mnt/c/Users/Chirayu/Documents/GitHub/2D-to-3D-image-reconstruction/facescape_224/fsmview_trainset_5_11_chin_raiser_49.jpg,0.10033030062913895,0.0943397805094719,-0.005990520119667053,7.685712415724993,0.6494800448417664
470,/mnt/c/Users/Chirayu/Documents/GitHub/2D-to-3D-image-reconstruction/facescape_224/fsmview_trainset_4_14_sadness_48.jpg,0.0913718044757843,0.09456665068864822,0.003194846212863922,7.814877137541771,0.7587427496910095
896,/mnt/c/Users/Chirayu/Documents/GitHub/2D-to-3D-image-reconstruction/facescape_224/fsmview_trainset_17_11_chin_raiser_7.jpg,0.08099676668643951,0.09456776827573776,0.013571001589298248,8.83808209747076,0.6946704983711243
573,/mnt/c/Users/Chirayu/Documents/GitHub/2D-to-3D-image-reconstruction/facescape_224/fsmview_trainset_20_2_smile_44.jpg,0.08769432455301285,0.09468439966440201,0.00699007511138916,9.680990187451243,0.7652183771133423
1772,/mnt/c/Users/Chirayu/Documents/GitHub/2D-to-3D-image-reconstruction/facescape_224/fsmview_trainset_4_6_jaw_right_44.jpg,0.10064221173524857,0.09501194208860397,-0.005630269646644592,8.292698547244072,0.6847463250160217
1979,/mnt/c/Users/Chirayu/Documents/GitHub/2D-to-3D-image-reconstruction/facescape_224/fsmview_trainset_10_20_brow_lower_41.jpg,0.10097157210111618,0.09501401335000992,-0.005957558751106262,7.553151518106461,0.7161006927490234
1676,/mnt/c/Users/Chirayu/Documents/GitHub/2D-to-3D-image-reconstruction/facescape_224/fsmview_trainset_15_3_mouth_stretch_63.jpg,0.09256090968847275,0.09504079818725586,0.0024798884987831116,9.245326794683933,0.7697173953056335
1739,/mnt/c/Users/Chirayu/Documents/GitHub/2D-to-3D-image-reconstruction/facescape_224/fsmview_trainset_11_13_lip_funneler_45.jpg,0.05625658854842186,0.09533053636550903,0.03907394781708717,7.721993841230869,0.6976988911628723
1914,/mnt/c/Users/Chirayu/Documents/GitHub/2D-to-3D-image-reconstruction/facescape_224/fsmview_trainset_12_6_jaw_right_52.jpg,0.07722523808479309,0.0953667163848877,0.018141478300094604,8.591121152043343,0.6945818662643433
1566,/mnt/c/Users/Chirayu/Documents/GitHub/2D-to-3D-image-reconstruction/facescape_224/fsmview_trainset_17_13_lip_funneler_54.jpg,0.09100525081157684,0.09539640694856644,0.0043911561369895935,8.749851740896702,0.7043933868408203
1064,/mnt/c/Users/Chirayu/Documents/GitHub/2D-to-3D-image-reconstruction/facescape_224/fsmview_trainset_8_6_jaw_right_37.jpg,0.06183038651943207,0.09547299146652222,0.03364260494709015,8.99093795567751,0.7635669112205505
262,/mnt/c/Users/Chirayu/Documents/GitHub/2D-to-3D-image-reconstruction/facescape_224/fsmview_trainset_12_15_lip_roll_40.jpg,0.07882620394229889,0.09569673985242844,0.016870535910129547,8.420252025127411,0.6902498006820679
1463,/mnt/c/Users/Chirayu/Documents/GitHub/2D-to-3D-image-reconstruction/facescape_224/fsmview_trainset_8_19_brow_raiser_30.jpg,0.0729680210351944,0.09575802832841873,0.022790007293224335,7.914195232093334,0.7236018180847168
310,/mnt/c/Users/Chirayu/Documents/GitHub/2D-to-3D-image-reconstruction/facescape_224/fsmview_trainset_5_5_jaw_left_56.jpg,0.10200312733650208,0.09576559066772461,-0.006237536668777466,8.262877110391855,0.7214413285255432
1,/mnt/c/Users/Chirayu/Documents/GitHub/2D-to-3D-image-reconstruction/facescape_224/fsmview_trainset_16_6_jaw_right_42.jpg,0.08873502910137177,0.0958898663520813,0.007154837250709534,7.000885650515556,0.6633724570274353
1021,/mnt/c/Users/Chirayu/Documents/GitHub/2D-to-3D-image-reconstruction/facescape_224/fsmview_trainset_18_3_mouth_stretch_31.jpg,0.09419454634189606,0.0959479808807373,0.0017534345388412476,8.902047403156757,0.9110739827156067
1764,/mnt/c/Users/Chirayu/Documents/GitHub/2D-to-3D-image-reconstruction/facescape_224/fsmview_trainset_10_12_lip_puckerer_15.jpg,0.08945360779762268,0.09613319486379623,0.0066795870661735535,7.389378324151039,0.6260001063346863
1542,/mnt/c/Users/Chirayu/Documents/GitHub/2D-to-3D-image-reconstruction/facescape_224/fsmview_trainset_11_6_jaw_right_47.jpg,0.06507515907287598,0.09615662693977356,0.031081467866897583,7.647872507572174,0.7150996327400208
651,/mnt/c/Users/Chirayu/Documents/GitHub/2D-to-3D-image-reconstruction/facescape_224/fsmview_trainset_7_1_neutral_53.jpg,0.09893080592155457,0.09616153687238693,-0.002769269049167633,8.127598121762276,0.7052764892578125
773,/mnt/c/Users/Chirayu/Documents/GitHub/2D-to-3D-image-reconstruction/facescape_224/fsmview_trainset_13_8_mouth_left_38.jpg,0.10699305683374405,0.09620723873376846,-0.010785818099975586,7.339998532086611,0.650973379611969
78,/mnt/c/Users/Chirayu/Documents/GitHub/2D-to-3D-image-reconstruction/facescape_224/fsmview_trainset_18_19_brow_raiser_42.jpg,0.10247138142585754,0.09622129797935486,-0.0062500834465026855,8.740764614194632,0.8157660365104675
707,/mnt/c/Users/Chirayu/Documents/GitHub/2D-to-3D-image-reconstruction/facescape_224/fsmview_trainset_14_3_mouth_stretch_37.jpg,0.09116873890161514,0.09637274593114853,0.005204007029533386,8.986769023351371,0.7728548049926758
701,/mnt/c/Users/Chirayu/Documents/GitHub/2D-to-3D-image-reconstruction/facescape_224/fsmview_trainset_2_6_jaw_right_38.jpg,0.0868396908044815,0.09660559147596359,0.009765900671482086,7.864797130227089,0.68649822473526
214,/mnt/c/Users/Chirayu/Documents/GitHub/2D-to-3D-image-reconstruction/facescape_224/fsmview_trainset_10_5_jaw_left_45.jpg,0.09435521811246872,0.09672830253839493,0.0023730844259262085,8.946643145754933,0.7782069444656372
1160,/mnt/c/Users/Chirayu/Documents/GitHub/2D-to-3D-image-reconstruction/facescape_224/fsmview_trainset_4_4_anger_27.jpg,0.09308578819036484,0.0968472808599472,0.003761492669582367,7.836562298238277,0.7186992168426514
1404,/mnt/c/Users/Chirayu/Documents/GitHub/2D-to-3D-image-reconstruction/facescape_224/fsmview_trainset_1_13_lip_funneler_42.jpg,0.1025344654917717,0.09726604074239731,-0.00526842474937439,7.415762808173895,0.7093955874443054
1181,/mnt/c/Users/Chirayu/Documents/GitHub/2D-to-3D-image-reconstruction/facescape_224/fsmview_trainset_2_14_sadness_19.jpg,0.08765272796154022,0.09737715870141983,0.009724430739879608,9.848283560015261,0.8388016223907471
95,/mnt/c/Users/Chirayu/Documents/GitHub/2D-to-3D-image-reconstruction/facescape_224/fsmview_trainset_5_12_lip_puckerer_47.jpg,0.08045323938131332,0.09786158055067062,0.0174083411693573,9.156826972030103,0.7823871970176697
1689,/mnt/c/Users/Chirayu/Documents/GitHub/2D-to-3D-image-reconstruction/facescape_224/fsmview_trainset_17_9_mouth_right_7.jpg,0.07692225277423859,0.09799282997846603,0.021070577204227448,8.295308664441109,0.6749764084815979
1134,/mnt/c/Users/Chirayu/Documents/GitHub/2D-to-3D-image-reconstruction/facescape_224/fsmview_trainset_6_5_jaw_left_33.jpg,0.0929403230547905,0.0981283113360405,0.00518798828125,7.604327291250229,0.6682618260383606
1206,/mnt/c/Users/Chirayu/Documents/GitHub/2D-to-3D-image-reconstruction/facescape_224/fsmview_trainset_15_18_eye_closed_58.jpg,0.09508376568555832,0.09816334396600723,0.0030795782804489136,8.223784103989601,0.7497365474700928
720,/mnt/c/Users/Chirayu/Documents/GitHub/2D-to-3D-image-reconstruction/facescape_224/fsmview_trainset_16_19_brow_raiser_11.jpg,0.08961819112300873,0.09827711433172226,0.008658923208713531,8.180708579719067,0.7361788153648376
1494,/mnt/c/Users/Chirayu/Documents/GitHub/2D-to-3D-image-reconstruction/facescape_224/fsmview_trainset_19_7_jaw_forward_39.jpg,0.08953479677438736,0.0983852818608284,0.00885048508644104,9.338157415390015,0.7596726417541504
1646,/mnt/c/Users/Chirayu/Documents/GitHub/2D-to-3D-image-reconstruction/facescape_224/fsmview_trainset_19_11_chin_raiser_41.jpg,0.1043974831700325,0.0983864963054657,-0.006010986864566803,7.847055841237307,0.6725350022315979
1685,/mnt/c/Users/Chirayu/Documents/GitHub/2D-to-3D-image-reconstruction/facescape_224/fsmview_trainset_3_13_lip_funneler_2.jpg,0.0814177393913269,0.09839736670255661,0.016979627311229706,8.282390587031841,0.7225357890129089
1426,/mnt/c/Users/Chirayu/Documents/GitHub/2D-to-3D-image-reconstruction/facescape_224/fsmview_trainset_14_20_brow_lower_9.jpg,0.09570372849702835,0.09862831234931946,0.002924583852291107,7.922243639826775,0.7043326497077942
706,/mnt/c/Users/Chirayu/Documents/GitHub/2D-to-3D-image-reconstruction/facescape_224/fsmview_trainset_9_4_anger_33.jpg,0.09946345537900925,0.09876368939876556,-0.0006997659802436829,7.804682739078999,0.6580435633659363
1820,/mnt/c/Users/Chirayu/Documents/GitHub/2D-to-3D-image-reconstruction/facescape_224/fsmview_trainset_20_8_mouth_left_8.jpg,0.11221575736999512,0.09882605075836182,-0.0133897066116333,8.192021857947111,0.7325704097747803
474,/mnt/c/Users/Chirayu/Documents/GitHub/2D-to-3D-image-reconstruction/facescape_224/fsmview_trainset_17_10_dimpler_4.jpg,0.09221119433641434,0.0990622490644455,0.0068510547280311584,9.12278469465673,0.7319760322570801
1136,/mnt/c/Users/Chirayu/Documents/GitHub/2D-to-3D-image-reconstruction/facescape_224/fsmview_trainset_17_16_grin_4.jpg,0.10072824358940125,0.09925038367509842,-0.001477859914302826,8.865995878353715,0.7303763031959534
234,/mnt/c/Users/Chirayu/Documents/GitHub/2D-to-3D-image-reconstruction/facescape_224/fsmview_trainset_15_13_lip_funneler_36.jpg,0.07860186696052551,0.0992782786488533,0.02067641168832779,9.239629353396595,0.7990155220031738
603,/mnt/c/Users/Chirayu/Documents/GitHub/2D-to-3D-image-reconstruction/facescape_224/fsmview_trainset_4_11_chin_raiser_44.jpg,0.10616559535264969,0.09950550645589828,-0.006660088896751404,8.393869027495384,0.708992600440979
65,/mnt/c/Users/Chirayu/Documents/GitHub/2D-to-3D-image-reconstruction/facescape_224/fsmview_trainset_11_16_grin_59.jpg,0.07834913581609726,0.09993389248847961,0.021584756672382355,7.9874387718737125,0.6849203109741211
754,/mnt/c/Users/Chirayu/Documents/GitHub/2D-to-3D-image-reconstruction/facescape_224/fsmview_trainset_16_17_cheek_blowing_39.jpg,0.08727771788835526,0.10076931118965149,0.013491593301296234,8.581749267876148,0.6990381479263306
739,/mnt/c/Users/Chirayu/Documents/GitHub/2D-to-3D-image-reconstruction/facescape_224/fsmview_trainset_10_5_jaw_left_44.jpg,0.11052113771438599,0.10093735158443451,-0.009583786129951477,7.673596948385239,0.6286307573318481
327,/mnt/c/Users/Chirayu/Documents/GitHub/2D-to-3D-image-reconstruction/facescape_224/fsmview_trainset_15_4_anger_37.jpg,0.08300401270389557,0.10093962401151657,0.017935611307621002,9.148361394181848,0.7902175784111023
1298,/mnt/c/Users/Chirayu/Documents/GitHub/2D-to-3D-image-reconstruction/facescape_224/fsmview_trainset_6_9_mouth_right_39.jpg,0.10706959664821625,0.10122833400964737,-0.005841262638568878,8.180770248174667,0.7165195941925049
196,/mnt/c/Users/Chirayu/Documents/GitHub/2D-to-3D-image-reconstruction/facescape_224/fsmview_trainset_13_5_jaw_left_43.jpg,0.10614036023616791,0.10145334899425507,-0.004687011241912842,8.252463057637215,0.698280394077301
135,/mnt/c/Users/Chirayu/Documents/GitHub/2D-to-3D-image-reconstruction/facescape_224/fsmview_trainset_3_5_jaw_left_2.jpg,0.08088827133178711,0.10192076116800308,0.021032489836215973,7.681605655699968,0.7129318118095398
1651,/mnt/c/Users/Chirayu/Documents/GitHub/2D-to-3D-image-reconstruction/facescape_224/fsmview_trainset_2_4_anger_28.jpg,0.08929834514856339,0.10197655111551285,0.012678205966949463,7.921888075768948,0.6961519122123718
783,/mnt/c/Users/Chirayu/Documents/GitHub/2D-to-3D-image-reconstruction/facescape_224/fsmview_trainset_20_17_cheek_blowing_10.jpg,0.08143196254968643,0.10233312100172043,0.020901158452033997,6.777769483625889,0.6056460738182068
335,/mnt/c/Users/Chirayu/Documents/GitHub/2D-to-3D-image-reconstruction/facescape_224/fsmview_trainset_19_1_neutral_42.jpg,0.08849641680717468,0.10233518481254578,0.013838768005371094,8.289814073592424,0.7294803261756897
1663,/mnt/c/Users/Chirayu/Documents/GitHub/2D-to-3D-image-reconstruction/facescape_224/fsmview_trainset_19_19_brow_raiser_4.jpg,0.0892254039645195,0.10307153314352036,0.013846129179000854,8.527233928442001,0.6819825768470764
493,/mnt/c/Users/Chirayu/Documents/GitHub/2D-to-3D-image-reconstruction/facescape_224/fsmview_trainset_6_18_eye_closed_36.jpg,0.09266019612550735,0.10314615815877914,0.01048596203327179,8.039088189601898,0.6891865134239197
1112,/mnt/c/Users/Chirayu/Documents/GitHub/2D-to-3D-image-reconstruction/facescape_224/fsmview_trainset_4_4_anger_15.jpg,0.10209831595420837,0.1034378707408905,0.001339554786682129,7.999327674508095,0.7197394967079163
311,/mnt/c/Users/Chirayu/Documents/GitHub/2D-to-3D-image-reconstruction/facescape_224/fsmview_trainset_20_13_lip_funneler_13.jpg,0.09557851403951645,0.10397802293300629,0.008399508893489838,8.36094106733799,0.7301686406135559
1757,/mnt/c/Users/Chirayu/Documents/GitHub/2D-to-3D-image-reconstruction/facescape_224/fsmview_trainset_6_5_jaw_left_47.jpg,0.09956803172826767,0.10403095930814743,0.004462927579879761,9.065201243851334,0.7873146533966064
731,/mnt/c/Users/Chirayu/Documents/GitHub/2D-to-3D-image-reconstruction/facescape_224/fsmview_trainset_1_3_mouth_stretch_15.jpg,0.10147843509912491,0.10412270575761795,0.002644270658493042,7.6833904311060905,0.6730610728263855
178,/mnt/c/Users/Chirayu/Documents/GitHub/2D-to-3D-image-reconstruction/facescape_224/fsmview_trainset_19_13_lip_funneler_4.jpg,0.09504608809947968,0.10414625704288483,0.009100168943405151,8.392671961337328,0.7179615497589111
1431,/mnt/c/Users/Chirayu/Documents/GitHub/2D-to-3D-image-reconstruction/facescape_224/fsmview_trainset_4_7_jaw_forward_46.jpg,0.09780091047286987,0.10454685240983963,0.006745941936969757,9.813481161370873,0.8147979378700256
1969,/mnt/c/Users/Chirayu/Documents/GitHub/2D-to-3D-image-reconstruction/facescape_224/fsmview_trainset_4_5_jaw_left_16.jpg,0.10250959545373917,0.10465247184038162,0.002142876386642456,7.8033662140369415,0.6911884546279907
385,/mnt/c/Users/Chirayu/Documents/GitHub/2D-to-3D-image-reconstruction/facescape_224/fsmview_trainset_18_5_jaw_left_41.jpg,0.10299307107925415,0.10471544414758682,0.0017223730683326721,7.78250914812088,0.6982661485671997
1752,/mnt/c/Users/Chirayu/Documents/GitHub/2D-to-3D-image-reconstruction/facescape_224/fsmview_trainset_12_14_sadness_34.jpg,0.08414244651794434,0.10474450141191483,0.02060205489397049,9.109587696380913,0.7435717582702637
21,/mnt/c/Users/Chirayu/Documents/GitHub/2D-to-3D-image-reconstruction/facescape_224/fsmview_trainset_1_13_lip_funneler_41.jpg,0.1161450743675232,0.10483737289905548,-0.011307701468467712,8.191820710897446,0.7761922478675842
1805,/mnt/c/Users/Chirayu/Documents/GitHub/2D-to-3D-image-reconstruction/facescape_224/fsmview_trainset_5_17_cheek_blowing_33.jpg,0.10231481492519379,0.10506513714790344,0.0027503222227096558,8.153060916811228,0.6844660043716431
1312,/mnt/c/Users/Chirayu/Documents/GitHub/2D-to-3D-image-reconstruction/facescape_224/fsmview_trainset_11_8_mouth_left_28.jpg,0.10376282036304474,0.1052359864115715,0.001473166048526764,9.179167488589883,0.7247642874717712
761,/mnt/c/Users/Chirayu/Documents/GitHub/2D-to-3D-image-reconstruction/facescape_224/fsmview_trainset_9_3_mouth_stretch_47.jpg,0.09896530956029892,0.10526247322559357,0.006297163665294647,8.768125516362488,0.7166422009468079
1072,/mnt/c/Users/Chirayu/Documents/GitHub/2D-to-3D-image-reconstruction/facescape_224/fsmview_trainset_12_17_cheek_blowing_52.jpg,0.08801239728927612,0.10558845102787018,0.017576053738594055,8.945999350398779,0.7036633491516113
408,/mnt/c/Users/Chirayu/Documents/GitHub/2D-to-3D-image-reconstruction/facescape_224/fsmview_trainset_14_1_neutral_10.jpg,0.09976831823587418,0.10712236911058426,0.007354050874710083,8.240962028503418,0.6969220638275146
1191,/mnt/c/Users/Chirayu/Documents/GitHub/2D-to-3D-image-reconstruction/facescape_224/fsmview_trainset_18_3_mouth_stretch_49.jpg,0.09908886253833771,0.10749509185552597,0.008406229317188263,8.640725508332253,0.8197931051254272
724,/mnt/c/Users/Chirayu/Documents/GitHub/2D-to-3D-image-reconstruction/facescape_224/fsmview_trainset_14_15_lip_roll_34.jpg,0.06583082675933838,0.10773459821939468,0.041903771460056305,7.1935971193015575,0.6811746954917908
435,/mnt/c/Users/Chirayu/Documents/GitHub/2D-to-3D-image-reconstruction/facescape_224/fsmview_trainset_2_1_neutral_6.jpg,0.08995705842971802,0.10776533931493759,0.017808280885219574,8.726699564605951,0.7425472736358643
1658,/mnt/c/Users/Chirayu/Documents/GitHub/2D-to-3D-image-reconstruction/facescape_224/fsmview_trainset_2_16_grin_55.jpg,0.0996512770652771,0.10779795795679092,0.008146680891513824,8.41989117488265,0.7424416542053223
403,/mnt/c/Users/Chirayu/Documents/GitHub/2D-to-3D-image-reconstruction/facescape_224/fsmview_trainset_9_13_lip_funneler_2.jpg,0.09327778965234756,0.10779961943626404,0.014521829783916473,8.628932513296604,0.7234175801277161
452,/mnt/c/Users/Chirayu/Documents/GitHub/2D-to-3D-image-reconstruction/facescape_224/fsmview_trainset_6_7_jaw_forward_34.jpg,0.04339340701699257,0.10793279856443405,0.06453939154744148,7.2452066615223885,0.6931811571121216
1336,/mnt/c/Users/Chirayu/Documents/GitHub/2D-to-3D-image-reconstruction/facescape_224/fsmview_trainset_19_12_lip_puckerer_33.jpg,0.10517074167728424,0.10801147669553757,0.0028407350182533264,7.914405284449458,0.7475754022598267
1644,/mnt/c/Users/Chirayu/Documents/GitHub/2D-to-3D-image-reconstruction/facescape_224/fsmview_trainset_6_3_mouth_stretch_33.jpg,0.1088433712720871,0.10811374336481094,-0.0007296279072761536,7.34858687967062,0.6501315832138062
1719,/mnt/c/Users/Chirayu/Documents/GitHub/2D-to-3D-image-reconstruction/facescape_224/fsmview_trainset_14_5_jaw_left_44.jpg,0.09564855694770813,0.10851138830184937,0.012862831354141235,8.505648478865623,0.6657619476318359
1800,/mnt/c/Users/Chirayu/Documents/GitHub/2D-to-3D-image-reconstruction/facescape_224/fsmview_trainset_17_16_grin_7.jpg,0.08770330995321274,0.10862933844327927,0.02092602849006653,8.334178008139133,0.6916494369506836
1642,/mnt/c/Users/Chirayu/Documents/GitHub/2D-to-3D-image-reconstruction/facescape_224/fsmview_trainset_19_13_lip_funneler_32.jpg,0.1066708043217659,0.10894867777824402,0.002277873456478119,7.721153136342764,0.7413648962974548
911,/mnt/c/Users/Chirayu/Documents/GitHub/2D-to-3D-image-reconstruction/facescape_224/fsmview_trainset_6_18_eye_closed_49.jpg,0.1310560554265976,0.10897543281316757,-0.022080622613430023,7.271952699869871,0.6473479270935059
27,/mnt/c/Users/Chirayu/Documents/GitHub/2D-to-3D-image-reconstruction/facescape_224/fsmview_trainset_8_7_jaw_forward_0.jpg,0.10142035037279129,0.10908915847539902,0.007668808102607727,7.968908451497555,0.7048771381378174
528,/mnt/c/Users/Chirayu/Documents/GitHub/2D-to-3D-image-reconstruction/facescape_224/fsmview_trainset_1_11_chin_raiser_42.jpg,0.10999292135238647,0.10916803777217865,-0.0008248835802078247,8.202405374497175,0.7102659940719604
146,/mnt/c/Users/Chirayu/Documents/GitHub/2D-to-3D-image-reconstruction/facescape_224/fsmview_trainset_7_18_eye_closed_36.jpg,0.10099007189273834,0.11011242866516113,0.00912235677242279,7.729053292423487,0.6923778653144836
1117,/mnt/c/Users/Chirayu/Documents/GitHub/2D-to-3D-image-reconstruction/facescape_224/fsmview_trainset_7_3_mouth_stretch_29.jpg,0.0979740247130394,0.11022235453128815,0.012248329818248749,7.589487947523594,0.7057844400405884
515,/mnt/c/Users/Chirayu/Documents/GitHub/2D-to-3D-image-reconstruction/facescape_224/fsmview_trainset_19_8_mouth_left_39.jpg,0.10316972434520721,0.1103152334690094,0.007145509123802185,8.884813979268074,0.7546839714050293
1401,/mnt/c/Users/Chirayu/Documents/GitHub/2D-to-3D-image-reconstruction/facescape_224/fsmview_trainset_19_6_jaw_right_32.jpg,0.10871130973100662,0.1103181317448616,0.0016068220138549805,8.174260618165135,0.7636942863464355
1384,/mnt/c/Users/Chirayu/Documents/GitHub/2D-to-3D-image-reconstruction/facescape_224/fsmview_trainset_4_6_jaw_right_45.jpg,0.09828677028417587,0.11037786304950714,0.012091092765331268,9.529356138780713,0.7946857213973999
1759,/mnt/c/Users/Chirayu/Documents/GitHub/2D-to-3D-image-reconstruction/facescape_224/fsmview_trainset_14_6_jaw_right_9.jpg,0.11621034890413284,0.11094312369823456,-0.005267225205898285,8.167025797069073,0.6930635571479797
1103,/mnt/c/Users/Chirayu/Documents/GitHub/2D-to-3D-image-reconstruction/facescape_224/fsmview_trainset_17_13_lip_funneler_4.jpg,0.1069565936923027,0.11103303730487823,0.004076443612575531,8.89410294033587,0.6882563829421997
1973,/mnt/c/Users/Chirayu/Documents/GitHub/2D-to-3D-image-reconstruction/facescape_224/fsmview_trainset_17_14_sadness_56.jpg,0.11137399822473526,0.11135727912187576,-1.671910285949707e-05,8.865505747497082,0.7164737582206726
562,/mnt/c/Users/Chirayu/Documents/GitHub/2D-to-3D-image-reconstruction/facescape_224/fsmview_trainset_5_14_sadness_41.jpg,0.1129022091627121,0.11136476695537567,-0.0015374422073364258,7.906655550003052,0.6941757798194885
245,/mnt/c/Users/Chirayu/Documents/GitHub/2D-to-3D-image-reconstruction/facescape_224/fsmview_trainset_17_7_jaw_forward_44.jpg,0.11434062570333481,0.1115075871348381,-0.002833038568496704,7.873863443732262,0.6378735899925232
650,/mnt/c/Users/Chirayu/Documents/GitHub/2D-to-3D-image-reconstruction/facescape_224/fsmview_trainset_2_9_mouth_right_55.jpg,0.11027692258358002,0.11238496005535126,0.0021080374717712402,8.617217037826777,0.7580445408821106
682,/mnt/c/Users/Chirayu/Documents/GitHub/2D-to-3D-image-reconstruction/facescape_224/fsmview_trainset_20_8_mouth_left_47.jpg,0.06357931345701218,0.11246385425329208,0.04888454079627991,7.148908421397209,0.6683033108711243
229,/mnt/c/Users/Chirayu/Documents/GitHub/2D-to-3D-image-reconstruction/facescape_224/fsmview_trainset_11_8_mouth_left_14.jpg,0.0855756625533104,0.11252967268228531,0.026954010128974915,8.141173332929611,0.6909304261207581
242,/mnt/c/Users/Chirayu/Documents/GitHub/2D-to-3D-image-reconstruction/facescape_224/fsmview_trainset_16_18_eye_closed_45.jpg,0.10423894226551056,0.1126701831817627,0.008431240916252136,8.646679361350834,0.7132248878479004
555,/mnt/c/Users/Chirayu/Documents/GitHub/2D-to-3D-image-reconstruction/facescape_224/fsmview_trainset_5_16_grin_41.jpg,0.11472813040018082,0.11268125474452972,-0.0020468756556510925,7.735838070511818,0.6822890043258667
1814,/mnt/c/Users/Chirayu/Documents/GitHub/2D-to-3D-image-reconstruction/facescape_224/fsmview_trainset_12_12_lip_puckerer_47.jpg,0.11473783105611801,0.11279821395874023,-0.001939617097377777,8.892482168972492,0.7327495217323303
762,/mnt/c/Users/Chirayu/Documents/GitHub/2D-to-3D-image-reconstruction/facescape_224/fsmview_trainset_11_1_neutral_28.jpg,0.11410503834486008,0.11295656859874725,-0.0011484697461128235,8.856898723170161,0.7127605080604553
1623,/mnt/c/Users/Chirayu/Documents/GitHub/2D-to-3D-image-reconstruction/facescape_224/fsmview_trainset_1_12_lip_puckerer_52.jpg,0.10340996086597443,0.11315885186195374,0.009748890995979309,7.8292347230017185,0.7228488326072693
224,/mnt/c/Users/Chirayu/Documents/GitHub/2D-to-3D-image-reconstruction/facescape_224/fsmview_trainset_14_4_anger_45.jpg,0.10883425176143646,0.113382987678051,0.0045487359166145325,8.754112266004086,0.6878063678741455
1245,/mnt/c/Users/Chirayu/Documents/GitHub/2D-to-3D-image-reconstruction/facescape_224/fsmview_trainset_14_15_lip_roll_46.jpg,0.11026405543088913,0.11346551775932312,0.0032014623284339905,8.505689203739166,0.6570843458175659
1945,/mnt/c/Users/Chirayu/Documents/GitHub/2D-to-3D-image-reconstruction/facescape_224/fsmview_trainset_11_7_jaw_forward_44.jpg,0.12154736369848251,0.11360610276460648,-0.007941260933876038,9.885305095463991,0.7628768086433411
1355,/mnt/c/Users/Chirayu/Documents/GitHub/2D-to-3D-image-reconstruction/facescape_224/fsmview_trainset_15_5_jaw_left_30.jpg,0.10076206177473068,0.11362294852733612,0.012860886752605438,8.119756635278463,0.6707300543785095
208,/mnt/c/Users/Chirayu/Documents/GitHub/2D-to-3D-image-reconstruction/facescape_224/fsmview_trainset_6_5_jaw_left_46.jpg,0.12688297033309937,0.11371994763612747,-0.013163022696971893,8.887668892741203,0.7654996514320374
82,/mnt/c/Users/Chirayu/Documents/GitHub/2D-to-3D-image-reconstruction/facescape_224/fsmview_trainset_7_5_jaw_left_36.jpg,0.10657889395952225,0.11374194175004959,0.007163047790527344,7.764321208000183,0.7085350155830383
1790,/mnt/c/Users/Chirayu/Documents/GitHub/2D-to-3D-image-reconstruction/facescape_224/fsmview_trainset_6_7_jaw_forward_36.jpg,0.10573061555624008,0.11451120674610138,0.008780591189861298,7.7013500183820724,0.6908015012741089
870,/mnt/c/Users/Chirayu/Documents/GitHub/2D-to-3D-image-reconstruction/facescape_224/fsmview_trainset_16_19_brow_raiser_37.jpg,0.09112580865621567,0.11451700329780579,0.02339119464159012,9.161382600665092,0.760002076625824
438,/mnt/c/Users/Chirayu/Documents/GitHub/2D-to-3D-image-reconstruction/facescape_224/fsmview_trainset_3_3_mouth_stretch_46.jpg,0.11936140060424805,0.11481327563524246,-0.004548124969005585,8.177081659436226,0.7042297720909119
1005,/mnt/c/Users/Chirayu/Documents/GitHub/2D-to-3D-image-reconstruction/facescape_224/fsmview_trainset_17_12_lip_puckerer_4.jpg,0.11433538794517517,0.11489639431238174,0.0005610063672065735,8.903504818677902,0.7027602195739746
425,/mnt/c/Users/Chirayu/Documents/GitHub/2D-to-3D-image-reconstruction/facescape_224/fsmview_trainset_10_6_jaw_right_52.jpg,0.12372075766324997,0.11534280329942703,-0.008377954363822937,6.84486847370863,0.6421906352043152
828,/mnt/c/Users/Chirayu/Documents/GitHub/2D-to-3D-image-reconstruction/facescape_224/fsmview_trainset_3_8_mouth_left_12.jpg,0.09116268903017044,0.1154540404677391,0.024291351437568665,7.798997286707163,0.69843590259552
39,/mnt/c/Users/Chirayu/Documents/GitHub/2D-to-3D-image-reconstruction/facescape_224/fsmview_trainset_2_12_lip_puckerer_31.jpg,0.10846603661775589,0.11549852788448334,0.0070324912667274475,8.248433645814657,0.647661566734314
1843,/mnt/c/Users/Chirayu/Documents/GitHub/2D-to-3D-image-reconstruction/facescape_224/fsmview_trainset_12_10_dimpler_18.jpg,0.11951808631420135,0.11551585048437119,-0.00400223582983017,8.000436495989561,0.706371009349823
774,/mnt/c/Users/Chirayu/Documents/GitHub/2D-to-3D-image-reconstruction/facescape_224/fsmview_trainset_20_16_grin_11.jpg,0.08293788880109787,0.11556345969438553,0.03262557089328766,7.282235696911812,0.7055633664131165
885,/mnt/c/Users/Chirayu/Documents/GitHub/2D-to-3D-image-reconstruction/facescape_224/fsmview_trainset_3_5_jaw_left_8.jpg,0.04228018596768379,0.11598426103591919,0.0737040750682354,8.495595183223486,0.7480502724647522
1329,/mnt/c/Users/Chirayu/Documents/GitHub/2D-to-3D-image-reconstruction/facescape_224/fsmview_trainset_6_6_jaw_right_49.jpg,0.11640658229589462,0.11609365791082382,-0.0003129243850708008,7.136992238461971,0.6252569556236267
865,/mnt/c/Users/Chirayu/Documents/GitHub/2D-to-3D-image-reconstruction/facescape_224/fsmview_trainset_10_11_chin_raiser_44.jpg,0.13237780332565308,0.11612077057361603,-0.01625703275203705,8.085725240409374,0.6727265119552612
1286,/mnt/c/Users/Chirayu/Documents/GitHub/2D-to-3D-image-reconstruction/facescape_224/fsmview_trainset_2_9_mouth_right_39.jpg,0.11312061548233032,0.11615414172410965,0.0030335262417793274,8.150537375360727,0.7398903965950012
1832,/mnt/c/Users/Chirayu/Documents/GitHub/2D-to-3D-image-reconstruction/facescape_224/fsmview_trainset_8_7_jaw_forward_44.jpg,0.11152009665966034,0.11630606651306152,0.004785969853401184,9.232745256274939,0.7840657830238342
1221,/mnt/c/Users/Chirayu/Documents/GitHub/2D-to-3D-image-reconstruction/facescape_224/fsmview_trainset_17_1_neutral_43.jpg,0.12014292180538177,0.11631518602371216,-0.0038277357816696167,7.926177961751819,0.6608519554138184
1330,/mnt/c/Users/Chirayu/Documents/GitHub/2D-to-3D-image-reconstruction/facescape_224/fsmview_trainset_11_2_smile_19.jpg,0.10443414747714996,0.11635497212409973,0.011920824646949768,8.838203888386488,0.7122353911399841
534,/mnt/c/Users/Chirayu/Documents/GitHub/2D-to-3D-image-reconstruction/facescape_224/fsmview_trainset_6_9_mouth_right_36.jpg,0.10868091881275177,0.11638453602790833,0.007703617215156555,7.650699533522129,0.6605114936828613
1450,/mnt/c/Users/Chirayu/Documents/GitHub/2D-to-3D-image-reconstruction/facescape_224/fsmview_trainset_12_15_lip_roll_0.jpg,0.12938763201236725,0.11686186492443085,-0.012525767087936401,7.697366811335087,0.6630749702453613
824,/mnt/c/Users/Chirayu/Documents/GitHub/2D-to-3D-image-reconstruction/facescape_224/fsmview_trainset_2_12_lip_puckerer_39.jpg,0.11298538744449615,0.11696960031986237,0.003984212875366211,8.016914792358875,0.7001084089279175
1975,/mnt/c/Users/Chirayu/Documents/GitHub/2D-to-3D-image-reconstruction/facescape_224/fsmview_trainset_17_14_sadness_1.jpg,0.11755461245775223,0.117038294672966,-0.0005163177847862244,9.089395444840193,0.7233431339263916
1754,/mnt/c/Users/Chirayu/Documents/GitHub/2D-to-3D-image-reconstruction/facescape_224/fsmview_trainset_10_15_lip_roll_49.jpg,0.13670146465301514,0.11737680435180664,-0.019324660301208496,6.562119320034981,0.6370983123779297
1746,/mnt/c/Users/Chirayu/Documents/GitHub/2D-to-3D-image-reconstruction/facescape_224/fsmview_trainset_6_6_jaw_right_22.jpg,0.10988035053014755,0.11743538826704025,0.0075550377368927,7.384023949503899,0.6524298191070557
1802,/mnt/c/Users/Chirayu/Documents/GitHub/2D-to-3D-image-reconstruction/facescape_224/fsmview_trainset_1_20_brow_lower_5.jpg,0.10058075189590454,0.1178239956498146,0.017243243753910065,7.887802019715309,0.691460132598877
867,/mnt/c/Users/Chirayu/Documents/GitHub/2D-to-3D-image-reconstruction/facescape_224/fsmview_trainset_9_19_brow_raiser_43.jpg,0.1250143051147461,0.11814989894628525,-0.006864406168460846,7.13112273812294,0.6169441342353821
810,/mnt/c/Users/Chirayu/Documents/GitHub/2D-to-3D-image-reconstruction/facescape_224/fsmview_trainset_6_3_mouth_stretch_46.jpg,0.12180174142122269,0.1182335689663887,-0.0035681724548339844,8.062015026807785,0.747891902923584
1482,/mnt/c/Users/Chirayu/Documents/GitHub/2D-to-3D-image-reconstruction/facescape_224/fsmview_trainset_16_4_anger_41.jpg,0.12059286236763,0.11873238533735275,-0.0018604770302772522,7.491702891886234,0.7155565619468689
1587,/mnt/c/Users/Chirayu/Documents/GitHub/2D-to-3D-image-reconstruction/facescape_224/fsmview_trainset_4_12_lip_puckerer_16.jpg,0.11434321850538254,0.11914413422346115,0.004800915718078613,8.046371459960938,0.6995962858200073
1900,/mnt/c/Users/Chirayu/Documents/GitHub/2D-to-3D-image-reconstruction/facescape_224/fsmview_trainset_17_19_brow_raiser_41.jpg,0.11353818327188492,0.11922796815633774,0.00568978488445282,8.624185118824244,0.703956663608551
587,/mnt/c/Users/Chirayu/Documents/GitHub/2D-to-3D-image-reconstruction/facescape_224/fsmview_trainset_1_3_mouth_stretch_44.jpg,0.11618097126483917,0.11926288902759552,0.0030819177627563477,7.92546546459198,0.6736980676651001
130,/mnt/c/Users/Chirayu/Documents/GitHub/2D-to-3D-image-reconstruction/facescape_224/fsmview_trainset_2_20_brow_lower_29.jpg,0.09953386336565018,0.11954394727945328,0.0200100839138031,8.137262163683772,0.6778658628463745
361,/mnt/c/Users/Chirayu/Documents/GitHub/2D-to-3D-image-reconstruction/facescape_224/fsmview_trainset_10_19_brow_raiser_46.jpg,0.11339472234249115,0.119758240878582,0.006363518536090851,9.449689946137369,0.7772287726402283
508,/mnt/c/Users/Chirayu/Documents/GitHub/2D-to-3D-image-reconstruction/facescape_224/fsmview_trainset_10_1_neutral_55.jpg,0.11468842625617981,0.1197856143116951,0.005097188055515289,7.391962230205536,0.6919713616371155
1787,/mnt/c/Users/Chirayu/Documents/GitHub/2D-to-3D-image-reconstruction/facescape_224/fsmview_trainset_14_11_chin_raiser_11.jpg,0.07991918176412582,0.12026570737361908,0.040346525609493256,7.603405714035034,0.638952374458313
1108,/mnt/c/Users/Chirayu/Documents/GitHub/2D-to-3D-image-reconstruction/facescape_224/fsmview_trainset_6_1_neutral_45.jpg,0.1309991478919983,0.12058081477880478,-0.010418333113193512,8.389517843723297,0.6898715496063232
205,/mnt/c/Users/Chirayu/Documents/GitHub/2D-to-3D-image-reconstruction/facescape_224/fsmview_trainset_11_8_mouth_left_40.jpg,0.09794018417596817,0.1206541359424591,0.022713951766490936,8.684487722814083,0.7541748881340027
467,/mnt/c/Users/Chirayu/Documents/GitHub/2D-to-3D-image-reconstruction/facescape_224/fsmview_trainset_7_17_cheek_blowing_31.jpg,0.11815209686756134,0.12069814652204514,0.002546049654483795,7.671511676162481,0.6561448574066162
1020,/mnt/c/Users/Chirayu/Documents/GitHub/2D-to-3D-image-reconstruction/facescape_224/fsmview_trainset_6_2_smile_41.jpg,0.11231789737939835,0.12074963003396988,0.008431732654571533,6.728114187717438,0.6353501081466675
1515,/mnt/c/Users/Chirayu/Documents/GitHub/2D-to-3D-image-reconstruction/facescape_224/fsmview_trainset_14_9_mouth_right_10.jpg,0.13444656133651733,0.12076818197965622,-0.013678379356861115,7.810947403311729,0.6815738081932068
627,/mnt/c/Users/Chirayu/Documents/GitHub/2D-to-3D-image-reconstruction/facescape_224/fsmview_trainset_1_15_lip_roll_42.jpg,0.1447421759366989,0.12085215002298355,-0.023890025913715363,7.803548060357571,0.7459418177604675
1285,/mnt/c/Users/Chirayu/Documents/GitHub/2D-to-3D-image-reconstruction/facescape_224/fsmview_trainset_19_14_sadness_29.jpg,0.1302102506160736,0.12104249000549316,-0.009167760610580444,7.238890629261732,0.6229884028434753
1111,/mnt/c/Users/Chirayu/Documents/GitHub/2D-to-3D-image-reconstruction/facescape_224/fsmview_trainset_1_19_brow_raiser_22.jpg,0.04426821321249008,0.1213812530040741,0.07711303979158401,8.102533724159002,0.6868758797645569
1071,/mnt/c/Users/Chirayu/Documents/GitHub/2D-to-3D-image-reconstruction/facescape_224/fsmview_trainset_19_8_mouth_left_41.jpg,0.12732639908790588,0.12138387560844421,-0.00594252347946167,7.623116306960583,0.6764647960662842
876,/mnt/c/Users/Chirayu/Documents/GitHub/2D-to-3D-image-reconstruction/facescape_224/fsmview_trainset_7_13_lip_funneler_44.jpg,0.11412400752305984,0.12140554934740067,0.00728154182434082,7.44208724796772,0.6809247732162476
1704,/mnt/c/Users/Chirayu/Documents/GitHub/2D-to-3D-image-reconstruction/facescape_224/fsmview_trainset_19_8_mouth_left_32.jpg,0.12398938834667206,0.12140978127717972,-0.00257960706949234,8.115035891532898,0.8040437698364258
718,/mnt/c/Users/Chirayu/Documents/GitHub/2D-to-3D-image-reconstruction/facescape_224/fsmview_trainset_2_4_anger_1.jpg,0.12217039614915848,0.12145345658063889,-0.0007169395685195923,8.766376942396164,0.7602195143699646
1988,/mnt/c/Users/Chirayu/Documents/GitHub/2D-to-3D-image-reconstruction/facescape_224/fsmview_trainset_9_7_jaw_forward_44.jpg,0.1310763955116272,0.12146658450365067,-0.009609811007976532,7.182377517223358,0.666420042514801
351,/mnt/c/Users/Chirayu/Documents/GitHub/2D-to-3D-image-reconstruction/facescape_224/fsmview_trainset_8_8_mouth_left_18.jpg,0.11821214109659195,0.12157058715820312,0.0033584460616111755,7.777035623788834,0.7493293285369873
1816,/mnt/c/Users/Chirayu/Documents/GitHub/2D-to-3D-image-reconstruction/facescape_224/fsmview_trainset_3_7_jaw_forward_36.jpg,0.10606198757886887,0.12247349321842194,0.01641150563955307,7.7454754412174225,0.6896125674247742
1107,/mnt/c/Users/Chirayu/Documents/GitHub/2D-to-3D-image-reconstruction/facescape_224/fsmview_trainset_20_18_eye_closed_45.jpg,0.12615372240543365,0.12306302040815353,-0.003090701997280121,8.66802067309618,0.7329246997833252
378,/mnt/c/Users/Chirayu/Documents/GitHub/2D-to-3D-image-reconstruction/facescape_224/fsmview_trainset_15_2_smile_20.jpg,0.10533515363931656,0.123110830783844,0.017775677144527435,7.307716056704521,0.6352230310440063
854,/mnt/c/Users/Chirayu/Documents/GitHub/2D-to-3D-image-reconstruction/facescape_224/fsmview_trainset_1_7_jaw_forward_41.jpg,0.13133054971694946,0.12330854684114456,-0.008022002875804901,7.948403500020504,0.737529993057251
1762,/mnt/c/Users/Chirayu/Documents/GitHub/2D-to-3D-image-reconstruction/facescape_224/fsmview_trainset_13_8_mouth_left_7.jpg,0.09738222509622574,0.12345690280199051,0.02607467770576477,9.038528822362423,0.7771468758583069
1096,/mnt/c/Users/Chirayu/Documents/GitHub/2D-to-3D-image-reconstruction/facescape_224/fsmview_trainset_9_5_jaw_left_47.jpg,0.11795997619628906,0.12414413690567017,0.0061841607093811035,9.23020026832819,0.7775092720985413
1332,/mnt/c/Users/Chirayu/Documents/GitHub/2D-to-3D-image-reconstruction/facescape_224/fsmview_trainset_18_15_lip_roll_28.jpg,0.12953077256679535,0.12438173592090607,-0.005149036645889282,9.717024145647883,0.8806796073913574
367,/mnt/c/Users/Chirayu/Documents/GitHub/2D-to-3D-image-reconstruction/facescape_224/fsmview_trainset_20_5_jaw_left_8.jpg,0.1385200172662735,0.1245352253317833,-0.013984791934490204,8.42725881934166,0.7862966656684875
577,/mnt/c/Users/Chirayu/Documents/GitHub/2D-to-3D-image-reconstruction/facescape_224/fsmview_trainset_12_15_lip_roll_36.jpg,0.042531538754701614,0.12470186501741409,0.08217032626271248,7.213863805867732,0.6299509406089783
1159,/mnt/c/Users/Chirayu/Documents/GitHub/2D-to-3D-image-reconstruction/facescape_224/fsmview_trainset_13_3_mouth_stretch_25.jpg,0.11138909310102463,0.1248079463839531,0.013418853282928467,8.548578047193587,0.7456566691398621
1474,/mnt/c/Users/Chirayu/Documents/GitHub/2D-to-3D-image-reconstruction/facescape_224/fsmview_trainset_14_20_brow_lower_43.jpg,0.1064332127571106,0.12503162026405334,0.01859840750694275,8.192003399133682,0.6497325301170349
1528,/mnt/c/Users/Chirayu/Documents/GitHub/2D-to-3D-image-reconstruction/facescape_224/fsmview_trainset_6_17_cheek_blowing_39.jpg,0.12380404025316238,0.12503406405448914,0.0012300238013267517,8.27620180696249,0.7286649346351624
937,/mnt/c/Users/Chirayu/Documents/GitHub/2D-to-3D-image-reconstruction/facescape_224/fsmview_trainset_13_15_lip_roll_32.jpg,0.1453794240951538,0.12597118318080902,-0.019408240914344788,7.998447615653276,0.6548060178756714
1131,/mnt/c/Users/Chirayu/Documents/GitHub/2D-to-3D-image-reconstruction/facescape_224/fsmview_trainset_15_4_anger_20.jpg,0.11032835394144058,0.12617981433868408,0.0158514603972435,7.4027566984295845,0.6486068964004517
1200,/mnt/c/Users/Chirayu/Documents/GitHub/2D-to-3D-image-reconstruction/facescape_224/fsmview_trainset_1_20_brow_lower_15.jpg,0.1294361799955368,0.12628407776355743,-0.00315210223197937,7.651658311486244,0.6561797857284546
894,/mnt/c/Users/Chirayu/Documents/GitHub/2D-to-3D-image-reconstruction/facescape_224/fsmview_trainset_13_10_dimpler_10.jpg,0.09300001710653305,0.12630516290664673,0.03330514580011368,9.109237790107727,0.7899352312088013
157,/mnt/c/Users/Chirayu/Documents/GitHub/2D-to-3D-image-reconstruction/facescape_224/fsmview_trainset_14_2_smile_47.jpg,0.0694267526268959,0.126560777425766,0.05713402479887009,8.069600775837898,0.7537158727645874
391,/mnt/c/Users/Chirayu/Documents/GitHub/2D-to-3D-image-reconstruction/facescape_224/fsmview_trainset_6_16_grin_23.jpg,0.04190856218338013,0.12689845263957977,0.08498989045619965,6.817125346511602,0.6223099231719971
1044,/mnt/c/Users/Chirayu/Documents/GitHub/2D-to-3D-image-reconstruction/facescape_224/fsmview_trainset_14_17_cheek_blowing_47.jpg,0.10563700646162033,0.12696243822574615,0.021325431764125824,7.8673927038908005,0.7051665186882019
1323,/mnt/c/Users/Chirayu/Documents/GitHub/2D-to-3D-image-reconstruction/facescape_224/fsmview_trainset_7_19_brow_raiser_47.jpg,0.0964992493391037,0.127042755484581,0.030543506145477295,9.742652168497443,0.8030615448951721
671,/mnt/c/Users/Chirayu/Documents/GitHub/2D-to-3D-image-reconstruction/facescape_224/fsmview_trainset_13_2_smile_33.jpg,0.13271227478981018,0.1271882802248001,-0.005523994565010071,7.902047730982304,0.7021100521087646
595,/mnt/c/Users/Chirayu/Documents/GitHub/2D-to-3D-image-reconstruction/facescape_224/fsmview_trainset_3_16_grin_35.jpg,0.11133386194705963,0.127344012260437,0.01601015031337738,7.577022656798363,0.6973823308944702
734,/mnt/c/Users/Chirayu/Documents/GitHub/2D-to-3D-image-reconstruction/facescape_224/fsmview_trainset_18_14_sadness_45.jpg,0.10799337178468704,0.12757344543933868,0.019580073654651642,9.745854131877422,0.7970236539840698
906,/mnt/c/Users/Chirayu/Documents/GitHub/2D-to-3D-image-reconstruction/facescape_224/fsmview_trainset_12_9_mouth_right_52.jpg,0.12352921068668365,0.12764449417591095,0.004115283489227295,7.901078537106514,0.672824501991272
1123,/mnt/c/Users/Chirayu/Documents/GitHub/2D-to-3D-image-reconstruction/facescape_224/fsmview_trainset_5_18_eye_closed_41.jpg,0.12730666995048523,0.12773050367832184,0.0004238337278366089,7.521082907915115,0.695995032787323
765,/mnt/c/Users/Chirayu/Documents/GitHub/2D-to-3D-image-reconstruction/facescape_224/fsmview_trainset_2_18_eye_closed_29.jpg,0.10334431380033493,0.12778563797473907,0.024441324174404144,8.533922400325537,0.701624870300293
1306,/mnt/c/Users/Chirayu/Documents/GitHub/2D-to-3D-image-reconstruction/facescape_224/fsmview_trainset_11_20_brow_lower_44.jpg,0.12109058350324631,0.1278981864452362,0.006807602941989899,9.842246495187283,0.7693156599998474
732,/mnt/c/Users/Chirayu/Documents/GitHub/2D-to-3D-image-reconstruction/facescape_224/fsmview_trainset_1_15_lip_roll_52.jpg,0.12434118241071701,0.12801319360733032,0.0036720111966133118,8.136550236493349,0.7359910011291504
1803,/mnt/c/Users/Chirayu/Documents/GitHub/2D-to-3D-image-reconstruction/facescape_224/fsmview_trainset_13_9_mouth_right_7.jpg,0.11044729501008987,0.1280280351638794,0.01758074015378952,6.649232354015112,0.5957963466644287
1986,/mnt/c/Users/Chirayu/Documents/GitHub/2D-to-3D-image-reconstruction/facescape_224/fsmview_trainset_14_6_jaw_right_8.jpg,0.13876663148403168,0.12813888490200043,-0.01062774658203125,7.679107531905174,0.7441555261611938
998,/mnt/c/Users/Chirayu/Documents/GitHub/2D-to-3D-image-reconstruction/facescape_224/fsmview_trainset_10_3_mouth_stretch_13.jpg,0.13290558755397797,0.1284186989068985,-0.004486888647079468,7.105387531220913,0.6736800670623779
128,/mnt/c/Users/Chirayu/Documents/GitHub/2D-to-3D-image-reconstruction/facescape_224/fsmview_trainset_4_12_lip_puckerer_0.jpg,0.12795355916023254,0.12884141504764557,0.0008878558874130249,8.407408509403467,0.7436992526054382
1740,/mnt/c/Users/Chirayu/Documents/GitHub/2D-to-3D-image-reconstruction/facescape_224/fsmview_trainset_20_11_chin_raiser_37.jpg,0.10998518019914627,0.1291099190711975,0.01912473887205124,8.49344531353563,0.7609680891036987
1702,/mnt/c/Users/Chirayu/Documents/GitHub/2D-to-3D-image-reconstruction/facescape_224/fsmview_trainset_12_10_dimpler_47.jpg,0.12505042552947998,0.12927375733852386,0.004223331809043884,8.34337592869997,0.7184702157974243
454,/mnt/c/Users/Chirayu/Documents/GitHub/2D-to-3D-image-reconstruction/facescape_224/fsmview_trainset_4_20_brow_lower_51.jpg,0.14988882839679718,0.12943845987319946,-0.020450368523597717,7.014430373907089,0.7109065651893616
498,/mnt/c/Users/Chirayu/Documents/GitHub/2D-to-3D-image-reconstruction/facescape_224/fsmview_trainset_14_3_mouth_stretch_16.jpg,0.08734426647424698,0.12997770309448242,0.04263343662023544,7.46333272010088,0.6927920579910278
393,/mnt/c/Users/Chirayu/Documents/GitHub/2D-to-3D-image-reconstruction/facescape_224/fsmview_trainset_5_13_lip_funneler_45.jpg,0.15470506250858307,0.13023385405540466,-0.024471208453178406,8.039362020790577,0.676484227180481
1916,/mnt/c/Users/Chirayu/Documents/GitHub/2D-to-3D-image-reconstruction/facescape_224/fsmview_trainset_2_16_grin_12.jpg,0.08370324969291687,0.1304345279932022,0.04673127830028534,8.31820622831583,0.7503731846809387
1547,/mnt/c/Users/Chirayu/Documents/GitHub/2D-to-3D-image-reconstruction/facescape_224/fsmview_trainset_2_16_grin_29.jpg,0.10896334797143936,0.1315477341413498,0.02258438616991043,9.714508681558073,0.9227274656295776
1347,/mnt/c/Users/Chirayu/Documents/GitHub/2D-to-3D-image-reconstruction/facescape_224/fsmview_trainset_18_16_grin_45.jpg,0.10621574521064758,0.1315588802099228,0.025343134999275208,9.510828826576471,0.7691999673843384
162,/mnt/c/Users/Chirayu/Documents/GitHub/2D-to-3D-image-reconstruction/facescape_224/fsmview_trainset_12_6_jaw_right_24.jpg,0.12165390700101852,0.1320081651210785,0.010354258120059967,8.204739734530449,0.7033889293670654
1863,/mnt/c/Users/Chirayu/Documents/GitHub/2D-to-3D-image-reconstruction/facescape_224/fsmview_trainset_14_3_mouth_stretch_11.jpg,0.11510372906923294,0.13201303780078888,0.01690930873155594,7.319769490510225,0.6363908052444458
181,/mnt/c/Users/Chirayu/Documents/GitHub/2D-to-3D-image-reconstruction/facescape_224/fsmview_trainset_13_4_anger_6.jpg,0.14434903860092163,0.1329239457845688,-0.011425092816352844,8.300430729985237,0.6796984672546387
680,/mnt/c/Users/Chirayu/Documents/GitHub/2D-to-3D-image-reconstruction/facescape_224/fsmview_trainset_11_2_smile_28.jpg,0.1367371678352356,0.13328583538532257,-0.003451332449913025,9.183929016813636,0.7349494695663452
681,/mnt/c/Users/Chirayu/Documents/GitHub/2D-to-3D-image-reconstruction/facescape_224/fsmview_trainset_8_15_lip_roll_31.jpg,0.11051744967699051,0.13366957008838654,0.023152120411396027,7.513738177716732,0.6424047946929932
359,/mnt/c/Users/Chirayu/Documents/GitHub/2D-to-3D-image-reconstruction/facescape_224/fsmview_trainset_11_9_mouth_right_44.jpg,0.12741898000240326,0.13395343720912933,0.006534457206726074,8.186707869172096,0.7786977887153625
1342,/mnt/c/Users/Chirayu/Documents/GitHub/2D-to-3D-image-reconstruction/facescape_224/fsmview_trainset_13_10_dimpler_48.jpg,0.1177576556801796,0.1341482400894165,0.016390584409236908,7.477405212819576,0.6452947854995728
1369,/mnt/c/Users/Chirayu/Documents/GitHub/2D-to-3D-image-reconstruction/facescape_224/fsmview_trainset_4_17_cheek_blowing_29.jpg,0.14422744512557983,0.13487404584884644,-0.009353399276733398,8.150297809392214,0.6809905767440796
1724,/mnt/c/Users/Chirayu/Documents/GitHub/2D-to-3D-image-reconstruction/facescape_224/fsmview_trainset_15_17_cheek_blowing_37.jpg,0.11506075412034988,0.13518138229846954,0.02012062817811966,9.088697474449873,0.7863860726356506
519,/mnt/c/Users/Chirayu/Documents/GitHub/2D-to-3D-image-reconstruction/facescape_224/fsmview_trainset_12_1_neutral_43.jpg,0.12932056188583374,0.13523155450820923,0.005910992622375488,7.602044019848108,0.6551010012626648
1267,/mnt/c/Users/Chirayu/Documents/GitHub/2D-to-3D-image-reconstruction/facescape_224/fsmview_trainset_2_16_grin_7.jpg,0.13019679486751556,0.13533559441566467,0.005138799548149109,8.982378110289574,0.7506702542304993
1561,/mnt/c/Users/Chirayu/Documents/GitHub/2D-to-3D-image-reconstruction/facescape_224/fsmview_trainset_17_10_dimpler_7.jpg,0.11360983550548553,0.13581043481826782,0.022200599312782288,8.17727666720748,0.6591715216636658
1013,/mnt/c/Users/Chirayu/Documents/GitHub/2D-to-3D-image-reconstruction/facescape_224/fsmview_trainset_2_6_jaw_right_48.jpg,0.1268390268087387,0.1364307999610901,0.00959177315235138,9.252878306433558,0.7577954530715942
593,/mnt/c/Users/Chirayu/Documents/GitHub/2D-to-3D-image-reconstruction/facescape_224/fsmview_trainset_4_14_sadness_45.jpg,0.11687739938497543,0.1365133374929428,0.019635938107967377,9.663554042577744,0.801169753074646
1315,/mnt/c/Users/Chirayu/Documents/GitHub/2D-to-3D-image-reconstruction/facescape_224/fsmview_trainset_17_2_smile_11.jpg,0.10698457062244415,0.13782911002635956,0.030844539403915405,7.2671453058719635,0.6682026982307434
1392,/mnt/c/Users/Chirayu/Documents/GitHub/2D-to-3D-image-reconstruction/facescape_224/fsmview_trainset_18_16_grin_38.jpg,0.13770021498203278,0.1380831003189087,0.00038288533687591553,8.517263486981392,0.8476107120513916
191,/mnt/c/Users/Chirayu/Documents/GitHub/2D-to-3D-image-reconstruction/facescape_224/fsmview_trainset_5_4_anger_40.jpg,0.1415690928697586,0.1383390724658966,-0.0032300204038619995,7.9166745617985725,0.7202543616294861
305,/mnt/c/Users/Chirayu/Documents/GitHub/2D-to-3D-image-reconstruction/facescape_224/fsmview_trainset_3_10_dimpler_46.jpg,0.13172829151153564,0.13862289488315582,0.006894603371620178,8.294703416526318,0.709686815738678
1671,/mnt/c/Users/Chirayu/Documents/GitHub/2D-to-3D-image-reconstruction/facescape_224/fsmview_trainset_5_6_jaw_right_22.jpg,0.10247022658586502,0.13876046240329742,0.036290235817432404,7.279899597167969,0.6663230061531067
264,/mnt/c/Users/Chirayu/Documents/GitHub/2D-to-3D-image-reconstruction/facescape_224/fsmview_trainset_20_15_lip_roll_47.jpg,0.09972786903381348,0.13890255987644196,0.03917469084262848,7.6821335554122925,0.6988565325737
1662,/mnt/c/Users/Chirayu/Documents/GitHub/2D-to-3D-image-reconstruction/facescape_224/fsmview_trainset_13_5_jaw_left_21.jpg,0.14439013600349426,0.13928981125354767,-0.005100324749946594,7.619034744799137,0.6455385088920593
554,/mnt/c/Users/Chirayu/Documents/GitHub/2D-to-3D-image-reconstruction/facescape_224/fsmview_trainset_15_13_lip_funneler_33.jpg,0.12174925953149796,0.1397741287946701,0.01802486926317215,7.492693040519953,0.648248016834259
1272,/mnt/c/Users/Chirayu/Documents/GitHub/2D-to-3D-image-reconstruction/facescape_224/fsmview_trainset_15_14_sadness_20.jpg,0.13020719587802887,0.14002946019172668,0.009822264313697815,7.490462779998779,0.6602075099945068
798,/mnt/c/Users/Chirayu/Documents/GitHub/2D-to-3D-image-reconstruction/facescape_224/fsmview_trainset_6_5_jaw_left_36.jpg,0.1301950067281723,0.1405094414949417,0.01031443476676941,7.483886826783419,0.6910010576248169
1491,/mnt/c/Users/Chirayu/Documents/GitHub/2D-to-3D-image-reconstruction/facescape_224/fsmview_trainset_18_17_cheek_blowing_48.jpg,0.23364031314849854,0.14056336879730225,-0.09307694435119629,6.789311189204454,0.6015368700027466
1027,/mnt/c/Users/Chirayu/Documents/GitHub/2D-to-3D-image-reconstruction/facescape_224/fsmview_trainset_4_10_dimpler_0.jpg,0.12579898536205292,0.14099349081516266,0.015194505453109741,7.962442308664322,0.6933342814445496
1992,/mnt/c/Users/Chirayu/Documents/GitHub/2D-to-3D-image-reconstruction/facescape_224/fsmview_trainset_9_19_brow_raiser_46.jpg,0.11781805008649826,0.14181683957576752,0.023998789489269257,8.93496573343873,0.7365780472755432
1650,/mnt/c/Users/Chirayu/Documents/GitHub/2D-to-3D-image-reconstruction/facescape_224/fsmview_trainset_20_19_brow_raiser_47.jpg,0.0851876512169838,0.14195121824741364,0.05676356703042984,6.978045603260398,0.6624059677124023
1448,/mnt/c/Users/Chirayu/Documents/GitHub/2D-to-3D-image-reconstruction/facescape_224/fsmview_trainset_9_12_lip_puckerer_33.jpg,0.1563216894865036,0.1421429067850113,-0.01417878270149231,7.882260866463184,0.671574592590332
1756,/mnt/c/Users/Chirayu/Documents/GitHub/2D-to-3D-image-reconstruction/facescape_224/fsmview_trainset_2_8_mouth_left_56.jpg,0.14970789849758148,0.1424683928489685,-0.007239505648612976,8.50757047533989,0.7238060832023621
861,/mnt/c/Users/Chirayu/Documents/GitHub/2D-to-3D-image-reconstruction/facescape_224/fsmview_trainset_8_6_jaw_right_48.jpg,0.14406856894493103,0.14275552332401276,-0.001313045620918274,7.469455763697624,0.6764936447143555
1046,/mnt/c/Users/Chirayu/Documents/GitHub/2D-to-3D-image-reconstruction/facescape_224/fsmview_trainset_20_17_cheek_blowing_27.jpg,0.13173429667949677,0.14280566573143005,0.011071369051933289,8.15892719477415,0.6653814911842346
1649,/mnt/c/Users/Chirayu/Documents/GitHub/2D-to-3D-image-reconstruction/facescape_224/fsmview_trainset_15_14_sadness_27.jpg,0.11838200688362122,0.14312878251075745,0.02474677562713623,7.16026091389358,0.6429490447044373
402,/mnt/c/Users/Chirayu/Documents/GitHub/2D-to-3D-image-reconstruction/facescape_224/fsmview_trainset_17_12_lip_puckerer_57.jpg,0.13419795036315918,0.14326420426368713,0.009066253900527954,8.690345078706741,0.7196619510650635
484,/mnt/c/Users/Chirayu/Documents/GitHub/2D-to-3D-image-reconstruction/facescape_224/fsmview_trainset_15_18_eye_closed_30.jpg,0.12710370123386383,0.14337243139743805,0.01626873016357422,7.886096008121967,0.6456681489944458
990,/mnt/c/Users/Chirayu/Documents/GitHub/2D-to-3D-image-reconstruction/facescape_224/fsmview_trainset_18_2_smile_38.jpg,0.14921964704990387,0.14349155128002167,-0.005728095769882202,8.550010845065117,0.8428334593772888
1886,/mnt/c/Users/Chirayu/Documents/GitHub/2D-to-3D-image-reconstruction/facescape_224/fsmview_trainset_12_9_mouth_right_17.jpg,0.12705957889556885,0.14362742006778717,0.016567841172218323,7.73944853246212,0.6650959253311157
1498,/mnt/c/Users/Chirayu/Documents/GitHub/2D-to-3D-image-reconstruction/facescape_224/fsmview_trainset_20_19_brow_raiser_46.jpg,0.1364353746175766,0.1441461145877838,0.007710739970207214,8.23075070232153,0.7109914422035217
1725,/mnt/c/Users/Chirayu/Documents/GitHub/2D-to-3D-image-reconstruction/facescape_224/fsmview_trainset_10_4_anger_50.jpg,0.0738484188914299,0.14425233006477356,0.07040391117334366,8.486112885177135,0.7923257350921631
344,/mnt/c/Users/Chirayu/Documents/GitHub/2D-to-3D-image-reconstruction/facescape_224/fsmview_trainset_14_11_chin_raiser_29.jpg,0.13219387829303741,0.1447206735610962,0.012526795268058777,7.828811228275299,0.6515637636184692
1609,/mnt/c/Users/Chirayu/Documents/GitHub/2D-to-3D-image-reconstruction/facescape_224/fsmview_trainset_2_1_neutral_4.jpg,0.14233596622943878,0.14496475458145142,0.0026287883520126343,8.695896103978157,0.7090494632720947
1775,/mnt/c/Users/Chirayu/Documents/GitHub/2D-to-3D-image-reconstruction/facescape_224/fsmview_trainset_9_16_grin_49.jpg,0.13503672182559967,0.1450851857662201,0.010048463940620422,6.083531893789768,0.5917370319366455
1433,/mnt/c/Users/Chirayu/Documents/GitHub/2D-to-3D-image-reconstruction/facescape_224/fsmview_trainset_10_17_cheek_blowing_37.jpg,0.13331769406795502,0.1452721208333969,0.011954426765441895,8.544528901576996,0.7035208344459534
531,/mnt/c/Users/Chirayu/Documents/GitHub/2D-to-3D-image-reconstruction/facescape_224/fsmview_trainset_17_20_brow_lower_46.jpg,0.14465393126010895,0.14586293697357178,0.0012090057134628296,8.37310556601733,0.7461581230163574
12,/mnt/c/Users/Chirayu/Documents/GitHub/2D-to-3D-image-reconstruction/facescape_224/fsmview_trainset_20_13_lip_funneler_46.jpg,0.12705649435520172,0.14617742598056793,0.01912093162536621,7.581393748521805,0.67920982837677
381,/mnt/c/Users/Chirayu/Documents/GitHub/2D-to-3D-image-reconstruction/facescape_224/fsmview_trainset_17_14_sadness_42.jpg,0.11369166523218155,0.14704036712646484,0.033348701894283295,7.478422585874796,0.6741535663604736
802,/mnt/c/Users/Chirayu/Documents/GitHub/2D-to-3D-image-reconstruction/facescape_224/fsmview_trainset_8_19_brow_raiser_15.jpg,0.14069126546382904,0.14800779521465302,0.007316529750823975,8.026713572442532,0.663310706615448
1327,/mnt/c/Users/Chirayu/Documents/GitHub/2D-to-3D-image-reconstruction/facescape_224/fsmview_trainset_13_6_jaw_right_20.jpg,0.1359444260597229,0.14809256792068481,0.012148141860961914,9.334808582440019,0.7868707776069641
1060,/mnt/c/Users/Chirayu/Documents/GitHub/2D-to-3D-image-reconstruction/facescape_224/fsmview_trainset_9_14_sadness_44.jpg,0.17207609117031097,0.14829161763191223,-0.023784473538398743,7.7375524044036865,0.7099748849868774
544,/mnt/c/Users/Chirayu/Documents/GitHub/2D-to-3D-image-reconstruction/facescape_224/fsmview_trainset_18_1_neutral_39.jpg,0.15473464131355286,0.1485571265220642,-0.0061775147914886475,8.390481293201447,0.8002843856811523
1481,/mnt/c/Users/Chirayu/Documents/GitHub/2D-to-3D-image-reconstruction/facescape_224/fsmview_trainset_12_10_dimpler_20.jpg,0.15435904264450073,0.14859317243099213,-0.005765870213508606,8.421754620969296,0.7111993432044983
813,/mnt/c/Users/Chirayu/Documents/GitHub/2D-to-3D-image-reconstruction/facescape_224/fsmview_trainset_13_6_jaw_right_19.jpg,0.1416700929403305,0.1487087607383728,0.007038667798042297,8.0560149140656,0.6599118113517761
912,/mnt/c/Users/Chirayu/Documents/GitHub/2D-to-3D-image-reconstruction/facescape_224/fsmview_trainset_20_15_lip_roll_14.jpg,0.14223991334438324,0.14964619278907776,0.007406279444694519,7.882560156285763,0.6791214346885681
778,/mnt/c/Users/Chirayu/Documents/GitHub/2D-to-3D-image-reconstruction/facescape_224/fsmview_trainset_12_20_brow_lower_13.jpg,0.0321747325360775,0.149944007396698,0.1177692748606205,9.476512118242681,0.8028031587600708
1554,/mnt/c/Users/Chirayu/Documents/GitHub/2D-to-3D-image-reconstruction/facescape_224/fsmview_trainset_14_1_neutral_52.jpg,0.14507152140140533,0.14997488260269165,0.004903361201286316,7.866369590163231,0.6848322749137878
1189,/mnt/c/Users/Chirayu/Documents/GitHub/2D-to-3D-image-reconstruction/facescape_224/fsmview_trainset_6_4_anger_48.jpg,0.1444961279630661,0.1501714140176773,0.005675286054611206,9.171318469569087,0.7663146257400513
1295,/mnt/c/Users/Chirayu/Documents/GitHub/2D-to-3D-image-reconstruction/facescape_224/fsmview_trainset_8_13_lip_funneler_32.jpg,0.12317806482315063,0.1503780335187912,0.027199968695640564,7.289358086884022,0.657880961894989
46,/mnt/c/Users/Chirayu/Documents/GitHub/2D-to-3D-image-reconstruction/facescape_224/fsmview_trainset_20_16_grin_29.jpg,0.14049552381038666,0.15056028962135315,0.010064765810966492,7.659724742174149,0.6427812576293945
1271,/mnt/c/Users/Chirayu/Documents/GitHub/2D-to-3D-image-reconstruction/facescape_224/fsmview_trainset_6_5_jaw_left_7.jpg,0.04297661781311035,0.15070311725139618,0.10772649943828583,9.601454388350248,0.89513099193573
1688,/mnt/c/Users/Chirayu/Documents/GitHub/2D-to-3D-image-reconstruction/facescape_224/fsmview_trainset_11_12_lip_puckerer_49.jpg,0.1619872897863388,0.15078432857990265,-0.011202961206436157,8.394410319626331,0.7411854863166809
261,/mnt/c/Users/Chirayu/Documents/GitHub/2D-to-3D-image-reconstruction/facescape_224/fsmview_trainset_7_19_brow_raiser_42.jpg,0.1647561490535736,0.15079091489315033,-0.013965234160423279,6.225026801228523,0.5882725715637207
949,/mnt/c/Users/Chirayu/Documents/GitHub/2D-to-3D-image-reconstruction/facescape_224/fsmview_trainset_12_4_anger_23.jpg,0.1367725282907486,0.15129615366458893,0.014523625373840332,8.202499084174633,0.7321053743362427
424,/mnt/c/Users/Chirayu/Documents/GitHub/2D-to-3D-image-reconstruction/facescape_224/fsmview_trainset_19_2_smile_37.jpg,0.12447766959667206,0.15146847069263458,0.026990801095962524,8.886876636184752,0.7586588263511658
614,/mnt/c/Users/Chirayu/Documents/GitHub/2D-to-3D-image-reconstruction/facescape_224/fsmview_trainset_17_12_lip_puckerer_12.jpg,0.1520058959722519,0.15161016583442688,-0.0003957301378250122,7.8930258229374886,0.7558428645133972
1624,/mnt/c/Users/Chirayu/Documents/GitHub/2D-to-3D-image-reconstruction/facescape_224/fsmview_trainset_8_7_jaw_forward_40.jpg,0.16612303256988525,0.1521908938884735,-0.013932138681411743,6.909487456083298,0.6467083692550659
1133,/mnt/c/Users/Chirayu/Documents/GitHub/2D-to-3D-image-reconstruction/facescape_224/fsmview_trainset_14_17_cheek_blowing_16.jpg,0.09138563275337219,0.15236856043338776,0.060982927680015564,7.560196507722139,0.6876339316368103
119,/mnt/c/Users/Chirayu/Documents/GitHub/2D-to-3D-image-reconstruction/facescape_224/fsmview_trainset_8_6_jaw_right_38.jpg,0.16492120921611786,0.1530539095401764,-0.011867299675941467,8.075664915144444,0.8455864787101746
163,/mnt/c/Users/Chirayu/Documents/GitHub/2D-to-3D-image-reconstruction/facescape_224/fsmview_trainset_6_14_sadness_44.jpg,0.1696014404296875,0.1531761735677719,-0.01642526686191559,7.358722768723965,0.6969457864761353
1784,/mnt/c/Users/Chirayu/Documents/GitHub/2D-to-3D-image-reconstruction/facescape_224/fsmview_trainset_13_14_sadness_45.jpg,0.1414073258638382,0.15358242392539978,0.012175098061561584,7.784322429448366,0.6508539319038391
488,/mnt/c/Users/Chirayu/Documents/GitHub/2D-to-3D-image-reconstruction/facescape_224/fsmview_trainset_8_14_sadness_15.jpg,0.16317681968212128,0.15401127934455872,-0.009165540337562561,7.960409119725227,0.6563026905059814
1247,/mnt/c/Users/Chirayu/Documents/GitHub/2D-to-3D-image-reconstruction/facescape_224/fsmview_trainset_14_19_brow_raiser_48.jpg,0.09784774482250214,0.15433987975120544,0.05649213492870331,8.156422920525074,0.7407439351081848
1964,/mnt/c/Users/Chirayu/Documents/GitHub/2D-to-3D-image-reconstruction/facescape_224/fsmview_trainset_4_18_eye_closed_40.jpg,0.14047153294086456,0.15452276170253754,0.014051228761672974,6.460840076208115,0.6135720610618591
243,/mnt/c/Users/Chirayu/Documents/GitHub/2D-to-3D-image-reconstruction/facescape_224/fsmview_trainset_3_1_neutral_40.jpg,0.1492602378129959,0.15471747517585754,0.005457237362861633,7.494345121085644,0.6704863905906677
670,/mnt/c/Users/Chirayu/Documents/GitHub/2D-to-3D-image-reconstruction/facescape_224/fsmview_trainset_10_14_sadness_40.jpg,0.1353738158941269,0.15477073192596436,0.019396916031837463,6.967600166797638,0.6226913332939148
1959,/mnt/c/Users/Chirayu/Documents/GitHub/2D-to-3D-image-reconstruction/facescape_224/fsmview_trainset_8_19_brow_raiser_52.jpg,0.15329517424106598,0.15479862689971924,0.0015034526586532593,6.628327369689941,0.6491273641586304
1556,/mnt/c/Users/Chirayu/Documents/GitHub/2D-to-3D-image-reconstruction/facescape_224/fsmview_trainset_12_18_eye_closed_0.jpg,0.164109006524086,0.15499219298362732,-0.00911681354045868,8.395333409309387,0.698991060256958
141,/mnt/c/Users/Chirayu/Documents/GitHub/2D-to-3D-image-reconstruction/facescape_224/fsmview_trainset_18_4_anger_40.jpg,0.14388398826122284,0.1555904895067215,0.011706501245498657,7.0833550542593,0.6533128619194031
1069,/mnt/c/Users/Chirayu/Documents/GitHub/2D-to-3D-image-reconstruction/facescape_224/fsmview_trainset_20_1_neutral_15.jpg,0.13328565657138824,0.15564057230949402,0.022354915738105774,7.314337998628616,0.6442447900772095
1678,/mnt/c/Users/Chirayu/Documents/GitHub/2D-to-3D-image-reconstruction/facescape_224/fsmview_trainset_20_3_mouth_stretch_10.jpg,0.1515830010175705,0.15566185116767883,0.004078850150108337,7.773536551743746,0.7026329040527344
568,/mnt/c/Users/Chirayu/Documents/GitHub/2D-to-3D-image-reconstruction/facescape_224/fsmview_trainset_3_2_smile_52.jpg,0.15277715027332306,0.15678977966308594,0.004012629389762878,8.004588760435581,0.7231860756874084
228,/mnt/c/Users/Chirayu/Documents/GitHub/2D-to-3D-image-reconstruction/facescape_224/fsmview_trainset_6_4_anger_45.jpg,0.16879408061504364,0.15699464082717896,-0.011799439787864685,7.895737685263157,0.7492759823799133
1146,/mnt/c/Users/Chirayu/Documents/GitHub/2D-to-3D-image-reconstruction/facescape_224/fsmview_trainset_4_10_dimpler_18.jpg,0.15501976013183594,0.15730972588062286,0.0022899657487869263,7.508259765803814,0.7081382870674133
1830,/mnt/c/Users/Chirayu/Documents/GitHub/2D-to-3D-image-reconstruction/facescape_224/fsmview_trainset_2_3_mouth_stretch_4.jpg,0.1417967975139618,0.1577746570110321,0.015977859497070312,8.694987289607525,0.7342475652694702
708,/mnt/c/Users/Chirayu/Documents/GitHub/2D-to-3D-image-reconstruction/facescape_224/fsmview_trainset_11_20_brow_lower_12.jpg,0.06358268857002258,0.15784229338169098,0.0942596048116684,7.357300132513046,0.6656044721603394
960,/mnt/c/Users/Chirayu/Documents/GitHub/2D-to-3D-image-reconstruction/facescape_224/fsmview_trainset_4_2_smile_40.jpg,0.16606378555297852,0.15798886120319366,-0.008074924349784851,6.964169584214687,0.6732600927352905
278,/mnt/c/Users/Chirayu/Documents/GitHub/2D-to-3D-image-reconstruction/facescape_224/fsmview_trainset_14_15_lip_roll_9.jpg,0.17123889923095703,0.1581854224205017,-0.013053476810455322,7.108083993196487,0.7249112129211426
321,/mnt/c/Users/Chirayu/Documents/GitHub/2D-to-3D-image-reconstruction/facescape_224/fsmview_trainset_13_5_jaw_left_15.jpg,0.15898701548576355,0.1582905501127243,-0.0006964653730392456,7.007944006472826,0.6032790541648865
1125,/mnt/c/Users/Chirayu/Documents/GitHub/2D-to-3D-image-reconstruction/facescape_224/fsmview_trainset_2_1_neutral_7.jpg,0.15471115708351135,0.15913285315036774,0.004421696066856384,8.636004913598299,0.698935866355896
355,/mnt/c/Users/Chirayu/Documents/GitHub/2D-to-3D-image-reconstruction/facescape_224/fsmview_trainset_7_4_anger_40.jpg,0.1508609503507614,0.15994857251644135,0.009087622165679932,6.59676705673337,0.6010535955429077
641,/mnt/c/Users/Chirayu/Documents/GitHub/2D-to-3D-image-reconstruction/facescape_224/fsmview_trainset_15_13_lip_funneler_10.jpg,0.14445781707763672,0.16000348329544067,0.015545666217803955,8.198050320148468,0.7368353605270386
1581,/mnt/c/Users/Chirayu/Documents/GitHub/2D-to-3D-image-reconstruction/facescape_224/fsmview_trainset_8_3_mouth_stretch_40.jpg,0.16179192066192627,0.16007108986377716,-0.0017208307981491089,6.607074052095413,0.6074341535568237
1622,/mnt/c/Users/Chirayu/Documents/GitHub/2D-to-3D-image-reconstruction/facescape_224/fsmview_trainset_12_6_jaw_right_23.jpg,0.15842881798744202,0.16013838350772858,0.00170956552028656,9.417406564578414,0.765524685382843
1976,/mnt/c/Users/Chirayu/Documents/GitHub/2D-to-3D-image-reconstruction/facescape_224/fsmview_trainset_19_15_lip_roll_44.jpg,0.16163448989391327,0.1602633148431778,-0.0013711750507354736,8.670271955430508,0.7293840646743774
1999,/mnt/c/Users/Chirayu/Documents/GitHub/2D-to-3D-image-reconstruction/facescape_224/fsmview_trainset_17_8_mouth_left_42.jpg,0.13257203996181488,0.16030852496623993,0.02773648500442505,7.718723434954882,0.6811842322349548
753,/mnt/c/Users/Chirayu/Documents/GitHub/2D-to-3D-image-reconstruction/facescape_224/fsmview_trainset_14_2_smile_9.jpg,0.17115387320518494,0.16054973006248474,-0.010604143142700195,7.688274942338467,0.7401686906814575
576,/mnt/c/Users/Chirayu/Documents/GitHub/2D-to-3D-image-reconstruction/facescape_224/fsmview_trainset_12_4_anger_22.jpg,0.16938462853431702,0.16058672964572906,-0.008797898888587952,8.813120439648628,0.690353274345398
1583,/mnt/c/Users/Chirayu/Documents/GitHub/2D-to-3D-image-reconstruction/facescape_224/fsmview_trainset_19_20_brow_lower_44.jpg,0.16445332765579224,0.16111768782138824,-0.0033356398344039917,8.794088006019592,0.7424687743186951
1925,/mnt/c/Users/Chirayu/Documents/GitHub/2D-to-3D-image-reconstruction/facescape_224/fsmview_trainset_4_4_anger_49.jpg,0.18898779153823853,0.1612565964460373,-0.027731195092201233,6.828306972980499,0.6653908491134644
25,/mnt/c/Users/Chirayu/Documents/GitHub/2D-to-3D-image-reconstruction/facescape_224/fsmview_trainset_19_2_smile_32.jpg,0.15339091420173645,0.16196703910827637,0.008576124906539917,7.461645092815161,0.7101147174835205
1767,/mnt/c/Users/Chirayu/Documents/GitHub/2D-to-3D-image-reconstruction/facescape_224/fsmview_trainset_9_5_jaw_left_40.jpg,0.14840956032276154,0.16203266382217407,0.013623103499412537,7.495843730866909,0.6514888405799866
172,/mnt/c/Users/Chirayu/Documents/GitHub/2D-to-3D-image-reconstruction/facescape_224/fsmview_trainset_5_5_jaw_left_40.jpg,0.1594235748052597,0.1620669662952423,0.002643391489982605,7.648772422224283,0.6791467070579529
1962,/mnt/c/Users/Chirayu/Documents/GitHub/2D-to-3D-image-reconstruction/facescape_224/fsmview_trainset_14_9_mouth_right_12.jpg,0.06512374430894852,0.16281041502952576,0.09768667072057724,7.722670644521713,0.6882492899894714
1419,/mnt/c/Users/Chirayu/Documents/GitHub/2D-to-3D-image-reconstruction/facescape_224/fsmview_trainset_4_3_mouth_stretch_40.jpg,0.17169465124607086,0.1634778529405594,-0.008216798305511475,6.647074967622757,0.6530261039733887
1783,/mnt/c/Users/Chirayu/Documents/GitHub/2D-to-3D-image-reconstruction/facescape_224/fsmview_trainset_9_7_jaw_forward_33.jpg,0.18703311681747437,0.1644698530435562,-0.022563263773918152,7.020585156977177,0.6497033834457397
1943,/mnt/c/Users/Chirayu/Documents/GitHub/2D-to-3D-image-reconstruction/facescape_224/fsmview_trainset_10_2_smile_38.jpg,0.17278596758842468,0.16496413946151733,-0.007821828126907349,8.356660693883896,0.7905977368354797
211,/mnt/c/Users/Chirayu/Documents/GitHub/2D-to-3D-image-reconstruction/facescape_224/fsmview_trainset_7_18_eye_closed_40.jpg,0.15222571790218353,0.16524089872837067,0.013015180826187134,6.992587938904762,0.6341495513916016
372,/mnt/c/Users/Chirayu/Documents/GitHub/2D-to-3D-image-reconstruction/facescape_224/fsmview_trainset_6_20_brow_lower_16.jpg,0.1516682207584381,0.165279358625412,0.013611137866973877,7.988529302179813,0.7216610908508301
1795,/mnt/c/Users/Chirayu/Documents/GitHub/2D-to-3D-image-reconstruction/facescape_224/fsmview_trainset_6_1_neutral_39.jpg,0.16245684027671814,0.16570723056793213,0.0032503902912139893,7.027417428791523,0.6553912162780762
1935,/mnt/c/Users/Chirayu/Documents/GitHub/2D-to-3D-image-reconstruction/facescape_224/fsmview_trainset_9_14_sadness_53.jpg,0.1640981137752533,0.16637656092643738,0.002278447151184082,7.4399381801486015,0.6827736496925354
621,/mnt/c/Users/Chirayu/Documents/GitHub/2D-to-3D-image-reconstruction/facescape_224/fsmview_trainset_13_18_eye_closed_56.jpg,0.15519122779369354,0.16666223108768463,0.011471003293991089,7.919211644679308,0.6578819155693054
1630,/mnt/c/Users/Chirayu/Documents/GitHub/2D-to-3D-image-reconstruction/facescape_224/fsmview_trainset_4_17_cheek_blowing_26.jpg,0.15853120386600494,0.16741208732128143,0.00888088345527649,6.796424046158791,0.6116349101066589
719,/mnt/c/Users/Chirayu/Documents/GitHub/2D-to-3D-image-reconstruction/facescape_224/fsmview_trainset_20_18_eye_closed_12.jpg,0.06467638164758682,0.16757123172283173,0.1028948500752449,7.228303037583828,0.6700907349586487
1681,/mnt/c/Users/Chirayu/Documents/GitHub/2D-to-3D-image-reconstruction/facescape_224/fsmview_trainset_8_19_brow_raiser_40.jpg,0.1740829199552536,0.16760998964309692,-0.006472930312156677,6.518041551113129,0.6520658135414124
1065,/mnt/c/Users/Chirayu/Documents/GitHub/2D-to-3D-image-reconstruction/facescape_224/fsmview_trainset_11_11_chin_raiser_29.jpg,0.052159328013658524,0.1676107794046402,0.11545145139098167,7.280115809291601,0.6911203265190125
790,/mnt/c/Users/Chirayu/Documents/GitHub/2D-to-3D-image-reconstruction/facescape_224/fsmview_trainset_2_10_dimpler_48.jpg,0.16348297894001007,0.167711541056633,0.004228562116622925,9.217720716260374,0.7825608253479004
1908,/mnt/c/Users/Chirayu/Documents/GitHub/2D-to-3D-image-reconstruction/facescape_224/fsmview_trainset_4_13_lip_funneler_38.jpg,0.17663715779781342,0.16798749566078186,-0.008649662137031555,7.632351577281952,0.7455998659133911
505,/mnt/c/Users/Chirayu/Documents/GitHub/2D-to-3D-image-reconstruction/facescape_224/fsmview_trainset_15_18_eye_closed_11.jpg,0.1164349913597107,0.1693149358034134,0.0528799444437027,8.789959892630577,0.73915696144104
1867,/mnt/c/Users/Chirayu/Documents/GitHub/2D-to-3D-image-reconstruction/facescape_224/fsmview_trainset_18_2_smile_0.jpg,0.15130169689655304,0.16966870427131653,0.01836700737476349,8.0614351965487,0.665215790271759
760,/mnt/c/Users/Chirayu/Documents/GitHub/2D-to-3D-image-reconstruction/facescape_224/fsmview_trainset_9_16_grin_44.jpg,0.17712877690792084,0.1713353842496872,-0.005793392658233643,8.178136132657528,0.7568082213401794
1459,/mnt/c/Users/Chirayu/Documents/GitHub/2D-to-3D-image-reconstruction/facescape_224/fsmview_trainset_19_17_cheek_blowing_53.jpg,0.15996630489826202,0.17163850367069244,0.01167219877243042,7.758093744516373,0.6618558168411255
280,/mnt/c/Users/Chirayu/Documents/GitHub/2D-to-3D-image-reconstruction/facescape_224/fsmview_trainset_9_7_jaw_forward_42.jpg,0.13780498504638672,0.171898752450943,0.034093767404556274,6.433944821357727,0.5953734517097473
89,/mnt/c/Users/Chirayu/Documents/GitHub/2D-to-3D-image-reconstruction/facescape_224/fsmview_trainset_10_3_mouth_stretch_53.jpg,0.15908768773078918,0.17229719460010529,0.013209506869316101,7.07194347679615,0.6786670684814453
781,/mnt/c/Users/Chirayu/Documents/GitHub/2D-to-3D-image-reconstruction/facescape_224/fsmview_trainset_4_18_eye_closed_0.jpg,0.1620880514383316,0.17262738943099976,0.010539337992668152,8.085052512586117,0.6903610825538635
1209,/mnt/c/Users/Chirayu/Documents/GitHub/2D-to-3D-image-reconstruction/facescape_224/fsmview_trainset_5_5_jaw_left_42.jpg,0.11710626631975174,0.17301301658153534,0.0559067502617836,7.448862299323082,0.6896904706954956
1239,/mnt/c/Users/Chirayu/Documents/GitHub/2D-to-3D-image-reconstruction/facescape_224/fsmview_trainset_7_16_grin_40.jpg,0.1650250405073166,0.1737750917673111,0.008750051259994507,6.8969044499099255,0.6531962752342224
501,/mnt/c/Users/Chirayu/Documents/GitHub/2D-to-3D-image-reconstruction/facescape_224/fsmview_trainset_15_5_jaw_left_11.jpg,0.13341322541236877,0.1739368438720703,0.04052361845970154,8.312278311699629,0.7301990985870361
1002,/mnt/c/Users/Chirayu/Documents/GitHub/2D-to-3D-image-reconstruction/facescape_224/fsmview_trainset_1_8_mouth_left_12.jpg,0.1843585968017578,0.1746516227722168,-0.009706974029541016,7.30131670832634,0.6517739295959473
657,/mnt/c/Users/Chirayu/Documents/GitHub/2D-to-3D-image-reconstruction/facescape_224/fsmview_trainset_11_15_lip_roll_11.jpg,0.08171267062425613,0.17513006925582886,0.09341739863157272,7.268564388155937,0.6555383801460266
29,/mnt/c/Users/Chirayu/Documents/GitHub/2D-to-3D-image-reconstruction/facescape_224/fsmview_trainset_14_19_brow_raiser_46.jpg,0.16879262030124664,0.17524448037147522,0.006451860070228577,8.416475258767605,0.660763680934906
1574,/mnt/c/Users/Chirayu/Documents/GitHub/2D-to-3D-image-reconstruction/facescape_224/fsmview_trainset_3_3_mouth_stretch_12.jpg,0.12676841020584106,0.17541207373142242,0.04864366352558136,7.099078420549631,0.6821838617324829
487,/mnt/c/Users/Chirayu/Documents/GitHub/2D-to-3D-image-reconstruction/facescape_224/fsmview_trainset_20_18_eye_closed_29.jpg,0.16697989404201508,0.17556510865688324,0.008585214614868164,7.69957459717989,0.641884982585907
658,/mnt/c/Users/Chirayu/Documents/GitHub/2D-to-3D-image-reconstruction/facescape_224/fsmview_trainset_20_9_mouth_right_52.jpg,0.16378775238990784,0.17576736211776733,0.011979609727859497,7.797129422426224,0.6881734132766724
632,/mnt/c/Users/Chirayu/Documents/GitHub/2D-to-3D-image-reconstruction/facescape_224/fsmview_trainset_2_11_chin_raiser_54.jpg,0.17337605357170105,0.17577943205833435,0.0024033784866333008,8.423104859888554,0.7005018591880798
1738,/mnt/c/Users/Chirayu/Documents/GitHub/2D-to-3D-image-reconstruction/facescape_224/fsmview_trainset_1_7_jaw_forward_27.jpg,0.18605279922485352,0.17590442299842834,-0.010148376226425171,7.668732777237892,0.7534205913543701
1952,/mnt/c/Users/Chirayu/Documents/GitHub/2D-to-3D-image-reconstruction/facescape_224/fsmview_trainset_20_16_grin_37.jpg,0.1465291529893875,0.1759149581193924,0.029385805130004883,9.346642701886594,0.8266183733940125
265,/mnt/c/Users/Chirayu/Documents/GitHub/2D-to-3D-image-reconstruction/facescape_224/fsmview_trainset_20_15_lip_roll_12.jpg,0.06356111913919449,0.17650267481803894,0.11294155567884445,7.00659354031086,0.6525018215179443
186,/mnt/c/Users/Chirayu/Documents/GitHub/2D-to-3D-image-reconstruction/facescape_224/fsmview_trainset_15_19_brow_raiser_12.jpg,0.08261275291442871,0.17651738226413727,0.09390462934970856,7.5926793068647385,0.6913074254989624
1514,/mnt/c/Users/Chirayu/Documents/GitHub/2D-to-3D-image-reconstruction/facescape_224/fsmview_trainset_4_13_lip_funneler_49.jpg,0.18558113276958466,0.17651771008968353,-0.009063422679901123,6.782772444188595,0.6150305271148682
1275,/mnt/c/Users/Chirayu/Documents/GitHub/2D-to-3D-image-reconstruction/facescape_224/fsmview_trainset_12_18_eye_closed_28.jpg,0.18127749860286713,0.1766180694103241,-0.00465942919254303,7.183935150504112,0.6198383569717407
1067,/mnt/c/Users/Chirayu/Documents/GitHub/2D-to-3D-image-reconstruction/facescape_224/fsmview_trainset_4_6_jaw_right_26.jpg,0.15192100405693054,0.17813314497470856,0.026212140917778015,6.709710858762264,0.6580381989479065
619,/mnt/c/Users/Chirayu/Documents/GitHub/2D-to-3D-image-reconstruction/facescape_224/fsmview_trainset_5_1_neutral_10.jpg,0.24400444328784943,0.17852894961833954,-0.06547549366950989,6.656028240919113,0.7065446972846985
377,/mnt/c/Users/Chirayu/Documents/GitHub/2D-to-3D-image-reconstruction/facescape_224/fsmview_trainset_9_15_lip_roll_40.jpg,0.17429079115390778,0.1790788620710373,0.004788070917129517,7.510497134178877,0.6455706357955933
1691,/mnt/c/Users/Chirayu/Documents/GitHub/2D-to-3D-image-reconstruction/facescape_224/fsmview_trainset_15_17_cheek_blowing_11.jpg,0.1320006549358368,0.1791168451309204,0.04711619019508362,7.799285922199488,0.6591533422470093
349,/mnt/c/Users/Chirayu/Documents/GitHub/2D-to-3D-image-reconstruction/facescape_224/fsmview_trainset_8_9_mouth_right_49.jpg,0.17064231634140015,0.17967815697193146,0.009035840630531311,7.16623529791832,0.6314592957496643
1557,/mnt/c/Users/Chirayu/Documents/GitHub/2D-to-3D-image-reconstruction/facescape_224/fsmview_trainset_6_18_eye_closed_47.jpg,0.15221814811229706,0.17972329258918762,0.027505144476890564,9.272316448390484,0.7979861497879028
137,/mnt/c/Users/Chirayu/Documents/GitHub/2D-to-3D-image-reconstruction/facescape_224/fsmview_trainset_9_1_neutral_36.jpg,0.16376745700836182,0.1801006942987442,0.016333237290382385,7.51364441588521,0.6587479114532471
976,/mnt/c/Users/Chirayu/Documents/GitHub/2D-to-3D-image-reconstruction/facescape_224/fsmview_trainset_20_11_chin_raiser_44.jpg,0.16880477964878082,0.18067243695259094,0.01186765730381012,9.000786203891039,0.7191836833953857
1456,/mnt/c/Users/Chirayu/Documents/GitHub/2D-to-3D-image-reconstruction/facescape_224/fsmview_trainset_10_5_jaw_left_26.jpg,0.12032300978899002,0.1810140609741211,0.06069105118513107,6.809330224990845,0.650429368019104
375,/mnt/c/Users/Chirayu/Documents/GitHub/2D-to-3D-image-reconstruction/facescape_224/fsmview_trainset_1_9_mouth_right_15.jpg,0.18288736045360565,0.1812090277671814,-0.0016783326864242554,7.574807330965996,0.641896665096283
849,/mnt/c/Users/Chirayu/Documents/GitHub/2D-to-3D-image-reconstruction/facescape_224/fsmview_trainset_15_14_sadness_34.jpg,0.16471391916275024,0.1816352754831314,0.016921356320381165,7.809142824262381,0.6434137225151062
1063,/mnt/c/Users/Chirayu/Documents/GitHub/2D-to-3D-image-reconstruction/facescape_224/fsmview_trainset_12_10_dimpler_15.jpg,0.03282175213098526,0.18180517852306366,0.1489834263920784,10.564288350287825,0.9156917929649353
55,/mnt/c/Users/Chirayu/Documents/GitHub/2D-to-3D-image-reconstruction/facescape_224/fsmview_trainset_20_3_mouth_stretch_47.jpg,0.1339649111032486,0.18219120800495148,0.04822629690170288,6.678463019430637,0.6571590900421143
268,/mnt/c/Users/Chirayu/Documents/GitHub/2D-to-3D-image-reconstruction/facescape_224/fsmview_trainset_10_9_mouth_right_26.jpg,0.13653865456581116,0.18221314251422882,0.045674487948417664,6.643782831728458,0.6419938206672668
1888,/mnt/c/Users/Chirayu/Documents/GitHub/2D-to-3D-image-reconstruction/facescape_224/fsmview_trainset_3_18_eye_closed_44.jpg,0.18646827340126038,0.18255659937858582,-0.0039116740226745605,7.342960376292467,0.6253779530525208
1325,/mnt/c/Users/Chirayu/Documents/GitHub/2D-to-3D-image-reconstruction/facescape_224/fsmview_trainset_13_11_chin_raiser_9.jpg,0.1835070550441742,0.1833171546459198,-0.00018990039825439453,6.925564803183079,0.62347412109375
809,/mnt/c/Users/Chirayu/Documents/GitHub/2D-to-3D-image-reconstruction/facescape_224/fsmview_trainset_19_6_jaw_right_37.jpg,0.13716207444667816,0.18344366550445557,0.046281591057777405,9.316939106211066,0.7762759923934937
907,/mnt/c/Users/Chirayu/Documents/GitHub/2D-to-3D-image-reconstruction/facescape_224/fsmview_trainset_9_18_eye_closed_42.jpg,0.13873711228370667,0.18348360061645508,0.04474648833274841,6.562305189669132,0.6588885188102722
422,/mnt/c/Users/Chirayu/Documents/GitHub/2D-to-3D-image-reconstruction/facescape_224/fsmview_trainset_1_12_lip_puckerer_55.jpg,0.09537339210510254,0.18418194353580475,0.08880855143070221,9.157350853085518,0.8557231426239014
74,/mnt/c/Users/Chirayu/Documents/GitHub/2D-to-3D-image-reconstruction/facescape_224/fsmview_trainset_6_16_grin_42.jpg,0.20519204437732697,0.18494462966918945,-0.020247414708137512,6.07068744674325,0.6170800924301147
1130,/mnt/c/Users/Chirayu/Documents/GitHub/2D-to-3D-image-reconstruction/facescape_224/fsmview_trainset_8_15_lip_roll_33.jpg,0.16938646137714386,0.18515795469284058,0.015771493315696716,7.186846632510424,0.6076947450637817
1053,/mnt/c/Users/Chirayu/Documents/GitHub/2D-to-3D-image-reconstruction/facescape_224/fsmview_trainset_19_10_dimpler_44.jpg,0.18355461955070496,0.18521130084991455,0.0016566812992095947,8.633735835552216,0.7344226241111755
1777,/mnt/c/Users/Chirayu/Documents/GitHub/2D-to-3D-image-reconstruction/facescape_224/fsmview_trainset_1_17_cheek_blowing_51.jpg,0.1756746917963028,0.1854187399148941,0.009744048118591309,6.610320143401623,0.67998206615448
416,/mnt/c/Users/Chirayu/Documents/GitHub/2D-to-3D-image-reconstruction/facescape_224/fsmview_trainset_14_13_lip_funneler_46.jpg,0.1801719218492508,0.1854303777217865,0.005258455872535706,8.044003404676914,0.6292456984519958
1627,/mnt/c/Users/Chirayu/Documents/GitHub/2D-to-3D-image-reconstruction/facescape_224/fsmview_trainset_18_20_brow_lower_14.jpg,0.1942804455757141,0.1857220083475113,-0.00855843722820282,6.47382590174675,0.608018696308136
1079,/mnt/c/Users/Chirayu/Documents/GitHub/2D-to-3D-image-reconstruction/facescape_224/fsmview_trainset_2_17_cheek_blowing_55.jpg,0.17866645753383636,0.1860370934009552,0.0073706358671188354,8.533792361617088,0.6992688775062561
1670,/mnt/c/Users/Chirayu/Documents/GitHub/2D-to-3D-image-reconstruction/facescape_224/fsmview_trainset_6_17_cheek_blowing_46.jpg,0.18510425090789795,0.1868872493505478,0.0017829984426498413,8.42468748986721,0.7189063429832458
883,/mnt/c/Users/Chirayu/Documents/GitHub/2D-to-3D-image-reconstruction/facescape_224/fsmview_trainset_9_15_lip_roll_55.jpg,0.1802651733160019,0.1871589571237564,0.006893783807754517,7.166263937950134,0.6304908990859985
1499,/mnt/c/Users/Chirayu/Documents/GitHub/2D-to-3D-image-reconstruction/facescape_224/fsmview_trainset_17_6_jaw_right_46.jpg,0.201136976480484,0.1876334547996521,-0.01350352168083191,8.260153114795685,0.6702316403388977
84,/mnt/c/Users/Chirayu/Documents/GitHub/2D-to-3D-image-reconstruction/facescape_224/fsmview_trainset_17_14_sadness_49.jpg,0.20972423255443573,0.18820154666900635,-0.021522685885429382,7.968862798064947,0.6565604209899902
1190,/mnt/c/Users/Chirayu/Documents/GitHub/2D-to-3D-image-reconstruction/facescape_224/fsmview_trainset_2_11_chin_raiser_55.jpg,0.19038450717926025,0.1882544457912445,-0.002130061388015747,8.231284517794847,0.6976518034934998
1839,/mnt/c/Users/Chirayu/Documents/GitHub/2D-to-3D-image-reconstruction/facescape_224/fsmview_trainset_2_13_lip_funneler_6.jpg,0.17805220186710358,0.1884169727563858,0.010364770889282227,8.409315057098866,0.7029996514320374
1749,/mnt/c/Users/Chirayu/Documents/GitHub/2D-to-3D-image-reconstruction/facescape_224/fsmview_trainset_11_11_chin_raiser_32.jpg,0.03740138188004494,0.1886710673570633,0.15126968547701836,10.332284637726843,0.8810750842094421
1236,/mnt/c/Users/Chirayu/Documents/GitHub/2D-to-3D-image-reconstruction/facescape_224/fsmview_trainset_13_5_jaw_left_11.jpg,0.18090848624706268,0.18970216810703278,0.008793681859970093,9.408916163258255,0.8479653596878052
1047,/mnt/c/Users/Chirayu/Documents/GitHub/2D-to-3D-image-reconstruction/facescape_224/fsmview_trainset_1_7_jaw_forward_49.jpg,0.164740651845932,0.1906883716583252,0.02594771981239319,6.490193270146847,0.6404978632926941
1435,/mnt/c/Users/Chirayu/Documents/GitHub/2D-to-3D-image-reconstruction/facescape_224/fsmview_trainset_5_17_cheek_blowing_36.jpg,0.17982132732868195,0.1911258101463318,0.011304482817649841,7.24683541059494,0.641795814037323
1152,/mnt/c/Users/Chirayu/Documents/GitHub/2D-to-3D-image-reconstruction/facescape_224/fsmview_trainset_10_18_eye_closed_18.jpg,0.21984721720218658,0.19136536121368408,-0.028481855988502502,7.565840870141983,0.7171432971954346
16,/mnt/c/Users/Chirayu/Documents/GitHub/2D-to-3D-image-reconstruction/facescape_224/fsmview_trainset_7_12_lip_puckerer_40.jpg,0.18342594802379608,0.19137515127658844,0.007949203252792358,7.058675397187471,0.6386220455169678
789,/mnt/c/Users/Chirayu/Documents/GitHub/2D-to-3D-image-reconstruction/facescape_224/fsmview_trainset_2_20_brow_lower_4.jpg,0.18828891217708588,0.19150330126285553,0.0032143890857696533,8.920744560658932,0.7235380411148071
823,/mnt/c/Users/Chirayu/Documents/GitHub/2D-to-3D-image-reconstruction/facescape_224/fsmview_trainset_2_8_mouth_left_1.jpg,0.19663864374160767,0.19174671173095703,-0.004891932010650635,7.998700365424156,0.690629243850708
192,/mnt/c/Users/Chirayu/Documents/GitHub/2D-to-3D-image-reconstruction/facescape_224/fsmview_trainset_4_12_lip_puckerer_52.jpg,0.21289576590061188,0.19224430620670319,-0.02065145969390869,6.546406455338001,0.6500381827354431
879,/mnt/c/Users/Chirayu/Documents/GitHub/2D-to-3D-image-reconstruction/facescape_224/fsmview_trainset_1_11_chin_raiser_47.jpg,0.19853128492832184,0.19255413115024567,-0.005977153778076172,6.937771704047918,0.6699174642562866
1077,/mnt/c/Users/Chirayu/Documents/GitHub/2D-to-3D-image-reconstruction/facescape_224/fsmview_trainset_12_14_sadness_20.jpg,0.21615071594715118,0.1929130256175995,-0.023237690329551697,6.646104600280523,0.6951529383659363
1693,/mnt/c/Users/Chirayu/Documents/GitHub/2D-to-3D-image-reconstruction/facescape_224/fsmview_trainset_13_19_brow_raiser_44.jpg,0.1795058250427246,0.19292452931404114,0.013418704271316528,7.765828296542168,0.6427150964736938
342,/mnt/c/Users/Chirayu/Documents/GitHub/2D-to-3D-image-reconstruction/facescape_224/fsmview_trainset_3_7_jaw_forward_50.jpg,0.20311027765274048,0.19315725564956665,-0.009953022003173828,7.251951437443495,0.664236843585968
1984,/mnt/c/Users/Chirayu/Documents/GitHub/2D-to-3D-image-reconstruction/facescape_224/fsmview_trainset_6_12_lip_puckerer_47.jpg,0.17483724653720856,0.193277969956398,0.018440723419189453,8.953595722094178,0.7746019959449768
380,/mnt/c/Users/Chirayu/Documents/GitHub/2D-to-3D-image-reconstruction/facescape_224/fsmview_trainset_7_17_cheek_blowing_39.jpg,0.2200942188501358,0.19329774379730225,-0.026796475052833557,7.127130411565304,0.6226344704627991
219,/mnt/c/Users/Chirayu/Documents/GitHub/2D-to-3D-image-reconstruction/facescape_224/fsmview_trainset_9_19_brow_raiser_32.jpg,0.23304523527622223,0.19337524473667145,-0.03966999053955078,7.1543322168290615,0.6326571106910706
1424,/mnt/c/Users/Chirayu/Documents/GitHub/2D-to-3D-image-reconstruction/facescape_224/fsmview_trainset_15_15_lip_roll_39.jpg,0.19123585522174835,0.194325789809227,0.0030899345874786377,8.720723859965801,0.7298227548599243
1470,/mnt/c/Users/Chirayu/Documents/GitHub/2D-to-3D-image-reconstruction/facescape_224/fsmview_trainset_13_19_brow_raiser_13.jpg,0.1622081995010376,0.1943407952785492,0.0321325957775116,7.444050200283527,0.6543816328048706
142,/mnt/c/Users/Chirayu/Documents/GitHub/2D-to-3D-image-reconstruction/facescape_224/fsmview_trainset_9_2_smile_39.jpg,0.17448551952838898,0.19437089562416077,0.01988537609577179,7.3151363879442215,0.6321204900741577
1145,/mnt/c/Users/Chirayu/Documents/GitHub/2D-to-3D-image-reconstruction/facescape_224/fsmview_trainset_13_1_neutral_6.jpg,0.19701680541038513,0.19625559449195862,-0.0007612109184265137,7.002323299646378,0.6332693696022034
869,/mnt/c/Users/Chirayu/Documents/GitHub/2D-to-3D-image-reconstruction/facescape_224/fsmview_trainset_17_10_dimpler_1.jpg,0.1926039308309555,0.19688662886619568,0.004282698035240173,9.641523487865925,0.7493529319763184
1864,/mnt/c/Users/Chirayu/Documents/GitHub/2D-to-3D-image-reconstruction/facescape_224/fsmview_trainset_4_5_jaw_left_39.jpg,0.20515938103199005,0.19751840829849243,-0.00764097273349762,8.232769332826138,0.7471919655799866
1078,/mnt/c/Users/Chirayu/Documents/GitHub/2D-to-3D-image-reconstruction/facescape_224/fsmview_trainset_14_2_smile_57.jpg,0.04353427514433861,0.19782397150993347,0.15428969636559486,10.584581658244133,0.9129289388656616
1226,/mnt/c/Users/Chirayu/Documents/GitHub/2D-to-3D-image-reconstruction/facescape_224/fsmview_trainset_8_14_sadness_40.jpg,0.20456968247890472,0.19857482612133026,-0.005994856357574463,6.977529048919678,0.6333504915237427
1519,/mnt/c/Users/Chirayu/Documents/GitHub/2D-to-3D-image-reconstruction/facescape_224/fsmview_trainset_10_7_jaw_forward_26.jpg,0.12023218721151352,0.1989097148180008,0.07867752760648727,6.770759388804436,0.6751202940940857
801,/mnt/c/Users/Chirayu/Documents/GitHub/2D-to-3D-image-reconstruction/facescape_224/fsmview_trainset_3_10_dimpler_33.jpg,0.2001030594110489,0.20008395612239838,-1.9103288650512695e-05,6.629015989601612,0.6476649045944214
1727,/mnt/c/Users/Chirayu/Documents/GitHub/2D-to-3D-image-reconstruction/facescape_224/fsmview_trainset_15_16_grin_15.jpg,0.10652667284011841,0.20053893327713013,0.09401226043701172,7.55688750743866,0.6805718541145325
759,/mnt/c/Users/Chirayu/Documents/GitHub/2D-to-3D-image-reconstruction/facescape_224/fsmview_trainset_19_18_eye_closed_45.jpg,0.1859799176454544,0.20208896696567535,0.016109049320220947,9.174650594592094,0.7632929086685181
1669,/mnt/c/Users/Chirayu/Documents/GitHub/2D-to-3D-image-reconstruction/facescape_224/fsmview_trainset_15_8_mouth_left_10.jpg,0.13679933547973633,0.20225165784358978,0.06545232236385345,9.376305527985096,0.7581700086593628
599,/mnt/c/Users/Chirayu/Documents/GitHub/2D-to-3D-image-reconstruction/facescape_224/fsmview_trainset_7_13_lip_funneler_40.jpg,0.1896585077047348,0.2045365273952484,0.01487801969051361,6.641601845622063,0.6302927732467651
660,/mnt/c/Users/Chirayu/Documents/GitHub/2D-to-3D-image-reconstruction/facescape_224/fsmview_trainset_1_5_jaw_left_13.jpg,0.21165207028388977,0.2058965116739273,-0.005755558609962463,6.853048644959927,0.6112817525863647
851,/mnt/c/Users/Chirayu/Documents/GitHub/2D-to-3D-image-reconstruction/facescape_224/fsmview_trainset_19_5_jaw_left_45.jpg,0.17685598134994507,0.20624789595603943,0.02939191460609436,9.019282519817352,0.7935006618499756
511,/mnt/c/Users/Chirayu/Documents/GitHub/2D-to-3D-image-reconstruction/facescape_224/fsmview_trainset_2_6_jaw_right_2.jpg,0.21336603164672852,0.20649585127830505,-0.006870180368423462,8.314755238592625,0.7577275037765503
1813,/mnt/c/Users/Chirayu/Documents/GitHub/2D-to-3D-image-reconstruction/facescape_224/fsmview_trainset_10_15_lip_roll_39.jpg,0.2167055755853653,0.20697705447673798,-0.00972852110862732,7.910447709262371,0.7191392183303833
1706,/mnt/c/Users/Chirayu/Documents/GitHub/2D-to-3D-image-reconstruction/facescape_224/fsmview_trainset_15_5_jaw_left_48.jpg,0.1987096220254898,0.20709724724292755,0.008387625217437744,7.228038728237152,0.7019993662834167
1284,/mnt/c/Users/Chirayu/Documents/GitHub/2D-to-3D-image-reconstruction/facescape_224/fsmview_trainset_7_16_grin_23.jpg,0.04220757633447647,0.20730651915073395,0.16509894281625748,10.846911815926433,0.960422933101654
6,/mnt/c/Users/Chirayu/Documents/GitHub/2D-to-3D-image-reconstruction/facescape_224/fsmview_trainset_8_17_cheek_blowing_52.jpg,0.2130260467529297,0.20943447947502136,-0.003591567277908325,6.194964207708836,0.602898895740509
35,/mnt/c/Users/Chirayu/Documents/GitHub/2D-to-3D-image-reconstruction/facescape_224/fsmview_trainset_11_13_lip_funneler_14.jpg,0.1938554346561432,0.21060891449451447,0.016753479838371277,7.754215680062771,0.656933069229126
661,/mnt/c/Users/Chirayu/Documents/GitHub/2D-to-3D-image-reconstruction/facescape_224/fsmview_trainset_7_10_dimpler_0.jpg,0.23112045228481293,0.211237370967865,-0.019883081316947937,6.968531988561153,0.6684203743934631
9,/mnt/c/Users/Chirayu/Documents/GitHub/2D-to-3D-image-reconstruction/facescape_224/fsmview_trainset_2_20_brow_lower_7.jpg,0.2260742485523224,0.21146953105926514,-0.014604717493057251,8.546038284897804,0.6884228587150574
10,/mnt/c/Users/Chirayu/Documents/GitHub/2D-to-3D-image-reconstruction/facescape_224/fsmview_trainset_13_16_grin_2.jpg,0.21612432599067688,0.21167482435703278,-0.004449501633644104,6.723611399531364,0.6054262518882751
1703,/mnt/c/Users/Chirayu/Documents/GitHub/2D-to-3D-image-reconstruction/facescape_224/fsmview_trainset_18_18_eye_closed_0.jpg,0.20539657771587372,0.2147873044013977,0.009390726685523987,7.832032073289156,0.6437010169029236
833,/mnt/c/Users/Chirayu/Documents/GitHub/2D-to-3D-image-reconstruction/facescape_224/fsmview_trainset_16_3_mouth_stretch_1.jpg,0.028945209458470345,0.2156333178281784,0.18668810836970806,10.570209416560829,0.9488419890403748
539,/mnt/c/Users/Chirayu/Documents/GitHub/2D-to-3D-image-reconstruction/facescape_224/fsmview_trainset_11_1_neutral_64.jpg,0.20745675265789032,0.21611791849136353,0.008661165833473206,8.036137096583843,0.7180776596069336
411,/mnt/c/Users/Chirayu/Documents/GitHub/2D-to-3D-image-reconstruction/facescape_224/fsmview_trainset_10_20_brow_lower_26.jpg,0.18034160137176514,0.2163647562265396,0.036023154854774475,6.5391103066504,0.6688566207885742
1095,/mnt/c/Users/Chirayu/Documents/GitHub/2D-to-3D-image-reconstruction/facescape_224/fsmview_trainset_20_1_neutral_58.jpg,0.05092813819646835,0.21641197800636292,0.16548383980989456,10.458835755474865,0.8749781250953674
1774,/mnt/c/Users/Chirayu/Documents/GitHub/2D-to-3D-image-reconstruction/facescape_224/fsmview_trainset_17_9_mouth_right_11.jpg,0.13767395913600922,0.21682561933994293,0.07915166020393372,7.549931697547436,0.6870177388191223
1846,/mnt/c/Users/Chirayu/Documents/GitHub/2D-to-3D-image-reconstruction/facescape_224/fsmview_trainset_5_18_eye_closed_45.jpg,0.24014587700366974,0.21739988029003143,-0.022745996713638306,7.318991005420685,0.6855952739715576
1732,/mnt/c/Users/Chirayu/Documents/GitHub/2D-to-3D-image-reconstruction/facescape_224/fsmview_trainset_2_15_lip_roll_4.jpg,0.21464227139949799,0.21856661140918732,0.003924340009689331,8.205043189227581,0.6812283992767334
1471,/mnt/c/Users/Chirayu/Documents/GitHub/2D-to-3D-image-reconstruction/facescape_224/fsmview_trainset_4_17_cheek_blowing_38.jpg,0.22340017557144165,0.2186635136604309,-0.004736661911010742,7.894603341817856,0.725347101688385
999,/mnt/c/Users/Chirayu/Documents/GitHub/2D-to-3D-image-reconstruction/facescape_224/fsmview_trainset_18_8_mouth_left_13.jpg,0.22123011946678162,0.21978017687797546,-0.0014499425888061523,7.451089680194855,0.6028280258178711
1465,/mnt/c/Users/Chirayu/Documents/GitHub/2D-to-3D-image-reconstruction/facescape_224/fsmview_trainset_20_13_lip_funneler_64.jpg,0.23708966374397278,0.22052380442619324,-0.01656585931777954,6.879698809236288,0.7135289311408997
1087,/mnt/c/Users/Chirayu/Documents/GitHub/2D-to-3D-image-reconstruction/facescape_224/fsmview_trainset_1_10_dimpler_47.jpg,0.2640199065208435,0.22126372158527374,-0.04275618493556976,6.602560397237539,0.6157627701759338
838,/mnt/c/Users/Chirayu/Documents/GitHub/2D-to-3D-image-reconstruction/facescape_224/fsmview_trainset_5_2_smile_11.jpg,0.23861512541770935,0.22186702489852905,-0.016748100519180298,6.905483391135931,0.6899597644805908
1530,/mnt/c/Users/Chirayu/Documents/GitHub/2D-to-3D-image-reconstruction/facescape_224/fsmview_trainset_20_5_jaw_left_5.jpg,0.2259388566017151,0.22200670838356018,-0.003932148218154907,6.851350899785757,0.620974600315094
347,/mnt/c/Users/Chirayu/Documents/GitHub/2D-to-3D-image-reconstruction/facescape_224/fsmview_trainset_4_12_lip_puckerer_15.jpg,0.23122939467430115,0.22208382189273834,-0.009145572781562805,6.0573666878044605,0.5754548907279968
1510,/mnt/c/Users/Chirayu/Documents/GitHub/2D-to-3D-image-reconstruction/facescape_224/fsmview_trainset_10_6_jaw_right_14.jpg,0.2331690490245819,0.22234293818473816,-0.01082611083984375,6.772151619195938,0.6324674487113953
631,/mnt/c/Users/Chirayu/Documents/GitHub/2D-to-3D-image-reconstruction/facescape_224/fsmview_trainset_5_8_mouth_left_54.jpg,0.26819801330566406,0.22247548401355743,-0.04572252929210663,8.022259436547756,0.7449203729629517
1602,/mnt/c/Users/Chirayu/Documents/GitHub/2D-to-3D-image-reconstruction/facescape_224/fsmview_trainset_17_16_grin_48.jpg,0.22277332842350006,0.22358384728431702,0.0008105188608169556,9.172355249524117,0.7750356793403625
325,/mnt/c/Users/Chirayu/Documents/GitHub/2D-to-3D-image-reconstruction/facescape_224/fsmview_trainset_1_6_jaw_right_50.jpg,0.04146426543593407,0.22372718155384064,0.18226291611790657,9.773481372743845,0.9745705127716064
432,/mnt/c/Users/Chirayu/Documents/GitHub/2D-to-3D-image-reconstruction/facescape_224/fsmview_trainset_5_15_lip_roll_11.jpg,0.5482327938079834,0.22391468286514282,-0.3243181109428406,6.784308925271034,0.7731902003288269
728,/mnt/c/Users/Chirayu/Documents/GitHub/2D-to-3D-image-reconstruction/facescape_224/fsmview_trainset_14_16_grin_25.jpg,0.03765987232327461,0.22501103579998016,0.18735116347670555,10.824970695190132,0.9440245628356934
1664,/mnt/c/Users/Chirayu/Documents/GitHub/2D-to-3D-image-reconstruction/facescape_224/fsmview_trainset_9_10_dimpler_0.jpg,0.238661989569664,0.22610923647880554,-0.01255275309085846,6.971504211425781,0.6593367457389832
1750,/mnt/c/Users/Chirayu/Documents/GitHub/2D-to-3D-image-reconstruction/facescape_224/fsmview_trainset_6_2_smile_11.jpg,0.2252618670463562,0.22623512148857117,0.0009732544422149658,6.568832941353321,0.613240659236908
1453,/mnt/c/Users/Chirayu/Documents/GitHub/2D-to-3D-image-reconstruction/facescape_224/fsmview_trainset_20_17_cheek_blowing_41.jpg,0.2183227837085724,0.22652216255664825,0.008199378848075867,7.411231238394976,0.6236252188682556
784,/mnt/c/Users/Chirayu/Documents/GitHub/2D-to-3D-image-reconstruction/facescape_224/fsmview_trainset_17_3_mouth_stretch_36.jpg,0.21664021909236908,0.23022037744522095,0.013580158352851868,7.623397409915924,0.645815908908844
1684,/mnt/c/Users/Chirayu/Documents/GitHub/2D-to-3D-image-reconstruction/facescape_224/fsmview_trainset_1_19_brow_raiser_40.jpg,0.23481760919094086,0.23078323900699615,-0.004034370183944702,5.864991910755634,0.5506513714790344
1597,/mnt/c/Users/Chirayu/Documents/GitHub/2D-to-3D-image-reconstruction/facescape_224/fsmview_trainset_16_20_brow_lower_27.jpg,0.2744506895542145,0.2308562844991684,-0.04359440505504608,7.734359994530678,0.7879971861839294
1765,/mnt/c/Users/Chirayu/Documents/GitHub/2D-to-3D-image-reconstruction/facescape_224/fsmview_trainset_11_16_grin_14.jpg,0.19324715435504913,0.23089160025119781,0.03764444589614868,7.409812353551388,0.6346685290336609
1989,/mnt/c/Users/Chirayu/Documents/GitHub/2D-to-3D-image-reconstruction/facescape_224/fsmview_trainset_15_9_mouth_right_14.jpg,0.20783856511116028,0.23292115330696106,0.02508258819580078,8.109770193696022,0.677679717540741
965,/mnt/c/Users/Chirayu/Documents/GitHub/2D-to-3D-image-reconstruction/facescape_224/fsmview_trainset_6_13_lip_funneler_12.jpg,0.22085444629192352,0.23459237813949585,0.013737931847572327,7.194278065115213,0.6908494234085083
735,/mnt/c/Users/Chirayu/Documents/GitHub/2D-to-3D-image-reconstruction/facescape_224/fsmview_trainset_15_18_eye_closed_16.jpg,0.21693266928195953,0.23494209349155426,0.018009424209594727,7.83180670440197,0.6768791675567627
1824,/mnt/c/Users/Chirayu/Documents/GitHub/2D-to-3D-image-reconstruction/facescape_224/fsmview_trainset_16_12_lip_puckerer_27.jpg,0.27696895599365234,0.23500527441501617,-0.04196368157863617,6.915656596422195,0.6185377836227417
1238,/mnt/c/Users/Chirayu/Documents/GitHub/2D-to-3D-image-reconstruction/facescape_224/fsmview_trainset_18_4_anger_0.jpg,0.22337237000465393,0.23507773876190186,0.011705368757247925,7.3810140788555145,0.6539091467857361
1040,/mnt/c/Users/Chirayu/Documents/GitHub/2D-to-3D-image-reconstruction/facescape_224/fsmview_trainset_9_16_grin_42.jpg,0.16677218675613403,0.23645104467868805,0.06967885792255402,6.293447948992252,0.5685949325561523
847,/mnt/c/Users/Chirayu/Documents/GitHub/2D-to-3D-image-reconstruction/facescape_224/fsmview_trainset_11_1_neutral_66.jpg,0.24298648536205292,0.2371809333562851,-0.005805552005767822,7.552450001239777,0.6344620585441589
1822,/mnt/c/Users/Chirayu/Documents/GitHub/2D-to-3D-image-reconstruction/facescape_224/fsmview_trainset_17_13_lip_funneler_36.jpg,0.22539129853248596,0.23754847049713135,0.012157171964645386,7.520508795976639,0.652510404586792
1008,/mnt/c/Users/Chirayu/Documents/GitHub/2D-to-3D-image-reconstruction/facescape_224/fsmview_trainset_20_2_smile_52.jpg,0.19866390526294708,0.23775167763233185,0.039087772369384766,7.340062744915485,0.6368768215179443
887,/mnt/c/Users/Chirayu/Documents/GitHub/2D-to-3D-image-reconstruction/facescape_224/fsmview_trainset_15_3_mouth_stretch_48.jpg,0.21922533214092255,0.23868684470653534,0.019461512565612793,7.979296438395977,0.7234559059143066
497,/mnt/c/Users/Chirayu/Documents/GitHub/2D-to-3D-image-reconstruction/facescape_224/fsmview_trainset_12_15_lip_roll_49.jpg,0.2190043032169342,0.23904205858707428,0.020037755370140076,7.25419269874692,0.6303865313529968
1872,/mnt/c/Users/Chirayu/Documents/GitHub/2D-to-3D-image-reconstruction/facescape_224/fsmview_trainset_20_19_brow_raiser_42.jpg,0.2297786921262741,0.24061952531337738,0.010840833187103271,7.757856961339712,0.6434822082519531
1176,/mnt/c/Users/Chirayu/Documents/GitHub/2D-to-3D-image-reconstruction/facescape_224/fsmview_trainset_2_19_brow_raiser_56.jpg,0.24794702231884003,0.24139505624771118,-0.006551966071128845,7.713863708078861,0.6410523653030396
1243,/mnt/c/Users/Chirayu/Documents/GitHub/2D-to-3D-image-reconstruction/facescape_224/fsmview_trainset_11_5_jaw_left_18.jpg,0.22150303423404694,0.24437455832958221,0.02287152409553528,7.493729759007692,0.6627278923988342
197,/mnt/c/Users/Chirayu/Documents/GitHub/2D-to-3D-image-reconstruction/facescape_224/fsmview_trainset_12_13_lip_funneler_34.jpg,0.22923731803894043,0.24483400583267212,0.01559668779373169,7.206317637115717,0.6277823448181152
567,/mnt/c/Users/Chirayu/Documents/GitHub/2D-to-3D-image-reconstruction/facescape_224/fsmview_trainset_7_18_eye_closed_22.jpg,0.24389693140983582,0.24643081426620483,0.0025338828563690186,7.094490736722946,0.6964415311813354
445,/mnt/c/Users/Chirayu/Documents/GitHub/2D-to-3D-image-reconstruction/facescape_224/fsmview_trainset_18_14_sadness_30.jpg,0.1689186990261078,0.24698346853256226,0.07806476950645447,6.741960655897856,0.6193996071815491
609,/mnt/c/Users/Chirayu/Documents/GitHub/2D-to-3D-image-reconstruction/facescape_224/fsmview_trainset_15_14_sadness_10.jpg,0.20983698964118958,0.2502148151397705,0.04037782549858093,8.120895765721798,0.7250716090202332
888,/mnt/c/Users/Chirayu/Documents/GitHub/2D-to-3D-image-reconstruction/facescape_224/fsmview_trainset_18_16_grin_26.jpg,0.2406352013349533,0.2513622045516968,0.01072700321674347,6.1602862402796745,0.5575997233390808
897,/mnt/c/Users/Chirayu/Documents/GitHub/2D-to-3D-image-reconstruction/facescape_224/fsmview_trainset_3_19_brow_raiser_42.jpg,0.2391052544116974,0.25238505005836487,0.01327979564666748,7.718874862417579,0.7314197421073914
1362,/mnt/c/Users/Chirayu/Documents/GitHub/2D-to-3D-image-reconstruction/facescape_224/fsmview_trainset_1_3_mouth_stretch_40.jpg,0.2738293707370758,0.2535625994205475,-0.02026677131652832,6.874930486083031,0.6452038288116455
1492,/mnt/c/Users/Chirayu/Documents/GitHub/2D-to-3D-image-reconstruction/facescape_224/fsmview_trainset_9_1_neutral_40.jpg,0.2551661729812622,0.2536616623401642,-0.0015045106410980225,7.19010154157877,0.6376257538795471
705,/mnt/c/Users/Chirayu/Documents/GitHub/2D-to-3D-image-reconstruction/facescape_224/fsmview_trainset_11_19_brow_raiser_29.jpg,0.19985507428646088,0.2539479434490204,0.05409286916255951,7.802022958174348,0.6707078814506531
333,/mnt/c/Users/Chirayu/Documents/GitHub/2D-to-3D-image-reconstruction/facescape_224/fsmview_trainset_5_3_mouth_stretch_3.jpg,0.24658215045928955,0.2544938921928406,0.007911741733551025,7.656048398464918,0.6253393888473511
1230,/mnt/c/Users/Chirayu/Documents/GitHub/2D-to-3D-image-reconstruction/facescape_224/fsmview_trainset_6_18_eye_closed_42.jpg,0.2490803748369217,0.25492700934410095,0.00584663450717926,6.122164344415069,0.6385521292686462
1931,/mnt/c/Users/Chirayu/Documents/GitHub/2D-to-3D-image-reconstruction/facescape_224/fsmview_trainset_10_8_mouth_left_48.jpg,0.2598177492618561,0.2593534290790558,-0.00046432018280029297,7.614446997642517,0.6714048981666565
1174,/mnt/c/Users/Chirayu/Documents/GitHub/2D-to-3D-image-reconstruction/facescape_224/fsmview_trainset_15_2_smile_29.jpg,0.22128385305404663,0.25995710492134094,0.03867325186729431,7.893959380686283,0.6716407537460327
1396,/mnt/c/Users/Chirayu/Documents/GitHub/2D-to-3D-image-reconstruction/facescape_224/fsmview_trainset_17_5_jaw_left_40.jpg,0.25095081329345703,0.26057592034339905,0.009625107049942017,7.2324507758021355,0.6263664960861206
1488,/mnt/c/Users/Chirayu/Documents/GitHub/2D-to-3D-image-reconstruction/facescape_224/fsmview_trainset_12_18_eye_closed_50.jpg,0.23947137594223022,0.2608652710914612,0.021393895149230957,6.940429165959358,0.6099628806114197
1032,/mnt/c/Users/Chirayu/Documents/GitHub/2D-to-3D-image-reconstruction/facescape_224/fsmview_trainset_17_14_sadness_55.jpg,0.272747278213501,0.2620866000652313,-0.010660678148269653,7.5677072405815125,0.6505144834518433
1363,/mnt/c/Users/Chirayu/Documents/GitHub/2D-to-3D-image-reconstruction/facescape_224/fsmview_trainset_1_10_dimpler_0.jpg,0.2552328407764435,0.2621113955974579,0.006878554821014404,7.562854830175638,0.6504765748977661
914,/mnt/c/Users/Chirayu/Documents/GitHub/2D-to-3D-image-reconstruction/facescape_224/fsmview_trainset_20_4_anger_66.jpg,0.2587103545665741,0.26211923360824585,0.003408879041671753,6.853678584098816,0.65433269739151
1848,/mnt/c/Users/Chirayu/Documents/GitHub/2D-to-3D-image-reconstruction/facescape_224/fsmview_trainset_14_4_anger_42.jpg,0.2503645122051239,0.26264524459838867,0.01228073239326477,7.2606488689780235,0.6434663534164429
747,/mnt/c/Users/Chirayu/Documents/GitHub/2D-to-3D-image-reconstruction/facescape_224/fsmview_trainset_20_13_lip_funneler_20.jpg,0.2452649474143982,0.26295942068099976,0.017694473266601562,7.598096251487732,0.6461860537528992
1399,/mnt/c/Users/Chirayu/Documents/GitHub/2D-to-3D-image-reconstruction/facescape_224/fsmview_trainset_4_6_jaw_right_14.jpg,0.2722727358341217,0.26392459869384766,-0.008348137140274048,6.639261953532696,0.6629251837730408
52,/mnt/c/Users/Chirayu/Documents/GitHub/2D-to-3D-image-reconstruction/facescape_224/fsmview_trainset_6_4_anger_40.jpg,0.2471156120300293,0.2639584243297577,0.016842812299728394,6.789884686470032,0.6711621284484863
1560,/mnt/c/Users/Chirayu/Documents/GitHub/2D-to-3D-image-reconstruction/facescape_224/fsmview_trainset_18_13_lip_funneler_49.jpg,0.33593061566352844,0.26430684328079224,-0.0716237723827362,6.720947682857513,0.6225560307502747
694,/mnt/c/Users/Chirayu/Documents/GitHub/2D-to-3D-image-reconstruction/facescape_224/fsmview_trainset_5_20_brow_lower_34.jpg,0.04810133948922157,0.26475244760513306,0.21665110811591148,10.583385428413749,1.0440235137939453
686,/mnt/c/Users/Chirayu/Documents/GitHub/2D-to-3D-image-reconstruction/facescape_224/fsmview_trainset_6_10_dimpler_42.jpg,0.31309929490089417,0.265391081571579,-0.047708213329315186,6.331048805266619,0.6515117883682251
1458,/mnt/c/Users/Chirayu/Documents/GitHub/2D-to-3D-image-reconstruction/facescape_224/fsmview_trainset_9_2_smile_0.jpg,0.27340012788772583,0.2658010423183441,-0.007599085569381714,7.174021825194359,0.656711757183075
1314,/mnt/c/Users/Chirayu/Documents/GitHub/2D-to-3D-image-reconstruction/facescape_224/fsmview_trainset_4_1_neutral_14.jpg,0.27172839641571045,0.2661304771900177,-0.005597919225692749,6.15729072317481,0.5807278752326965
160,/mnt/c/Users/Chirayu/Documents/GitHub/2D-to-3D-image-reconstruction/facescape_224/fsmview_trainset_15_11_chin_raiser_14.jpg,0.22666345536708832,0.2672837972640991,0.0406203418970108,8.2757728099823,0.6853895783424377
1997,/mnt/c/Users/Chirayu/Documents/GitHub/2D-to-3D-image-reconstruction/facescape_224/fsmview_trainset_15_17_cheek_blowing_14.jpg,0.23181670904159546,0.2675779163837433,0.03576120734214783,8.158609997481108,0.6776211857795715
40,/mnt/c/Users/Chirayu/Documents/GitHub/2D-to-3D-image-reconstruction/facescape_224/fsmview_trainset_5_19_brow_raiser_34.jpg,0.04457024484872818,0.26828333735466003,0.22371309250593185,10.994449546560645,1.0895620584487915
966,/mnt/c/Users/Chirayu/Documents/GitHub/2D-to-3D-image-reconstruction/facescape_224/fsmview_trainset_20_12_lip_puckerer_21.jpg,0.24866046011447906,0.2684403657913208,0.019779905676841736,7.533925250172615,0.6399770975112915
1256,/mnt/c/Users/Chirayu/Documents/GitHub/2D-to-3D-image-reconstruction/facescape_224/fsmview_trainset_17_10_dimpler_22.jpg,0.23836363852024078,0.2691218852996826,0.030758246779441833,7.791659153997898,0.6708038449287415
356,/mnt/c/Users/Chirayu/Documents/GitHub/2D-to-3D-image-reconstruction/facescape_224/fsmview_trainset_13_12_lip_puckerer_43.jpg,0.07554564625024796,0.2705233097076416,0.19497766345739365,10.25490758754313,0.9682814478874207
209,/mnt/c/Users/Chirayu/Documents/GitHub/2D-to-3D-image-reconstruction/facescape_224/fsmview_trainset_9_18_eye_closed_11.jpg,0.2552976906299591,0.27155572175979614,0.016258031129837036,7.094731688499451,0.6724773645401001
1443,/mnt/c/Users/Chirayu/Documents/GitHub/2D-to-3D-image-reconstruction/facescape_224/fsmview_trainset_13_3_mouth_stretch_13.jpg,0.2522599995136261,0.27157798409461975,0.019317984580993652,7.156205754727125,0.6199654936790466
1104,/mnt/c/Users/Chirayu/Documents/GitHub/2D-to-3D-image-reconstruction/facescape_224/fsmview_trainset_15_3_mouth_stretch_10.jpg,0.2730870842933655,0.27165916562080383,-0.0014279186725616455,7.940423149615526,0.6942888498306274
362,/mnt/c/Users/Chirayu/Documents/GitHub/2D-to-3D-image-reconstruction/facescape_224/fsmview_trainset_17_2_smile_48.jpg,0.2833573520183563,0.27201971411705017,-0.011337637901306152,7.362335110083222,0.6095711588859558
1915,/mnt/c/Users/Chirayu/Documents/GitHub/2D-to-3D-image-reconstruction/facescape_224/fsmview_trainset_15_4_anger_14.jpg,0.22870706021785736,0.27204588055610657,0.04333882033824921,8.144485659897327,0.6819749474525452
140,/mnt/c/Users/Chirayu/Documents/GitHub/2D-to-3D-image-reconstruction/facescape_224/fsmview_trainset_8_8_mouth_left_40.jpg,0.27468326687812805,0.272601455450058,-0.0020818114280700684,6.434085555374622,0.6558254361152649
294,/mnt/c/Users/Chirayu/Documents/GitHub/2D-to-3D-image-reconstruction/facescape_224/fsmview_trainset_2_7_jaw_forward_55.jpg,0.2782466411590576,0.272976279258728,-0.00527036190032959,7.305504370480776,0.627605676651001
652,/mnt/c/Users/Chirayu/Documents/GitHub/2D-to-3D-image-reconstruction/facescape_224/fsmview_trainset_19_19_brow_raiser_12.jpg,0.2599301040172577,0.27458322048187256,0.014653116464614868,7.53435505926609,0.6438356637954712
1042,/mnt/c/Users/Chirayu/Documents/GitHub/2D-to-3D-image-reconstruction/facescape_224/fsmview_trainset_6_13_lip_funneler_22.jpg,0.2696332633495331,0.2747061550617218,0.005072891712188721,6.957132771611214,0.6236616373062134
1601,/mnt/c/Users/Chirayu/Documents/GitHub/2D-to-3D-image-reconstruction/facescape_224/fsmview_trainset_14_18_eye_closed_60.jpg,0.2642062306404114,0.2763979434967041,0.012191712856292725,6.810867868363857,0.5919255018234253
589,/mnt/c/Users/Chirayu/Documents/GitHub/2D-to-3D-image-reconstruction/facescape_224/fsmview_trainset_8_10_dimpler_40.jpg,0.2554666996002197,0.2772560119628906,0.0217893123626709,6.32027904689312,0.6178327798843384
241,/mnt/c/Users/Chirayu/Documents/GitHub/2D-to-3D-image-reconstruction/facescape_224/fsmview_trainset_18_2_smile_18.jpg,0.30351522564888,0.2782367169857025,-0.02527850866317749,6.9820487424731255,0.6496323943138123
472,/mnt/c/Users/Chirayu/Documents/GitHub/2D-to-3D-image-reconstruction/facescape_224/fsmview_trainset_17_13_lip_funneler_52.jpg,0.2860885560512543,0.2793585956096649,-0.0067299604415893555,7.489605069160461,0.6547578573226929
239,/mnt/c/Users/Chirayu/Documents/GitHub/2D-to-3D-image-reconstruction/facescape_224/fsmview_trainset_15_9_mouth_right_61.jpg,0.2599281668663025,0.2796146273612976,0.019686460494995117,8.02373256534338,0.6678041815757751
1611,/mnt/c/Users/Chirayu/Documents/GitHub/2D-to-3D-image-reconstruction/facescape_224/fsmview_trainset_12_12_lip_puckerer_55.jpg,0.26821136474609375,0.2801324129104614,0.011921048164367676,7.997585978358984,0.6765390634536743
814,/mnt/c/Users/Chirayu/Documents/GitHub/2D-to-3D-image-reconstruction/facescape_224/fsmview_trainset_11_8_mouth_left_39.jpg,0.2814956605434418,0.2806895971298218,-0.0008060634136199951,7.914318881928921,0.7257049083709717
1645,/mnt/c/Users/Chirayu/Documents/GitHub/2D-to-3D-image-reconstruction/facescape_224/fsmview_trainset_2_15_lip_roll_3.jpg,0.2811984419822693,0.2812698483467102,7.140636444091797e-05,8.359531974419951,0.6953548192977905
36,/mnt/c/Users/Chirayu/Documents/GitHub/2D-to-3D-image-reconstruction/facescape_224/fsmview_trainset_11_16_grin_60.jpg,0.04120819643139839,0.2813754975795746,0.2401673011481762,12.354903588071465,1.0358333587646484
1905,/mnt/c/Users/Chirayu/Documents/GitHub/2D-to-3D-image-reconstruction/facescape_224/fsmview_trainset_12_9_mouth_right_33.jpg,0.2586003243923187,0.2817841172218323,0.02318379282951355,6.996717028319836,0.5985952019691467
1690,/mnt/c/Users/Chirayu/Documents/GitHub/2D-to-3D-image-reconstruction/facescape_224/fsmview_trainset_7_3_mouth_stretch_50.jpg,0.3027022182941437,0.2832472622394562,-0.0194549560546875,6.979823745787144,0.6701688766479492
1484,/mnt/c/Users/Chirayu/Documents/GitHub/2D-to-3D-image-reconstruction/facescape_224/fsmview_trainset_11_1_neutral_49.jpg,0.2750887870788574,0.2837081849575043,0.00861939787864685,8.168714437633753,0.7550763487815857
282,/mnt/c/Users/Chirayu/Documents/GitHub/2D-to-3D-image-reconstruction/facescape_224/fsmview_trainset_20_10_dimpler_50.jpg,0.43185558915138245,0.2850974202156067,-0.14675816893577576,6.576999355107546,0.6436526775360107
1911,/mnt/c/Users/Chirayu/Documents/GitHub/2D-to-3D-image-reconstruction/facescape_224/fsmview_trainset_1_5_jaw_left_18.jpg,0.29460418224334717,0.2861698865890503,-0.008434295654296875,6.65059881657362,0.6396162509918213
296,/mnt/c/Users/Chirayu/Documents/GitHub/2D-to-3D-image-reconstruction/facescape_224/fsmview_trainset_19_15_lip_roll_12.jpg,0.2668912708759308,0.2877922058105469,0.02090093493461609,7.461707040667534,0.6721450686454773
1194,/mnt/c/Users/Chirayu/Documents/GitHub/2D-to-3D-image-reconstruction/facescape_224/fsmview_trainset_19_9_mouth_right_30.jpg,0.29324474930763245,0.2885376513004303,-0.0047070980072021484,6.687608361244202,0.5798912048339844
1425,/mnt/c/Users/Chirayu/Documents/GitHub/2D-to-3D-image-reconstruction/facescape_224/fsmview_trainset_3_13_lip_funneler_50.jpg,0.3092935383319855,0.2895379960536957,-0.019755542278289795,6.918614290654659,0.6213592290878296
1798,/mnt/c/Users/Chirayu/Documents/GitHub/2D-to-3D-image-reconstruction/facescape_224/fsmview_trainset_18_20_brow_lower_52.jpg,0.27885812520980835,0.29068824648857117,0.011830121278762817,6.6561684012413025,0.6706432104110718
399,/mnt/c/Users/Chirayu/Documents/GitHub/2D-to-3D-image-reconstruction/facescape_224/fsmview_trainset_11_18_eye_closed_21.jpg,0.27427583932876587,0.29122573137283325,0.016949892044067383,8.368370097130537,0.6988939046859741
1205,/mnt/c/Users/Chirayu/Documents/GitHub/2D-to-3D-image-reconstruction/facescape_224/fsmview_trainset_7_6_jaw_right_49.jpg,0.31162184476852417,0.2945724427700043,-0.017049401998519897,7.10594717413187,0.6395267248153687
1781,/mnt/c/Users/Chirayu/Documents/GitHub/2D-to-3D-image-reconstruction/facescape_224/fsmview_trainset_18_14_sadness_17.jpg,0.0401153638958931,0.29548025131225586,0.25536488741636276,12.44255104381591,1.1289290189743042
551,/mnt/c/Users/Chirayu/Documents/GitHub/2D-to-3D-image-reconstruction/facescape_224/fsmview_trainset_9_12_lip_puckerer_40.jpg,0.27686724066734314,0.2956143021583557,0.018747061491012573,6.640823628753424,0.619726836681366
1960,/mnt/c/Users/Chirayu/Documents/GitHub/2D-to-3D-image-reconstruction/facescape_224/fsmview_trainset_6_11_chin_raiser_16.jpg,0.2831850051879883,0.296395480632782,0.013210475444793701,8.35613353177905,0.725130558013916
107,/mnt/c/Users/Chirayu/Documents/GitHub/2D-to-3D-image-reconstruction/facescape_224/fsmview_trainset_12_8_mouth_left_32.jpg,0.312582790851593,0.29645565152168274,-0.01612713932991028,7.74042309820652,0.7627737522125244
47,/mnt/c/Users/Chirayu/Documents/GitHub/2D-to-3D-image-reconstruction/facescape_224/fsmview_trainset_20_7_jaw_forward_64.jpg,0.2949282228946686,0.2967086136341095,0.001780390739440918,7.366732757538557,0.6958886384963989
1439,/mnt/c/Users/Chirayu/Documents/GitHub/2D-to-3D-image-reconstruction/facescape_224/fsmview_trainset_6_14_sadness_21.jpg,0.28028371930122375,0.2968699038028717,0.01658618450164795,7.405210092663765,0.6130202412605286
1411,/mnt/c/Users/Chirayu/Documents/GitHub/2D-to-3D-image-reconstruction/facescape_224/fsmview_trainset_18_18_eye_closed_18.jpg,0.31290075182914734,0.29712754487991333,-0.01577320694923401,7.043936379253864,0.6464695930480957
1958,/mnt/c/Users/Chirayu/Documents/GitHub/2D-to-3D-image-reconstruction/facescape_224/fsmview_trainset_2_6_jaw_right_11.jpg,0.21363632380962372,0.29721641540527344,0.08358009159564972,7.735388230532408,0.743316113948822
453,/mnt/c/Users/Chirayu/Documents/GitHub/2D-to-3D-image-reconstruction/facescape_224/fsmview_trainset_20_15_lip_roll_20.jpg,0.25925958156585693,0.29855918884277344,0.039299607276916504,7.413834277540445,0.6337791085243225
721,/mnt/c/Users/Chirayu/Documents/GitHub/2D-to-3D-image-reconstruction/facescape_224/fsmview_trainset_6_12_lip_puckerer_50.jpg,0.3289691209793091,0.29877594113349915,-0.030193179845809937,6.640763483941555,0.6281917691230774
995,/mnt/c/Users/Chirayu/Documents/GitHub/2D-to-3D-image-reconstruction/facescape_224/fsmview_trainset_10_14_sadness_52.jpg,0.3707483112812042,0.2993374764919281,-0.07141083478927612,6.671519299969077,0.6403070092201233
1050,/mnt/c/Users/Chirayu/Documents/GitHub/2D-to-3D-image-reconstruction/facescape_224/fsmview_trainset_19_6_jaw_right_12.jpg,0.2877584993839264,0.30329883098602295,0.015540331602096558,7.559829145669937,0.6217083930969238
256,/mnt/c/Users/Chirayu/Documents/GitHub/2D-to-3D-image-reconstruction/facescape_224/fsmview_trainset_19_19_brow_raiser_55.jpg,0.28943976759910583,0.3034432530403137,0.014003485441207886,7.489242918789387,0.6715736985206604
1337,/mnt/c/Users/Chirayu/Documents/GitHub/2D-to-3D-image-reconstruction/facescape_224/fsmview_trainset_15_17_cheek_blowing_39.jpg,0.32083961367607117,0.30471500754356384,-0.016124606132507324,8.68284248560667,0.704858124256134
473,/mnt/c/Users/Chirayu/Documents/GitHub/2D-to-3D-image-reconstruction/facescape_224/fsmview_trainset_6_15_lip_roll_11.jpg,0.3128350079059601,0.3052598237991333,-0.007575184106826782,6.160261519253254,0.5635018944740295
925,/mnt/c/Users/Chirayu/Documents/GitHub/2D-to-3D-image-reconstruction/facescape_224/fsmview_trainset_13_1_neutral_34.jpg,0.319233238697052,0.3058586120605469,-0.013374626636505127,7.17503578774631,0.6951125860214233
1665,/mnt/c/Users/Chirayu/Documents/GitHub/2D-to-3D-image-reconstruction/facescape_224/fsmview_trainset_19_9_mouth_right_41.jpg,0.2777155637741089,0.30714061856269836,0.029425054788589478,7.306791812181473,0.6216182708740234
165,/mnt/c/Users/Chirayu/Documents/GitHub/2D-to-3D-image-reconstruction/facescape_224/fsmview_trainset_13_5_jaw_left_39.jpg,0.29294687509536743,0.3087650239467621,0.015818148851394653,7.86166325211525,0.6885245442390442
258,/mnt/c/Users/Chirayu/Documents/GitHub/2D-to-3D-image-reconstruction/facescape_224/fsmview_trainset_20_12_lip_puckerer_6.jpg,0.30331113934516907,0.30965858697891235,0.006347447633743286,6.520206613466144,0.6848867535591125
1147,/mnt/c/Users/Chirayu/Documents/GitHub/2D-to-3D-image-reconstruction/facescape_224/fsmview_trainset_13_18_eye_closed_38.jpg,0.32632145285606384,0.310360848903656,-0.015960603952407837,7.363394640386105,0.6908779740333557
76,/mnt/c/Users/Chirayu/Documents/GitHub/2D-to-3D-image-reconstruction/facescape_224/fsmview_trainset_4_15_lip_roll_47.jpg,0.038378894329071045,0.311044305562973,0.272665411233902,11.151988795027137,1.1102824211120605
1423,/mnt/c/Users/Chirayu/Documents/GitHub/2D-to-3D-image-reconstruction/facescape_224/fsmview_trainset_5_7_jaw_forward_3.jpg,0.30512335896492004,0.3117637634277344,0.006640404462814331,8.030148923397064,0.6929656863212585
471,/mnt/c/Users/Chirayu/Documents/GitHub/2D-to-3D-image-reconstruction/facescape_224/fsmview_trainset_19_16_grin_57.jpg,0.3033705949783325,0.3123616576194763,0.008991062641143799,7.155318286269903,0.6418037414550781
1304,/mnt/c/Users/Chirayu/Documents/GitHub/2D-to-3D-image-reconstruction/facescape_224/fsmview_trainset_14_19_brow_raiser_6.jpg,0.22086255252361298,0.3139396607875824,0.09307710826396942,7.925113182514906,0.7520993947982788
87,/mnt/c/Users/Chirayu/Documents/GitHub/2D-to-3D-image-reconstruction/facescape_224/fsmview_trainset_20_7_jaw_forward_4.jpg,0.5262371301651001,0.31523966789245605,-0.21099746227264404,7.4761194214224815,0.6527695655822754
1218,/mnt/c/Users/Chirayu/Documents/GitHub/2D-to-3D-image-reconstruction/facescape_224/fsmview_trainset_9_6_jaw_right_10.jpg,0.31415316462516785,0.3153436481952667,0.001190483570098877,6.677430614829063,0.6806513071060181
1477,/mnt/c/Users/Chirayu/Documents/GitHub/2D-to-3D-image-reconstruction/facescape_224/fsmview_trainset_15_9_mouth_right_29.jpg,0.25820067524909973,0.31658607721328735,0.05838540196418762,8.15121041238308,0.6853025555610657
737,/mnt/c/Users/Chirayu/Documents/GitHub/2D-to-3D-image-reconstruction/facescape_224/fsmview_trainset_18_11_chin_raiser_18.jpg,0.32650458812713623,0.3183382749557495,-0.008166313171386719,7.0876883044838905,0.634680986404419
1049,/mnt/c/Users/Chirayu/Documents/GitHub/2D-to-3D-image-reconstruction/facescape_224/fsmview_trainset_11_3_mouth_stretch_15.jpg,0.2739007771015167,0.3187236189842224,0.04482284188270569,7.377238787710667,0.6332634091377258
1380,/mnt/c/Users/Chirayu/Documents/GitHub/2D-to-3D-image-reconstruction/facescape_224/fsmview_trainset_4_8_mouth_left_14.jpg,0.3276943266391754,0.3190869092941284,-0.008607417345046997,6.3791743516922,0.5922064185142517
77,/mnt/c/Users/Chirayu/Documents/GitHub/2D-to-3D-image-reconstruction/facescape_224/fsmview_trainset_5_10_dimpler_39.jpg,0.2669442892074585,0.31992653012275696,0.05298224091529846,7.744049832224846,0.7030400633811951
168,/mnt/c/Users/Chirayu/Documents/GitHub/2D-to-3D-image-reconstruction/facescape_224/fsmview_trainset_15_7_jaw_forward_41.jpg,0.30345267057418823,0.31995251774787903,0.016499847173690796,8.04470556974411,0.6851727366447449
530,/mnt/c/Users/Chirayu/Documents/GitHub/2D-to-3D-image-reconstruction/facescape_224/fsmview_trainset_8_17_cheek_blowing_33.jpg,0.03040212392807007,0.32065895199775696,0.2902568280696869,12.835361463017762,1.1251171827316284
859,/mnt/c/Users/Chirayu/Documents/GitHub/2D-to-3D-image-reconstruction/facescape_224/fsmview_trainset_15_14_sadness_42.jpg,0.31333446502685547,0.3211604058742523,0.00782594084739685,8.459303595125675,0.7420927882194519
1845,/mnt/c/Users/Chirayu/Documents/GitHub/2D-to-3D-image-reconstruction/facescape_224/fsmview_trainset_12_17_cheek_blowing_47.jpg,0.032254211604595184,0.3237327039241791,0.2914784923195839,12.728916530497372,1.0900328159332275
1922,/mnt/c/Users/Chirayu/Documents/GitHub/2D-to-3D-image-reconstruction/facescape_224/fsmview_trainset_13_9_mouth_right_54.jpg,0.3084844648838043,0.32484835386276245,0.01636388897895813,7.774788297712803,0.6579682230949402
586,/mnt/c/Users/Chirayu/Documents/GitHub/2D-to-3D-image-reconstruction/facescape_224/fsmview_trainset_5_18_eye_closed_3.jpg,0.3179362416267395,0.32571548223495483,0.007779240608215332,7.833625912666321,0.672985315322876
1335,/mnt/c/Users/Chirayu/Documents/GitHub/2D-to-3D-image-reconstruction/facescape_224/fsmview_trainset_10_18_eye_closed_32.jpg,0.2786257266998291,0.32775044441223145,0.049124717712402344,8.173709883354604,0.7259852290153503
79,/mnt/c/Users/Chirayu/Documents/GitHub/2D-to-3D-image-reconstruction/facescape_224/fsmview_trainset_11_19_brow_raiser_6.jpg,0.20784784853458405,0.3301873803138733,0.12233953177928925,7.165515581145883,0.6733130216598511
1372,/mnt/c/Users/Chirayu/Documents/GitHub/2D-to-3D-image-reconstruction/facescape_224/fsmview_trainset_19_14_sadness_55.jpg,0.3180842697620392,0.3310624361038208,0.012978166341781616,7.4321316331624985,0.6701473593711853
1266,/mnt/c/Users/Chirayu/Documents/GitHub/2D-to-3D-image-reconstruction/facescape_224/fsmview_trainset_9_13_lip_funneler_47.jpg,0.2907089293003082,0.33192962408065796,0.04122069478034973,7.0986145958304405,0.6950876116752625
1673,/mnt/c/Users/Chirayu/Documents/GitHub/2D-to-3D-image-reconstruction/facescape_224/fsmview_trainset_3_14_sadness_18.jpg,0.036372940987348557,0.3336346447467804,0.29726170375943184,12.689350191503763,1.0737212896347046
478,/mnt/c/Users/Chirayu/Documents/GitHub/2D-to-3D-image-reconstruction/facescape_224/fsmview_trainset_17_12_lip_puckerer_54.jpg,0.3500787615776062,0.33471187949180603,-0.015366882085800171,7.754539102315903,0.6847628355026245
223,/mnt/c/Users/Chirayu/Documents/GitHub/2D-to-3D-image-reconstruction/facescape_224/fsmview_trainset_15_14_sadness_29.jpg,0.26677951216697693,0.33599671721458435,0.06921720504760742,7.708594731986523,0.6497697234153748
193,/mnt/c/Users/Chirayu/Documents/GitHub/2D-to-3D-image-reconstruction/facescape_224/fsmview_trainset_3_2_smile_9.jpg,0.05126366764307022,0.337259978055954,0.28599631041288376,13.332982573658228,1.1485044956207275
592,/mnt/c/Users/Chirayu/Documents/GitHub/2D-to-3D-image-reconstruction/facescape_224/fsmview_trainset_9_12_lip_puckerer_22.jpg,0.28842443227767944,0.34139367938041687,0.05296924710273743,6.957819722592831,0.6558371186256409
1354,/mnt/c/Users/Chirayu/Documents/GitHub/2D-to-3D-image-reconstruction/facescape_224/fsmview_trainset_19_1_neutral_40.jpg,0.3735482394695282,0.34461233019828796,-0.028935909271240234,6.795641325414181,0.6258212327957153
835,/mnt/c/Users/Chirayu/Documents/GitHub/2D-to-3D-image-reconstruction/facescape_224/fsmview_trainset_3_4_anger_23.jpg,0.029983913525938988,0.34800204634666443,0.31801813282072544,13.003676182590425,1.168298602104187
1297,/mnt/c/Users/Chirayu/Documents/GitHub/2D-to-3D-image-reconstruction/facescape_224/fsmview_trainset_2_20_brow_lower_46.jpg,0.39800626039505005,0.3487018644809723,-0.04930439591407776,7.4075722843408585,0.6857615113258362
1113,/mnt/c/Users/Chirayu/Documents/GitHub/2D-to-3D-image-reconstruction/facescape_224/fsmview_trainset_6_17_cheek_blowing_50.jpg,0.36258289217948914,0.34924593567848206,-0.01333695650100708,6.131557799875736,0.6280099153518677
1254,/mnt/c/Users/Chirayu/Documents/GitHub/2D-to-3D-image-reconstruction/facescape_224/fsmview_trainset_9_11_chin_raiser_16.jpg,0.3449362516403198,0.34966036677360535,0.0047241151332855225,7.861641708761454,0.714734673500061
419,/mnt/c/Users/Chirayu/Documents/GitHub/2D-to-3D-image-reconstruction/facescape_224/fsmview_trainset_11_12_lip_puckerer_52.jpg,0.4563710391521454,0.35164517164230347,-0.10472586750984192,7.20562831312418,0.6647281646728516
910,/mnt/c/Users/Chirayu/Documents/GitHub/2D-to-3D-image-reconstruction/facescape_224/fsmview_trainset_2_3_mouth_stretch_36.jpg,0.33562660217285156,0.3518560230731964,0.01622942090034485,6.929104067385197,0.5998642444610596
1901,/mnt/c/Users/Chirayu/Documents/GitHub/2D-to-3D-image-reconstruction/facescape_224/fsmview_trainset_13_16_grin_1.jpg,0.3842627704143524,0.35203057527542114,-0.032232195138931274,6.477725341916084,0.6597012281417847
1569,/mnt/c/Users/Chirayu/Documents/GitHub/2D-to-3D-image-reconstruction/facescape_224/fsmview_trainset_5_7_jaw_forward_15.jpg,0.03722090274095535,0.3523915112018585,0.31517060846090317,12.890693025663495,1.09480881690979
1311,/mnt/c/Users/Chirayu/Documents/GitHub/2D-to-3D-image-reconstruction/facescape_224/fsmview_trainset_2_12_lip_puckerer_11.jpg,0.30210569500923157,0.35420969128608704,0.05210399627685547,7.641942195594311,0.7533933520317078
145,/mnt/c/Users/Chirayu/Documents/GitHub/2D-to-3D-image-reconstruction/facescape_224/fsmview_trainset_8_16_grin_49.jpg,0.38878750801086426,0.3567645251750946,-0.03202298283576965,7.25772362947464,0.6598182320594788
1101,/mnt/c/Users/Chirayu/Documents/GitHub/2D-to-3D-image-reconstruction/facescape_224/fsmview_trainset_20_20_brow_lower_54.jpg,0.36684882640838623,0.35748252272605896,-0.00936630368232727,6.443327382206917,0.5922034978866577
108,/mnt/c/Users/Chirayu/Documents/GitHub/2D-to-3D-image-reconstruction/facescape_224/fsmview_trainset_14_14_sadness_62.jpg,0.36825427412986755,0.3579082190990448,-0.010346055030822754,7.2258856147527695,0.5992000102996826
502,/mnt/c/Users/Chirayu/Documents/GitHub/2D-to-3D-image-reconstruction/facescape_224/fsmview_trainset_4_5_jaw_left_25.jpg,0.03703247010707855,0.3601117730140686,0.32307930290699005,13.336575366556644,1.150072693824768
369,/mnt/c/Users/Chirayu/Documents/GitHub/2D-to-3D-image-reconstruction/facescape_224/fsmview_trainset_6_7_jaw_forward_22.jpg,0.3425263464450836,0.36044394969940186,0.017917603254318237,6.578682646155357,0.5796785354614258
303,/mnt/c/Users/Chirayu/Documents/GitHub/2D-to-3D-image-reconstruction/facescape_224/fsmview_trainset_6_2_smile_0.jpg,0.3804790675640106,0.3616688549518585,-0.0188102126121521,6.339780427515507,0.6259360313415527
1054,/mnt/c/Users/Chirayu/Documents/GitHub/2D-to-3D-image-reconstruction/facescape_224/fsmview_trainset_14_9_mouth_right_53.jpg,0.3205370604991913,0.36184602975845337,0.041308969259262085,7.4219870865345,0.6744711399078369
1844,/mnt/c/Users/Chirayu/Documents/GitHub/2D-to-3D-image-reconstruction/facescape_224/fsmview_trainset_15_20_brow_lower_29.jpg,0.27222132682800293,0.3631540536880493,0.09093272686004639,7.865547366440296,0.6599094271659851
1769,/mnt/c/Users/Chirayu/Documents/GitHub/2D-to-3D-image-reconstruction/facescape_224/fsmview_trainset_12_5_jaw_left_39.jpg,0.3750499188899994,0.3642534911632538,-0.010796427726745605,7.110205478966236,0.6493861675262451
919,/mnt/c/Users/Chirayu/Documents/GitHub/2D-to-3D-image-reconstruction/facescape_224/fsmview_trainset_13_1_neutral_18.jpg,0.33938002586364746,0.36638516187667847,0.027005136013031006,7.276946138590574,0.6421688795089722
99,/mnt/c/Users/Chirayu/Documents/GitHub/2D-to-3D-image-reconstruction/facescape_224/fsmview_trainset_7_2_smile_11.jpg,0.3024870455265045,0.36835977435112,0.06587272882461548,7.172611884772778,0.710928738117218
70,/mnt/c/Users/Chirayu/Documents/GitHub/2D-to-3D-image-reconstruction/facescape_224/fsmview_trainset_14_10_dimpler_6.jpg,0.23103754222393036,0.368999719619751,0.13796217739582062,7.9470642991364,0.7769164443016052
237,/mnt/c/Users/Chirayu/Documents/GitHub/2D-to-3D-image-reconstruction/facescape_224/fsmview_trainset_14_11_chin_raiser_62.jpg,0.3820902407169342,0.3708324432373047,-0.011257797479629517,7.551848236471415,0.6269585490226746
1381,/mnt/c/Users/Chirayu/Documents/GitHub/2D-to-3D-image-reconstruction/facescape_224/fsmview_trainset_4_19_brow_raiser_14.jpg,0.3907015323638916,0.3721860945224762,-0.018515437841415405,6.259208761155605,0.5962551236152649
1520,/mnt/c/Users/Chirayu/Documents/GitHub/2D-to-3D-image-reconstruction/facescape_224/fsmview_trainset_9_5_jaw_left_11.jpg,0.6427674889564514,0.37542724609375,-0.2673402428627014,6.101534817367792,0.625572681427002
1172,/mnt/c/Users/Chirayu/Documents/GitHub/2D-to-3D-image-reconstruction/facescape_224/fsmview_trainset_1_9_mouth_right_52.jpg,0.381381630897522,0.3780279755592346,-0.0033536553382873535,6.709044873714447,0.6914294362068176
161,/mnt/c/Users/Chirayu/Documents/GitHub/2D-to-3D-image-reconstruction/facescape_224/fsmview_trainset_5_15_lip_roll_3.jpg,0.37883543968200684,0.3793078660964966,0.0004724264144897461,7.127673543989658,0.6275599598884583
124,/mnt/c/Users/Chirayu/Documents/GitHub/2D-to-3D-image-reconstruction/facescape_224/fsmview_trainset_19_18_eye_closed_49.jpg,0.4540253281593323,0.3800051808357239,-0.0740201473236084,7.744092080742121,0.6875962018966675
1632,/mnt/c/Users/Chirayu/Documents/GitHub/2D-to-3D-image-reconstruction/facescape_224/fsmview_trainset_16_18_eye_closed_18.jpg,0.40207287669181824,0.3831964433193207,-0.01887643337249756,6.8335281647741795,0.6480046510696411
1478,/mnt/c/Users/Chirayu/Documents/GitHub/2D-to-3D-image-reconstruction/facescape_224/fsmview_trainset_17_18_eye_closed_50.jpg,0.4285733997821808,0.3833726942539215,-0.04520070552825928,8.15963926166296,0.7366268634796143
1903,/mnt/c/Users/Chirayu/Documents/GitHub/2D-to-3D-image-reconstruction/facescape_224/fsmview_trainset_2_13_lip_funneler_2.jpg,0.3508683145046234,0.385189950466156,0.03432163596153259,7.962465226650238,0.7544522285461426
1880,/mnt/c/Users/Chirayu/Documents/GitHub/2D-to-3D-image-reconstruction/facescape_224/fsmview_trainset_14_9_mouth_right_5.jpg,0.4379468560218811,0.3870711624622345,-0.050875693559646606,7.966162761673331,0.7624189257621765
1751,/mnt/c/Users/Chirayu/Documents/GitHub/2D-to-3D-image-reconstruction/facescape_224/fsmview_trainset_14_19_brow_raiser_5.jpg,0.5332725048065186,0.3883149325847626,-0.14495757222175598,8.076205555349588,0.721150279045105
1612,/mnt/c/Users/Chirayu/Documents/GitHub/2D-to-3D-image-reconstruction/facescape_224/fsmview_trainset_8_2_smile_49.jpg,0.43484586477279663,0.3911152482032776,-0.04373061656951904,7.183587409555912,0.6634357571601868
1856,/mnt/c/Users/Chirayu/Documents/GitHub/2D-to-3D-image-reconstruction/facescape_224/fsmview_trainset_11_5_jaw_left_66.jpg,0.36135348677635193,0.39392662048339844,0.03257313370704651,8.162863790988922,0.6927801966667175
1436,/mnt/c/Users/Chirayu/Documents/GitHub/2D-to-3D-image-reconstruction/facescape_224/fsmview_trainset_12_10_dimpler_33.jpg,0.5663058757781982,0.398343026638031,-0.16796284914016724,6.970054820179939,0.6377366781234741
1982,/mnt/c/Users/Chirayu/Documents/GitHub/2D-to-3D-image-reconstruction/facescape_224/fsmview_trainset_8_15_lip_roll_19.jpg,0.4220036268234253,0.40211886167526245,-0.019884765148162842,7.253787726163864,0.6873535513877869
1413,/mnt/c/Users/Chirayu/Documents/GitHub/2D-to-3D-image-reconstruction/facescape_224/fsmview_trainset_17_17_cheek_blowing_46.jpg,0.36334624886512756,0.40323352813720703,0.03988727927207947,7.844926265999675,0.8124186396598816
557,/mnt/c/Users/Chirayu/Documents/GitHub/2D-to-3D-image-reconstruction/facescape_224/fsmview_trainset_1_18_eye_closed_19.jpg,0.4312197268009186,0.4065086841583252,-0.024711042642593384,6.3861412294209,0.6094497442245483
548,/mnt/c/Users/Chirayu/Documents/GitHub/2D-to-3D-image-reconstruction/facescape_224/fsmview_trainset_5_8_mouth_left_12.jpg,0.3878132998943329,0.4082764983177185,0.02046319842338562,7.324612118303776,0.614063560962677
522,/mnt/c/Users/Chirayu/Documents/GitHub/2D-to-3D-image-reconstruction/facescape_224/fsmview_trainset_20_6_jaw_right_6.jpg,0.4004763960838318,0.4096830189228058,0.009206622838973999,6.822402963414788,0.6723931431770325
1770,/mnt/c/Users/Chirayu/Documents/GitHub/2D-to-3D-image-reconstruction/facescape_224/fsmview_trainset_11_19_brow_raiser_7.jpg,0.496396005153656,0.4132440686225891,-0.0831519365310669,7.314234599471092,0.664711058139801
1847,/mnt/c/Users/Chirayu/Documents/GitHub/2D-to-3D-image-reconstruction/facescape_224/fsmview_trainset_11_3_mouth_stretch_40.jpg,0.47272375226020813,0.4154002368450165,-0.05732351541519165,7.970165941864252,0.7471446394920349
1698,/mnt/c/Users/Chirayu/Documents/GitHub/2D-to-3D-image-reconstruction/facescape_224/fsmview_trainset_5_19_brow_raiser_44.jpg,0.3991881012916565,0.4174279570579529,0.018239855766296387,6.674132153391838,0.6251968741416931
1321,/mnt/c/Users/Chirayu/Documents/GitHub/2D-to-3D-image-reconstruction/facescape_224/fsmview_trainset_4_15_lip_roll_1.jpg,0.030256664380431175,0.4202086627483368,0.3899519983679056,13.990589745342731,1.2139540910720825
561,/mnt/c/Users/Chirayu/Documents/GitHub/2D-to-3D-image-reconstruction/facescape_224/fsmview_trainset_14_1_neutral_53.jpg,0.37509992718696594,0.4202657639980316,0.045165836811065674,7.655985414981842,0.670642614364624
1497,/mnt/c/Users/Chirayu/Documents/GitHub/2D-to-3D-image-reconstruction/facescape_224/fsmview_trainset_19_7_jaw_forward_55.jpg,0.4266253709793091,0.4207155704498291,-0.0059098005294799805,7.354750864207745,0.6929335594177246
270,/mnt/c/Users/Chirayu/Documents/GitHub/2D-to-3D-image-reconstruction/facescape_224/fsmview_trainset_20_20_brow_lower_50.jpg,0.5082558989524841,0.42719516158103943,-0.0810607373714447,6.6264823116362095,0.6162670850753784
900,/mnt/c/Users/Chirayu/Documents/GitHub/2D-to-3D-image-reconstruction/facescape_224/fsmview_trainset_20_14_sadness_6.jpg,0.4847128689289093,0.4280415177345276,-0.056671351194381714,6.18251371011138,0.6575687527656555
585,/mnt/c/Users/Chirayu/Documents/GitHub/2D-to-3D-image-reconstruction/facescape_224/fsmview_trainset_12_13_lip_funneler_5.jpg,0.4342344403266907,0.4355543255805969,0.00131988525390625,6.635603792965412,0.6497172713279724
1350,/mnt/c/Users/Chirayu/Documents/GitHub/2D-to-3D-image-reconstruction/facescape_224/fsmview_trainset_15_4_anger_54.jpg,0.40911757946014404,0.43564534187316895,0.026527762413024902,7.012983076274395,0.6050037741661072
427,/mnt/c/Users/Chirayu/Documents/GitHub/2D-to-3D-image-reconstruction/facescape_224/fsmview_trainset_20_17_cheek_blowing_3.jpg,0.5459737181663513,0.4366266131401062,-0.10934710502624512,7.4234595242887735,0.7132928371429443
644,/mnt/c/Users/Chirayu/Documents/GitHub/2D-to-3D-image-reconstruction/facescape_224/fsmview_trainset_2_14_sadness_46.jpg,0.4332735538482666,0.4413225054740906,0.008048951625823975,6.40721744671464,0.5833735466003418
1687,/mnt/c/Users/Chirayu/Documents/GitHub/2D-to-3D-image-reconstruction/facescape_224/fsmview_trainset_13_15_lip_roll_35.jpg,0.04175523668527603,0.44733795523643494,0.4055827185511589,14.480393813923001,1.3560783863067627
908,/mnt/c/Users/Chirayu/Documents/GitHub/2D-to-3D-image-reconstruction/facescape_224/fsmview_trainset_14_2_smile_61.jpg,0.4498160183429718,0.44813311100006104,-0.0016829073429107666,7.488861553370953,0.598215639591217
1708,/mnt/c/Users/Chirayu/Documents/GitHub/2D-to-3D-image-reconstruction/facescape_224/fsmview_trainset_16_3_mouth_stretch_52.jpg,0.4937936067581177,0.4489762485027313,-0.04481735825538635,6.7743436098098755,0.6300128698348999
1080,/mnt/c/Users/Chirayu/Documents/GitHub/2D-to-3D-image-reconstruction/facescape_224/fsmview_trainset_14_16_grin_6.jpg,0.49081966280937195,0.4527960419654846,-0.03802362084388733,8.150114044547081,0.7153329253196716
134,/mnt/c/Users/Chirayu/Documents/GitHub/2D-to-3D-image-reconstruction/facescape_224/fsmview_trainset_12_13_lip_funneler_10.jpg,0.48824557662010193,0.4528268873691559,-0.035418689250946045,6.633359536528587,0.6225658059120178
1636,/mnt/c/Users/Chirayu/Documents/GitHub/2D-to-3D-image-reconstruction/facescape_224/fsmview_trainset_19_4_anger_49.jpg,0.49406978487968445,0.4554135501384735,-0.03865623474121094,8.14074543863535,0.7750404477119446
675,/mnt/c/Users/Chirayu/Documents/GitHub/2D-to-3D-image-reconstruction/facescape_224/fsmview_trainset_14_12_lip_puckerer_5.jpg,0.5328613519668579,0.4554826617240906,-0.07737869024276733,7.449430983513594,0.6501498818397522
1409,/mnt/c/Users/Chirayu/Documents/GitHub/2D-to-3D-image-reconstruction/facescape_224/fsmview_trainset_17_16_grin_43.jpg,0.4573705494403839,0.4562971889972687,-0.0010733604431152344,6.766450513154268,0.6613114476203918
1039,/mnt/c/Users/Chirayu/Documents/GitHub/2D-to-3D-image-reconstruction/facescape_224/fsmview_trainset_15_17_cheek_blowing_66.jpg,0.371194064617157,0.4574943482875824,0.08630028367042542,8.988545894622803,0.7365832328796387
607,/mnt/c/Users/Chirayu/Documents/GitHub/2D-to-3D-image-reconstruction/facescape_224/fsmview_trainset_14_20_brow_lower_64.jpg,0.4680376946926117,0.45797863602638245,-0.010059058666229248,6.994817480444908,0.6103767156600952
338,/mnt/c/Users/Chirayu/Documents/GitHub/2D-to-3D-image-reconstruction/facescape_224/fsmview_trainset_11_15_lip_roll_64.jpg,0.42364242672920227,0.463442325592041,0.039799898862838745,8.053904719650745,0.6745026707649231
1950,/mnt/c/Users/Chirayu/Documents/GitHub/2D-to-3D-image-reconstruction/facescape_224/fsmview_trainset_5_4_anger_49.jpg,0.49091699719429016,0.464680939912796,-0.02623605728149414,7.143197700381279,0.6914306879043579
1801,/mnt/c/Users/Chirayu/Documents/GitHub/2D-to-3D-image-reconstruction/facescape_224/fsmview_trainset_12_10_dimpler_28.jpg,0.373248428106308,0.465649276971817,0.09240084886550903,7.378558412194252,0.7142217755317688
1826,/mnt/c/Users/Chirayu/Documents/GitHub/2D-to-3D-image-reconstruction/facescape_224/fsmview_trainset_19_20_brow_lower_15.jpg,0.5042818784713745,0.46820563077926636,-0.036076247692108154,7.114942155778408,0.6280393004417419
1631,/mnt/c/Users/Chirayu/Documents/GitHub/2D-to-3D-image-reconstruction/facescape_224/fsmview_trainset_5_1_neutral_49.jpg,0.4963826537132263,0.46911919116973877,-0.02726346254348755,6.9847293347120285,0.6801589131355286
826,/mnt/c/Users/Chirayu/Documents/GitHub/2D-to-3D-image-reconstruction/facescape_224/fsmview_trainset_11_5_jaw_left_62.jpg,0.4700898826122284,0.4691909849643707,-0.000898897647857666,8.14704379439354,0.7619417905807495
341,/mnt/c/Users/Chirayu/Documents/GitHub/2D-to-3D-image-reconstruction/facescape_224/fsmview_trainset_11_11_chin_raiser_8.jpg,0.4440298080444336,0.46944141387939453,0.025411605834960938,6.7077034041285515,0.6060638427734375
348,/mnt/c/Users/Chirayu/Documents/GitHub/2D-to-3D-image-reconstruction/facescape_224/fsmview_trainset_15_14_sadness_66.jpg,0.3859260380268097,0.47049614787101746,0.08457010984420776,9.683095198124647,0.8235260248184204
1339,/mnt/c/Users/Chirayu/Documents/GitHub/2D-to-3D-image-reconstruction/facescape_224/fsmview_trainset_16_6_jaw_right_40.jpg,0.48119157552719116,0.4707376956939697,-0.010453879833221436,5.864688269793987,0.543814480304718
672,/mnt/c/Users/Chirayu/Documents/GitHub/2D-to-3D-image-reconstruction/facescape_224/fsmview_trainset_19_8_mouth_left_27.jpg,0.5293990969657898,0.47435301542282104,-0.05504608154296875,7.929431173950434,0.7066057324409485
1387,/mnt/c/Users/Chirayu/Documents/GitHub/2D-to-3D-image-reconstruction/facescape_224/fsmview_trainset_12_20_brow_lower_22.jpg,0.3677942752838135,0.4791944622993469,0.11140018701553345,7.57853632979095,0.6778542399406433
926,/mnt/c/Users/Chirayu/Documents/GitHub/2D-to-3D-image-reconstruction/facescape_224/fsmview_trainset_2_16_grin_50.jpg,0.43969038128852844,0.4852008819580078,0.04551050066947937,7.015387129038572,0.6490725874900818
742,/mnt/c/Users/Chirayu/Documents/GitHub/2D-to-3D-image-reconstruction/facescape_224/fsmview_trainset_2_9_mouth_right_49.jpg,0.5059936046600342,0.4867422580718994,-0.019251346588134766,6.736042615026236,0.6020318865776062
1395,/mnt/c/Users/Chirayu/Documents/GitHub/2D-to-3D-image-reconstruction/facescape_224/fsmview_trainset_1_16_grin_18.jpg,0.4842250943183899,0.48829853534698486,0.004073441028594971,6.813657388091087,0.6551385521888733
1543,/mnt/c/Users/Chirayu/Documents/GitHub/2D-to-3D-image-reconstruction/facescape_224/fsmview_trainset_2_20_brow_lower_33.jpg,0.5770663022994995,0.4899039566516876,-0.08716234564781189,7.342294346541166,0.6276144981384277
819,/mnt/c/Users/Chirayu/Documents/GitHub/2D-to-3D-image-reconstruction/facescape_224/fsmview_trainset_12_13_lip_funneler_26.jpg,0.5272243618965149,0.4970360994338989,-0.030188262462615967,7.602411441504955,0.6858507394790649
1892,/mnt/c/Users/Chirayu/Documents/GitHub/2D-to-3D-image-reconstruction/facescape_224/fsmview_trainset_18_17_cheek_blowing_8.jpg,0.04708392918109894,0.4977801740169525,0.4506962448358536,15.52890691999346,1.4732518196105957
702,/mnt/c/Users/Chirayu/Documents/GitHub/2D-to-3D-image-reconstruction/facescape_224/fsmview_trainset_3_18_eye_closed_43.jpg,0.6363884210586548,0.502282977104187,-0.13410544395446777,6.573669727891684,0.6179355382919312
981,/mnt/c/Users/Chirayu/Documents/GitHub/2D-to-3D-image-reconstruction/facescape_224/fsmview_trainset_11_13_lip_funneler_3.jpg,0.49696609377861023,0.5050574541091919,0.008091360330581665,8.196190406568348,0.7085992693901062
1652,/mnt/c/Users/Chirayu/Documents/GitHub/2D-to-3D-image-reconstruction/facescape_224/fsmview_trainset_15_4_anger_66.jpg,0.46014565229415894,0.5058876276016235,0.0457419753074646,9.288412932306528,0.7802615761756897
845,/mnt/c/Users/Chirayu/Documents/GitHub/2D-to-3D-image-reconstruction/facescape_224/fsmview_trainset_2_4_anger_44.jpg,0.5318732857704163,0.5070374011993408,-0.02483588457107544,7.026197850704193,0.6486779451370239
1126,/mnt/c/Users/Chirayu/Documents/GitHub/2D-to-3D-image-reconstruction/facescape_224/fsmview_trainset_9_15_lip_roll_45.jpg,0.6052193641662598,0.509407639503479,-0.09581172466278076,6.612769015133381,0.7116830945014954
244,/mnt/c/Users/Chirayu/Documents/GitHub/2D-to-3D-image-reconstruction/facescape_224/fsmview_trainset_17_6_jaw_right_50.jpg,0.5582048892974854,0.5096978545188904,-0.04850703477859497,8.077016815543175,0.6723945736885071
460,/mnt/c/Users/Chirayu/Documents/GitHub/2D-to-3D-image-reconstruction/facescape_224/fsmview_trainset_2_3_mouth_stretch_22.jpg,0.8298661708831787,0.5139009952545166,-0.3159651756286621,7.314277648925781,0.6959161162376404
980,/mnt/c/Users/Chirayu/Documents/GitHub/2D-to-3D-image-reconstruction/facescape_224/fsmview_trainset_19_16_grin_39.jpg,0.5446898937225342,0.5147498846054077,-0.029940009117126465,7.224416475743055,0.6914279460906982
276,/mnt/c/Users/Chirayu/Documents/GitHub/2D-to-3D-image-reconstruction/facescape_224/fsmview_trainset_11_10_dimpler_51.jpg,0.52752685546875,0.52093505859375,-0.006591796875,6.536570608615875,0.6752962470054626
1212,/mnt/c/Users/Chirayu/Documents/GitHub/2D-to-3D-image-reconstruction/facescape_224/fsmview_trainset_11_13_lip_funneler_6.jpg,0.573070228099823,0.5222195982933044,-0.050850629806518555,8.216187439858913,0.6425977945327759
923,/mnt/c/Users/Chirayu/Documents/GitHub/2D-to-3D-image-reconstruction/facescape_224/fsmview_trainset_11_16_grin_61.jpg,0.5364410877227783,0.5233086943626404,-0.01313239336013794,7.142075780779123,0.6539481282234192
1175,/mnt/c/Users/Chirayu/Documents/GitHub/2D-to-3D-image-reconstruction/facescape_224/fsmview_trainset_11_20_brow_lower_9.jpg,0.4624767303466797,0.527760922908783,0.06528419256210327,6.840735711157322,0.637053906917572
1022,/mnt/c/Users/Chirayu/Documents/GitHub/2D-to-3D-image-reconstruction/facescape_224/fsmview_trainset_4_12_lip_puckerer_35.jpg,0.02729015238583088,0.5315482020378113,0.5042580496519804,15.668338402174413,1.4126285314559937
898,/mnt/c/Users/Chirayu/Documents/GitHub/2D-to-3D-image-reconstruction/facescape_224/fsmview_trainset_3_18_eye_closed_53.jpg,0.6606670022010803,0.5349676609039307,-0.12569934129714966,7.949500419199467,0.6780638098716736
1907,/mnt/c/Users/Chirayu/Documents/GitHub/2D-to-3D-image-reconstruction/facescape_224/fsmview_trainset_11_20_brow_lower_8.jpg,0.5330587029457092,0.5384581089019775,0.0053994059562683105,7.310256630182266,0.6783432364463806
1716,/mnt/c/Users/Chirayu/Documents/GitHub/2D-to-3D-image-reconstruction/facescape_224/fsmview_trainset_11_12_lip_puckerer_7.jpg,0.5856090188026428,0.5397289395332336,-0.04588007926940918,8.682874538004398,0.6735520958900452
207,/mnt/c/Users/Chirayu/Documents/GitHub/2D-to-3D-image-reconstruction/facescape_224/fsmview_trainset_13_8_mouth_left_24.jpg,0.5192181468009949,0.5446202158927917,0.025402069091796875,6.635522527620196,0.599999725818634
132,/mnt/c/Users/Chirayu/Documents/GitHub/2D-to-3D-image-reconstruction/facescape_224/fsmview_trainset_14_4_anger_8.jpg,0.47620469331741333,0.5571547746658325,0.08095008134841919,8.402117297053337,0.7247664928436279
942,/mnt/c/Users/Chirayu/Documents/GitHub/2D-to-3D-image-reconstruction/facescape_224/fsmview_trainset_20_13_lip_funneler_52.jpg,0.5357494354248047,0.5578108429908752,0.022061407566070557,7.152657005935907,0.6440824270248413
1760,/mnt/c/Users/Chirayu/Documents/GitHub/2D-to-3D-image-reconstruction/facescape_224/fsmview_trainset_17_7_jaw_forward_50.jpg,0.5867633819580078,0.5627376437187195,-0.02402573823928833,7.848206095397472,0.7257674336433411
22,/mnt/c/Users/Chirayu/Documents/GitHub/2D-to-3D-image-reconstruction/facescape_224/fsmview_trainset_19_10_dimpler_38.jpg,0.5946297645568848,0.5628692507743835,-0.03176051378250122,7.337982784956694,0.6942383646965027
817,/mnt/c/Users/Chirayu/Documents/GitHub/2D-to-3D-image-reconstruction/facescape_224/fsmview_trainset_19_4_anger_44.jpg,0.6582928895950317,0.5629867315292358,-0.0953061580657959,7.54094548150897,0.6999850273132324
1604,/mnt/c/Users/Chirayu/Documents/GitHub/2D-to-3D-image-reconstruction/facescape_224/fsmview_trainset_5_10_dimpler_23.jpg,0.042034611105918884,0.5665144920349121,0.5244798809289932,15.736703963950276,1.5658098459243774
779,/mnt/c/Users/Chirayu/Documents/GitHub/2D-to-3D-image-reconstruction/facescape_224/fsmview_trainset_9_12_lip_puckerer_17.jpg,0.0366634763777256,0.568825900554657,0.5321624241769314,16.413175583817065,1.451758623123169
717,/mnt/c/Users/Chirayu/Documents/GitHub/2D-to-3D-image-reconstruction/facescape_224/fsmview_trainset_3_5_jaw_left_24.jpg,0.03273645415902138,0.5699293613433838,0.5371929071843624,15.728190478868783,1.4633435010910034
7,/mnt/c/Users/Chirayu/Documents/GitHub/2D-to-3D-image-reconstruction/facescape_224/fsmview_trainset_19_15_lip_roll_49.jpg,0.7415368556976318,0.5722814798355103,-0.16925537586212158,8.485762566328049,0.7237895727157593
1742,/mnt/c/Users/Chirayu/Documents/GitHub/2D-to-3D-image-reconstruction/facescape_224/fsmview_trainset_11_14_sadness_53.jpg,0.5699331760406494,0.5756745338439941,0.0057413578033447266,7.008768383413553,0.6827930212020874
581,/mnt/c/Users/Chirayu/Documents/GitHub/2D-to-3D-image-reconstruction/facescape_224/fsmview_trainset_11_12_lip_puckerer_29.jpg,0.171091690659523,0.5789604187011719,0.40786872804164886,17.53499183896929,1.6545844078063965
1529,/mnt/c/Users/Chirayu/Documents/GitHub/2D-to-3D-image-reconstruction/facescape_224/fsmview_trainset_2_3_mouth_stretch_33.jpg,0.5106492638587952,0.5807276368141174,0.07007837295532227,7.222759073600173,0.609737753868103
598,/mnt/c/Users/Chirayu/Documents/GitHub/2D-to-3D-image-reconstruction/facescape_224/fsmview_trainset_19_5_jaw_left_27.jpg,0.6685757637023926,0.5833900570869446,-0.085185706615448,8.074747823178768,0.6988462209701538
326,/mnt/c/Users/Chirayu/Documents/GitHub/2D-to-3D-image-reconstruction/facescape_224/fsmview_trainset_18_2_smile_35.jpg,0.0436372309923172,0.5846639275550842,0.541026696562767,16.46286174468696,1.6252760887145996
312,/mnt/c/Users/Chirayu/Documents/GitHub/2D-to-3D-image-reconstruction/facescape_224/fsmview_trainset_5_12_lip_puckerer_23.jpg,0.03418122977018356,0.5846888422966003,0.5505076125264168,15.946629689075053,1.5806317329406738
964,/mnt/c/Users/Chirayu/Documents/GitHub/2D-to-3D-image-reconstruction/facescape_224/fsmview_trainset_5_14_sadness_59.jpg,0.5960108637809753,0.6009899377822876,0.004979074001312256,6.904634956270456,0.6575980186462402
80,/mnt/c/Users/Chirayu/Documents/GitHub/2D-to-3D-image-reconstruction/facescape_224/fsmview_trainset_11_18_eye_closed_51.jpg,0.7995519042015076,0.607079029083252,-0.19247287511825562,7.235690705478191,0.6928848028182983
723,/mnt/c/Users/Chirayu/Documents/GitHub/2D-to-3D-image-reconstruction/facescape_224/fsmview_trainset_10_8_mouth_left_24.jpg,0.03900669142603874,0.6081017851829529,0.5690950937569141,16.949673888273537,1.5209401845932007
71,/mnt/c/Users/Chirayu/Documents/GitHub/2D-to-3D-image-reconstruction/facescape_224/fsmview_trainset_3_10_dimpler_58.jpg,0.6394495368003845,0.6088224649429321,-0.030627071857452393,6.717201594263315,0.6504249572753906
363,/mnt/c/Users/Chirayu/Documents/GitHub/2D-to-3D-image-reconstruction/facescape_224/fsmview_trainset_20_16_grin_33.jpg,0.030766205862164497,0.6096092462539673,0.5788430403918028,16.78933863993734,1.5440082550048828
1894,/mnt/c/Users/Chirayu/Documents/GitHub/2D-to-3D-image-reconstruction/facescape_224/fsmview_trainset_2_5_jaw_left_23.jpg,0.042605385184288025,0.6143962740898132,0.5717908889055252,16.193861491046846,1.5236872434616089
1869,/mnt/c/Users/Chirayu/Documents/GitHub/2D-to-3D-image-reconstruction/facescape_224/fsmview_trainset_17_9_mouth_right_49.jpg,0.6751471161842346,0.6207858920097351,-0.05436122417449951,7.932098131626844,0.6780558824539185
601,/mnt/c/Users/Chirayu/Documents/GitHub/2D-to-3D-image-reconstruction/facescape_224/fsmview_trainset_7_3_mouth_stretch_16.jpg,0.04487481713294983,0.6225171089172363,0.5776422917842865,16.41805010754615,1.555406093597412
1819,/mnt/c/Users/Chirayu/Documents/GitHub/2D-to-3D-image-reconstruction/facescape_224/fsmview_trainset_13_8_mouth_left_9.jpg,0.7189800143241882,0.625017523765564,-0.09396249055862427,6.33509536460042,0.625801682472229
1838,/mnt/c/Users/Chirayu/Documents/GitHub/2D-to-3D-image-reconstruction/facescape_224/fsmview_trainset_13_2_smile_30.jpg,0.6521489024162292,0.628827691078186,-0.023321211338043213,5.937110286206007,0.5200731158256531
1010,/mnt/c/Users/Chirayu/Documents/GitHub/2D-to-3D-image-reconstruction/facescape_224/fsmview_trainset_19_12_lip_puckerer_28.jpg,0.7224452495574951,0.6354460120201111,-0.08699923753738403,8.187810823321342,0.7498608827590942
1885,/mnt/c/Users/Chirayu/Documents/GitHub/2D-to-3D-image-reconstruction/facescape_224/fsmview_trainset_11_19_brow_raiser_60.jpg,0.6483963131904602,0.6397715210914612,-0.008624792098999023,7.003531668335199,0.6460241675376892
1503,/mnt/c/Users/Chirayu/Documents/GitHub/2D-to-3D-image-reconstruction/facescape_224/fsmview_trainset_14_11_chin_raiser_61.jpg,0.6463627815246582,0.6424055695533752,-0.003957211971282959,7.205356977880001,0.6092842817306519
579,/mnt/c/Users/Chirayu/Documents/GitHub/2D-to-3D-image-reconstruction/facescape_224/fsmview_trainset_20_13_lip_funneler_59.jpg,0.6706683039665222,0.6502766013145447,-0.02039170265197754,7.531029369682074,0.683027982711792
941,/mnt/c/Users/Chirayu/Documents/GitHub/2D-to-3D-image-reconstruction/facescape_224/fsmview_trainset_17_7_jaw_forward_6.jpg,0.05528516322374344,0.6523464322090149,0.5970612689852715,17.31294146925211,1.653878092765808
1571,/mnt/c/Users/Chirayu/Documents/GitHub/2D-to-3D-image-reconstruction/facescape_224/fsmview_trainset_9_18_eye_closed_57.jpg,0.550132155418396,0.6542378664016724,0.10410571098327637,7.285305466502905,0.6464499831199646
138,/mnt/c/Users/Chirayu/Documents/GitHub/2D-to-3D-image-reconstruction/facescape_224/fsmview_trainset_9_9_mouth_right_57.jpg,0.6391259431838989,0.6543112993240356,0.015185356140136719,6.651356767863035,0.6293640732765198
512,/mnt/c/Users/Chirayu/Documents/GitHub/2D-to-3D-image-reconstruction/facescape_224/fsmview_trainset_12_6_jaw_right_25.jpg,0.8033937811851501,0.6598165035247803,-0.14357727766036987,8.137592166662216,0.7400175333023071
1161,/mnt/c/Users/Chirayu/Documents/GitHub/2D-to-3D-image-reconstruction/facescape_224/fsmview_trainset_3_15_lip_roll_33.jpg,0.6335510015487671,0.668002724647522,0.03445172309875488,6.679553683847189,0.5956392884254456
201,/mnt/c/Users/Chirayu/Documents/GitHub/2D-to-3D-image-reconstruction/facescape_224/fsmview_trainset_5_9_mouth_right_55.jpg,0.6225355863571167,0.6708250045776367,0.04828941822052002,8.417217226698995,0.723149299621582
1768,/mnt/c/Users/Chirayu/Documents/GitHub/2D-to-3D-image-reconstruction/facescape_224/fsmview_trainset_9_16_grin_50.jpg,0.6502997279167175,0.6718012690544128,0.021501541137695312,6.561356266960502,0.6139940619468689
430,/mnt/c/Users/Chirayu/Documents/GitHub/2D-to-3D-image-reconstruction/facescape_224/fsmview_trainset_17_11_chin_raiser_46.jpg,0.6765612363815308,0.6725331544876099,-0.0040280818939208984,7.575349569320679,0.6354248523712158
481,/mnt/c/Users/Chirayu/Documents/GitHub/2D-to-3D-image-reconstruction/facescape_224/fsmview_trainset_11_15_lip_roll_60.jpg,0.6516224145889282,0.6728814840316772,0.021259069442749023,7.898747630417347,0.6796942949295044
1182,/mnt/c/Users/Chirayu/Documents/GitHub/2D-to-3D-image-reconstruction/facescape_224/fsmview_trainset_13_1_neutral_11.jpg,0.7373943328857422,0.6741833686828613,-0.06321096420288086,6.130433600395918,0.5878099203109741
1400,/mnt/c/Users/Chirayu/Documents/GitHub/2D-to-3D-image-reconstruction/facescape_224/fsmview_trainset_15_18_eye_closed_8.jpg,0.6230806708335876,0.6758543252944946,0.05277365446090698,8.725160690024495,0.7305843830108643
323,/mnt/c/Users/Chirayu/Documents/GitHub/2D-to-3D-image-reconstruction/facescape_224/fsmview_trainset_1_10_dimpler_45.jpg,0.03866107389330864,0.6775455474853516,0.6388844735920429,15.229567151516676,1.4560058116912842
1548,/mnt/c/Users/Chirayu/Documents/GitHub/2D-to-3D-image-reconstruction/facescape_224/fsmview_trainset_2_1_neutral_57.jpg,0.6475844979286194,0.6786243319511414,0.031039834022521973,6.949577949941158,0.6205950379371643
763,/mnt/c/Users/Chirayu/Documents/GitHub/2D-to-3D-image-reconstruction/facescape_224/fsmview_trainset_2_5_jaw_left_57.jpg,0.6715395450592041,0.6853658556938171,0.013826310634613037,7.161042124032974,0.61749666929245
1841,/mnt/c/Users/Chirayu/Documents/GitHub/2D-to-3D-image-reconstruction/facescape_224/fsmview_trainset_11_9_mouth_right_59.jpg,0.6751947402954102,0.6856976747512817,0.010502934455871582,7.261964296922088,0.6882705092430115
336,/mnt/c/Users/Chirayu/Documents/GitHub/2D-to-3D-image-reconstruction/facescape_224/fsmview_trainset_11_14_sadness_6.jpg,0.694980263710022,0.6915055513381958,-0.003474712371826172,7.783297776244581,0.6629186272621155
1156,/mnt/c/Users/Chirayu/Documents/GitHub/2D-to-3D-image-reconstruction/facescape_224/fsmview_trainset_17_13_lip_funneler_56.jpg,0.689774751663208,0.6922979354858398,0.002523183822631836,6.598570730537176,0.6068999171257019
1437,/mnt/c/Users/Chirayu/Documents/GitHub/2D-to-3D-image-reconstruction/facescape_224/fsmview_trainset_20_14_sadness_60.jpg,0.7002390623092651,0.6969466805458069,-0.003292381763458252,7.770707052201033,0.6614230275154114
523,/mnt/c/Users/Chirayu/Documents/GitHub/2D-to-3D-image-reconstruction/facescape_224/fsmview_trainset_19_17_cheek_blowing_27.jpg,0.7869813442230225,0.6971088647842407,-0.08987247943878174,8.250058194622397,0.7497219443321228
1075,/mnt/c/Users/Chirayu/Documents/GitHub/2D-to-3D-image-reconstruction/facescape_224/fsmview_trainset_17_9_mouth_right_42.jpg,0.615872323513031,0.708367645740509,0.09249532222747803,6.858584843575954,0.6434704065322876
248,/mnt/c/Users/Chirayu/Documents/GitHub/2D-to-3D-image-reconstruction/facescape_224/fsmview_trainset_20_4_anger_1.jpg,0.6962772011756897,0.710332453250885,0.014055252075195312,5.786641210317612,0.5915477871894836
120,/mnt/c/Users/Chirayu/Documents/GitHub/2D-to-3D-image-reconstruction/facescape_224/fsmview_trainset_13_8_mouth_left_57.jpg,0.6641497015953064,0.7111587524414062,0.047009050846099854,6.281558392569423,0.6506226062774658
96,/mnt/c/Users/Chirayu/Documents/GitHub/2D-to-3D-image-reconstruction/facescape_224/fsmview_trainset_14_5_jaw_left_49.jpg,0.7592257261276245,0.7126597166061401,-0.046566009521484375,7.23553966358304,0.6997852325439453
1489,/mnt/c/Users/Chirayu/Documents/GitHub/2D-to-3D-image-reconstruction/facescape_224/fsmview_trainset_17_20_brow_lower_56.jpg,0.7130997776985168,0.7134115695953369,0.00031179189682006836,5.702765427529812,0.6162741780281067
1966,/mnt/c/Users/Chirayu/Documents/GitHub/2D-to-3D-image-reconstruction/facescape_224/fsmview_trainset_13_5_jaw_left_56.jpg,0.668572723865509,0.7143353819847107,0.04576265811920166,7.949333061464131,0.7619540691375732
1870,/mnt/c/Users/Chirayu/Documents/GitHub/2D-to-3D-image-reconstruction/facescape_224/fsmview_trainset_20_5_jaw_left_7.jpg,0.698596179485321,0.7145090699195862,0.015912890434265137,6.905397333204746,0.6529133319854736
418,/mnt/c/Users/Chirayu/Documents/GitHub/2D-to-3D-image-reconstruction/facescape_224/fsmview_trainset_18_2_smile_8.jpg,0.04497957229614258,0.7194704413414001,0.6744908690452576,18.604285892099142,1.819724202156067
623,/mnt/c/Users/Chirayu/Documents/GitHub/2D-to-3D-image-reconstruction/facescape_224/fsmview_trainset_12_15_lip_roll_20.jpg,0.8452188968658447,0.7359873652458191,-0.10923153162002563,7.627897530794144,0.6766156554222107
249,/mnt/c/Users/Chirayu/Documents/GitHub/2D-to-3D-image-reconstruction/facescape_224/fsmview_trainset_5_4_anger_58.jpg,0.6423096060752869,0.7375685572624207,0.09525895118713379,7.170034816488624,0.5959711670875549
1225,/mnt/c/Users/Chirayu/Documents/GitHub/2D-to-3D-image-reconstruction/facescape_224/fsmview_trainset_11_13_lip_funneler_44.jpg,0.8079667091369629,0.739586353302002,-0.06838035583496094,7.880046598613262,0.7018294930458069
1974,/mnt/c/Users/Chirayu/Documents/GitHub/2D-to-3D-image-reconstruction/facescape_224/fsmview_trainset_11_4_anger_2.jpg,0.750295102596283,0.7419629096984863,-0.00833219289779663,7.3727718982845545,0.6630998849868774
1500,/mnt/c/Users/Chirayu/Documents/GitHub/2D-to-3D-image-reconstruction/facescape_224/fsmview_trainset_11_19_brow_raiser_45.jpg,0.749392032623291,0.7420650124549866,-0.007327020168304443,8.270938277244568,0.6994873285293579
31,/mnt/c/Users/Chirayu/Documents/GitHub/2D-to-3D-image-reconstruction/facescape_224/fsmview_trainset_5_5_jaw_left_58.jpg,0.6693204045295715,0.7499411702156067,0.08062076568603516,7.241274600848556,0.7185890674591064
647,/mnt/c/Users/Chirayu/Documents/GitHub/2D-to-3D-image-reconstruction/facescape_224/fsmview_trainset_2_2_smile_41.jpg,0.8138568997383118,0.7504093050956726,-0.06344759464263916,7.741346903145313,0.718698263168335
182,/mnt/c/Users/Chirayu/Documents/GitHub/2D-to-3D-image-reconstruction/facescape_224/fsmview_trainset_11_2_smile_48.jpg,0.8807845711708069,0.7532287836074829,-0.12755578756332397,7.3024753257632256,0.6639573574066162
1370,/mnt/c/Users/Chirayu/Documents/GitHub/2D-to-3D-image-reconstruction/facescape_224/fsmview_trainset_20_14_sadness_0.jpg,0.7365552186965942,0.7537584900856018,0.01720327138900757,6.198354918509722,0.609472930431366
486,/mnt/c/Users/Chirayu/Documents/GitHub/2D-to-3D-image-reconstruction/facescape_224/fsmview_trainset_14_2_smile_49.jpg,0.8261429071426392,0.759791910648346,-0.06635099649429321,7.988843109458685,0.6758531928062439
674,/mnt/c/Users/Chirayu/Documents/GitHub/2D-to-3D-image-reconstruction/facescape_224/fsmview_trainset_17_3_mouth_stretch_56.jpg,0.7421734929084778,0.7603814601898193,0.018207967281341553,6.93012557644397,0.6040438413619995
1188,/mnt/c/Users/Chirayu/Documents/GitHub/2D-to-3D-image-reconstruction/facescape_224/fsmview_trainset_11_11_chin_raiser_59.jpg,0.7815940976142883,0.7626870274543762,-0.01890707015991211,7.2159454226493835,0.6517709493637085
1902,/mnt/c/Users/Chirayu/Documents/GitHub/2D-to-3D-image-reconstruction/facescape_224/fsmview_trainset_1_15_lip_roll_35.jpg,0.06775634735822678,0.763428807258606,0.6956724599003792,19.590277686715126,1.9127235412597656
1058,/mnt/c/Users/Chirayu/Documents/GitHub/2D-to-3D-image-reconstruction/facescape_224/fsmview_trainset_3_12_lip_puckerer_53.jpg,0.8609386086463928,0.7658621072769165,-0.09507650136947632,7.977884836494923,0.6654654741287231
1193,/mnt/c/Users/Chirayu/Documents/GitHub/2D-to-3D-image-reconstruction/facescape_224/fsmview_trainset_2_18_eye_closed_57.jpg,0.7464619874954224,0.7760943174362183,0.0296323299407959,6.914647584781051,0.7115604877471924
374,/mnt/c/Users/Chirayu/Documents/GitHub/2D-to-3D-image-reconstruction/facescape_224/fsmview_trainset_11_9_mouth_right_48.jpg,0.754935622215271,0.7798085808753967,0.024872958660125732,7.468853551894426,0.6854274868965149
1987,/mnt/c/Users/Chirayu/Documents/GitHub/2D-to-3D-image-reconstruction/facescape_224/fsmview_trainset_20_16_grin_54.jpg,0.8373022675514221,0.7838513851165771,-0.05345088243484497,6.222381949424744,0.6777372360229492
1180,/mnt/c/Users/Chirayu/Documents/GitHub/2D-to-3D-image-reconstruction/facescape_224/fsmview_trainset_5_2_smile_58.jpg,0.709190845489502,0.7849849462509155,0.07579410076141357,7.088846338912845,0.5963363647460938
1549,/mnt/c/Users/Chirayu/Documents/GitHub/2D-to-3D-image-reconstruction/facescape_224/fsmview_trainset_11_7_jaw_forward_5.jpg,0.8295745849609375,0.7935600876808167,-0.03601449728012085,7.419387344270945,0.6480792760848999
213,/mnt/c/Users/Chirayu/Documents/GitHub/2D-to-3D-image-reconstruction/facescape_224/fsmview_trainset_9_14_sadness_43.jpg,0.8570196628570557,0.7939416170120239,-0.06307804584503174,7.581130336970091,0.6765560507774353
1882,/mnt/c/Users/Chirayu/Documents/GitHub/2D-to-3D-image-reconstruction/facescape_224/fsmview_trainset_12_6_jaw_right_19.jpg,0.7515055537223816,0.8067821264266968,0.055276572704315186,8.480616755783558,0.7463515996932983
1913,/mnt/c/Users/Chirayu/Documents/GitHub/2D-to-3D-image-reconstruction/facescape_224/fsmview_trainset_12_8_mouth_left_36.jpg,0.6858565211296082,0.8088927268981934,0.1230362057685852,8.478235647082329,0.7658107280731201
434,/mnt/c/Users/Chirayu/Documents/GitHub/2D-to-3D-image-reconstruction/facescape_224/fsmview_trainset_11_20_brow_lower_34.jpg,0.03360334411263466,0.8147864937782288,0.7811831496655941,19.486181277781725,1.8444759845733643
1301,/mnt/c/Users/Chirayu/Documents/GitHub/2D-to-3D-image-reconstruction/facescape_224/fsmview_trainset_12_1_neutral_7.jpg,0.8202999234199524,0.8153424263000488,-0.0049574971199035645,8.235095439478755,0.7724639177322388
537,/mnt/c/Users/Chirayu/Documents/GitHub/2D-to-3D-image-reconstruction/facescape_224/fsmview_trainset_11_8_mouth_left_45.jpg,0.8194095492362976,0.8157872557640076,-0.003622293472290039,7.7696025893092155,0.6578912734985352
189,/mnt/c/Users/Chirayu/Documents/GitHub/2D-to-3D-image-reconstruction/facescape_224/fsmview_trainset_13_7_jaw_forward_34.jpg,0.845678985118866,0.8237594366073608,-0.021919548511505127,6.733537137508392,0.6743821501731873
1595,/mnt/c/Users/Chirayu/Documents/GitHub/2D-to-3D-image-reconstruction/facescape_224/fsmview_trainset_5_5_jaw_left_11.jpg,0.9011804461479187,0.8288167119026184,-0.07236373424530029,6.740636624395847,0.6632605791091919
106,/mnt/c/Users/Chirayu/Documents/GitHub/2D-to-3D-image-reconstruction/facescape_224/fsmview_trainset_11_19_brow_raiser_61.jpg,0.8130497932434082,0.8314461708068848,0.018396377563476562,7.803053662180901,0.6485082507133484
1299,/mnt/c/Users/Chirayu/Documents/GitHub/2D-to-3D-image-reconstruction/facescape_224/fsmview_trainset_13_20_brow_lower_36.jpg,0.9115254878997803,0.8402305245399475,-0.07129496335983276,8.27942418679595,0.735327422618866
285,/mnt/c/Users/Chirayu/Documents/GitHub/2D-to-3D-image-reconstruction/facescape_224/fsmview_trainset_11_3_mouth_stretch_62.jpg,0.8332306146621704,0.8448784947395325,0.01164788007736206,7.775772467255592,0.673627495765686
379,/mnt/c/Users/Chirayu/Documents/GitHub/2D-to-3D-image-reconstruction/facescape_224/fsmview_trainset_2_20_brow_lower_8.jpg,0.05155080929398537,0.8519281148910522,0.8003773055970669,21.055442862212658,2.0264384746551514
860,/mnt/c/Users/Chirayu/Documents/GitHub/2D-to-3D-image-reconstruction/facescape_224/fsmview_trainset_17_1_neutral_58.jpg,0.8590105772018433,0.8598847389221191,0.0008741617202758789,6.427474610507488,0.665241539478302
903,/mnt/c/Users/Chirayu/Documents/GitHub/2D-to-3D-image-reconstruction/facescape_224/fsmview_trainset_2_16_grin_45.jpg,1.0208877325057983,0.860558271408081,-0.16032946109771729,6.3323844112455845,0.5646411776542664
421,/mnt/c/Users/Chirayu/Documents/GitHub/2D-to-3D-image-reconstruction/facescape_224/fsmview_trainset_14_17_cheek_blowing_66.jpg,0.8645177483558655,0.8692997694015503,0.0047820210456848145,7.5158370435237885,0.6725451946258545
1480,/mnt/c/Users/Chirayu/Documents/GitHub/2D-to-3D-image-reconstruction/facescape_224/fsmview_trainset_11_13_lip_funneler_60.jpg,0.8670175075531006,0.8695924282073975,0.002574920654296875,7.881539441645145,0.6452192068099976
231,/mnt/c/Users/Chirayu/Documents/GitHub/2D-to-3D-image-reconstruction/facescape_224/fsmview_trainset_19_3_mouth_stretch_15.jpg,0.868773877620697,0.8706238865852356,0.0018500089645385742,6.820492837578058,0.5835307240486145
890,/mnt/c/Users/Chirayu/Documents/GitHub/2D-to-3D-image-reconstruction/facescape_224/fsmview_trainset_11_5_jaw_left_48.jpg,1.0171427726745605,0.8802741765975952,-0.13686859607696533,7.869775332510471,0.6946970820426941
1873,/mnt/c/Users/Chirayu/Documents/GitHub/2D-to-3D-image-reconstruction/facescape_224/fsmview_trainset_14_8_mouth_left_53.jpg,0.8825376033782959,0.8840684294700623,0.0015308260917663574,7.906765587627888,0.6632851362228394
1617,/mnt/c/Users/Chirayu/Documents/GitHub/2D-to-3D-image-reconstruction/facescape_224/fsmview_trainset_14_18_eye_closed_49.jpg,0.9332156181335449,0.8932988047599792,-0.039916813373565674,7.825726710259914,0.7209110856056213
1199,/mnt/c/Users/Chirayu/Documents/GitHub/2D-to-3D-image-reconstruction/facescape_224/fsmview_trainset_2_16_grin_53.jpg,0.9875845313072205,0.898363471031189,-0.0892210602760315,8.407758347690105,0.770379364490509
291,/mnt/c/Users/Chirayu/Documents/GitHub/2D-to-3D-image-reconstruction/facescape_224/fsmview_trainset_1_3_mouth_stretch_32.jpg,0.1964801847934723,0.9017986059188843,0.705318421125412,21.569413393735886,2.0319712162017822
284,/mnt/c/Users/Chirayu/Documents/GitHub/2D-to-3D-image-reconstruction/facescape_224/fsmview_trainset_12_14_sadness_28.jpg,0.9752642512321472,0.9443528652191162,-0.030911386013031006,8.599398657679558,0.6956179141998291
1091,/mnt/c/Users/Chirayu/Documents/GitHub/2D-to-3D-image-reconstruction/facescape_224/fsmview_trainset_11_12_lip_puckerer_10.jpg,0.8747336268424988,0.9641683101654053,0.0894346833229065,7.8461127653717995,0.6883235573768616
629,/mnt/c/Users/Chirayu/Documents/GitHub/2D-to-3D-image-reconstruction/facescape_224/fsmview_trainset_20_8_mouth_left_7.jpg,0.983004629611969,0.9732236266136169,-0.00978100299835205,7.293460283428431,0.6801289916038513
1098,/mnt/c/Users/Chirayu/Documents/GitHub/2D-to-3D-image-reconstruction/facescape_224/fsmview_trainset_11_15_lip_roll_6.jpg,1.035990834236145,0.974536120891571,-0.061454713344573975,7.084186844527721,0.6058595180511475
1854,/mnt/c/Users/Chirayu/Documents/GitHub/2D-to-3D-image-reconstruction/facescape_224/fsmview_trainset_11_3_mouth_stretch_52.jpg,1.009026050567627,0.9770880341529846,-0.031938016414642334,8.073560267686844,0.6603758335113525
1150,/mnt/c/Users/Chirayu/Documents/GitHub/2D-to-3D-image-reconstruction/facescape_224/fsmview_trainset_2_16_grin_40.jpg,1.061285376548767,0.9961438179016113,-0.06514155864715576,7.601226814091206,0.640127956867218
409,/mnt/c/Users/Chirayu/Documents/GitHub/2D-to-3D-image-reconstruction/facescape_224/fsmview_trainset_16_19_brow_raiser_27.jpg,1.040802001953125,1.001339077949524,-0.039462924003601074,7.814401224255562,0.6667718887329102
1615,/mnt/c/Users/Chirayu/Documents/GitHub/2D-to-3D-image-reconstruction/facescape_224/fsmview_trainset_11_17_cheek_blowing_29.jpg,0.19304805994033813,1.007792592048645,0.8147445321083069,23.31840706244111,2.3093271255493164
1074,/mnt/c/Users/Chirayu/Documents/GitHub/2D-to-3D-image-reconstruction/facescape_224/fsmview_trainset_1_15_lip_roll_1.jpg,0.031993113458156586,1.0176928043365479,0.9856996908783913,22.01343110203743,2.0321054458618164
1512,/mnt/c/Users/Chirayu/Documents/GitHub/2D-to-3D-image-reconstruction/facescape_224/fsmview_trainset_8_9_mouth_right_33.jpg,0.03858501836657524,1.0272740125656128,0.9886889941990376,21.893396757543087,2.051100015640259
1211,/mnt/c/Users/Chirayu/Documents/GitHub/2D-to-3D-image-reconstruction/facescape_224/fsmview_trainset_15_14_sadness_8.jpg,1.0921356678009033,1.0308222770690918,-0.06131339073181152,8.111806564033031,0.6600432395935059
364,/mnt/c/Users/Chirayu/Documents/GitHub/2D-to-3D-image-reconstruction/facescape_224/fsmview_trainset_20_3_mouth_stretch_7.jpg,1.0832563638687134,1.0322016477584839,-0.05105471611022949,6.266268439590931,0.6001917719841003
1763,/mnt/c/Users/Chirayu/Documents/GitHub/2D-to-3D-image-reconstruction/facescape_224/fsmview_trainset_1_11_chin_raiser_49.jpg,0.07059402018785477,1.0567283630371094,0.9861343428492546,19.12343354523182,1.967893362045288
1879,/mnt/c/Users/Chirayu/Documents/GitHub/2D-to-3D-image-reconstruction/facescape_224/fsmview_trainset_2_15_lip_roll_41.jpg,1.1542903184890747,1.066848635673523,-0.08744168281555176,7.685915891081095,0.7201167345046997
1893,/mnt/c/Users/Chirayu/Documents/GitHub/2D-to-3D-image-reconstruction/facescape_224/fsmview_trainset_15_19_brow_raiser_8.jpg,1.1035656929016113,1.0758354663848877,-0.027730226516723633,8.899428714066744,0.7668089270591736
1904,/mnt/c/Users/Chirayu/Documents/GitHub/2D-to-3D-image-reconstruction/facescape_224/fsmview_trainset_11_5_jaw_left_52.jpg,1.123204231262207,1.0835806131362915,-0.03962361812591553,8.271339803934097,0.6858358979225159
510,/mnt/c/Users/Chirayu/Documents/GitHub/2D-to-3D-image-reconstruction/facescape_224/fsmview_trainset_5_19_brow_raiser_15.jpg,0.03306780382990837,1.1007497310638428,1.0676819272339344,22.799816343933344,2.1070330142974854
822,/mnt/c/Users/Chirayu/Documents/GitHub/2D-to-3D-image-reconstruction/facescape_224/fsmview_trainset_13_15_lip_roll_2.jpg,1.1470805406570435,1.1094856262207031,-0.03759491443634033,6.158225804567337,0.6447686553001404
1934,/mnt/c/Users/Chirayu/Documents/GitHub/2D-to-3D-image-reconstruction/facescape_224/fsmview_trainset_11_4_anger_50.jpg,1.162164330482483,1.130656123161316,-0.03150820732116699,7.590941589325666,0.669575035572052
1017,/mnt/c/Users/Chirayu/Documents/GitHub/2D-to-3D-image-reconstruction/facescape_224/fsmview_trainset_3_17_cheek_blowing_5.jpg,0.05737212672829628,1.1315269470214844,1.074154820293188,23.5254959538579,2.422576665878296
709,/mnt/c/Users/Chirayu/Documents/GitHub/2D-to-3D-image-reconstruction/facescape_224/fsmview_trainset_12_1_neutral_50.jpg,0.03230331838130951,1.1320778131484985,1.099774494767189,23.3506624288857,2.177457809448242
1927,/mnt/c/Users/Chirayu/Documents/GitHub/2D-to-3D-image-reconstruction/facescape_224/fsmview_trainset_17_13_lip_funneler_15.jpg,0.05082292854785919,1.1450543403625488,1.0942314118146896,22.777630534023046,2.0457215309143066
1377,/mnt/c/Users/Chirayu/Documents/GitHub/2D-to-3D-image-reconstruction/facescape_224/fsmview_trainset_12_6_jaw_right_11.jpg,0.03934647887945175,1.1855758428573608,1.146229363977909,24.52697428315878,2.460284948348999
0,/mnt/c/Users/Chirayu/Documents/GitHub/2D-to-3D-image-reconstruction/facescape_224/fsmview_trainset_11_1_neutral_25.jpg,0.0396287702023983,1.2111111879348755,1.1714824177324772,23.68019863963127,2.2625226974487305
1657,/mnt/c/Users/Chirayu/Documents/GitHub/2D-to-3D-image-reconstruction/facescape_224/fsmview_trainset_19_7_jaw_forward_18.jpg,1.256121039390564,1.236114501953125,-0.020006537437438965,8.704143065959215,0.7048370242118835
122,/mnt/c/Users/Chirayu/Documents/GitHub/2D-to-3D-image-reconstruction/facescape_224/fsmview_trainset_1_19_brow_raiser_31.jpg,0.03894876316189766,1.2698575258255005,1.2309087626636028,23.309083562344313,2.223140239715576
740,/mnt/c/Users/Chirayu/Documents/GitHub/2D-to-3D-image-reconstruction/facescape_224/fsmview_trainset_6_8_mouth_left_5.jpg,0.03439370170235634,1.3127013444900513,1.278307642787695,25.368745245039463,2.6610395908355713
1376,/mnt/c/Users/Chirayu/Documents/GitHub/2D-to-3D-image-reconstruction/facescape_224/fsmview_trainset_18_7_jaw_forward_33.jpg,0.033918339759111404,1.325842261314392,1.2919239215552807,24.972179301083088,2.4486920833587646
1408,/mnt/c/Users/Chirayu/Documents/GitHub/2D-to-3D-image-reconstruction/facescape_224/fsmview_trainset_4_12_lip_puckerer_18.jpg,0.0446641743183136,1.3293007612228394,1.2846365869045258,26.181095860898495,2.681508779525757
1151,/mnt/c/Users/Chirayu/Documents/GitHub/2D-to-3D-image-reconstruction/facescape_224/fsmview_trainset_6_6_jaw_right_14.jpg,0.049093954265117645,1.3355199098587036,1.286425955593586,24.99576234444976,2.4580953121185303
1639,/mnt/c/Users/Chirayu/Documents/GitHub/2D-to-3D-image-reconstruction/facescape_224/fsmview_trainset_3_10_dimpler_24.jpg,0.04869949072599411,1.3561056852340698,1.3074061945080757,24.621700935065746,2.36892032623291
1825,/mnt/c/Users/Chirayu/Documents/GitHub/2D-to-3D-image-reconstruction/facescape_224/fsmview_trainset_17_7_jaw_forward_14.jpg,0.03819480910897255,1.4410384893417358,1.4028436802327633,26.052273146808147,2.4800260066986084
691,/mnt/c/Users/Chirayu/Documents/GitHub/2D-to-3D-image-reconstruction/facescape_224/fsmview_trainset_3_10_dimpler_25.jpg,0.03350602090358734,1.5655089616775513,1.532002940773964,26.586940452456474,2.625843048095703
204,/mnt/c/Users/Chirayu/Documents/GitHub/2D-to-3D-image-reconstruction/facescape_224/fsmview_trainset_9_1_neutral_5.jpg,0.03910277783870697,1.611005187034607,1.5719024091959,28.644973888993263,2.998317003250122
215,/mnt/c/Users/Chirayu/Documents/GitHub/2D-to-3D-image-reconstruction/facescape_224/fsmview_trainset_5_10_dimpler_12.jpg,0.4080502986907959,1.7065638303756714,1.2985135316848755,29.46856402605772,2.906611919403076
659,/mnt/c/Users/Chirayu/Documents/GitHub/2D-to-3D-image-reconstruction/facescape_224/fsmview_trainset_12_12_lip_puckerer_32.jpg,0.03746837377548218,1.950058937072754,1.9125905632972717,30.482093799859285,3.106161594390869
804,/mnt/c/Users/Chirayu/Documents/GitHub/2D-to-3D-image-reconstruction/facescape_224/fsmview_trainset_9_7_jaw_forward_23.jpg,0.03897479549050331,1.9629709720611572,1.923996176570654,30.4387524202466,3.091590166091919
