idx,image_path,baseline_lmk_err,finetuned_lmk_err,lmk_err_delta_ft_minus_base,finetuned_cam_score,finetuned_lmk_abs_max
667,/mnt/c/Users/Chirayu/Documents/GitHub/2D-to-3D-image-reconstruction/facescape_224/fsmview_trainset_15_15_lip_roll_25.jpg,0.027457300573587418,0.02734820358455181,-0.00010909698903560638,7.107110939919949,0.5835365653038025
32,/mnt/c/Users/Chirayu/Documents/GitHub/2D-to-3D-image-reconstruction/facescape_224/fsmview_trainset_4_17_cheek_blowing_43.jpg,0.02880554273724556,0.029577959328889847,0.0007724165916442871,7.575525533407927,0.6266477108001709
543,/mnt/c/Users/Chirayu/Documents/GitHub/2D-to-3D-image-reconstruction/facescape_224/fsmview_trainset_20_4_anger_23.jpg,0.02977178432047367,0.029607443138957024,-0.00016434118151664734,7.483266018331051,0.6014119386672974
322,/mnt/c/Users/Chirayu/Documents/GitHub/2D-to-3D-image-reconstruction/facescape_224/fsmview_trainset_18_14_sadness_43.jpg,0.03339739516377449,0.03127189353108406,-0.0021255016326904297,7.791294053196907,0.6502847671508789
970,/mnt/c/Users/Chirayu/Documents/GitHub/2D-to-3D-image-reconstruction/facescape_224/fsmview_trainset_15_15_lip_roll_23.jpg,0.03120872564613819,0.03146951645612717,0.0002607908099889755,6.9946694150567055,0.5611699819564819
633,/mnt/c/Users/Chirayu/Documents/GitHub/2D-to-3D-image-reconstruction/facescape_224/fsmview_trainset_7_9_mouth_right_10.jpg,0.030798757448792458,0.03172601759433746,0.0009272601455450058,7.66917260363698,0.6447124481201172
895,/mnt/c/Users/Chirayu/Documents/GitHub/2D-to-3D-image-reconstruction/facescape_224/fsmview_trainset_20_10_dimpler_31.jpg,0.034001342952251434,0.03212440013885498,-0.0018769428133964539,7.671655580401421,0.6478749513626099
222,/mnt/c/Users/Chirayu/Documents/GitHub/2D-to-3D-image-reconstruction/facescape_224/fsmview_trainset_1_9_mouth_right_43.jpg,0.033719148486852646,0.032301340252161026,-0.0014178082346916199,7.67851085960865,0.658122718334198
117,/mnt/c/Users/Chirayu/Documents/GitHub/2D-to-3D-image-reconstruction/facescape_224/fsmview_trainset_8_14_sadness_24.jpg,0.03173140808939934,0.032590508460998535,0.0008591003715991974,7.6805509105324745,0.6528354287147522
42,/mnt/c/Users/Chirayu/Documents/GitHub/2D-to-3D-image-reconstruction/facescape_224/fsmview_trainset_14_16_grin_63.jpg,0.03626050800085068,0.03269388526678085,-0.0035666227340698242,7.713611718267202,0.6905860900878906
500,/mnt/c/Users/Chirayu/Documents/GitHub/2D-to-3D-image-reconstruction/facescape_224/fsmview_trainset_16_6_jaw_right_10.jpg,0.031139807775616646,0.03271486610174179,0.001575058326125145,7.775830216705799,0.6529687643051147
626,/mnt/c/Users/Chirayu/Documents/GitHub/2D-to-3D-image-reconstruction/facescape_224/fsmview_trainset_16_3_mouth_stretch_10.jpg,0.0288664810359478,0.03313503786921501,0.004268556833267212,7.173631310462952,0.6371320486068726
948,/mnt/c/Users/Chirayu/Documents/GitHub/2D-to-3D-image-reconstruction/facescape_224/fsmview_trainset_20_8_mouth_left_27.jpg,0.031858865171670914,0.033268675208091736,0.0014098100364208221,7.790349183604121,0.6588754057884216
176,/mnt/c/Users/Chirayu/Documents/GitHub/2D-to-3D-image-reconstruction/facescape_224/fsmview_trainset_14_7_jaw_forward_22.jpg,0.03372672572731972,0.033660028129816055,-6.669759750366211e-05,6.88419982790947,0.6202982664108276
665,/mnt/c/Users/Chirayu/Documents/GitHub/2D-to-3D-image-reconstruction/facescape_224/fsmview_trainset_20_1_neutral_21.jpg,0.03420211747288704,0.033690787851810455,-0.0005113296210765839,7.712405525147915,0.6335572004318237
290,/mnt/c/Users/Chirayu/Documents/GitHub/2D-to-3D-image-reconstruction/facescape_224/fsmview_trainset_3_20_brow_lower_19.jpg,0.03450480476021767,0.033828429877758026,-0.0006763748824596405,8.02495201304555,0.6802657842636108
446,/mnt/c/Users/Chirayu/Documents/GitHub/2D-to-3D-image-reconstruction/facescape_224/fsmview_trainset_14_6_jaw_right_24.jpg,0.03454107791185379,0.033933110535144806,-0.0006079673767089844,7.099749559536576,0.6081270575523376
23,/mnt/c/Users/Chirayu/Documents/GitHub/2D-to-3D-image-reconstruction/facescape_224/fsmview_trainset_20_7_jaw_forward_31.jpg,0.038400258868932724,0.03400050848722458,-0.004399750381708145,7.804027838632464,0.6496491432189941
930,/mnt/c/Users/Chirayu/Documents/GitHub/2D-to-3D-image-reconstruction/facescape_224/fsmview_trainset_16_2_smile_56.jpg,0.02861154079437256,0.034127235412597656,0.005515694618225098,7.851994313299656,0.679876446723938
339,/mnt/c/Users/Chirayu/Documents/GitHub/2D-to-3D-image-reconstruction/facescape_224/fsmview_trainset_16_10_dimpler_43.jpg,0.03370773419737816,0.03445963189005852,0.0007518976926803589,7.607923083007336,0.636506199836731
532,/mnt/c/Users/Chirayu/Documents/GitHub/2D-to-3D-image-reconstruction/facescape_224/fsmview_trainset_18_20_brow_lower_24.jpg,0.034995947033166885,0.03457823395729065,-0.00041771307587623596,8.230238921940327,0.7028075456619263
617,/mnt/c/Users/Chirayu/Documents/GitHub/2D-to-3D-image-reconstruction/facescape_224/fsmview_trainset_1_2_smile_10.jpg,0.03252783790230751,0.03470933809876442,0.002181500196456909,8.340484496206045,0.7391155362129211
469,/mnt/c/Users/Chirayu/Documents/GitHub/2D-to-3D-image-reconstruction/facescape_224/fsmview_trainset_15_6_jaw_right_22.jpg,0.03463923931121826,0.03471968322992325,8.044391870498657e-05,7.057957336306572,0.5907135605812073
811,/mnt/c/Users/Chirayu/Documents/GitHub/2D-to-3D-image-reconstruction/facescape_224/fsmview_trainset_7_6_jaw_right_5.jpg,0.04107949510216713,0.034844882786273956,-0.006234612315893173,7.854117467999458,0.66962730884552
293,/mnt/c/Users/Chirayu/Documents/GitHub/2D-to-3D-image-reconstruction/facescape_224/fsmview_trainset_14_9_mouth_right_64.jpg,0.03612332418560982,0.03498496860265732,-0.0011383555829524994,7.731259852647781,0.6852497458457947
400,/mnt/c/Users/Chirayu/Documents/GitHub/2D-to-3D-image-reconstruction/facescape_224/fsmview_trainset_13_3_mouth_stretch_40.jpg,0.03397497162222862,0.03503825515508652,0.001063283532857895,7.18360198289156,0.6573897004127502
526,/mnt/c/Users/Chirayu/Documents/GitHub/2D-to-3D-image-reconstruction/facescape_224/fsmview_trainset_7_5_jaw_left_18.jpg,0.03513482213020325,0.035045474767684937,-8.934736251831055e-05,8.097200941294432,0.6642314791679382
715,/mnt/c/Users/Chirayu/Documents/GitHub/2D-to-3D-image-reconstruction/facescape_224/fsmview_trainset_14_4_anger_41.jpg,0.03130486235022545,0.03508361056447029,0.0037787482142448425,7.759748689830303,0.6506738066673279
934,/mnt/c/Users/Chirayu/Documents/GitHub/2D-to-3D-image-reconstruction/facescape_224/fsmview_trainset_10_4_anger_8.jpg,0.03596029058098793,0.035217005759477615,-0.0007432848215103149,7.605794869363308,0.6526302099227905
477,/mnt/c/Users/Chirayu/Documents/GitHub/2D-to-3D-image-reconstruction/facescape_224/fsmview_trainset_3_19_brow_raiser_28.jpg,0.036018092185258865,0.035391684621572495,-0.0006264075636863708,7.6429268680512905,0.6456323266029358
226,/mnt/c/Users/Chirayu/Documents/GitHub/2D-to-3D-image-reconstruction/facescape_224/fsmview_trainset_18_5_jaw_left_10.jpg,0.03053012304008007,0.035394880920648575,0.004864757880568504,7.971523627638817,0.6773710250854492
988,/mnt/c/Users/Chirayu/Documents/GitHub/2D-to-3D-image-reconstruction/facescape_224/fsmview_trainset_8_1_neutral_16.jpg,0.033832840621471405,0.03547695651650429,0.0016441158950328827,7.933938153088093,0.6689032912254333
688,/mnt/c/Users/Chirayu/Documents/GitHub/2D-to-3D-image-reconstruction/facescape_224/fsmview_trainset_8_11_chin_raiser_43.jpg,0.03155258297920227,0.035753872245550156,0.004201289266347885,7.618621453642845,0.6369185447692871
475,/mnt/c/Users/Chirayu/Documents/GitHub/2D-to-3D-image-reconstruction/facescape_224/fsmview_trainset_3_2_smile_26.jpg,0.034440889954566956,0.03603324294090271,0.0015923529863357544,7.913671433925629,0.6641975045204163
448,/mnt/c/Users/Chirayu/Documents/GitHub/2D-to-3D-image-reconstruction/facescape_224/fsmview_trainset_18_20_brow_lower_54.jpg,0.0364123098552227,0.03622107580304146,-0.0001912340521812439,8.53599032573402,0.7082272171974182
986,/mnt/c/Users/Chirayu/Documents/GitHub/2D-to-3D-image-reconstruction/facescape_224/fsmview_trainset_16_20_brow_lower_33.jpg,0.036224614828825,0.03626357018947601,3.8955360651016235e-05,8.177731779403985,0.6693155169487
173,/mnt/c/Users/Chirayu/Documents/GitHub/2D-to-3D-image-reconstruction/facescape_224/fsmview_trainset_1_19_brow_raiser_52.jpg,0.0365704707801342,0.0363675095140934,-0.000202961266040802,8.211849625688046,0.6901007294654846
928,/mnt/c/Users/Chirayu/Documents/GitHub/2D-to-3D-image-reconstruction/facescape_224/fsmview_trainset_4_11_chin_raiser_54.jpg,0.03664978966116905,0.036542586982250214,-0.0001072026789188385,8.109326399862766,0.6932089328765869
51,/mnt/c/Users/Chirayu/Documents/GitHub/2D-to-3D-image-reconstruction/facescape_224/fsmview_trainset_18_18_eye_closed_42.jpg,0.03487274795770645,0.036552853882312775,0.0016801059246063232,7.837098903954029,0.6484444737434387
600,/mnt/c/Users/Chirayu/Documents/GitHub/2D-to-3D-image-reconstruction/facescape_224/fsmview_trainset_3_2_smile_25.jpg,0.035011325031518936,0.03656492382287979,0.001553598791360855,7.704285833984613,0.659692645072937
53,/mnt/c/Users/Chirayu/Documents/GitHub/2D-to-3D-image-reconstruction/facescape_224/fsmview_trainset_3_3_mouth_stretch_21.jpg,0.03201509267091751,0.03658973425626755,0.004574641585350037,7.839003272354603,0.7140836119651794
825,/mnt/c/Users/Chirayu/Documents/GitHub/2D-to-3D-image-reconstruction/facescape_224/fsmview_trainset_4_1_neutral_52.jpg,0.03760427609086037,0.036611106246709824,-0.0009931698441505432,9.038497570436448,0.760948121547699
756,/mnt/c/Users/Chirayu/Documents/GitHub/2D-to-3D-image-reconstruction/facescape_224/fsmview_trainset_7_2_smile_19.jpg,0.03490642085671425,0.036631256341934204,0.0017248354852199554,8.688804746139795,0.7103520631790161
225,/mnt/c/Users/Chirayu/Documents/GitHub/2D-to-3D-image-reconstruction/facescape_224/fsmview_trainset_19_11_chin_raiser_1.jpg,0.03697334975004196,0.03670904412865639,-0.00026430562138557434,8.13276731595397,0.6647493243217468
971,/mnt/c/Users/Chirayu/Documents/GitHub/2D-to-3D-image-reconstruction/facescape_224/fsmview_trainset_2_20_brow_lower_25.jpg,0.032484088093042374,0.03678763285279274,0.004303544759750366,7.951287604868412,0.6630274057388306
953,/mnt/c/Users/Chirayu/Documents/GitHub/2D-to-3D-image-reconstruction/facescape_224/fsmview_trainset_16_5_jaw_left_33.jpg,0.0352930873632431,0.03689197078347206,0.0015988834202289581,8.052071164362133,0.6710938811302185
920,/mnt/c/Users/Chirayu/Documents/GitHub/2D-to-3D-image-reconstruction/facescape_224/fsmview_trainset_4_9_mouth_right_19.jpg,0.039030782878398895,0.03695765882730484,-0.002073124051094055,8.878599539399147,0.724089503288269
862,/mnt/c/Users/Chirayu/Documents/GitHub/2D-to-3D-image-reconstruction/facescape_224/fsmview_trainset_13_8_mouth_left_32.jpg,0.03925877436995506,0.037034742534160614,-0.002224031835794449,8.876882268115878,0.7242212891578674
769,/mnt/c/Users/Chirayu/Documents/GitHub/2D-to-3D-image-reconstruction/facescape_224/fsmview_trainset_7_11_chin_raiser_5.jpg,0.03669747710227966,0.03705216944217682,0.00035469233989715576,8.038543440401554,0.6648013591766357
640,/mnt/c/Users/Chirayu/Documents/GitHub/2D-to-3D-image-reconstruction/facescape_224/fsmview_trainset_3_9_mouth_right_28.jpg,0.03695187345147133,0.0371125228703022,0.00016064941883087158,7.595364309847355,0.6431396007537842
757,/mnt/c/Users/Chirayu/Documents/GitHub/2D-to-3D-image-reconstruction/facescape_224/fsmview_trainset_9_3_mouth_stretch_25.jpg,0.03576165810227394,0.0371578074991703,0.0013961493968963623,6.852872233837843,0.681547224521637
218,/mnt/c/Users/Chirayu/Documents/GitHub/2D-to-3D-image-reconstruction/facescape_224/fsmview_trainset_16_10_dimpler_24.jpg,0.03502781689167023,0.03730835020542145,0.0022805333137512207,8.439020699821413,0.7044451236724854
250,/mnt/c/Users/Chirayu/Documents/GitHub/2D-to-3D-image-reconstruction/facescape_224/fsmview_trainset_5_13_lip_funneler_20.jpg,0.03414558246731758,0.03742540255188942,0.0032798200845718384,7.502383787184954,0.6234078407287598
542,/mnt/c/Users/Chirayu/Documents/GitHub/2D-to-3D-image-reconstruction/facescape_224/fsmview_trainset_2_17_cheek_blowing_14.jpg,0.038073260337114334,0.03761746734380722,-0.00045579299330711365,7.907497111707926,0.7006793022155762
11,/mnt/c/Users/Chirayu/Documents/GitHub/2D-to-3D-image-reconstruction/facescape_224/fsmview_trainset_1_10_dimpler_23.jpg,0.04108411446213722,0.037643689662218094,-0.0034404247999191284,8.395670343190432,0.703121542930603
164,/mnt/c/Users/Chirayu/Documents/GitHub/2D-to-3D-image-reconstruction/facescape_224/fsmview_trainset_8_1_neutral_47.jpg,0.03875674307346344,0.03771200031042099,-0.00104474276304245,7.945212330669165,0.6615602374076843
139,/mnt/c/Users/Chirayu/Documents/GitHub/2D-to-3D-image-reconstruction/facescape_224/fsmview_trainset_4_3_mouth_stretch_23.jpg,0.037822745740413666,0.0379180833697319,9.53376293182373e-05,8.118379134684801,0.6799297332763672
572,/mnt/c/Users/Chirayu/Documents/GitHub/2D-to-3D-image-reconstruction/facescape_224/fsmview_trainset_4_10_dimpler_8.jpg,0.04122823104262352,0.0379350483417511,-0.0032931827008724213,7.703729048371315,0.668422281742096
744,/mnt/c/Users/Chirayu/Documents/GitHub/2D-to-3D-image-reconstruction/facescape_224/fsmview_trainset_7_19_brow_raiser_5.jpg,0.039475616067647934,0.038048215210437775,-0.0014274008572101593,7.630025997757912,0.6561879515647888
449,/mnt/c/Users/Chirayu/Documents/GitHub/2D-to-3D-image-reconstruction/facescape_224/fsmview_trainset_13_5_jaw_left_23.jpg,0.04181845858693123,0.03809407353401184,-0.003724385052919388,8.641086250543594,0.6854686141014099
504,/mnt/c/Users/Chirayu/Documents/GitHub/2D-to-3D-image-reconstruction/facescape_224/fsmview_trainset_16_18_eye_closed_33.jpg,0.03680039569735527,0.038405437022447586,0.0016050413250923157,8.30421706661582,0.6859701871871948
437,/mnt/c/Users/Chirayu/Documents/GitHub/2D-to-3D-image-reconstruction/facescape_224/fsmview_trainset_1_2_smile_18.jpg,0.039244260638952255,0.038463663309812546,-0.0007805973291397095,8.367332554422319,0.6887044906616211
420,/mnt/c/Users/Chirayu/Documents/GitHub/2D-to-3D-image-reconstruction/facescape_224/fsmview_trainset_14_12_lip_puckerer_67.jpg,0.0388866551220417,0.03873743861913681,-0.00014921650290489197,8.358960187062621,0.6912998557090759
994,/mnt/c/Users/Chirayu/Documents/GitHub/2D-to-3D-image-reconstruction/facescape_224/fsmview_trainset_8_9_mouth_right_16.jpg,0.03855247050523758,0.038857538253068924,0.0003050677478313446,7.765206374228001,0.6612828373908997
837,/mnt/c/Users/Chirayu/Documents/GitHub/2D-to-3D-image-reconstruction/facescape_224/fsmview_trainset_8_11_chin_raiser_9.jpg,0.04500937461853027,0.0388995036482811,-0.006109870970249176,8.085054129362106,0.6592043042182922
345,/mnt/c/Users/Chirayu/Documents/GitHub/2D-to-3D-image-reconstruction/facescape_224/fsmview_trainset_15_19_brow_raiser_22.jpg,0.03769601136445999,0.038923341780900955,0.0012273304164409637,7.13614159822464,0.612659215927124
198,/mnt/c/Users/Chirayu/Documents/GitHub/2D-to-3D-image-reconstruction/facescape_224/fsmview_trainset_7_1_neutral_25.jpg,0.03702200576663017,0.03901974484324455,0.00199773907661438,7.839099381119013,0.6641406416893005
915,/mnt/c/Users/Chirayu/Documents/GitHub/2D-to-3D-image-reconstruction/facescape_224/fsmview_trainset_14_11_chin_raiser_60.jpg,0.04022575169801712,0.03912891447544098,-0.0010968372225761414,8.622291464358568,0.7385843396186829
550,/mnt/c/Users/Chirayu/Documents/GitHub/2D-to-3D-image-reconstruction/facescape_224/fsmview_trainset_3_16_grin_24.jpg,0.03868478909134865,0.03913376107811928,0.0004489719867706299,7.198525134474039,0.6473883986473083
121,/mnt/c/Users/Chirayu/Documents/GitHub/2D-to-3D-image-reconstruction/facescape_224/fsmview_trainset_8_4_anger_35.jpg,0.03366789594292641,0.03913441672921181,0.0054665207862854,7.801083765923977,0.6474735140800476
153,/mnt/c/Users/Chirayu/Documents/GitHub/2D-to-3D-image-reconstruction/facescape_224/fsmview_trainset_11_14_sadness_31.jpg,0.033714357763528824,0.03915714845061302,0.005442790687084198,8.051454871892929,0.6505553722381592
83,/mnt/c/Users/Chirayu/Documents/GitHub/2D-to-3D-image-reconstruction/facescape_224/fsmview_trainset_8_3_mouth_stretch_19.jpg,0.04016130790114403,0.03926704078912735,-0.0008942671120166779,7.559389426372945,0.7371649742126465
776,/mnt/c/Users/Chirayu/Documents/GitHub/2D-to-3D-image-reconstruction/facescape_224/fsmview_trainset_3_11_chin_raiser_35.jpg,0.03928937762975693,0.039554573595523834,0.00026519596576690674,7.976952914148569,0.6366011500358582
841,/mnt/c/Users/Chirayu/Documents/GitHub/2D-to-3D-image-reconstruction/facescape_224/fsmview_trainset_4_19_brow_raiser_19.jpg,0.040168397128582,0.03960011526942253,-0.0005682818591594696,8.934158159419894,0.7373790144920349
428,/mnt/c/Users/Chirayu/Documents/GitHub/2D-to-3D-image-reconstruction/facescape_224/fsmview_trainset_12_18_eye_closed_42.jpg,0.039996933192014694,0.039610907435417175,-0.0003860257565975189,8.24781322479248,0.6956364512443542
417,/mnt/c/Users/Chirayu/Documents/GitHub/2D-to-3D-image-reconstruction/facescape_224/fsmview_trainset_4_16_grin_54.jpg,0.0384654700756073,0.039701130241155624,0.0012356601655483246,8.124035600572824,0.682891845703125
935,/mnt/c/Users/Chirayu/Documents/GitHub/2D-to-3D-image-reconstruction/facescape_224/fsmview_trainset_4_16_grin_23.jpg,0.040619634091854095,0.03970368206501007,-0.0009159520268440247,8.508710656315088,0.6901206374168396
233,/mnt/c/Users/Chirayu/Documents/GitHub/2D-to-3D-image-reconstruction/facescape_224/fsmview_trainset_3_19_brow_raiser_6.jpg,0.05040833726525307,0.03999362140893936,-0.010414715856313705,8.469861418008804,0.727668285369873
931,/mnt/c/Users/Chirayu/Documents/GitHub/2D-to-3D-image-reconstruction/facescape_224/fsmview_trainset_8_2_smile_10.jpg,0.03871289640665054,0.04001275822520256,0.0012998618185520172,8.420241504907608,0.7056609392166138
154,/mnt/c/Users/Chirayu/Documents/GitHub/2D-to-3D-image-reconstruction/facescape_224/fsmview_trainset_7_13_lip_funneler_14.jpg,0.039836566895246506,0.04009333625435829,0.0002567693591117859,8.058511981740594,0.6923930048942566
685,/mnt/c/Users/Chirayu/Documents/GitHub/2D-to-3D-image-reconstruction/facescape_224/fsmview_trainset_19_16_grin_22.jpg,0.03955882787704468,0.04039378464221954,0.0008349567651748657,8.50194038823247,0.7126066088676453
490,/mnt/c/Users/Chirayu/Documents/GitHub/2D-to-3D-image-reconstruction/facescape_224/fsmview_trainset_1_13_lip_funneler_6.jpg,0.03770541772246361,0.04046487808227539,0.002759460359811783,7.9272323325276375,0.7094230055809021
602,/mnt/c/Users/Chirayu/Documents/GitHub/2D-to-3D-image-reconstruction/facescape_224/fsmview_trainset_7_13_lip_funneler_18.jpg,0.04121631756424904,0.04053856432437897,-0.0006777532398700714,8.37419807119295,0.686123251914978
564,/mnt/c/Users/Chirayu/Documents/GitHub/2D-to-3D-image-reconstruction/facescape_224/fsmview_trainset_8_18_eye_closed_56.jpg,0.039303507655858994,0.04056546837091446,0.0012619607150554657,8.243517627939582,0.700788676738739
267,/mnt/c/Users/Chirayu/Documents/GitHub/2D-to-3D-image-reconstruction/facescape_224/fsmview_trainset_14_2_smile_22.jpg,0.04025529697537422,0.0406104177236557,0.0003551207482814789,7.432440124452114,0.6273627877235413
889,/mnt/c/Users/Chirayu/Documents/GitHub/2D-to-3D-image-reconstruction/facescape_224/fsmview_trainset_2_10_dimpler_28.jpg,0.037966176867485046,0.04068675637245178,0.002720579504966736,7.386903751641512,0.6706396341323853
664,/mnt/c/Users/Chirayu/Documents/GitHub/2D-to-3D-image-reconstruction/facescape_224/fsmview_trainset_6_14_sadness_17.jpg,0.0395723395049572,0.04073406755924225,0.0011617280542850494,8.33227763697505,0.6952121257781982
275,/mnt/c/Users/Chirayu/Documents/GitHub/2D-to-3D-image-reconstruction/facescape_224/fsmview_trainset_9_10_dimpler_12.jpg,0.039768561720848083,0.040896885097026825,0.0011283233761787415,8.203127317130566,0.682820200920105
75,/mnt/c/Users/Chirayu/Documents/GitHub/2D-to-3D-image-reconstruction/facescape_224/fsmview_trainset_18_2_smile_23.jpg,0.04214082285761833,0.040976379066705704,-0.0011644437909126282,8.921899111475796,0.7385304570198059
545,/mnt/c/Users/Chirayu/Documents/GitHub/2D-to-3D-image-reconstruction/facescape_224/fsmview_trainset_20_16_grin_18.jpg,0.043945129960775375,0.04100462421774864,-0.0029405057430267334,7.752828571945429,0.6358882188796997
699,/mnt/c/Users/Chirayu/Documents/GitHub/2D-to-3D-image-reconstruction/facescape_224/fsmview_trainset_8_8_mouth_left_19.jpg,0.03980669006705284,0.04103747010231018,0.0012307800352573395,8.61529706697911,0.7254306674003601
610,/mnt/c/Users/Chirayu/Documents/GitHub/2D-to-3D-image-reconstruction/facescape_224/fsmview_trainset_15_8_mouth_left_18.jpg,0.04113245755434036,0.041073061525821686,-5.939602851867676e-05,7.906566213816404,0.6476656794548035
368,/mnt/c/Users/Chirayu/Documents/GitHub/2D-to-3D-image-reconstruction/facescape_224/fsmview_trainset_10_2_smile_16.jpg,0.037732336670160294,0.0412241630256176,0.003491826355457306,7.7109843492507935,0.6589560508728027
575,/mnt/c/Users/Chirayu/Documents/GitHub/2D-to-3D-image-reconstruction/facescape_224/fsmview_trainset_8_12_lip_puckerer_20.jpg,0.04205813631415367,0.04136223718523979,-0.0006958991289138794,8.506950162351131,0.6974073648452759
439,/mnt/c/Users/Chirayu/Documents/GitHub/2D-to-3D-image-reconstruction/facescape_224/fsmview_trainset_16_3_mouth_stretch_24.jpg,0.040413737297058105,0.041403964161872864,0.0009902268648147583,7.686974730342627,0.6716339588165283
66,/mnt/c/Users/Chirayu/Documents/GitHub/2D-to-3D-image-reconstruction/facescape_224/fsmview_trainset_20_12_lip_puckerer_24.jpg,0.03806779533624649,0.04153928533196449,0.0034714899957180023,7.773858282715082,0.6385045647621155
880,/mnt/c/Users/Chirayu/Documents/GitHub/2D-to-3D-image-reconstruction/facescape_224/fsmview_trainset_9_5_jaw_left_18.jpg,0.04355393350124359,0.041559088975191116,-0.001994844526052475,8.318452315405011,0.6960676312446594
924,/mnt/c/Users/Chirayu/Documents/GitHub/2D-to-3D-image-reconstruction/facescape_224/fsmview_trainset_14_14_sadness_22.jpg,0.041190579533576965,0.041687484830617905,0.0004969052970409393,7.296849023550749,0.6093689799308777
844,/mnt/c/Users/Chirayu/Documents/GitHub/2D-to-3D-image-reconstruction/facescape_224/fsmview_trainset_6_10_dimpler_17.jpg,0.040599577128887177,0.04169556125998497,0.0010959841310977936,8.206798411905766,0.6949937343597412
978,/mnt/c/Users/Chirayu/Documents/GitHub/2D-to-3D-image-reconstruction/facescape_224/fsmview_trainset_10_9_mouth_right_6.jpg,0.03876117244362831,0.041811276227235794,0.003050103783607483,7.709171026945114,0.6648576855659485
37,/mnt/c/Users/Chirayu/Documents/GitHub/2D-to-3D-image-reconstruction/facescape_224/fsmview_trainset_9_17_cheek_blowing_28.jpg,0.041067883372306824,0.04210642725229263,0.0010385438799858093,7.507519751787186,0.6515792012214661
463,/mnt/c/Users/Chirayu/Documents/GitHub/2D-to-3D-image-reconstruction/facescape_224/fsmview_trainset_20_20_brow_lower_19.jpg,0.04171902313828468,0.04239971563220024,0.0006806924939155579,7.774511232972145,0.6491977572441101
662,/mnt/c/Users/Chirayu/Documents/GitHub/2D-to-3D-image-reconstruction/facescape_224/fsmview_trainset_5_13_lip_funneler_9.jpg,0.03806336596608162,0.042457494884729385,0.004394128918647766,8.052259109914303,0.6824876666069031
123,/mnt/c/Users/Chirayu/Documents/GitHub/2D-to-3D-image-reconstruction/facescape_224/fsmview_trainset_19_2_smile_7.jpg,0.03586472570896149,0.042480167001485825,0.006615441292524338,8.315135587006807,0.7041846513748169
175,/mnt/c/Users/Chirayu/Documents/GitHub/2D-to-3D-image-reconstruction/facescape_224/fsmview_trainset_19_5_jaw_left_1.jpg,0.04252396523952484,0.04251344874501228,-1.0516494512557983e-05,8.270837483927608,0.7001596689224243
492,/mnt/c/Users/Chirayu/Documents/GitHub/2D-to-3D-image-reconstruction/facescape_224/fsmview_trainset_6_10_dimpler_30.jpg,0.04832875356078148,0.04256318509578705,-0.0057655684649944305,8.132431946694851,0.6732246279716492
506,/mnt/c/Users/Chirayu/Documents/GitHub/2D-to-3D-image-reconstruction/facescape_224/fsmview_trainset_19_16_grin_36.jpg,0.03722622990608215,0.04259364679455757,0.005367416888475418,8.357792343944311,0.7283287644386292
251,/mnt/c/Users/Chirayu/Documents/GitHub/2D-to-3D-image-reconstruction/facescape_224/fsmview_trainset_15_20_brow_lower_36.jpg,0.04569657891988754,0.04262890666723251,-0.0030676722526550293,8.89690138399601,0.7374208569526672
954,/mnt/c/Users/Chirayu/Documents/GitHub/2D-to-3D-image-reconstruction/facescape_224/fsmview_trainset_14_14_sadness_59.jpg,0.04146004840731621,0.04274716228246689,0.0012871138751506805,7.418620370328426,0.6223639845848083
927,/mnt/c/Users/Chirayu/Documents/GitHub/2D-to-3D-image-reconstruction/facescape_224/fsmview_trainset_19_12_lip_puckerer_31.jpg,0.04083836078643799,0.04279959946870804,0.00196123868227005,8.39445685595274,0.6871382594108582
877,/mnt/c/Users/Chirayu/Documents/GitHub/2D-to-3D-image-reconstruction/facescape_224/fsmview_trainset_13_6_jaw_right_1.jpg,0.04418585076928139,0.042802657932043076,-0.0013831928372383118,8.383316928520799,0.699772298336029
412,/mnt/c/Users/Chirayu/Documents/GitHub/2D-to-3D-image-reconstruction/facescape_224/fsmview_trainset_12_17_cheek_blowing_15.jpg,0.04405875876545906,0.042873892933130264,-0.0011848658323287964,8.948919497430325,0.779203474521637
858,/mnt/c/Users/Chirayu/Documents/GitHub/2D-to-3D-image-reconstruction/facescape_224/fsmview_trainset_13_16_grin_3.jpg,0.04443717002868652,0.042919062077999115,-0.0015181079506874084,8.323414921760559,0.6551281809806824
918,/mnt/c/Users/Chirayu/Documents/GitHub/2D-to-3D-image-reconstruction/facescape_224/fsmview_trainset_12_8_mouth_left_44.jpg,0.04335096478462219,0.04300771281123161,-0.0003432519733905792,7.5352650582790375,0.6193540692329407
57,/mnt/c/Users/Chirayu/Documents/GitHub/2D-to-3D-image-reconstruction/facescape_224/fsmview_trainset_18_3_mouth_stretch_9.jpg,0.04391610622406006,0.04305320605635643,-0.0008629001677036285,8.149123027920723,0.7440001368522644
996,/mnt/c/Users/Chirayu/Documents/GitHub/2D-to-3D-image-reconstruction/facescape_224/fsmview_trainset_18_15_lip_roll_33.jpg,0.04514016956090927,0.043053679168224335,-0.0020864903926849365,8.431700088083744,0.7022580504417419
298,/mnt/c/Users/Chirayu/Documents/GitHub/2D-to-3D-image-reconstruction/facescape_224/fsmview_trainset_19_8_mouth_left_21.jpg,0.047199368476867676,0.04306779056787491,-0.004131577908992767,8.836282664909959,0.7022683024406433
313,/mnt/c/Users/Chirayu/Documents/GitHub/2D-to-3D-image-reconstruction/facescape_224/fsmview_trainset_5_11_chin_raiser_31.jpg,0.04857723042368889,0.0431303009390831,-0.005446929484605789,8.166870631277561,0.6742752194404602
977,/mnt/c/Users/Chirayu/Documents/GitHub/2D-to-3D-image-reconstruction/facescape_224/fsmview_trainset_7_3_mouth_stretch_19.jpg,0.04511159658432007,0.04323182255029678,-0.001879774034023285,7.881729770451784,0.7397684454917908
989,/mnt/c/Users/Chirayu/Documents/GitHub/2D-to-3D-image-reconstruction/facescape_224/fsmview_trainset_9_6_jaw_right_17.jpg,0.04391007125377655,0.04338940232992172,-0.0005206689238548279,8.388900890946388,0.705557107925415
170,/mnt/c/Users/Chirayu/Documents/GitHub/2D-to-3D-image-reconstruction/facescape_224/fsmview_trainset_12_16_grin_55.jpg,0.038431450724601746,0.043474625796079636,0.00504317507147789,8.543917397037148,0.7564271688461304
695,/mnt/c/Users/Chirayu/Documents/GitHub/2D-to-3D-image-reconstruction/facescape_224/fsmview_trainset_16_19_brow_raiser_24.jpg,0.04110061377286911,0.043501242995262146,0.002400629222393036,8.508839671965688,0.7127046585083008
281,/mnt/c/Users/Chirayu/Documents/GitHub/2D-to-3D-image-reconstruction/facescape_224/fsmview_trainset_5_20_brow_lower_7.jpg,0.04620152339339256,0.043648507446050644,-0.002553015947341919,8.193392857909203,0.7269030809402466
580,/mnt/c/Users/Chirayu/Documents/GitHub/2D-to-3D-image-reconstruction/facescape_224/fsmview_trainset_11_3_mouth_stretch_41.jpg,0.046346694231033325,0.04366869479417801,-0.002677999436855316,7.953627772629261,0.7393798232078552
5,/mnt/c/Users/Chirayu/Documents/GitHub/2D-to-3D-image-reconstruction/facescape_224/fsmview_trainset_4_18_eye_closed_19.jpg,0.04530360549688339,0.043711304664611816,-0.001592300832271576,9.034574235789478,0.7364110350608826
116,/mnt/c/Users/Chirayu/Documents/GitHub/2D-to-3D-image-reconstruction/facescape_224/fsmview_trainset_13_14_sadness_18.jpg,0.043182194232940674,0.04382536560297012,0.0006431713700294495,9.02590136602521,0.7932702898979187
292,/mnt/c/Users/Chirayu/Documents/GitHub/2D-to-3D-image-reconstruction/facescape_224/fsmview_trainset_3_19_brow_raiser_18.jpg,0.04425644129514694,0.04385952278971672,-0.00039691850543022156,8.378138922154903,0.6998776793479919
624,/mnt/c/Users/Chirayu/Documents/GitHub/2D-to-3D-image-reconstruction/facescape_224/fsmview_trainset_15_10_dimpler_59.jpg,0.03972326219081879,0.04403045400977135,0.00430719181895256,7.898584879934788,0.6428959369659424
669,/mnt/c/Users/Chirayu/Documents/GitHub/2D-to-3D-image-reconstruction/facescape_224/fsmview_trainset_5_12_lip_puckerer_19.jpg,0.043068572878837585,0.04405467212200165,0.0009860992431640625,8.506224979646504,0.7116765975952148
983,/mnt/c/Users/Chirayu/Documents/GitHub/2D-to-3D-image-reconstruction/facescape_224/fsmview_trainset_14_12_lip_puckerer_35.jpg,0.043197911232709885,0.044132035225629807,0.0009341239929199219,8.670796764548868,0.7315599322319031
429,/mnt/c/Users/Chirayu/Documents/GitHub/2D-to-3D-image-reconstruction/facescape_224/fsmview_trainset_20_3_mouth_stretch_41.jpg,0.040860604494810104,0.04416392743587494,0.0033033229410648346,7.519262284040451,0.7034702897071838
635,/mnt/c/Users/Chirayu/Documents/GitHub/2D-to-3D-image-reconstruction/facescape_224/fsmview_trainset_9_15_lip_roll_28.jpg,0.04652048647403717,0.0442064106464386,-0.0023140758275985718,7.680131785571575,0.6358826160430908
238,/mnt/c/Users/Chirayu/Documents/GitHub/2D-to-3D-image-reconstruction/facescape_224/fsmview_trainset_13_4_anger_10.jpg,0.043337274342775345,0.044215552508831024,0.0008782781660556793,8.745880513451993,0.7288727760314941
352,/mnt/c/Users/Chirayu/Documents/GitHub/2D-to-3D-image-reconstruction/facescape_224/fsmview_trainset_11_16_grin_22.jpg,0.04294076934456825,0.044519346207380295,0.0015785768628120422,7.9502885565161705,0.6544817686080933
112,/mnt/c/Users/Chirayu/Documents/GitHub/2D-to-3D-image-reconstruction/facescape_224/fsmview_trainset_13_3_mouth_stretch_8.jpg,0.04440963640809059,0.04453565552830696,0.00012601912021636963,7.560766279697418,0.6787914037704468
972,/mnt/c/Users/Chirayu/Documents/GitHub/2D-to-3D-image-reconstruction/facescape_224/fsmview_trainset_19_7_jaw_forward_34.jpg,0.045701514929533005,0.044559296220541,-0.0011422187089920044,8.661233391612768,0.7494980692863464
678,/mnt/c/Users/Chirayu/Documents/GitHub/2D-to-3D-image-reconstruction/facescape_224/fsmview_trainset_16_12_lip_puckerer_31.jpg,0.04413251951336861,0.044616468250751495,0.0004839487373828888,8.651842802762985,0.7280209064483643
796,/mnt/c/Users/Chirayu/Documents/GitHub/2D-to-3D-image-reconstruction/facescape_224/fsmview_trainset_3_10_dimpler_3.jpg,0.04803280159831047,0.044699303805828094,-0.003333497792482376,7.393653765320778,0.6522525548934937
309,/mnt/c/Users/Chirayu/Documents/GitHub/2D-to-3D-image-reconstruction/facescape_224/fsmview_trainset_18_10_dimpler_47.jpg,0.04618789255619049,0.04471420496702194,-0.0014736875891685486,8.394166458398104,0.6739826202392578
613,/mnt/c/Users/Chirayu/Documents/GitHub/2D-to-3D-image-reconstruction/facescape_224/fsmview_trainset_9_2_smile_25.jpg,0.04501381143927574,0.04484511539340019,-0.00016869604587554932,8.51959109865129,0.7024046778678894
48,/mnt/c/Users/Chirayu/Documents/GitHub/2D-to-3D-image-reconstruction/facescape_224/fsmview_trainset_12_8_mouth_left_29.jpg,0.048420779407024384,0.04496678709983826,-0.0034539923071861267,8.445274183526635,0.7008065581321716
850,/mnt/c/Users/Chirayu/Documents/GitHub/2D-to-3D-image-reconstruction/facescape_224/fsmview_trainset_10_19_brow_raiser_32.jpg,0.04168681055307388,0.045124541968107224,0.0034377314150333405,7.626731783151627,0.6658893823623657
148,/mnt/c/Users/Chirayu/Documents/GitHub/2D-to-3D-image-reconstruction/facescape_224/fsmview_trainset_17_9_mouth_right_31.jpg,0.04289979860186577,0.04523061215877533,0.002330813556909561,8.672388724982738,0.7045442461967468
913,/mnt/c/Users/Chirayu/Documents/GitHub/2D-to-3D-image-reconstruction/facescape_224/fsmview_trainset_3_5_jaw_left_23.jpg,0.04488975927233696,0.045285433530807495,0.0003956742584705353,8.1932377461344,0.6679672598838806
227,/mnt/c/Users/Chirayu/Documents/GitHub/2D-to-3D-image-reconstruction/facescape_224/fsmview_trainset_6_19_brow_raiser_8.jpg,0.04367474839091301,0.045419108122587204,0.0017443597316741943,8.08267118781805,0.6786895394325256
795,/mnt/c/Users/Chirayu/Documents/GitHub/2D-to-3D-image-reconstruction/facescape_224/fsmview_trainset_3_3_mouth_stretch_9.jpg,0.04480360448360443,0.04554402083158493,0.0007404163479804993,7.575393870472908,0.7043439149856567
700,/mnt/c/Users/Chirayu/Documents/GitHub/2D-to-3D-image-reconstruction/facescape_224/fsmview_trainset_4_4_anger_7.jpg,0.03902069106698036,0.04554557800292969,0.0065248869359493256,7.9040762558579445,0.6702022552490234
608,/mnt/c/Users/Chirayu/Documents/GitHub/2D-to-3D-image-reconstruction/facescape_224/fsmview_trainset_8_17_cheek_blowing_22.jpg,0.04523986950516701,0.04558173194527626,0.00034186244010925293,8.012650724500418,0.6625560522079468
410,/mnt/c/Users/Chirayu/Documents/GitHub/2D-to-3D-image-reconstruction/facescape_224/fsmview_trainset_17_4_anger_18.jpg,0.04299385845661163,0.045656658709049225,0.0026628002524375916,8.800196702126414,0.718731164932251
206,/mnt/c/Users/Chirayu/Documents/GitHub/2D-to-3D-image-reconstruction/facescape_224/fsmview_trainset_12_20_brow_lower_43.jpg,0.0472971647977829,0.04572530463337898,-0.0015718601644039154,8.943620318546891,0.7103445529937744
540,/mnt/c/Users/Chirayu/Documents/GitHub/2D-to-3D-image-reconstruction/facescape_224/fsmview_trainset_8_14_sadness_36.jpg,0.0539521761238575,0.045774903148412704,-0.008177272975444794,7.895774707198143,0.6690078377723694
389,/mnt/c/Users/Chirayu/Documents/GitHub/2D-to-3D-image-reconstruction/facescape_224/fsmview_trainset_5_3_mouth_stretch_29.jpg,0.04363027960062027,0.04585733264684677,0.0022270530462265015,7.914166925475001,0.711094081401825
612,/mnt/c/Users/Chirayu/Documents/GitHub/2D-to-3D-image-reconstruction/facescape_224/fsmview_trainset_14_18_eye_closed_19.jpg,0.042646121233701706,0.045891910791397095,0.003245789557695389,7.212582848966122,0.6431103944778442
324,/mnt/c/Users/Chirayu/Documents/GitHub/2D-to-3D-image-reconstruction/facescape_224/fsmview_trainset_11_18_eye_closed_23.jpg,0.04799799993634224,0.0459192655980587,-0.002078734338283539,8.205954022705555,0.6429202556610107
570,/mnt/c/Users/Chirayu/Documents/GitHub/2D-to-3D-image-reconstruction/facescape_224/fsmview_trainset_6_7_jaw_forward_27.jpg,0.04960126802325249,0.046107567846775055,-0.0034937001764774323,8.392268020659685,0.6896347999572754
102,/mnt/c/Users/Chirayu/Documents/GitHub/2D-to-3D-image-reconstruction/facescape_224/fsmview_trainset_17_19_brow_raiser_30.jpg,0.051248643547296524,0.046108365058898926,-0.005140278488397598,8.841543775051832,0.7160650491714478
317,/mnt/c/Users/Chirayu/Documents/GitHub/2D-to-3D-image-reconstruction/facescape_224/fsmview_trainset_3_16_grin_34.jpg,0.04374631866812706,0.04620678350329399,0.002460464835166931,7.838243190199137,0.6645165085792542
86,/mnt/c/Users/Chirayu/Documents/GitHub/2D-to-3D-image-reconstruction/facescape_224/fsmview_trainset_5_17_cheek_blowing_2.jpg,0.04717175289988518,0.0462263748049736,-0.0009453780949115753,8.184564128518105,0.6660253405570984
834,/mnt/c/Users/Chirayu/Documents/GitHub/2D-to-3D-image-reconstruction/facescape_224/fsmview_trainset_5_16_grin_19.jpg,0.042969439178705215,0.046262551099061966,0.0032931119203567505,8.84667552029714,0.7367616295814514
553,/mnt/c/Users/Chirayu/Documents/GitHub/2D-to-3D-image-reconstruction/facescape_224/fsmview_trainset_11_13_lip_funneler_21.jpg,0.043051328510046005,0.04628165066242218,0.003230322152376175,7.921108718961477,0.6465281248092651
679,/mnt/c/Users/Chirayu/Documents/GitHub/2D-to-3D-image-reconstruction/facescape_224/fsmview_trainset_10_14_sadness_39.jpg,0.047311075031757355,0.04630902409553528,-0.0010020509362220764,7.868301197886467,0.6725184917449951
982,/mnt/c/Users/Chirayu/Documents/GitHub/2D-to-3D-image-reconstruction/facescape_224/fsmview_trainset_12_8_mouth_left_43.jpg,0.043885428458452225,0.046348538249731064,0.002463109791278839,7.84867524728179,0.6369977593421936
350,/mnt/c/Users/Chirayu/Documents/GitHub/2D-to-3D-image-reconstruction/facescape_224/fsmview_trainset_6_2_smile_24.jpg,0.048266664147377014,0.046489689499139786,-0.0017769746482372284,8.319556765258312,0.7149515151977539
60,/mnt/c/Users/Chirayu/Documents/GitHub/2D-to-3D-image-reconstruction/facescape_224/fsmview_trainset_15_6_jaw_right_42.jpg,0.04481988772749901,0.046494197100400925,0.0016743093729019165,8.138773143291473,0.6894418597221375
513,/mnt/c/Users/Chirayu/Documents/GitHub/2D-to-3D-image-reconstruction/facescape_224/fsmview_trainset_6_10_dimpler_26.jpg,0.048080235719680786,0.04658646136522293,-0.0014937743544578552,8.077522188425064,0.6864145994186401
200,/mnt/c/Users/Chirayu/Documents/GitHub/2D-to-3D-image-reconstruction/facescape_224/fsmview_trainset_9_10_dimpler_20.jpg,0.04736002907156944,0.04665099084377289,-0.0007090382277965546,8.896880360785872,0.7222031354904175
892,/mnt/c/Users/Chirayu/Documents/GitHub/2D-to-3D-image-reconstruction/facescape_224/fsmview_trainset_6_20_brow_lower_28.jpg,0.040223557502031326,0.046727683395147324,0.006504125893115997,7.738682847470045,0.658616304397583
277,/mnt/c/Users/Chirayu/Documents/GitHub/2D-to-3D-image-reconstruction/facescape_224/fsmview_trainset_9_3_mouth_stretch_32.jpg,0.041460294276475906,0.046761274337768555,0.005300980061292648,7.567765198647976,0.7108252048492432
17,/mnt/c/Users/Chirayu/Documents/GitHub/2D-to-3D-image-reconstruction/facescape_224/fsmview_trainset_4_7_jaw_forward_36.jpg,0.0451134629547596,0.04680958017706871,0.0016961172223091125,7.401000462472439,0.6536420583724976
272,/mnt/c/Users/Chirayu/Documents/GitHub/2D-to-3D-image-reconstruction/facescape_224/fsmview_trainset_20_12_lip_puckerer_36.jpg,0.05108845606446266,0.046929359436035156,-0.0041590966284275055,8.408150162547827,0.71513831615448
704,/mnt/c/Users/Chirayu/Documents/GitHub/2D-to-3D-image-reconstruction/facescape_224/fsmview_trainset_12_18_eye_closed_41.jpg,0.04883949086070061,0.04693037271499634,-0.0019091181457042694,8.72485325857997,0.7610365748405457
749,/mnt/c/Users/Chirayu/Documents/GitHub/2D-to-3D-image-reconstruction/facescape_224/fsmview_trainset_1_2_smile_35.jpg,0.05111141875386238,0.04695175588130951,-0.004159662872552872,8.280739229172468,0.7168157696723938
72,/mnt/c/Users/Chirayu/Documents/GitHub/2D-to-3D-image-reconstruction/facescape_224/fsmview_trainset_13_14_sadness_7.jpg,0.04226385056972504,0.047012314200401306,0.0047484636306762695,8.797370418906212,0.7588806748390198
818,/mnt/c/Users/Chirayu/Documents/GitHub/2D-to-3D-image-reconstruction/facescape_224/fsmview_trainset_12_18_eye_closed_16.jpg,0.05053509771823883,0.04703312739729881,-0.0035019703209400177,8.89435139298439,0.7379191517829895
274,/mnt/c/Users/Chirayu/Documents/GitHub/2D-to-3D-image-reconstruction/facescape_224/fsmview_trainset_11_9_mouth_right_34.jpg,0.047243449836969376,0.047038886696100235,-0.00020456314086914062,8.649213831871748,0.7132422924041748
882,/mnt/c/Users/Chirayu/Documents/GitHub/2D-to-3D-image-reconstruction/facescape_224/fsmview_trainset_8_14_sadness_12.jpg,0.04596438258886337,0.04706024006009102,0.0010958574712276459,7.9686362743377686,0.7173705101013184
346,/mnt/c/Users/Chirayu/Documents/GitHub/2D-to-3D-image-reconstruction/facescape_224/fsmview_trainset_4_1_neutral_39.jpg,0.053226061165332794,0.04724498838186264,-0.005981072783470154,8.214818205684423,0.7167750000953674
212,/mnt/c/Users/Chirayu/Documents/GitHub/2D-to-3D-image-reconstruction/facescape_224/fsmview_trainset_6_7_jaw_forward_19.jpg,0.04459972307085991,0.047280337661504745,0.0026806145906448364,8.600082866381854,0.7040626406669617
392,/mnt/c/Users/Chirayu/Documents/GitHub/2D-to-3D-image-reconstruction/facescape_224/fsmview_trainset_8_13_lip_funneler_50.jpg,0.04689742624759674,0.04732317104935646,0.00042574480175971985,7.759495131671429,0.6950934529304504
49,/mnt/c/Users/Chirayu/Documents/GitHub/2D-to-3D-image-reconstruction/facescape_224/fsmview_trainset_13_7_jaw_forward_44.jpg,0.04211262986063957,0.047353629022836685,0.005240999162197113,8.605561450123787,0.7371349334716797
714,/mnt/c/Users/Chirayu/Documents/GitHub/2D-to-3D-image-reconstruction/facescape_224/fsmview_trainset_20_14_sadness_42.jpg,0.04794185981154442,0.04740705341100693,-0.0005348064005374908,8.47077731974423,0.671787440776825
426,/mnt/c/Users/Chirayu/Documents/GitHub/2D-to-3D-image-reconstruction/facescape_224/fsmview_trainset_16_4_anger_50.jpg,0.04708115756511688,0.04751501604914665,0.0004338584840297699,8.077499579638243,0.6775718927383423
286,/mnt/c/Users/Chirayu/Documents/GitHub/2D-to-3D-image-reconstruction/facescape_224/fsmview_trainset_18_15_lip_roll_35.jpg,0.046149641275405884,0.04754216596484184,0.0013925246894359589,9.261371975764632,0.7834224104881287
997,/mnt/c/Users/Chirayu/Documents/GitHub/2D-to-3D-image-reconstruction/facescape_224/fsmview_trainset_9_3_mouth_stretch_6.jpg,0.04445836693048477,0.04759275168180466,0.0031343847513198853,7.622398555278778,0.695772647857666
622,/mnt/c/Users/Chirayu/Documents/GitHub/2D-to-3D-image-reconstruction/facescape_224/fsmview_trainset_5_1_neutral_27.jpg,0.041684333235025406,0.04759588837623596,0.005911555141210556,7.661178082227707,0.639144241809845
104,/mnt/c/Users/Chirayu/Documents/GitHub/2D-to-3D-image-reconstruction/facescape_224/fsmview_trainset_20_2_smile_33.jpg,0.04167957603931427,0.047638606280088425,0.005959030240774155,7.556102827191353,0.7081526517868042
405,/mnt/c/Users/Chirayu/Documents/GitHub/2D-to-3D-image-reconstruction/facescape_224/fsmview_trainset_2_6_jaw_right_15.jpg,0.045367155224084854,0.04766540601849556,0.0022982507944107056,8.617084218654782,0.7105713486671448
235,/mnt/c/Users/Chirayu/Documents/GitHub/2D-to-3D-image-reconstruction/facescape_224/fsmview_trainset_3_4_anger_24.jpg,0.04773924872279167,0.047709524631500244,-2.9724091291427612e-05,8.75003522541374,0.7254894375801086
283,/mnt/c/Users/Chirayu/Documents/GitHub/2D-to-3D-image-reconstruction/facescape_224/fsmview_trainset_2_15_lip_roll_34.jpg,0.04265354573726654,0.04779237136244774,0.005138825625181198,8.363601164892316,0.7088154554367065
131,/mnt/c/Users/Chirayu/Documents/GitHub/2D-to-3D-image-reconstruction/facescape_224/fsmview_trainset_3_16_grin_3.jpg,0.04859986901283264,0.04794954136013985,-0.0006503276526927948,7.082673035562038,0.6769719123840332
13,/mnt/c/Users/Chirayu/Documents/GitHub/2D-to-3D-image-reconstruction/facescape_224/fsmview_trainset_10_19_brow_raiser_7.jpg,0.04175325855612755,0.047987014055252075,0.006233755499124527,7.664858065545559,0.6664668917655945
73,/mnt/c/Users/Chirayu/Documents/GitHub/2D-to-3D-image-reconstruction/facescape_224/fsmview_trainset_10_14_sadness_54.jpg,0.04615844041109085,0.048033349215984344,0.0018749088048934937,8.280419673305005,0.7021284699440002
777,/mnt/c/Users/Chirayu/Documents/GitHub/2D-to-3D-image-reconstruction/facescape_224/fsmview_trainset_9_11_chin_raiser_17.jpg,0.04787170886993408,0.04805010184645653,0.00017839297652244568,8.650727609638125,0.707756757736206
698,/mnt/c/Users/Chirayu/Documents/GitHub/2D-to-3D-image-reconstruction/facescape_224/fsmview_trainset_9_11_chin_raiser_34.jpg,0.04060019180178642,0.04806176945567131,0.007461577653884888,7.978827059268951,0.6600569486618042
332,/mnt/c/Users/Chirayu/Documents/GitHub/2D-to-3D-image-reconstruction/facescape_224/fsmview_trainset_2_10_dimpler_30.jpg,0.05006399750709534,0.04812087118625641,-0.0019431263208389282,8.9676643460989,0.7364708185195923
462,/mnt/c/Users/Chirayu/Documents/GitHub/2D-to-3D-image-reconstruction/facescape_224/fsmview_trainset_5_15_lip_roll_4.jpg,0.057607538998126984,0.04816873371601105,-0.009438805282115936,7.868384480476379,0.7104890942573547
383,/mnt/c/Users/Chirayu/Documents/GitHub/2D-to-3D-image-reconstruction/facescape_224/fsmview_trainset_10_10_dimpler_7.jpg,0.04050811752676964,0.048359401524066925,0.007851283997297287,7.447560518980026,0.6460273265838623
187,/mnt/c/Users/Chirayu/Documents/GitHub/2D-to-3D-image-reconstruction/facescape_224/fsmview_trainset_7_8_mouth_left_26.jpg,0.04368831589818001,0.04838293418288231,0.004694618284702301,8.142523020505905,0.6605125069618225
886,/mnt/c/Users/Chirayu/Documents/GitHub/2D-to-3D-image-reconstruction/facescape_224/fsmview_trainset_13_3_mouth_stretch_50.jpg,0.048742324113845825,0.04850603640079498,-0.00023628771305084229,7.29523342102766,0.6810746192932129
125,/mnt/c/Users/Chirayu/Documents/GitHub/2D-to-3D-image-reconstruction/facescape_224/fsmview_trainset_14_16_grin_38.jpg,0.05860929563641548,0.04878513887524605,-0.009824156761169434,7.8736296482384205,0.6739782094955444
370,/mnt/c/Users/Chirayu/Documents/GitHub/2D-to-3D-image-reconstruction/facescape_224/fsmview_trainset_5_18_eye_closed_38.jpg,0.04724990949034691,0.048785820603370667,0.001535911113023758,7.586263597011566,0.6723411679267883
94,/mnt/c/Users/Chirayu/Documents/GitHub/2D-to-3D-image-reconstruction/facescape_224/fsmview_trainset_5_2_smile_9.jpg,0.05049613118171692,0.048808079212903976,-0.0016880519688129425,7.955314800143242,0.6519182920455933
287,/mnt/c/Users/Chirayu/Documents/GitHub/2D-to-3D-image-reconstruction/facescape_224/fsmview_trainset_3_13_lip_funneler_32.jpg,0.04586765915155411,0.048808448016643524,0.0029407888650894165,7.6974712163209915,0.6924089789390564
190,/mnt/c/Users/Chirayu/Documents/GitHub/2D-to-3D-image-reconstruction/facescape_224/fsmview_trainset_1_18_eye_closed_55.jpg,0.04662517085671425,0.04881971329450607,0.0021945424377918243,8.175358973443508,0.7404914498329163
855,/mnt/c/Users/Chirayu/Documents/GitHub/2D-to-3D-image-reconstruction/facescape_224/fsmview_trainset_10_18_eye_closed_55.jpg,0.04833875969052315,0.048906002193689346,0.0005672425031661987,8.239250508602709,0.6983583569526672
423,/mnt/c/Users/Chirayu/Documents/GitHub/2D-to-3D-image-reconstruction/facescape_224/fsmview_trainset_12_9_mouth_right_54.jpg,0.05371265485882759,0.04895513877272606,-0.004757516086101532,8.925618071109056,0.7492830753326416
750,/mnt/c/Users/Chirayu/Documents/GitHub/2D-to-3D-image-reconstruction/facescape_224/fsmview_trainset_13_15_lip_roll_29.jpg,0.04220541939139366,0.04911171644926071,0.00690629705786705,8.060924038290977,0.6312507390975952
495,/mnt/c/Users/Chirayu/Documents/GitHub/2D-to-3D-image-reconstruction/facescape_224/fsmview_trainset_13_11_chin_raiser_15.jpg,0.04366137459874153,0.04923536628484726,0.005573991686105728,8.534341561142355,0.7163330912590027
710,/mnt/c/Users/Chirayu/Documents/GitHub/2D-to-3D-image-reconstruction/facescape_224/fsmview_trainset_8_13_lip_funneler_36.jpg,0.05759653076529503,0.049253981560468674,-0.008342549204826355,7.6624447628855705,0.721190869808197
236,/mnt/c/Users/Chirayu/Documents/GitHub/2D-to-3D-image-reconstruction/facescape_224/fsmview_trainset_12_13_lip_funneler_45.jpg,0.04942081496119499,0.04929010570049286,-0.00013070926070213318,8.737984888255596,0.7329950928688049
301,/mnt/c/Users/Chirayu/Documents/GitHub/2D-to-3D-image-reconstruction/facescape_224/fsmview_trainset_19_4_anger_16.jpg,0.05267670750617981,0.0493796244263649,-0.003297083079814911,9.174729714170098,0.763546884059906
827,/mnt/c/Users/Chirayu/Documents/GitHub/2D-to-3D-image-reconstruction/facescape_224/fsmview_trainset_10_8_mouth_left_4.jpg,0.04280094802379608,0.04941627010703087,0.006615322083234787,7.544855490326881,0.6473584771156311
738,/mnt/c/Users/Chirayu/Documents/GitHub/2D-to-3D-image-reconstruction/facescape_224/fsmview_trainset_8_20_brow_lower_25.jpg,0.05072867125272751,0.049437616020441055,-0.0012910552322864532,7.960731595754623,0.7087883949279785
618,/mnt/c/Users/Chirayu/Documents/GitHub/2D-to-3D-image-reconstruction/facescape_224/fsmview_trainset_15_6_jaw_right_18.jpg,0.05073978751897812,0.049525514245033264,-0.0012142732739448547,8.080520667135715,0.7027402520179749
552,/mnt/c/Users/Chirayu/Documents/GitHub/2D-to-3D-image-reconstruction/facescape_224/fsmview_trainset_17_19_brow_raiser_15.jpg,0.04787266626954079,0.04953277111053467,0.0016601048409938812,8.62300736643374,0.7060555815696716
944,/mnt/c/Users/Chirayu/Documents/GitHub/2D-to-3D-image-reconstruction/facescape_224/fsmview_trainset_13_4_anger_40.jpg,0.052726227790117264,0.049581676721572876,-0.003144551068544388,7.407476142048836,0.6110984683036804
563,/mnt/c/Users/Chirayu/Documents/GitHub/2D-to-3D-image-reconstruction/facescape_224/fsmview_trainset_4_18_eye_closed_50.jpg,0.045701947063207626,0.04958178848028183,0.0038798414170742035,8.630180351436138,0.7207826972007751
936,/mnt/c/Users/Chirayu/Documents/GitHub/2D-to-3D-image-reconstruction/facescape_224/fsmview_trainset_17_10_dimpler_34.jpg,0.04383658617734909,0.04960929602384567,0.005772709846496582,8.020527310669422,0.6626620292663574
376,/mnt/c/Users/Chirayu/Documents/GitHub/2D-to-3D-image-reconstruction/facescape_224/fsmview_trainset_5_8_mouth_left_35.jpg,0.05140623822808266,0.0496230348944664,-0.0017832033336162567,8.28747932612896,0.6998153924942017
630,/mnt/c/Users/Chirayu/Documents/GitHub/2D-to-3D-image-reconstruction/facescape_224/fsmview_trainset_12_16_grin_49.jpg,0.05264495313167572,0.049647558480501175,-0.0029973946511745453,7.938280824571848,0.6885076761245728
30,/mnt/c/Users/Chirayu/Documents/GitHub/2D-to-3D-image-reconstruction/facescape_224/fsmview_trainset_3_7_jaw_forward_29.jpg,0.0407194122672081,0.04968994855880737,0.008970536291599274,8.164371870458126,0.7102736830711365
440,/mnt/c/Users/Chirayu/Documents/GitHub/2D-to-3D-image-reconstruction/facescape_224/fsmview_trainset_12_5_jaw_left_18.jpg,0.054586268961429596,0.049857791513204575,-0.004728477448225021,8.894156632944942,0.7274503707885742
663,/mnt/c/Users/Chirayu/Documents/GitHub/2D-to-3D-image-reconstruction/facescape_224/fsmview_trainset_8_8_mouth_left_2.jpg,0.0514310821890831,0.04990759491920471,-0.0015234872698783875,7.689096495509148,0.6672058701515198
447,/mnt/c/Users/Chirayu/Documents/GitHub/2D-to-3D-image-reconstruction/facescape_224/fsmview_trainset_12_1_neutral_15.jpg,0.054599471390247345,0.049945831298828125,-0.00465364009141922,8.841887075453997,0.7223142385482788
782,/mnt/c/Users/Chirayu/Documents/GitHub/2D-to-3D-image-reconstruction/facescape_224/fsmview_trainset_14_20_brow_lower_56.jpg,0.05627646669745445,0.05000919848680496,-0.00626726821064949,8.016214706003666,0.7482596039772034
69,/mnt/c/Users/Chirayu/Documents/GitHub/2D-to-3D-image-reconstruction/facescape_224/fsmview_trainset_9_3_mouth_stretch_23.jpg,0.046125736087560654,0.050036169588565826,0.003910433501005173,7.333734039217234,0.7250306606292725
514,/mnt/c/Users/Chirayu/Documents/GitHub/2D-to-3D-image-reconstruction/facescape_224/fsmview_trainset_13_7_jaw_forward_16.jpg,0.05314232409000397,0.05028587952256203,-0.0028564445674419403,8.59263676032424,0.7237057089805603
752,/mnt/c/Users/Chirayu/Documents/GitHub/2D-to-3D-image-reconstruction/facescape_224/fsmview_trainset_4_2_smile_50.jpg,0.04444306343793869,0.050312288105487823,0.005869224667549133,8.67331014201045,0.7147859334945679
950,/mnt/c/Users/Chirayu/Documents/GitHub/2D-to-3D-image-reconstruction/facescape_224/fsmview_trainset_20_12_lip_puckerer_18.jpg,0.0546473003923893,0.050501082092523575,-0.004146218299865723,7.835822429507971,0.6277639865875244
431,/mnt/c/Users/Chirayu/Documents/GitHub/2D-to-3D-image-reconstruction/facescape_224/fsmview_trainset_20_16_grin_58.jpg,0.0496094636619091,0.050602417439222336,0.0009929537773132324,8.986272510141134,0.8027105927467346
451,/mnt/c/Users/Chirayu/Documents/GitHub/2D-to-3D-image-reconstruction/facescape_224/fsmview_trainset_9_14_sadness_30.jpg,0.05249062925577164,0.05069373920559883,-0.0017968900501728058,8.10655028373003,0.6751642823219299
386,/mnt/c/Users/Chirayu/Documents/GitHub/2D-to-3D-image-reconstruction/facescape_224/fsmview_trainset_14_16_grin_35.jpg,0.04788067564368248,0.05074315518140793,0.0028624795377254486,8.635653000324965,0.7257784605026245
807,/mnt/c/Users/Chirayu/Documents/GitHub/2D-to-3D-image-reconstruction/facescape_224/fsmview_trainset_8_14_sadness_2.jpg,0.05333416908979416,0.0507829524576664,-0.002551216632127762,7.653170309960842,0.6800712943077087
812,/mnt/c/Users/Chirayu/Documents/GitHub/2D-to-3D-image-reconstruction/facescape_224/fsmview_trainset_18_15_lip_roll_5.jpg,0.04205861687660217,0.05082487687468529,0.008766259998083115,8.308510717004538,0.7128596901893616
649,/mnt/c/Users/Chirayu/Documents/GitHub/2D-to-3D-image-reconstruction/facescape_224/fsmview_trainset_7_19_brow_raiser_27.jpg,0.05628373846411705,0.05085016041994095,-0.005433578044176102,8.809429910033941,0.7281994223594666
396,/mnt/c/Users/Chirayu/Documents/GitHub/2D-to-3D-image-reconstruction/facescape_224/fsmview_trainset_3_7_jaw_forward_32.jpg,0.04731271415948868,0.050898272544145584,0.003585558384656906,8.06353548169136,0.6657254695892334
846,/mnt/c/Users/Chirayu/Documents/GitHub/2D-to-3D-image-reconstruction/facescape_224/fsmview_trainset_13_6_jaw_right_38.jpg,0.05185816437005997,0.05106421187520027,-0.0007939524948596954,7.942024908959866,0.7055871486663818
893,/mnt/c/Users/Chirayu/Documents/GitHub/2D-to-3D-image-reconstruction/facescape_224/fsmview_trainset_20_13_lip_funneler_12.jpg,0.0467691533267498,0.0511135496199131,0.0043443962931632996,8.561582401394844,0.7044969797134399
44,/mnt/c/Users/Chirayu/Documents/GitHub/2D-to-3D-image-reconstruction/facescape_224/fsmview_trainset_6_9_mouth_right_32.jpg,0.04958730936050415,0.05115392804145813,0.0015666186809539795,7.762545175850391,0.6451482176780701
456,/mnt/c/Users/Chirayu/Documents/GitHub/2D-to-3D-image-reconstruction/facescape_224/fsmview_trainset_17_1_neutral_32.jpg,0.047250598669052124,0.051178690046072006,0.003928091377019882,8.29772812500596,0.7076914310455322
716,/mnt/c/Users/Chirayu/Documents/GitHub/2D-to-3D-image-reconstruction/facescape_224/fsmview_trainset_1_16_grin_35.jpg,0.05793179199099541,0.051248274743556976,-0.006683517247438431,8.4124004393816,0.768954336643219
220,/mnt/c/Users/Chirayu/Documents/GitHub/2D-to-3D-image-reconstruction/facescape_224/fsmview_trainset_9_17_cheek_blowing_3.jpg,0.04887276142835617,0.05139465630054474,0.002521894872188568,7.278590649366379,0.5993799567222595
638,/mnt/c/Users/Chirayu/Documents/GitHub/2D-to-3D-image-reconstruction/facescape_224/fsmview_trainset_12_2_smile_52.jpg,0.05294445529580116,0.0513959564268589,-0.0015484988689422607,7.800247710198164,0.6371357440948486
797,/mnt/c/Users/Chirayu/Documents/GitHub/2D-to-3D-image-reconstruction/facescape_224/fsmview_trainset_16_18_eye_closed_9.jpg,0.044395916163921356,0.05147204175591469,0.007076125591993332,8.392341434955597,0.7366291284561157
605,/mnt/c/Users/Chirayu/Documents/GitHub/2D-to-3D-image-reconstruction/facescape_224/fsmview_trainset_15_16_grin_18.jpg,0.04665635526180267,0.05156491696834564,0.004908561706542969,8.035909362137318,0.7346013188362122
109,/mnt/c/Users/Chirayu/Documents/GitHub/2D-to-3D-image-reconstruction/facescape_224/fsmview_trainset_9_6_jaw_right_23.jpg,0.05213033780455589,0.051596540957689285,-0.0005337968468666077,8.720459641888738,0.7334647178649902
465,/mnt/c/Users/Chirayu/Documents/GitHub/2D-to-3D-image-reconstruction/facescape_224/fsmview_trainset_9_17_cheek_blowing_5.jpg,0.04804769530892372,0.05166524276137352,0.0036175474524497986,7.678123526275158,0.6869829297065735
668,/mnt/c/Users/Chirayu/Documents/GitHub/2D-to-3D-image-reconstruction/facescape_224/fsmview_trainset_3_10_dimpler_47.jpg,0.04485611245036125,0.05174507573246956,0.006888963282108307,8.954417210072279,0.7413052916526794
596,/mnt/c/Users/Chirayu/Documents/GitHub/2D-to-3D-image-reconstruction/facescape_224/fsmview_trainset_14_1_neutral_59.jpg,0.04687347635626793,0.05185198411345482,0.00497850775718689,7.339670475572348,0.6375918984413147
655,/mnt/c/Users/Chirayu/Documents/GitHub/2D-to-3D-image-reconstruction/facescape_224/fsmview_trainset_10_20_brow_lower_19.jpg,0.04939281940460205,0.05190049856901169,0.0025076791644096375,8.53776950435713,0.7189298272132874
755,/mnt/c/Users/Chirayu/Documents/GitHub/2D-to-3D-image-reconstruction/facescape_224/fsmview_trainset_5_18_eye_closed_31.jpg,0.04950153827667236,0.05191430822014809,0.0024127699434757233,8.478003650903702,0.7018604278564453
578,/mnt/c/Users/Chirayu/Documents/GitHub/2D-to-3D-image-reconstruction/facescape_224/fsmview_trainset_18_3_mouth_stretch_12.jpg,0.04836320877075195,0.052101124078035355,0.0037379153072834015,7.9477346912026405,0.7546059489250183
525,/mnt/c/Users/Chirayu/Documents/GitHub/2D-to-3D-image-reconstruction/facescape_224/fsmview_trainset_14_15_lip_roll_20.jpg,0.0510595366358757,0.052159179002046585,0.0010996423661708832,7.261453323066235,0.6422778964042664
183,/mnt/c/Users/Chirayu/Documents/GitHub/2D-to-3D-image-reconstruction/facescape_224/fsmview_trainset_9_4_anger_35.jpg,0.055355969816446304,0.05219133943319321,-0.0031646303832530975,8.205784261226654,0.6349643468856812
353,/mnt/c/Users/Chirayu/Documents/GitHub/2D-to-3D-image-reconstruction/facescape_224/fsmview_trainset_14_10_dimpler_38.jpg,0.06696095317602158,0.05220533534884453,-0.014755617827177048,7.7199790477752686,0.6342604756355286
159,/mnt/c/Users/Chirayu/Documents/GitHub/2D-to-3D-image-reconstruction/facescape_224/fsmview_trainset_8_10_dimpler_53.jpg,0.049990054219961166,0.0522509329020977,0.0022608786821365356,8.078632019460201,0.7126489281654358
766,/mnt/c/Users/Chirayu/Documents/GitHub/2D-to-3D-image-reconstruction/facescape_224/fsmview_trainset_13_3_mouth_stretch_53.jpg,0.05113930627703667,0.05227398872375488,0.001134682446718216,7.811282005161047,0.6842232942581177
2,/mnt/c/Users/Chirayu/Documents/GitHub/2D-to-3D-image-reconstruction/facescape_224/fsmview_trainset_7_2_smile_1.jpg,0.053556762635707855,0.05235237255692482,-0.0012043900787830353,8.19683226197958,0.6994993686676025
210,/mnt/c/Users/Chirayu/Documents/GitHub/2D-to-3D-image-reconstruction/facescape_224/fsmview_trainset_20_13_lip_funneler_65.jpg,0.05232047289609909,0.052367329597473145,4.6856701374053955e-05,8.87045625410974,0.7740014791488647
899,/mnt/c/Users/Chirayu/Documents/GitHub/2D-to-3D-image-reconstruction/facescape_224/fsmview_trainset_16_1_neutral_29.jpg,0.049913518130779266,0.052459344267845154,0.0025458261370658875,7.812390003353357,0.6484251022338867
985,/mnt/c/Users/Chirayu/Documents/GitHub/2D-to-3D-image-reconstruction/facescape_224/fsmview_trainset_15_3_mouth_stretch_65.jpg,0.052545055747032166,0.0525304451584816,-1.4610588550567627e-05,8.625600235536695,0.8150067925453186
177,/mnt/c/Users/Chirayu/Documents/GitHub/2D-to-3D-image-reconstruction/facescape_224/fsmview_trainset_14_8_mouth_left_58.jpg,0.05394318699836731,0.052544888108968735,-0.0013982988893985748,8.209660664200783,0.748931348323822
529,/mnt/c/Users/Chirayu/Documents/GitHub/2D-to-3D-image-reconstruction/facescape_224/fsmview_trainset_14_1_neutral_38.jpg,0.0547097772359848,0.052619192749261856,-0.002090584486722946,7.495919018983841,0.6204820275306702
546,/mnt/c/Users/Chirayu/Documents/GitHub/2D-to-3D-image-reconstruction/facescape_224/fsmview_trainset_20_11_chin_raiser_13.jpg,0.05345449224114418,0.0526447594165802,-0.0008097328245639801,8.384208850562572,0.6965164542198181
365,/mnt/c/Users/Chirayu/Documents/GitHub/2D-to-3D-image-reconstruction/facescape_224/fsmview_trainset_11_15_lip_roll_56.jpg,0.051791712641716,0.052667636424303055,0.0008759237825870514,9.270696174353361,0.7967435717582703
634,/mnt/c/Users/Chirayu/Documents/GitHub/2D-to-3D-image-reconstruction/facescape_224/fsmview_trainset_3_13_lip_funneler_6.jpg,0.054045334458351135,0.052865296602249146,-0.0011800378561019897,8.225072346627712,0.7482004165649414
151,/mnt/c/Users/Chirayu/Documents/GitHub/2D-to-3D-image-reconstruction/facescape_224/fsmview_trainset_12_18_eye_closed_29.jpg,0.05429713428020477,0.0528971366584301,-0.0013999976217746735,9.183745307847857,0.7595990896224976
637,/mnt/c/Users/Chirayu/Documents/GitHub/2D-to-3D-image-reconstruction/facescape_224/fsmview_trainset_3_14_sadness_39.jpg,0.049432262778282166,0.052960507571697235,0.0035282447934150696,7.763781279325485,0.6921495795249939
974,/mnt/c/Users/Chirayu/Documents/GitHub/2D-to-3D-image-reconstruction/facescape_224/fsmview_trainset_12_4_anger_18.jpg,0.052074916660785675,0.05316378176212311,0.0010888651013374329,8.700599379837513,0.7132518887519836
816,/mnt/c/Users/Chirayu/Documents/GitHub/2D-to-3D-image-reconstruction/facescape_224/fsmview_trainset_8_1_neutral_55.jpg,0.04931621626019478,0.05317971482872963,0.003863498568534851,7.790085785090923,0.7067111134529114
975,/mnt/c/Users/Chirayu/Documents/GitHub/2D-to-3D-image-reconstruction/facescape_224/fsmview_trainset_13_9_mouth_right_25.jpg,0.043132293969392776,0.05320562422275543,0.010073330253362656,8.95339821325615,0.7339696288108826
967,/mnt/c/Users/Chirayu/Documents/GitHub/2D-to-3D-image-reconstruction/facescape_224/fsmview_trainset_9_17_cheek_blowing_32.jpg,0.04733224958181381,0.053212929517030716,0.005880679935216904,7.113025475293398,0.6071488857269287
712,/mnt/c/Users/Chirayu/Documents/GitHub/2D-to-3D-image-reconstruction/facescape_224/fsmview_trainset_8_9_mouth_right_25.jpg,0.05412399396300316,0.05326828733086586,-0.0008557066321372986,7.250272206962109,0.6505734920501709
387,/mnt/c/Users/Chirayu/Documents/GitHub/2D-to-3D-image-reconstruction/facescape_224/fsmview_trainset_17_15_lip_roll_35.jpg,0.052334778010845184,0.05347380414605141,0.0011390261352062225,8.090896701440215,0.693030834197998
588,/mnt/c/Users/Chirayu/Documents/GitHub/2D-to-3D-image-reconstruction/facescape_224/fsmview_trainset_11_3_mouth_stretch_17.jpg,0.047941066324710846,0.05350657179951668,0.005565505474805832,7.607636943459511,0.7250595688819885
115,/mnt/c/Users/Chirayu/Documents/GitHub/2D-to-3D-image-reconstruction/facescape_224/fsmview_trainset_19_2_smile_50.jpg,0.05450935289263725,0.05356929451227188,-0.0009400583803653717,8.840494452044368,0.6846555471420288
794,/mnt/c/Users/Chirayu/Documents/GitHub/2D-to-3D-image-reconstruction/facescape_224/fsmview_trainset_16_7_jaw_forward_20.jpg,0.05549466609954834,0.053615037351846695,-0.001879628747701645,8.708575880154967,0.7298316955566406
15,/mnt/c/Users/Chirayu/Documents/GitHub/2D-to-3D-image-reconstruction/facescape_224/fsmview_trainset_19_10_dimpler_6.jpg,0.05460821092128754,0.05380955711007118,-0.0007986538112163544,8.86187268793583,0.7392120361328125
152,/mnt/c/Users/Chirayu/Documents/GitHub/2D-to-3D-image-reconstruction/facescape_224/fsmview_trainset_10_6_jaw_right_7.jpg,0.04721156135201454,0.05386203154921532,0.006650470197200775,7.328670609742403,0.6443370580673218
88,/mnt/c/Users/Chirayu/Documents/GitHub/2D-to-3D-image-reconstruction/facescape_224/fsmview_trainset_12_4_anger_14.jpg,0.05725963041186333,0.05387486144900322,-0.0033847689628601074,9.285794639959931,0.7635267376899719
556,/mnt/c/Users/Chirayu/Documents/GitHub/2D-to-3D-image-reconstruction/facescape_224/fsmview_trainset_12_1_neutral_30.jpg,0.05731971561908722,0.053995560854673386,-0.0033241547644138336,9.308511151000857,0.768645167350769
932,/mnt/c/Users/Chirayu/Documents/GitHub/2D-to-3D-image-reconstruction/facescape_224/fsmview_trainset_19_8_mouth_left_24.jpg,0.053195174783468246,0.053997769951820374,0.0008025951683521271,9.031594324856997,0.7669088840484619
693,/mnt/c/Users/Chirayu/Documents/GitHub/2D-to-3D-image-reconstruction/facescape_224/fsmview_trainset_13_18_eye_closed_5.jpg,0.05346611514687538,0.05403170734643936,0.0005655921995639801,8.54542926326394,0.6668404936790466
574,/mnt/c/Users/Chirayu/Documents/GitHub/2D-to-3D-image-reconstruction/facescape_224/fsmview_trainset_5_18_eye_closed_20.jpg,0.05528143048286438,0.054141368716955185,-0.001140061765909195,8.72332014143467,0.7394669055938721
518,/mnt/c/Users/Chirayu/Documents/GitHub/2D-to-3D-image-reconstruction/facescape_224/fsmview_trainset_19_16_grin_8.jpg,0.0425645187497139,0.05428468436002731,0.011720165610313416,8.797348856925964,0.7791016101837158
482,/mnt/c/Users/Chirayu/Documents/GitHub/2D-to-3D-image-reconstruction/facescape_224/fsmview_trainset_3_15_lip_roll_19.jpg,0.05185101926326752,0.05431325361132622,0.0024622343480587006,8.23739735595882,0.6988918781280518
791,/mnt/c/Users/Chirayu/Documents/GitHub/2D-to-3D-image-reconstruction/facescape_224/fsmview_trainset_3_5_jaw_left_19.jpg,0.0536254458129406,0.05472150072455406,0.0010960549116134644,8.3886818154715,0.685817301273346
992,/mnt/c/Users/Chirayu/Documents/GitHub/2D-to-3D-image-reconstruction/facescape_224/fsmview_trainset_8_19_brow_raiser_46.jpg,0.05220947414636612,0.05475473403930664,0.0025452598929405212,7.91028618067503,0.6888070702552795
645,/mnt/c/Users/Chirayu/Documents/GitHub/2D-to-3D-image-reconstruction/facescape_224/fsmview_trainset_13_19_brow_raiser_4.jpg,0.058667268604040146,0.05481750890612602,-0.0038497596979141235,9.213766297325492,0.7536803483963013
33,/mnt/c/Users/Chirayu/Documents/GitHub/2D-to-3D-image-reconstruction/facescape_224/fsmview_trainset_8_20_brow_lower_3.jpg,0.05248209834098816,0.05495767667889595,0.002475578337907791,7.975096248090267,0.7251375913619995
743,/mnt/c/Users/Chirayu/Documents/GitHub/2D-to-3D-image-reconstruction/facescape_224/fsmview_trainset_16_5_jaw_left_5.jpg,0.04924950376152992,0.0551346056163311,0.005885101854801178,7.695778377354145,0.6635660529136658
316,/mnt/c/Users/Chirayu/Documents/GitHub/2D-to-3D-image-reconstruction/facescape_224/fsmview_trainset_20_3_mouth_stretch_60.jpg,0.05461813509464264,0.05519241467118263,0.0005742795765399933,8.32175201177597,0.7664057612419128
963,/mnt/c/Users/Chirayu/Documents/GitHub/2D-to-3D-image-reconstruction/facescape_224/fsmview_trainset_18_14_sadness_22.jpg,0.05633940175175667,0.05544726923108101,-0.0008921325206756592,8.896787770092487,0.7345937490463257
955,/mnt/c/Users/Chirayu/Documents/GitHub/2D-to-3D-image-reconstruction/facescape_224/fsmview_trainset_12_14_sadness_36.jpg,0.05428158864378929,0.05550512298941612,0.001223534345626831,8.522913876920938,0.7237549424171448
905,/mnt/c/Users/Chirayu/Documents/GitHub/2D-to-3D-image-reconstruction/facescape_224/fsmview_trainset_4_7_jaw_forward_2.jpg,0.06296218186616898,0.05552619323134422,-0.007435988634824753,7.493403259664774,0.6781254410743713
969,/mnt/c/Users/Chirayu/Documents/GitHub/2D-to-3D-image-reconstruction/facescape_224/fsmview_trainset_16_10_dimpler_19.jpg,0.05256543308496475,0.05552968755364418,0.002964254468679428,9.144121943041682,0.7671989798545837
582,/mnt/c/Users/Chirayu/Documents/GitHub/2D-to-3D-image-reconstruction/facescape_224/fsmview_trainset_3_4_anger_2.jpg,0.04915277287364006,0.0555892139673233,0.006436441093683243,8.434137120842934,0.7399901151657104
91,/mnt/c/Users/Chirayu/Documents/GitHub/2D-to-3D-image-reconstruction/facescape_224/fsmview_trainset_19_16_grin_26.jpg,0.058715350925922394,0.05577752739191055,-0.002937823534011841,9.048521108925343,0.7621510624885559
320,/mnt/c/Users/Chirayu/Documents/GitHub/2D-to-3D-image-reconstruction/facescape_224/fsmview_trainset_20_13_lip_funneler_35.jpg,0.05575115606188774,0.055790141224861145,3.898516297340393e-05,8.414878278039396,0.7098715305328369
785,/mnt/c/Users/Chirayu/Documents/GitHub/2D-to-3D-image-reconstruction/facescape_224/fsmview_trainset_19_18_eye_closed_47.jpg,0.05506518855690956,0.05586563050746918,0.0008004419505596161,8.81654767692089,0.7060695290565491
185,/mnt/c/Users/Chirayu/Documents/GitHub/2D-to-3D-image-reconstruction/facescape_224/fsmview_trainset_13_7_jaw_forward_55.jpg,0.0486612431704998,0.055871766060590744,0.007210522890090942,8.604030014947057,0.7448553442955017
194,/mnt/c/Users/Chirayu/Documents/GitHub/2D-to-3D-image-reconstruction/facescape_224/fsmview_trainset_12_13_lip_funneler_49.jpg,0.05795798450708389,0.05589570850133896,-0.002062276005744934,7.983340989798307,0.6969694495201111
873,/mnt/c/Users/Chirayu/Documents/GitHub/2D-to-3D-image-reconstruction/facescape_224/fsmview_trainset_6_7_jaw_forward_24.jpg,0.05672247335314751,0.05600455775856972,-0.0007179155945777893,8.450833048671484,0.7060017585754395
24,/mnt/c/Users/Chirayu/Documents/GitHub/2D-to-3D-image-reconstruction/facescape_224/fsmview_trainset_9_2_smile_19.jpg,0.05439348891377449,0.05618263781070709,0.001789148896932602,9.133533771615475,0.7417310476303101
111,/mnt/c/Users/Chirayu/Documents/GitHub/2D-to-3D-image-reconstruction/facescape_224/fsmview_trainset_18_11_chin_raiser_19.jpg,0.05531183257699013,0.056452345103025436,0.0011405125260353088,9.239987783133984,0.7327304482460022
441,/mnt/c/Users/Chirayu/Documents/GitHub/2D-to-3D-image-reconstruction/facescape_224/fsmview_trainset_3_15_lip_roll_13.jpg,0.059058595448732376,0.05646508187055588,-0.0025935135781764984,8.329995598644018,0.7156726717948914
195,/mnt/c/Users/Chirayu/Documents/GitHub/2D-to-3D-image-reconstruction/facescape_224/fsmview_trainset_19_20_brow_lower_36.jpg,0.06213171407580376,0.056542325764894485,-0.005589388310909271,8.787259735167027,0.7035201191902161
401,/mnt/c/Users/Chirayu/Documents/GitHub/2D-to-3D-image-reconstruction/facescape_224/fsmview_trainset_19_11_chin_raiser_48.jpg,0.056176282465457916,0.05660976469516754,0.00043348222970962524,7.85028774663806,0.6682072281837463
247,/mnt/c/Users/Chirayu/Documents/GitHub/2D-to-3D-image-reconstruction/facescape_224/fsmview_trainset_7_11_chin_raiser_53.jpg,0.059186872094869614,0.05679592862725258,-0.002390943467617035,7.8679383918643,0.6803695559501648
406,/mnt/c/Users/Chirayu/Documents/GitHub/2D-to-3D-image-reconstruction/facescape_224/fsmview_trainset_6_11_chin_raiser_2.jpg,0.05255267769098282,0.05686424672603607,0.004311569035053253,8.478777788579464,0.7221024632453918
271,/mnt/c/Users/Chirayu/Documents/GitHub/2D-to-3D-image-reconstruction/facescape_224/fsmview_trainset_20_10_dimpler_13.jpg,0.05827982723712921,0.057059381157159805,-0.0012204460799694061,8.478078566491604,0.7262374758720398
866,/mnt/c/Users/Chirayu/Documents/GitHub/2D-to-3D-image-reconstruction/facescape_224/fsmview_trainset_8_13_lip_funneler_29.jpg,0.05469541251659393,0.05728164687752724,0.002586234360933304,7.84495835006237,0.6770363450050354
304,/mnt/c/Users/Chirayu/Documents/GitHub/2D-to-3D-image-reconstruction/facescape_224/fsmview_trainset_15_18_eye_closed_18.jpg,0.04821792617440224,0.05741484835743904,0.009196922183036804,8.304955404251814,0.7130051255226135
105,/mnt/c/Users/Chirayu/Documents/GitHub/2D-to-3D-image-reconstruction/facescape_224/fsmview_trainset_18_4_anger_7.jpg,0.05223621428012848,0.05749073252081871,0.005254518240690231,8.032161824405193,0.6952077746391296
857,/mnt/c/Users/Chirayu/Documents/GitHub/2D-to-3D-image-reconstruction/facescape_224/fsmview_trainset_10_5_jaw_left_3.jpg,0.05848998948931694,0.05766576901078224,-0.0008242204785346985,7.786182165145874,0.7111580967903137
864,/mnt/c/Users/Chirayu/Documents/GitHub/2D-to-3D-image-reconstruction/facescape_224/fsmview_trainset_18_17_cheek_blowing_18.jpg,0.05724635720252991,0.05772293731570244,0.00047658011317253113,9.120251289568841,0.7433916330337524
240,/mnt/c/Users/Chirayu/Documents/GitHub/2D-to-3D-image-reconstruction/facescape_224/fsmview_trainset_4_8_mouth_left_25.jpg,0.057186007499694824,0.057870544493198395,0.0006845369935035706,7.885423272848129,0.6914498805999756
279,/mnt/c/Users/Chirayu/Documents/GitHub/2D-to-3D-image-reconstruction/facescape_224/fsmview_trainset_8_5_jaw_left_2.jpg,0.06356953829526901,0.0579662062227726,-0.005603332072496414,7.9595775082707405,0.7270513772964478
689,/mnt/c/Users/Chirayu/Documents/GitHub/2D-to-3D-image-reconstruction/facescape_224/fsmview_trainset_18_1_neutral_5.jpg,0.05115632340312004,0.05804580822587013,0.0068894848227500916,8.284732639789581,0.717030942440033
126,/mnt/c/Users/Chirayu/Documents/GitHub/2D-to-3D-image-reconstruction/facescape_224/fsmview_trainset_1_16_grin_12.jpg,0.05236341804265976,0.05813731998205185,0.00577390193939209,7.688586730509996,0.733321487903595
499,/mnt/c/Users/Chirayu/Documents/GitHub/2D-to-3D-image-reconstruction/facescape_224/fsmview_trainset_14_12_lip_puckerer_65.jpg,0.056414246559143066,0.05814032629132271,0.0017260797321796417,9.105631370097399,0.8165953755378723
297,/mnt/c/Users/Chirayu/Documents/GitHub/2D-to-3D-image-reconstruction/facescape_224/fsmview_trainset_18_8_mouth_left_29.jpg,0.05748215690255165,0.05822976306080818,0.0007476061582565308,8.82866581901908,0.6909524202346802
961,/mnt/c/Users/Chirayu/Documents/GitHub/2D-to-3D-image-reconstruction/facescape_224/fsmview_trainset_17_4_anger_5.jpg,0.055463314056396484,0.05823502317070961,0.0027717091143131256,8.666953215375543,0.6939657926559448
466,/mnt/c/Users/Chirayu/Documents/GitHub/2D-to-3D-image-reconstruction/facescape_224/fsmview_trainset_3_17_cheek_blowing_13.jpg,0.06404612958431244,0.05871521681547165,-0.00533091276884079,8.613282257691026,0.7123160362243652
413,/mnt/c/Users/Chirayu/Documents/GitHub/2D-to-3D-image-reconstruction/facescape_224/fsmview_trainset_10_13_lip_funneler_16.jpg,0.05648719519376755,0.058873582631349564,0.002386387437582016,7.54016861692071,0.6677802205085754
50,/mnt/c/Users/Chirayu/Documents/GitHub/2D-to-3D-image-reconstruction/facescape_224/fsmview_trainset_13_20_brow_lower_47.jpg,0.053272146731615067,0.05890001356601715,0.005627866834402084,7.8660412691533566,0.6548767685890198
444,/mnt/c/Users/Chirayu/Documents/GitHub/2D-to-3D-image-reconstruction/facescape_224/fsmview_trainset_3_2_smile_38.jpg,0.054420359432697296,0.05890011787414551,0.004479758441448212,7.973034344613552,0.7278907895088196
713,/mnt/c/Users/Chirayu/Documents/GitHub/2D-to-3D-image-reconstruction/facescape_224/fsmview_trainset_19_18_eye_closed_2.jpg,0.06253967434167862,0.05891164764761925,-0.003628026694059372,9.401044577360153,0.7616609930992126
830,/mnt/c/Users/Chirayu/Documents/GitHub/2D-to-3D-image-reconstruction/facescape_224/fsmview_trainset_5_7_jaw_forward_2.jpg,0.0633155032992363,0.05897906422615051,-0.004336439073085785,8.610979791730642,0.6821473240852356
874,/mnt/c/Users/Chirayu/Documents/GitHub/2D-to-3D-image-reconstruction/facescape_224/fsmview_trainset_9_17_cheek_blowing_29.jpg,0.05120900273323059,0.05898425728082657,0.007775254547595978,8.056625336408615,0.6994004249572754
536,/mnt/c/Users/Chirayu/Documents/GitHub/2D-to-3D-image-reconstruction/facescape_224/fsmview_trainset_19_9_mouth_right_26.jpg,0.06406483799219131,0.05899776518344879,-0.005067072808742523,9.146191537380219,0.751290500164032
767,/mnt/c/Users/Chirayu/Documents/GitHub/2D-to-3D-image-reconstruction/facescape_224/fsmview_trainset_19_9_mouth_right_24.jpg,0.05661730095744133,0.05919644609093666,0.002579145133495331,9.362281890586019,0.7872606515884399
407,/mnt/c/Users/Chirayu/Documents/GitHub/2D-to-3D-image-reconstruction/facescape_224/fsmview_trainset_6_4_anger_1.jpg,0.06018097326159477,0.05930890887975693,-0.0008720643818378448,7.801708668470383,0.7147176265716553
476,/mnt/c/Users/Chirayu/Documents/GitHub/2D-to-3D-image-reconstruction/facescape_224/fsmview_trainset_18_20_brow_lower_5.jpg,0.05490840598940849,0.059363070875406265,0.004454664885997772,8.306337632238865,0.6886809468269348
149,/mnt/c/Users/Chirayu/Documents/GitHub/2D-to-3D-image-reconstruction/facescape_224/fsmview_trainset_7_20_brow_lower_32.jpg,0.05464360490441322,0.05940353870391846,0.004759933799505234,7.954577319324017,0.6776615977287292
230,/mnt/c/Users/Chirayu/Documents/GitHub/2D-to-3D-image-reconstruction/facescape_224/fsmview_trainset_1_1_neutral_48.jpg,0.04117420315742493,0.059408679604530334,0.018234476447105408,7.637770686298609,0.6488906145095825
745,/mnt/c/Users/Chirayu/Documents/GitHub/2D-to-3D-image-reconstruction/facescape_224/fsmview_trainset_18_17_cheek_blowing_9.jpg,0.05386016517877579,0.05946952477097511,0.0056093595921993256,8.340814992785454,0.7227464318275452
43,/mnt/c/Users/Chirayu/Documents/GitHub/2D-to-3D-image-reconstruction/facescape_224/fsmview_trainset_20_12_lip_puckerer_13.jpg,0.05699491500854492,0.05957482010126114,0.002579905092716217,8.900305852293968,0.722234845161438
299,/mnt/c/Users/Chirayu/Documents/GitHub/2D-to-3D-image-reconstruction/facescape_224/fsmview_trainset_12_17_cheek_blowing_45.jpg,0.05116882547736168,0.05968153476715088,0.0085127092897892,9.029519820585847,0.7631421685218811
259,/mnt/c/Users/Chirayu/Documents/GitHub/2D-to-3D-image-reconstruction/facescape_224/fsmview_trainset_6_12_lip_puckerer_20.jpg,0.05719767510890961,0.059815913438797,0.00261823832988739,8.966992061585188,0.7602793574333191
947,/mnt/c/Users/Chirayu/Documents/GitHub/2D-to-3D-image-reconstruction/facescape_224/fsmview_trainset_10_18_eye_closed_25.jpg,0.059280600398778915,0.059867892414331436,0.0005872920155525208,7.849238187074661,0.7296831607818604
611,/mnt/c/Users/Chirayu/Documents/GitHub/2D-to-3D-image-reconstruction/facescape_224/fsmview_trainset_17_4_anger_19.jpg,0.057383134961128235,0.0600263848900795,0.0026432499289512634,9.087864287663251,0.7757030129432678
916,/mnt/c/Users/Chirayu/Documents/GitHub/2D-to-3D-image-reconstruction/facescape_224/fsmview_trainset_6_17_cheek_blowing_19.jpg,0.05185730382800102,0.060121987015008926,0.008264683187007904,8.707916477229446,0.777164876461029
314,/mnt/c/Users/Chirayu/Documents/GitHub/2D-to-3D-image-reconstruction/facescape_224/fsmview_trainset_15_20_brow_lower_65.jpg,0.059503618627786636,0.06019299849867821,0.000689379870891571,8.49350979924202,0.7840573191642761
852,/mnt/c/Users/Chirayu/Documents/GitHub/2D-to-3D-image-reconstruction/facescape_224/fsmview_trainset_7_9_mouth_right_1.jpg,0.05822323262691498,0.06020720675587654,0.001983974128961563,8.089963480830193,0.7012844085693359
329,/mnt/c/Users/Chirayu/Documents/GitHub/2D-to-3D-image-reconstruction/facescape_224/fsmview_trainset_17_2_smile_37.jpg,0.05415606498718262,0.06024298816919327,0.006086923182010651,7.749770272523165,0.6447756886482239
302,/mnt/c/Users/Chirayu/Documents/GitHub/2D-to-3D-image-reconstruction/facescape_224/fsmview_trainset_18_7_jaw_forward_19.jpg,0.06256026029586792,0.06070905551314354,-0.0018512047827243805,9.329543711617589,0.7577971816062927
19,/mnt/c/Users/Chirayu/Documents/GitHub/2D-to-3D-image-reconstruction/facescape_224/fsmview_trainset_5_19_brow_raiser_56.jpg,0.06226120889186859,0.06087542325258255,-0.0013857856392860413,8.50038056075573,0.7408740520477295
156,/mnt/c/Users/Chirayu/Documents/GitHub/2D-to-3D-image-reconstruction/facescape_224/fsmview_trainset_15_12_lip_puckerer_43.jpg,0.057555053383111954,0.06103690341114998,0.003481850028038025,8.27018915489316,0.67097407579422
92,/mnt/c/Users/Chirayu/Documents/GitHub/2D-to-3D-image-reconstruction/facescape_224/fsmview_trainset_5_13_lip_funneler_12.jpg,0.05855991691350937,0.06109663471579552,0.002536717802286148,8.259642273187637,0.7031273245811462
788,/mnt/c/Users/Chirayu/Documents/GitHub/2D-to-3D-image-reconstruction/facescape_224/fsmview_trainset_12_7_jaw_forward_28.jpg,0.049749620258808136,0.06159157678484917,0.011841956526041031,9.007028494030237,0.7407727241516113
114,/mnt/c/Users/Chirayu/Documents/GitHub/2D-to-3D-image-reconstruction/facescape_224/fsmview_trainset_17_15_lip_roll_3.jpg,0.06291025131940842,0.0618264339864254,-0.001083817332983017,7.719943076372147,0.6596218347549438
878,/mnt/c/Users/Chirayu/Documents/GitHub/2D-to-3D-image-reconstruction/facescape_224/fsmview_trainset_17_16_grin_35.jpg,0.05793284624814987,0.061984989792108536,0.004052143543958664,8.78474603407085,0.7401238679885864
101,/mnt/c/Users/Chirayu/Documents/GitHub/2D-to-3D-image-reconstruction/facescape_224/fsmview_trainset_14_5_jaw_left_64.jpg,0.06145348399877548,0.06202208995819092,0.0005686059594154358,8.119482377544045,0.7743475437164307
4,/mnt/c/Users/Chirayu/Documents/GitHub/2D-to-3D-image-reconstruction/facescape_224/fsmview_trainset_17_9_mouth_right_9.jpg,0.056286800652742386,0.062437962740659714,0.006151162087917328,8.451381456106901,0.6658313870429993
59,/mnt/c/Users/Chirayu/Documents/GitHub/2D-to-3D-image-reconstruction/facescape_224/fsmview_trainset_20_10_dimpler_26.jpg,0.052759964019060135,0.06254342198371887,0.009783457964658737,8.032456144690514,0.7080421447753906
957,/mnt/c/Users/Chirayu/Documents/GitHub/2D-to-3D-image-reconstruction/facescape_224/fsmview_trainset_13_19_brow_raiser_39.jpg,0.06947357207536697,0.06265261024236679,-0.006820961833000183,8.797402389347553,0.7195327281951904
648,/mnt/c/Users/Chirayu/Documents/GitHub/2D-to-3D-image-reconstruction/facescape_224/fsmview_trainset_2_14_sadness_27.jpg,0.06344195455312729,0.06294760853052139,-0.000494346022605896,9.271545181050897,0.7706134915351868
922,/mnt/c/Users/Chirayu/Documents/GitHub/2D-to-3D-image-reconstruction/facescape_224/fsmview_trainset_11_12_lip_puckerer_16.jpg,0.054153215140104294,0.06308574974536896,0.008932534605264664,7.723670858889818,0.6453834772109985
483,/mnt/c/Users/Chirayu/Documents/GitHub/2D-to-3D-image-reconstruction/facescape_224/fsmview_trainset_14_9_mouth_right_26.jpg,0.05026143789291382,0.06313023716211319,0.012868799269199371,7.864859879016876,0.7256532907485962
188,/mnt/c/Users/Chirayu/Documents/GitHub/2D-to-3D-image-reconstruction/facescape_224/fsmview_trainset_6_5_jaw_left_35.jpg,0.03571155294775963,0.06329555064439774,0.027583997696638107,7.431875117123127,0.6380124092102051
736,/mnt/c/Users/Chirayu/Documents/GitHub/2D-to-3D-image-reconstruction/facescape_224/fsmview_trainset_8_9_mouth_right_29.jpg,0.06245129927992821,0.06363020837306976,0.0011789090931415558,8.137244995683432,0.6668968200683594
328,/mnt/c/Users/Chirayu/Documents/GitHub/2D-to-3D-image-reconstruction/facescape_224/fsmview_trainset_11_11_chin_raiser_56.jpg,0.06659359484910965,0.06363999098539352,-0.0029536038637161255,9.133333344012499,0.7932742834091187
697,/mnt/c/Users/Chirayu/Documents/GitHub/2D-to-3D-image-reconstruction/facescape_224/fsmview_trainset_2_1_neutral_31.jpg,0.058205317705869675,0.06375531852245331,0.005550000816583633,8.688106209039688,0.6943280100822449
566,/mnt/c/Users/Chirayu/Documents/GitHub/2D-to-3D-image-reconstruction/facescape_224/fsmview_trainset_15_2_smile_58.jpg,0.06039867177605629,0.06394178420305252,0.003543112426996231,8.588041938841343,0.7762347459793091
800,/mnt/c/Users/Chirayu/Documents/GitHub/2D-to-3D-image-reconstruction/facescape_224/fsmview_trainset_12_9_mouth_right_6.jpg,0.06265390664339066,0.06394986808300018,0.0012959614396095276,8.60608945414424,0.7258999943733215
257,/mnt/c/Users/Chirayu/Documents/GitHub/2D-to-3D-image-reconstruction/facescape_224/fsmview_trainset_2_10_dimpler_24.jpg,0.062225889414548874,0.06416246294975281,0.0019365735352039337,9.591972138732672,0.7625461220741272
768,/mnt/c/Users/Chirayu/Documents/GitHub/2D-to-3D-image-reconstruction/facescape_224/fsmview_trainset_7_11_chin_raiser_54.jpg,0.06402990221977234,0.0646703913807869,0.0006404891610145569,7.987920213490725,0.6994026899337769
653,/mnt/c/Users/Chirayu/Documents/GitHub/2D-to-3D-image-reconstruction/facescape_224/fsmview_trainset_12_16_grin_21.jpg,0.060395631939172745,0.06482785195112228,0.004432220011949539,9.146255105733871,0.7368857264518738
725,/mnt/c/Users/Chirayu/Documents/GitHub/2D-to-3D-image-reconstruction/facescape_224/fsmview_trainset_12_10_dimpler_53.jpg,0.06217408925294876,0.0648399367928505,0.0026658475399017334,8.386986330151558,0.7026312351226807
289,/mnt/c/Users/Chirayu/Documents/GitHub/2D-to-3D-image-reconstruction/facescape_224/fsmview_trainset_11_15_lip_roll_12.jpg,0.06308325380086899,0.06498116999864578,0.0018979161977767944,7.942443273961544,0.6447177529335022
458,/mnt/c/Users/Chirayu/Documents/GitHub/2D-to-3D-image-reconstruction/facescape_224/fsmview_trainset_15_9_mouth_right_40.jpg,0.05588264763355255,0.06501130759716034,0.009128659963607788,8.65455648675561,0.7191599607467651
308,/mnt/c/Users/Chirayu/Documents/GitHub/2D-to-3D-image-reconstruction/facescape_224/fsmview_trainset_12_19_brow_raiser_27.jpg,0.0610024519264698,0.06522516906261444,0.004222717136144638,9.169151416048408,0.7526445388793945
799,/mnt/c/Users/Chirayu/Documents/GitHub/2D-to-3D-image-reconstruction/facescape_224/fsmview_trainset_13_19_brow_raiser_14.jpg,0.0664648488163948,0.06524564325809479,-0.0012192055583000183,9.149350823834538,0.7878555655479431
868,/mnt/c/Users/Chirayu/Documents/GitHub/2D-to-3D-image-reconstruction/facescape_224/fsmview_trainset_8_9_mouth_right_46.jpg,0.05966786667704582,0.06532954424619675,0.005661677569150925,7.798405259847641,0.6975695490837097
591,/mnt/c/Users/Chirayu/Documents/GitHub/2D-to-3D-image-reconstruction/facescape_224/fsmview_trainset_19_12_lip_puckerer_5.jpg,0.056894395500421524,0.06546587496995926,0.008571479469537735,8.292145997285843,0.6799816489219666
371,/mnt/c/Users/Chirayu/Documents/GitHub/2D-to-3D-image-reconstruction/facescape_224/fsmview_trainset_8_1_neutral_42.jpg,0.062156789004802704,0.06557071954011917,0.0034139305353164673,8.150880999863148,0.7364151477813721
38,/mnt/c/Users/Chirayu/Documents/GitHub/2D-to-3D-image-reconstruction/facescape_224/fsmview_trainset_5_13_lip_funneler_56.jpg,0.06694912165403366,0.06567905843257904,-0.0012700632214546204,8.32114513963461,0.7158929705619812
806,/mnt/c/Users/Chirayu/Documents/GitHub/2D-to-3D-image-reconstruction/facescape_224/fsmview_trainset_6_12_lip_puckerer_55.jpg,0.06159156933426857,0.06576400995254517,0.004172440618276596,8.321827616542578,0.7138636112213135
952,/mnt/c/Users/Chirayu/Documents/GitHub/2D-to-3D-image-reconstruction/facescape_224/fsmview_trainset_20_9_mouth_right_65.jpg,0.06578807532787323,0.06599842756986618,0.00021035224199295044,8.77890806645155,0.8292785286903381
848,/mnt/c/Users/Chirayu/Documents/GitHub/2D-to-3D-image-reconstruction/facescape_224/fsmview_trainset_17_9_mouth_right_55.jpg,0.0626031681895256,0.0660368949174881,0.003433726727962494,8.430650159716606,0.6965193748474121
54,/mnt/c/Users/Chirayu/Documents/GitHub/2D-to-3D-image-reconstruction/facescape_224/fsmview_trainset_5_16_grin_32.jpg,0.05919990688562393,0.06651187688112259,0.007311969995498657,7.852626703679562,0.6829806566238403
26,/mnt/c/Users/Chirayu/Documents/GitHub/2D-to-3D-image-reconstruction/facescape_224/fsmview_trainset_19_8_mouth_left_22.jpg,0.06423549354076385,0.06662886589765549,0.002393372356891632,9.561957964673638,0.7974100708961487
772,/mnt/c/Users/Chirayu/Documents/GitHub/2D-to-3D-image-reconstruction/facescape_224/fsmview_trainset_6_8_mouth_left_39.jpg,0.06763002276420593,0.06704293936491013,-0.0005870833992958069,8.42988745123148,0.7194020748138428
414,/mnt/c/Users/Chirayu/Documents/GitHub/2D-to-3D-image-reconstruction/facescape_224/fsmview_trainset_3_2_smile_16.jpg,0.06743142008781433,0.06705184280872345,-0.00037957727909088135,8.392352048307657,0.717484712600708
174,/mnt/c/Users/Chirayu/Documents/GitHub/2D-to-3D-image-reconstruction/facescape_224/fsmview_trainset_16_5_jaw_left_3.jpg,0.06426083296537399,0.06752854585647583,0.003267712891101837,7.892755471169949,0.7396677136421204
334,/mnt/c/Users/Chirayu/Documents/GitHub/2D-to-3D-image-reconstruction/facescape_224/fsmview_trainset_19_17_cheek_blowing_22.jpg,0.06223146989941597,0.0675860121846199,0.005354542285203934,9.304985692258924,0.7657578587532043
203,/mnt/c/Users/Chirayu/Documents/GitHub/2D-to-3D-image-reconstruction/facescape_224/fsmview_trainset_8_6_jaw_right_27.jpg,0.06816258281469345,0.0676201656460762,-0.0005424171686172485,7.474175453186035,0.6938833594322205
127,/mnt/c/Users/Chirayu/Documents/GitHub/2D-to-3D-image-reconstruction/facescape_224/fsmview_trainset_16_12_lip_puckerer_19.jpg,0.06888866424560547,0.06814420968294144,-0.000744454562664032,8.557831149548292,0.7137784957885742
129,/mnt/c/Users/Chirayu/Documents/GitHub/2D-to-3D-image-reconstruction/facescape_224/fsmview_trainset_4_4_anger_12.jpg,0.05772893503308296,0.0682520717382431,0.010523136705160141,7.860501032322645,0.7274722456932068
840,/mnt/c/Users/Chirayu/Documents/GitHub/2D-to-3D-image-reconstruction/facescape_224/fsmview_trainset_3_20_brow_lower_7.jpg,0.05328943580389023,0.06827804446220398,0.014988608658313751,8.218340702354908,0.7146404981613159
98,/mnt/c/Users/Chirayu/Documents/GitHub/2D-to-3D-image-reconstruction/facescape_224/fsmview_trainset_19_18_eye_closed_54.jpg,0.058864202350378036,0.06846046447753906,0.009596262127161026,9.167560855392367,0.7822099924087524
232,/mnt/c/Users/Chirayu/Documents/GitHub/2D-to-3D-image-reconstruction/facescape_224/fsmview_trainset_12_2_smile_41.jpg,0.05738062039017677,0.06879978626966476,0.011419165879487991,9.247481911908835,0.7677738070487976
636,/mnt/c/Users/Chirayu/Documents/GitHub/2D-to-3D-image-reconstruction/facescape_224/fsmview_trainset_13_13_lip_funneler_9.jpg,0.06597600132226944,0.06881118565797806,0.002835184335708618,8.196836899966002,0.7012777924537659
687,/mnt/c/Users/Chirayu/Documents/GitHub/2D-to-3D-image-reconstruction/facescape_224/fsmview_trainset_4_5_jaw_left_37.jpg,0.07166607677936554,0.06915172189474106,-0.002514354884624481,8.210291117429733,0.7052650451660156
85,/mnt/c/Users/Chirayu/Documents/GitHub/2D-to-3D-image-reconstruction/facescape_224/fsmview_trainset_9_3_mouth_stretch_53.jpg,0.06974263489246368,0.06934749335050583,-0.0003951415419578552,7.843324616551399,0.7663568258285522
615,/mnt/c/Users/Chirayu/Documents/GitHub/2D-to-3D-image-reconstruction/facescape_224/fsmview_trainset_14_18_eye_closed_64.jpg,0.06764071434736252,0.06956362724304199,0.0019229128956794739,9.025011990219355,0.8238614797592163
993,/mnt/c/Users/Chirayu/Documents/GitHub/2D-to-3D-image-reconstruction/facescape_224/fsmview_trainset_11_18_eye_closed_67.jpg,0.06326481699943542,0.06974159926176071,0.006476782262325287,9.125048778485507,0.7408250570297241
343,/mnt/c/Users/Chirayu/Documents/GitHub/2D-to-3D-image-reconstruction/facescape_224/fsmview_trainset_11_7_jaw_forward_13.jpg,0.06756673008203506,0.06975816190242767,0.0021914318203926086,7.4944368079304695,0.6417626738548279
683,/mnt/c/Users/Chirayu/Documents/GitHub/2D-to-3D-image-reconstruction/facescape_224/fsmview_trainset_16_2_smile_3.jpg,0.05784017592668533,0.06983239203691483,0.011992216110229492,7.540795147418976,0.7053699493408203
398,/mnt/c/Users/Chirayu/Documents/GitHub/2D-to-3D-image-reconstruction/facescape_224/fsmview_trainset_17_13_lip_funneler_29.jpg,0.06674959510564804,0.06986326724290848,0.003113672137260437,8.209162041544914,0.7135211229324341
521,/mnt/c/Users/Chirayu/Documents/GitHub/2D-to-3D-image-reconstruction/facescape_224/fsmview_trainset_13_7_jaw_forward_52.jpg,0.07399791479110718,0.07009873539209366,-0.0038991793990135193,8.602157533168793,0.7082369923591614
843,/mnt/c/Users/Chirayu/Documents/GitHub/2D-to-3D-image-reconstruction/facescape_224/fsmview_trainset_13_18_eye_closed_45.jpg,0.06838153302669525,0.07020502537488937,0.0018234923481941223,8.38432165980339,0.6914567351341248
628,/mnt/c/Users/Chirayu/Documents/GitHub/2D-to-3D-image-reconstruction/facescape_224/fsmview_trainset_19_17_cheek_blowing_3.jpg,0.07626202702522278,0.07035928964614868,-0.005902737379074097,9.453541155904531,0.7584760785102844
34,/mnt/c/Users/Chirayu/Documents/GitHub/2D-to-3D-image-reconstruction/facescape_224/fsmview_trainset_14_12_lip_puckerer_44.jpg,0.07057982683181763,0.07118473201990128,0.0006049051880836487,8.588630713522434,0.6911472678184509
520,/mnt/c/Users/Chirayu/Documents/GitHub/2D-to-3D-image-reconstruction/facescape_224/fsmview_trainset_9_12_lip_puckerer_54.jpg,0.072344571352005,0.07127761840820312,-0.0010669529438018799,7.804714046418667,0.6676979064941406
805,/mnt/c/Users/Chirayu/Documents/GitHub/2D-to-3D-image-reconstruction/facescape_224/fsmview_trainset_18_7_jaw_forward_54.jpg,0.07014981657266617,0.0713377296924591,0.0011879131197929382,8.204141147434711,0.7195326685905457
524,/mnt/c/Users/Chirayu/Documents/GitHub/2D-to-3D-image-reconstruction/facescape_224/fsmview_trainset_1_2_smile_24.jpg,0.06686754524707794,0.07149915397167206,0.004631608724594116,8.097817972302437,0.736747145652771
939,/mnt/c/Users/Chirayu/Documents/GitHub/2D-to-3D-image-reconstruction/facescape_224/fsmview_trainset_20_1_neutral_47.jpg,0.07365884631872177,0.07156690210103989,-0.0020919442176818848,7.405436046421528,0.6940513253211975
853,/mnt/c/Users/Chirayu/Documents/GitHub/2D-to-3D-image-reconstruction/facescape_224/fsmview_trainset_17_13_lip_funneler_13.jpg,0.06644455343484879,0.07156796008348465,0.005123406648635864,8.410215189680457,0.6973632574081421
901,/mnt/c/Users/Chirayu/Documents/GitHub/2D-to-3D-image-reconstruction/facescape_224/fsmview_trainset_10_9_mouth_right_37.jpg,0.0565485954284668,0.07163754850625992,0.015088953077793121,8.748951625078917,0.7312214970588684
559,/mnt/c/Users/Chirayu/Documents/GitHub/2D-to-3D-image-reconstruction/facescape_224/fsmview_trainset_9_9_mouth_right_1.jpg,0.06801734119653702,0.07178013771772385,0.0037627965211868286,7.942095972597599,0.7052180767059326
533,/mnt/c/Users/Chirayu/Documents/GitHub/2D-to-3D-image-reconstruction/facescape_224/fsmview_trainset_20_3_mouth_stretch_58.jpg,0.0766499862074852,0.07203871011734009,-0.004611276090145111,8.398589670658112,0.7642218470573425
63,/mnt/c/Users/Chirayu/Documents/GitHub/2D-to-3D-image-reconstruction/facescape_224/fsmview_trainset_11_1_neutral_19.jpg,0.06912248581647873,0.07208172231912613,0.0029592365026474,8.818261666223407,0.7132757902145386
202,/mnt/c/Users/Chirayu/Documents/GitHub/2D-to-3D-image-reconstruction/facescape_224/fsmview_trainset_4_1_neutral_42.jpg,0.06992805749177933,0.07219133526086807,0.002263277769088745,7.785487703979015,0.6928807497024536
945,/mnt/c/Users/Chirayu/Documents/GitHub/2D-to-3D-image-reconstruction/facescape_224/fsmview_trainset_6_16_grin_39.jpg,0.07065384835004807,0.07219201326370239,0.0015381649136543274,8.204213056713343,0.7423195242881775
56,/mnt/c/Users/Chirayu/Documents/GitHub/2D-to-3D-image-reconstruction/facescape_224/fsmview_trainset_12_13_lip_funneler_27.jpg,0.07334836572408676,0.07234005630016327,-0.0010083094239234924,9.011852573603392,0.7736613750457764
751,/mnt/c/Users/Chirayu/Documents/GitHub/2D-to-3D-image-reconstruction/facescape_224/fsmview_trainset_16_4_anger_42.jpg,0.0680738165974617,0.07241589576005936,0.004342079162597656,7.737682860344648,0.7155144214630127
14,/mnt/c/Users/Chirayu/Documents/GitHub/2D-to-3D-image-reconstruction/facescape_224/fsmview_trainset_4_18_eye_closed_29.jpg,0.07103338092565536,0.07297990471124649,0.0019465237855911255,8.160520642995834,0.6898201704025269
597,/mnt/c/Users/Chirayu/Documents/GitHub/2D-to-3D-image-reconstruction/facescape_224/fsmview_trainset_19_1_neutral_9.jpg,0.06241106986999512,0.07346032559871674,0.011049255728721619,9.003628622740507,0.7552438378334045
921,/mnt/c/Users/Chirayu/Documents/GitHub/2D-to-3D-image-reconstruction/facescape_224/fsmview_trainset_19_13_lip_funneler_47.jpg,0.07758841663599014,0.0743936076760292,-0.0031948089599609375,8.220933809876442,0.7163873910903931
856,/mnt/c/Users/Chirayu/Documents/GitHub/2D-to-3D-image-reconstruction/facescape_224/fsmview_trainset_13_9_mouth_right_37.jpg,0.07557538151741028,0.07440195232629776,-0.0011734291911125183,8.101063840091228,0.6953749656677246
18,/mnt/c/Users/Chirayu/Documents/GitHub/2D-to-3D-image-reconstruction/facescape_224/fsmview_trainset_6_14_sadness_1.jpg,0.07468871027231216,0.0744314193725586,-0.00025729089975357056,7.9056613221764565,0.7306810021400452
549,/mnt/c/Users/Chirayu/Documents/GitHub/2D-to-3D-image-reconstruction/facescape_224/fsmview_trainset_5_8_mouth_left_57.jpg,0.0741296261548996,0.07468407601118088,0.0005544498562812805,8.452231764793396,0.7386952638626099
62,/mnt/c/Users/Chirayu/Documents/GitHub/2D-to-3D-image-reconstruction/facescape_224/fsmview_trainset_7_17_cheek_blowing_27.jpg,0.059851083904504776,0.07489187270402908,0.015040788799524307,8.300191206857562,0.6789671182632446
517,/mnt/c/Users/Chirayu/Documents/GitHub/2D-to-3D-image-reconstruction/facescape_224/fsmview_trainset_9_19_brow_raiser_28.jpg,0.05909186229109764,0.07504826039075851,0.015956398099660873,8.386369623243809,0.6815174221992493
565,/mnt/c/Users/Chirayu/Documents/GitHub/2D-to-3D-image-reconstruction/facescape_224/fsmview_trainset_19_4_anger_25.jpg,0.08100786060094833,0.07513052225112915,-0.005877338349819183,9.36905388534069,0.7512240409851074
535,/mnt/c/Users/Chirayu/Documents/GitHub/2D-to-3D-image-reconstruction/facescape_224/fsmview_trainset_12_6_jaw_right_8.jpg,0.060999784618616104,0.07546548545360565,0.014465700834989548,8.899676822125912,0.7432212233543396
787,/mnt/c/Users/Chirayu/Documents/GitHub/2D-to-3D-image-reconstruction/facescape_224/fsmview_trainset_19_18_eye_closed_48.jpg,0.06748583167791367,0.07550791651010513,0.008022084832191467,8.283067431300879,0.7138257026672363
450,/mnt/c/Users/Chirayu/Documents/GitHub/2D-to-3D-image-reconstruction/facescape_224/fsmview_trainset_5_3_mouth_stretch_47.jpg,0.07041460275650024,0.07564255595207214,0.005227953195571899,9.055738288909197,0.7435961365699768
464,/mnt/c/Users/Chirayu/Documents/GitHub/2D-to-3D-image-reconstruction/facescape_224/fsmview_trainset_18_19_brow_raiser_56.jpg,0.06126585975289345,0.07602573186159134,0.014759872108697891,8.260301526635885,0.7244613170623779
793,/mnt/c/Users/Chirayu/Documents/GitHub/2D-to-3D-image-reconstruction/facescape_224/fsmview_trainset_2_1_neutral_20.jpg,0.06881216168403625,0.0760539248585701,0.007241763174533844,9.659732857719064,0.7791901230812073
943,/mnt/c/Users/Chirayu/Documents/GitHub/2D-to-3D-image-reconstruction/facescape_224/fsmview_trainset_3_6_jaw_right_1.jpg,0.0715441182255745,0.0761430487036705,0.004598930478096008,8.269856199622154,0.749612033367157
158,/mnt/c/Users/Chirayu/Documents/GitHub/2D-to-3D-image-reconstruction/facescape_224/fsmview_trainset_7_3_mouth_stretch_54.jpg,0.07600443065166473,0.07617450505495071,0.00017007440328598022,7.86596105247736,0.7473049759864807
820,/mnt/c/Users/Chirayu/Documents/GitHub/2D-to-3D-image-reconstruction/facescape_224/fsmview_trainset_3_18_eye_closed_7.jpg,0.0646035373210907,0.07630711048841476,0.011703573167324066,8.332692865282297,0.7125794291496277
253,/mnt/c/Users/Chirayu/Documents/GitHub/2D-to-3D-image-reconstruction/facescape_224/fsmview_trainset_9_11_chin_raiser_15.jpg,0.06035191938281059,0.07642974704504013,0.016077827662229538,9.17450132779777,0.76569002866745
527,/mnt/c/Users/Chirayu/Documents/GitHub/2D-to-3D-image-reconstruction/facescape_224/fsmview_trainset_12_18_eye_closed_39.jpg,0.0727233737707138,0.0767987072467804,0.004075333476066589,8.307078305631876,0.7033867239952087
216,/mnt/c/Users/Chirayu/Documents/GitHub/2D-to-3D-image-reconstruction/facescape_224/fsmview_trainset_9_2_smile_2.jpg,0.06634298712015152,0.07704220712184906,0.01069922000169754,7.980677429586649,0.7157401442527771
642,/mnt/c/Users/Chirayu/Documents/GitHub/2D-to-3D-image-reconstruction/facescape_224/fsmview_trainset_19_6_jaw_right_24.jpg,0.06986908614635468,0.0772174820303917,0.007348395884037018,9.434705892112106,0.791253924369812
677,/mnt/c/Users/Chirayu/Documents/GitHub/2D-to-3D-image-reconstruction/facescape_224/fsmview_trainset_19_11_chin_raiser_6.jpg,0.07448078691959381,0.07731126993894577,0.0028304830193519592,8.547103540971875,0.704365611076355
929,/mnt/c/Users/Chirayu/Documents/GitHub/2D-to-3D-image-reconstruction/facescape_224/fsmview_trainset_11_7_jaw_forward_17.jpg,0.06372883915901184,0.07751081138849258,0.013781972229480743,7.9163336008787155,0.686677098274231
829,/mnt/c/Users/Chirayu/Documents/GitHub/2D-to-3D-image-reconstruction/facescape_224/fsmview_trainset_19_12_lip_puckerer_11.jpg,0.07280238717794418,0.07755012065172195,0.004747733473777771,8.726254913955927,0.7280962467193604
360,/mnt/c/Users/Chirayu/Documents/GitHub/2D-to-3D-image-reconstruction/facescape_224/fsmview_trainset_1_6_jaw_right_54.jpg,0.07557700574398041,0.07757273316383362,0.0019957274198532104,8.038073167204857,0.7745188474655151
315,/mnt/c/Users/Chirayu/Documents/GitHub/2D-to-3D-image-reconstruction/facescape_224/fsmview_trainset_1_15_lip_roll_25.jpg,0.07299754023551941,0.07764667272567749,0.004649132490158081,8.277754455804825,0.761908769607544
442,/mnt/c/Users/Chirayu/Documents/GitHub/2D-to-3D-image-reconstruction/facescape_224/fsmview_trainset_9_1_neutral_1.jpg,0.07495501637458801,0.07793989777565002,0.0029848814010620117,8.53968320786953,0.6829026341438293
288,/mnt/c/Users/Chirayu/Documents/GitHub/2D-to-3D-image-reconstruction/facescape_224/fsmview_trainset_1_4_anger_11.jpg,0.09033792465925217,0.07839502394199371,-0.011942900717258453,7.969106569886208,0.7304908037185669
842,/mnt/c/Users/Chirayu/Documents/GitHub/2D-to-3D-image-reconstruction/facescape_224/fsmview_trainset_11_7_jaw_forward_28.jpg,0.08349756896495819,0.07865428924560547,-0.004843279719352722,9.131366487592459,0.7325672507286072
184,/mnt/c/Users/Chirayu/Documents/GitHub/2D-to-3D-image-reconstruction/facescape_224/fsmview_trainset_3_12_lip_puckerer_1.jpg,0.08085821568965912,0.0787413939833641,-0.0021168217062950134,8.555820003151894,0.7142114639282227
143,/mnt/c/Users/Chirayu/Documents/GitHub/2D-to-3D-image-reconstruction/facescape_224/fsmview_trainset_5_12_lip_puckerer_39.jpg,0.07553526759147644,0.07878333330154419,0.003248065710067749,8.200230367481709,0.7608641982078552
169,/mnt/c/Users/Chirayu/Documents/GitHub/2D-to-3D-image-reconstruction/facescape_224/fsmview_trainset_17_1_neutral_56.jpg,0.0699593797326088,0.07883527874946594,0.008875899016857147,8.996810307726264,0.7506989240646362
696,/mnt/c/Users/Chirayu/Documents/GitHub/2D-to-3D-image-reconstruction/facescape_224/fsmview_trainset_18_14_sadness_42.jpg,0.08376061916351318,0.07906322181224823,-0.004697397351264954,8.447900459170341,0.7535372376441956
730,/mnt/c/Users/Chirayu/Documents/GitHub/2D-to-3D-image-reconstruction/facescape_224/fsmview_trainset_10_13_lip_funneler_42.jpg,0.07876700162887573,0.07959747314453125,0.0008304715156555176,6.952531114220619,0.6714075803756714
726,/mnt/c/Users/Chirayu/Documents/GitHub/2D-to-3D-image-reconstruction/facescape_224/fsmview_trainset_2_12_lip_puckerer_13.jpg,0.07575175166130066,0.07983692735433578,0.004085175693035126,8.96339119412005,0.7514660358428955
461,/mnt/c/Users/Chirayu/Documents/GitHub/2D-to-3D-image-reconstruction/facescape_224/fsmview_trainset_6_11_chin_raiser_1.jpg,0.07467468827962875,0.07990866899490356,0.005233980715274811,8.35451590269804,0.7107597589492798
746,/mnt/c/Users/Chirayu/Documents/GitHub/2D-to-3D-image-reconstruction/facescape_224/fsmview_trainset_13_19_brow_raiser_30.jpg,0.06573138386011124,0.08013004809617996,0.014398664236068726,8.990991074591875,0.7429925203323364
306,/mnt/c/Users/Chirayu/Documents/GitHub/2D-to-3D-image-reconstruction/facescape_224/fsmview_trainset_12_16_grin_6.jpg,0.08216719329357147,0.08037212491035461,-0.001795068383216858,8.555160764604807,0.7469256520271301
875,/mnt/c/Users/Chirayu/Documents/GitHub/2D-to-3D-image-reconstruction/facescape_224/fsmview_trainset_16_12_lip_puckerer_7.jpg,0.06593719124794006,0.08090734481811523,0.014970153570175171,8.171160954982042,0.6702536344528198
727,/mnt/c/Users/Chirayu/Documents/GitHub/2D-to-3D-image-reconstruction/facescape_224/fsmview_trainset_7_14_sadness_49.jpg,0.08265823870897293,0.08125657588243484,-0.001401662826538086,6.136668860912323,0.533652663230896
583,/mnt/c/Users/Chirayu/Documents/GitHub/2D-to-3D-image-reconstruction/facescape_224/fsmview_trainset_4_10_dimpler_27.jpg,0.07919952273368835,0.08144933730363846,0.0022498145699501038,7.749696791172028,0.6948343515396118
404,/mnt/c/Users/Chirayu/Documents/GitHub/2D-to-3D-image-reconstruction/facescape_224/fsmview_trainset_13_17_cheek_blowing_2.jpg,0.07870269566774368,0.08149965107440948,0.002796955406665802,7.792647652328014,0.6349206566810608
468,/mnt/c/Users/Chirayu/Documents/GitHub/2D-to-3D-image-reconstruction/facescape_224/fsmview_trainset_20_13_lip_funneler_29.jpg,0.06791995465755463,0.0817180797457695,0.013798125088214874,7.89748964831233,0.6971144080162048
956,/mnt/c/Users/Chirayu/Documents/GitHub/2D-to-3D-image-reconstruction/facescape_224/fsmview_trainset_4_14_sadness_27.jpg,0.08216693252325058,0.08187753707170486,-0.00028939545154571533,8.03341569006443,0.7222403287887573
58,/mnt/c/Users/Chirayu/Documents/GitHub/2D-to-3D-image-reconstruction/facescape_224/fsmview_trainset_9_3_mouth_stretch_2.jpg,0.0688658058643341,0.08204980194568634,0.013183996081352234,8.17923666536808,0.7467651963233948
8,/mnt/c/Users/Chirayu/Documents/GitHub/2D-to-3D-image-reconstruction/facescape_224/fsmview_trainset_7_5_jaw_left_47.jpg,0.06633493304252625,0.08206253498792648,0.015727601945400238,9.389876432716846,0.8114126324653625
358,/mnt/c/Users/Chirayu/Documents/GitHub/2D-to-3D-image-reconstruction/facescape_224/fsmview_trainset_1_19_brow_raiser_11.jpg,0.09501706808805466,0.08213955163955688,-0.012877516448497772,8.327652491629124,0.7552341222763062
684,/mnt/c/Users/Chirayu/Documents/GitHub/2D-to-3D-image-reconstruction/facescape_224/fsmview_trainset_11_16_grin_64.jpg,0.07494581490755081,0.08224467933177948,0.007298864424228668,8.901007764041424,0.8017834424972534
808,/mnt/c/Users/Chirayu/Documents/GitHub/2D-to-3D-image-reconstruction/facescape_224/fsmview_trainset_20_1_neutral_43.jpg,0.07924450188875198,0.08227571845054626,0.003031216561794281,8.2117128521204,0.689775288105011
337,/mnt/c/Users/Chirayu/Documents/GitHub/2D-to-3D-image-reconstruction/facescape_224/fsmview_trainset_15_9_mouth_right_33.jpg,0.06234615668654442,0.08247335255146027,0.020127195864915848,7.883471755310893,0.7277481555938721
397,/mnt/c/Users/Chirayu/Documents/GitHub/2D-to-3D-image-reconstruction/facescape_224/fsmview_trainset_2_3_mouth_stretch_9.jpg,0.07392655313014984,0.08259501308202744,0.008668459951877594,8.659089151769876,0.7775704860687256
179,/mnt/c/Users/Chirayu/Documents/GitHub/2D-to-3D-image-reconstruction/facescape_224/fsmview_trainset_14_2_smile_10.jpg,0.08607690036296844,0.08281833678483963,-0.0032585635781288147,8.078980296850204,0.671959400177002
839,/mnt/c/Users/Chirayu/Documents/GitHub/2D-to-3D-image-reconstruction/facescape_224/fsmview_trainset_20_10_dimpler_10.jpg,0.08572643250226974,0.0829421654343605,-0.0027842670679092407,7.72525042667985,0.687038004398346
254,/mnt/c/Users/Chirayu/Documents/GitHub/2D-to-3D-image-reconstruction/facescape_224/fsmview_trainset_17_1_neutral_20.jpg,0.07787483930587769,0.08330532163381577,0.00543048232793808,9.368785476312041,0.7658402323722839
863,/mnt/c/Users/Chirayu/Documents/GitHub/2D-to-3D-image-reconstruction/facescape_224/fsmview_trainset_14_17_cheek_blowing_18.jpg,0.06934288144111633,0.08350574970245361,0.01416286826133728,7.394886270165443,0.6390105485916138
516,/mnt/c/Users/Chirayu/Documents/GitHub/2D-to-3D-image-reconstruction/facescape_224/fsmview_trainset_20_18_eye_closed_28.jpg,0.07886982709169388,0.08374983817338943,0.004880011081695557,8.041612913832068,0.669104278087616
711,/mnt/c/Users/Chirayu/Documents/GitHub/2D-to-3D-image-reconstruction/facescape_224/fsmview_trainset_7_15_lip_roll_38.jpg,0.08347326517105103,0.08414112031459808,0.0006678551435470581,7.813408028334379,0.7274340391159058
902,/mnt/c/Users/Chirayu/Documents/GitHub/2D-to-3D-image-reconstruction/facescape_224/fsmview_trainset_18_18_eye_closed_43.jpg,0.08253566920757294,0.08415193110704422,0.001616261899471283,7.97053562104702,0.6405978202819824
984,/mnt/c/Users/Chirayu/Documents/GitHub/2D-to-3D-image-reconstruction/facescape_224/fsmview_trainset_17_1_neutral_57.jpg,0.07899754494428635,0.08416660130023956,0.0051690563559532166,8.551071245223284,0.7163688540458679
41,/mnt/c/Users/Chirayu/Documents/GitHub/2D-to-3D-image-reconstruction/facescape_224/fsmview_trainset_15_9_mouth_right_19.jpg,0.07192911952733994,0.08419756591320038,0.012268446385860443,7.854176841676235,0.6671105623245239
180,/mnt/c/Users/Chirayu/Documents/GitHub/2D-to-3D-image-reconstruction/facescape_224/fsmview_trainset_5_5_jaw_left_16.jpg,0.03447456657886505,0.08448666334152222,0.050012096762657166,7.216046001762152,0.629798412322998
569,/mnt/c/Users/Chirayu/Documents/GitHub/2D-to-3D-image-reconstruction/facescape_224/fsmview_trainset_11_14_sadness_26.jpg,0.064510777592659,0.08480501174926758,0.02029423415660858,8.34239748865366,0.7355213761329651
45,/mnt/c/Users/Chirayu/Documents/GitHub/2D-to-3D-image-reconstruction/facescape_224/fsmview_trainset_1_15_lip_roll_29.jpg,0.07378539443016052,0.08481868356466293,0.011033289134502411,7.927838947623968,0.6651249527931213
933,/mnt/c/Users/Chirayu/Documents/GitHub/2D-to-3D-image-reconstruction/facescape_224/fsmview_trainset_7_11_chin_raiser_41.jpg,0.0824563205242157,0.08483234792947769,0.0023760274052619934,7.9260188192129135,0.6729037165641785
480,/mnt/c/Users/Chirayu/Documents/GitHub/2D-to-3D-image-reconstruction/facescape_224/fsmview_trainset_2_18_eye_closed_30.jpg,0.08135965466499329,0.08512517809867859,0.0037655234336853027,8.97935937717557,0.7507200241088867
167,/mnt/c/Users/Chirayu/Documents/GitHub/2D-to-3D-image-reconstruction/facescape_224/fsmview_trainset_9_11_chin_raiser_20.jpg,0.0816023051738739,0.08578510582447052,0.004182800650596619,9.75279482966289,0.8003562092781067
620,/mnt/c/Users/Chirayu/Documents/GitHub/2D-to-3D-image-reconstruction/facescape_224/fsmview_trainset_6_12_lip_puckerer_56.jpg,0.0868917778134346,0.08589810878038406,-0.0009936690330505371,8.468425933271646,0.7353633046150208
100,/mnt/c/Users/Chirayu/Documents/GitHub/2D-to-3D-image-reconstruction/facescape_224/fsmview_trainset_19_7_jaw_forward_7.jpg,0.06320048123598099,0.08603516221046448,0.02283468097448349,8.44636053033173,0.6897915601730347
260,/mnt/c/Users/Chirayu/Documents/GitHub/2D-to-3D-image-reconstruction/facescape_224/fsmview_trainset_14_13_lip_funneler_10.jpg,0.08641643077135086,0.0860646441578865,-0.00035178661346435547,8.055162750184536,0.7218469381332397
979,/mnt/c/Users/Chirayu/Documents/GitHub/2D-to-3D-image-reconstruction/facescape_224/fsmview_trainset_3_17_cheek_blowing_2.jpg,0.08484489470720291,0.08607586473226547,0.001230970025062561,8.765184126794338,0.7584359645843506
217,/mnt/c/Users/Chirayu/Documents/GitHub/2D-to-3D-image-reconstruction/facescape_224/fsmview_trainset_14_13_lip_funneler_49.jpg,0.07983850687742233,0.08617579936981201,0.006337292492389679,8.434013843536377,0.725217878818512
144,/mnt/c/Users/Chirayu/Documents/GitHub/2D-to-3D-image-reconstruction/facescape_224/fsmview_trainset_10_8_mouth_left_13.jpg,0.08275629580020905,0.08628587424755096,0.003529578447341919,7.070692308247089,0.6350440382957458
199,/mnt/c/Users/Chirayu/Documents/GitHub/2D-to-3D-image-reconstruction/facescape_224/fsmview_trainset_2_17_cheek_blowing_35.jpg,0.08974311500787735,0.08629044145345688,-0.003452673554420471,8.525455446913838,0.6850963830947876
319,/mnt/c/Users/Chirayu/Documents/GitHub/2D-to-3D-image-reconstruction/facescape_224/fsmview_trainset_3_14_sadness_47.jpg,0.06320077925920486,0.0865493193268776,0.02334854006767273,8.97253573127091,0.7517221570014954
307,/mnt/c/Users/Chirayu/Documents/GitHub/2D-to-3D-image-reconstruction/facescape_224/fsmview_trainset_2_6_jaw_right_56.jpg,0.08592454344034195,0.08697379380464554,0.0010492503643035889,8.437070719897747,0.7485305666923523
951,/mnt/c/Users/Chirayu/Documents/GitHub/2D-to-3D-image-reconstruction/facescape_224/fsmview_trainset_6_9_mouth_right_17.jpg,0.038972776383161545,0.08736733347177505,0.04839455708861351,8.550744434818625,0.720258891582489
938,/mnt/c/Users/Chirayu/Documents/GitHub/2D-to-3D-image-reconstruction/facescape_224/fsmview_trainset_20_15_lip_roll_29.jpg,0.07607328146696091,0.08829870820045471,0.012225426733493805,8.012390416115522,0.6791957020759583
503,/mnt/c/Users/Chirayu/Documents/GitHub/2D-to-3D-image-reconstruction/facescape_224/fsmview_trainset_1_17_cheek_blowing_11.jpg,0.10114186257123947,0.08860625326633453,-0.012535609304904938,8.112614691257477,0.7472545504570007
507,/mnt/c/Users/Chirayu/Documents/GitHub/2D-to-3D-image-reconstruction/facescape_224/fsmview_trainset_20_10_dimpler_28.jpg,0.08706139773130417,0.08899474143981934,0.0019333437085151672,8.221793487668037,0.6778921484947205
821,/mnt/c/Users/Chirayu/Documents/GitHub/2D-to-3D-image-reconstruction/facescape_224/fsmview_trainset_4_7_jaw_forward_49.jpg,0.08303689956665039,0.08961685001850128,0.006579950451850891,8.09782737120986,0.775541365146637
103,/mnt/c/Users/Chirayu/Documents/GitHub/2D-to-3D-image-reconstruction/facescape_224/fsmview_trainset_2_2_smile_6.jpg,0.07537180185317993,0.08974664658308029,0.01437484472990036,8.754468411207199,0.7673033475875854
384,/mnt/c/Users/Chirayu/Documents/GitHub/2D-to-3D-image-reconstruction/facescape_224/fsmview_trainset_2_9_mouth_right_54.jpg,0.08395516872406006,0.08981593698263168,0.005860768258571625,8.753585167229176,0.7693850994110107
295,/mnt/c/Users/Chirayu/Documents/GitHub/2D-to-3D-image-reconstruction/facescape_224/fsmview_trainset_9_19_brow_raiser_2.jpg,0.07196701318025589,0.08992356806993484,0.017956554889678955,8.337005496025085,0.7180443406105042
20,/mnt/c/Users/Chirayu/Documents/GitHub/2D-to-3D-image-reconstruction/facescape_224/fsmview_trainset_5_18_eye_closed_29.jpg,0.07839377969503403,0.0900326520204544,0.01163887232542038,8.533541694283485,0.7095676064491272
733,/mnt/c/Users/Chirayu/Documents/GitHub/2D-to-3D-image-reconstruction/facescape_224/fsmview_trainset_19_16_grin_4.jpg,0.07554144412279129,0.09022550284862518,0.014684058725833893,8.375251442193985,0.6908352375030518
354,/mnt/c/Users/Chirayu/Documents/GitHub/2D-to-3D-image-reconstruction/facescape_224/fsmview_trainset_1_11_chin_raiser_13.jpg,0.08647943288087845,0.09036242216825485,0.003882989287376404,7.355184994637966,0.6531851887702942
300,/mnt/c/Users/Chirayu/Documents/GitHub/2D-to-3D-image-reconstruction/facescape_224/fsmview_trainset_8_18_eye_closed_16.jpg,0.0888405293226242,0.09041190147399902,0.001571372151374817,8.05299936980009,0.7267706394195557
263,/mnt/c/Users/Chirayu/Documents/GitHub/2D-to-3D-image-reconstruction/facescape_224/fsmview_trainset_3_19_brow_raiser_2.jpg,0.07344972342252731,0.09076111763715744,0.017311394214630127,8.39346830919385,0.7292885780334473
676,/mnt/c/Users/Chirayu/Documents/GitHub/2D-to-3D-image-reconstruction/facescape_224/fsmview_trainset_16_16_grin_41.jpg,0.09573996812105179,0.09111840277910233,-0.004621565341949463,8.076306156814098,0.7550221681594849
255,/mnt/c/Users/Chirayu/Documents/GitHub/2D-to-3D-image-reconstruction/facescape_224/fsmview_trainset_18_18_eye_closed_11.jpg,0.10095993429422379,0.09125253558158875,-0.00970739871263504,8.07850094884634,0.7175902724266052
832,/mnt/c/Users/Chirayu/Documents/GitHub/2D-to-3D-image-reconstruction/facescape_224/fsmview_trainset_8_5_jaw_left_15.jpg,0.08967719972133636,0.09148287773132324,0.0018056780099868774,7.881296128034592,0.6254616379737854
97,/mnt/c/Users/Chirayu/Documents/GitHub/2D-to-3D-image-reconstruction/facescape_224/fsmview_trainset_15_3_mouth_stretch_49.jpg,0.08392126113176346,0.09187204390764236,0.007950782775878906,8.38704064488411,0.7254760265350342
571,/mnt/c/Users/Chirayu/Documents/GitHub/2D-to-3D-image-reconstruction/facescape_224/fsmview_trainset_7_3_mouth_stretch_41.jpg,0.09557115286588669,0.09225818514823914,-0.0033129677176475525,8.032123379409313,0.7636538147926331
273,/mnt/c/Users/Chirayu/Documents/GitHub/2D-to-3D-image-reconstruction/facescape_224/fsmview_trainset_17_11_chin_raiser_56.jpg,0.08501618355512619,0.09248185157775879,0.007465668022632599,8.512568697333336,0.7108979225158691
171,/mnt/c/Users/Chirayu/Documents/GitHub/2D-to-3D-image-reconstruction/facescape_224/fsmview_trainset_18_20_brow_lower_21.jpg,0.041899312287569046,0.09257378429174423,0.050674472004175186,8.22468575462699,0.7069548964500427
962,/mnt/c/Users/Chirayu/Documents/GitHub/2D-to-3D-image-reconstruction/facescape_224/fsmview_trainset_14_8_mouth_left_49.jpg,0.08673450350761414,0.09263364970684052,0.005899146199226379,8.46844930946827,0.7451776266098022
729,/mnt/c/Users/Chirayu/Documents/GitHub/2D-to-3D-image-reconstruction/facescape_224/fsmview_trainset_15_18_eye_closed_49.jpg,0.08498863875865936,0.09344085305929184,0.008452214300632477,8.449646413326263,0.7446166276931763
896,/mnt/c/Users/Chirayu/Documents/GitHub/2D-to-3D-image-reconstruction/facescape_224/fsmview_trainset_17_11_chin_raiser_7.jpg,0.08098819851875305,0.09357482194900513,0.012586623430252075,8.851305983960629,0.696215033531189
1,/mnt/c/Users/Chirayu/Documents/GitHub/2D-to-3D-image-reconstruction/facescape_224/fsmview_trainset_16_6_jaw_right_42.jpg,0.08872020989656448,0.09373285621404648,0.005012646317481995,7.093185469508171,0.6716649532318115
318,/mnt/c/Users/Chirayu/Documents/GitHub/2D-to-3D-image-reconstruction/facescape_224/fsmview_trainset_2_11_chin_raiser_38.jpg,0.0830032080411911,0.09385860711336136,0.010855399072170258,8.291969653218985,0.6749537587165833
496,/mnt/c/Users/Chirayu/Documents/GitHub/2D-to-3D-image-reconstruction/facescape_224/fsmview_trainset_18_8_mouth_left_33.jpg,0.03677517548203468,0.09402317553758621,0.05724800005555153,8.579730073921382,0.7316634654998779
67,/mnt/c/Users/Chirayu/Documents/GitHub/2D-to-3D-image-reconstruction/facescape_224/fsmview_trainset_2_13_lip_funneler_38.jpg,0.08479063212871552,0.09403461962938309,0.009243987500667572,7.954462960362434,0.7083243131637573
457,/mnt/c/Users/Chirayu/Documents/GitHub/2D-to-3D-image-reconstruction/facescape_224/fsmview_trainset_14_13_lip_funneler_34.jpg,0.044133979827165604,0.09439514577388763,0.05026116594672203,7.199255969375372,0.7356680035591125
394,/mnt/c/Users/Chirayu/Documents/GitHub/2D-to-3D-image-reconstruction/facescape_224/fsmview_trainset_13_16_grin_9.jpg,0.10596488416194916,0.09445014595985413,-0.011514738202095032,7.986277047544718,0.680314838886261
590,/mnt/c/Users/Chirayu/Documents/GitHub/2D-to-3D-image-reconstruction/facescape_224/fsmview_trainset_18_15_lip_roll_39.jpg,0.10348082333803177,0.09451417624950409,-0.00896664708852768,7.800469476729631,0.7036902904510498
436,/mnt/c/Users/Chirayu/Documents/GitHub/2D-to-3D-image-reconstruction/facescape_224/fsmview_trainset_10_5_jaw_left_6.jpg,0.04903055354952812,0.09486950188875198,0.04583894833922386,6.974128685891628,0.6289701461791992
573,/mnt/c/Users/Chirayu/Documents/GitHub/2D-to-3D-image-reconstruction/facescape_224/fsmview_trainset_20_2_smile_44.jpg,0.08768648654222488,0.09492480009794235,0.007238313555717468,9.73232832737267,0.7670100927352905
991,/mnt/c/Users/Chirayu/Documents/GitHub/2D-to-3D-image-reconstruction/facescape_224/fsmview_trainset_5_11_chin_raiser_49.jpg,0.10032104700803757,0.09503961354494095,-0.005281433463096619,7.714046310633421,0.6487606167793274
720,/mnt/c/Users/Chirayu/Documents/GitHub/2D-to-3D-image-reconstruction/facescape_224/fsmview_trainset_16_19_brow_raiser_11.jpg,0.08961321413516998,0.0952591747045517,0.005645960569381714,8.192144460976124,0.7377850413322449
651,/mnt/c/Users/Chirayu/Documents/GitHub/2D-to-3D-image-reconstruction/facescape_224/fsmview_trainset_7_1_neutral_53.jpg,0.09892392158508301,0.0952782854437828,-0.0036456361413002014,8.170508846640587,0.7108836770057678
470,/mnt/c/Users/Chirayu/Documents/GitHub/2D-to-3D-image-reconstruction/facescape_224/fsmview_trainset_4_14_sadness_48.jpg,0.09138251096010208,0.09531552344560623,0.00393301248550415,7.856946673244238,0.7599912881851196
110,/mnt/c/Users/Chirayu/Documents/GitHub/2D-to-3D-image-reconstruction/facescape_224/fsmview_trainset_3_2_smile_47.jpg,0.07931656390428543,0.09531750530004501,0.016000941395759583,9.171301171183586,0.739749014377594
836,/mnt/c/Users/Chirayu/Documents/GitHub/2D-to-3D-image-reconstruction/facescape_224/fsmview_trainset_13_15_lip_roll_55.jpg,0.0764429122209549,0.09632808715105057,0.019885174930095673,8.116232547909021,0.6883648037910461
78,/mnt/c/Users/Chirayu/Documents/GitHub/2D-to-3D-image-reconstruction/facescape_224/fsmview_trainset_18_19_brow_raiser_42.jpg,0.10247793048620224,0.09678176045417786,-0.0056961700320243835,8.775517269968987,0.8167353272438049
310,/mnt/c/Users/Chirayu/Documents/GitHub/2D-to-3D-image-reconstruction/facescape_224/fsmview_trainset_5_5_jaw_left_56.jpg,0.10200539976358414,0.09690076857805252,-0.005104631185531616,8.297627411782742,0.7269949316978455
707,/mnt/c/Users/Chirayu/Documents/GitHub/2D-to-3D-image-reconstruction/facescape_224/fsmview_trainset_14_3_mouth_stretch_37.jpg,0.09116879105567932,0.09758944064378738,0.006420649588108063,9.010459921788424,0.7708777785301208
214,/mnt/c/Users/Chirayu/Documents/GitHub/2D-to-3D-image-reconstruction/facescape_224/fsmview_trainset_10_5_jaw_left_45.jpg,0.09434280544519424,0.09775999188423157,0.003417186439037323,8.951926372945309,0.7775890231132507
701,/mnt/c/Users/Chirayu/Documents/GitHub/2D-to-3D-image-reconstruction/facescape_224/fsmview_trainset_2_6_jaw_right_38.jpg,0.08684799820184708,0.098359614610672,0.01151161640882492,7.911677584052086,0.6913424730300903
603,/mnt/c/Users/Chirayu/Documents/GitHub/2D-to-3D-image-reconstruction/facescape_224/fsmview_trainset_4_11_chin_raiser_44.jpg,0.10616137832403183,0.09875934571027756,-0.0074020326137542725,8.41772310435772,0.7076810598373413
773,/mnt/c/Users/Chirayu/Documents/GitHub/2D-to-3D-image-reconstruction/facescape_224/fsmview_trainset_13_8_mouth_left_38.jpg,0.10699903219938278,0.09904053807258606,-0.007958494126796722,7.382094420492649,0.6469746232032776
474,/mnt/c/Users/Chirayu/Documents/GitHub/2D-to-3D-image-reconstruction/facescape_224/fsmview_trainset_17_10_dimpler_4.jpg,0.09221363067626953,0.09955962747335434,0.007345996797084808,9.162556579336524,0.7382014393806458
262,/mnt/c/Users/Chirayu/Documents/GitHub/2D-to-3D-image-reconstruction/facescape_224/fsmview_trainset_12_15_lip_roll_40.jpg,0.07881266623735428,0.0996590107679367,0.020846344530582428,8.413477286696434,0.6839813590049744
739,/mnt/c/Users/Chirayu/Documents/GitHub/2D-to-3D-image-reconstruction/facescape_224/fsmview_trainset_10_5_jaw_left_44.jpg,0.11050570756196976,0.09998512268066406,-0.010520584881305695,7.697003945708275,0.6338641047477722
754,/mnt/c/Users/Chirayu/Documents/GitHub/2D-to-3D-image-reconstruction/facescape_224/fsmview_trainset_16_17_cheek_blowing_39.jpg,0.08727560192346573,0.10008186101913452,0.012806259095668793,8.583565775305033,0.6982512474060059
234,/mnt/c/Users/Chirayu/Documents/GitHub/2D-to-3D-image-reconstruction/facescape_224/fsmview_trainset_15_13_lip_funneler_36.jpg,0.07860024273395538,0.10189598053693771,0.02329573780298233,9.257810675073415,0.7975128889083862
135,/mnt/c/Users/Chirayu/Documents/GitHub/2D-to-3D-image-reconstruction/facescape_224/fsmview_trainset_3_5_jaw_left_2.jpg,0.08085472136735916,0.10200441628694534,0.02114969491958618,7.695648927241564,0.7160331606864929
95,/mnt/c/Users/Chirayu/Documents/GitHub/2D-to-3D-image-reconstruction/facescape_224/fsmview_trainset_5_12_lip_puckerer_47.jpg,0.08045323938131332,0.10208315402269363,0.02162991464138031,9.184751074761152,0.7827823162078857
335,/mnt/c/Users/Chirayu/Documents/GitHub/2D-to-3D-image-reconstruction/facescape_224/fsmview_trainset_19_1_neutral_42.jpg,0.08850253373384476,0.10236836969852448,0.013865835964679718,8.313465271145105,0.7295138835906982
479,/mnt/c/Users/Chirayu/Documents/GitHub/2D-to-3D-image-reconstruction/facescape_224/fsmview_trainset_20_11_chin_raiser_26.jpg,0.03513064980506897,0.10283826291561127,0.0677076131105423,7.323945607058704,0.663374662399292
196,/mnt/c/Users/Chirayu/Documents/GitHub/2D-to-3D-image-reconstruction/facescape_224/fsmview_trainset_13_5_jaw_left_43.jpg,0.10612983256578445,0.10294771194458008,-0.0031821206212043762,8.29318867623806,0.7025396823883057
783,/mnt/c/Users/Chirayu/Documents/GitHub/2D-to-3D-image-reconstruction/facescape_224/fsmview_trainset_20_17_cheek_blowing_10.jpg,0.08141805231571198,0.1040736585855484,0.022655606269836426,6.832259617745876,0.6082280278205872
311,/mnt/c/Users/Chirayu/Documents/GitHub/2D-to-3D-image-reconstruction/facescape_224/fsmview_trainset_20_13_lip_funneler_13.jpg,0.09557642787694931,0.10411521047353745,0.008538782596588135,8.446402184665203,0.7343000769615173
493,/mnt/c/Users/Chirayu/Documents/GitHub/2D-to-3D-image-reconstruction/facescape_224/fsmview_trainset_6_18_eye_closed_36.jpg,0.09265141189098358,0.10442828387022018,0.011776871979236603,8.082605052739382,0.6908277273178101
65,/mnt/c/Users/Chirayu/Documents/GitHub/2D-to-3D-image-reconstruction/facescape_224/fsmview_trainset_11_16_grin_59.jpg,0.07835043221712112,0.10465250164270401,0.026302069425582886,7.978173986077309,0.6811439394950867
327,/mnt/c/Users/Chirayu/Documents/GitHub/2D-to-3D-image-reconstruction/facescape_224/fsmview_trainset_15_4_anger_37.jpg,0.0830080658197403,0.10478618741035461,0.02177812159061432,9.168252270668745,0.790369987487793
884,/mnt/c/Users/Chirayu/Documents/GitHub/2D-to-3D-image-reconstruction/facescape_224/fsmview_trainset_12_5_jaw_left_16.jpg,0.05007772520184517,0.10484299063682556,0.05476526543498039,8.896743072196841,0.7532684803009033
706,/mnt/c/Users/Chirayu/Documents/GitHub/2D-to-3D-image-reconstruction/facescape_224/fsmview_trainset_9_4_anger_33.jpg,0.09947989135980606,0.10520020872354507,0.005720317363739014,7.865767024457455,0.6678481101989746
21,/mnt/c/Users/Chirayu/Documents/GitHub/2D-to-3D-image-reconstruction/facescape_224/fsmview_trainset_1_13_lip_funneler_41.jpg,0.11614592373371124,0.10540957748889923,-0.010736346244812012,8.240535832941532,0.7798800468444824
435,/mnt/c/Users/Chirayu/Documents/GitHub/2D-to-3D-image-reconstruction/facescape_224/fsmview_trainset_2_1_neutral_6.jpg,0.08995027840137482,0.10578465461730957,0.015834376215934753,8.732076309621334,0.746471107006073
731,/mnt/c/Users/Chirayu/Documents/GitHub/2D-to-3D-image-reconstruction/facescape_224/fsmview_trainset_1_3_mouth_stretch_15.jpg,0.1014813706278801,0.1060800850391388,0.0045987144112586975,7.69806507229805,0.6817556619644165
385,/mnt/c/Users/Chirayu/Documents/GitHub/2D-to-3D-image-reconstruction/facescape_224/fsmview_trainset_18_5_jaw_left_41.jpg,0.10298667103052139,0.10625015944242477,0.0032634884119033813,7.808329116553068,0.6989147067070007
403,/mnt/c/Users/Chirayu/Documents/GitHub/2D-to-3D-image-reconstruction/facescape_224/fsmview_trainset_9_13_lip_funneler_2.jpg,0.09327409416437149,0.10705394297838211,0.01377984881401062,8.640583898872137,0.7214547395706177
208,/mnt/c/Users/Chirayu/Documents/GitHub/2D-to-3D-image-reconstruction/facescape_224/fsmview_trainset_6_5_jaw_left_46.jpg,0.12688210606575012,0.1073828712105751,-0.01949923485517502,8.912034317851067,0.7643079161643982
528,/mnt/c/Users/Chirayu/Documents/GitHub/2D-to-3D-image-reconstruction/facescape_224/fsmview_trainset_1_11_chin_raiser_42.jpg,0.10997986793518066,0.10741984099149704,-0.0025600269436836243,8.273869350552559,0.7148817181587219
761,/mnt/c/Users/Chirayu/Documents/GitHub/2D-to-3D-image-reconstruction/facescape_224/fsmview_trainset_9_3_mouth_stretch_47.jpg,0.098965585231781,0.10742445290088654,0.00845886766910553,8.808759115636349,0.7210748195648193
178,/mnt/c/Users/Chirayu/Documents/GitHub/2D-to-3D-image-reconstruction/facescape_224/fsmview_trainset_19_13_lip_funneler_4.jpg,0.09503515809774399,0.1074705645442009,0.01243540644645691,8.403129503130913,0.7186675071716309
515,/mnt/c/Users/Chirayu/Documents/GitHub/2D-to-3D-image-reconstruction/facescape_224/fsmview_trainset_19_8_mouth_left_39.jpg,0.10315728187561035,0.1088201254606247,0.005662843585014343,8.887863393872976,0.7536343932151794
27,/mnt/c/Users/Chirayu/Documents/GitHub/2D-to-3D-image-reconstruction/facescape_224/fsmview_trainset_8_7_jaw_forward_0.jpg,0.10142046213150024,0.10945827513933182,0.008037813007831573,7.995432518422604,0.7084598541259766
911,/mnt/c/Users/Chirayu/Documents/GitHub/2D-to-3D-image-reconstruction/facescape_224/fsmview_trainset_6_18_eye_closed_49.jpg,0.1310577094554901,0.1097828671336174,-0.02127484232187271,7.307881599292159,0.644686758518219
650,/mnt/c/Users/Chirayu/Documents/GitHub/2D-to-3D-image-reconstruction/facescape_224/fsmview_trainset_2_9_mouth_right_55.jpg,0.11029548197984695,0.10986597836017609,-0.0004295036196708679,8.67146535590291,0.7592906355857849
810,/mnt/c/Users/Chirayu/Documents/GitHub/2D-to-3D-image-reconstruction/facescape_224/fsmview_trainset_6_3_mouth_stretch_46.jpg,0.12177480012178421,0.11058047413825989,-0.011194325983524323,8.114874593913555,0.7525666952133179
865,/mnt/c/Users/Chirayu/Documents/GitHub/2D-to-3D-image-reconstruction/facescape_224/fsmview_trainset_10_11_chin_raiser_44.jpg,0.13240249454975128,0.11060599982738495,-0.021796494722366333,8.11335602402687,0.6691087484359741
408,/mnt/c/Users/Chirayu/Documents/GitHub/2D-to-3D-image-reconstruction/facescape_224/fsmview_trainset_14_1_neutral_10.jpg,0.09977816045284271,0.11126392334699631,0.011485762894153595,8.221353724598885,0.6947778463363647
146,/mnt/c/Users/Chirayu/Documents/GitHub/2D-to-3D-image-reconstruction/facescape_224/fsmview_trainset_7_18_eye_closed_36.jpg,0.10098443925380707,0.1114092692732811,0.01042483001947403,7.769561313092709,0.6932778358459473
438,/mnt/c/Users/Chirayu/Documents/GitHub/2D-to-3D-image-reconstruction/facescape_224/fsmview_trainset_3_3_mouth_stretch_46.jpg,0.11936608701944351,0.11149292439222336,-0.007873162627220154,8.213866949081421,0.70979243516922
229,/mnt/c/Users/Chirayu/Documents/GitHub/2D-to-3D-image-reconstruction/facescape_224/fsmview_trainset_11_8_mouth_left_14.jpg,0.08556759357452393,0.11174511909484863,0.026177525520324707,8.232191380113363,0.6973986029624939
831,/mnt/c/Users/Chirayu/Documents/GitHub/2D-to-3D-image-reconstruction/facescape_224/fsmview_trainset_11_15_lip_roll_45.jpg,0.05724790319800377,0.11175110936164856,0.05450320616364479,9.19184748083353,0.8679400086402893
245,/mnt/c/Users/Chirayu/Documents/GitHub/2D-to-3D-image-reconstruction/facescape_224/fsmview_trainset_17_7_jaw_forward_44.jpg,0.11434603482484818,0.11227089166641235,-0.0020751431584358215,7.900969345122576,0.641535758972168
562,/mnt/c/Users/Chirayu/Documents/GitHub/2D-to-3D-image-reconstruction/facescape_224/fsmview_trainset_5_14_sadness_41.jpg,0.11289035528898239,0.1132688820362091,0.0003785267472267151,7.9089693911373615,0.6942673921585083
242,/mnt/c/Users/Chirayu/Documents/GitHub/2D-to-3D-image-reconstruction/facescape_224/fsmview_trainset_16_18_eye_closed_45.jpg,0.10422417521476746,0.11436297744512558,0.010138802230358124,8.686529215425253,0.7121016383171082
828,/mnt/c/Users/Chirayu/Documents/GitHub/2D-to-3D-image-reconstruction/facescape_224/fsmview_trainset_3_8_mouth_left_12.jpg,0.09117288887500763,0.11452455818653107,0.023351669311523438,7.815339207649231,0.7036191821098328
762,/mnt/c/Users/Chirayu/Documents/GitHub/2D-to-3D-image-reconstruction/facescape_224/fsmview_trainset_11_1_neutral_28.jpg,0.11410453915596008,0.11471754312515259,0.0006130039691925049,8.89002320729196,0.7133206725120544
555,/mnt/c/Users/Chirayu/Documents/GitHub/2D-to-3D-image-reconstruction/facescape_224/fsmview_trainset_5_16_grin_41.jpg,0.11471131443977356,0.11524351686239243,0.000532202422618866,7.751184388995171,0.6828937530517578
774,/mnt/c/Users/Chirayu/Documents/GitHub/2D-to-3D-image-reconstruction/facescape_224/fsmview_trainset_20_16_grin_11.jpg,0.08292504400014877,0.11585824936628342,0.032933205366134644,7.279532492160797,0.7023223042488098
82,/mnt/c/Users/Chirayu/Documents/GitHub/2D-to-3D-image-reconstruction/facescape_224/fsmview_trainset_7_5_jaw_left_36.jpg,0.10657662898302078,0.11603444069623947,0.009457811713218689,7.794045574963093,0.7091490030288696
224,/mnt/c/Users/Chirayu/Documents/GitHub/2D-to-3D-image-reconstruction/facescape_224/fsmview_trainset_14_4_anger_45.jpg,0.10884284973144531,0.11605758965015411,0.007214739918708801,8.868157595396042,0.6963478326797485
425,/mnt/c/Users/Chirayu/Documents/GitHub/2D-to-3D-image-reconstruction/facescape_224/fsmview_trainset_10_6_jaw_right_52.jpg,0.12375208735466003,0.11684388667345047,-0.006908200681209564,6.912758551537991,0.635798454284668
824,/mnt/c/Users/Chirayu/Documents/GitHub/2D-to-3D-image-reconstruction/facescape_224/fsmview_trainset_2_12_lip_puckerer_39.jpg,0.1129719540476799,0.11743804812431335,0.004466094076633453,8.039847202599049,0.7023839950561523
534,/mnt/c/Users/Chirayu/Documents/GitHub/2D-to-3D-image-reconstruction/facescape_224/fsmview_trainset_6_9_mouth_right_36.jpg,0.10868865996599197,0.11748626083135605,0.008797600865364075,7.686883583664894,0.659280002117157
39,/mnt/c/Users/Chirayu/Documents/GitHub/2D-to-3D-image-reconstruction/facescape_224/fsmview_trainset_2_12_lip_puckerer_31.jpg,0.10845300555229187,0.11779225617647171,0.00933925062417984,8.300382940098643,0.6524586081504822
870,/mnt/c/Users/Chirayu/Documents/GitHub/2D-to-3D-image-reconstruction/facescape_224/fsmview_trainset_16_19_brow_raiser_37.jpg,0.09113465994596481,0.11818557977676392,0.027050919830799103,9.185139317065477,0.7587860822677612
718,/mnt/c/Users/Chirayu/Documents/GitHub/2D-to-3D-image-reconstruction/facescape_224/fsmview_trainset_2_4_anger_1.jpg,0.12217051535844803,0.11989812552928925,-0.002272389829158783,8.820452228188515,0.7635733485221863
867,/mnt/c/Users/Chirayu/Documents/GitHub/2D-to-3D-image-reconstruction/facescape_224/fsmview_trainset_9_19_brow_raiser_43.jpg,0.12500375509262085,0.11998283118009567,-0.005020923912525177,7.182207126170397,0.6312215328216553
467,/mnt/c/Users/Chirayu/Documents/GitHub/2D-to-3D-image-reconstruction/facescape_224/fsmview_trainset_7_17_cheek_blowing_31.jpg,0.1181577816605568,0.12009990960359573,0.0019421279430389404,7.704906813800335,0.658078670501709
361,/mnt/c/Users/Chirayu/Documents/GitHub/2D-to-3D-image-reconstruction/facescape_224/fsmview_trainset_10_19_brow_raiser_46.jpg,0.11339472979307175,0.12012667208909988,0.006731942296028137,9.475547935813665,0.7777827382087708
627,/mnt/c/Users/Chirayu/Documents/GitHub/2D-to-3D-image-reconstruction/facescape_224/fsmview_trainset_1_15_lip_roll_42.jpg,0.14472214877605438,0.1203797310590744,-0.02434241771697998,7.877351760864258,0.7510114908218384
876,/mnt/c/Users/Chirayu/Documents/GitHub/2D-to-3D-image-reconstruction/facescape_224/fsmview_trainset_7_13_lip_funneler_44.jpg,0.11411720514297485,0.12095681577920914,0.0068396106362342834,7.466170310974121,0.6867190003395081
587,/mnt/c/Users/Chirayu/Documents/GitHub/2D-to-3D-image-reconstruction/facescape_224/fsmview_trainset_1_3_mouth_stretch_44.jpg,0.11618616431951523,0.12116042524576187,0.004974260926246643,7.973199792206287,0.681576669216156
205,/mnt/c/Users/Chirayu/Documents/GitHub/2D-to-3D-image-reconstruction/facescape_224/fsmview_trainset_11_8_mouth_left_40.jpg,0.09791698306798935,0.12143390625715256,0.023516923189163208,8.652441501617432,0.7508462071418762
508,/mnt/c/Users/Chirayu/Documents/GitHub/2D-to-3D-image-reconstruction/facescape_224/fsmview_trainset_10_1_neutral_55.jpg,0.1146925613284111,0.12169456481933594,0.007002003490924835,7.411335203796625,0.6922352313995361
378,/mnt/c/Users/Chirayu/Documents/GitHub/2D-to-3D-image-reconstruction/facescape_224/fsmview_trainset_15_2_smile_20.jpg,0.10533037036657333,0.12253859639167786,0.017208226025104523,7.348374478518963,0.6345062255859375
130,/mnt/c/Users/Chirayu/Documents/GitHub/2D-to-3D-image-reconstruction/facescape_224/fsmview_trainset_2_20_brow_lower_29.jpg,0.09953312575817108,0.12327814102172852,0.023745015263557434,8.147141195833683,0.6736092567443848
351,/mnt/c/Users/Chirayu/Documents/GitHub/2D-to-3D-image-reconstruction/facescape_224/fsmview_trainset_8_8_mouth_left_18.jpg,0.11820966750383377,0.12369419634342194,0.005484528839588165,7.806921370327473,0.751221776008606
732,/mnt/c/Users/Chirayu/Documents/GitHub/2D-to-3D-image-reconstruction/facescape_224/fsmview_trainset_1_15_lip_roll_52.jpg,0.12433279305696487,0.12645673751831055,0.0021239444613456726,8.194813635200262,0.7389847636222839
393,/mnt/c/Users/Chirayu/Documents/GitHub/2D-to-3D-image-reconstruction/facescape_224/fsmview_trainset_5_13_lip_funneler_45.jpg,0.15468931198120117,0.12673260271549225,-0.027956709265708923,8.076288528740406,0.6807951927185059
854,/mnt/c/Users/Chirayu/Documents/GitHub/2D-to-3D-image-reconstruction/facescape_224/fsmview_trainset_1_7_jaw_forward_41.jpg,0.13133004307746887,0.1268373429775238,-0.004492700099945068,7.996191971004009,0.739569902420044
367,/mnt/c/Users/Chirayu/Documents/GitHub/2D-to-3D-image-reconstruction/facescape_224/fsmview_trainset_20_5_jaw_left_8.jpg,0.13851314783096313,0.12695132195949554,-0.01156182587146759,8.45863676816225,0.7858915328979492
595,/mnt/c/Users/Chirayu/Documents/GitHub/2D-to-3D-image-reconstruction/facescape_224/fsmview_trainset_3_16_grin_35.jpg,0.11133074760437012,0.12784923613071442,0.0165184885263443,7.628185089677572,0.6965585947036743
181,/mnt/c/Users/Chirayu/Documents/GitHub/2D-to-3D-image-reconstruction/facescape_224/fsmview_trainset_13_4_anger_6.jpg,0.14435039460659027,0.12792354822158813,-0.016426846385002136,8.33477795124054,0.6875523328781128
998,/mnt/c/Users/Chirayu/Documents/GitHub/2D-to-3D-image-reconstruction/facescape_224/fsmview_trainset_10_3_mouth_stretch_13.jpg,0.13292184472084045,0.1283942461013794,-0.00452759861946106,7.10972087085247,0.6782134175300598
692,/mnt/c/Users/Chirayu/Documents/GitHub/2D-to-3D-image-reconstruction/facescape_224/fsmview_trainset_1_19_brow_raiser_23.jpg,0.03664389252662659,0.12878745794296265,0.09214356541633606,8.987272529862821,0.7590651512145996
906,/mnt/c/Users/Chirayu/Documents/GitHub/2D-to-3D-image-reconstruction/facescape_224/fsmview_trainset_12_9_mouth_right_52.jpg,0.12353796511888504,0.12918971478939056,0.005651749670505524,7.943452425301075,0.6729829907417297
671,/mnt/c/Users/Chirayu/Documents/GitHub/2D-to-3D-image-reconstruction/facescape_224/fsmview_trainset_13_2_smile_33.jpg,0.1327228993177414,0.12990225851535797,-0.002820640802383423,7.948236797004938,0.7078397274017334
128,/mnt/c/Users/Chirayu/Documents/GitHub/2D-to-3D-image-reconstruction/facescape_224/fsmview_trainset_4_12_lip_puckerer_0.jpg,0.1279607117176056,0.1301654428243637,0.0022047311067581177,8.441481310874224,0.747211754322052
894,/mnt/c/Users/Chirayu/Documents/GitHub/2D-to-3D-image-reconstruction/facescape_224/fsmview_trainset_13_10_dimpler_10.jpg,0.09300456196069717,0.13046643137931824,0.03746186941862106,9.118226079735905,0.7872439026832581
734,/mnt/c/Users/Chirayu/Documents/GitHub/2D-to-3D-image-reconstruction/facescape_224/fsmview_trainset_18_14_sadness_45.jpg,0.10799563676118851,0.13047640025615692,0.022480763494968414,9.792675545439124,0.7919260263442993
454,/mnt/c/Users/Chirayu/Documents/GitHub/2D-to-3D-image-reconstruction/facescape_224/fsmview_trainset_4_20_brow_lower_51.jpg,0.1498521864414215,0.1310216635465622,-0.018830522894859314,7.025786750018597,0.7118787169456482
765,/mnt/c/Users/Chirayu/Documents/GitHub/2D-to-3D-image-reconstruction/facescape_224/fsmview_trainset_2_18_eye_closed_29.jpg,0.10334347933530807,0.13241779804229736,0.02907431870698929,8.53375207260251,0.6976407766342163
162,/mnt/c/Users/Chirayu/Documents/GitHub/2D-to-3D-image-reconstruction/facescape_224/fsmview_trainset_12_6_jaw_right_24.jpg,0.12164373695850372,0.13276784121990204,0.011124104261398315,8.252575550228357,0.7051963210105896
681,/mnt/c/Users/Chirayu/Documents/GitHub/2D-to-3D-image-reconstruction/facescape_224/fsmview_trainset_8_15_lip_roll_31.jpg,0.11051392555236816,0.13367019593715668,0.023156270384788513,7.517269212752581,0.6426643133163452
498,/mnt/c/Users/Chirayu/Documents/GitHub/2D-to-3D-image-reconstruction/facescape_224/fsmview_trainset_14_3_mouth_stretch_16.jpg,0.08733745664358139,0.1337032914161682,0.04636583477258682,7.437625274062157,0.688506543636322
680,/mnt/c/Users/Chirayu/Documents/GitHub/2D-to-3D-image-reconstruction/facescape_224/fsmview_trainset_11_2_smile_28.jpg,0.13675571978092194,0.13483774662017822,-0.0019179731607437134,9.202707894146442,0.7332678437232971
519,/mnt/c/Users/Chirayu/Documents/GitHub/2D-to-3D-image-reconstruction/facescape_224/fsmview_trainset_12_1_neutral_43.jpg,0.12932613492012024,0.13594716787338257,0.006621032953262329,7.635171052068472,0.6552335619926453
359,/mnt/c/Users/Chirayu/Documents/GitHub/2D-to-3D-image-reconstruction/facescape_224/fsmview_trainset_11_9_mouth_right_44.jpg,0.1274246871471405,0.1369151622056961,0.009490475058555603,8.1916359141469,0.7815394997596741
593,/mnt/c/Users/Chirayu/Documents/GitHub/2D-to-3D-image-reconstruction/facescape_224/fsmview_trainset_4_14_sadness_45.jpg,0.11685754358768463,0.13930301368236542,0.022445470094680786,9.69882876984775,0.8001852035522461
264,/mnt/c/Users/Chirayu/Documents/GitHub/2D-to-3D-image-reconstruction/facescape_224/fsmview_trainset_20_15_lip_roll_47.jpg,0.09972724318504333,0.13963164389133453,0.0399044007062912,7.7047718949615955,0.7046939134597778
305,/mnt/c/Users/Chirayu/Documents/GitHub/2D-to-3D-image-reconstruction/facescape_224/fsmview_trainset_3_10_dimpler_46.jpg,0.13172878324985504,0.14013978838920593,0.008411005139350891,8.322049111127853,0.7073512673377991
554,/mnt/c/Users/Chirayu/Documents/GitHub/2D-to-3D-image-reconstruction/facescape_224/fsmview_trainset_15_13_lip_funneler_33.jpg,0.12174982577562332,0.14181435108184814,0.020064525306224823,7.483450042083859,0.6491619944572449
191,/mnt/c/Users/Chirayu/Documents/GitHub/2D-to-3D-image-reconstruction/facescape_224/fsmview_trainset_5_4_anger_40.jpg,0.141561821103096,0.14188015460968018,0.0003183335065841675,7.944162394851446,0.7214152216911316
402,/mnt/c/Users/Chirayu/Documents/GitHub/2D-to-3D-image-reconstruction/facescape_224/fsmview_trainset_17_12_lip_puckerer_57.jpg,0.13420359790325165,0.1425325870513916,0.008328989148139954,8.708824627101421,0.720154345035553
798,/mnt/c/Users/Chirayu/Documents/GitHub/2D-to-3D-image-reconstruction/facescape_224/fsmview_trainset_6_5_jaw_left_36.jpg,0.13020305335521698,0.14343589544296265,0.013232842087745667,7.50505007058382,0.690342128276825
861,/mnt/c/Users/Chirayu/Documents/GitHub/2D-to-3D-image-reconstruction/facescape_224/fsmview_trainset_8_6_jaw_right_48.jpg,0.1440371870994568,0.14355172216892242,-0.0004854649305343628,7.518553584814072,0.678695559501648
990,/mnt/c/Users/Chirayu/Documents/GitHub/2D-to-3D-image-reconstruction/facescape_224/fsmview_trainset_18_2_smile_38.jpg,0.1492198258638382,0.14420375227928162,-0.00501607358455658,8.576942019164562,0.8402001261711121
484,/mnt/c/Users/Chirayu/Documents/GitHub/2D-to-3D-image-reconstruction/facescape_224/fsmview_trainset_15_18_eye_closed_30.jpg,0.12709544599056244,0.14446912705898285,0.01737368106842041,7.894350823014975,0.6460226774215698
786,/mnt/c/Users/Chirayu/Documents/GitHub/2D-to-3D-image-reconstruction/facescape_224/fsmview_trainset_2_8_mouth_left_26.jpg,0.03699600324034691,0.14525195956230164,0.10825595632195473,9.847478561103344,0.833342969417572
119,/mnt/c/Users/Chirayu/Documents/GitHub/2D-to-3D-image-reconstruction/facescape_224/fsmview_trainset_8_6_jaw_right_38.jpg,0.1649101823568344,0.14565032720565796,-0.019259855151176453,8.10911389440298,0.8408501148223877
12,/mnt/c/Users/Chirayu/Documents/GitHub/2D-to-3D-image-reconstruction/facescape_224/fsmview_trainset_20_13_lip_funneler_46.jpg,0.12706810235977173,0.14727377891540527,0.020205676555633545,7.584315225481987,0.6808328032493591
802,/mnt/c/Users/Chirayu/Documents/GitHub/2D-to-3D-image-reconstruction/facescape_224/fsmview_trainset_8_19_brow_raiser_15.jpg,0.1406792551279068,0.14876168966293335,0.00808243453502655,8.053314000368118,0.6705734729766846
157,/mnt/c/Users/Chirayu/Documents/GitHub/2D-to-3D-image-reconstruction/facescape_224/fsmview_trainset_14_2_smile_47.jpg,0.0694284439086914,0.1487690508365631,0.0793406069278717,7.919409450143576,0.7213104963302612
912,/mnt/c/Users/Chirayu/Documents/GitHub/2D-to-3D-image-reconstruction/facescape_224/fsmview_trainset_20_15_lip_roll_14.jpg,0.14223612844944,0.14930272102355957,0.007066592574119568,7.95179146528244,0.6836602687835693
28,/mnt/c/Users/Chirayu/Documents/GitHub/2D-to-3D-image-reconstruction/facescape_224/fsmview_trainset_5_3_mouth_stretch_33.jpg,0.04548482596874237,0.15004079043865204,0.10455596446990967,7.96969547867775,0.8646755814552307
163,/mnt/c/Users/Chirayu/Documents/GitHub/2D-to-3D-image-reconstruction/facescape_224/fsmview_trainset_6_14_sadness_44.jpg,0.16959039866924286,0.15029393136501312,-0.019296467304229736,7.349975556135178,0.6897865533828735
544,/mnt/c/Users/Chirayu/Documents/GitHub/2D-to-3D-image-reconstruction/facescape_224/fsmview_trainset_18_1_neutral_39.jpg,0.15473857522010803,0.15046609938144684,-0.004272475838661194,8.414849117398262,0.8000370264053345
531,/mnt/c/Users/Chirayu/Documents/GitHub/2D-to-3D-image-reconstruction/facescape_224/fsmview_trainset_17_20_brow_lower_46.jpg,0.14462487399578094,0.1508345603942871,0.0062096863985061646,8.417980041354895,0.7453083395957947
228,/mnt/c/Users/Chirayu/Documents/GitHub/2D-to-3D-image-reconstruction/facescape_224/fsmview_trainset_6_4_anger_45.jpg,0.16878999769687653,0.15188677608966827,-0.016903221607208252,7.908606089651585,0.7455177307128906
813,/mnt/c/Users/Chirayu/Documents/GitHub/2D-to-3D-image-reconstruction/facescape_224/fsmview_trainset_13_6_jaw_right_19.jpg,0.1416860818862915,0.15275590121746063,0.011069819331169128,8.072724513709545,0.6562876105308533
278,/mnt/c/Users/Chirayu/Documents/GitHub/2D-to-3D-image-reconstruction/facescape_224/fsmview_trainset_14_15_lip_roll_9.jpg,0.1711878478527069,0.15324077010154724,-0.017947077751159668,7.234375052154064,0.7264959812164307
488,/mnt/c/Users/Chirayu/Documents/GitHub/2D-to-3D-image-reconstruction/facescape_224/fsmview_trainset_8_14_sadness_15.jpg,0.1631954461336136,0.15424680709838867,-0.008948639035224915,7.985863372683525,0.6633350253105164
261,/mnt/c/Users/Chirayu/Documents/GitHub/2D-to-3D-image-reconstruction/facescape_224/fsmview_trainset_7_19_brow_raiser_42.jpg,0.1647663414478302,0.15580008924007416,-0.008966252207756042,6.4182575810700655,0.6032224297523499
960,/mnt/c/Users/Chirayu/Documents/GitHub/2D-to-3D-image-reconstruction/facescape_224/fsmview_trainset_4_2_smile_40.jpg,0.16608209908008575,0.1563282310962677,-0.009753867983818054,6.988204464316368,0.6726550459861755
243,/mnt/c/Users/Chirayu/Documents/GitHub/2D-to-3D-image-reconstruction/facescape_224/fsmview_trainset_3_1_neutral_40.jpg,0.14927485585212708,0.15646958351135254,0.007194727659225464,7.554668717086315,0.6776021122932434
424,/mnt/c/Users/Chirayu/Documents/GitHub/2D-to-3D-image-reconstruction/facescape_224/fsmview_trainset_19_2_smile_37.jpg,0.12447792291641235,0.1579488068819046,0.03347088396549225,8.907763397321105,0.7571905255317688
211,/mnt/c/Users/Chirayu/Documents/GitHub/2D-to-3D-image-reconstruction/facescape_224/fsmview_trainset_7_18_eye_closed_40.jpg,0.15222281217575073,0.1580847203731537,0.005861908197402954,7.0753814950585365,0.64594966173172
355,/mnt/c/Users/Chirayu/Documents/GitHub/2D-to-3D-image-reconstruction/facescape_224/fsmview_trainset_7_4_anger_40.jpg,0.15086676180362701,0.1587146371603012,0.007847875356674194,6.681728631258011,0.6040180325508118
753,/mnt/c/Users/Chirayu/Documents/GitHub/2D-to-3D-image-reconstruction/facescape_224/fsmview_trainset_14_2_smile_9.jpg,0.1711883246898651,0.15900284051895142,-0.012185484170913696,7.782489623874426,0.742922842502594
576,/mnt/c/Users/Chirayu/Documents/GitHub/2D-to-3D-image-reconstruction/facescape_224/fsmview_trainset_12_4_anger_22.jpg,0.16938963532447815,0.15930864214897156,-0.010080993175506592,8.85810224711895,0.6905566453933716
141,/mnt/c/Users/Chirayu/Documents/GitHub/2D-to-3D-image-reconstruction/facescape_224/fsmview_trainset_18_4_anger_40.jpg,0.14389105141162872,0.1598074585199356,0.015916407108306885,7.047879204154015,0.6451231837272644
186,/mnt/c/Users/Chirayu/Documents/GitHub/2D-to-3D-image-reconstruction/facescape_224/fsmview_trainset_15_19_brow_raiser_12.jpg,0.08261816203594208,0.16033044457435608,0.077712282538414,9.784552991390228,0.8840124607086182
568,/mnt/c/Users/Chirayu/Documents/GitHub/2D-to-3D-image-reconstruction/facescape_224/fsmview_trainset_3_2_smile_52.jpg,0.15276816487312317,0.16074752807617188,0.007979363203048706,8.073386766016483,0.7211787700653076
670,/mnt/c/Users/Chirayu/Documents/GitHub/2D-to-3D-image-reconstruction/facescape_224/fsmview_trainset_10_14_sadness_40.jpg,0.13538499176502228,0.16097964346408844,0.025594651699066162,6.995222419500351,0.6272822022438049
641,/mnt/c/Users/Chirayu/Documents/GitHub/2D-to-3D-image-reconstruction/facescape_224/fsmview_trainset_15_13_lip_funneler_10.jpg,0.1444435566663742,0.16278867423534393,0.018345117568969727,8.228439677506685,0.7366892695426941
25,/mnt/c/Users/Chirayu/Documents/GitHub/2D-to-3D-image-reconstruction/facescape_224/fsmview_trainset_19_2_smile_32.jpg,0.15338611602783203,0.16331039369106293,0.009924277663230896,7.4778345711529255,0.7095038294792175
252,/mnt/c/Users/Chirayu/Documents/GitHub/2D-to-3D-image-reconstruction/facescape_224/fsmview_trainset_10_5_jaw_left_34.jpg,0.03998034819960594,0.1647181510925293,0.12473780289292336,10.01662545837462,0.8807575106620789
172,/mnt/c/Users/Chirayu/Documents/GitHub/2D-to-3D-image-reconstruction/facescape_224/fsmview_trainset_5_5_jaw_left_40.jpg,0.1594098061323166,0.16482321918010712,0.005413413047790527,7.662786677479744,0.6808766722679138
372,/mnt/c/Users/Chirayu/Documents/GitHub/2D-to-3D-image-reconstruction/facescape_224/fsmview_trainset_6_20_brow_lower_16.jpg,0.15166373550891876,0.1663651466369629,0.014701411128044128,8.00785081088543,0.7213398814201355
621,/mnt/c/Users/Chirayu/Documents/GitHub/2D-to-3D-image-reconstruction/facescape_224/fsmview_trainset_13_18_eye_closed_56.jpg,0.15517784655094147,0.16881145536899567,0.0136336088180542,7.943779397755861,0.6539919376373291
790,/mnt/c/Users/Chirayu/Documents/GitHub/2D-to-3D-image-reconstruction/facescape_224/fsmview_trainset_2_10_dimpler_48.jpg,0.1634814441204071,0.17013807594776154,0.006656631827354431,9.247924664989114,0.7782866954803467
719,/mnt/c/Users/Chirayu/Documents/GitHub/2D-to-3D-image-reconstruction/facescape_224/fsmview_trainset_20_18_eye_closed_12.jpg,0.06465966254472733,0.17028570175170898,0.10562603920698166,6.86876555159688,0.661957859992981
708,/mnt/c/Users/Chirayu/Documents/GitHub/2D-to-3D-image-reconstruction/facescape_224/fsmview_trainset_11_20_brow_lower_12.jpg,0.06358292698860168,0.1704869121313095,0.10690398514270782,7.316385082900524,0.6491572856903076
658,/mnt/c/Users/Chirayu/Documents/GitHub/2D-to-3D-image-reconstruction/facescape_224/fsmview_trainset_20_9_mouth_right_52.jpg,0.16380354762077332,0.17052766680717468,0.006724119186401367,7.808804400265217,0.693852961063385
89,/mnt/c/Users/Chirayu/Documents/GitHub/2D-to-3D-image-reconstruction/facescape_224/fsmview_trainset_10_3_mouth_stretch_53.jpg,0.15912187099456787,0.17076633870601654,0.01164446771144867,7.126996785402298,0.6827645897865295
781,/mnt/c/Users/Chirayu/Documents/GitHub/2D-to-3D-image-reconstruction/facescape_224/fsmview_trainset_4_18_eye_closed_0.jpg,0.16210302710533142,0.17268307507038116,0.010580047965049744,8.11539251357317,0.6944432854652405
760,/mnt/c/Users/Chirayu/Documents/GitHub/2D-to-3D-image-reconstruction/facescape_224/fsmview_trainset_9_16_grin_44.jpg,0.17715036869049072,0.17344930768013,-0.0037010610103607178,8.202286660671234,0.7621302604675293
632,/mnt/c/Users/Chirayu/Documents/GitHub/2D-to-3D-image-reconstruction/facescape_224/fsmview_trainset_2_11_chin_raiser_54.jpg,0.17340895533561707,0.17463429272174835,0.0012253373861312866,8.46162623912096,0.701043963432312
487,/mnt/c/Users/Chirayu/Documents/GitHub/2D-to-3D-image-reconstruction/facescape_224/fsmview_trainset_20_18_eye_closed_29.jpg,0.16696995496749878,0.1758008599281311,0.008830904960632324,7.718325939029455,0.6412355899810791
29,/mnt/c/Users/Chirayu/Documents/GitHub/2D-to-3D-image-reconstruction/facescape_224/fsmview_trainset_14_19_brow_raiser_46.jpg,0.16877736151218414,0.17665237188339233,0.007875010371208191,8.517580226063728,0.6610420942306519
501,/mnt/c/Users/Chirayu/Documents/GitHub/2D-to-3D-image-reconstruction/facescape_224/fsmview_trainset_15_5_jaw_left_11.jpg,0.13338527083396912,0.17850713431835175,0.04512186348438263,8.389172069728374,0.7304980754852295
809,/mnt/c/Users/Chirayu/Documents/GitHub/2D-to-3D-image-reconstruction/facescape_224/fsmview_trainset_19_6_jaw_right_37.jpg,0.13712568581104279,0.17949819564819336,0.042372509837150574,9.517222506925464,0.7627251744270325
505,/mnt/c/Users/Chirayu/Documents/GitHub/2D-to-3D-image-reconstruction/facescape_224/fsmview_trainset_15_18_eye_closed_11.jpg,0.11644025146961212,0.17967656254768372,0.0632363110780716,8.85836160928011,0.7362100481987
375,/mnt/c/Users/Chirayu/Documents/GitHub/2D-to-3D-image-reconstruction/facescape_224/fsmview_trainset_1_9_mouth_right_15.jpg,0.1829361915588379,0.18031494319438934,-0.0026212483644485474,7.620021894574165,0.6487619280815125
377,/mnt/c/Users/Chirayu/Documents/GitHub/2D-to-3D-image-reconstruction/facescape_224/fsmview_trainset_9_15_lip_roll_40.jpg,0.1742735058069229,0.1807793527841568,0.006505846977233887,7.598017603158951,0.6484065651893616
280,/mnt/c/Users/Chirayu/Documents/GitHub/2D-to-3D-image-reconstruction/facescape_224/fsmview_trainset_9_7_jaw_forward_42.jpg,0.13782252371311188,0.18133533000946045,0.04351280629634857,6.518502365797758,0.6015648245811462
849,/mnt/c/Users/Chirayu/Documents/GitHub/2D-to-3D-image-reconstruction/facescape_224/fsmview_trainset_15_14_sadness_34.jpg,0.16472549736499786,0.18150891363620758,0.016783416271209717,7.820857480168343,0.6462112069129944
137,/mnt/c/Users/Chirayu/Documents/GitHub/2D-to-3D-image-reconstruction/facescape_224/fsmview_trainset_9_1_neutral_36.jpg,0.1637626439332962,0.1817077249288559,0.017945080995559692,7.533651299774647,0.6569688320159912
547,/mnt/c/Users/Chirayu/Documents/GitHub/2D-to-3D-image-reconstruction/facescape_224/fsmview_trainset_14_5_jaw_left_30.jpg,0.04349343851208687,0.18275035917758942,0.13925692066550255,6.564742803573608,0.6208398342132568
976,/mnt/c/Users/Chirayu/Documents/GitHub/2D-to-3D-image-reconstruction/facescape_224/fsmview_trainset_20_11_chin_raiser_44.jpg,0.1688109040260315,0.18613147735595703,0.017320573329925537,9.039128689095378,0.7221174836158752
657,/mnt/c/Users/Chirayu/Documents/GitHub/2D-to-3D-image-reconstruction/facescape_224/fsmview_trainset_11_15_lip_roll_11.jpg,0.0817142054438591,0.1867484152317047,0.10503420978784561,7.255550362169743,0.6466624736785889
416,/mnt/c/Users/Chirayu/Documents/GitHub/2D-to-3D-image-reconstruction/facescape_224/fsmview_trainset_14_13_lip_funneler_46.jpg,0.18020421266555786,0.18688705563545227,0.006682842969894409,8.111226558685303,0.6336743235588074
16,/mnt/c/Users/Chirayu/Documents/GitHub/2D-to-3D-image-reconstruction/facescape_224/fsmview_trainset_7_12_lip_puckerer_40.jpg,0.18348567187786102,0.1870742291212082,0.003588557243347168,7.138381689786911,0.6407579779624939
84,/mnt/c/Users/Chirayu/Documents/GitHub/2D-to-3D-image-reconstruction/facescape_224/fsmview_trainset_17_14_sadness_49.jpg,0.20974381268024445,0.18792593479156494,-0.021817877888679504,7.993183732032776,0.6531642079353333
74,/mnt/c/Users/Chirayu/Documents/GitHub/2D-to-3D-image-reconstruction/facescape_224/fsmview_trainset_6_16_grin_42.jpg,0.2051921784877777,0.1885402798652649,-0.016651898622512817,6.173900812864304,0.6342360973358154
789,/mnt/c/Users/Chirayu/Documents/GitHub/2D-to-3D-image-reconstruction/facescape_224/fsmview_trainset_2_20_brow_lower_4.jpg,0.188288152217865,0.188739612698555,0.00045146048069000244,8.947361066937447,0.7237423658370972
192,/mnt/c/Users/Chirayu/Documents/GitHub/2D-to-3D-image-reconstruction/facescape_224/fsmview_trainset_4_12_lip_puckerer_52.jpg,0.2128259688615799,0.18996180593967438,-0.022864162921905518,6.576564773917198,0.6489226222038269
879,/mnt/c/Users/Chirayu/Documents/GitHub/2D-to-3D-image-reconstruction/facescape_224/fsmview_trainset_1_11_chin_raiser_47.jpg,0.19852854311466217,0.18996791541576385,-0.008560627698898315,7.017754592001438,0.6759482026100159
823,/mnt/c/Users/Chirayu/Documents/GitHub/2D-to-3D-image-reconstruction/facescape_224/fsmview_trainset_2_8_mouth_left_1.jpg,0.19662532210350037,0.19141054153442383,-0.005214780569076538,8.027901470661163,0.6902948021888733
883,/mnt/c/Users/Chirayu/Documents/GitHub/2D-to-3D-image-reconstruction/facescape_224/fsmview_trainset_9_15_lip_roll_55.jpg,0.18030516803264618,0.192024365067482,0.011719197034835815,7.194663725793362,0.6253424286842346
150,/mnt/c/Users/Chirayu/Documents/GitHub/2D-to-3D-image-reconstruction/facescape_224/fsmview_trainset_11_16_grin_65.jpg,0.058064475655555725,0.19211094081401825,0.13404646515846252,10.309563962742686,0.845870852470398
959,/mnt/c/Users/Chirayu/Documents/GitHub/2D-to-3D-image-reconstruction/facescape_224/fsmview_trainset_18_8_mouth_left_10.jpg,0.03365660831332207,0.19266244769096375,0.15900583937764168,10.938580635935068,0.9902534484863281
265,/mnt/c/Users/Chirayu/Documents/GitHub/2D-to-3D-image-reconstruction/facescape_224/fsmview_trainset_20_15_lip_roll_12.jpg,0.06354369968175888,0.1932021677494049,0.12965846806764603,7.07261124253273,0.6428308486938477
342,/mnt/c/Users/Chirayu/Documents/GitHub/2D-to-3D-image-reconstruction/facescape_224/fsmview_trainset_3_7_jaw_forward_50.jpg,0.20314596593379974,0.194966122508049,-0.008179843425750732,7.301150977611542,0.6663725972175598
380,/mnt/c/Users/Chirayu/Documents/GitHub/2D-to-3D-image-reconstruction/facescape_224/fsmview_trainset_7_17_cheek_blowing_39.jpg,0.2200714498758316,0.19548384845256805,-0.02458760142326355,7.125781126320362,0.6221721768379211
907,/mnt/c/Users/Chirayu/Documents/GitHub/2D-to-3D-image-reconstruction/facescape_224/fsmview_trainset_9_18_eye_closed_42.jpg,0.13873563706874847,0.1966516524553299,0.05791601538658142,6.613130792975426,0.6632205247879028
142,/mnt/c/Users/Chirayu/Documents/GitHub/2D-to-3D-image-reconstruction/facescape_224/fsmview_trainset_9_2_smile_39.jpg,0.17449651658535004,0.19727252423763275,0.022776007652282715,7.353754676878452,0.6310084462165833
349,/mnt/c/Users/Chirayu/Documents/GitHub/2D-to-3D-image-reconstruction/facescape_224/fsmview_trainset_8_9_mouth_right_49.jpg,0.17065396904945374,0.19774016737937927,0.027086198329925537,7.3461176082491875,0.654109537601471
869,/mnt/c/Users/Chirayu/Documents/GitHub/2D-to-3D-image-reconstruction/facescape_224/fsmview_trainset_17_10_dimpler_1.jpg,0.1926073133945465,0.19814246892929077,0.005535155534744263,9.691974624991417,0.7504895329475403
599,/mnt/c/Users/Chirayu/Documents/GitHub/2D-to-3D-image-reconstruction/facescape_224/fsmview_trainset_7_13_lip_funneler_40.jpg,0.18967045843601227,0.1987464427947998,0.009075984358787537,6.7551612816751,0.6337679624557495
340,/mnt/c/Users/Chirayu/Documents/GitHub/2D-to-3D-image-reconstruction/facescape_224/fsmview_trainset_18_6_jaw_right_8.jpg,0.04063843935728073,0.20094533264636993,0.1603068932890892,11.119384156540036,0.9653527140617371
759,/mnt/c/Users/Chirayu/Documents/GitHub/2D-to-3D-image-reconstruction/facescape_224/fsmview_trainset_19_18_eye_closed_45.jpg,0.18600094318389893,0.20213165879249573,0.016130715608596802,9.204056983813643,0.7611725926399231
6,/mnt/c/Users/Chirayu/Documents/GitHub/2D-to-3D-image-reconstruction/facescape_224/fsmview_trainset_8_17_cheek_blowing_52.jpg,0.21300840377807617,0.20274798572063446,-0.010260418057441711,6.257437039166689,0.6112333536148071
511,/mnt/c/Users/Chirayu/Documents/GitHub/2D-to-3D-image-reconstruction/facescape_224/fsmview_trainset_2_6_jaw_right_2.jpg,0.21339941024780273,0.2065054327249527,-0.006893977522850037,8.340282507240772,0.7638049125671387
660,/mnt/c/Users/Chirayu/Documents/GitHub/2D-to-3D-image-reconstruction/facescape_224/fsmview_trainset_1_5_jaw_left_13.jpg,0.21169771254062653,0.20733074843883514,-0.004366964101791382,6.886448726058006,0.6167182922363281
9,/mnt/c/Users/Chirayu/Documents/GitHub/2D-to-3D-image-reconstruction/facescape_224/fsmview_trainset_2_20_brow_lower_7.jpg,0.22604812681674957,0.20903384685516357,-0.017014279961586,8.565581280738115,0.6895778775215149
661,/mnt/c/Users/Chirayu/Documents/GitHub/2D-to-3D-image-reconstruction/facescape_224/fsmview_trainset_7_10_dimpler_0.jpg,0.23108717799186707,0.211277574300766,-0.019809603691101074,7.020917937159538,0.6625658869743347
703,/mnt/c/Users/Chirayu/Documents/GitHub/2D-to-3D-image-reconstruction/facescape_224/fsmview_trainset_18_14_sadness_1.jpg,0.028396883979439735,0.21155525743961334,0.1831583734601736,11.07566225528717,0.9615287780761719
10,/mnt/c/Users/Chirayu/Documents/GitHub/2D-to-3D-image-reconstruction/facescape_224/fsmview_trainset_13_16_grin_2.jpg,0.21613098680973053,0.21259301900863647,-0.003537967801094055,6.797378085553646,0.6082116365432739
35,/mnt/c/Users/Chirayu/Documents/GitHub/2D-to-3D-image-reconstruction/facescape_224/fsmview_trainset_11_13_lip_funneler_14.jpg,0.1938588172197342,0.21356262266635895,0.019703805446624756,7.786593083292246,0.6570349335670471
539,/mnt/c/Users/Chirayu/Documents/GitHub/2D-to-3D-image-reconstruction/facescape_224/fsmview_trainset_11_1_neutral_64.jpg,0.20747554302215576,0.21396957337856293,0.0064940303564071655,8.080478116869926,0.7235217690467834
219,/mnt/c/Users/Chirayu/Documents/GitHub/2D-to-3D-image-reconstruction/facescape_224/fsmview_trainset_9_19_brow_raiser_32.jpg,0.23299048840999603,0.2139752060174942,-0.01901528239250183,7.235564850270748,0.6421906352043152
851,/mnt/c/Users/Chirayu/Documents/GitHub/2D-to-3D-image-reconstruction/facescape_224/fsmview_trainset_19_5_jaw_left_45.jpg,0.1768401563167572,0.21555684506893158,0.03871668875217438,9.166107645258307,0.8177608847618103
999,/mnt/c/Users/Chirayu/Documents/GitHub/2D-to-3D-image-reconstruction/facescape_224/fsmview_trainset_18_8_mouth_left_13.jpg,0.22124065458774567,0.218254953622818,-0.0029857009649276733,7.462243068963289,0.6110656261444092
801,/mnt/c/Users/Chirayu/Documents/GitHub/2D-to-3D-image-reconstruction/facescape_224/fsmview_trainset_3_10_dimpler_33.jpg,0.20014947652816772,0.22099682688713074,0.020847350358963013,6.658574506640434,0.6404986381530762
347,/mnt/c/Users/Chirayu/Documents/GitHub/2D-to-3D-image-reconstruction/facescape_224/fsmview_trainset_4_12_lip_puckerer_15.jpg,0.23123550415039062,0.22518441081047058,-0.006051093339920044,6.136146508157253,0.5813659429550171
784,/mnt/c/Users/Chirayu/Documents/GitHub/2D-to-3D-image-reconstruction/facescape_224/fsmview_trainset_17_3_mouth_stretch_36.jpg,0.2166464775800705,0.23180241882801056,0.015155941247940063,7.648940816521645,0.647911548614502
631,/mnt/c/Users/Chirayu/Documents/GitHub/2D-to-3D-image-reconstruction/facescape_224/fsmview_trainset_5_8_mouth_left_54.jpg,0.26800647377967834,0.23270900547504425,-0.035297468304634094,8.07292128354311,0.730578601360321
937,/mnt/c/Users/Chirayu/Documents/GitHub/2D-to-3D-image-reconstruction/facescape_224/fsmview_trainset_13_15_lip_roll_32.jpg,0.14537157118320465,0.23458418250083923,0.08921261131763458,10.000978915020823,0.8774847984313965
735,/mnt/c/Users/Chirayu/Documents/GitHub/2D-to-3D-image-reconstruction/facescape_224/fsmview_trainset_15_18_eye_closed_16.jpg,0.2169274240732193,0.23571328818798065,0.018785864114761353,7.912887208163738,0.6774178147315979
847,/mnt/c/Users/Chirayu/Documents/GitHub/2D-to-3D-image-reconstruction/facescape_224/fsmview_trainset_11_1_neutral_66.jpg,0.24298056960105896,0.2357422560453415,-0.007238313555717468,7.613919727504253,0.6370908617973328
965,/mnt/c/Users/Chirayu/Documents/GitHub/2D-to-3D-image-reconstruction/facescape_224/fsmview_trainset_6_13_lip_funneler_12.jpg,0.2208462655544281,0.23630653321743011,0.015460267663002014,7.2364743538200855,0.6925037503242493
887,/mnt/c/Users/Chirayu/Documents/GitHub/2D-to-3D-image-reconstruction/facescape_224/fsmview_trainset_15_3_mouth_stretch_48.jpg,0.2192455232143402,0.23721621930599213,0.017970696091651917,8.057970270514488,0.7250307202339172
619,/mnt/c/Users/Chirayu/Documents/GitHub/2D-to-3D-image-reconstruction/facescape_224/fsmview_trainset_5_1_neutral_10.jpg,0.24407875537872314,0.23943859338760376,-0.004640161991119385,8.612012714147568,0.7946221232414246
497,/mnt/c/Users/Chirayu/Documents/GitHub/2D-to-3D-image-reconstruction/facescape_224/fsmview_trainset_12_15_lip_roll_49.jpg,0.21902917325496674,0.24130277335643768,0.022273600101470947,7.294842712581158,0.6314356327056885
748,/mnt/c/Users/Chirayu/Documents/GitHub/2D-to-3D-image-reconstruction/facescape_224/fsmview_trainset_6_8_mouth_left_35.jpg,0.03686418756842613,0.24433809518814087,0.20747390761971474,10.566421799361706,1.0138128995895386
567,/mnt/c/Users/Chirayu/Documents/GitHub/2D-to-3D-image-reconstruction/facescape_224/fsmview_trainset_7_18_eye_closed_22.jpg,0.24387750029563904,0.24484269320964813,0.0009651929140090942,7.113677576184273,0.696802020072937
197,/mnt/c/Users/Chirayu/Documents/GitHub/2D-to-3D-image-reconstruction/facescape_224/fsmview_trainset_12_13_lip_funneler_34.jpg,0.22926630079746246,0.24520565569400787,0.01593935489654541,7.262277267873287,0.6312447786331177
838,/mnt/c/Users/Chirayu/Documents/GitHub/2D-to-3D-image-reconstruction/facescape_224/fsmview_trainset_5_2_smile_11.jpg,0.23866215348243713,0.24818184971809387,0.009519696235656738,8.695415932685137,0.7943175435066223
609,/mnt/c/Users/Chirayu/Documents/GitHub/2D-to-3D-image-reconstruction/facescape_224/fsmview_trainset_15_14_sadness_10.jpg,0.20983624458312988,0.2492855042219162,0.039449259638786316,8.206185854971409,0.7277782559394836
333,/mnt/c/Users/Chirayu/Documents/GitHub/2D-to-3D-image-reconstruction/facescape_224/fsmview_trainset_5_3_mouth_stretch_3.jpg,0.24658183753490448,0.253827840089798,0.007246002554893494,7.6557633727788925,0.6259105205535889
55,/mnt/c/Users/Chirayu/Documents/GitHub/2D-to-3D-image-reconstruction/facescape_224/fsmview_trainset_20_3_mouth_stretch_47.jpg,0.13396283984184265,0.2615737020969391,0.12761086225509644,10.282616155222058,1.0230211019515991
914,/mnt/c/Users/Chirayu/Documents/GitHub/2D-to-3D-image-reconstruction/facescape_224/fsmview_trainset_20_4_anger_66.jpg,0.25872233510017395,0.26182594895362854,0.00310361385345459,6.890323080122471,0.6569961905479431
52,/mnt/c/Users/Chirayu/Documents/GitHub/2D-to-3D-image-reconstruction/facescape_224/fsmview_trainset_6_4_anger_40.jpg,0.24709853529930115,0.26195135712623596,0.014852821826934814,6.877244353294373,0.6845389604568481
747,/mnt/c/Users/Chirayu/Documents/GitHub/2D-to-3D-image-reconstruction/facescape_224/fsmview_trainset_20_13_lip_funneler_20.jpg,0.24526236951351166,0.26294928789138794,0.017686918377876282,7.619583889842033,0.6432046294212341
897,/mnt/c/Users/Chirayu/Documents/GitHub/2D-to-3D-image-reconstruction/facescape_224/fsmview_trainset_3_19_brow_raiser_42.jpg,0.23895291984081268,0.2640472948551178,0.025094375014305115,7.723937667906284,0.7461206912994385
357,/mnt/c/Users/Chirayu/Documents/GitHub/2D-to-3D-image-reconstruction/facescape_224/fsmview_trainset_17_15_lip_roll_10.jpg,0.04881919175386429,0.2655608355998993,0.216741643846035,11.874899379909039,1.0616658926010132
966,/mnt/c/Users/Chirayu/Documents/GitHub/2D-to-3D-image-reconstruction/facescape_224/fsmview_trainset_20_12_lip_puckerer_21.jpg,0.2486659437417984,0.2683248817920685,0.01965893805027008,7.5643995106220245,0.6376189589500427
686,/mnt/c/Users/Chirayu/Documents/GitHub/2D-to-3D-image-reconstruction/facescape_224/fsmview_trainset_6_10_dimpler_42.jpg,0.3130636215209961,0.26942068338394165,-0.04364293813705444,6.412881009280682,0.6740980744361877
160,/mnt/c/Users/Chirayu/Documents/GitHub/2D-to-3D-image-reconstruction/facescape_224/fsmview_trainset_15_11_chin_raiser_14.jpg,0.22667385637760162,0.2698138654232025,0.04314000904560089,8.374580726027489,0.6947474479675293
682,/mnt/c/Users/Chirayu/Documents/GitHub/2D-to-3D-image-reconstruction/facescape_224/fsmview_trainset_20_8_mouth_left_47.jpg,0.0635843276977539,0.2703835368156433,0.2067992091178894,11.588781977072358,1.0968379974365234
362,/mnt/c/Users/Chirayu/Documents/GitHub/2D-to-3D-image-reconstruction/facescape_224/fsmview_trainset_17_2_smile_48.jpg,0.28338858485221863,0.2732306122779846,-0.010157972574234009,7.373257823288441,0.6038950085639954
140,/mnt/c/Users/Chirayu/Documents/GitHub/2D-to-3D-image-reconstruction/facescape_224/fsmview_trainset_8_8_mouth_left_40.jpg,0.2746903598308563,0.2740320861339569,-0.0006582736968994141,6.566531077027321,0.6579522490501404
294,/mnt/c/Users/Chirayu/Documents/GitHub/2D-to-3D-image-reconstruction/facescape_224/fsmview_trainset_2_7_jaw_forward_55.jpg,0.2782590687274933,0.27719709277153015,-0.0010619759559631348,7.329962968826294,0.6327453255653381
652,/mnt/c/Users/Chirayu/Documents/GitHub/2D-to-3D-image-reconstruction/facescape_224/fsmview_trainset_19_19_brow_raiser_12.jpg,0.25990575551986694,0.27800849080085754,0.0181027352809906,7.580319367349148,0.6464723944664001
241,/mnt/c/Users/Chirayu/Documents/GitHub/2D-to-3D-image-reconstruction/facescape_224/fsmview_trainset_18_2_smile_18.jpg,0.30350184440612793,0.27901947498321533,-0.024482369422912598,7.040988359600306,0.6503340005874634
656,/mnt/c/Users/Chirayu/Documents/GitHub/2D-to-3D-image-reconstruction/facescape_224/fsmview_trainset_3_14_sadness_24.jpg,0.04498244449496269,0.28037580847740173,0.23539336398243904,12.154769968707114,1.0300486087799072
239,/mnt/c/Users/Chirayu/Documents/GitHub/2D-to-3D-image-reconstruction/facescape_224/fsmview_trainset_15_9_mouth_right_61.jpg,0.2599734663963318,0.2806413173675537,0.020667850971221924,8.08635999634862,0.6695735454559326
381,/mnt/c/Users/Chirayu/Documents/GitHub/2D-to-3D-image-reconstruction/facescape_224/fsmview_trainset_17_14_sadness_42.jpg,0.11371142417192459,0.2809774577617645,0.16726603358983994,10.972785327583551,1.0054792165756226
814,/mnt/c/Users/Chirayu/Documents/GitHub/2D-to-3D-image-reconstruction/facescape_224/fsmview_trainset_11_8_mouth_left_39.jpg,0.281540185213089,0.2812407314777374,-0.0002994537353515625,7.924625843763351,0.7315391302108765
589,/mnt/c/Users/Chirayu/Documents/GitHub/2D-to-3D-image-reconstruction/facescape_224/fsmview_trainset_8_10_dimpler_40.jpg,0.25559496879577637,0.2828768491744995,0.027281880378723145,6.379542350769043,0.5974896550178528
888,/mnt/c/Users/Chirayu/Documents/GitHub/2D-to-3D-image-reconstruction/facescape_224/fsmview_trainset_18_16_grin_26.jpg,0.240574449300766,0.28372204303741455,0.04314759373664856,6.220639184117317,0.5397537350654602
472,/mnt/c/Users/Chirayu/Documents/GitHub/2D-to-3D-image-reconstruction/facescape_224/fsmview_trainset_17_13_lip_funneler_52.jpg,0.2860533595085144,0.2839510440826416,-0.0021023154258728027,7.513205159455538,0.6554678082466125
296,/mnt/c/Users/Chirayu/Documents/GitHub/2D-to-3D-image-reconstruction/facescape_224/fsmview_trainset_19_15_lip_roll_12.jpg,0.2669631242752075,0.2876911163330078,0.020727992057800293,7.51618929952383,0.6724050641059875
432,/mnt/c/Users/Chirayu/Documents/GitHub/2D-to-3D-image-reconstruction/facescape_224/fsmview_trainset_5_15_lip_roll_11.jpg,0.5484355688095093,0.2903655469417572,-0.2580700218677521,9.337577376514673,0.8299161195755005
995,/mnt/c/Users/Chirayu/Documents/GitHub/2D-to-3D-image-reconstruction/facescape_224/fsmview_trainset_10_14_sadness_52.jpg,0.3707055151462555,0.29342401027679443,-0.07728150486946106,6.722487702965736,0.6531178951263428
47,/mnt/c/Users/Chirayu/Documents/GitHub/2D-to-3D-image-reconstruction/facescape_224/fsmview_trainset_20_7_jaw_forward_64.jpg,0.29495784640312195,0.2949711084365845,1.3262033462524414e-05,7.394335813820362,0.6944870948791504
282,/mnt/c/Users/Chirayu/Documents/GitHub/2D-to-3D-image-reconstruction/facescape_224/fsmview_trainset_20_10_dimpler_50.jpg,0.43154409527778625,0.29574277997016907,-0.1358013153076172,6.670603513717651,0.6350061297416687
551,/mnt/c/Users/Chirayu/Documents/GitHub/2D-to-3D-image-reconstruction/facescape_224/fsmview_trainset_9_12_lip_puckerer_40.jpg,0.27682626247406006,0.29665178060531616,0.019825518131256104,6.7181623838841915,0.621265172958374
107,/mnt/c/Users/Chirayu/Documents/GitHub/2D-to-3D-image-reconstruction/facescape_224/fsmview_trainset_12_8_mouth_left_32.jpg,0.312576025724411,0.2990247905254364,-0.01355123519897461,7.718219682574272,0.7777279019355774
453,/mnt/c/Users/Chirayu/Documents/GitHub/2D-to-3D-image-reconstruction/facescape_224/fsmview_trainset_20_15_lip_roll_20.jpg,0.25923699140548706,0.29962995648384094,0.04039296507835388,7.454415313899517,0.6328415870666504
721,/mnt/c/Users/Chirayu/Documents/GitHub/2D-to-3D-image-reconstruction/facescape_224/fsmview_trainset_6_12_lip_puckerer_50.jpg,0.32896068692207336,0.3009949326515198,-0.02796575427055359,6.6764339953660965,0.6219106316566467
256,/mnt/c/Users/Chirayu/Documents/GitHub/2D-to-3D-image-reconstruction/facescape_224/fsmview_trainset_19_19_brow_raiser_55.jpg,0.2894428074359894,0.30296820402145386,0.013525396585464478,7.54972779750824,0.673973798751831
925,/mnt/c/Users/Chirayu/Documents/GitHub/2D-to-3D-image-reconstruction/facescape_224/fsmview_trainset_13_1_neutral_34.jpg,0.31928709149360657,0.3038809597492218,-0.015406131744384766,7.302849477156997,0.700472891330719
411,/mnt/c/Users/Chirayu/Documents/GitHub/2D-to-3D-image-reconstruction/facescape_224/fsmview_trainset_10_20_brow_lower_26.jpg,0.18032561242580414,0.3046634793281555,0.12433786690235138,8.396384932100773,0.7757793068885803
473,/mnt/c/Users/Chirayu/Documents/GitHub/2D-to-3D-image-reconstruction/facescape_224/fsmview_trainset_6_15_lip_roll_11.jpg,0.3128138780593872,0.3067644238471985,-0.006049454212188721,6.188951503485441,0.5715718269348145
258,/mnt/c/Users/Chirayu/Documents/GitHub/2D-to-3D-image-reconstruction/facescape_224/fsmview_trainset_20_12_lip_puckerer_6.jpg,0.3032569885253906,0.30837586522102356,0.005118876695632935,6.5759202390909195,0.6913526058197021
87,/mnt/c/Users/Chirayu/Documents/GitHub/2D-to-3D-image-reconstruction/facescape_224/fsmview_trainset_20_7_jaw_forward_4.jpg,0.5262932777404785,0.30981698632240295,-0.21647629141807556,7.4402352795004845,0.6696549654006958
165,/mnt/c/Users/Chirayu/Documents/GitHub/2D-to-3D-image-reconstruction/facescape_224/fsmview_trainset_13_5_jaw_left_39.jpg,0.2929280698299408,0.3122307062149048,0.01930263638496399,7.894089937210083,0.6881060600280762
471,/mnt/c/Users/Chirayu/Documents/GitHub/2D-to-3D-image-reconstruction/facescape_224/fsmview_trainset_19_16_grin_57.jpg,0.303428590297699,0.31232598423957825,0.008897393941879272,7.220933109521866,0.6436872482299805
77,/mnt/c/Users/Chirayu/Documents/GitHub/2D-to-3D-image-reconstruction/facescape_224/fsmview_trainset_5_10_dimpler_39.jpg,0.2669958174228668,0.31293603777885437,0.04594022035598755,7.843650624155998,0.7091494202613831
79,/mnt/c/Users/Chirayu/Documents/GitHub/2D-to-3D-image-reconstruction/facescape_224/fsmview_trainset_11_19_brow_raiser_6.jpg,0.20800945162773132,0.3180430233478546,0.11003357172012329,7.157107435166836,0.6730003952980042
737,/mnt/c/Users/Chirayu/Documents/GitHub/2D-to-3D-image-reconstruction/facescape_224/fsmview_trainset_18_11_chin_raiser_18.jpg,0.3264980912208557,0.32040664553642273,-0.006091445684432983,7.121721528470516,0.6342909932136536
168,/mnt/c/Users/Chirayu/Documents/GitHub/2D-to-3D-image-reconstruction/facescape_224/fsmview_trainset_15_7_jaw_forward_41.jpg,0.30346882343292236,0.32083407044410706,0.017365247011184692,8.039330299943686,0.6887327432632446
859,/mnt/c/Users/Chirayu/Documents/GitHub/2D-to-3D-image-reconstruction/facescape_224/fsmview_trainset_15_14_sadness_42.jpg,0.31331944465637207,0.32134634256362915,0.00802689790725708,8.473675534129143,0.7447879314422607
586,/mnt/c/Users/Chirayu/Documents/GitHub/2D-to-3D-image-reconstruction/facescape_224/fsmview_trainset_5_18_eye_closed_3.jpg,0.3179296553134918,0.32451915740966797,0.0065895020961761475,7.85729094594717,0.6728115677833557
223,/mnt/c/Users/Chirayu/Documents/GitHub/2D-to-3D-image-reconstruction/facescape_224/fsmview_trainset_15_14_sadness_29.jpg,0.26678624749183655,0.332624614238739,0.06583836674690247,7.68922671303153,0.6450541019439697
478,/mnt/c/Users/Chirayu/Documents/GitHub/2D-to-3D-image-reconstruction/facescape_224/fsmview_trainset_17_12_lip_puckerer_54.jpg,0.35008037090301514,0.34115034341812134,-0.008930027484893799,7.7533868588507175,0.6855994462966919
592,/mnt/c/Users/Chirayu/Documents/GitHub/2D-to-3D-image-reconstruction/facescape_224/fsmview_trainset_9_12_lip_puckerer_22.jpg,0.2884127199649811,0.34709522128105164,0.05868250131607056,7.014672115445137,0.6618933081626892
209,/mnt/c/Users/Chirayu/Documents/GitHub/2D-to-3D-image-reconstruction/facescape_224/fsmview_trainset_9_18_eye_closed_11.jpg,0.2552991509437561,0.34718286991119385,0.09188371896743774,8.576804928481579,0.8011753559112549
910,/mnt/c/Users/Chirayu/Documents/GitHub/2D-to-3D-image-reconstruction/facescape_224/fsmview_trainset_2_3_mouth_stretch_36.jpg,0.33563220500946045,0.35205599665641785,0.016423791646957397,6.988600175827742,0.5994710922241211
145,/mnt/c/Users/Chirayu/Documents/GitHub/2D-to-3D-image-reconstruction/facescape_224/fsmview_trainset_8_16_grin_49.jpg,0.3887498378753662,0.35790136456489563,-0.03084847331047058,7.370891824364662,0.670077919960022
108,/mnt/c/Users/Chirayu/Documents/GitHub/2D-to-3D-image-reconstruction/facescape_224/fsmview_trainset_14_14_sadness_62.jpg,0.36825940012931824,0.36022621393203735,-0.008033186197280884,7.284296952188015,0.601787269115448
369,/mnt/c/Users/Chirayu/Documents/GitHub/2D-to-3D-image-reconstruction/facescape_224/fsmview_trainset_6_7_jaw_forward_22.jpg,0.342541366815567,0.3608557879924774,0.0183144211769104,6.647918626666069,0.5845677256584167
70,/mnt/c/Users/Chirayu/Documents/GitHub/2D-to-3D-image-reconstruction/facescape_224/fsmview_trainset_14_10_dimpler_6.jpg,0.23122663795948029,0.361394464969635,0.13016782701015472,7.855524560436606,0.7857329845428467
303,/mnt/c/Users/Chirayu/Documents/GitHub/2D-to-3D-image-reconstruction/facescape_224/fsmview_trainset_6_2_smile_0.jpg,0.38045135140419006,0.3627112805843353,-0.017740070819854736,6.397981278598309,0.6266051530838013
124,/mnt/c/Users/Chirayu/Documents/GitHub/2D-to-3D-image-reconstruction/facescape_224/fsmview_trainset_19_18_eye_closed_49.jpg,0.4542665183544159,0.3661310374736786,-0.0881354808807373,7.876058692112565,0.6961332559585571
237,/mnt/c/Users/Chirayu/Documents/GitHub/2D-to-3D-image-reconstruction/facescape_224/fsmview_trainset_14_11_chin_raiser_62.jpg,0.38214465975761414,0.37255942821502686,-0.00958523154258728,7.6078128553926945,0.630119264125824
268,/mnt/c/Users/Chirayu/Documents/GitHub/2D-to-3D-image-reconstruction/facescape_224/fsmview_trainset_10_9_mouth_right_26.jpg,0.13652852177619934,0.3742918372154236,0.23776331543922424,10.655824547633529,1.0080463886260986
161,/mnt/c/Users/Chirayu/Documents/GitHub/2D-to-3D-image-reconstruction/facescape_224/fsmview_trainset_5_15_lip_roll_3.jpg,0.37883543968200684,0.3772628605365753,-0.0015725791454315186,7.116428807377815,0.6270992159843445
919,/mnt/c/Users/Chirayu/Documents/GitHub/2D-to-3D-image-reconstruction/facescape_224/fsmview_trainset_13_1_neutral_18.jpg,0.3393576443195343,0.3806603252887726,0.04130268096923828,7.30522033572197,0.6342316269874573
722,/mnt/c/Users/Chirayu/Documents/GitHub/2D-to-3D-image-reconstruction/facescape_224/fsmview_trainset_12_5_jaw_left_19.jpg,0.0431121326982975,0.39333388209342957,0.35022174939513206,14.286375904455781,1.2627660036087036
46,/mnt/c/Users/Chirayu/Documents/GitHub/2D-to-3D-image-reconstruction/facescape_224/fsmview_trainset_20_16_grin_29.jpg,0.14049476385116577,0.39869874715805054,0.25820398330688477,14.537212260533124,1.3015174865722656
419,/mnt/c/Users/Chirayu/Documents/GitHub/2D-to-3D-image-reconstruction/facescape_224/fsmview_trainset_11_12_lip_puckerer_52.jpg,0.4563867449760437,0.3993532955646515,-0.05703344941139221,7.29973629117012,0.6508543491363525
557,/mnt/c/Users/Chirayu/Documents/GitHub/2D-to-3D-image-reconstruction/facescape_224/fsmview_trainset_1_18_eye_closed_19.jpg,0.43122386932373047,0.4030202329158783,-0.028203636407852173,6.456154972314835,0.6077589988708496
522,/mnt/c/Users/Chirayu/Documents/GitHub/2D-to-3D-image-reconstruction/facescape_224/fsmview_trainset_20_6_jaw_right_6.jpg,0.400491327047348,0.40539470314979553,0.00490337610244751,6.915982268750668,0.6821443438529968
548,/mnt/c/Users/Chirayu/Documents/GitHub/2D-to-3D-image-reconstruction/facescape_224/fsmview_trainset_5_8_mouth_left_12.jpg,0.38782113790512085,0.40974998474121094,0.021928846836090088,7.3181535564363,0.6147188544273376
270,/mnt/c/Users/Chirayu/Documents/GitHub/2D-to-3D-image-reconstruction/facescape_224/fsmview_trainset_20_20_brow_lower_50.jpg,0.508143961429596,0.41046372056007385,-0.0976802408695221,6.723837401717901,0.6051751375198364
427,/mnt/c/Users/Chirayu/Documents/GitHub/2D-to-3D-image-reconstruction/facescape_224/fsmview_trainset_20_17_cheek_blowing_3.jpg,0.5459879040718079,0.4112715423107147,-0.13471636176109314,7.514237662777305,0.705247163772583
900,/mnt/c/Users/Chirayu/Documents/GitHub/2D-to-3D-image-reconstruction/facescape_224/fsmview_trainset_20_14_sadness_6.jpg,0.48475512862205505,0.41235610842704773,-0.07239902019500732,6.239686131477356,0.6451137065887451
561,/mnt/c/Users/Chirayu/Documents/GitHub/2D-to-3D-image-reconstruction/facescape_224/fsmview_trainset_14_1_neutral_53.jpg,0.37510135769844055,0.4142242968082428,0.039122939109802246,7.743823908269405,0.6666306257247925
644,/mnt/c/Users/Chirayu/Documents/GitHub/2D-to-3D-image-reconstruction/facescape_224/fsmview_trainset_2_14_sadness_46.jpg,0.4332039952278137,0.41838622093200684,-0.014817774295806885,6.482256531715393,0.5766919851303101
585,/mnt/c/Users/Chirayu/Documents/GitHub/2D-to-3D-image-reconstruction/facescape_224/fsmview_trainset_12_13_lip_funneler_5.jpg,0.43426477909088135,0.43281298875808716,-0.0014517903327941895,6.67133891582489,0.633266806602478
134,/mnt/c/Users/Chirayu/Documents/GitHub/2D-to-3D-image-reconstruction/facescape_224/fsmview_trainset_12_13_lip_funneler_10.jpg,0.48806992173194885,0.4342944622039795,-0.05377545952796936,6.7277091555297375,0.610027551651001
675,/mnt/c/Users/Chirayu/Documents/GitHub/2D-to-3D-image-reconstruction/facescape_224/fsmview_trainset_14_12_lip_puckerer_5.jpg,0.5328834652900696,0.4427902400493622,-0.0900932252407074,7.4463160671293736,0.6628711819648743
341,/mnt/c/Users/Chirayu/Documents/GitHub/2D-to-3D-image-reconstruction/facescape_224/fsmview_trainset_11_11_chin_raiser_8.jpg,0.4441918134689331,0.4453476071357727,0.0011557936668395996,6.84125217795372,0.6172378063201904
908,/mnt/c/Users/Chirayu/Documents/GitHub/2D-to-3D-image-reconstruction/facescape_224/fsmview_trainset_14_2_smile_61.jpg,0.44953295588493347,0.4460914731025696,-0.0034414827823638916,7.4964306727051735,0.5996572971343994
99,/mnt/c/Users/Chirayu/Documents/GitHub/2D-to-3D-image-reconstruction/facescape_224/fsmview_trainset_7_2_smile_11.jpg,0.3024738132953644,0.4469616115093231,0.14448779821395874,8.527024613693357,0.8507495522499084
607,/mnt/c/Users/Chirayu/Documents/GitHub/2D-to-3D-image-reconstruction/facescape_224/fsmview_trainset_14_20_brow_lower_64.jpg,0.46804478764533997,0.4589671492576599,-0.009077638387680054,7.020775735378265,0.6110125184059143
460,/mnt/c/Users/Chirayu/Documents/GitHub/2D-to-3D-image-reconstruction/facescape_224/fsmview_trainset_2_3_mouth_stretch_22.jpg,0.8299387693405151,0.4644111096858978,-0.3655276596546173,7.4556065537035465,0.6952490210533142
348,/mnt/c/Users/Chirayu/Documents/GitHub/2D-to-3D-image-reconstruction/facescape_224/fsmview_trainset_15_14_sadness_66.jpg,0.3860011100769043,0.46810072660446167,0.08209961652755737,9.71728590875864,0.8226037621498108
338,/mnt/c/Users/Chirayu/Documents/GitHub/2D-to-3D-image-reconstruction/facescape_224/fsmview_trainset_11_15_lip_roll_64.jpg,0.42369237542152405,0.46828222274780273,0.044589847326278687,8.099045637995005,0.6747643351554871
702,/mnt/c/Users/Chirayu/Documents/GitHub/2D-to-3D-image-reconstruction/facescape_224/fsmview_trainset_3_18_eye_closed_43.jpg,0.6365728974342346,0.47085121273994446,-0.16572168469429016,6.624845935031772,0.6133650541305542
826,/mnt/c/Users/Chirayu/Documents/GitHub/2D-to-3D-image-reconstruction/facescape_224/fsmview_trainset_11_5_jaw_left_62.jpg,0.4700549244880676,0.4722631275653839,0.002208203077316284,8.200275383889675,0.7612735033035278
926,/mnt/c/Users/Chirayu/Documents/GitHub/2D-to-3D-image-reconstruction/facescape_224/fsmview_trainset_2_16_grin_50.jpg,0.4396926760673523,0.47786641120910645,0.03817373514175415,7.1050081718713045,0.6527780890464783
742,/mnt/c/Users/Chirayu/Documents/GitHub/2D-to-3D-image-reconstruction/facescape_224/fsmview_trainset_2_9_mouth_right_49.jpg,0.5059899687767029,0.484127938747406,-0.021862030029296875,6.8146156296133995,0.6013372540473938
819,/mnt/c/Users/Chirayu/Documents/GitHub/2D-to-3D-image-reconstruction/facescape_224/fsmview_trainset_12_13_lip_funneler_26.jpg,0.5272167921066284,0.48770174384117126,-0.03951504826545715,7.603268004953861,0.6797459721565247
672,/mnt/c/Users/Chirayu/Documents/GitHub/2D-to-3D-image-reconstruction/facescape_224/fsmview_trainset_19_8_mouth_left_27.jpg,0.5295950174331665,0.5037784576416016,-0.02581655979156494,7.957222856581211,0.6934285163879395
244,/mnt/c/Users/Chirayu/Documents/GitHub/2D-to-3D-image-reconstruction/facescape_224/fsmview_trainset_17_6_jaw_right_50.jpg,0.5581722259521484,0.5063313841819763,-0.05184084177017212,8.062067598104477,0.6622965335845947
981,/mnt/c/Users/Chirayu/Documents/GitHub/2D-to-3D-image-reconstruction/facescape_224/fsmview_trainset_11_13_lip_funneler_3.jpg,0.49695172905921936,0.5095064640045166,0.012554734945297241,8.144618477672338,0.6935999393463135
845,/mnt/c/Users/Chirayu/Documents/GitHub/2D-to-3D-image-reconstruction/facescape_224/fsmview_trainset_2_4_anger_44.jpg,0.531851053237915,0.512332022190094,-0.019519031047821045,7.067695662379265,0.6449210047721863
64,/mnt/c/Users/Chirayu/Documents/GitHub/2D-to-3D-image-reconstruction/facescape_224/fsmview_trainset_2_11_chin_raiser_8.jpg,0.05124393478035927,0.5226102471351624,0.4713663123548031,17.537208447232842,1.535585641860962
276,/mnt/c/Users/Chirayu/Documents/GitHub/2D-to-3D-image-reconstruction/facescape_224/fsmview_trainset_11_10_dimpler_51.jpg,0.5274838805198669,0.5246826410293579,-0.002801239490509033,6.604666233062744,0.6739526987075806
923,/mnt/c/Users/Chirayu/Documents/GitHub/2D-to-3D-image-reconstruction/facescape_224/fsmview_trainset_11_16_grin_61.jpg,0.5364450812339783,0.5249677300453186,-0.011477351188659668,7.190724015235901,0.6549074053764343
455,/mnt/c/Users/Chirayu/Documents/GitHub/2D-to-3D-image-reconstruction/facescape_224/fsmview_trainset_11_1_neutral_59.jpg,0.04443966597318649,0.5330061316490173,0.48856646567583084,15.332701729610562,1.381331443786621
980,/mnt/c/Users/Chirayu/Documents/GitHub/2D-to-3D-image-reconstruction/facescape_224/fsmview_trainset_19_16_grin_39.jpg,0.5447006821632385,0.5346744656562805,-0.010026216506958008,7.244802825152874,0.6782097816467285
132,/mnt/c/Users/Chirayu/Documents/GitHub/2D-to-3D-image-reconstruction/facescape_224/fsmview_trainset_14_4_anger_8.jpg,0.4762761890888214,0.5388481616973877,0.06257197260856628,8.420632533729076,0.7228803038597107
443,/mnt/c/Users/Chirayu/Documents/GitHub/2D-to-3D-image-reconstruction/facescape_224/fsmview_trainset_5_2_smile_15.jpg,0.035041164606809616,0.5508097410202026,0.515768576413393,16.66923386976123,1.4406235218048096
898,/mnt/c/Users/Chirayu/Documents/GitHub/2D-to-3D-image-reconstruction/facescape_224/fsmview_trainset_3_18_eye_closed_53.jpg,0.6608808040618896,0.5555147528648376,-0.105366051197052,8.005989596247673,0.6758232116699219
7,/mnt/c/Users/Chirayu/Documents/GitHub/2D-to-3D-image-reconstruction/facescape_224/fsmview_trainset_19_15_lip_roll_49.jpg,0.7411824464797974,0.5568099617958069,-0.18437248468399048,8.560334162786603,0.7255002856254578
22,/mnt/c/Users/Chirayu/Documents/GitHub/2D-to-3D-image-reconstruction/facescape_224/fsmview_trainset_19_10_dimpler_38.jpg,0.5947616696357727,0.5870066285133362,-0.0077550411224365234,7.366615012288094,0.6767053604125977
942,/mnt/c/Users/Chirayu/Documents/GitHub/2D-to-3D-image-reconstruction/facescape_224/fsmview_trainset_20_13_lip_funneler_52.jpg,0.5359622836112976,0.5882704854011536,0.05230820178985596,7.263162314891815,0.6427493095397949
606,/mnt/c/Users/Chirayu/Documents/GitHub/2D-to-3D-image-reconstruction/facescape_224/fsmview_trainset_12_14_sadness_38.jpg,0.0329073965549469,0.5888609290122986,0.5559535324573517,17.117329890374094,1.459607481956482
817,/mnt/c/Users/Chirayu/Documents/GitHub/2D-to-3D-image-reconstruction/facescape_224/fsmview_trainset_19_4_anger_44.jpg,0.6582775115966797,0.5952029824256897,-0.06307452917098999,7.617827149108052,0.7089101672172546
71,/mnt/c/Users/Chirayu/Documents/GitHub/2D-to-3D-image-reconstruction/facescape_224/fsmview_trainset_3_10_dimpler_58.jpg,0.6393150091171265,0.5988013744354248,-0.04051363468170166,6.863125195726752,0.667033314704895
964,/mnt/c/Users/Chirayu/Documents/GitHub/2D-to-3D-image-reconstruction/facescape_224/fsmview_trainset_5_14_sadness_59.jpg,0.5959771871566772,0.6041083931922913,0.008131206035614014,7.034123063087463,0.658852756023407
639,/mnt/c/Users/Chirayu/Documents/GitHub/2D-to-3D-image-reconstruction/facescape_224/fsmview_trainset_1_9_mouth_right_55.jpg,0.05501869320869446,0.6158854365348816,0.5608667433261871,14.05795794352889,1.4357225894927979
598,/mnt/c/Users/Chirayu/Documents/GitHub/2D-to-3D-image-reconstruction/facescape_224/fsmview_trainset_19_5_jaw_left_27.jpg,0.6682631373405457,0.6235737204551697,-0.04468941688537598,8.120007652789354,0.7238671183586121
321,/mnt/c/Users/Chirayu/Documents/GitHub/2D-to-3D-image-reconstruction/facescape_224/fsmview_trainset_13_5_jaw_left_15.jpg,0.15895351767539978,0.6367101073265076,0.4777565896511078,17.002671785652637,1.5073870420455933
579,/mnt/c/Users/Chirayu/Documents/GitHub/2D-to-3D-image-reconstruction/facescape_224/fsmview_trainset_20_13_lip_funneler_59.jpg,0.6706547737121582,0.6490721106529236,-0.02158266305923462,7.542199786752462,0.6821361184120178
512,/mnt/c/Users/Chirayu/Documents/GitHub/2D-to-3D-image-reconstruction/facescape_224/fsmview_trainset_12_6_jaw_right_25.jpg,0.8033835291862488,0.6505023837089539,-0.15288114547729492,8.111499292775989,0.713865339756012
138,/mnt/c/Users/Chirayu/Documents/GitHub/2D-to-3D-image-reconstruction/facescape_224/fsmview_trainset_9_9_mouth_right_57.jpg,0.6390382051467896,0.6564276218414307,0.017389416694641113,6.819442007690668,0.6208370923995972
336,/mnt/c/Users/Chirayu/Documents/GitHub/2D-to-3D-image-reconstruction/facescape_224/fsmview_trainset_11_14_sadness_6.jpg,0.6951806545257568,0.6728337407112122,-0.022346913814544678,7.685166584327817,0.6867067813873291
430,/mnt/c/Users/Chirayu/Documents/GitHub/2D-to-3D-image-reconstruction/facescape_224/fsmview_trainset_17_11_chin_raiser_46.jpg,0.6765547394752502,0.6743344664573669,-0.0022202730178833008,7.604909885674715,0.6351566314697266
481,/mnt/c/Users/Chirayu/Documents/GitHub/2D-to-3D-image-reconstruction/facescape_224/fsmview_trainset_11_15_lip_roll_60.jpg,0.6516281366348267,0.6764432191848755,0.024815082550048828,7.992437697947025,0.6866618394851685
201,/mnt/c/Users/Chirayu/Documents/GitHub/2D-to-3D-image-reconstruction/facescape_224/fsmview_trainset_5_9_mouth_right_55.jpg,0.6224400997161865,0.6772040128707886,0.05476391315460205,8.512865323573351,0.7260503172874451
763,/mnt/c/Users/Chirayu/Documents/GitHub/2D-to-3D-image-reconstruction/facescape_224/fsmview_trainset_2_5_jaw_left_57.jpg,0.67149418592453,0.6914657950401306,0.019971609115600586,7.2412179335951805,0.6189422607421875
120,/mnt/c/Users/Chirayu/Documents/GitHub/2D-to-3D-image-reconstruction/facescape_224/fsmview_trainset_13_8_mouth_left_57.jpg,0.6640974283218384,0.7153015732765198,0.051204144954681396,6.4565249979496,0.6463726758956909
248,/mnt/c/Users/Chirayu/Documents/GitHub/2D-to-3D-image-reconstruction/facescape_224/fsmview_trainset_20_4_anger_1.jpg,0.6962980628013611,0.7222034335136414,0.025905370712280273,5.855795029550791,0.5752919912338257
523,/mnt/c/Users/Chirayu/Documents/GitHub/2D-to-3D-image-reconstruction/facescape_224/fsmview_trainset_19_17_cheek_blowing_27.jpg,0.7868326902389526,0.7234131097793579,-0.06341958045959473,8.307239077985287,0.7524069547653198
374,/mnt/c/Users/Chirayu/Documents/GitHub/2D-to-3D-image-reconstruction/facescape_224/fsmview_trainset_11_9_mouth_right_48.jpg,0.7548854947090149,0.7244935035705566,-0.030391991138458252,7.563596401363611,0.6627465486526489
623,/mnt/c/Users/Chirayu/Documents/GitHub/2D-to-3D-image-reconstruction/facescape_224/fsmview_trainset_12_15_lip_roll_20.jpg,0.8452886343002319,0.7250532507896423,-0.1202353835105896,7.685118220746517,0.6803047060966492
647,/mnt/c/Users/Chirayu/Documents/GitHub/2D-to-3D-image-reconstruction/facescape_224/fsmview_trainset_2_2_smile_41.jpg,0.8137673735618591,0.7305963635444641,-0.08317101001739502,7.802099544554949,0.7187091112136841
96,/mnt/c/Users/Chirayu/Documents/GitHub/2D-to-3D-image-reconstruction/facescape_224/fsmview_trainset_14_5_jaw_left_49.jpg,0.7592328786849976,0.7340066432952881,-0.025226235389709473,7.34746915474534,0.6868868470191956
80,/mnt/c/Users/Chirayu/Documents/GitHub/2D-to-3D-image-reconstruction/facescape_224/fsmview_trainset_11_18_eye_closed_51.jpg,0.7993897795677185,0.7462146878242493,-0.05317509174346924,12.179642997682095,1.1032911539077759
249,/mnt/c/Users/Chirayu/Documents/GitHub/2D-to-3D-image-reconstruction/facescape_224/fsmview_trainset_5_4_anger_58.jpg,0.6421509981155396,0.7487307190895081,0.1065797209739685,7.400099750608206,0.6299848556518555
486,/mnt/c/Users/Chirayu/Documents/GitHub/2D-to-3D-image-reconstruction/facescape_224/fsmview_trainset_14_2_smile_49.jpg,0.826137125492096,0.7501328587532043,-0.0760042667388916,8.000248648226261,0.6708035469055176
31,/mnt/c/Users/Chirayu/Documents/GitHub/2D-to-3D-image-reconstruction/facescape_224/fsmview_trainset_5_5_jaw_left_58.jpg,0.6691921353340149,0.7634727358818054,0.09428060054779053,7.460933810099959,0.7272657752037048
433,/mnt/c/Users/Chirayu/Documents/GitHub/2D-to-3D-image-reconstruction/facescape_224/fsmview_trainset_20_9_mouth_right_30.jpg,0.06330353766679764,0.7634957432746887,0.7001922056078911,18.98752491781488,1.7364201545715332
604,/mnt/c/Users/Chirayu/Documents/GitHub/2D-to-3D-image-reconstruction/facescape_224/fsmview_trainset_5_10_dimpler_15.jpg,0.03746957704424858,0.7644979357719421,0.7270283587276936,19.14990335702896,1.6616612672805786
949,/mnt/c/Users/Chirayu/Documents/GitHub/2D-to-3D-image-reconstruction/facescape_224/fsmview_trainset_12_4_anger_23.jpg,0.13682658970355988,0.769216001033783,0.6323894113302231,19.400403324514627,1.7133877277374268
213,/mnt/c/Users/Chirayu/Documents/GitHub/2D-to-3D-image-reconstruction/facescape_224/fsmview_trainset_9_14_sadness_43.jpg,0.8570045232772827,0.7836461663246155,-0.07335835695266724,7.651748275384307,0.6735444664955139
182,/mnt/c/Users/Chirayu/Documents/GitHub/2D-to-3D-image-reconstruction/facescape_224/fsmview_trainset_11_2_smile_48.jpg,0.8802236914634705,0.7907858490943909,-0.08943784236907959,7.396006770431995,0.6729860305786133
537,/mnt/c/Users/Chirayu/Documents/GitHub/2D-to-3D-image-reconstruction/facescape_224/fsmview_trainset_11_8_mouth_left_45.jpg,0.8194205164909363,0.8187963962554932,-0.0006241202354431152,7.91229273378849,0.6556345820426941
189,/mnt/c/Users/Chirayu/Documents/GitHub/2D-to-3D-image-reconstruction/facescape_224/fsmview_trainset_13_7_jaw_forward_34.jpg,0.8457735776901245,0.8234364986419678,-0.02233707904815674,6.840898834168911,0.6728609204292297
266,/mnt/c/Users/Chirayu/Documents/GitHub/2D-to-3D-image-reconstruction/facescape_224/fsmview_trainset_3_2_smile_8.jpg,0.0452776700258255,0.8306911587715149,0.7854134887456894,20.838307781144977,1.927492380142212
106,/mnt/c/Users/Chirayu/Documents/GitHub/2D-to-3D-image-reconstruction/facescape_224/fsmview_trainset_11_19_brow_raiser_61.jpg,0.8130273222923279,0.8330726623535156,0.020045340061187744,7.878397177904844,0.6559510231018066
285,/mnt/c/Users/Chirayu/Documents/GitHub/2D-to-3D-image-reconstruction/facescape_224/fsmview_trainset_11_3_mouth_stretch_62.jpg,0.8332526087760925,0.8456249237060547,0.012372314929962158,7.83693677559495,0.6647905707359314
860,/mnt/c/Users/Chirayu/Documents/GitHub/2D-to-3D-image-reconstruction/facescape_224/fsmview_trainset_17_1_neutral_58.jpg,0.8588878512382507,0.8622021675109863,0.0033143162727355957,6.544731684029102,0.660846471786499
903,/mnt/c/Users/Chirayu/Documents/GitHub/2D-to-3D-image-reconstruction/facescape_224/fsmview_trainset_2_16_grin_45.jpg,1.0208172798156738,0.8656082153320312,-0.15520906448364258,6.40266777575016,0.5675184726715088
421,/mnt/c/Users/Chirayu/Documents/GitHub/2D-to-3D-image-reconstruction/facescape_224/fsmview_trainset_14_17_cheek_blowing_66.jpg,0.8644917607307434,0.8686804175376892,0.004188656806945801,7.544537756592035,0.671290934085846
231,/mnt/c/Users/Chirayu/Documents/GitHub/2D-to-3D-image-reconstruction/facescape_224/fsmview_trainset_19_3_mouth_stretch_15.jpg,0.8687923550605774,0.8752707839012146,0.006478428840637207,6.893134571611881,0.5862252116203308
674,/mnt/c/Users/Chirayu/Documents/GitHub/2D-to-3D-image-reconstruction/facescape_224/fsmview_trainset_17_3_mouth_stretch_56.jpg,0.7420964241027832,0.899237334728241,0.15714091062545776,10.997158660553396,0.9624545574188232
207,/mnt/c/Users/Chirayu/Documents/GitHub/2D-to-3D-image-reconstruction/facescape_224/fsmview_trainset_13_8_mouth_left_24.jpg,0.5191740989685059,0.9066648483276367,0.38749074935913086,14.234925685450435,1.2340673208236694
890,/mnt/c/Users/Chirayu/Documents/GitHub/2D-to-3D-image-reconstruction/facescape_224/fsmview_trainset_11_5_jaw_left_48.jpg,1.0170607566833496,0.9124584197998047,-0.10460233688354492,8.050464130938053,0.7018628120422363
284,/mnt/c/Users/Chirayu/Documents/GitHub/2D-to-3D-image-reconstruction/facescape_224/fsmview_trainset_12_14_sadness_28.jpg,0.975232720375061,0.9453306794166565,-0.02990204095840454,8.69105452671647,0.693370521068573
629,/mnt/c/Users/Chirayu/Documents/GitHub/2D-to-3D-image-reconstruction/facescape_224/fsmview_trainset_20_8_mouth_left_7.jpg,0.982928991317749,0.9696164131164551,-0.013312578201293945,7.3444673251360655,0.6735958456993103
409,/mnt/c/Users/Chirayu/Documents/GitHub/2D-to-3D-image-reconstruction/facescape_224/fsmview_trainset_16_19_brow_raiser_27.jpg,1.040847659111023,1.009778618812561,-0.031069040298461914,7.9037555158138275,0.6710000038146973
364,/mnt/c/Users/Chirayu/Documents/GitHub/2D-to-3D-image-reconstruction/facescape_224/fsmview_trainset_20_3_mouth_stretch_7.jpg,1.0832788944244385,1.0189834833145142,-0.06429541110992432,6.297330424189568,0.5892895460128784
770,/mnt/c/Users/Chirayu/Documents/GitHub/2D-to-3D-image-reconstruction/facescape_224/fsmview_trainset_7_7_jaw_forward_34.jpg,0.0642290934920311,1.0247410535812378,0.9605119600892067,19.307017616927624,1.9738085269927979
147,/mnt/c/Users/Chirayu/Documents/GitHub/2D-to-3D-image-reconstruction/facescape_224/fsmview_trainset_16_16_grin_29.jpg,0.03277573361992836,1.076061487197876,1.0432857535779476,22.322681421414018,2.0694220066070557
822,/mnt/c/Users/Chirayu/Documents/GitHub/2D-to-3D-image-reconstruction/facescape_224/fsmview_trainset_13_15_lip_roll_2.jpg,1.1471003293991089,1.1049400568008423,-0.0421602725982666,6.282055594027042,0.6459254026412964
558,/mnt/c/Users/Chirayu/Documents/GitHub/2D-to-3D-image-reconstruction/facescape_224/fsmview_trainset_13_12_lip_puckerer_37.jpg,0.03720049187541008,1.315464735031128,1.2782642431557178,26.272577814757824,2.5939695835113525
968,/mnt/c/Users/Chirayu/Documents/GitHub/2D-to-3D-image-reconstruction/facescape_224/fsmview_trainset_13_9_mouth_right_5.jpg,0.05994752049446106,1.3492423295974731,1.289294809103012,22.141878109425306,2.4121134281158447
344,/mnt/c/Users/Chirayu/Documents/GitHub/2D-to-3D-image-reconstruction/facescape_224/fsmview_trainset_14_11_chin_raiser_29.jpg,0.13220170140266418,1.5942955017089844,1.4620938003063202,29.160296132788062,2.8263936042785645
399,/mnt/c/Users/Chirayu/Documents/GitHub/2D-to-3D-image-reconstruction/facescape_224/fsmview_trainset_11_18_eye_closed_21.jpg,0.2742653489112854,1.5945714712142944,1.320306122303009,30.9662013258785,2.954705238342285
390,/mnt/c/Users/Chirayu/Documents/GitHub/2D-to-3D-image-reconstruction/facescape_224/fsmview_trainset_10_19_brow_raiser_51.jpg,0.0626484751701355,1.7024879455566406,1.6398394703865051,24.79911443218589,2.7512362003326416
246,/mnt/c/Users/Chirayu/Documents/GitHub/2D-to-3D-image-reconstruction/facescape_224/fsmview_trainset_13_20_brow_lower_14.jpg,0.04633937403559685,1.703770399093628,1.657431025058031,25.627057403326035,2.847705125808716
3,/mnt/c/Users/Chirayu/Documents/GitHub/2D-to-3D-image-reconstruction/facescape_224/fsmview_trainset_7_2_smile_35.jpg,0.04711659625172615,1.7229766845703125,1.6758600883185863,25.143599286675453,2.820080518722534
90,/mnt/c/Users/Chirayu/Documents/GitHub/2D-to-3D-image-reconstruction/facescape_224/fsmview_trainset_5_12_lip_puckerer_18.jpg,0.03345523402094841,1.7321884632110596,1.6987332291901112,29.546478398144245,2.806218147277832
904,/mnt/c/Users/Chirayu/Documents/GitHub/2D-to-3D-image-reconstruction/facescape_224/fsmview_trainset_8_5_jaw_left_33.jpg,0.031111788004636765,1.8045086860656738,1.773396898061037,30.368807138875127,2.904487133026123
113,/mnt/c/Users/Chirayu/Documents/GitHub/2D-to-3D-image-reconstruction/facescape_224/fsmview_trainset_4_13_lip_funneler_20.jpg,0.03715112805366516,1.923352837562561,1.8862017095088959,30.05334249511361,3.062992811203003
614,/mnt/c/Users/Chirayu/Documents/GitHub/2D-to-3D-image-reconstruction/facescape_224/fsmview_trainset_17_12_lip_puckerer_12.jpg,0.151999369263649,1.9889492988586426,1.8369499295949936,31.629278242588043,3.109462022781372
