idx,image_path,baseline_lmk_err,finetuned_lmk_err,lmk_err_delta_ft_minus_base,finetuned_cam_score,finetuned_lmk_abs_max,baseline_photo_l1,finetuned_photo_l1,baseline_runtime_ms,finetuned_runtime_ms,landmark_target_source,is_failure,hybrid_selective_fallback
0,/mnt/c/Users/Chirayu/Documents/GitHub/2D-to-3D-image-reconstruction/facescape_224/fsmview_trainset_11_1_neutral_25.jpg,0.03962786868214607,54.8081169128418,54.76848904415965,149.25597301125526,59.751224517822266,0.5376215577125549,0.5376215577125549,nan,nan,real_npy,1,1
1,/mnt/c/Users/Chirayu/Documents/GitHub/2D-to-3D-image-reconstruction/facescape_224/fsmview_trainset_16_6_jaw_right_42.jpg,0.08872020989656448,0.09373285621404648,0.005012646317481995,7.093185469508171,0.6716649532318115,0.44511547684669495,0.44511547684669495,nan,nan,real_npy,0,1
2,/mnt/c/Users/Chirayu/Documents/GitHub/2D-to-3D-image-reconstruction/facescape_224/fsmview_trainset_7_2_smile_1.jpg,0.053556762635707855,0.05235237255692482,-0.0012043900787830353,8.19683226197958,0.6994993686676025,0.42115887999534607,0.42115887999534607,nan,nan,real_npy,0,1
3,/mnt/c/Users/Chirayu/Documents/GitHub/2D-to-3D-image-reconstruction/facescape_224/fsmview_trainset_7_2_smile_35.jpg,0.04711659625172615,1.7229766845703125,1.6758600883185863,25.143599286675453,2.820080518722534,0.4215160310268402,0.4215160310268402,nan,nan,real_npy,0,1
4,/mnt/c/Users/Chirayu/Documents/GitHub/2D-to-3D-image-reconstruction/facescape_224/fsmview_trainset_17_9_mouth_right_9.jpg,0.056286800652742386,0.062437962740659714,0.006151162087917328,8.451381456106901,0.6658313870429993,0.3694095313549042,0.3694095313549042,nan,nan,real_npy,0,1
5,/mnt/c/Users/Chirayu/Documents/GitHub/2D-to-3D-image-reconstruction/facescape_224/fsmview_trainset_4_18_eye_closed_19.jpg,0.04530360549688339,0.043711304664611816,-0.001592300832271576,9.034574235789478,0.7364110350608826,0.2790377140045166,0.2790377140045166,24.824503999980152,24.085915999989993,real_npy,0,1
6,/mnt/c/Users/Chirayu/Documents/GitHub/2D-to-3D-image-reconstruction/facescape_224/fsmview_trainset_8_17_cheek_blowing_52.jpg,0.21300840377807617,0.20274798572063446,-0.010260418057441711,6.257437039166689,0.6112333536148071,0.37326133251190186,0.37326133251190186,20.19988500001091,19.089368999971157,real_npy,0,0
7,/mnt/c/Users/Chirayu/Documents/GitHub/2D-to-3D-image-reconstruction/facescape_224/fsmview_trainset_19_15_lip_roll_49.jpg,0.7411824464797974,0.5568099617958069,-0.18437248468399048,8.560334162786603,0.7255002856254578,0.37162894010543823,0.37162894010543823,19.431721999922047,19.324979999964853,real_npy,0,1
8,/mnt/c/Users/Chirayu/Documents/GitHub/2D-to-3D-image-reconstruction/facescape_224/fsmview_trainset_7_5_jaw_left_47.jpg,0.06633493304252625,0.08206253498792648,0.015727601945400238,9.389876432716846,0.8114126324653625,0.4808140993118286,0.4808140993118286,25.77340000004824,24.744607999991786,real_npy,0,1
9,/mnt/c/Users/Chirayu/Documents/GitHub/2D-to-3D-image-reconstruction/facescape_224/fsmview_trainset_2_20_brow_lower_7.jpg,0.22604812681674957,0.20903384685516357,-0.017014279961586,8.565581280738115,0.6895778775215149,0.37762635946273804,0.37762635946273804,40.54149499995674,19.93296000000555,real_npy,0,1
10,/mnt/c/Users/Chirayu/Documents/GitHub/2D-to-3D-image-reconstruction/facescape_224/fsmview_trainset_13_16_grin_2.jpg,0.21613098680973053,0.21259301900863647,-0.003537967801094055,6.797378085553646,0.6082116365432739,0.43702012300491333,0.43702012300491333,29.418953000003967,20.06634600002144,real_npy,0,1
11,/mnt/c/Users/Chirayu/Documents/GitHub/2D-to-3D-image-reconstruction/facescape_224/fsmview_trainset_1_10_dimpler_23.jpg,0.04108411446213722,0.037643689662218094,-0.0034404247999191284,8.395670343190432,0.703121542930603,0.3632708191871643,0.3632708191871643,20.243149999942034,19.93038399996294,real_npy,0,1
12,/mnt/c/Users/Chirayu/Documents/GitHub/2D-to-3D-image-reconstruction/facescape_224/fsmview_trainset_20_13_lip_funneler_46.jpg,0.12706810235977173,0.14727377891540527,0.020205676555633545,7.584315225481987,0.6808328032493591,0.5959072709083557,0.5959072709083557,21.555594999995265,24.652584000023126,real_npy,0,1
13,/mnt/c/Users/Chirayu/Documents/GitHub/2D-to-3D-image-reconstruction/facescape_224/fsmview_trainset_10_19_brow_raiser_7.jpg,0.04175325855612755,0.047987014055252075,0.006233755499124527,7.664858065545559,0.6664668917655945,0.22483651340007782,0.22483651340007782,25.56344499998886,22.474654999996346,real_npy,0,1
14,/mnt/c/Users/Chirayu/Documents/GitHub/2D-to-3D-image-reconstruction/facescape_224/fsmview_trainset_4_18_eye_closed_29.jpg,0.07103338092565536,0.07297990471124649,0.0019465237855911255,8.160520642995834,0.6898201704025269,0.33427050709724426,0.33427050709724426,32.14690699996936,34.669737000058376,real_npy,0,1
15,/mnt/c/Users/Chirayu/Documents/GitHub/2D-to-3D-image-reconstruction/facescape_224/fsmview_trainset_19_10_dimpler_6.jpg,0.05460821092128754,0.05380955711007118,-0.0007986538112163544,8.86187268793583,0.7392120361328125,0.28018832206726074,0.28018832206726074,29.70749300004627,43.5748859999876,real_npy,0,1
16,/mnt/c/Users/Chirayu/Documents/GitHub/2D-to-3D-image-reconstruction/facescape_224/fsmview_trainset_7_12_lip_puckerer_40.jpg,0.18348567187786102,0.1870742291212082,0.003588557243347168,7.138381689786911,0.6407579779624939,0.45004504919052124,0.45004504919052124,28.797866999980215,24.96928300001855,real_npy,0,1
17,/mnt/c/Users/Chirayu/Documents/GitHub/2D-to-3D-image-reconstruction/facescape_224/fsmview_trainset_4_7_jaw_forward_36.jpg,0.0451134629547596,0.04680958017706871,0.0016961172223091125,7.401000462472439,0.6536420583724976,0.3089570999145508,0.3089570999145508,22.19054199997572,21.403092000014112,real_npy,0,1
18,/mnt/c/Users/Chirayu/Documents/GitHub/2D-to-3D-image-reconstruction/facescape_224/fsmview_trainset_6_14_sadness_1.jpg,0.07468871027231216,0.0744314193725586,-0.00025729089975357056,7.9056613221764565,0.7306810021400452,0.3671760559082031,0.3671760559082031,20.52841099998659,19.380158999979358,real_npy,0,1
19,/mnt/c/Users/Chirayu/Documents/GitHub/2D-to-3D-image-reconstruction/facescape_224/fsmview_trainset_5_19_brow_raiser_56.jpg,0.06226120889186859,0.06087542325258255,-0.0013857856392860413,8.50038056075573,0.7408740520477295,0.399122953414917,0.399122953414917,20.974702999978945,24.22746999991432,real_npy,0,1
20,/mnt/c/Users/Chirayu/Documents/GitHub/2D-to-3D-image-reconstruction/facescape_224/fsmview_trainset_5_18_eye_closed_29.jpg,0.07839377969503403,0.0900326520204544,0.01163887232542038,8.533541694283485,0.7095676064491272,0.29963529109954834,0.29963529109954834,29.266151999991052,21.328452000034304,real_npy,0,1
21,/mnt/c/Users/Chirayu/Documents/GitHub/2D-to-3D-image-reconstruction/facescape_224/fsmview_trainset_1_13_lip_funneler_41.jpg,0.11614592373371124,0.10540957748889923,-0.010736346244812012,8.240535832941532,0.7798800468444824,0.4520139992237091,0.4520139992237091,21.888421999960883,21.267584000042916,real_npy,0,1
22,/mnt/c/Users/Chirayu/Documents/GitHub/2D-to-3D-image-reconstruction/facescape_224/fsmview_trainset_19_10_dimpler_38.jpg,0.5947616696357727,0.5870066285133362,-0.0077550411224365234,7.366615012288094,0.6767053604125977,0.38551872968673706,0.38551872968673706,22.78574900003605,23.8359649999893,real_npy,0,1
23,/mnt/c/Users/Chirayu/Documents/GitHub/2D-to-3D-image-reconstruction/facescape_224/fsmview_trainset_20_7_jaw_forward_31.jpg,0.038400258868932724,0.03400050848722458,-0.004399750381708145,7.804027838632464,0.6496491432189941,0.4458387494087219,0.4458387494087219,20.62556400005633,20.492970999953286,real_npy,0,1
24,/mnt/c/Users/Chirayu/Documents/GitHub/2D-to-3D-image-reconstruction/facescape_224/fsmview_trainset_9_2_smile_19.jpg,0.05439348891377449,0.05618263781070709,0.001789148896932602,9.133533771615475,0.7417310476303101,0.3864700496196747,0.3864700496196747,47.882898000011664,39.747851000015544,real_npy,0,1
25,/mnt/c/Users/Chirayu/Documents/GitHub/2D-to-3D-image-reconstruction/facescape_224/fsmview_trainset_19_2_smile_32.jpg,0.15338611602783203,0.16331039369106293,0.009924277663230896,7.4778345711529255,0.7095038294792175,0.2019471824169159,0.2019471824169159,31.006150000052912,35.43378300003042,real_npy,0,1
26,/mnt/c/Users/Chirayu/Documents/GitHub/2D-to-3D-image-reconstruction/facescape_224/fsmview_trainset_19_8_mouth_left_22.jpg,0.06423549354076385,0.06662886589765549,0.002393372356891632,9.561957964673638,0.7974100708961487,0.36723706126213074,0.36723706126213074,30.403594999938832,32.121222999990096,real_npy,0,1
27,/mnt/c/Users/Chirayu/Documents/GitHub/2D-to-3D-image-reconstruction/facescape_224/fsmview_trainset_8_7_jaw_forward_0.jpg,0.10142046213150024,0.10945827513933182,0.008037813007831573,7.995432518422604,0.7084598541259766,0.2726958394050598,0.2726958394050598,25.452214999972966,29.587253999920904,real_npy,0,1
28,/mnt/c/Users/Chirayu/Documents/GitHub/2D-to-3D-image-reconstruction/facescape_224/fsmview_trainset_5_3_mouth_stretch_33.jpg,0.04548482596874237,0.15004079043865204,0.10455596446990967,7.96969547867775,0.8646755814552307,0.43496018648147583,0.43496018648147583,32.311393999975735,20.20035900000039,real_npy,0,1
29,/mnt/c/Users/Chirayu/Documents/GitHub/2D-to-3D-image-reconstruction/facescape_224/fsmview_trainset_14_19_brow_raiser_46.jpg,0.16877736151218414,0.17665237188339233,0.007875010371208191,8.517580226063728,0.6610420942306519,0.6399165987968445,0.6399165987968445,22.970355999973435,19.00492899994788,real_npy,0,1
30,/mnt/c/Users/Chirayu/Documents/GitHub/2D-to-3D-image-reconstruction/facescape_224/fsmview_trainset_3_7_jaw_forward_29.jpg,0.0407194122672081,0.04968994855880737,0.008970536291599274,8.164371870458126,0.7102736830711365,0.28798985481262207,0.28798985481262207,21.034054999972795,21.035316999928,real_npy,0,1
31,/mnt/c/Users/Chirayu/Documents/GitHub/2D-to-3D-image-reconstruction/facescape_224/fsmview_trainset_5_5_jaw_left_58.jpg,0.6691921353340149,0.7634727358818054,0.09428060054779053,7.460933810099959,0.7272657752037048,0.455867201089859,0.455867201089859,19.958180000003267,19.71745200000896,real_npy,0,1
32,/mnt/c/Users/Chirayu/Documents/GitHub/2D-to-3D-image-reconstruction/facescape_224/fsmview_trainset_4_17_cheek_blowing_43.jpg,0.02880554273724556,0.029577959328889847,0.0007724165916442871,7.575525533407927,0.6266477108001709,0.19434833526611328,0.19434833526611328,24.549804999992375,21.22874100007266,real_npy,0,1
33,/mnt/c/Users/Chirayu/Documents/GitHub/2D-to-3D-image-reconstruction/facescape_224/fsmview_trainset_8_20_brow_lower_3.jpg,0.05248209834098816,0.05495767667889595,0.002475578337907791,7.975096248090267,0.7251375913619995,0.2932663559913635,0.2932663559913635,22.274287999948683,22.792236999976012,real_npy,0,1
34,/mnt/c/Users/Chirayu/Documents/GitHub/2D-to-3D-image-reconstruction/facescape_224/fsmview_trainset_14_12_lip_puckerer_44.jpg,0.07057982683181763,0.07118473201990128,0.0006049051880836487,8.588630713522434,0.6911472678184509,0.3573296368122101,0.3573296368122101,22.211584999922707,21.85502899999392,real_npy,0,1
35,/mnt/c/Users/Chirayu/Documents/GitHub/2D-to-3D-image-reconstruction/facescape_224/fsmview_trainset_11_13_lip_funneler_14.jpg,0.1938588172197342,0.21356262266635895,0.019703805446624756,7.786593083292246,0.6570349335670471,0.5636483430862427,0.5636483430862427,44.95880899992244,21.801746000051025,real_npy,0,1
36,/mnt/c/Users/Chirayu/Documents/GitHub/2D-to-3D-image-reconstruction/facescape_224/fsmview_trainset_11_16_grin_60.jpg,0.04121324047446251,16.7376651763916,16.69645193591714,89.40530590713024,19.736248016357422,0.5149634480476379,0.5149634480476379,23.95783700001175,21.92543299997851,real_npy,1,1
37,/mnt/c/Users/Chirayu/Documents/GitHub/2D-to-3D-image-reconstruction/facescape_224/fsmview_trainset_9_17_cheek_blowing_28.jpg,0.041067883372306824,0.04210642725229263,0.0010385438799858093,7.507519751787186,0.6515792012214661,0.25688207149505615,0.25688207149505615,24.410909000039283,20.76078800007508,real_npy,0,1
38,/mnt/c/Users/Chirayu/Documents/GitHub/2D-to-3D-image-reconstruction/facescape_224/fsmview_trainset_5_13_lip_funneler_56.jpg,0.06694912165403366,0.06567905843257904,-0.0012700632214546204,8.32114513963461,0.7158929705619812,0.43158015608787537,0.43158015608787537,23.85727900002621,23.149727000031817,real_npy,0,1
39,/mnt/c/Users/Chirayu/Documents/GitHub/2D-to-3D-image-reconstruction/facescape_224/fsmview_trainset_2_12_lip_puckerer_31.jpg,0.10845300555229187,0.11779225617647171,0.00933925062417984,8.300382940098643,0.6524586081504822,0.4569994807243347,0.4569994807243347,22.44989500002248,46.00502400001005,real_npy,0,1
40,/mnt/c/Users/Chirayu/Documents/GitHub/2D-to-3D-image-reconstruction/facescape_224/fsmview_trainset_5_19_brow_raiser_34.jpg,0.04456794261932373,21.947187423706055,21.90261948108673,97.8903066366911,25.36444664001465,0.43452566862106323,0.43452566862106323,40.74063999996724,30.018359999985478,real_npy,1,1
41,/mnt/c/Users/Chirayu/Documents/GitHub/2D-to-3D-image-reconstruction/facescape_224/fsmview_trainset_15_9_mouth_right_19.jpg,0.07192911952733994,0.08419756591320038,0.012268446385860443,7.854176841676235,0.6671105623245239,0.5738368630409241,0.5738368630409241,24.27114600004643,26.033380999933797,real_npy,0,1
42,/mnt/c/Users/Chirayu/Documents/GitHub/2D-to-3D-image-reconstruction/facescape_224/fsmview_trainset_14_16_grin_63.jpg,0.03626050800085068,0.03269388526678085,-0.0035666227340698242,7.713611718267202,0.6905860900878906,0.3643465042114258,0.3643465042114258,55.748154999946564,22.560489000056805,real_npy,0,1
43,/mnt/c/Users/Chirayu/Documents/GitHub/2D-to-3D-image-reconstruction/facescape_224/fsmview_trainset_20_12_lip_puckerer_13.jpg,0.05699491500854492,0.05957482010126114,0.002579905092716217,8.900305852293968,0.722234845161438,0.3965231776237488,0.3965231776237488,21.684597999978905,25.766330000010385,real_npy,0,1
44,/mnt/c/Users/Chirayu/Documents/GitHub/2D-to-3D-image-reconstruction/facescape_224/fsmview_trainset_6_9_mouth_right_32.jpg,0.04958730936050415,0.05115392804145813,0.0015666186809539795,7.762545175850391,0.6451482176780701,0.2980691194534302,0.2980691194534302,22.956689000011465,43.608224000081464,real_npy,0,1
45,/mnt/c/Users/Chirayu/Documents/GitHub/2D-to-3D-image-reconstruction/facescape_224/fsmview_trainset_1_15_lip_roll_29.jpg,0.07378539443016052,0.08481868356466293,0.011033289134502411,7.927838947623968,0.6651249527931213,0.42207491397857666,0.42207491397857666,24.09583799999382,21.955842000011216,real_npy,0,1
46,/mnt/c/Users/Chirayu/Documents/GitHub/2D-to-3D-image-reconstruction/facescape_224/fsmview_trainset_20_16_grin_29.jpg,0.14049476385116577,0.39869874715805054,0.25820398330688477,14.537212260533124,1.3015174865722656,0.34527483582496643,0.34527483582496643,26.685435999979745,25.231481999981042,real_npy,0,1
47,/mnt/c/Users/Chirayu/Documents/GitHub/2D-to-3D-image-reconstruction/facescape_224/fsmview_trainset_20_7_jaw_forward_64.jpg,0.29495784640312195,0.2949711084365845,1.3262033462524414e-05,7.394335813820362,0.6944870948791504,0.45648670196533203,0.45648670196533203,22.665730999960942,21.08524999994188,real_npy,0,1
48,/mnt/c/Users/Chirayu/Documents/GitHub/2D-to-3D-image-reconstruction/facescape_224/fsmview_trainset_12_8_mouth_left_29.jpg,0.048420779407024384,0.04496678709983826,-0.0034539923071861267,8.445274183526635,0.7008065581321716,0.4136093556880951,0.4136093556880951,23.340730999962034,20.420714000010776,real_npy,0,1
49,/mnt/c/Users/Chirayu/Documents/GitHub/2D-to-3D-image-reconstruction/facescape_224/fsmview_trainset_13_7_jaw_forward_44.jpg,0.04211262986063957,0.047353629022836685,0.005240999162197113,8.605561450123787,0.7371349334716797,0.3258798122406006,0.3258798122406006,24.335694999990665,22.44205800002419,real_npy,0,1
50,/mnt/c/Users/Chirayu/Documents/GitHub/2D-to-3D-image-reconstruction/facescape_224/fsmview_trainset_13_20_brow_lower_47.jpg,0.053272146731615067,0.05890001356601715,0.005627866834402084,7.8660412691533566,0.6548767685890198,0.4178984761238098,0.4178984761238098,22.995903000037288,20.801498000082574,real_npy,0,1
51,/mnt/c/Users/Chirayu/Documents/GitHub/2D-to-3D-image-reconstruction/facescape_224/fsmview_trainset_18_18_eye_closed_42.jpg,0.03487274795770645,0.036552853882312775,0.0016801059246063232,7.837098903954029,0.6484444737434387,0.32483065128326416,0.32483065128326416,20.67957499991735,21.050848999948357,real_npy,0,1
52,/mnt/c/Users/Chirayu/Documents/GitHub/2D-to-3D-image-reconstruction/facescape_224/fsmview_trainset_6_4_anger_40.jpg,0.24709853529930115,0.26195135712623596,0.014852821826934814,6.877244353294373,0.6845389604568481,0.39704859256744385,0.39704859256744385,67.50880799995684,27.87081299993588,real_npy,0,1
53,/mnt/c/Users/Chirayu/Documents/GitHub/2D-to-3D-image-reconstruction/facescape_224/fsmview_trainset_3_3_mouth_stretch_21.jpg,0.03201509267091751,0.03658973425626755,0.004574641585350037,7.839003272354603,0.7140836119651794,0.32566893100738525,0.32566893100738525,22.387067000067873,20.679481000001942,real_npy,0,1
54,/mnt/c/Users/Chirayu/Documents/GitHub/2D-to-3D-image-reconstruction/facescape_224/fsmview_trainset_5_16_grin_32.jpg,0.05919990688562393,0.06651187688112259,0.007311969995498657,7.852626703679562,0.6829806566238403,0.327193021774292,0.327193021774292,57.3245580000048,22.304991000055452,real_npy,0,1
55,/mnt/c/Users/Chirayu/Documents/GitHub/2D-to-3D-image-reconstruction/facescape_224/fsmview_trainset_20_3_mouth_stretch_47.jpg,0.13396283984184265,0.2615737020969391,0.12761086225509644,10.282616155222058,1.0230211019515991,0.6468546390533447,0.6468546390533447,23.012160000007498,44.12377100004505,real_npy,0,1
56,/mnt/c/Users/Chirayu/Documents/GitHub/2D-to-3D-image-reconstruction/facescape_224/fsmview_trainset_12_13_lip_funneler_27.jpg,0.07334836572408676,0.07234005630016327,-0.0010083094239234924,9.011852573603392,0.7736613750457764,0.5505934357643127,0.5505934357643127,22.199275999923884,59.41496900004495,real_npy,0,1
57,/mnt/c/Users/Chirayu/Documents/GitHub/2D-to-3D-image-reconstruction/facescape_224/fsmview_trainset_18_3_mouth_stretch_9.jpg,0.04391610622406006,0.04305320605635643,-0.0008629001677036285,8.149123027920723,0.7440001368522644,0.32537931203842163,0.32537931203842163,33.773877000044195,21.972362000042267,real_npy,0,1
58,/mnt/c/Users/Chirayu/Documents/GitHub/2D-to-3D-image-reconstruction/facescape_224/fsmview_trainset_9_3_mouth_stretch_2.jpg,0.0688658058643341,0.08204980194568634,0.013183996081352234,8.17923666536808,0.7467651963233948,0.3780031204223633,0.3780031204223633,20.39869700001873,20.93363500000578,real_npy,0,1
59,/mnt/c/Users/Chirayu/Documents/GitHub/2D-to-3D-image-reconstruction/facescape_224/fsmview_trainset_20_10_dimpler_26.jpg,0.052759964019060135,0.06254342198371887,0.009783457964658737,8.032456144690514,0.7080421447753906,0.4767512381076813,0.4767512381076813,24.598851999940052,30.568797000000814,real_npy,0,1
60,/mnt/c/Users/Chirayu/Documents/GitHub/2D-to-3D-image-reconstruction/facescape_224/fsmview_trainset_15_6_jaw_right_42.jpg,0.04481988772749901,0.046494197100400925,0.0016743093729019165,8.138773143291473,0.6894418597221375,0.567866861820221,0.567866861820221,38.22604399999818,20.404205999966507,real_npy,0,1
61,/mnt/c/Users/Chirayu/Documents/GitHub/2D-to-3D-image-reconstruction/facescape_224/fsmview_trainset_7_11_chin_raiser_8.jpg,0.045129261910915375,158.54335021972656,158.49822095781565,232.70524311065674,220.05654907226562,0.3839183747768402,0.3839183747768402,21.137687999953414,18.723872999999003,real_npy,1,1
62,/mnt/c/Users/Chirayu/Documents/GitHub/2D-to-3D-image-reconstruction/facescape_224/fsmview_trainset_7_17_cheek_blowing_27.jpg,0.059851083904504776,0.07489187270402908,0.015040788799524307,8.300191206857562,0.6789671182632446,0.32437363266944885,0.32437363266944885,22.380102999932205,22.430972000051952,real_npy,0,1
63,/mnt/c/Users/Chirayu/Documents/GitHub/2D-to-3D-image-reconstruction/facescape_224/fsmview_trainset_11_1_neutral_19.jpg,0.06912248581647873,0.07208172231912613,0.0029592365026474,8.818261666223407,0.7132757902145386,0.535876452922821,0.535876452922821,24.4139809999524,21.43670199995995,real_npy,0,1
64,/mnt/c/Users/Chirayu/Documents/GitHub/2D-to-3D-image-reconstruction/facescape_224/fsmview_trainset_2_11_chin_raiser_8.jpg,0.05124393478035927,0.5226102471351624,0.4713663123548031,17.537208447232842,1.535585641860962,0.46240171790122986,0.46240171790122986,23.14521700009209,26.11300000000938,real_npy,0,1
65,/mnt/c/Users/Chirayu/Documents/GitHub/2D-to-3D-image-reconstruction/facescape_224/fsmview_trainset_11_16_grin_59.jpg,0.07835043221712112,0.10465250164270401,0.026302069425582886,7.978173986077309,0.6811439394950867,0.415808767080307,0.415808767080307,21.007111000017176,20.190373999980693,real_npy,0,1
66,/mnt/c/Users/Chirayu/Documents/GitHub/2D-to-3D-image-reconstruction/facescape_224/fsmview_trainset_20_12_lip_puckerer_24.jpg,0.03806779533624649,0.04153928533196449,0.0034714899957180023,7.773858282715082,0.6385045647621155,0.4573996365070343,0.4573996365070343,31.76929799997197,33.05420799995318,real_npy,0,1
67,/mnt/c/Users/Chirayu/Documents/GitHub/2D-to-3D-image-reconstruction/facescape_224/fsmview_trainset_2_13_lip_funneler_38.jpg,0.08479063212871552,0.09403461962938309,0.009243987500667572,7.954462960362434,0.7083243131637573,0.3879821002483368,0.3879821002483368,21.82326699994519,21.126486000071054,real_npy,0,1
68,/mnt/c/Users/Chirayu/Documents/GitHub/2D-to-3D-image-reconstruction/facescape_224/fsmview_trainset_8_7_jaw_forward_33.jpg,0.03344602882862091,6.479664325714111,6.44621829688549,57.52377102524042,8.084940910339355,0.28824177384376526,0.28824177384376526,21.48555300004773,19.754479999960495,real_npy,1,1
69,/mnt/c/Users/Chirayu/Documents/GitHub/2D-to-3D-image-reconstruction/facescape_224/fsmview_trainset_9_3_mouth_stretch_23.jpg,0.046125736087560654,0.050036169588565826,0.003910433501005173,7.333734039217234,0.7250306606292725,0.2986826002597809,0.2986826002597809,23.403864999977486,20.727273000034074,real_npy,0,1
70,/mnt/c/Users/Chirayu/Documents/GitHub/2D-to-3D-image-reconstruction/facescape_224/fsmview_trainset_14_10_dimpler_6.jpg,0.23122663795948029,0.361394464969635,0.13016782701015472,7.855524560436606,0.7857329845428467,0.5996689200401306,0.5996689200401306,21.80527699999857,22.804820000033033,real_npy,0,1
71,/mnt/c/Users/Chirayu/Documents/GitHub/2D-to-3D-image-reconstruction/facescape_224/fsmview_trainset_3_10_dimpler_58.jpg,0.6393150091171265,0.5988013744354248,-0.04051363468170166,6.863125195726752,0.667033314704895,0.3562989830970764,0.3562989830970764,21.30726500001856,24.597753999955785,real_npy,0,1
72,/mnt/c/Users/Chirayu/Documents/GitHub/2D-to-3D-image-reconstruction/facescape_224/fsmview_trainset_13_14_sadness_7.jpg,0.04226385056972504,0.047012314200401306,0.0047484636306762695,8.797370418906212,0.7588806748390198,0.40943455696105957,0.40943455696105957,22.556666000014047,22.616558999970948,real_npy,0,1
73,/mnt/c/Users/Chirayu/Documents/GitHub/2D-to-3D-image-reconstruction/facescape_224/fsmview_trainset_10_14_sadness_54.jpg,0.04615844041109085,0.048033349215984344,0.0018749088048934937,8.280419673305005,0.7021284699440002,0.28871238231658936,0.28871238231658936,31.626612000081877,23.86397999998735,real_npy,0,1
74,/mnt/c/Users/Chirayu/Documents/GitHub/2D-to-3D-image-reconstruction/facescape_224/fsmview_trainset_6_16_grin_42.jpg,0.2051921784877777,0.1885402798652649,-0.016651898622512817,6.173900812864304,0.6342360973358154,0.4100187420845032,0.4100187420845032,20.100303999925018,21.142012000041177,real_npy,0,0
75,/mnt/c/Users/Chirayu/Documents/GitHub/2D-to-3D-image-reconstruction/facescape_224/fsmview_trainset_18_2_smile_23.jpg,0.04214082285761833,0.040976379066705704,-0.0011644437909126282,8.921899111475796,0.7385304570198059,0.433594673871994,0.433594673871994,22.562582999967162,22.391332000097464,real_npy,0,1
76,/mnt/c/Users/Chirayu/Documents/GitHub/2D-to-3D-image-reconstruction/facescape_224/fsmview_trainset_4_15_lip_roll_47.jpg,0.03837967291474342,23.909557342529297,23.871177669614553,101.90924325585365,27.555023193359375,0.2912098169326782,0.2912098169326782,21.858382000004895,20.653135999964434,real_npy,1,1
77,/mnt/c/Users/Chirayu/Documents/GitHub/2D-to-3D-image-reconstruction/facescape_224/fsmview_trainset_5_10_dimpler_39.jpg,0.2669958174228668,0.31293603777885437,0.04594022035598755,7.843650624155998,0.7091494202613831,0.42076393961906433,0.42076393961906433,25.381111999990935,114.22917599998073,real_npy,0,1
78,/mnt/c/Users/Chirayu/Documents/GitHub/2D-to-3D-image-reconstruction/facescape_224/fsmview_trainset_18_19_brow_raiser_42.jpg,0.10247793048620224,0.09678176045417786,-0.0056961700320243835,8.775517269968987,0.8167353272438049,0.4893304705619812,0.4893304705619812,21.15962599998511,21.947789000023477,real_npy,0,1
79,/mnt/c/Users/Chirayu/Documents/GitHub/2D-to-3D-image-reconstruction/facescape_224/fsmview_trainset_11_19_brow_raiser_6.jpg,0.20800945162773132,0.3180430233478546,0.11003357172012329,7.157107435166836,0.6730003952980042,0.6263300776481628,0.6263300776481628,20.328100000028826,20.162282999990566,real_npy,0,1
80,/mnt/c/Users/Chirayu/Documents/GitHub/2D-to-3D-image-reconstruction/facescape_224/fsmview_trainset_11_18_eye_closed_51.jpg,0.7993897795677185,0.7462146878242493,-0.05317509174346924,12.179642997682095,1.1032911539077759,0.645382821559906,0.645382821559906,22.879369999941446,22.934351000003517,real_npy,0,1
81,/mnt/c/Users/Chirayu/Documents/GitHub/2D-to-3D-image-reconstruction/facescape_224/fsmview_trainset_1_4_anger_22.jpg,0.032558687031269073,933.3775024414062,933.344943754375,547.7686059474945,1072.5833740234375,0.3814079165458679,0.3814079165458679,36.38160000002699,52.63506000005691,real_npy,1,1
82,/mnt/c/Users/Chirayu/Documents/GitHub/2D-to-3D-image-reconstruction/facescape_224/fsmview_trainset_7_5_jaw_left_36.jpg,0.10657662898302078,0.11603444069623947,0.009457811713218689,7.794045574963093,0.7091490030288696,0.3903273046016693,0.3903273046016693,22.290107000003445,23.102311000002373,real_npy,0,1
83,/mnt/c/Users/Chirayu/Documents/GitHub/2D-to-3D-image-reconstruction/facescape_224/fsmview_trainset_8_3_mouth_stretch_19.jpg,0.04016130790114403,0.03926704078912735,-0.0008942671120166779,7.559389426372945,0.7371649742126465,0.25972944498062134,0.25972944498062134,23.28892299999552,22.68249700000524,real_npy,0,1
84,/mnt/c/Users/Chirayu/Documents/GitHub/2D-to-3D-image-reconstruction/facescape_224/fsmview_trainset_17_14_sadness_49.jpg,0.20974381268024445,0.18792593479156494,-0.021817877888679504,7.993183732032776,0.6531642079353333,0.43081820011138916,0.43081820011138916,21.942275000014888,24.720612999999503,real_npy,0,1
85,/mnt/c/Users/Chirayu/Documents/GitHub/2D-to-3D-image-reconstruction/facescape_224/fsmview_trainset_9_3_mouth_stretch_53.jpg,0.06974263489246368,0.06934749335050583,-0.0003951415419578552,7.843324616551399,0.7663568258285522,0.45970505475997925,0.45970505475997925,38.74032799990346,22.239157000058185,real_npy,0,1
86,/mnt/c/Users/Chirayu/Documents/GitHub/2D-to-3D-image-reconstruction/facescape_224/fsmview_trainset_5_17_cheek_blowing_2.jpg,0.04717175289988518,0.0462263748049736,-0.0009453780949115753,8.184564128518105,0.6660253405570984,0.4266803562641144,0.4266803562641144,36.94472600000154,21.125007000023288,real_npy,0,1
87,/mnt/c/Users/Chirayu/Documents/GitHub/2D-to-3D-image-reconstruction/facescape_224/fsmview_trainset_20_7_jaw_forward_4.jpg,0.5262932777404785,0.30981698632240295,-0.21647629141807556,7.4402352795004845,0.6696549654006958,0.5671112537384033,0.5671112537384033,20.916668000040772,21.778032000042913,real_npy,0,1
88,/mnt/c/Users/Chirayu/Documents/GitHub/2D-to-3D-image-reconstruction/facescape_224/fsmview_trainset_12_4_anger_14.jpg,0.05725963041186333,0.05387486144900322,-0.0033847689628601074,9.285794639959931,0.7635267376899719,0.5405752658843994,0.5405752658843994,20.159919999969134,84.01042200000575,real_npy,0,1
89,/mnt/c/Users/Chirayu/Documents/GitHub/2D-to-3D-image-reconstruction/facescape_224/fsmview_trainset_10_3_mouth_stretch_53.jpg,0.15912187099456787,0.17076633870601654,0.01164446771144867,7.126996785402298,0.6827645897865295,0.28949108719825745,0.28949108719825745,40.52777900005822,24.54545600005531,real_npy,0,1
90,/mnt/c/Users/Chirayu/Documents/GitHub/2D-to-3D-image-reconstruction/facescape_224/fsmview_trainset_5_12_lip_puckerer_18.jpg,0.03345523402094841,1.7321884632110596,1.6987332291901112,29.546478398144245,2.806218147277832,0.40577077865600586,0.40577077865600586,21.025935000011486,30.208843999957935,real_npy,0,1
91,/mnt/c/Users/Chirayu/Documents/GitHub/2D-to-3D-image-reconstruction/facescape_224/fsmview_trainset_19_16_grin_26.jpg,0.058715350925922394,0.05577752739191055,-0.002937823534011841,9.048521108925343,0.7621510624885559,0.44511106610298157,0.44511106610298157,34.2737879999504,27.30772400002479,real_npy,0,1
92,/mnt/c/Users/Chirayu/Documents/GitHub/2D-to-3D-image-reconstruction/facescape_224/fsmview_trainset_5_13_lip_funneler_12.jpg,0.05855991691350937,0.06109663471579552,0.002536717802286148,8.259642273187637,0.7031273245811462,0.41037556529045105,0.41037556529045105,33.08114700007536,20.80317100001139,real_npy,0,1
93,/mnt/c/Users/Chirayu/Documents/GitHub/2D-to-3D-image-reconstruction/facescape_224/fsmview_trainset_4_13_lip_funneler_31.jpg,0.035927291959524155,4.01262092590332,3.976693633943796,44.16818030178547,5.447841644287109,0.2567184567451477,0.2567184567451477,73.86218299996017,33.64930699990509,real_npy,1,1
94,/mnt/c/Users/Chirayu/Documents/GitHub/2D-to-3D-image-reconstruction/facescape_224/fsmview_trainset_5_2_smile_9.jpg,0.05049613118171692,0.048808079212903976,-0.0016880519688129425,7.955314800143242,0.6519182920455933,0.3599402904510498,0.3599402904510498,21.76239400000668,20.87266700004875,real_npy,0,1
95,/mnt/c/Users/Chirayu/Documents/GitHub/2D-to-3D-image-reconstruction/facescape_224/fsmview_trainset_5_12_lip_puckerer_47.jpg,0.08045323938131332,0.10208315402269363,0.02162991464138031,9.184751074761152,0.7827823162078857,0.46147456765174866,0.46147456765174866,23.35750299994288,23.092743999995946,real_npy,0,1
96,/mnt/c/Users/Chirayu/Documents/GitHub/2D-to-3D-image-reconstruction/facescape_224/fsmview_trainset_14_5_jaw_left_49.jpg,0.7592328786849976,0.7340066432952881,-0.025226235389709473,7.34746915474534,0.6868868470191956,0.5768978595733643,0.5768978595733643,21.805412999924556,20.462141000052725,real_npy,0,1
97,/mnt/c/Users/Chirayu/Documents/GitHub/2D-to-3D-image-reconstruction/facescape_224/fsmview_trainset_15_3_mouth_stretch_49.jpg,0.08392126113176346,0.09187204390764236,0.007950782775878906,8.38704064488411,0.7254760265350342,0.6070230603218079,0.6070230603218079,22.655886000052305,23.62734200005434,real_npy,0,1
98,/mnt/c/Users/Chirayu/Documents/GitHub/2D-to-3D-image-reconstruction/facescape_224/fsmview_trainset_19_18_eye_closed_54.jpg,0.058864202350378036,0.06846046447753906,0.009596262127161026,9.167560855392367,0.7822099924087524,0.28122466802597046,0.28122466802597046,49.110501000086515,25.289253000096323,real_npy,0,1
99,/mnt/c/Users/Chirayu/Documents/GitHub/2D-to-3D-image-reconstruction/facescape_224/fsmview_trainset_7_2_smile_11.jpg,0.3024738132953644,0.4469616115093231,0.14448779821395874,8.527024613693357,0.8507495522499084,0.591524600982666,0.591524600982666,24.886486000013974,30.550135999988015,real_npy,0,1
100,/mnt/c/Users/Chirayu/Documents/GitHub/2D-to-3D-image-reconstruction/facescape_224/fsmview_trainset_19_7_jaw_forward_7.jpg,0.06320048123598099,0.08603516221046448,0.02283468097448349,8.44636053033173,0.6897915601730347,0.20117506384849548,0.20117506384849548,22.604610000030334,24.136733000091226,real_npy,0,1
101,/mnt/c/Users/Chirayu/Documents/GitHub/2D-to-3D-image-reconstruction/facescape_224/fsmview_trainset_14_5_jaw_left_64.jpg,0.06145348399877548,0.06202208995819092,0.0005686059594154358,8.119482377544045,0.7743475437164307,0.415963351726532,0.415963351726532,54.24710199997662,30.154683999967347,real_npy,0,1
102,/mnt/c/Users/Chirayu/Documents/GitHub/2D-to-3D-image-reconstruction/facescape_224/fsmview_trainset_17_19_brow_raiser_30.jpg,0.051248643547296524,0.046108365058898926,-0.005140278488397598,8.841543775051832,0.7160650491714478,0.29127731919288635,0.29127731919288635,77.20555100002002,22.069278999993003,real_npy,0,1
103,/mnt/c/Users/Chirayu/Documents/GitHub/2D-to-3D-image-reconstruction/facescape_224/fsmview_trainset_2_2_smile_6.jpg,0.07537180185317993,0.08974664658308029,0.01437484472990036,8.754468411207199,0.7673033475875854,0.38911545276641846,0.38911545276641846,22.618416000000252,21.124844000041776,real_npy,0,1
104,/mnt/c/Users/Chirayu/Documents/GitHub/2D-to-3D-image-reconstruction/facescape_224/fsmview_trainset_20_2_smile_33.jpg,0.04167957603931427,0.047638606280088425,0.005959030240774155,7.556102827191353,0.7081526517868042,0.479145884513855,0.479145884513855,35.378946000037104,40.28903200003242,real_npy,0,1
105,/mnt/c/Users/Chirayu/Documents/GitHub/2D-to-3D-image-reconstruction/facescape_224/fsmview_trainset_18_4_anger_7.jpg,0.05223621428012848,0.05749073252081871,0.005254518240690231,8.032161824405193,0.6952077746391296,0.2918267846107483,0.2918267846107483,67.13110399994093,73.16842099999121,real_npy,0,1
106,/mnt/c/Users/Chirayu/Documents/GitHub/2D-to-3D-image-reconstruction/facescape_224/fsmview_trainset_11_19_brow_raiser_61.jpg,0.8130273222923279,0.8330726623535156,0.020045340061187744,7.878397177904844,0.6559510231018066,0.5321911573410034,0.5321911573410034,24.2604750000055,21.238623000044754,real_npy,0,1
107,/mnt/c/Users/Chirayu/Documents/GitHub/2D-to-3D-image-reconstruction/facescape_224/fsmview_trainset_12_8_mouth_left_32.jpg,0.312576025724411,0.2990247905254364,-0.01355123519897461,7.718219682574272,0.7777279019355774,0.5071002840995789,0.5071002840995789,42.991186999984166,39.76537300002292,real_npy,0,1
108,/mnt/c/Users/Chirayu/Documents/GitHub/2D-to-3D-image-reconstruction/facescape_224/fsmview_trainset_14_14_sadness_62.jpg,0.36825940012931824,0.36022621393203735,-0.008033186197280884,7.284296952188015,0.601787269115448,0.5168671011924744,0.5168671011924744,26.959607000094366,49.224604999949406,real_npy,0,1
109,/mnt/c/Users/Chirayu/Documents/GitHub/2D-to-3D-image-reconstruction/facescape_224/fsmview_trainset_9_6_jaw_right_23.jpg,0.05213033780455589,0.051596540957689285,-0.0005337968468666077,8.720459641888738,0.7334647178649902,0.42426565289497375,0.42426565289497375,23.918406999996478,20.883142000002408,real_npy,0,1
110,/mnt/c/Users/Chirayu/Documents/GitHub/2D-to-3D-image-reconstruction/facescape_224/fsmview_trainset_3_2_smile_47.jpg,0.07931656390428543,0.09531750530004501,0.016000941395759583,9.171301171183586,0.739749014377594,0.4756621718406677,0.4756621718406677,22.510434999958306,22.053196999991087,real_npy,0,1
111,/mnt/c/Users/Chirayu/Documents/GitHub/2D-to-3D-image-reconstruction/facescape_224/fsmview_trainset_18_11_chin_raiser_19.jpg,0.05531183257699013,0.056452345103025436,0.0011405125260353088,9.239987783133984,0.7327304482460022,0.4180615544319153,0.4180615544319153,26.244077999990623,22.10990099990795,real_npy,0,1
112,/mnt/c/Users/Chirayu/Documents/GitHub/2D-to-3D-image-reconstruction/facescape_224/fsmview_trainset_13_3_mouth_stretch_8.jpg,0.04440963640809059,0.04453565552830696,0.00012601912021636963,7.560766279697418,0.6787914037704468,0.32488664984703064,0.32488664984703064,23.483221000105914,20.945255999890833,real_npy,0,1
113,/mnt/c/Users/Chirayu/Documents/GitHub/2D-to-3D-image-reconstruction/facescape_224/fsmview_trainset_4_13_lip_funneler_20.jpg,0.03715112805366516,1.923352837562561,1.8862017095088959,30.05334249511361,3.062992811203003,0.2686648666858673,0.2686648666858673,23.725418000026366,38.751090000005206,real_npy,0,1
114,/mnt/c/Users/Chirayu/Documents/GitHub/2D-to-3D-image-reconstruction/facescape_224/fsmview_trainset_17_15_lip_roll_3.jpg,0.06291025131940842,0.0618264339864254,-0.001083817332983017,7.719943076372147,0.6596218347549438,0.39266979694366455,0.39266979694366455,69.35625500000242,22.01913200008221,real_npy,0,1
115,/mnt/c/Users/Chirayu/Documents/GitHub/2D-to-3D-image-reconstruction/facescape_224/fsmview_trainset_19_2_smile_50.jpg,0.05450935289263725,0.05356929451227188,-0.0009400583803653717,8.840494452044368,0.6846555471420288,0.3927384912967682,0.3927384912967682,33.82699300004788,22.821190000058778,real_npy,0,1
116,/mnt/c/Users/Chirayu/Documents/GitHub/2D-to-3D-image-reconstruction/facescape_224/fsmview_trainset_13_14_sadness_18.jpg,0.043182194232940674,0.04382536560297012,0.0006431713700294495,9.02590136602521,0.7932702898979187,0.32346799969673157,0.32346799969673157,22.420744999976705,21.237534999954732,real_npy,0,1
117,/mnt/c/Users/Chirayu/Documents/GitHub/2D-to-3D-image-reconstruction/facescape_224/fsmview_trainset_8_14_sadness_24.jpg,0.03173140808939934,0.032590508460998535,0.0008591003715991974,7.6805509105324745,0.6528354287147522,0.27247345447540283,0.27247345447540283,21.033494999983304,19.522069000004194,real_npy,0,1
118,/mnt/c/Users/Chirayu/Documents/GitHub/2D-to-3D-image-reconstruction/facescape_224/fsmview_trainset_5_3_mouth_stretch_16.jpg,0.032097093760967255,200.20321655273438,200.1711194589734,263.4534029364586,267.8890075683594,0.29223939776420593,0.29223939776420593,24.95123300002433,25.894112000059977,real_npy,1,1
119,/mnt/c/Users/Chirayu/Documents/GitHub/2D-to-3D-image-reconstruction/facescape_224/fsmview_trainset_8_6_jaw_right_38.jpg,0.1649101823568344,0.14565032720565796,-0.019259855151176453,8.10911389440298,0.8408501148223877,0.48668181896209717,0.48668181896209717,23.78665500009447,21.791178999933436,real_npy,0,1
120,/mnt/c/Users/Chirayu/Documents/GitHub/2D-to-3D-image-reconstruction/facescape_224/fsmview_trainset_13_8_mouth_left_57.jpg,0.6640974283218384,0.7153015732765198,0.051204144954681396,6.4565249979496,0.6463726758956909,0.42964106798171997,0.42964106798171997,22.21806500006096,20.804230999942774,real_npy,0,0
121,/mnt/c/Users/Chirayu/Documents/GitHub/2D-to-3D-image-reconstruction/facescape_224/fsmview_trainset_8_4_anger_35.jpg,0.03366789594292641,0.03913441672921181,0.0054665207862854,7.801083765923977,0.6474735140800476,0.2984746992588043,0.2984746992588043,21.954544999971404,22.805554000001393,real_npy,0,1
122,/mnt/c/Users/Chirayu/Documents/GitHub/2D-to-3D-image-reconstruction/facescape_224/fsmview_trainset_1_19_brow_raiser_31.jpg,0.0389467254281044,51.19504165649414,51.156094931066036,145.2812308371067,56.4757080078125,0.3074721097946167,0.3074721097946167,20.989181000004464,23.994390999973803,real_npy,1,1
123,/mnt/c/Users/Chirayu/Documents/GitHub/2D-to-3D-image-reconstruction/facescape_224/fsmview_trainset_19_2_smile_7.jpg,0.03586472570896149,0.042480167001485825,0.006615441292524338,8.315135587006807,0.7041846513748169,0.19844448566436768,0.19844448566436768,39.384916000017256,20.249825999940185,real_npy,0,1
124,/mnt/c/Users/Chirayu/Documents/GitHub/2D-to-3D-image-reconstruction/facescape_224/fsmview_trainset_19_18_eye_closed_49.jpg,0.4542665183544159,0.3661310374736786,-0.0881354808807373,7.876058692112565,0.6961332559585571,0.3674760162830353,0.3674760162830353,40.15641399996639,23.949773000026653,real_npy,0,1
125,/mnt/c/Users/Chirayu/Documents/GitHub/2D-to-3D-image-reconstruction/facescape_224/fsmview_trainset_14_16_grin_38.jpg,0.05860929563641548,0.04878513887524605,-0.009824156761169434,7.8736296482384205,0.6739782094955444,0.3453919589519501,0.3453919589519501,22.661544000015965,27.88638300000912,real_npy,0,1
126,/mnt/c/Users/Chirayu/Documents/GitHub/2D-to-3D-image-reconstruction/facescape_224/fsmview_trainset_1_16_grin_12.jpg,0.05236341804265976,0.05813731998205185,0.00577390193939209,7.688586730509996,0.733321487903595,0.3341594934463501,0.3341594934463501,21.74459899993053,21.18304500004342,real_npy,0,1
127,/mnt/c/Users/Chirayu/Documents/GitHub/2D-to-3D-image-reconstruction/facescape_224/fsmview_trainset_16_12_lip_puckerer_19.jpg,0.06888866424560547,0.06814420968294144,-0.000744454562664032,8.557831149548292,0.7137784957885742,0.37460312247276306,0.37460312247276306,73.31260600005862,92.21162500000446,real_npy,0,1
128,/mnt/c/Users/Chirayu/Documents/GitHub/2D-to-3D-image-reconstruction/facescape_224/fsmview_trainset_4_12_lip_puckerer_0.jpg,0.1279607117176056,0.1301654428243637,0.0022047311067581177,8.441481310874224,0.747211754322052,0.2667295038700104,0.2667295038700104,21.911661999979515,21.338070999945558,real_npy,0,1
129,/mnt/c/Users/Chirayu/Documents/GitHub/2D-to-3D-image-reconstruction/facescape_224/fsmview_trainset_4_4_anger_12.jpg,0.05772893503308296,0.0682520717382431,0.010523136705160141,7.860501032322645,0.7274722456932068,0.28307652473449707,0.28307652473449707,22.433425000031093,21.872020000046177,real_npy,0,1
130,/mnt/c/Users/Chirayu/Documents/GitHub/2D-to-3D-image-reconstruction/facescape_224/fsmview_trainset_2_20_brow_lower_29.jpg,0.09953312575817108,0.12327814102172852,0.023745015263557434,8.147141195833683,0.6736092567443848,0.32357504963874817,0.32357504963874817,21.01058399989597,19.445796000013615,real_npy,0,1
131,/mnt/c/Users/Chirayu/Documents/GitHub/2D-to-3D-image-reconstruction/facescape_224/fsmview_trainset_3_16_grin_3.jpg,0.04859986901283264,0.04794954136013985,-0.0006503276526927948,7.082673035562038,0.6769719123840332,0.3760710060596466,0.3760710060596466,32.16010500000266,59.149843000000146,real_npy,0,1
132,/mnt/c/Users/Chirayu/Documents/GitHub/2D-to-3D-image-reconstruction/facescape_224/fsmview_trainset_14_4_anger_8.jpg,0.4762761890888214,0.5388481616973877,0.06257197260856628,8.420632533729076,0.7228803038597107,0.5535610318183899,0.5535610318183899,20.11785599995619,19.944961999954103,real_npy,0,1
133,/mnt/c/Users/Chirayu/Documents/GitHub/2D-to-3D-image-reconstruction/facescape_224/fsmview_trainset_11_5_jaw_left_27.jpg,0.032499510794878006,105.87715911865234,105.84465960785747,196.3138226568699,133.97271728515625,0.5232556462287903,0.5232556462287903,21.608457000070302,20.760835000032785,real_npy,1,1
134,/mnt/c/Users/Chirayu/Documents/GitHub/2D-to-3D-image-reconstruction/facescape_224/fsmview_trainset_12_13_lip_funneler_10.jpg,0.48806992173194885,0.4342944622039795,-0.05377545952796936,6.7277091555297375,0.610027551651001,0.5487250089645386,0.5487250089645386,20.80462100002478,47.92601499991633,real_npy,0,1
135,/mnt/c/Users/Chirayu/Documents/GitHub/2D-to-3D-image-reconstruction/facescape_224/fsmview_trainset_3_5_jaw_left_2.jpg,0.08085472136735916,0.10200441628694534,0.02114969491958618,7.695648927241564,0.7160331606864929,0.4267158806324005,0.4267158806324005,24.989760000039496,21.568485999978293,real_npy,0,1
136,/mnt/c/Users/Chirayu/Documents/GitHub/2D-to-3D-image-reconstruction/facescape_224/fsmview_trainset_18_9_mouth_right_32.jpg,0.22820192575454712,994.49609375,994.2678918242455,569.3524115085602,1075.162841796875,0.25222504138946533,0.25222504138946533,22.739486000091347,21.894242000030317,real_npy,1,1
137,/mnt/c/Users/Chirayu/Documents/GitHub/2D-to-3D-image-reconstruction/facescape_224/fsmview_trainset_9_1_neutral_36.jpg,0.1637626439332962,0.1817077249288559,0.017945080995559692,7.533651299774647,0.6569688320159912,0.3627096116542816,0.3627096116542816,21.935585000051105,43.19726599999285,real_npy,0,1
138,/mnt/c/Users/Chirayu/Documents/GitHub/2D-to-3D-image-reconstruction/facescape_224/fsmview_trainset_9_9_mouth_right_57.jpg,0.6390382051467896,0.6564276218414307,0.017389416694641113,6.819442007690668,0.6208370923995972,0.4303637742996216,0.4303637742996216,83.21592300001157,22.064211000042633,real_npy,0,1
139,/mnt/c/Users/Chirayu/Documents/GitHub/2D-to-3D-image-reconstruction/facescape_224/fsmview_trainset_4_3_mouth_stretch_23.jpg,0.037822745740413666,0.0379180833697319,9.53376293182373e-05,8.118379134684801,0.6799297332763672,0.2932663857936859,0.2932663857936859,20.40510799997719,31.09504899998683,real_npy,0,1
140,/mnt/c/Users/Chirayu/Documents/GitHub/2D-to-3D-image-reconstruction/facescape_224/fsmview_trainset_8_8_mouth_left_40.jpg,0.2746903598308563,0.2740320861339569,-0.0006582736968994141,6.566531077027321,0.6579522490501404,0.471128910779953,0.471128910779953,21.176068000045234,22.31085500000063,real_npy,0,1
141,/mnt/c/Users/Chirayu/Documents/GitHub/2D-to-3D-image-reconstruction/facescape_224/fsmview_trainset_18_4_anger_40.jpg,0.14389105141162872,0.1598074585199356,0.015916407108306885,7.047879204154015,0.6451231837272644,0.5798562169075012,0.5798562169075012,54.30719000003137,20.550940000021,real_npy,0,1
142,/mnt/c/Users/Chirayu/Documents/GitHub/2D-to-3D-image-reconstruction/facescape_224/fsmview_trainset_9_2_smile_39.jpg,0.17449651658535004,0.19727252423763275,0.022776007652282715,7.353754676878452,0.6310084462165833,0.4482518434524536,0.4482518434524536,41.00455399998282,22.801923999963947,real_npy,0,1
143,/mnt/c/Users/Chirayu/Documents/GitHub/2D-to-3D-image-reconstruction/facescape_224/fsmview_trainset_5_12_lip_puckerer_39.jpg,0.07553526759147644,0.07878333330154419,0.003248065710067749,8.200230367481709,0.7608641982078552,0.43376246094703674,0.43376246094703674,22.941373000094245,25.03097799990428,real_npy,0,1
144,/mnt/c/Users/Chirayu/Documents/GitHub/2D-to-3D-image-reconstruction/facescape_224/fsmview_trainset_10_8_mouth_left_13.jpg,0.08275629580020905,0.08628587424755096,0.003529578447341919,7.070692308247089,0.6350440382957458,0.45663774013519287,0.45663774013519287,46.06039400005102,20.23515700000189,real_npy,0,1
145,/mnt/c/Users/Chirayu/Documents/GitHub/2D-to-3D-image-reconstruction/facescape_224/fsmview_trainset_8_16_grin_49.jpg,0.3887498378753662,0.35790136456489563,-0.03084847331047058,7.370891824364662,0.670077919960022,0.48483899235725403,0.48483899235725403,20.469142000024476,23.247749999995904,real_npy,0,1
146,/mnt/c/Users/Chirayu/Documents/GitHub/2D-to-3D-image-reconstruction/facescape_224/fsmview_trainset_7_18_eye_closed_36.jpg,0.10098443925380707,0.1114092692732811,0.01042483001947403,7.769561313092709,0.6932778358459473,0.4068131446838379,0.4068131446838379,24.56724099999974,23.56417099997543,real_npy,0,1
147,/mnt/c/Users/Chirayu/Documents/GitHub/2D-to-3D-image-reconstruction/facescape_224/fsmview_trainset_16_16_grin_29.jpg,0.03277573361992836,1.076061487197876,1.0432857535779476,22.322681421414018,2.0694220066070557,0.3376433253288269,0.3376433253288269,25.672557000007146,54.17815200007681,real_npy,0,1
148,/mnt/c/Users/Chirayu/Documents/GitHub/2D-to-3D-image-reconstruction/facescape_224/fsmview_trainset_17_9_mouth_right_31.jpg,0.04289979860186577,0.04523061215877533,0.002330813556909561,8.672388724982738,0.7045442461967468,0.4191829562187195,0.4191829562187195,24.903980000090087,24.303223999936563,real_npy,0,1
149,/mnt/c/Users/Chirayu/Documents/GitHub/2D-to-3D-image-reconstruction/facescape_224/fsmview_trainset_7_20_brow_lower_32.jpg,0.05464360490441322,0.05940353870391846,0.004759933799505234,7.954577319324017,0.6776615977287292,0.3549964427947998,0.3549964427947998,43.5254790000954,23.145913999996992,real_npy,0,1
150,/mnt/c/Users/Chirayu/Documents/GitHub/2D-to-3D-image-reconstruction/facescape_224/fsmview_trainset_11_16_grin_65.jpg,0.058064475655555725,0.19211094081401825,0.13404646515846252,10.309563962742686,0.845870852470398,0.4806336760520935,0.4806336760520935,34.00216299996828,27.001406000067618,real_npy,0,1
151,/mnt/c/Users/Chirayu/Documents/GitHub/2D-to-3D-image-reconstruction/facescape_224/fsmview_trainset_12_18_eye_closed_29.jpg,0.05429713428020477,0.0528971366584301,-0.0013999976217746735,9.183745307847857,0.7595990896224976,0.5501218438148499,0.5501218438148499,34.99992599995494,73.95857199992406,real_npy,0,1
152,/mnt/c/Users/Chirayu/Documents/GitHub/2D-to-3D-image-reconstruction/facescape_224/fsmview_trainset_10_6_jaw_right_7.jpg,0.04721156135201454,0.05386203154921532,0.006650470197200775,7.328670609742403,0.6443370580673218,0.23040005564689636,0.23040005564689636,64.52520300001652,22.240471000031903,real_npy,0,1
153,/mnt/c/Users/Chirayu/Documents/GitHub/2D-to-3D-image-reconstruction/facescape_224/fsmview_trainset_11_14_sadness_31.jpg,0.033714357763528824,0.03915714845061302,0.005442790687084198,8.051454871892929,0.6505553722381592,0.4771769940853119,0.4771769940853119,33.08338099998309,61.58350500004417,real_npy,0,1
154,/mnt/c/Users/Chirayu/Documents/GitHub/2D-to-3D-image-reconstruction/facescape_224/fsmview_trainset_7_13_lip_funneler_14.jpg,0.039836566895246506,0.04009333625435829,0.0002567693591117859,8.058511981740594,0.6923930048942566,0.43016529083251953,0.43016529083251953,29.90181500001654,24.537905000102,real_npy,0,1
155,/mnt/c/Users/Chirayu/Documents/GitHub/2D-to-3D-image-reconstruction/facescape_224/fsmview_trainset_1_14_sadness_32.jpg,0.30296579003334045,406.5603942871094,406.25742849707603,382.83956891298294,473.846923828125,0.23917536437511444,0.23917536437511444,22.28117499998916,22.519711999962055,real_npy,1,1
156,/mnt/c/Users/Chirayu/Documents/GitHub/2D-to-3D-image-reconstruction/facescape_224/fsmview_trainset_15_12_lip_puckerer_43.jpg,0.057555053383111954,0.06103690341114998,0.003481850028038025,8.27018915489316,0.67097407579422,0.5713145732879639,0.5713145732879639,20.91148499994233,25.79178899998169,real_npy,0,1
157,/mnt/c/Users/Chirayu/Documents/GitHub/2D-to-3D-image-reconstruction/facescape_224/fsmview_trainset_14_2_smile_47.jpg,0.0694284439086914,0.1487690508365631,0.0793406069278717,7.919409450143576,0.7213104963302612,0.6600844860076904,0.6600844860076904,71.2798859999566,34.93593100006365,real_npy,0,1
158,/mnt/c/Users/Chirayu/Documents/GitHub/2D-to-3D-image-reconstruction/facescape_224/fsmview_trainset_7_3_mouth_stretch_54.jpg,0.07600443065166473,0.07617450505495071,0.00017007440328598022,7.86596105247736,0.7473049759864807,0.5117875337600708,0.5117875337600708,21.69641600005434,37.799472000074275,real_npy,0,1
159,/mnt/c/Users/Chirayu/Documents/GitHub/2D-to-3D-image-reconstruction/facescape_224/fsmview_trainset_8_10_dimpler_53.jpg,0.049990054219961166,0.0522509329020977,0.0022608786821365356,8.078632019460201,0.7126489281654358,0.2640915513038635,0.2640915513038635,45.242828999903395,21.40123800006677,real_npy,0,1
160,/mnt/c/Users/Chirayu/Documents/GitHub/2D-to-3D-image-reconstruction/facescape_224/fsmview_trainset_15_11_chin_raiser_14.jpg,0.22667385637760162,0.2698138654232025,0.04314000904560089,8.374580726027489,0.6947474479675293,0.5614816546440125,0.5614816546440125,20.313255000019126,19.3300429999681,real_npy,0,1
161,/mnt/c/Users/Chirayu/Documents/GitHub/2D-to-3D-image-reconstruction/facescape_224/fsmview_trainset_5_15_lip_roll_3.jpg,0.37883543968200684,0.3772628605365753,-0.0015725791454315186,7.116428807377815,0.6270992159843445,0.362200528383255,0.362200528383255,24.746907000007923,22.3626960000729,real_npy,0,1
162,/mnt/c/Users/Chirayu/Documents/GitHub/2D-to-3D-image-reconstruction/facescape_224/fsmview_trainset_12_6_jaw_right_24.jpg,0.12164373695850372,0.13276784121990204,0.011124104261398315,8.252575550228357,0.7051963210105896,0.45315665006637573,0.45315665006637573,23.874973000033606,28.072603999930834,real_npy,0,1
163,/mnt/c/Users/Chirayu/Documents/GitHub/2D-to-3D-image-reconstruction/facescape_224/fsmview_trainset_6_14_sadness_44.jpg,0.16959039866924286,0.15029393136501312,-0.019296467304229736,7.349975556135178,0.6897865533828735,0.4048716127872467,0.4048716127872467,28.24511699998311,21.77429299990763,real_npy,0,1
164,/mnt/c/Users/Chirayu/Documents/GitHub/2D-to-3D-image-reconstruction/facescape_224/fsmview_trainset_8_1_neutral_47.jpg,0.03875674307346344,0.03771200031042099,-0.00104474276304245,7.945212330669165,0.6615602374076843,0.3082064688205719,0.3082064688205719,22.774648999984493,29.589077000082398,real_npy,0,1
165,/mnt/c/Users/Chirayu/Documents/GitHub/2D-to-3D-image-reconstruction/facescape_224/fsmview_trainset_13_5_jaw_left_39.jpg,0.2929280698299408,0.3122307062149048,0.01930263638496399,7.894089937210083,0.6881060600280762,0.3057522773742676,0.3057522773742676,30.287655999927665,33.86421100003645,real_npy,0,1
166,/mnt/c/Users/Chirayu/Documents/GitHub/2D-to-3D-image-reconstruction/facescape_224/fsmview_trainset_18_15_lip_roll_32.jpg,0.03449719771742821,220.3864288330078,220.35193163529038,277.47307884693146,276.46881103515625,0.4282306432723999,0.4282306432723999,21.999016999984633,20.62564199991357,real_npy,1,1
167,/mnt/c/Users/Chirayu/Documents/GitHub/2D-to-3D-image-reconstruction/facescape_224/fsmview_trainset_9_11_chin_raiser_20.jpg,0.0816023051738739,0.08578510582447052,0.004182800650596619,9.75279482966289,0.8003562092781067,0.38894668221473694,0.38894668221473694,32.40826900002958,65.20263900006285,real_npy,0,1
168,/mnt/c/Users/Chirayu/Documents/GitHub/2D-to-3D-image-reconstruction/facescape_224/fsmview_trainset_15_7_jaw_forward_41.jpg,0.30346882343292236,0.32083407044410706,0.017365247011184692,8.039330299943686,0.6887327432632446,0.5076743364334106,0.5076743364334106,21.43506200002321,22.450404999972307,real_npy,0,1
169,/mnt/c/Users/Chirayu/Documents/GitHub/2D-to-3D-image-reconstruction/facescape_224/fsmview_trainset_17_1_neutral_56.jpg,0.0699593797326088,0.07883527874946594,0.008875899016857147,8.996810307726264,0.7506989240646362,0.41640201210975647,0.41640201210975647,35.10673999994651,55.90374099995188,real_npy,0,1
170,/mnt/c/Users/Chirayu/Documents/GitHub/2D-to-3D-image-reconstruction/facescape_224/fsmview_trainset_12_16_grin_55.jpg,0.038431450724601746,0.043474625796079636,0.00504317507147789,8.543917397037148,0.7564271688461304,0.3993988335132599,0.3993988335132599,24.557229000038205,24.142939000057595,real_npy,0,1
171,/mnt/c/Users/Chirayu/Documents/GitHub/2D-to-3D-image-reconstruction/facescape_224/fsmview_trainset_18_20_brow_lower_21.jpg,0.041899312287569046,0.09257378429174423,0.050674472004175186,8.22468575462699,0.7069548964500427,0.36455392837524414,0.36455392837524414,22.315675000072588,24.420784999961143,real_npy,0,1
172,/mnt/c/Users/Chirayu/Documents/GitHub/2D-to-3D-image-reconstruction/facescape_224/fsmview_trainset_5_5_jaw_left_40.jpg,0.1594098061323166,0.16482321918010712,0.005413413047790527,7.662786677479744,0.6808766722679138,0.4378482401371002,0.4378482401371002,24.38990999996804,27.324345000010908,real_npy,0,1
173,/mnt/c/Users/Chirayu/Documents/GitHub/2D-to-3D-image-reconstruction/facescape_224/fsmview_trainset_1_19_brow_raiser_52.jpg,0.0365704707801342,0.0363675095140934,-0.000202961266040802,8.211849625688046,0.6901007294654846,0.3034045100212097,0.3034045100212097,30.657664999921508,38.89511299996684,real_npy,0,1
174,/mnt/c/Users/Chirayu/Documents/GitHub/2D-to-3D-image-reconstruction/facescape_224/fsmview_trainset_16_5_jaw_left_3.jpg,0.06426083296537399,0.06752854585647583,0.003267712891101837,7.892755471169949,0.7396677136421204,0.39737433195114136,0.39737433195114136,24.226715000054355,20.758873999966454,real_npy,0,1
175,/mnt/c/Users/Chirayu/Documents/GitHub/2D-to-3D-image-reconstruction/facescape_224/fsmview_trainset_19_5_jaw_left_1.jpg,0.04252396523952484,0.04251344874501228,-1.0516494512557983e-05,8.270837483927608,0.7001596689224243,0.23397429287433624,0.23397429287433624,22.38165299991124,22.75176900002407,real_npy,0,1
176,/mnt/c/Users/Chirayu/Documents/GitHub/2D-to-3D-image-reconstruction/facescape_224/fsmview_trainset_14_7_jaw_forward_22.jpg,0.03372672572731972,0.033660028129816055,-6.669759750366211e-05,6.88419982790947,0.6202982664108276,0.4333280026912689,0.4333280026912689,52.66253599995707,26.81785499999023,real_npy,0,1
177,/mnt/c/Users/Chirayu/Documents/GitHub/2D-to-3D-image-reconstruction/facescape_224/fsmview_trainset_14_8_mouth_left_58.jpg,0.05394318699836731,0.052544888108968735,-0.0013982988893985748,8.209660664200783,0.748931348323822,0.35005784034729004,0.35005784034729004,22.397088999923653,21.581480000008924,real_npy,0,1
178,/mnt/c/Users/Chirayu/Documents/GitHub/2D-to-3D-image-reconstruction/facescape_224/fsmview_trainset_19_13_lip_funneler_4.jpg,0.09503515809774399,0.1074705645442009,0.01243540644645691,8.403129503130913,0.7186675071716309,0.21039991080760956,0.21039991080760956,43.685138000000734,71.06270000008408,real_npy,0,1
179,/mnt/c/Users/Chirayu/Documents/GitHub/2D-to-3D-image-reconstruction/facescape_224/fsmview_trainset_14_2_smile_10.jpg,0.08607690036296844,0.08281833678483963,-0.0032585635781288147,8.078980296850204,0.671959400177002,0.606490433216095,0.606490433216095,22.294628000054217,19.916700999942805,real_npy,0,1
180,/mnt/c/Users/Chirayu/Documents/GitHub/2D-to-3D-image-reconstruction/facescape_224/fsmview_trainset_5_5_jaw_left_16.jpg,0.03447456657886505,0.08448666334152222,0.050012096762657166,7.216046001762152,0.629798412322998,0.31592002511024475,0.31592002511024475,54.88641700003427,23.781616999940525,real_npy,0,1
181,/mnt/c/Users/Chirayu/Documents/GitHub/2D-to-3D-image-reconstruction/facescape_224/fsmview_trainset_13_4_anger_6.jpg,0.14435039460659027,0.12792354822158813,-0.016426846385002136,8.33477795124054,0.6875523328781128,0.46374231576919556,0.46374231576919556,41.310644000077446,22.280557999920347,real_npy,0,1
182,/mnt/c/Users/Chirayu/Documents/GitHub/2D-to-3D-image-reconstruction/facescape_224/fsmview_trainset_11_2_smile_48.jpg,0.8802236914634705,0.7907858490943909,-0.08943784236907959,7.396006770431995,0.6729860305786133,0.5795509219169617,0.5795509219169617,21.8098599999621,21.20173599996633,real_npy,0,1
183,/mnt/c/Users/Chirayu/Documents/GitHub/2D-to-3D-image-reconstruction/facescape_224/fsmview_trainset_9_4_anger_35.jpg,0.055355969816446304,0.05219133943319321,-0.0031646303832530975,8.205784261226654,0.6349643468856812,0.388292521238327,0.388292521238327,26.67918199995256,26.877661999947122,real_npy,0,1
184,/mnt/c/Users/Chirayu/Documents/GitHub/2D-to-3D-image-reconstruction/facescape_224/fsmview_trainset_3_12_lip_puckerer_1.jpg,0.08085821568965912,0.0787413939833641,-0.0021168217062950134,8.555820003151894,0.7142114639282227,0.4295082688331604,0.4295082688331604,41.49797000002309,28.867706000028193,real_npy,0,1
185,/mnt/c/Users/Chirayu/Documents/GitHub/2D-to-3D-image-reconstruction/facescape_224/fsmview_trainset_13_7_jaw_forward_55.jpg,0.0486612431704998,0.055871766060590744,0.007210522890090942,8.604030014947057,0.7448553442955017,0.35551226139068604,0.35551226139068604,24.41532599993934,22.20600900000136,real_npy,0,1
186,/mnt/c/Users/Chirayu/Documents/GitHub/2D-to-3D-image-reconstruction/facescape_224/fsmview_trainset_15_19_brow_raiser_12.jpg,0.08261816203594208,0.16033044457435608,0.077712282538414,9.784552991390228,0.8840124607086182,0.6005553603172302,0.6005553603172302,20.33718300003784,30.430271000000175,real_npy,0,1
187,/mnt/c/Users/Chirayu/Documents/GitHub/2D-to-3D-image-reconstruction/facescape_224/fsmview_trainset_7_8_mouth_left_26.jpg,0.04368831589818001,0.04838293418288231,0.004694618284702301,8.142523020505905,0.6605125069618225,0.35146886110305786,0.35146886110305786,57.3249939999414,23.567396000089502,real_npy,0,1
188,/mnt/c/Users/Chirayu/Documents/GitHub/2D-to-3D-image-reconstruction/facescape_224/fsmview_trainset_6_5_jaw_left_35.jpg,0.03571155294775963,0.06329555064439774,0.027583997696638107,7.431875117123127,0.6380124092102051,0.3788807988166809,0.3788807988166809,23.814469000058125,26.939018999996733,real_npy,0,1
189,/mnt/c/Users/Chirayu/Documents/GitHub/2D-to-3D-image-reconstruction/facescape_224/fsmview_trainset_13_7_jaw_forward_34.jpg,0.8457735776901245,0.8234364986419678,-0.02233707904815674,6.840898834168911,0.6728609204292297,0.355803906917572,0.355803906917572,43.95731799991154,35.271671000032256,real_npy,0,1
190,/mnt/c/Users/Chirayu/Documents/GitHub/2D-to-3D-image-reconstruction/facescape_224/fsmview_trainset_1_18_eye_closed_55.jpg,0.04662517085671425,0.04881971329450607,0.0021945424377918243,8.175358973443508,0.7404914498329163,0.3233789801597595,0.3233789801597595,23.93499699996937,21.43266300004143,real_npy,0,1
191,/mnt/c/Users/Chirayu/Documents/GitHub/2D-to-3D-image-reconstruction/facescape_224/fsmview_trainset_5_4_anger_40.jpg,0.141561821103096,0.14188015460968018,0.0003183335065841675,7.944162394851446,0.7214152216911316,0.4678478538990021,0.4678478538990021,22.57253799996306,23.24550800005909,real_npy,0,1
192,/mnt/c/Users/Chirayu/Documents/GitHub/2D-to-3D-image-reconstruction/facescape_224/fsmview_trainset_4_12_lip_puckerer_52.jpg,0.2128259688615799,0.18996180593967438,-0.022864162921905518,6.576564773917198,0.6489226222038269,0.36544090509414673,0.36544090509414673,21.070915999985118,23.096308000049248,real_npy,0,1
193,/mnt/c/Users/Chirayu/Documents/GitHub/2D-to-3D-image-reconstruction/facescape_224/fsmview_trainset_3_2_smile_9.jpg,0.05126073956489563,21.691328048706055,21.64006730914116,99.78863862156868,24.080081939697266,0.3849935829639435,0.3849935829639435,77.19422000002396,20.887633000029382,real_npy,1,1
194,/mnt/c/Users/Chirayu/Documents/GitHub/2D-to-3D-image-reconstruction/facescape_224/fsmview_trainset_12_13_lip_funneler_49.jpg,0.05795798450708389,0.05589570850133896,-0.002062276005744934,7.983340989798307,0.6969694495201111,0.4671745002269745,0.4671745002269745,20.818487000042296,20.378456999992522,real_npy,0,1
195,/mnt/c/Users/Chirayu/Documents/GitHub/2D-to-3D-image-reconstruction/facescape_224/fsmview_trainset_19_20_brow_lower_36.jpg,0.06213171407580376,0.056542325764894485,-0.005589388310909271,8.787259735167027,0.7035201191902161,0.3613568842411041,0.3613568842411041,38.353580999910264,22.915971999964313,real_npy,0,1
196,/mnt/c/Users/Chirayu/Documents/GitHub/2D-to-3D-image-reconstruction/facescape_224/fsmview_trainset_13_5_jaw_left_43.jpg,0.10612983256578445,0.10294771194458008,-0.0031821206212043762,8.29318867623806,0.7025396823883057,0.40942302346229553,0.40942302346229553,34.791863999998895,23.82124799999019,real_npy,0,1
197,/mnt/c/Users/Chirayu/Documents/GitHub/2D-to-3D-image-reconstruction/facescape_224/fsmview_trainset_12_13_lip_funneler_34.jpg,0.22926630079746246,0.24520565569400787,0.01593935489654541,7.262277267873287,0.6312447786331177,0.4897729754447937,0.4897729754447937,25.74431900006857,41.339128000004166,real_npy,0,1
198,/mnt/c/Users/Chirayu/Documents/GitHub/2D-to-3D-image-reconstruction/facescape_224/fsmview_trainset_7_1_neutral_25.jpg,0.03702200576663017,0.03901974484324455,0.00199773907661438,7.839099381119013,0.6641406416893005,0.36237916350364685,0.36237916350364685,19.94606899995688,43.05790300008994,real_npy,0,1
199,/mnt/c/Users/Chirayu/Documents/GitHub/2D-to-3D-image-reconstruction/facescape_224/fsmview_trainset_2_17_cheek_blowing_35.jpg,0.08974311500787735,0.08629044145345688,-0.003452673554420471,8.525455446913838,0.6850963830947876,0.43438899517059326,0.43438899517059326,20.703739999930804,25.169163999976263,real_npy,0,1
200,/mnt/c/Users/Chirayu/Documents/GitHub/2D-to-3D-image-reconstruction/facescape_224/fsmview_trainset_9_10_dimpler_20.jpg,0.04736002907156944,0.04665099084377289,-0.0007090382277965546,8.896880360785872,0.7222031354904175,0.37213006615638733,0.37213006615638733,20.705666000026213,42.45289400000729,real_npy,0,1
201,/mnt/c/Users/Chirayu/Documents/GitHub/2D-to-3D-image-reconstruction/facescape_224/fsmview_trainset_5_9_mouth_right_55.jpg,0.6224400997161865,0.6772040128707886,0.05476391315460205,8.512865323573351,0.7260503172874451,0.4256982207298279,0.4256982207298279,47.460442999977204,22.31316900008551,real_npy,0,1
202,/mnt/c/Users/Chirayu/Documents/GitHub/2D-to-3D-image-reconstruction/facescape_224/fsmview_trainset_4_1_neutral_42.jpg,0.06992805749177933,0.07219133526086807,0.002263277769088745,7.785487703979015,0.6928807497024536,0.373017281293869,0.373017281293869,40.63566100001026,23.169210000105522,real_npy,0,1
203,/mnt/c/Users/Chirayu/Documents/GitHub/2D-to-3D-image-reconstruction/facescape_224/fsmview_trainset_8_6_jaw_right_27.jpg,0.06816258281469345,0.0676201656460762,-0.0005424171686172485,7.474175453186035,0.6938833594322205,0.34254953265190125,0.34254953265190125,21.340509999959067,20.759913000006236,real_npy,0,1
204,/mnt/c/Users/Chirayu/Documents/GitHub/2D-to-3D-image-reconstruction/facescape_224/fsmview_trainset_9_1_neutral_5.jpg,0.039108406752347946,62.754539489746094,62.715431082993746,157.2357541322708,66.89745330810547,0.3614563047885895,0.3614563047885895,26.192060000084894,18.733964999910313,real_npy,1,1
205,/mnt/c/Users/Chirayu/Documents/GitHub/2D-to-3D-image-reconstruction/facescape_224/fsmview_trainset_11_8_mouth_left_40.jpg,0.09791698306798935,0.12143390625715256,0.023516923189163208,8.652441501617432,0.7508462071418762,0.596910297870636,0.596910297870636,59.118265000051906,24.302099999999882,real_npy,0,1
206,/mnt/c/Users/Chirayu/Documents/GitHub/2D-to-3D-image-reconstruction/facescape_224/fsmview_trainset_12_20_brow_lower_43.jpg,0.0472971647977829,0.04572530463337898,-0.0015718601644039154,8.943620318546891,0.7103445529937744,0.48728713393211365,0.48728713393211365,21.325055999909637,21.56358000002001,real_npy,0,1
207,/mnt/c/Users/Chirayu/Documents/GitHub/2D-to-3D-image-reconstruction/facescape_224/fsmview_trainset_13_8_mouth_left_24.jpg,0.5191740989685059,0.9066648483276367,0.38749074935913086,14.234925685450435,1.2340673208236694,0.5096208453178406,0.5096208453178406,83.1114750000097,21.9875120000097,real_npy,0,1
208,/mnt/c/Users/Chirayu/Documents/GitHub/2D-to-3D-image-reconstruction/facescape_224/fsmview_trainset_6_5_jaw_left_46.jpg,0.12688210606575012,0.1073828712105751,-0.01949923485517502,8.912034317851067,0.7643079161643982,0.4375445246696472,0.4375445246696472,31.04514099993594,22.663215000079617,real_npy,0,1
209,/mnt/c/Users/Chirayu/Documents/GitHub/2D-to-3D-image-reconstruction/facescape_224/fsmview_trainset_9_18_eye_closed_11.jpg,0.2552991509437561,0.34718286991119385,0.09188371896743774,8.576804928481579,0.8011753559112549,0.606285035610199,0.606285035610199,41.44746099996155,22.50053900002058,real_npy,0,1
210,/mnt/c/Users/Chirayu/Documents/GitHub/2D-to-3D-image-reconstruction/facescape_224/fsmview_trainset_20_13_lip_funneler_65.jpg,0.05232047289609909,0.052367329597473145,4.6856701374053955e-05,8.87045625410974,0.7740014791488647,0.4414450228214264,0.4414450228214264,21.490679999942586,21.11144200000581,real_npy,0,1
211,/mnt/c/Users/Chirayu/Documents/GitHub/2D-to-3D-image-reconstruction/facescape_224/fsmview_trainset_7_18_eye_closed_40.jpg,0.15222281217575073,0.1580847203731537,0.005861908197402954,7.0753814950585365,0.64594966173172,0.35108840465545654,0.35108840465545654,32.40467600005559,22.41489499999716,real_npy,0,1
212,/mnt/c/Users/Chirayu/Documents/GitHub/2D-to-3D-image-reconstruction/facescape_224/fsmview_trainset_6_7_jaw_forward_19.jpg,0.04459972307085991,0.047280337661504745,0.0026806145906448364,8.600082866381854,0.7040626406669617,0.3216087520122528,0.3216087520122528,21.843695000029584,22.413189000076272,real_npy,0,1
213,/mnt/c/Users/Chirayu/Documents/GitHub/2D-to-3D-image-reconstruction/facescape_224/fsmview_trainset_9_14_sadness_43.jpg,0.8570045232772827,0.7836461663246155,-0.07335835695266724,7.651748275384307,0.6735444664955139,0.37954676151275635,0.37954676151275635,19.8570860000018,20.813823000025877,real_npy,0,1
214,/mnt/c/Users/Chirayu/Documents/GitHub/2D-to-3D-image-reconstruction/facescape_224/fsmview_trainset_10_5_jaw_left_45.jpg,0.09434280544519424,0.09775999188423157,0.003417186439037323,8.951926372945309,0.7775890231132507,0.3801308274269104,0.3801308274269104,21.895460999985517,20.135339000034946,real_npy,0,1
215,/mnt/c/Users/Chirayu/Documents/GitHub/2D-to-3D-image-reconstruction/facescape_224/fsmview_trainset_5_10_dimpler_12.jpg,0.4080561399459839,69.36116790771484,68.95311176776886,162.88126266002655,73.56206512451172,0.2794714570045471,0.2794714570045471,21.801974000027258,32.3496260000411,real_npy,1,1
216,/mnt/c/Users/Chirayu/Documents/GitHub/2D-to-3D-image-reconstruction/facescape_224/fsmview_trainset_9_2_smile_2.jpg,0.06634298712015152,0.07704220712184906,0.01069922000169754,7.980677429586649,0.7157401442527771,0.3786717653274536,0.3786717653274536,32.85616300001948,20.15689300003487,real_npy,0,1
217,/mnt/c/Users/Chirayu/Documents/GitHub/2D-to-3D-image-reconstruction/facescape_224/fsmview_trainset_14_13_lip_funneler_49.jpg,0.07983850687742233,0.08617579936981201,0.006337292492389679,8.434013843536377,0.725217878818512,0.5448146462440491,0.5448146462440491,22.331112999950165,20.60435199996391,real_npy,0,1
218,/mnt/c/Users/Chirayu/Documents/GitHub/2D-to-3D-image-reconstruction/facescape_224/fsmview_trainset_16_10_dimpler_24.jpg,0.03502781689167023,0.03730835020542145,0.0022805333137512207,8.439020699821413,0.7044451236724854,0.3644515573978424,0.3644515573978424,59.491217999948276,34.06621700003143,real_npy,0,1
219,/mnt/c/Users/Chirayu/Documents/GitHub/2D-to-3D-image-reconstruction/facescape_224/fsmview_trainset_9_19_brow_raiser_32.jpg,0.23299048840999603,0.2139752060174942,-0.01901528239250183,7.235564850270748,0.6421906352043152,0.47047215700149536,0.47047215700149536,20.77509799994459,20.542030999990857,real_npy,0,1
220,/mnt/c/Users/Chirayu/Documents/GitHub/2D-to-3D-image-reconstruction/facescape_224/fsmview_trainset_9_17_cheek_blowing_3.jpg,0.04887276142835617,0.05139465630054474,0.002521894872188568,7.278590649366379,0.5993799567222595,0.3503273129463196,0.3503273129463196,30.918556999949942,71.34074700002202,real_npy,0,1
221,/mnt/c/Users/Chirayu/Documents/GitHub/2D-to-3D-image-reconstruction/facescape_224/fsmview_trainset_5_19_brow_raiser_23.jpg,0.029432201758027077,6.48374605178833,6.454313850030303,57.24321710318327,8.162515640258789,0.3420640826225281,0.3420640826225281,45.91260799998054,34.8224309999523,real_npy,1,1
222,/mnt/c/Users/Chirayu/Documents/GitHub/2D-to-3D-image-reconstruction/facescape_224/fsmview_trainset_1_9_mouth_right_43.jpg,0.033719148486852646,0.032301340252161026,-0.0014178082346916199,7.67851085960865,0.658122718334198,0.2822452783584595,0.2822452783584595,21.03562199999942,20.81598099994153,real_npy,0,1
223,/mnt/c/Users/Chirayu/Documents/GitHub/2D-to-3D-image-reconstruction/facescape_224/fsmview_trainset_15_14_sadness_29.jpg,0.26678624749183655,0.332624614238739,0.06583836674690247,7.68922671303153,0.6450541019439697,0.4045591354370117,0.4045591354370117,20.91586999995343,29.151293000040823,real_npy,0,1
224,/mnt/c/Users/Chirayu/Documents/GitHub/2D-to-3D-image-reconstruction/facescape_224/fsmview_trainset_14_4_anger_45.jpg,0.10884284973144531,0.11605758965015411,0.007214739918708801,8.868157595396042,0.6963478326797485,0.590469241142273,0.590469241142273,114.86052499992638,47.895305999986704,real_npy,0,1
225,/mnt/c/Users/Chirayu/Documents/GitHub/2D-to-3D-image-reconstruction/facescape_224/fsmview_trainset_19_11_chin_raiser_1.jpg,0.03697334975004196,0.03670904412865639,-0.00026430562138557434,8.13276731595397,0.6647493243217468,0.2347998321056366,0.2347998321056366,31.562946000008196,39.7630399999116,real_npy,0,1
226,/mnt/c/Users/Chirayu/Documents/GitHub/2D-to-3D-image-reconstruction/facescape_224/fsmview_trainset_18_5_jaw_left_10.jpg,0.03053012304008007,0.035394880920648575,0.004864757880568504,7.971523627638817,0.6773710250854492,0.3249754011631012,0.3249754011631012,24.171056000000135,22.508524000045327,real_npy,0,1
227,/mnt/c/Users/Chirayu/Documents/GitHub/2D-to-3D-image-reconstruction/facescape_224/fsmview_trainset_6_19_brow_raiser_8.jpg,0.04367474839091301,0.045419108122587204,0.0017443597316741943,8.08267118781805,0.6786895394325256,0.3417123258113861,0.3417123258113861,20.907507000060832,21.297952000054465,real_npy,0,1
228,/mnt/c/Users/Chirayu/Documents/GitHub/2D-to-3D-image-reconstruction/facescape_224/fsmview_trainset_6_4_anger_45.jpg,0.16878999769687653,0.15188677608966827,-0.016903221607208252,7.908606089651585,0.7455177307128906,0.40034064650535583,0.40034064650535583,23.644555000032597,22.80374600002233,real_npy,0,1
229,/mnt/c/Users/Chirayu/Documents/GitHub/2D-to-3D-image-reconstruction/facescape_224/fsmview_trainset_11_8_mouth_left_14.jpg,0.08556759357452393,0.11174511909484863,0.026177525520324707,8.232191380113363,0.6973986029624939,0.5510371327400208,0.5510371327400208,20.528842000089753,20.94610400001784,real_npy,0,1
230,/mnt/c/Users/Chirayu/Documents/GitHub/2D-to-3D-image-reconstruction/facescape_224/fsmview_trainset_1_1_neutral_48.jpg,0.04117420315742493,0.059408679604530334,0.018234476447105408,7.637770686298609,0.6488906145095825,0.3976896107196808,0.3976896107196808,41.533869999966555,22.696867999911774,real_npy,0,1
231,/mnt/c/Users/Chirayu/Documents/GitHub/2D-to-3D-image-reconstruction/facescape_224/fsmview_trainset_19_3_mouth_stretch_15.jpg,0.8687923550605774,0.8752707839012146,0.006478428840637207,6.893134571611881,0.5862252116203308,0.4361310601234436,0.4361310601234436,23.93247700001666,20.015379000028588,real_npy,0,1
232,/mnt/c/Users/Chirayu/Documents/GitHub/2D-to-3D-image-reconstruction/facescape_224/fsmview_trainset_12_2_smile_41.jpg,0.05738062039017677,0.06879978626966476,0.011419165879487991,9.247481911908835,0.7677738070487976,0.4549639821052551,0.4549639821052551,23.81177999995998,19.858623000004627,real_npy,0,1
233,/mnt/c/Users/Chirayu/Documents/GitHub/2D-to-3D-image-reconstruction/facescape_224/fsmview_trainset_3_19_brow_raiser_6.jpg,0.05040833726525307,0.03999362140893936,-0.010414715856313705,8.469861418008804,0.727668285369873,0.32586419582366943,0.32586419582366943,24.481997000066258,23.544927999978427,real_npy,0,1
234,/mnt/c/Users/Chirayu/Documents/GitHub/2D-to-3D-image-reconstruction/facescape_224/fsmview_trainset_15_13_lip_funneler_36.jpg,0.07860024273395538,0.10189598053693771,0.02329573780298233,9.257810675073415,0.7975128889083862,0.5494956374168396,0.5494956374168396,32.22924600004262,56.12514799997825,real_npy,0,1
235,/mnt/c/Users/Chirayu/Documents/GitHub/2D-to-3D-image-reconstruction/facescape_224/fsmview_trainset_3_4_anger_24.jpg,0.04773924872279167,0.047709524631500244,-2.9724091291427612e-05,8.75003522541374,0.7254894375801086,0.44569551944732666,0.44569551944732666,25.352859999998145,21.592735000012908,real_npy,0,1
236,/mnt/c/Users/Chirayu/Documents/GitHub/2D-to-3D-image-reconstruction/facescape_224/fsmview_trainset_12_13_lip_funneler_45.jpg,0.04942081496119499,0.04929010570049286,-0.00013070926070213318,8.737984888255596,0.7329950928688049,0.37994521856307983,0.37994521856307983,33.564963000003445,42.72331300001042,real_npy,0,1
237,/mnt/c/Users/Chirayu/Documents/GitHub/2D-to-3D-image-reconstruction/facescape_224/fsmview_trainset_14_11_chin_raiser_62.jpg,0.38214465975761414,0.37255942821502686,-0.00958523154258728,7.6078128553926945,0.630119264125824,0.5090100765228271,0.5090100765228271,21.78545699996448,21.99217099996531,real_npy,0,1
238,/mnt/c/Users/Chirayu/Documents/GitHub/2D-to-3D-image-reconstruction/facescape_224/fsmview_trainset_13_4_anger_10.jpg,0.043337274342775345,0.044215552508831024,0.0008782781660556793,8.745880513451993,0.7288727760314941,0.4189307391643524,0.4189307391643524,23.333279999974366,22.072008999998616,real_npy,0,1
239,/mnt/c/Users/Chirayu/Documents/GitHub/2D-to-3D-image-reconstruction/facescape_224/fsmview_trainset_15_9_mouth_right_61.jpg,0.2599734663963318,0.2806413173675537,0.020667850971221924,8.08635999634862,0.6695735454559326,0.4677474796772003,0.4677474796772003,21.17655899996862,22.141917999988436,real_npy,0,1
240,/mnt/c/Users/Chirayu/Documents/GitHub/2D-to-3D-image-reconstruction/facescape_224/fsmview_trainset_4_8_mouth_left_25.jpg,0.057186007499694824,0.057870544493198395,0.0006845369935035706,7.885423272848129,0.6914498805999756,0.3869987428188324,0.3869987428188324,21.058940999978404,20.241084999952363,real_npy,0,1
241,/mnt/c/Users/Chirayu/Documents/GitHub/2D-to-3D-image-reconstruction/facescape_224/fsmview_trainset_18_2_smile_18.jpg,0.30350184440612793,0.27901947498321533,-0.024482369422912598,7.040988359600306,0.6503340005874634,0.5312390327453613,0.5312390327453613,20.182537999971828,19.403363000037643,real_npy,0,1
242,/mnt/c/Users/Chirayu/Documents/GitHub/2D-to-3D-image-reconstruction/facescape_224/fsmview_trainset_16_18_eye_closed_45.jpg,0.10422417521476746,0.11436297744512558,0.010138802230358124,8.686529215425253,0.7121016383171082,0.42259714007377625,0.42259714007377625,21.265972999913174,20.486128000015924,real_npy,0,1
243,/mnt/c/Users/Chirayu/Documents/GitHub/2D-to-3D-image-reconstruction/facescape_224/fsmview_trainset_3_1_neutral_40.jpg,0.14927485585212708,0.15646958351135254,0.007194727659225464,7.554668717086315,0.6776021122932434,0.4673062264919281,0.4673062264919281,23.656171999959952,23.143421999975544,real_npy,0,1
244,/mnt/c/Users/Chirayu/Documents/GitHub/2D-to-3D-image-reconstruction/facescape_224/fsmview_trainset_17_6_jaw_right_50.jpg,0.5581722259521484,0.5063313841819763,-0.05184084177017212,8.062067598104477,0.6622965335845947,0.4746691584587097,0.4746691584587097,20.157905000019127,21.12057600004391,real_npy,0,1
245,/mnt/c/Users/Chirayu/Documents/GitHub/2D-to-3D-image-reconstruction/facescape_224/fsmview_trainset_17_7_jaw_forward_44.jpg,0.11434603482484818,0.11227089166641235,-0.0020751431584358215,7.900969345122576,0.641535758972168,0.4460009038448334,0.4460009038448334,20.353419999992184,38.61621299995477,real_npy,0,1
246,/mnt/c/Users/Chirayu/Documents/GitHub/2D-to-3D-image-reconstruction/facescape_224/fsmview_trainset_13_20_brow_lower_14.jpg,0.04633937403559685,1.703770399093628,1.657431025058031,25.627057403326035,2.847705125808716,0.4419771432876587,0.4419771432876587,21.3630700000067,29.304046999982347,real_npy,0,1
247,/mnt/c/Users/Chirayu/Documents/GitHub/2D-to-3D-image-reconstruction/facescape_224/fsmview_trainset_7_11_chin_raiser_53.jpg,0.059186872094869614,0.05679592862725258,-0.002390943467617035,7.8679383918643,0.6803695559501648,0.5026848912239075,0.5026848912239075,25.630088000070828,23.606717999996363,real_npy,0,1
248,/mnt/c/Users/Chirayu/Documents/GitHub/2D-to-3D-image-reconstruction/facescape_224/fsmview_trainset_20_4_anger_1.jpg,0.6962980628013611,0.7222034335136414,0.025905370712280273,5.855795029550791,0.5752919912338257,0.4460088312625885,0.4460088312625885,20.168207000097027,20.404457999916303,real_npy,0,0
249,/mnt/c/Users/Chirayu/Documents/GitHub/2D-to-3D-image-reconstruction/facescape_224/fsmview_trainset_5_4_anger_58.jpg,0.6421509981155396,0.7487307190895081,0.1065797209739685,7.400099750608206,0.6299848556518555,0.49486222863197327,0.49486222863197327,30.215034999969248,48.27355899999475,real_npy,0,1
250,/mnt/c/Users/Chirayu/Documents/GitHub/2D-to-3D-image-reconstruction/facescape_224/fsmview_trainset_5_13_lip_funneler_20.jpg,0.03414558246731758,0.03742540255188942,0.0032798200845718384,7.502383787184954,0.6234078407287598,0.304169237613678,0.304169237613678,21.11027399996601,19.96493800004373,real_npy,0,1
251,/mnt/c/Users/Chirayu/Documents/GitHub/2D-to-3D-image-reconstruction/facescape_224/fsmview_trainset_15_20_brow_lower_36.jpg,0.04569657891988754,0.04262890666723251,-0.0030676722526550293,8.89690138399601,0.7374208569526672,0.561180591583252,0.561180591583252,29.681075999974382,34.00126299993644,real_npy,0,1
252,/mnt/c/Users/Chirayu/Documents/GitHub/2D-to-3D-image-reconstruction/facescape_224/fsmview_trainset_10_5_jaw_left_34.jpg,0.03998034819960594,0.1647181510925293,0.12473780289292336,10.01662545837462,0.8807575106620789,0.3362162411212921,0.3362162411212921,22.063380000076904,20.446534000029715,real_npy,0,1
253,/mnt/c/Users/Chirayu/Documents/GitHub/2D-to-3D-image-reconstruction/facescape_224/fsmview_trainset_9_11_chin_raiser_15.jpg,0.06035191938281059,0.07642974704504013,0.016077827662229538,9.17450132779777,0.76569002866745,0.37552329897880554,0.37552329897880554,20.711151999989852,19.532517000016014,real_npy,0,1
254,/mnt/c/Users/Chirayu/Documents/GitHub/2D-to-3D-image-reconstruction/facescape_224/fsmview_trainset_17_1_neutral_20.jpg,0.07787483930587769,0.08330532163381577,0.00543048232793808,9.368785476312041,0.7658402323722839,0.3577939569950104,0.3577939569950104,21.10821099995519,20.74241200000415,real_npy,0,1
255,/mnt/c/Users/Chirayu/Documents/GitHub/2D-to-3D-image-reconstruction/facescape_224/fsmview_trainset_18_18_eye_closed_11.jpg,0.10095993429422379,0.09125253558158875,-0.00970739871263504,8.07850094884634,0.7175902724266052,0.43073517084121704,0.43073517084121704,43.76783700001852,42.03931200004263,real_npy,0,1
256,/mnt/c/Users/Chirayu/Documents/GitHub/2D-to-3D-image-reconstruction/facescape_224/fsmview_trainset_19_19_brow_raiser_55.jpg,0.2894428074359894,0.30296820402145386,0.013525396585464478,7.54972779750824,0.673973798751831,0.27586010098457336,0.27586010098457336,20.87666199997784,31.77388599999631,real_npy,0,1
257,/mnt/c/Users/Chirayu/Documents/GitHub/2D-to-3D-image-reconstruction/facescape_224/fsmview_trainset_2_10_dimpler_24.jpg,0.062225889414548874,0.06416246294975281,0.0019365735352039337,9.591972138732672,0.7625461220741272,0.48760461807250977,0.48760461807250977,23.533942000085517,20.02644300000611,real_npy,0,1
258,/mnt/c/Users/Chirayu/Documents/GitHub/2D-to-3D-image-reconstruction/facescape_224/fsmview_trainset_20_12_lip_puckerer_6.jpg,0.3032569885253906,0.30837586522102356,0.005118876695632935,6.5759202390909195,0.6913526058197021,0.5800445079803467,0.5800445079803467,23.701314000049933,40.434489999938705,real_npy,0,1
259,/mnt/c/Users/Chirayu/Documents/GitHub/2D-to-3D-image-reconstruction/facescape_224/fsmview_trainset_6_12_lip_puckerer_20.jpg,0.05719767510890961,0.059815913438797,0.00261823832988739,8.966992061585188,0.7602793574333191,0.380533903837204,0.380533903837204,33.5993740000049,55.61857099996814,real_npy,0,1
260,/mnt/c/Users/Chirayu/Documents/GitHub/2D-to-3D-image-reconstruction/facescape_224/fsmview_trainset_14_13_lip_funneler_10.jpg,0.08641643077135086,0.0860646441578865,-0.00035178661346435547,8.055162750184536,0.7218469381332397,0.621976375579834,0.621976375579834,20.63954000004742,20.93676700008018,real_npy,0,1
261,/mnt/c/Users/Chirayu/Documents/GitHub/2D-to-3D-image-reconstruction/facescape_224/fsmview_trainset_7_19_brow_raiser_42.jpg,0.1647663414478302,0.15580008924007416,-0.008966252207756042,6.4182575810700655,0.6032224297523499,0.4810997545719147,0.4810997545719147,20.92112899993026,31.024813999920298,real_npy,0,0
262,/mnt/c/Users/Chirayu/Documents/GitHub/2D-to-3D-image-reconstruction/facescape_224/fsmview_trainset_12_15_lip_roll_40.jpg,0.07881266623735428,0.0996590107679367,0.020846344530582428,8.413477286696434,0.6839813590049744,0.3822232186794281,0.3822232186794281,21.834472999898935,22.315807000040877,real_npy,0,1
263,/mnt/c/Users/Chirayu/Documents/GitHub/2D-to-3D-image-reconstruction/facescape_224/fsmview_trainset_3_19_brow_raiser_2.jpg,0.07344972342252731,0.09076111763715744,0.017311394214630127,8.39346830919385,0.7292885780334473,0.4292225241661072,0.4292225241661072,20.851701999959005,20.896312999980182,real_npy,0,1
264,/mnt/c/Users/Chirayu/Documents/GitHub/2D-to-3D-image-reconstruction/facescape_224/fsmview_trainset_20_15_lip_roll_47.jpg,0.09972724318504333,0.13963164389133453,0.0399044007062912,7.7047718949615955,0.7046939134597778,0.6189622282981873,0.6189622282981873,23.90088000004198,22.523751999983688,real_npy,0,1
265,/mnt/c/Users/Chirayu/Documents/GitHub/2D-to-3D-image-reconstruction/facescape_224/fsmview_trainset_20_15_lip_roll_12.jpg,0.06354369968175888,0.1932021677494049,0.12965846806764603,7.07261124253273,0.6428308486938477,0.5712980031967163,0.5712980031967163,21.359207999921637,23.412387000007584,real_npy,0,1
266,/mnt/c/Users/Chirayu/Documents/GitHub/2D-to-3D-image-reconstruction/facescape_224/fsmview_trainset_3_2_smile_8.jpg,0.0452776700258255,0.8306911587715149,0.7854134887456894,20.838307781144977,1.927492380142212,0.366894006729126,0.366894006729126,20.59011599999394,24.098249000076066,real_npy,0,1
267,/mnt/c/Users/Chirayu/Documents/GitHub/2D-to-3D-image-reconstruction/facescape_224/fsmview_trainset_14_2_smile_22.jpg,0.04025529697537422,0.0406104177236557,0.0003551207482814789,7.432440124452114,0.6273627877235413,0.39650607109069824,0.39650607109069824,23.38489099997787,23.261539000031917,real_npy,0,1
268,/mnt/c/Users/Chirayu/Documents/GitHub/2D-to-3D-image-reconstruction/facescape_224/fsmview_trainset_10_9_mouth_right_26.jpg,0.13652852177619934,0.3742918372154236,0.23776331543922424,10.655824547633529,1.0080463886260986,0.5905819535255432,0.5905819535255432,23.315030999924602,22.27010599995083,real_npy,0,1
269,/mnt/c/Users/Chirayu/Documents/GitHub/2D-to-3D-image-reconstruction/facescape_224/fsmview_trainset_7_15_lip_roll_28.jpg,0.06417989730834961,2.58046555519104,2.5162856578826904,34.128422845155,3.7962496280670166,0.3186362087726593,0.3186362087726593,22.484812000016063,28.97128500001145,real_npy,1,1
270,/mnt/c/Users/Chirayu/Documents/GitHub/2D-to-3D-image-reconstruction/facescape_224/fsmview_trainset_20_20_brow_lower_50.jpg,0.508143961429596,0.41046372056007385,-0.0976802408695221,6.723837401717901,0.6051751375198364,0.5657190680503845,0.5657190680503845,23.050269999998818,20.164785999895685,template_fallback,0,1
271,/mnt/c/Users/Chirayu/Documents/GitHub/2D-to-3D-image-reconstruction/facescape_224/fsmview_trainset_20_10_dimpler_13.jpg,0.05827982723712921,0.057059381157159805,-0.0012204460799694061,8.478078566491604,0.7262374758720398,0.391445130109787,0.391445130109787,21.374140999910196,43.97269400010373,real_npy,0,1
272,/mnt/c/Users/Chirayu/Documents/GitHub/2D-to-3D-image-reconstruction/facescape_224/fsmview_trainset_20_12_lip_puckerer_36.jpg,0.05108845606446266,0.046929359436035156,-0.0041590966284275055,8.408150162547827,0.71513831615448,0.523152768611908,0.523152768611908,20.325309999975616,28.15170299993497,real_npy,0,1
273,/mnt/c/Users/Chirayu/Documents/GitHub/2D-to-3D-image-reconstruction/facescape_224/fsmview_trainset_17_11_chin_raiser_56.jpg,0.08501618355512619,0.09248185157775879,0.007465668022632599,8.512568697333336,0.7108979225158691,0.3583064079284668,0.3583064079284668,20.863095999970938,19.979494999915914,real_npy,0,1
274,/mnt/c/Users/Chirayu/Documents/GitHub/2D-to-3D-image-reconstruction/facescape_224/fsmview_trainset_11_9_mouth_right_34.jpg,0.047243449836969376,0.047038886696100235,-0.00020456314086914062,8.649213831871748,0.7132422924041748,0.5942273736000061,0.5942273736000061,74.78843499995946,46.347898000021814,real_npy,0,1
275,/mnt/c/Users/Chirayu/Documents/GitHub/2D-to-3D-image-reconstruction/facescape_224/fsmview_trainset_9_10_dimpler_12.jpg,0.039768561720848083,0.040896885097026825,0.0011283233761787415,8.203127317130566,0.682820200920105,0.2303553968667984,0.2303553968667984,20.564595000109875,20.79554299996289,real_npy,0,1
276,/mnt/c/Users/Chirayu/Documents/GitHub/2D-to-3D-image-reconstruction/facescape_224/fsmview_trainset_11_10_dimpler_51.jpg,0.5274838805198669,0.5246826410293579,-0.002801239490509033,6.604666233062744,0.6739526987075806,0.619712233543396,0.619712233543396,20.002782000005936,45.203182000022935,real_npy,0,1
277,/mnt/c/Users/Chirayu/Documents/GitHub/2D-to-3D-image-reconstruction/facescape_224/fsmview_trainset_9_3_mouth_stretch_32.jpg,0.041460294276475906,0.046761274337768555,0.005300980061292648,7.567765198647976,0.7108252048492432,0.3116810619831085,0.3116810619831085,23.201021999966542,23.7180400000625,real_npy,0,1
278,/mnt/c/Users/Chirayu/Documents/GitHub/2D-to-3D-image-reconstruction/facescape_224/fsmview_trainset_14_15_lip_roll_9.jpg,0.1711878478527069,0.15324077010154724,-0.017947077751159668,7.234375052154064,0.7264959812164307,0.5624945163726807,0.5624945163726807,28.37966200002029,57.71827400008078,real_npy,0,1
279,/mnt/c/Users/Chirayu/Documents/GitHub/2D-to-3D-image-reconstruction/facescape_224/fsmview_trainset_8_5_jaw_left_2.jpg,0.06356953829526901,0.0579662062227726,-0.005603332072496414,7.9595775082707405,0.7270513772964478,0.27148377895355225,0.27148377895355225,23.978799000019535,19.36831800003347,real_npy,0,1
280,/mnt/c/Users/Chirayu/Documents/GitHub/2D-to-3D-image-reconstruction/facescape_224/fsmview_trainset_9_7_jaw_forward_42.jpg,0.13782252371311188,0.18133533000946045,0.04351280629634857,6.518502365797758,0.6015648245811462,0.4419816732406616,0.4419816732406616,23.494279000033202,48.686402999919665,real_npy,0,1
281,/mnt/c/Users/Chirayu/Documents/GitHub/2D-to-3D-image-reconstruction/facescape_224/fsmview_trainset_5_20_brow_lower_7.jpg,0.04620152339339256,0.043648507446050644,-0.002553015947341919,8.193392857909203,0.7269030809402466,0.27351367473602295,0.27351367473602295,20.263466999949742,21.46227799994449,real_npy,0,1
282,/mnt/c/Users/Chirayu/Documents/GitHub/2D-to-3D-image-reconstruction/facescape_224/fsmview_trainset_20_10_dimpler_50.jpg,0.43154409527778625,0.29574277997016907,-0.1358013153076172,6.670603513717651,0.6350061297416687,0.5685679912567139,0.5685679912567139,20.83311199999116,21.30766200002654,real_npy,0,1
283,/mnt/c/Users/Chirayu/Documents/GitHub/2D-to-3D-image-reconstruction/facescape_224/fsmview_trainset_2_15_lip_roll_34.jpg,0.04265354573726654,0.04779237136244774,0.005138825625181198,8.363601164892316,0.7088154554367065,0.4772498607635498,0.4772498607635498,22.34066999994866,22.165028000017628,real_npy,0,1
284,/mnt/c/Users/Chirayu/Documents/GitHub/2D-to-3D-image-reconstruction/facescape_224/fsmview_trainset_12_14_sadness_28.jpg,0.975232720375061,0.9453306794166565,-0.02990204095840454,8.69105452671647,0.693370521068573,0.5293877720832825,0.5293877720832825,20.952738999994835,21.007214000064778,real_npy,0,1
285,/mnt/c/Users/Chirayu/Documents/GitHub/2D-to-3D-image-reconstruction/facescape_224/fsmview_trainset_11_3_mouth_stretch_62.jpg,0.8332526087760925,0.8456249237060547,0.012372314929962158,7.83693677559495,0.6647905707359314,0.5158084630966187,0.5158084630966187,21.35714000007738,20.692294000014044,real_npy,0,1
286,/mnt/c/Users/Chirayu/Documents/GitHub/2D-to-3D-image-reconstruction/facescape_224/fsmview_trainset_18_15_lip_roll_35.jpg,0.046149641275405884,0.04754216596484184,0.0013925246894359589,9.261371975764632,0.7834224104881287,0.480735719203949,0.480735719203949,20.12675199989644,27.54034400004457,real_npy,0,1
287,/mnt/c/Users/Chirayu/Documents/GitHub/2D-to-3D-image-reconstruction/facescape_224/fsmview_trainset_3_13_lip_funneler_32.jpg,0.04586765915155411,0.048808448016643524,0.0029407888650894165,7.6974712163209915,0.6924089789390564,0.3597484827041626,0.3597484827041626,22.23224499994103,23.535308999953486,real_npy,0,1
288,/mnt/c/Users/Chirayu/Documents/GitHub/2D-to-3D-image-reconstruction/facescape_224/fsmview_trainset_1_4_anger_11.jpg,0.09033792465925217,0.07839502394199371,-0.011942900717258453,7.969106569886208,0.7304908037185669,0.38508448004722595,0.38508448004722595,83.56036299994685,19.053201000019726,real_npy,0,1
289,/mnt/c/Users/Chirayu/Documents/GitHub/2D-to-3D-image-reconstruction/facescape_224/fsmview_trainset_11_15_lip_roll_12.jpg,0.06308325380086899,0.06498116999864578,0.0018979161977767944,7.942443273961544,0.6447177529335022,0.48082077503204346,0.48082077503204346,20.038876999933564,72.1114469999975,real_npy,0,1
290,/mnt/c/Users/Chirayu/Documents/GitHub/2D-to-3D-image-reconstruction/facescape_224/fsmview_trainset_3_20_brow_lower_19.jpg,0.03450480476021767,0.033828429877758026,-0.0006763748824596405,8.02495201304555,0.6802657842636108,0.32400766015052795,0.32400766015052795,25.583736000044155,22.287112999947567,real_npy,0,1
291,/mnt/c/Users/Chirayu/Documents/GitHub/2D-to-3D-image-reconstruction/facescape_224/fsmview_trainset_1_3_mouth_stretch_32.jpg,0.19648230075836182,39.06527328491211,38.86879098415375,129.37444379925728,43.80918502807617,0.2312060445547104,0.2312060445547104,27.27788499998951,29.68685500002266,real_npy,1,1
292,/mnt/c/Users/Chirayu/Documents/GitHub/2D-to-3D-image-reconstruction/facescape_224/fsmview_trainset_3_19_brow_raiser_18.jpg,0.04425644129514694,0.04385952278971672,-0.00039691850543022156,8.378138922154903,0.6998776793479919,0.399167537689209,0.399167537689209,22.68785299997944,22.18046799998774,real_npy,0,1
293,/mnt/c/Users/Chirayu/Documents/GitHub/2D-to-3D-image-reconstruction/facescape_224/fsmview_trainset_14_9_mouth_right_64.jpg,0.03612332418560982,0.03498496860265732,-0.0011383555829524994,7.731259852647781,0.6852497458457947,0.36109164357185364,0.36109164357185364,21.11883999998554,27.53559600000699,real_npy,0,1
294,/mnt/c/Users/Chirayu/Documents/GitHub/2D-to-3D-image-reconstruction/facescape_224/fsmview_trainset_2_7_jaw_forward_55.jpg,0.2782590687274933,0.27719709277153015,-0.0010619759559631348,7.329962968826294,0.6327453255653381,0.42019185423851013,0.42019185423851013,46.78626999998414,33.92208900004334,real_npy,0,1
295,/mnt/c/Users/Chirayu/Documents/GitHub/2D-to-3D-image-reconstruction/facescape_224/fsmview_trainset_9_19_brow_raiser_2.jpg,0.07196701318025589,0.08992356806993484,0.017956554889678955,8.337005496025085,0.7180443406105042,0.3874259889125824,0.3874259889125824,57.71486100002221,20.927050999944186,real_npy,0,1
296,/mnt/c/Users/Chirayu/Documents/GitHub/2D-to-3D-image-reconstruction/facescape_224/fsmview_trainset_19_15_lip_roll_12.jpg,0.2669631242752075,0.2876911163330078,0.020727992057800293,7.51618929952383,0.6724050641059875,0.303756445646286,0.303756445646286,20.881733999999597,74.01252800002567,real_npy,0,1
297,/mnt/c/Users/Chirayu/Documents/GitHub/2D-to-3D-image-reconstruction/facescape_224/fsmview_trainset_18_8_mouth_left_29.jpg,0.05748215690255165,0.05822976306080818,0.0007476061582565308,8.82866581901908,0.6909524202346802,0.45608681440353394,0.45608681440353394,22.63858900005289,27.99087400001099,real_npy,0,1
298,/mnt/c/Users/Chirayu/Documents/GitHub/2D-to-3D-image-reconstruction/facescape_224/fsmview_trainset_19_8_mouth_left_21.jpg,0.047199368476867676,0.04306779056787491,-0.004131577908992767,8.836282664909959,0.7022683024406433,0.31539008021354675,0.31539008021354675,60.58395499997005,21.102235999933328,real_npy,0,1
299,/mnt/c/Users/Chirayu/Documents/GitHub/2D-to-3D-image-reconstruction/facescape_224/fsmview_trainset_12_17_cheek_blowing_45.jpg,0.05116882547736168,0.05968153476715088,0.0085127092897892,9.029519820585847,0.7631421685218811,0.49000340700149536,0.49000340700149536,20.50452100002076,20.73186099994473,real_npy,0,1
300,/mnt/c/Users/Chirayu/Documents/GitHub/2D-to-3D-image-reconstruction/facescape_224/fsmview_trainset_8_18_eye_closed_16.jpg,0.0888405293226242,0.09041190147399902,0.001571372151374817,8.05299936980009,0.7267706394195557,0.40274956822395325,0.40274956822395325,23.01061599996501,20.891975000040475,real_npy,0,1
301,/mnt/c/Users/Chirayu/Documents/GitHub/2D-to-3D-image-reconstruction/facescape_224/fsmview_trainset_19_4_anger_16.jpg,0.05267670750617981,0.0493796244263649,-0.003297083079814911,9.174729714170098,0.763546884059906,0.28716781735420227,0.28716781735420227,24.356732000001102,22.147176999965268,real_npy,0,1
302,/mnt/c/Users/Chirayu/Documents/GitHub/2D-to-3D-image-reconstruction/facescape_224/fsmview_trainset_18_7_jaw_forward_19.jpg,0.06256026029586792,0.06070905551314354,-0.0018512047827243805,9.329543711617589,0.7577971816062927,0.41850385069847107,0.41850385069847107,20.733400000040092,20.786981000014748,real_npy,0,1
303,/mnt/c/Users/Chirayu/Documents/GitHub/2D-to-3D-image-reconstruction/facescape_224/fsmview_trainset_6_2_smile_0.jpg,0.38045135140419006,0.3627112805843353,-0.017740070819854736,6.397981278598309,0.6266051530838013,0.4231325089931488,0.4231325089931488,21.05712999991738,21.933898000042973,real_npy,0,0
304,/mnt/c/Users/Chirayu/Documents/GitHub/2D-to-3D-image-reconstruction/facescape_224/fsmview_trainset_15_18_eye_closed_18.jpg,0.04821792617440224,0.05741484835743904,0.009196922183036804,8.304955404251814,0.7130051255226135,0.5484738945960999,0.5484738945960999,26.076427000020885,22.045288999947843,real_npy,0,1
305,/mnt/c/Users/Chirayu/Documents/GitHub/2D-to-3D-image-reconstruction/facescape_224/fsmview_trainset_3_10_dimpler_46.jpg,0.13172878324985504,0.14013978838920593,0.008411005139350891,8.322049111127853,0.7073512673377991,0.5110867023468018,0.5110867023468018,42.54546200002096,24.190418999978647,real_npy,0,1
306,/mnt/c/Users/Chirayu/Documents/GitHub/2D-to-3D-image-reconstruction/facescape_224/fsmview_trainset_12_16_grin_6.jpg,0.08216719329357147,0.08037212491035461,-0.001795068383216858,8.555160764604807,0.7469256520271301,0.595248281955719,0.595248281955719,25.83983600004558,19.479180999951495,real_npy,0,1
307,/mnt/c/Users/Chirayu/Documents/GitHub/2D-to-3D-image-reconstruction/facescape_224/fsmview_trainset_2_6_jaw_right_56.jpg,0.08592454344034195,0.08697379380464554,0.0010492503643035889,8.437070719897747,0.7485305666923523,0.4139948785305023,0.4139948785305023,69.54541499999323,20.201374999942345,real_npy,0,1
308,/mnt/c/Users/Chirayu/Documents/GitHub/2D-to-3D-image-reconstruction/facescape_224/fsmview_trainset_12_19_brow_raiser_27.jpg,0.0610024519264698,0.06522516906261444,0.004222717136144638,9.169151416048408,0.7526445388793945,0.4970698952674866,0.4970698952674866,44.9784700000464,21.272210000006453,real_npy,0,1
309,/mnt/c/Users/Chirayu/Documents/GitHub/2D-to-3D-image-reconstruction/facescape_224/fsmview_trainset_18_10_dimpler_47.jpg,0.04618789255619049,0.04471420496702194,-0.0014736875891685486,8.394166458398104,0.6739826202392578,0.41209492087364197,0.41209492087364197,21.44418799991854,29.582422999965274,real_npy,0,1
310,/mnt/c/Users/Chirayu/Documents/GitHub/2D-to-3D-image-reconstruction/facescape_224/fsmview_trainset_5_5_jaw_left_56.jpg,0.10200539976358414,0.09690076857805252,-0.005104631185531616,8.297627411782742,0.7269949316978455,0.43866100907325745,0.43866100907325745,20.27393999992455,40.66951400000107,real_npy,0,1
311,/mnt/c/Users/Chirayu/Documents/GitHub/2D-to-3D-image-reconstruction/facescape_224/fsmview_trainset_20_13_lip_funneler_13.jpg,0.09557642787694931,0.10411521047353745,0.008538782596588135,8.446402184665203,0.7343000769615173,0.45947176218032837,0.45947176218032837,22.790598000028695,19.76166800000101,real_npy,0,1
312,/mnt/c/Users/Chirayu/Documents/GitHub/2D-to-3D-image-reconstruction/facescape_224/fsmview_trainset_5_12_lip_puckerer_23.jpg,0.03418237715959549,30.568416595458984,30.53423421829939,116.65845090150833,34.6823844909668,0.3363340198993683,0.3363340198993683,27.137315999993916,61.46633200000906,real_npy,1,1
313,/mnt/c/Users/Chirayu/Documents/GitHub/2D-to-3D-image-reconstruction/facescape_224/fsmview_trainset_5_11_chin_raiser_31.jpg,0.04857723042368889,0.0431303009390831,-0.005446929484605789,8.166870631277561,0.6742752194404602,0.4385364353656769,0.4385364353656769,43.96509599996534,38.48791699999765,real_npy,0,1
314,/mnt/c/Users/Chirayu/Documents/GitHub/2D-to-3D-image-reconstruction/facescape_224/fsmview_trainset_15_20_brow_lower_65.jpg,0.059503618627786636,0.06019299849867821,0.000689379870891571,8.49350979924202,0.7840573191642761,0.4783177077770233,0.4783177077770233,23.162824999985787,22.98738100000719,real_npy,0,1
315,/mnt/c/Users/Chirayu/Documents/GitHub/2D-to-3D-image-reconstruction/facescape_224/fsmview_trainset_1_15_lip_roll_25.jpg,0.07299754023551941,0.07764667272567749,0.004649132490158081,8.277754455804825,0.761908769607544,0.4877466559410095,0.4877466559410095,22.998997999934545,21.62267099993187,real_npy,0,1
316,/mnt/c/Users/Chirayu/Documents/GitHub/2D-to-3D-image-reconstruction/facescape_224/fsmview_trainset_20_3_mouth_stretch_60.jpg,0.05461813509464264,0.05519241467118263,0.0005742795765399933,8.32175201177597,0.7664057612419128,0.4581228196620941,0.4581228196620941,22.012906999975712,21.4844010000661,real_npy,0,1
317,/mnt/c/Users/Chirayu/Documents/GitHub/2D-to-3D-image-reconstruction/facescape_224/fsmview_trainset_3_16_grin_34.jpg,0.04374631866812706,0.04620678350329399,0.002460464835166931,7.838243190199137,0.6645165085792542,0.4230189323425293,0.4230189323425293,20.463486000039666,19.419820000052823,real_npy,0,1
318,/mnt/c/Users/Chirayu/Documents/GitHub/2D-to-3D-image-reconstruction/facescape_224/fsmview_trainset_2_11_chin_raiser_38.jpg,0.0830032080411911,0.09385860711336136,0.010855399072170258,8.291969653218985,0.6749537587165833,0.3115585148334503,0.3115585148334503,21.26150999993115,20.457985000007284,real_npy,0,1
319,/mnt/c/Users/Chirayu/Documents/GitHub/2D-to-3D-image-reconstruction/facescape_224/fsmview_trainset_3_14_sadness_47.jpg,0.06320077925920486,0.0865493193268776,0.02334854006767273,8.97253573127091,0.7517221570014954,0.47971898317337036,0.47971898317337036,23.74966900003983,21.460086999923078,real_npy,0,1
320,/mnt/c/Users/Chirayu/Documents/GitHub/2D-to-3D-image-reconstruction/facescape_224/fsmview_trainset_20_13_lip_funneler_35.jpg,0.05575115606188774,0.055790141224861145,3.898516297340393e-05,8.414878278039396,0.7098715305328369,0.5090314149856567,0.5090314149856567,28.964811999912854,21.60587400010172,real_npy,0,1
321,/mnt/c/Users/Chirayu/Documents/GitHub/2D-to-3D-image-reconstruction/facescape_224/fsmview_trainset_13_5_jaw_left_15.jpg,0.15895351767539978,0.6367101073265076,0.4777565896511078,17.002671785652637,1.5073870420455933,0.5243456363677979,0.5243456363677979,23.125886000002538,20.97936600000594,real_npy,0,1
322,/mnt/c/Users/Chirayu/Documents/GitHub/2D-to-3D-image-reconstruction/facescape_224/fsmview_trainset_18_14_sadness_43.jpg,0.03339739516377449,0.03127189353108406,-0.0021255016326904297,7.791294053196907,0.6502847671508789,0.32818713784217834,0.32818713784217834,66.44196899992494,37.36855800002559,real_npy,0,1
323,/mnt/c/Users/Chirayu/Documents/GitHub/2D-to-3D-image-reconstruction/facescape_224/fsmview_trainset_1_10_dimpler_45.jpg,0.03866172581911087,36.40408706665039,36.36542534083128,121.9362249225378,40.85077667236328,0.3543740510940552,0.3543740510940552,20.82571200003258,18.102566999914416,real_npy,1,1
324,/mnt/c/Users/Chirayu/Documents/GitHub/2D-to-3D-image-reconstruction/facescape_224/fsmview_trainset_11_18_eye_closed_23.jpg,0.04799799993634224,0.0459192655980587,-0.002078734338283539,8.205954022705555,0.6429202556610107,0.5327277183532715,0.5327277183532715,21.453412000028038,19.625278000034996,real_npy,0,1
325,/mnt/c/Users/Chirayu/Documents/GitHub/2D-to-3D-image-reconstruction/facescape_224/fsmview_trainset_1_6_jaw_right_50.jpg,0.041462767869234085,18.690792083740234,18.649329315871,90.08900627493858,21.676868438720703,0.39048445224761963,0.39048445224761963,22.54753099998652,19.5444740000994,real_npy,1,1
326,/mnt/c/Users/Chirayu/Documents/GitHub/2D-to-3D-image-reconstruction/facescape_224/fsmview_trainset_18_2_smile_35.jpg,0.04363858699798584,24.014543533325195,23.97090494632721,104.9293576925993,26.087797164916992,0.41648104786872864,0.41648104786872864,69.37676799998371,30.934682999941288,real_npy,1,1
327,/mnt/c/Users/Chirayu/Documents/GitHub/2D-to-3D-image-reconstruction/facescape_224/fsmview_trainset_15_4_anger_37.jpg,0.0830080658197403,0.10478618741035461,0.02177812159061432,9.168252270668745,0.790369987487793,0.5669615864753723,0.5669615864753723,40.67850199999157,27.638244000058876,real_npy,0,1
328,/mnt/c/Users/Chirayu/Documents/GitHub/2D-to-3D-image-reconstruction/facescape_224/fsmview_trainset_11_11_chin_raiser_56.jpg,0.06659359484910965,0.06363999098539352,-0.0029536038637161255,9.133333344012499,0.7932742834091187,0.4657000005245209,0.4657000005245209,38.87523899993539,20.196435000002566,real_npy,0,1
329,/mnt/c/Users/Chirayu/Documents/GitHub/2D-to-3D-image-reconstruction/facescape_224/fsmview_trainset_17_2_smile_37.jpg,0.05415606498718262,0.06024298816919327,0.006086923182010651,7.749770272523165,0.6447756886482239,0.3879675567150116,0.3879675567150116,21.020952000071702,24.71013700005642,real_npy,0,1
330,/mnt/c/Users/Chirayu/Documents/GitHub/2D-to-3D-image-reconstruction/facescape_224/fsmview_trainset_4_17_cheek_blowing_33.jpg,0.03119237720966339,304.75238037109375,304.7211879938841,333.4879603981972,354.17376708984375,0.2820451557636261,0.2820451557636261,21.11518399999568,80.24858300007054,real_npy,1,1
331,/mnt/c/Users/Chirayu/Documents/GitHub/2D-to-3D-image-reconstruction/facescape_224/fsmview_trainset_6_1_neutral_33.jpg,0.0429714061319828,8.055188179016113,8.01221677288413,59.70740485936403,9.538984298706055,0.38378608226776123,0.38378608226776123,21.570780000047307,32.02430099997855,real_npy,1,1
332,/mnt/c/Users/Chirayu/Documents/GitHub/2D-to-3D-image-reconstruction/facescape_224/fsmview_trainset_2_10_dimpler_30.jpg,0.05006399750709534,0.04812087118625641,-0.0019431263208389282,8.9676643460989,0.7364708185195923,0.3763578534126282,0.3763578534126282,22.7240909999864,62.12975500000084,real_npy,0,1
333,/mnt/c/Users/Chirayu/Documents/GitHub/2D-to-3D-image-reconstruction/facescape_224/fsmview_trainset_5_3_mouth_stretch_3.jpg,0.24658183753490448,0.253827840089798,0.007246002554893494,7.6557633727788925,0.6259105205535889,0.36733728647232056,0.36733728647232056,33.502680000083274,30.446372000028532,real_npy,0,1
334,/mnt/c/Users/Chirayu/Documents/GitHub/2D-to-3D-image-reconstruction/facescape_224/fsmview_trainset_19_17_cheek_blowing_22.jpg,0.06223146989941597,0.0675860121846199,0.005354542285203934,9.304985692258924,0.7657578587532043,0.36304378509521484,0.36304378509521484,22.480696000002354,24.155044999929487,real_npy,0,1
335,/mnt/c/Users/Chirayu/Documents/GitHub/2D-to-3D-image-reconstruction/facescape_224/fsmview_trainset_19_1_neutral_42.jpg,0.08850253373384476,0.10236836969852448,0.013865835964679718,8.313465271145105,0.7295138835906982,0.40786996483802795,0.40786996483802795,40.049941000006584,50.64638700002888,real_npy,0,1
336,/mnt/c/Users/Chirayu/Documents/GitHub/2D-to-3D-image-reconstruction/facescape_224/fsmview_trainset_11_14_sadness_6.jpg,0.6951806545257568,0.6728337407112122,-0.022346913814544678,7.685166584327817,0.6867067813873291,0.6077684164047241,0.6077684164047241,57.120066000038605,19.847845000072084,real_npy,0,1
337,/mnt/c/Users/Chirayu/Documents/GitHub/2D-to-3D-image-reconstruction/facescape_224/fsmview_trainset_15_9_mouth_right_33.jpg,0.06234615668654442,0.08247335255146027,0.020127195864915848,7.883471755310893,0.7277481555938721,0.5549266338348389,0.5549266338348389,20.99709599997368,31.919473000016296,real_npy,0,1
338,/mnt/c/Users/Chirayu/Documents/GitHub/2D-to-3D-image-reconstruction/facescape_224/fsmview_trainset_11_15_lip_roll_64.jpg,0.42369237542152405,0.46828222274780273,0.044589847326278687,8.099045637995005,0.6747643351554871,0.5116760730743408,0.5116760730743408,21.221365999963382,20.001589999992575,real_npy,0,1
339,/mnt/c/Users/Chirayu/Documents/GitHub/2D-to-3D-image-reconstruction/facescape_224/fsmview_trainset_16_10_dimpler_43.jpg,0.03370773419737816,0.03445963189005852,0.0007518976926803589,7.607923083007336,0.636506199836731,0.30304354429244995,0.30304354429244995,29.37084899997444,21.847202000003563,real_npy,0,1
340,/mnt/c/Users/Chirayu/Documents/GitHub/2D-to-3D-image-reconstruction/facescape_224/fsmview_trainset_18_6_jaw_right_8.jpg,0.04063843935728073,0.20094533264636993,0.1603068932890892,11.119384156540036,0.9653527140617371,0.29853421449661255,0.29853421449661255,50.83950799996728,19.88764300006096,real_npy,0,1
341,/mnt/c/Users/Chirayu/Documents/GitHub/2D-to-3D-image-reconstruction/facescape_224/fsmview_trainset_11_11_chin_raiser_8.jpg,0.4441918134689331,0.4453476071357727,0.0011557936668395996,6.84125217795372,0.6172378063201904,0.5798762440681458,0.5798762440681458,21.05336499994337,21.021111999971254,real_npy,0,1
342,/mnt/c/Users/Chirayu/Documents/GitHub/2D-to-3D-image-reconstruction/facescape_224/fsmview_trainset_3_7_jaw_forward_50.jpg,0.20314596593379974,0.194966122508049,-0.008179843425750732,7.301150977611542,0.6663725972175598,0.5307843089103699,0.5307843089103699,52.59396699989338,47.99086599996372,real_npy,0,1
343,/mnt/c/Users/Chirayu/Documents/GitHub/2D-to-3D-image-reconstruction/facescape_224/fsmview_trainset_11_7_jaw_forward_13.jpg,0.06756673008203506,0.06975816190242767,0.0021914318203926086,7.4944368079304695,0.6417626738548279,0.45826804637908936,0.45826804637908936,22.006615999998758,20.063663000087217,real_npy,0,1
344,/mnt/c/Users/Chirayu/Documents/GitHub/2D-to-3D-image-reconstruction/facescape_224/fsmview_trainset_14_11_chin_raiser_29.jpg,0.13220170140266418,1.5942955017089844,1.4620938003063202,29.160296132788062,2.8263936042785645,0.32444021105766296,0.32444021105766296,21.270909999998366,26.02482199995393,real_npy,0,1
345,/mnt/c/Users/Chirayu/Documents/GitHub/2D-to-3D-image-reconstruction/facescape_224/fsmview_trainset_15_19_brow_raiser_22.jpg,0.03769601136445999,0.038923341780900955,0.0012273304164409637,7.13614159822464,0.612659215927124,0.45958495140075684,0.45958495140075684,20.336084000064147,21.36089800001173,real_npy,0,1
346,/mnt/c/Users/Chirayu/Documents/GitHub/2D-to-3D-image-reconstruction/facescape_224/fsmview_trainset_4_1_neutral_39.jpg,0.053226061165332794,0.04724498838186264,-0.005981072783470154,8.214818205684423,0.7167750000953674,0.3332628905773163,0.3332628905773163,61.63370900003429,19.833728999969935,real_npy,0,1
347,/mnt/c/Users/Chirayu/Documents/GitHub/2D-to-3D-image-reconstruction/facescape_224/fsmview_trainset_4_12_lip_puckerer_15.jpg,0.23123550415039062,0.22518441081047058,-0.006051093339920044,6.136146508157253,0.5813659429550171,0.43098679184913635,0.43098679184913635,21.142526999938127,21.006428000077904,real_npy,0,0
348,/mnt/c/Users/Chirayu/Documents/GitHub/2D-to-3D-image-reconstruction/facescape_224/fsmview_trainset_15_14_sadness_66.jpg,0.3860011100769043,0.46810072660446167,0.08209961652755737,9.71728590875864,0.8226037621498108,0.4715571999549866,0.4715571999549866,33.27207400002408,22.825140000009014,real_npy,0,1
349,/mnt/c/Users/Chirayu/Documents/GitHub/2D-to-3D-image-reconstruction/facescape_224/fsmview_trainset_8_9_mouth_right_49.jpg,0.17065396904945374,0.19774016737937927,0.027086198329925537,7.3461176082491875,0.654109537601471,0.4868529438972473,0.4868529438972473,20.502683000017896,21.34593399989626,real_npy,0,1
350,/mnt/c/Users/Chirayu/Documents/GitHub/2D-to-3D-image-reconstruction/facescape_224/fsmview_trainset_6_2_smile_24.jpg,0.048266664147377014,0.046489689499139786,-0.0017769746482372284,8.319556765258312,0.7149515151977539,0.3994881212711334,0.3994881212711334,50.287606000097185,21.792308000044613,real_npy,0,1
351,/mnt/c/Users/Chirayu/Documents/GitHub/2D-to-3D-image-reconstruction/facescape_224/fsmview_trainset_8_8_mouth_left_18.jpg,0.11820966750383377,0.12369419634342194,0.005484528839588165,7.806921370327473,0.751221776008606,0.44735774397850037,0.44735774397850037,30.830762000050527,27.980822000017724,real_npy,0,1
352,/mnt/c/Users/Chirayu/Documents/GitHub/2D-to-3D-image-reconstruction/facescape_224/fsmview_trainset_11_16_grin_22.jpg,0.04294076934456825,0.044519346207380295,0.0015785768628120422,7.9502885565161705,0.6544817686080933,0.4783419966697693,0.4783419966697693,26.87323700001798,24.35645899993233,real_npy,0,1
353,/mnt/c/Users/Chirayu/Documents/GitHub/2D-to-3D-image-reconstruction/facescape_224/fsmview_trainset_14_10_dimpler_38.jpg,0.06696095317602158,0.05220533534884453,-0.014755617827177048,7.7199790477752686,0.6342604756355286,0.33879420161247253,0.33879420161247253,21.524858000020686,19.738186000040514,real_npy,0,1
354,/mnt/c/Users/Chirayu/Documents/GitHub/2D-to-3D-image-reconstruction/facescape_224/fsmview_trainset_1_11_chin_raiser_13.jpg,0.08647943288087845,0.09036242216825485,0.003882989287376404,7.355184994637966,0.6531851887702942,0.498416930437088,0.498416930437088,22.87572700004148,41.06794000006175,real_npy,0,1
355,/mnt/c/Users/Chirayu/Documents/GitHub/2D-to-3D-image-reconstruction/facescape_224/fsmview_trainset_7_4_anger_40.jpg,0.15086676180362701,0.1587146371603012,0.007847875356674194,6.681728631258011,0.6040180325508118,0.27548661828041077,0.27548661828041077,60.3833410000334,22.993907000000036,real_npy,0,1
356,/mnt/c/Users/Chirayu/Documents/GitHub/2D-to-3D-image-reconstruction/facescape_224/fsmview_trainset_13_12_lip_puckerer_43.jpg,0.07554229348897934,18.663257598876953,18.587715305387974,89.84843696653843,21.419626235961914,0.41578465700149536,0.41578465700149536,23.197832999926504,43.9657569999099,real_npy,1,1
357,/mnt/c/Users/Chirayu/Documents/GitHub/2D-to-3D-image-reconstruction/facescape_224/fsmview_trainset_17_15_lip_roll_10.jpg,0.04881919175386429,0.2655608355998993,0.216741643846035,11.874899379909039,1.0616658926010132,0.3012450039386749,0.3012450039386749,50.725595000017165,52.99975100001575,real_npy,0,1
358,/mnt/c/Users/Chirayu/Documents/GitHub/2D-to-3D-image-reconstruction/facescape_224/fsmview_trainset_1_19_brow_raiser_11.jpg,0.09501706808805466,0.08213955163955688,-0.012877516448497772,8.327652491629124,0.7552341222763062,0.3817848563194275,0.3817848563194275,22.182290000046123,21.97410700000546,real_npy,0,1
359,/mnt/c/Users/Chirayu/Documents/GitHub/2D-to-3D-image-reconstruction/facescape_224/fsmview_trainset_11_9_mouth_right_44.jpg,0.1274246871471405,0.1369151622056961,0.009490475058555603,8.1916359141469,0.7815394997596741,0.5733210444450378,0.5733210444450378,71.19942899998932,25.786509999988994,real_npy,0,1
360,/mnt/c/Users/Chirayu/Documents/GitHub/2D-to-3D-image-reconstruction/facescape_224/fsmview_trainset_1_6_jaw_right_54.jpg,0.07557700574398041,0.07757273316383362,0.0019957274198532104,8.038073167204857,0.7745188474655151,0.32279807329177856,0.32279807329177856,25.109212999950614,58.43854399995507,real_npy,0,1
361,/mnt/c/Users/Chirayu/Documents/GitHub/2D-to-3D-image-reconstruction/facescape_224/fsmview_trainset_10_19_brow_raiser_46.jpg,0.11339472979307175,0.12012667208909988,0.006731942296028137,9.475547935813665,0.7777827382087708,0.3834877014160156,0.3834877014160156,21.958292000022084,39.817189000018516,real_npy,0,1
362,/mnt/c/Users/Chirayu/Documents/GitHub/2D-to-3D-image-reconstruction/facescape_224/fsmview_trainset_17_2_smile_48.jpg,0.28338858485221863,0.2732306122779846,-0.010157972574234009,7.373257823288441,0.6038950085639954,0.41824087500572205,0.41824087500572205,22.54798599994956,21.481207999954677,real_npy,0,1
363,/mnt/c/Users/Chirayu/Documents/GitHub/2D-to-3D-image-reconstruction/facescape_224/fsmview_trainset_20_16_grin_33.jpg,0.03076697140932083,31.180362701416016,31.149595730006695,117.85102453827858,35.171600341796875,0.4676646590232849,0.4676646590232849,23.01918000000569,20.366375000094195,real_npy,1,1
364,/mnt/c/Users/Chirayu/Documents/GitHub/2D-to-3D-image-reconstruction/facescape_224/fsmview_trainset_20_3_mouth_stretch_7.jpg,1.0832788944244385,1.0189834833145142,-0.06429541110992432,6.297330424189568,0.5892895460128784,0.46431803703308105,0.46431803703308105,20.100053000078333,34.71027599994159,real_npy,0,0
365,/mnt/c/Users/Chirayu/Documents/GitHub/2D-to-3D-image-reconstruction/facescape_224/fsmview_trainset_11_15_lip_roll_56.jpg,0.051791712641716,0.052667636424303055,0.0008759237825870514,9.270696174353361,0.7967435717582703,0.4518694579601288,0.4518694579601288,20.931808000000274,23.00711999998839,real_npy,0,1
366,/mnt/c/Users/Chirayu/Documents/GitHub/2D-to-3D-image-reconstruction/facescape_224/fsmview_trainset_4_15_lip_roll_33.jpg,0.02935395948588848,491.4281921386719,491.398838179186,418.63097244501114,548.9462890625,0.28584328293800354,0.28584328293800354,20.2053429999296,18.702998999970077,real_npy,1,1
367,/mnt/c/Users/Chirayu/Documents/GitHub/2D-to-3D-image-reconstruction/facescape_224/fsmview_trainset_20_5_jaw_left_8.jpg,0.13851314783096313,0.12695132195949554,-0.01156182587146759,8.45863676816225,0.7858915328979492,0.5357789397239685,0.5357789397239685,54.51769900003001,21.153440000034607,real_npy,0,1
368,/mnt/c/Users/Chirayu/Documents/GitHub/2D-to-3D-image-reconstruction/facescape_224/fsmview_trainset_10_2_smile_16.jpg,0.037732336670160294,0.0412241630256176,0.003491826355457306,7.7109843492507935,0.6589560508728027,0.2809250056743622,0.2809250056743622,19.91496199991616,22.231504999922436,real_npy,0,1
369,/mnt/c/Users/Chirayu/Documents/GitHub/2D-to-3D-image-reconstruction/facescape_224/fsmview_trainset_6_7_jaw_forward_22.jpg,0.342541366815567,0.3608557879924774,0.0183144211769104,6.647918626666069,0.5845677256584167,0.541290819644928,0.541290819644928,84.42423299993607,19.02212499999223,real_npy,0,1
370,/mnt/c/Users/Chirayu/Documents/GitHub/2D-to-3D-image-reconstruction/facescape_224/fsmview_trainset_5_18_eye_closed_38.jpg,0.04724990949034691,0.048785820603370667,0.001535911113023758,7.586263597011566,0.6723411679267883,0.38077786564826965,0.38077786564826965,21.339181000030294,20.73883000002752,real_npy,0,1
371,/mnt/c/Users/Chirayu/Documents/GitHub/2D-to-3D-image-reconstruction/facescape_224/fsmview_trainset_8_1_neutral_42.jpg,0.062156789004802704,0.06557071954011917,0.0034139305353164673,8.150880999863148,0.7364151477813721,0.3662024140357971,0.3662024140357971,21.755466000058732,20.496532999914052,real_npy,0,1
372,/mnt/c/Users/Chirayu/Documents/GitHub/2D-to-3D-image-reconstruction/facescape_224/fsmview_trainset_6_20_brow_lower_16.jpg,0.15166373550891876,0.1663651466369629,0.014701411128044128,8.00785081088543,0.7213398814201355,0.24736744165420532,0.24736744165420532,22.043789999997898,20.657557999925302,real_npy,0,1
373,/mnt/c/Users/Chirayu/Documents/GitHub/2D-to-3D-image-reconstruction/facescape_224/fsmview_trainset_6_10_dimpler_16.jpg,0.029820196330547333,167.42503356933594,167.3952133730054,240.9209149479866,233.5867919921875,0.28283917903900146,0.28283917903900146,23.928855000008298,18.053592000001117,real_npy,1,1
374,/mnt/c/Users/Chirayu/Documents/GitHub/2D-to-3D-image-reconstruction/facescape_224/fsmview_trainset_11_9_mouth_right_48.jpg,0.7548854947090149,0.7244935035705566,-0.030391991138458252,7.563596401363611,0.6627465486526489,0.5383922457695007,0.5383922457695007,21.049398000059227,19.512283000040043,real_npy,0,1
375,/mnt/c/Users/Chirayu/Documents/GitHub/2D-to-3D-image-reconstruction/facescape_224/fsmview_trainset_1_9_mouth_right_15.jpg,0.1829361915588379,0.18031494319438934,-0.0026212483644485474,7.620021894574165,0.6487619280815125,0.4921194911003113,0.4921194911003113,21.8755160000228,20.57800000000043,real_npy,0,1
376,/mnt/c/Users/Chirayu/Documents/GitHub/2D-to-3D-image-reconstruction/facescape_224/fsmview_trainset_5_8_mouth_left_35.jpg,0.05140623822808266,0.0496230348944664,-0.0017832033336162567,8.28747932612896,0.6998153924942017,0.39867767691612244,0.39867767691612244,20.959638000022096,25.282609999976557,real_npy,0,1
377,/mnt/c/Users/Chirayu/Documents/GitHub/2D-to-3D-image-reconstruction/facescape_224/fsmview_trainset_9_15_lip_roll_40.jpg,0.1742735058069229,0.1807793527841568,0.006505846977233887,7.598017603158951,0.6484065651893616,0.46144700050354004,0.46144700050354004,22.443811000016467,21.179922999976952,real_npy,0,1
378,/mnt/c/Users/Chirayu/Documents/GitHub/2D-to-3D-image-reconstruction/facescape_224/fsmview_trainset_15_2_smile_20.jpg,0.10533037036657333,0.12253859639167786,0.017208226025104523,7.348374478518963,0.6345062255859375,0.42274951934814453,0.42274951934814453,22.01158299999406,20.530612000015935,real_npy,0,1
379,/mnt/c/Users/Chirayu/Documents/GitHub/2D-to-3D-image-reconstruction/facescape_224/fsmview_trainset_2_20_brow_lower_8.jpg,0.051551997661590576,40.38125228881836,40.32970029115677,130.92652669548988,43.99795150756836,0.4464970827102661,0.4464970827102661,21.21473700003662,18.86904399998457,real_npy,1,1
380,/mnt/c/Users/Chirayu/Documents/GitHub/2D-to-3D-image-reconstruction/facescape_224/fsmview_trainset_7_17_cheek_blowing_39.jpg,0.2200714498758316,0.19548384845256805,-0.02458760142326355,7.125781126320362,0.6221721768379211,0.5047426819801331,0.5047426819801331,106.89998899999864,20.583976000011717,real_npy,0,1
381,/mnt/c/Users/Chirayu/Documents/GitHub/2D-to-3D-image-reconstruction/facescape_224/fsmview_trainset_17_14_sadness_42.jpg,0.11371142417192459,0.2809774577617645,0.16726603358983994,10.972785327583551,1.0054792165756226,0.43646955490112305,0.43646955490112305,31.838456000059523,63.83940700004587,real_npy,0,1
382,/mnt/c/Users/Chirayu/Documents/GitHub/2D-to-3D-image-reconstruction/facescape_224/fsmview_trainset_1_4_anger_20.jpg,0.04124091565608978,7.025393486022949,6.984152570366859,58.7655806094408,8.820234298706055,0.35333871841430664,0.35333871841430664,19.912180999995144,25.212618999944425,real_npy,1,1
383,/mnt/c/Users/Chirayu/Documents/GitHub/2D-to-3D-image-reconstruction/facescape_224/fsmview_trainset_10_10_dimpler_7.jpg,0.04050811752676964,0.048359401524066925,0.007851283997297287,7.447560518980026,0.6460273265838623,0.22376170754432678,0.22376170754432678,20.00619499995082,19.243862000053014,real_npy,0,1
384,/mnt/c/Users/Chirayu/Documents/GitHub/2D-to-3D-image-reconstruction/facescape_224/fsmview_trainset_2_9_mouth_right_54.jpg,0.08395516872406006,0.08981593698263168,0.005860768258571625,8.753585167229176,0.7693850994110107,0.4743451774120331,0.4743451774120331,49.69040799994673,91.37802600002942,real_npy,0,1
385,/mnt/c/Users/Chirayu/Documents/GitHub/2D-to-3D-image-reconstruction/facescape_224/fsmview_trainset_18_5_jaw_left_41.jpg,0.10298667103052139,0.10625015944242477,0.0032634884119033813,7.808329116553068,0.6989147067070007,0.49274033308029175,0.49274033308029175,20.06288699999459,19.637640000041756,real_npy,0,1
386,/mnt/c/Users/Chirayu/Documents/GitHub/2D-to-3D-image-reconstruction/facescape_224/fsmview_trainset_14_16_grin_35.jpg,0.04788067564368248,0.05074315518140793,0.0028624795377254486,8.635653000324965,0.7257784605026245,0.5433282852172852,0.5433282852172852,19.41012600002523,19.72213500005182,real_npy,0,1
387,/mnt/c/Users/Chirayu/Documents/GitHub/2D-to-3D-image-reconstruction/facescape_224/fsmview_trainset_17_15_lip_roll_35.jpg,0.052334778010845184,0.05347380414605141,0.0011390261352062225,8.090896701440215,0.693030834197998,0.39107444882392883,0.39107444882392883,29.693632999965303,20.092888000021958,real_npy,0,1
388,/mnt/c/Users/Chirayu/Documents/GitHub/2D-to-3D-image-reconstruction/facescape_224/fsmview_trainset_7_1_neutral_3.jpg,0.05666974559426308,4.074329376220703,4.01765963062644,45.044057443737984,5.292919635772705,0.38797545433044434,0.38797545433044434,19.608699999935197,30.16608999996606,real_npy,1,1
389,/mnt/c/Users/Chirayu/Documents/GitHub/2D-to-3D-image-reconstruction/facescape_224/fsmview_trainset_5_3_mouth_stretch_29.jpg,0.04363027960062027,0.04585733264684677,0.0022270530462265015,7.914166925475001,0.711094081401825,0.331966370344162,0.331966370344162,41.50734299992109,28.091698000025644,real_npy,0,1
390,/mnt/c/Users/Chirayu/Documents/GitHub/2D-to-3D-image-reconstruction/facescape_224/fsmview_trainset_10_19_brow_raiser_51.jpg,0.0626484751701355,1.7024879455566406,1.6398394703865051,24.79911443218589,2.7512362003326416,0.37581896781921387,0.37581896781921387,20.929724999973587,24.875960000031228,real_npy,0,1
391,/mnt/c/Users/Chirayu/Documents/GitHub/2D-to-3D-image-reconstruction/facescape_224/fsmview_trainset_6_16_grin_23.jpg,0.041908614337444305,10.41188907623291,10.369980461895466,70.9718267172575,12.282967567443848,0.29240792989730835,0.29240792989730835,29.385279000052833,26.99180799993428,real_npy,1,1
392,/mnt/c/Users/Chirayu/Documents/GitHub/2D-to-3D-image-reconstruction/facescape_224/fsmview_trainset_8_13_lip_funneler_50.jpg,0.04689742624759674,0.04732317104935646,0.00042574480175971985,7.759495131671429,0.6950934529304504,0.32296326756477356,0.32296326756477356,22.269552000011572,20.39703599996301,real_npy,0,1
393,/mnt/c/Users/Chirayu/Documents/GitHub/2D-to-3D-image-reconstruction/facescape_224/fsmview_trainset_5_13_lip_funneler_45.jpg,0.15468931198120117,0.12673260271549225,-0.027956709265708923,8.076288528740406,0.6807951927185059,0.49051955342292786,0.49051955342292786,43.288253000014265,42.613071999994645,real_npy,0,1
394,/mnt/c/Users/Chirayu/Documents/GitHub/2D-to-3D-image-reconstruction/facescape_224/fsmview_trainset_13_16_grin_9.jpg,0.10596488416194916,0.09445014595985413,-0.011514738202095032,7.986277047544718,0.680314838886261,0.4167385697364807,0.4167385697364807,20.557592999921326,20.520846999943387,real_npy,0,1
395,/mnt/c/Users/Chirayu/Documents/GitHub/2D-to-3D-image-reconstruction/facescape_224/fsmview_trainset_11_6_jaw_right_65.jpg,0.05059701204299927,564.3951416015625,564.3445445895195,439.04892098903656,611.066162109375,0.4843273460865021,0.4843273460865021,19.97671599997375,17.55023300006542,real_npy,1,1
396,/mnt/c/Users/Chirayu/Documents/GitHub/2D-to-3D-image-reconstruction/facescape_224/fsmview_trainset_3_7_jaw_forward_32.jpg,0.04731271415948868,0.050898272544145584,0.003585558384656906,8.06353548169136,0.6657254695892334,0.35414090752601624,0.35414090752601624,21.366606000015054,26.565605999962827,real_npy,0,1
397,/mnt/c/Users/Chirayu/Documents/GitHub/2D-to-3D-image-reconstruction/facescape_224/fsmview_trainset_2_3_mouth_stretch_9.jpg,0.07392655313014984,0.08259501308202744,0.008668459951877594,8.659089151769876,0.7775704860687256,0.41245704889297485,0.41245704889297485,70.87334499999542,22.42824200004634,real_npy,0,1
398,/mnt/c/Users/Chirayu/Documents/GitHub/2D-to-3D-image-reconstruction/facescape_224/fsmview_trainset_17_13_lip_funneler_29.jpg,0.06674959510564804,0.06986326724290848,0.003113672137260437,8.209162041544914,0.7135211229324341,0.2316301316022873,0.2316301316022873,21.19680500004506,21.458401000018057,real_npy,0,1
399,/mnt/c/Users/Chirayu/Documents/GitHub/2D-to-3D-image-reconstruction/facescape_224/fsmview_trainset_11_18_eye_closed_21.jpg,0.2742653489112854,1.5945714712142944,1.320306122303009,30.9662013258785,2.954705238342285,0.44286367297172546,0.44286367297172546,59.28634000008515,35.49765099990054,real_npy,0,1
400,/mnt/c/Users/Chirayu/Documents/GitHub/2D-to-3D-image-reconstruction/facescape_224/fsmview_trainset_13_3_mouth_stretch_40.jpg,0.03397497162222862,0.03503825515508652,0.001063283532857895,7.18360198289156,0.6573897004127502,0.2729777693748474,0.2729777693748474,21.814167999991696,19.775207000066075,real_npy,0,1
401,/mnt/c/Users/Chirayu/Documents/GitHub/2D-to-3D-image-reconstruction/facescape_224/fsmview_trainset_19_11_chin_raiser_48.jpg,0.056176282465457916,0.05660976469516754,0.00043348222970962524,7.85028774663806,0.6682072281837463,0.3327157199382782,0.3327157199382782,20.97699700004796,57.51782100003311,real_npy,0,1
402,/mnt/c/Users/Chirayu/Documents/GitHub/2D-to-3D-image-reconstruction/facescape_224/fsmview_trainset_17_12_lip_puckerer_57.jpg,0.13420359790325165,0.1425325870513916,0.008328989148139954,8.708824627101421,0.720154345035553,0.36601266264915466,0.36601266264915466,20.21397999999408,19.381856999984848,real_npy,0,1
403,/mnt/c/Users/Chirayu/Documents/GitHub/2D-to-3D-image-reconstruction/facescape_224/fsmview_trainset_9_13_lip_funneler_2.jpg,0.09327409416437149,0.10705394297838211,0.01377984881401062,8.640583898872137,0.7214547395706177,0.39435040950775146,0.39435040950775146,22.214626000049975,20.635393000020485,real_npy,0,1
404,/mnt/c/Users/Chirayu/Documents/GitHub/2D-to-3D-image-reconstruction/facescape_224/fsmview_trainset_13_17_cheek_blowing_2.jpg,0.07870269566774368,0.08149965107440948,0.002796955406665802,7.792647652328014,0.6349206566810608,0.4751998782157898,0.4751998782157898,20.80109700000321,20.76867999994647,real_npy,0,1
405,/mnt/c/Users/Chirayu/Documents/GitHub/2D-to-3D-image-reconstruction/facescape_224/fsmview_trainset_2_6_jaw_right_15.jpg,0.045367155224084854,0.04766540601849556,0.0022982507944107056,8.617084218654782,0.7105713486671448,0.4291512668132782,0.4291512668132782,20.09620600006201,18.66232099996523,real_npy,0,1
406,/mnt/c/Users/Chirayu/Documents/GitHub/2D-to-3D-image-reconstruction/facescape_224/fsmview_trainset_6_11_chin_raiser_2.jpg,0.05255267769098282,0.05686424672603607,0.004311569035053253,8.478777788579464,0.7221024632453918,0.38796454668045044,0.38796454668045044,20.036454999967646,18.700315999922168,real_npy,0,1
407,/mnt/c/Users/Chirayu/Documents/GitHub/2D-to-3D-image-reconstruction/facescape_224/fsmview_trainset_6_4_anger_1.jpg,0.06018097326159477,0.05930890887975693,-0.0008720643818378448,7.801708668470383,0.7147176265716553,0.36813560128211975,0.36813560128211975,21.14732899997307,19.276020999996035,real_npy,0,1
408,/mnt/c/Users/Chirayu/Documents/GitHub/2D-to-3D-image-reconstruction/facescape_224/fsmview_trainset_14_1_neutral_10.jpg,0.09977816045284271,0.11126392334699631,0.011485762894153595,8.221353724598885,0.6947778463363647,0.6043975353240967,0.6043975353240967,22.543132999999216,20.88269900002615,real_npy,0,1
409,/mnt/c/Users/Chirayu/Documents/GitHub/2D-to-3D-image-reconstruction/facescape_224/fsmview_trainset_16_19_brow_raiser_27.jpg,1.040847659111023,1.009778618812561,-0.031069040298461914,7.9037555158138275,0.6710000038146973,0.4407268166542053,0.4407268166542053,21.682211999973333,20.75381899999229,real_npy,0,1
410,/mnt/c/Users/Chirayu/Documents/GitHub/2D-to-3D-image-reconstruction/facescape_224/fsmview_trainset_17_4_anger_18.jpg,0.04299385845661163,0.045656658709049225,0.0026628002524375916,8.800196702126414,0.718731164932251,0.3727159798145294,0.3727159798145294,21.339785000009215,21.267088999934458,real_npy,0,1
411,/mnt/c/Users/Chirayu/Documents/GitHub/2D-to-3D-image-reconstruction/facescape_224/fsmview_trainset_10_20_brow_lower_26.jpg,0.18032561242580414,0.3046634793281555,0.12433786690235138,8.396384932100773,0.7757793068885803,0.6248012185096741,0.6248012185096741,20.24179499994716,20.361047000051258,real_npy,0,1
412,/mnt/c/Users/Chirayu/Documents/GitHub/2D-to-3D-image-reconstruction/facescape_224/fsmview_trainset_12_17_cheek_blowing_15.jpg,0.04405875876545906,0.042873892933130264,-0.0011848658323287964,8.948919497430325,0.779203474521637,0.3956418037414551,0.3956418037414551,22.301322999965123,19.417417999989084,real_npy,0,1
413,/mnt/c/Users/Chirayu/Documents/GitHub/2D-to-3D-image-reconstruction/facescape_224/fsmview_trainset_10_13_lip_funneler_16.jpg,0.05648719519376755,0.058873582631349564,0.002386387437582016,7.54016861692071,0.6677802205085754,0.2840769290924072,0.2840769290924072,76.2998239999888,20.613990000015292,real_npy,0,1
414,/mnt/c/Users/Chirayu/Documents/GitHub/2D-to-3D-image-reconstruction/facescape_224/fsmview_trainset_3_2_smile_16.jpg,0.06743142008781433,0.06705184280872345,-0.00037957727909088135,8.392352048307657,0.717484712600708,0.33039653301239014,0.33039653301239014,20.517495000035524,20.587428999988333,real_npy,0,1
415,/mnt/c/Users/Chirayu/Documents/GitHub/2D-to-3D-image-reconstruction/facescape_224/fsmview_trainset_4_14_sadness_50.jpg,0.04331384599208832,3.474635362625122,3.4313215166330338,39.244186241179705,4.804861068725586,0.3232268989086151,0.3232268989086151,34.45936700006769,47.183208999967974,real_npy,1,1
416,/mnt/c/Users/Chirayu/Documents/GitHub/2D-to-3D-image-reconstruction/facescape_224/fsmview_trainset_14_13_lip_funneler_46.jpg,0.18020421266555786,0.18688705563545227,0.006682842969894409,8.111226558685303,0.6336743235588074,0.6414470076560974,0.6414470076560974,20.474426000077983,21.298246000014842,real_npy,0,1
417,/mnt/c/Users/Chirayu/Documents/GitHub/2D-to-3D-image-reconstruction/facescape_224/fsmview_trainset_4_16_grin_54.jpg,0.0384654700756073,0.039701130241155624,0.0012356601655483246,8.124035600572824,0.682891845703125,0.19953884184360504,0.19953884184360504,30.961530000013227,53.66736899998159,real_npy,0,1
418,/mnt/c/Users/Chirayu/Documents/GitHub/2D-to-3D-image-reconstruction/facescape_224/fsmview_trainset_18_2_smile_8.jpg,0.04497819021344185,30.319108963012695,30.274130772799253,116.48911806941032,32.88032531738281,0.30695798993110657,0.30695798993110657,20.928876999960266,20.85450199990646,real_npy,1,1
419,/mnt/c/Users/Chirayu/Documents/GitHub/2D-to-3D-image-reconstruction/facescape_224/fsmview_trainset_11_12_lip_puckerer_52.jpg,0.4563867449760437,0.3993532955646515,-0.05703344941139221,7.29973629117012,0.6508543491363525,0.5204474925994873,0.5204474925994873,23.20540499999879,19.3009740000889,real_npy,0,1
420,/mnt/c/Users/Chirayu/Documents/GitHub/2D-to-3D-image-reconstruction/facescape_224/fsmview_trainset_14_12_lip_puckerer_67.jpg,0.0388866551220417,0.03873743861913681,-0.00014921650290489197,8.358960187062621,0.6912998557090759,0.46781712770462036,0.46781712770462036,20.34753699990688,22.03573100007361,real_npy,0,1
421,/mnt/c/Users/Chirayu/Documents/GitHub/2D-to-3D-image-reconstruction/facescape_224/fsmview_trainset_14_17_cheek_blowing_66.jpg,0.8644917607307434,0.8686804175376892,0.004188656806945801,7.544537756592035,0.671290934085846,0.466621071100235,0.466621071100235,22.58998000002066,20.712233000040214,real_npy,0,1
422,/mnt/c/Users/Chirayu/Documents/GitHub/2D-to-3D-image-reconstruction/facescape_224/fsmview_trainset_1_12_lip_puckerer_55.jpg,0.09537401795387268,11.064339637756348,10.968965619802475,73.99277046322823,12.538664817810059,0.29128560423851013,0.29128560423851013,50.664285000038944,17.718061999971724,real_npy,1,1
423,/mnt/c/Users/Chirayu/Documents/GitHub/2D-to-3D-image-reconstruction/facescape_224/fsmview_trainset_12_9_mouth_right_54.jpg,0.05371265485882759,0.04895513877272606,-0.004757516086101532,8.925618071109056,0.7492830753326416,0.484336793422699,0.484336793422699,20.558797000035156,21.955339999976786,real_npy,0,1
424,/mnt/c/Users/Chirayu/Documents/GitHub/2D-to-3D-image-reconstruction/facescape_224/fsmview_trainset_19_2_smile_37.jpg,0.12447792291641235,0.1579488068819046,0.03347088396549225,8.907763397321105,0.7571905255317688,0.40821054577827454,0.40821054577827454,104.58269499997641,19.32512600001246,real_npy,0,1
425,/mnt/c/Users/Chirayu/Documents/GitHub/2D-to-3D-image-reconstruction/facescape_224/fsmview_trainset_10_6_jaw_right_52.jpg,0.12375208735466003,0.11684388667345047,-0.006908200681209564,6.912758551537991,0.635798454284668,0.4109300971031189,0.4109300971031189,41.212957999960054,38.735310999982175,real_npy,0,1
426,/mnt/c/Users/Chirayu/Documents/GitHub/2D-to-3D-image-reconstruction/facescape_224/fsmview_trainset_16_4_anger_50.jpg,0.04708115756511688,0.04751501604914665,0.0004338584840297699,8.077499579638243,0.6775718927383423,0.4240606427192688,0.4240606427192688,20.64788799998496,20.647314999905575,real_npy,0,1
427,/mnt/c/Users/Chirayu/Documents/GitHub/2D-to-3D-image-reconstruction/facescape_224/fsmview_trainset_20_17_cheek_blowing_3.jpg,0.5459879040718079,0.4112715423107147,-0.13471636176109314,7.514237662777305,0.705247163772583,0.5751022100448608,0.5751022100448608,68.96670600008292,19.879826999954275,template_fallback,0,1
428,/mnt/c/Users/Chirayu/Documents/GitHub/2D-to-3D-image-reconstruction/facescape_224/fsmview_trainset_12_18_eye_closed_42.jpg,0.039996933192014694,0.039610907435417175,-0.0003860257565975189,8.24781322479248,0.6956364512443542,0.3253357708454132,0.3253357708454132,40.27349900002264,22.739815000022645,real_npy,0,1
429,/mnt/c/Users/Chirayu/Documents/GitHub/2D-to-3D-image-reconstruction/facescape_224/fsmview_trainset_20_3_mouth_stretch_41.jpg,0.040860604494810104,0.04416392743587494,0.0033033229410648346,7.519262284040451,0.7034702897071838,0.3967735767364502,0.3967735767364502,20.117863999985275,21.95912000001954,real_npy,0,1
430,/mnt/c/Users/Chirayu/Documents/GitHub/2D-to-3D-image-reconstruction/facescape_224/fsmview_trainset_17_11_chin_raiser_46.jpg,0.6765547394752502,0.6743344664573669,-0.0022202730178833008,7.604909885674715,0.6351566314697266,0.45976340770721436,0.45976340770721436,38.079304999996566,20.8249170000272,real_npy,0,1
431,/mnt/c/Users/Chirayu/Documents/GitHub/2D-to-3D-image-reconstruction/facescape_224/fsmview_trainset_20_16_grin_58.jpg,0.0496094636619091,0.050602417439222336,0.0009929537773132324,8.986272510141134,0.8027105927467346,0.39453205466270447,0.39453205466270447,21.121029000028102,20.975831999976435,real_npy,0,1
432,/mnt/c/Users/Chirayu/Documents/GitHub/2D-to-3D-image-reconstruction/facescape_224/fsmview_trainset_5_15_lip_roll_11.jpg,0.5484355688095093,0.2903655469417572,-0.2580700218677521,9.337577376514673,0.8299161195755005,0.5640919208526611,0.5640919208526611,19.74705100008123,21.394385000007787,real_npy,0,1
433,/mnt/c/Users/Chirayu/Documents/GitHub/2D-to-3D-image-reconstruction/facescape_224/fsmview_trainset_20_9_mouth_right_30.jpg,0.06330353766679764,0.7634957432746887,0.7001922056078911,18.98752491781488,1.7364201545715332,0.3150187134742737,0.3150187134742737,36.30588800001533,25.835024000002704,real_npy,0,1
434,/mnt/c/Users/Chirayu/Documents/GitHub/2D-to-3D-image-reconstruction/facescape_224/fsmview_trainset_11_20_brow_lower_34.jpg,0.0336056724190712,36.17644119262695,36.14283552020788,125.81546738743782,40.104244232177734,0.5707105398178101,0.5707105398178101,67.93800399998418,46.34106800006066,real_npy,1,1
435,/mnt/c/Users/Chirayu/Documents/GitHub/2D-to-3D-image-reconstruction/facescape_224/fsmview_trainset_2_1_neutral_6.jpg,0.08995027840137482,0.10578465461730957,0.015834376215934753,8.732076309621334,0.746471107006073,0.3931867480278015,0.3931867480278015,95.15622300000359,21.168160999991414,real_npy,0,1
436,/mnt/c/Users/Chirayu/Documents/GitHub/2D-to-3D-image-reconstruction/facescape_224/fsmview_trainset_10_5_jaw_left_6.jpg,0.04903055354952812,0.09486950188875198,0.04583894833922386,6.974128685891628,0.6289701461791992,0.25825661420822144,0.25825661420822144,100.99057100001119,95.0578229999337,real_npy,0,1
437,/mnt/c/Users/Chirayu/Documents/GitHub/2D-to-3D-image-reconstruction/facescape_224/fsmview_trainset_1_2_smile_18.jpg,0.039244260638952255,0.038463663309812546,-0.0007805973291397095,8.367332554422319,0.6887044906616211,0.36477816104888916,0.36477816104888916,19.996132999949623,19.39730099991266,real_npy,0,1
438,/mnt/c/Users/Chirayu/Documents/GitHub/2D-to-3D-image-reconstruction/facescape_224/fsmview_trainset_3_3_mouth_stretch_46.jpg,0.11936608701944351,0.11149292439222336,-0.007873162627220154,8.213866949081421,0.70979243516922,0.5117491483688354,0.5117491483688354,22.38585800000692,21.18340000004082,real_npy,0,1
439,/mnt/c/Users/Chirayu/Documents/GitHub/2D-to-3D-image-reconstruction/facescape_224/fsmview_trainset_16_3_mouth_stretch_24.jpg,0.040413737297058105,0.041403964161872864,0.0009902268648147583,7.686974730342627,0.6716339588165283,0.3543473184108734,0.3543473184108734,22.051931000078184,20.20402899995588,real_npy,0,1
440,/mnt/c/Users/Chirayu/Documents/GitHub/2D-to-3D-image-reconstruction/facescape_224/fsmview_trainset_12_5_jaw_left_18.jpg,0.054586268961429596,0.049857791513204575,-0.004728477448225021,8.894156632944942,0.7274503707885742,0.5446250438690186,0.5446250438690186,20.370879999973113,27.968351999902552,real_npy,0,1
441,/mnt/c/Users/Chirayu/Documents/GitHub/2D-to-3D-image-reconstruction/facescape_224/fsmview_trainset_3_15_lip_roll_13.jpg,0.059058595448732376,0.05646508187055588,-0.0025935135781764984,8.329995598644018,0.7156726717948914,0.42553797364234924,0.42553797364234924,22.3113460000377,22.504136000065955,real_npy,0,1
442,/mnt/c/Users/Chirayu/Documents/GitHub/2D-to-3D-image-reconstruction/facescape_224/fsmview_trainset_9_1_neutral_1.jpg,0.07495501637458801,0.07793989777565002,0.0029848814010620117,8.53968320786953,0.6829026341438293,0.40183931589126587,0.40183931589126587,20.478562999983296,19.72590700006549,real_npy,0,1
443,/mnt/c/Users/Chirayu/Documents/GitHub/2D-to-3D-image-reconstruction/facescape_224/fsmview_trainset_5_2_smile_15.jpg,0.035041164606809616,0.5508097410202026,0.515768576413393,16.66923386976123,1.4406235218048096,0.38428184390068054,0.38428184390068054,42.636128000026474,21.94333900001766,real_npy,0,1
444,/mnt/c/Users/Chirayu/Documents/GitHub/2D-to-3D-image-reconstruction/facescape_224/fsmview_trainset_3_2_smile_38.jpg,0.054420359432697296,0.05890011787414551,0.004479758441448212,7.973034344613552,0.7278907895088196,0.41943129897117615,0.41943129897117615,22.07757799999399,22.178604000032465,real_npy,0,1
445,/mnt/c/Users/Chirayu/Documents/GitHub/2D-to-3D-image-reconstruction/facescape_224/fsmview_trainset_18_14_sadness_30.jpg,0.16891802847385406,6.625115871429443,6.456197842955589,57.72655662149191,8.220744132995605,0.35737594962120056,0.35737594962120056,21.542503999967266,75.00987699995676,real_npy,1,1
446,/mnt/c/Users/Chirayu/Documents/GitHub/2D-to-3D-image-reconstruction/facescape_224/fsmview_trainset_14_6_jaw_right_24.jpg,0.03454107791185379,0.033933110535144806,-0.0006079673767089844,7.099749559536576,0.6081270575523376,0.44072696566581726,0.44072696566581726,20.963026000003993,20.798557000034634,real_npy,0,1
447,/mnt/c/Users/Chirayu/Documents/GitHub/2D-to-3D-image-reconstruction/facescape_224/fsmview_trainset_12_1_neutral_15.jpg,0.054599471390247345,0.049945831298828125,-0.00465364009141922,8.841887075453997,0.7223142385482788,0.5001314282417297,0.5001314282417297,21.214792000023408,31.935935000092286,real_npy,0,1
448,/mnt/c/Users/Chirayu/Documents/GitHub/2D-to-3D-image-reconstruction/facescape_224/fsmview_trainset_18_20_brow_lower_54.jpg,0.0364123098552227,0.03622107580304146,-0.0001912340521812439,8.53599032573402,0.7082272171974182,0.3662188947200775,0.3662188947200775,29.9819460000208,21.251428000027772,real_npy,0,1
449,/mnt/c/Users/Chirayu/Documents/GitHub/2D-to-3D-image-reconstruction/facescape_224/fsmview_trainset_13_5_jaw_left_23.jpg,0.04181845858693123,0.03809407353401184,-0.003724385052919388,8.641086250543594,0.6854686141014099,0.42399314045906067,0.42399314045906067,20.99531300007129,20.75699700003497,real_npy,0,1
450,/mnt/c/Users/Chirayu/Documents/GitHub/2D-to-3D-image-reconstruction/facescape_224/fsmview_trainset_5_3_mouth_stretch_47.jpg,0.07041460275650024,0.07564255595207214,0.005227953195571899,9.055738288909197,0.7435961365699768,0.460392028093338,0.460392028093338,51.906207000001814,21.700518999978158,real_npy,0,1
451,/mnt/c/Users/Chirayu/Documents/GitHub/2D-to-3D-image-reconstruction/facescape_224/fsmview_trainset_9_14_sadness_30.jpg,0.05249062925577164,0.05069373920559883,-0.0017968900501728058,8.10655028373003,0.6751642823219299,0.3368051052093506,0.3368051052093506,19.931368000015937,21.51044299989735,real_npy,0,1
452,/mnt/c/Users/Chirayu/Documents/GitHub/2D-to-3D-image-reconstruction/facescape_224/fsmview_trainset_6_7_jaw_forward_34.jpg,0.04338379576802254,11.715118408203125,11.671734612435102,72.1238719150424,13.641310691833496,0.37545740604400635,0.37545740604400635,30.200924999917333,70.73303999993641,real_npy,1,1
453,/mnt/c/Users/Chirayu/Documents/GitHub/2D-to-3D-image-reconstruction/facescape_224/fsmview_trainset_20_15_lip_roll_20.jpg,0.25923699140548706,0.29962995648384094,0.04039296507835388,7.454415313899517,0.6328415870666504,0.34921538829803467,0.34921538829803467,43.97633500002485,20.97471599995515,real_npy,0,1
454,/mnt/c/Users/Chirayu/Documents/GitHub/2D-to-3D-image-reconstruction/facescape_224/fsmview_trainset_4_20_brow_lower_51.jpg,0.1498521864414215,0.1310216635465622,-0.018830522894859314,7.025786750018597,0.7118787169456482,0.36281028389930725,0.36281028389930725,32.3010349999322,28.93374899997525,real_npy,0,1
455,/mnt/c/Users/Chirayu/Documents/GitHub/2D-to-3D-image-reconstruction/facescape_224/fsmview_trainset_11_1_neutral_59.jpg,0.04443966597318649,0.5330061316490173,0.48856646567583084,15.332701729610562,1.381331443786621,0.4157955050468445,0.4157955050468445,39.09094000005098,70.0641869999572,real_npy,0,1
456,/mnt/c/Users/Chirayu/Documents/GitHub/2D-to-3D-image-reconstruction/facescape_224/fsmview_trainset_17_1_neutral_32.jpg,0.047250598669052124,0.051178690046072006,0.003928091377019882,8.29772812500596,0.7076914310455322,0.32235783338546753,0.32235783338546753,47.105703000056565,37.4589030000152,real_npy,0,1
457,/mnt/c/Users/Chirayu/Documents/GitHub/2D-to-3D-image-reconstruction/facescape_224/fsmview_trainset_14_13_lip_funneler_34.jpg,0.044133979827165604,0.09439514577388763,0.05026116594672203,7.199255969375372,0.7356680035591125,0.5101891756057739,0.5101891756057739,21.04263000001083,19.719651999935195,real_npy,0,1
458,/mnt/c/Users/Chirayu/Documents/GitHub/2D-to-3D-image-reconstruction/facescape_224/fsmview_trainset_15_9_mouth_right_40.jpg,0.05588264763355255,0.06501130759716034,0.009128659963607788,8.65455648675561,0.7191599607467651,0.6110203862190247,0.6110203862190247,19.96336299998802,18.94343200001458,real_npy,0,1
459,/mnt/c/Users/Chirayu/Documents/GitHub/2D-to-3D-image-reconstruction/facescape_224/fsmview_trainset_14_7_jaw_forward_25.jpg,0.03529660776257515,119.55028533935547,119.5149887315929,204.5806633234024,159.3324432373047,0.4829610586166382,0.4829610586166382,30.534725999928014,19.970699000054992,real_npy,1,1
460,/mnt/c/Users/Chirayu/Documents/GitHub/2D-to-3D-image-reconstruction/facescape_224/fsmview_trainset_2_3_mouth_stretch_22.jpg,0.8299387693405151,0.4644111096858978,-0.3655276596546173,7.4556065537035465,0.6952490210533142,0.5800930857658386,0.5800930857658386,20.240521000005174,43.278544000031616,real_npy,0,1
461,/mnt/c/Users/Chirayu/Documents/GitHub/2D-to-3D-image-reconstruction/facescape_224/fsmview_trainset_6_11_chin_raiser_1.jpg,0.07467468827962875,0.07990866899490356,0.005233980715274811,8.35451590269804,0.7107597589492798,0.38675522804260254,0.38675522804260254,20.981231000064327,27.436185000055957,real_npy,0,1
462,/mnt/c/Users/Chirayu/Documents/GitHub/2D-to-3D-image-reconstruction/facescape_224/fsmview_trainset_5_15_lip_roll_4.jpg,0.057607538998126984,0.04816873371601105,-0.009438805282115936,7.868384480476379,0.7104890942573547,0.29607126116752625,0.29607126116752625,22.117864000051668,21.755315000064,real_npy,0,1
463,/mnt/c/Users/Chirayu/Documents/GitHub/2D-to-3D-image-reconstruction/facescape_224/fsmview_trainset_20_20_brow_lower_19.jpg,0.04171902313828468,0.04239971563220024,0.0006806924939155579,7.774511232972145,0.6491977572441101,0.4896034598350525,0.4896034598350525,72.39772900004482,19.361168000045836,real_npy,0,1
464,/mnt/c/Users/Chirayu/Documents/GitHub/2D-to-3D-image-reconstruction/facescape_224/fsmview_trainset_18_19_brow_raiser_56.jpg,0.06126585975289345,0.07602573186159134,0.014759872108697891,8.260301526635885,0.7244613170623779,0.3188028633594513,0.3188028633594513,22.33414299996639,21.499292999919817,real_npy,0,1
465,/mnt/c/Users/Chirayu/Documents/GitHub/2D-to-3D-image-reconstruction/facescape_224/fsmview_trainset_9_17_cheek_blowing_5.jpg,0.04804769530892372,0.05166524276137352,0.0036175474524497986,7.678123526275158,0.6869829297065735,0.35522815585136414,0.35522815585136414,20.684035000044787,18.922393000025295,real_npy,0,1
466,/mnt/c/Users/Chirayu/Documents/GitHub/2D-to-3D-image-reconstruction/facescape_224/fsmview_trainset_3_17_cheek_blowing_13.jpg,0.06404612958431244,0.05871521681547165,-0.00533091276884079,8.613282257691026,0.7123160362243652,0.4319021701812744,0.4319021701812744,20.035444999962237,19.892014999982166,real_npy,0,1
467,/mnt/c/Users/Chirayu/Documents/GitHub/2D-to-3D-image-reconstruction/facescape_224/fsmview_trainset_7_17_cheek_blowing_31.jpg,0.1181577816605568,0.12009990960359573,0.0019421279430389404,7.704906813800335,0.658078670501709,0.4911363422870636,0.4911363422870636,55.386365000003934,21.09257899996919,real_npy,0,1
468,/mnt/c/Users/Chirayu/Documents/GitHub/2D-to-3D-image-reconstruction/facescape_224/fsmview_trainset_20_13_lip_funneler_29.jpg,0.06791995465755463,0.0817180797457695,0.013798125088214874,7.89748964831233,0.6971144080162048,0.32081013917922974,0.32081013917922974,70.71204700002909,20.72770099994159,real_npy,0,1
469,/mnt/c/Users/Chirayu/Documents/GitHub/2D-to-3D-image-reconstruction/facescape_224/fsmview_trainset_15_6_jaw_right_22.jpg,0.03463923931121826,0.03471968322992325,8.044391870498657e-05,7.057957336306572,0.5907135605812073,0.513390839099884,0.513390839099884,21.805249999943044,20.185610999988057,real_npy,0,1
470,/mnt/c/Users/Chirayu/Documents/GitHub/2D-to-3D-image-reconstruction/facescape_224/fsmview_trainset_4_14_sadness_48.jpg,0.09138251096010208,0.09531552344560623,0.00393301248550415,7.856946673244238,0.7599912881851196,0.30598610639572144,0.30598610639572144,20.131891000005453,62.47355999994397,real_npy,0,1
471,/mnt/c/Users/Chirayu/Documents/GitHub/2D-to-3D-image-reconstruction/facescape_224/fsmview_trainset_19_16_grin_57.jpg,0.303428590297699,0.31232598423957825,0.008897393941879272,7.220933109521866,0.6436872482299805,0.269451379776001,0.269451379776001,21.632958000054714,21.822514000064075,real_npy,0,1
472,/mnt/c/Users/Chirayu/Documents/GitHub/2D-to-3D-image-reconstruction/facescape_224/fsmview_trainset_17_13_lip_funneler_52.jpg,0.2860533595085144,0.2839510440826416,-0.0021023154258728027,7.513205159455538,0.6554678082466125,0.4326638877391815,0.4326638877391815,22.61535900004219,20.41418999999678,real_npy,0,1
473,/mnt/c/Users/Chirayu/Documents/GitHub/2D-to-3D-image-reconstruction/facescape_224/fsmview_trainset_6_15_lip_roll_11.jpg,0.3128138780593872,0.3067644238471985,-0.006049454212188721,6.188951503485441,0.5715718269348145,0.5274311304092407,0.5274311304092407,22.335737999924277,20.070218999990175,real_npy,0,0
474,/mnt/c/Users/Chirayu/Documents/GitHub/2D-to-3D-image-reconstruction/facescape_224/fsmview_trainset_17_10_dimpler_4.jpg,0.09221363067626953,0.09955962747335434,0.007345996797084808,9.162556579336524,0.7382014393806458,0.40572527050971985,0.40572527050971985,21.00630999996156,19.7379160000537,real_npy,0,1
475,/mnt/c/Users/Chirayu/Documents/GitHub/2D-to-3D-image-reconstruction/facescape_224/fsmview_trainset_3_2_smile_26.jpg,0.034440889954566956,0.03603324294090271,0.0015923529863357544,7.913671433925629,0.6641975045204163,0.33476126194000244,0.33476126194000244,20.363033999956315,19.35272100001839,real_npy,0,1
476,/mnt/c/Users/Chirayu/Documents/GitHub/2D-to-3D-image-reconstruction/facescape_224/fsmview_trainset_18_20_brow_lower_5.jpg,0.05490840598940849,0.059363070875406265,0.004454664885997772,8.306337632238865,0.6886809468269348,0.3360166549682617,0.3360166549682617,19.326809999938632,20.42859900006988,real_npy,0,1
477,/mnt/c/Users/Chirayu/Documents/GitHub/2D-to-3D-image-reconstruction/facescape_224/fsmview_trainset_3_19_brow_raiser_28.jpg,0.036018092185258865,0.035391684621572495,-0.0006264075636863708,7.6429268680512905,0.6456323266029358,0.2784073054790497,0.2784073054790497,29.186922000008053,45.18604099996537,real_npy,0,1
478,/mnt/c/Users/Chirayu/Documents/GitHub/2D-to-3D-image-reconstruction/facescape_224/fsmview_trainset_17_12_lip_puckerer_54.jpg,0.35008037090301514,0.34115034341812134,-0.008930027484893799,7.7533868588507175,0.6855994462966919,0.4240695834159851,0.4240695834159851,24.650345999930323,20.82272899997406,real_npy,0,1
479,/mnt/c/Users/Chirayu/Documents/GitHub/2D-to-3D-image-reconstruction/facescape_224/fsmview_trainset_20_11_chin_raiser_26.jpg,0.03513064980506897,0.10283826291561127,0.0677076131105423,7.323945607058704,0.663374662399292,0.4331682026386261,0.4331682026386261,20.602770999971654,20.01442699997824,real_npy,0,1
480,/mnt/c/Users/Chirayu/Documents/GitHub/2D-to-3D-image-reconstruction/facescape_224/fsmview_trainset_2_18_eye_closed_30.jpg,0.08135965466499329,0.08512517809867859,0.0037655234336853027,8.97935937717557,0.7507200241088867,0.38011112809181213,0.38011112809181213,28.120714000010594,50.47947200000635,real_npy,0,1
481,/mnt/c/Users/Chirayu/Documents/GitHub/2D-to-3D-image-reconstruction/facescape_224/fsmview_trainset_11_15_lip_roll_60.jpg,0.6516281366348267,0.6764432191848755,0.024815082550048828,7.992437697947025,0.6866618394851685,0.5231847763061523,0.5231847763061523,96.23223899995992,22.861838000039825,real_npy,0,1
482,/mnt/c/Users/Chirayu/Documents/GitHub/2D-to-3D-image-reconstruction/facescape_224/fsmview_trainset_3_15_lip_roll_19.jpg,0.05185101926326752,0.05431325361132622,0.0024622343480587006,8.23739735595882,0.6988918781280518,0.35077589750289917,0.35077589750289917,20.774446000018543,44.122102999949675,real_npy,0,1
483,/mnt/c/Users/Chirayu/Documents/GitHub/2D-to-3D-image-reconstruction/facescape_224/fsmview_trainset_14_9_mouth_right_26.jpg,0.05026143789291382,0.06313023716211319,0.012868799269199371,7.864859879016876,0.7256532907485962,0.48394638299942017,0.48394638299942017,20.274708000101782,21.315789000027507,real_npy,0,1
484,/mnt/c/Users/Chirayu/Documents/GitHub/2D-to-3D-image-reconstruction/facescape_224/fsmview_trainset_15_18_eye_closed_30.jpg,0.12709544599056244,0.14446912705898285,0.01737368106842041,7.894350823014975,0.6460226774215698,0.4221703112125397,0.4221703112125397,22.551261000103295,20.689962000005835,real_npy,0,1
485,/mnt/c/Users/Chirayu/Documents/GitHub/2D-to-3D-image-reconstruction/facescape_224/fsmview_trainset_14_7_jaw_forward_31.jpg,0.03131379187107086,208.76866149902344,208.73734770715237,267.72320944070816,271.3109130859375,0.43383410573005676,0.43383410573005676,44.194070000003194,18.064928999933727,real_npy,1,1
486,/mnt/c/Users/Chirayu/Documents/GitHub/2D-to-3D-image-reconstruction/facescape_224/fsmview_trainset_14_2_smile_49.jpg,0.826137125492096,0.7501328587532043,-0.0760042667388916,8.000248648226261,0.6708035469055176,0.578789234161377,0.578789234161377,20.453094999993482,19.036279000033574,real_npy,0,1
487,/mnt/c/Users/Chirayu/Documents/GitHub/2D-to-3D-image-reconstruction/facescape_224/fsmview_trainset_20_18_eye_closed_29.jpg,0.16696995496749878,0.1758008599281311,0.008830904960632324,7.718325939029455,0.6412355899810791,0.3341212868690491,0.3341212868690491,22.449195999911353,22.3473930000182,real_npy,0,1
488,/mnt/c/Users/Chirayu/Documents/GitHub/2D-to-3D-image-reconstruction/facescape_224/fsmview_trainset_8_14_sadness_15.jpg,0.1631954461336136,0.15424680709838867,-0.008948639035224915,7.985863372683525,0.6633350253105164,0.4165508449077606,0.4165508449077606,20.314269999971657,42.99472800005333,real_npy,0,1
489,/mnt/c/Users/Chirayu/Documents/GitHub/2D-to-3D-image-reconstruction/facescape_224/fsmview_trainset_13_9_mouth_right_13.jpg,0.050347138196229935,170.7569580078125,170.70661086961627,238.84005516767502,231.79002380371094,0.46335259079933167,0.46335259079933167,20.897808999961853,32.74926499989306,real_npy,1,1
490,/mnt/c/Users/Chirayu/Documents/GitHub/2D-to-3D-image-reconstruction/facescape_224/fsmview_trainset_1_13_lip_funneler_6.jpg,0.03770541772246361,0.04046487808227539,0.002759460359811783,7.9272323325276375,0.7094230055809021,0.2709927260875702,0.2709927260875702,20.93132900006367,31.020234000038727,real_npy,0,1
491,/mnt/c/Users/Chirayu/Documents/GitHub/2D-to-3D-image-reconstruction/facescape_224/fsmview_trainset_11_12_lip_puckerer_33.jpg,0.036670271307229996,91.65524291992188,91.61857264861465,184.73009848594666,110.08860778808594,0.5236365795135498,0.5236365795135498,62.29762199996003,24.92751199997656,real_npy,1,1
492,/mnt/c/Users/Chirayu/Documents/GitHub/2D-to-3D-image-reconstruction/facescape_224/fsmview_trainset_6_10_dimpler_30.jpg,0.04832875356078148,0.04256318509578705,-0.0057655684649944305,8.132431946694851,0.6732246279716492,0.41863951086997986,0.41863951086997986,21.91522399994028,21.01476799998636,real_npy,0,1
493,/mnt/c/Users/Chirayu/Documents/GitHub/2D-to-3D-image-reconstruction/facescape_224/fsmview_trainset_6_18_eye_closed_36.jpg,0.09265141189098358,0.10442828387022018,0.011776871979236603,8.082605052739382,0.6908277273178101,0.34383225440979004,0.34383225440979004,20.543267999983073,32.03477399995336,real_npy,0,1
494,/mnt/c/Users/Chirayu/Documents/GitHub/2D-to-3D-image-reconstruction/facescape_224/fsmview_trainset_9_7_jaw_forward_14.jpg,0.037495747208595276,3.4535388946533203,3.416043147444725,42.299234092235565,4.624325275421143,0.3597376048564911,0.3597376048564911,21.19192700001804,30.392266000035306,real_npy,1,1
495,/mnt/c/Users/Chirayu/Documents/GitHub/2D-to-3D-image-reconstruction/facescape_224/fsmview_trainset_13_11_chin_raiser_15.jpg,0.04366137459874153,0.04923536628484726,0.005573991686105728,8.534341561142355,0.7163330912590027,0.3886965811252594,0.3886965811252594,51.6422399999783,24.67234300002019,real_npy,0,1
496,/mnt/c/Users/Chirayu/Documents/GitHub/2D-to-3D-image-reconstruction/facescape_224/fsmview_trainset_18_8_mouth_left_33.jpg,0.03677517548203468,0.09402317553758621,0.05724800005555153,8.579730073921382,0.7316634654998779,0.41223883628845215,0.41223883628845215,21.204685000043355,20.081829999980982,real_npy,0,1
497,/mnt/c/Users/Chirayu/Documents/GitHub/2D-to-3D-image-reconstruction/facescape_224/fsmview_trainset_12_15_lip_roll_49.jpg,0.21902917325496674,0.24130277335643768,0.022273600101470947,7.294842712581158,0.6314356327056885,0.4690704345703125,0.4690704345703125,50.83201399997961,28.706244999966657,real_npy,0,1
498,/mnt/c/Users/Chirayu/Documents/GitHub/2D-to-3D-image-reconstruction/facescape_224/fsmview_trainset_14_3_mouth_stretch_16.jpg,0.08733745664358139,0.1337032914161682,0.04636583477258682,7.437625274062157,0.688506543636322,0.4626448154449463,0.4626448154449463,22.019930000055865,22.069085999987692,real_npy,0,1
499,/mnt/c/Users/Chirayu/Documents/GitHub/2D-to-3D-image-reconstruction/facescape_224/fsmview_trainset_14_12_lip_puckerer_65.jpg,0.056414246559143066,0.05814032629132271,0.0017260797321796417,9.105631370097399,0.8165953755378723,0.4432125389575958,0.4432125389575958,23.903821999965658,20.832168999959322,real_npy,0,1
500,/mnt/c/Users/Chirayu/Documents/GitHub/2D-to-3D-image-reconstruction/facescape_224/fsmview_trainset_16_6_jaw_right_10.jpg,0.031139807775616646,0.03271486610174179,0.001575058326125145,7.775830216705799,0.6529687643051147,0.3067227900028229,0.3067227900028229,20.652406999943196,21.445814000003338,real_npy,0,1
501,/mnt/c/Users/Chirayu/Documents/GitHub/2D-to-3D-image-reconstruction/facescape_224/fsmview_trainset_15_5_jaw_left_11.jpg,0.13338527083396912,0.17850713431835175,0.04512186348438263,8.389172069728374,0.7304980754852295,0.5511730909347534,0.5511730909347534,79.87829500007138,36.861266000073556,real_npy,0,1
502,/mnt/c/Users/Chirayu/Documents/GitHub/2D-to-3D-image-reconstruction/facescape_224/fsmview_trainset_4_5_jaw_left_25.jpg,0.03703315183520317,18.07767677307129,18.040643621236086,92.45917755365372,21.0865421295166,0.2990436851978302,0.2990436851978302,20.618012999989332,54.96023000000605,real_npy,1,1
503,/mnt/c/Users/Chirayu/Documents/GitHub/2D-to-3D-image-reconstruction/facescape_224/fsmview_trainset_1_17_cheek_blowing_11.jpg,0.10114186257123947,0.08860625326633453,-0.012535609304904938,8.112614691257477,0.7472545504570007,0.3878903090953827,0.3878903090953827,23.11945700000706,32.59747899994636,real_npy,0,1
504,/mnt/c/Users/Chirayu/Documents/GitHub/2D-to-3D-image-reconstruction/facescape_224/fsmview_trainset_16_18_eye_closed_33.jpg,0.03680039569735527,0.038405437022447586,0.0016050413250923157,8.30421706661582,0.6859701871871948,0.3876514434814453,0.3876514434814453,25.462834999984807,20.798473000013473,real_npy,0,1
505,/mnt/c/Users/Chirayu/Documents/GitHub/2D-to-3D-image-reconstruction/facescape_224/fsmview_trainset_15_18_eye_closed_11.jpg,0.11644025146961212,0.17967656254768372,0.0632363110780716,8.85836160928011,0.7362100481987,0.5699161291122437,0.5699161291122437,22.212287000002107,20.47470100001192,real_npy,0,1
506,/mnt/c/Users/Chirayu/Documents/GitHub/2D-to-3D-image-reconstruction/facescape_224/fsmview_trainset_19_16_grin_36.jpg,0.03722622990608215,0.04259364679455757,0.005367416888475418,8.357792343944311,0.7283287644386292,0.3353250026702881,0.3353250026702881,37.24636300000839,60.20745099999658,real_npy,0,1
507,/mnt/c/Users/Chirayu/Documents/GitHub/2D-to-3D-image-reconstruction/facescape_224/fsmview_trainset_20_10_dimpler_28.jpg,0.08706139773130417,0.08899474143981934,0.0019333437085151672,8.221793487668037,0.6778921484947205,0.4883582592010498,0.4883582592010498,20.980960999963827,20.645160000071883,real_npy,0,1
508,/mnt/c/Users/Chirayu/Documents/GitHub/2D-to-3D-image-reconstruction/facescape_224/fsmview_trainset_10_1_neutral_55.jpg,0.1146925613284111,0.12169456481933594,0.007002003490924835,7.411335203796625,0.6922352313995361,0.30659323930740356,0.30659323930740356,24.77502099998219,20.185597000022426,real_npy,0,1
509,/mnt/c/Users/Chirayu/Documents/GitHub/2D-to-3D-image-reconstruction/facescape_224/fsmview_trainset_1_9_mouth_right_54.jpg,0.034657690674066544,76.27941131591797,76.2447536252439,170.98053869605064,85.00143432617188,0.3046026825904846,0.3046026825904846,19.78554400000121,19.519666999940455,real_npy,1,1
510,/mnt/c/Users/Chirayu/Documents/GitHub/2D-to-3D-image-reconstruction/facescape_224/fsmview_trainset_5_19_brow_raiser_15.jpg,0.03306844085454941,48.15604782104492,48.12297938019037,141.41340360045433,52.73406982421875,0.38292524218559265,0.38292524218559265,21.583749000001262,17.732039000065924,real_npy,1,1
511,/mnt/c/Users/Chirayu/Documents/GitHub/2D-to-3D-image-reconstruction/facescape_224/fsmview_trainset_2_6_jaw_right_2.jpg,0.21339941024780273,0.2065054327249527,-0.006893977522850037,8.340282507240772,0.7638049125671387,0.4783596992492676,0.4783596992492676,20.477515000038693,20.245732000034877,real_npy,0,1
512,/mnt/c/Users/Chirayu/Documents/GitHub/2D-to-3D-image-reconstruction/facescape_224/fsmview_trainset_12_6_jaw_right_25.jpg,0.8033835291862488,0.6505023837089539,-0.15288114547729492,8.111499292775989,0.713865339756012,0.5277134776115417,0.5277134776115417,20.255079999969894,21.297965000030672,real_npy,0,1
513,/mnt/c/Users/Chirayu/Documents/GitHub/2D-to-3D-image-reconstruction/facescape_224/fsmview_trainset_6_10_dimpler_26.jpg,0.048080235719680786,0.04658646136522293,-0.0014937743544578552,8.077522188425064,0.6864145994186401,0.3674190044403076,0.3674190044403076,23.5820310000463,49.23558400003003,real_npy,0,1
514,/mnt/c/Users/Chirayu/Documents/GitHub/2D-to-3D-image-reconstruction/facescape_224/fsmview_trainset_13_7_jaw_forward_16.jpg,0.05314232409000397,0.05028587952256203,-0.0028564445674419403,8.59263676032424,0.7237057089805603,0.4147831201553345,0.4147831201553345,22.938198000019838,18.773215999999593,real_npy,0,1
515,/mnt/c/Users/Chirayu/Documents/GitHub/2D-to-3D-image-reconstruction/facescape_224/fsmview_trainset_19_8_mouth_left_39.jpg,0.10315728187561035,0.1088201254606247,0.005662843585014343,8.887863393872976,0.7536343932151794,0.37238335609436035,0.37238335609436035,21.59166199999163,28.070718999970268,real_npy,0,1
516,/mnt/c/Users/Chirayu/Documents/GitHub/2D-to-3D-image-reconstruction/facescape_224/fsmview_trainset_20_18_eye_closed_28.jpg,0.07886982709169388,0.08374983817338943,0.004880011081695557,8.041612913832068,0.669104278087616,0.48619887232780457,0.48619887232780457,21.91381900001943,22.080681999909757,real_npy,0,1
517,/mnt/c/Users/Chirayu/Documents/GitHub/2D-to-3D-image-reconstruction/facescape_224/fsmview_trainset_9_19_brow_raiser_28.jpg,0.05909186229109764,0.07504826039075851,0.015956398099660873,8.386369623243809,0.6815174221992493,0.2716761827468872,0.2716761827468872,21.89915999997538,19.71421799999007,real_npy,0,1
518,/mnt/c/Users/Chirayu/Documents/GitHub/2D-to-3D-image-reconstruction/facescape_224/fsmview_trainset_19_16_grin_8.jpg,0.0425645187497139,0.05428468436002731,0.011720165610313416,8.797348856925964,0.7791016101837158,0.22704382240772247,0.22704382240772247,20.193726000002243,20.924893000028533,real_npy,0,1
519,/mnt/c/Users/Chirayu/Documents/GitHub/2D-to-3D-image-reconstruction/facescape_224/fsmview_trainset_12_1_neutral_43.jpg,0.12932613492012024,0.13594716787338257,0.006621032953262329,7.635171052068472,0.6552335619926453,0.47617223858833313,0.47617223858833313,23.286089999942305,22.038164999912624,real_npy,0,1
520,/mnt/c/Users/Chirayu/Documents/GitHub/2D-to-3D-image-reconstruction/facescape_224/fsmview_trainset_9_12_lip_puckerer_54.jpg,0.072344571352005,0.07127761840820312,-0.0010669529438018799,7.804714046418667,0.6676979064941406,0.4572223424911499,0.4572223424911499,20.68478400008189,21.126994000042032,real_npy,0,1
521,/mnt/c/Users/Chirayu/Documents/GitHub/2D-to-3D-image-reconstruction/facescape_224/fsmview_trainset_13_7_jaw_forward_52.jpg,0.07399791479110718,0.07009873539209366,-0.0038991793990135193,8.602157533168793,0.7082369923591614,0.38808730244636536,0.38808730244636536,47.78924400000051,21.27395799993792,real_npy,0,1
522,/mnt/c/Users/Chirayu/Documents/GitHub/2D-to-3D-image-reconstruction/facescape_224/fsmview_trainset_20_6_jaw_right_6.jpg,0.400491327047348,0.40539470314979553,0.00490337610244751,6.915982268750668,0.6821443438529968,0.5939916372299194,0.5939916372299194,32.5644370000191,41.413488999978654,real_npy,0,1
523,/mnt/c/Users/Chirayu/Documents/GitHub/2D-to-3D-image-reconstruction/facescape_224/fsmview_trainset_19_17_cheek_blowing_27.jpg,0.7868326902389526,0.7234131097793579,-0.06341958045959473,8.307239077985287,0.7524069547653198,0.38959434628486633,0.38959434628486633,21.661988000005294,20.10202600001776,real_npy,0,1
524,/mnt/c/Users/Chirayu/Documents/GitHub/2D-to-3D-image-reconstruction/facescape_224/fsmview_trainset_1_2_smile_24.jpg,0.06686754524707794,0.07149915397167206,0.004631608724594116,8.097817972302437,0.736747145652771,0.48433855175971985,0.48433855175971985,20.385001000022385,20.64155200002915,real_npy,0,1
525,/mnt/c/Users/Chirayu/Documents/GitHub/2D-to-3D-image-reconstruction/facescape_224/fsmview_trainset_14_15_lip_roll_20.jpg,0.0510595366358757,0.052159179002046585,0.0010996423661708832,7.261453323066235,0.6422778964042664,0.3034943640232086,0.3034943640232086,72.63522100004138,19.911883999952806,real_npy,0,1
526,/mnt/c/Users/Chirayu/Documents/GitHub/2D-to-3D-image-reconstruction/facescape_224/fsmview_trainset_7_5_jaw_left_18.jpg,0.03513482213020325,0.035045474767684937,-8.934736251831055e-05,8.097200941294432,0.6642314791679382,0.41949185729026794,0.41949185729026794,20.47431799996957,42.7120089999562,real_npy,0,1
527,/mnt/c/Users/Chirayu/Documents/GitHub/2D-to-3D-image-reconstruction/facescape_224/fsmview_trainset_12_18_eye_closed_39.jpg,0.0727233737707138,0.0767987072467804,0.004075333476066589,8.307078305631876,0.7033867239952087,0.46277081966400146,0.46277081966400146,23.956211999916377,22.03801799998928,real_npy,0,1
528,/mnt/c/Users/Chirayu/Documents/GitHub/2D-to-3D-image-reconstruction/facescape_224/fsmview_trainset_1_11_chin_raiser_42.jpg,0.10997986793518066,0.10741984099149704,-0.0025600269436836243,8.273869350552559,0.7148817181587219,0.4522884488105774,0.4522884488105774,21.833562999972855,21.728426999970907,real_npy,0,1
529,/mnt/c/Users/Chirayu/Documents/GitHub/2D-to-3D-image-reconstruction/facescape_224/fsmview_trainset_14_1_neutral_38.jpg,0.0547097772359848,0.052619192749261856,-0.002090584486722946,7.495919018983841,0.6204820275306702,0.3317272663116455,0.3317272663116455,22.04946199992719,20.840830999986792,real_npy,0,1
530,/mnt/c/Users/Chirayu/Documents/GitHub/2D-to-3D-image-reconstruction/facescape_224/fsmview_trainset_8_17_cheek_blowing_33.jpg,0.03040117397904396,20.62236785888672,20.591966684907675,98.28468859195709,23.843334197998047,0.2874932885169983,0.2874932885169983,22.5193420000096,21.637353999949482,real_npy,1,1
531,/mnt/c/Users/Chirayu/Documents/GitHub/2D-to-3D-image-reconstruction/facescape_224/fsmview_trainset_17_20_brow_lower_46.jpg,0.14462487399578094,0.1508345603942871,0.0062096863985061646,8.417980041354895,0.7453083395957947,0.4333338439464569,0.4333338439464569,44.02623999999378,22.521118999975442,real_npy,0,1
532,/mnt/c/Users/Chirayu/Documents/GitHub/2D-to-3D-image-reconstruction/facescape_224/fsmview_trainset_18_20_brow_lower_24.jpg,0.034995947033166885,0.03457823395729065,-0.00041771307587623596,8.230238921940327,0.7028075456619263,0.4116453230381012,0.4116453230381012,22.869893000006414,52.55566599998929,real_npy,0,1
533,/mnt/c/Users/Chirayu/Documents/GitHub/2D-to-3D-image-reconstruction/facescape_224/fsmview_trainset_20_3_mouth_stretch_58.jpg,0.0766499862074852,0.07203871011734009,-0.004611276090145111,8.398589670658112,0.7642218470573425,0.3718288242816925,0.3718288242816925,21.95539700005611,21.302140999978292,real_npy,0,1
534,/mnt/c/Users/Chirayu/Documents/GitHub/2D-to-3D-image-reconstruction/facescape_224/fsmview_trainset_6_9_mouth_right_36.jpg,0.10868865996599197,0.11748626083135605,0.008797600865364075,7.686883583664894,0.659280002117157,0.3382125198841095,0.3382125198841095,22.983141999930012,19.264938999981496,real_npy,0,1
535,/mnt/c/Users/Chirayu/Documents/GitHub/2D-to-3D-image-reconstruction/facescape_224/fsmview_trainset_12_6_jaw_right_8.jpg,0.060999784618616104,0.07546548545360565,0.014465700834989548,8.899676822125912,0.7432212233543396,0.5085646510124207,0.5085646510124207,21.339481000040905,19.814356999972915,real_npy,0,1
536,/mnt/c/Users/Chirayu/Documents/GitHub/2D-to-3D-image-reconstruction/facescape_224/fsmview_trainset_19_9_mouth_right_26.jpg,0.06406483799219131,0.05899776518344879,-0.005067072808742523,9.146191537380219,0.751290500164032,0.43291208148002625,0.43291208148002625,66.15968099993097,40.67610600009175,real_npy,0,1
537,/mnt/c/Users/Chirayu/Documents/GitHub/2D-to-3D-image-reconstruction/facescape_224/fsmview_trainset_11_8_mouth_left_45.jpg,0.8194205164909363,0.8187963962554932,-0.0006241202354431152,7.91229273378849,0.6556345820426941,0.556919276714325,0.556919276714325,20.693373999961295,19.13657299996885,real_npy,0,1
538,/mnt/c/Users/Chirayu/Documents/GitHub/2D-to-3D-image-reconstruction/facescape_224/fsmview_trainset_1_12_lip_puckerer_33.jpg,0.03582938760519028,1112.1072998046875,1112.0714704170823,605.3236954212189,1245.1025390625,0.37233251333236694,0.37233251333236694,22.586967000052027,21.677228000044124,real_npy,1,1
539,/mnt/c/Users/Chirayu/Documents/GitHub/2D-to-3D-image-reconstruction/facescape_224/fsmview_trainset_11_1_neutral_64.jpg,0.20747554302215576,0.21396957337856293,0.0064940303564071655,8.080478116869926,0.7235217690467834,0.4333241879940033,0.4333241879940033,23.464957999976832,20.807605999948464,real_npy,0,1
540,/mnt/c/Users/Chirayu/Documents/GitHub/2D-to-3D-image-reconstruction/facescape_224/fsmview_trainset_8_14_sadness_36.jpg,0.0539521761238575,0.045774903148412704,-0.008177272975444794,7.895774707198143,0.6690078377723694,0.3118177652359009,0.3118177652359009,22.002571000030002,20.445218000077148,real_npy,0,1
541,/mnt/c/Users/Chirayu/Documents/GitHub/2D-to-3D-image-reconstruction/facescape_224/fsmview_trainset_1_14_sadness_55.jpg,0.1202741488814354,176.0111846923828,175.89091054350138,246.5993613600731,243.7635955810547,0.28756198287010193,0.28756198287010193,103.32859100003589,19.090766999966036,real_npy,1,1
542,/mnt/c/Users/Chirayu/Documents/GitHub/2D-to-3D-image-reconstruction/facescape_224/fsmview_trainset_2_17_cheek_blowing_14.jpg,0.038073260337114334,0.03761746734380722,-0.00045579299330711365,7.907497111707926,0.7006793022155762,0.43426740169525146,0.43426740169525146,84.08661500004655,21.939929000041047,real_npy,0,1
543,/mnt/c/Users/Chirayu/Documents/GitHub/2D-to-3D-image-reconstruction/facescape_224/fsmview_trainset_20_4_anger_23.jpg,0.02977178432047367,0.029607443138957024,-0.00016434118151664734,7.483266018331051,0.6014119386672974,0.428470253944397,0.428470253944397,22.33586500005913,20.177834000037365,real_npy,0,1
544,/mnt/c/Users/Chirayu/Documents/GitHub/2D-to-3D-image-reconstruction/facescape_224/fsmview_trainset_18_1_neutral_39.jpg,0.15473857522010803,0.15046609938144684,-0.004272475838661194,8.414849117398262,0.8000370264053345,0.5385992527008057,0.5385992527008057,20.583379000072455,40.29877799996484,real_npy,0,1
545,/mnt/c/Users/Chirayu/Documents/GitHub/2D-to-3D-image-reconstruction/facescape_224/fsmview_trainset_20_16_grin_18.jpg,0.043945129960775375,0.04100462421774864,-0.0029405057430267334,7.752828571945429,0.6358882188796997,0.49556970596313477,0.49556970596313477,20.65848300003381,19.657570000049418,real_npy,0,1
546,/mnt/c/Users/Chirayu/Documents/GitHub/2D-to-3D-image-reconstruction/facescape_224/fsmview_trainset_20_11_chin_raiser_13.jpg,0.05345449224114418,0.0526447594165802,-0.0008097328245639801,8.384208850562572,0.6965164542198181,0.3882107436656952,0.3882107436656952,25.223200000027646,26.159957000004397,real_npy,0,1
547,/mnt/c/Users/Chirayu/Documents/GitHub/2D-to-3D-image-reconstruction/facescape_224/fsmview_trainset_14_5_jaw_left_30.jpg,0.04349343851208687,0.18275035917758942,0.13925692066550255,6.564742803573608,0.6208398342132568,0.27721816301345825,0.27721816301345825,22.490134000008766,21.081558999981098,real_npy,0,1
548,/mnt/c/Users/Chirayu/Documents/GitHub/2D-to-3D-image-reconstruction/facescape_224/fsmview_trainset_5_8_mouth_left_12.jpg,0.38782113790512085,0.40974998474121094,0.021928846836090088,7.3181535564363,0.6147188544273376,0.2783668041229248,0.2783668041229248,44.36586899998929,20.313933000011275,real_npy,0,1
549,/mnt/c/Users/Chirayu/Documents/GitHub/2D-to-3D-image-reconstruction/facescape_224/fsmview_trainset_5_8_mouth_left_57.jpg,0.0741296261548996,0.07468407601118088,0.0005544498562812805,8.452231764793396,0.7386952638626099,0.4203137159347534,0.4203137159347534,25.78342000003886,21.50264599993079,real_npy,0,1
550,/mnt/c/Users/Chirayu/Documents/GitHub/2D-to-3D-image-reconstruction/facescape_224/fsmview_trainset_3_16_grin_24.jpg,0.03868478909134865,0.03913376107811928,0.0004489719867706299,7.198525134474039,0.6473883986473083,0.3063829839229584,0.3063829839229584,23.91277000003811,22.766795999928036,real_npy,0,1
551,/mnt/c/Users/Chirayu/Documents/GitHub/2D-to-3D-image-reconstruction/facescape_224/fsmview_trainset_9_12_lip_puckerer_40.jpg,0.27682626247406006,0.29665178060531616,0.019825518131256104,6.7181623838841915,0.621265172958374,0.44121307134628296,0.44121307134628296,28.985740999928566,20.19206199997825,real_npy,0,1
552,/mnt/c/Users/Chirayu/Documents/GitHub/2D-to-3D-image-reconstruction/facescape_224/fsmview_trainset_17_19_brow_raiser_15.jpg,0.04787266626954079,0.04953277111053467,0.0016601048409938812,8.62300736643374,0.7060555815696716,0.3597918152809143,0.3597918152809143,20.018331000073886,20.24724199998218,real_npy,0,1
553,/mnt/c/Users/Chirayu/Documents/GitHub/2D-to-3D-image-reconstruction/facescape_224/fsmview_trainset_11_13_lip_funneler_21.jpg,0.043051328510046005,0.04628165066242218,0.003230322152376175,7.921108718961477,0.6465281248092651,0.486493319272995,0.486493319272995,40.19563899998957,21.10870599994996,real_npy,0,1
554,/mnt/c/Users/Chirayu/Documents/GitHub/2D-to-3D-image-reconstruction/facescape_224/fsmview_trainset_15_13_lip_funneler_33.jpg,0.12174982577562332,0.14181435108184814,0.020064525306224823,7.483450042083859,0.6491619944572449,0.5843969583511353,0.5843969583511353,21.307141999955093,24.081433999981527,real_npy,0,1
555,/mnt/c/Users/Chirayu/Documents/GitHub/2D-to-3D-image-reconstruction/facescape_224/fsmview_trainset_5_16_grin_41.jpg,0.11471131443977356,0.11524351686239243,0.000532202422618866,7.751184388995171,0.6828937530517578,0.4667949080467224,0.4667949080467224,29.06426700008069,25.540773999978228,real_npy,0,1
556,/mnt/c/Users/Chirayu/Documents/GitHub/2D-to-3D-image-reconstruction/facescape_224/fsmview_trainset_12_1_neutral_30.jpg,0.05731971561908722,0.053995560854673386,-0.0033241547644138336,9.308511151000857,0.768645167350769,0.5492187142372131,0.5492187142372131,20.88911599992116,21.319488000017373,real_npy,0,1
557,/mnt/c/Users/Chirayu/Documents/GitHub/2D-to-3D-image-reconstruction/facescape_224/fsmview_trainset_1_18_eye_closed_19.jpg,0.43122386932373047,0.4030202329158783,-0.028203636407852173,6.456154972314835,0.6077589988708496,0.4621879756450653,0.4621879756450653,22.02529900000627,20.746885999983533,real_npy,0,0
558,/mnt/c/Users/Chirayu/Documents/GitHub/2D-to-3D-image-reconstruction/facescape_224/fsmview_trainset_13_12_lip_puckerer_37.jpg,0.03720049187541008,1.315464735031128,1.2782642431557178,26.272577814757824,2.5939695835113525,0.3233707845211029,0.3233707845211029,20.121874999972533,43.80087300000923,real_npy,0,1
559,/mnt/c/Users/Chirayu/Documents/GitHub/2D-to-3D-image-reconstruction/facescape_224/fsmview_trainset_9_9_mouth_right_1.jpg,0.06801734119653702,0.07178013771772385,0.0037627965211868286,7.942095972597599,0.7052180767059326,0.3832211196422577,0.3832211196422577,28.7592610000047,71.77448299989919,real_npy,0,1
560,/mnt/c/Users/Chirayu/Documents/GitHub/2D-to-3D-image-reconstruction/facescape_224/fsmview_trainset_11_6_jaw_right_34.jpg,0.03801628574728966,77.25334167480469,77.2153253890574,173.53637939691544,83.99271392822266,0.5696970224380493,0.5696970224380493,21.424010000032467,19.27252600000884,real_npy,1,1
561,/mnt/c/Users/Chirayu/Documents/GitHub/2D-to-3D-image-reconstruction/facescape_224/fsmview_trainset_14_1_neutral_53.jpg,0.37510135769844055,0.4142242968082428,0.039122939109802246,7.743823908269405,0.6666306257247925,0.563467264175415,0.563467264175415,21.368953999967744,19.313987000032284,real_npy,0,1
562,/mnt/c/Users/Chirayu/Documents/GitHub/2D-to-3D-image-reconstruction/facescape_224/fsmview_trainset_5_14_sadness_41.jpg,0.11289035528898239,0.1132688820362091,0.0003785267472267151,7.9089693911373615,0.6942673921585083,0.47746971249580383,0.47746971249580383,23.857281999994484,23.250348000033227,real_npy,0,1
563,/mnt/c/Users/Chirayu/Documents/GitHub/2D-to-3D-image-reconstruction/facescape_224/fsmview_trainset_4_18_eye_closed_50.jpg,0.045701947063207626,0.04958178848028183,0.0038798414170742035,8.630180351436138,0.7207826972007751,0.31921878457069397,0.31921878457069397,21.017878000066048,28.4362869999768,real_npy,0,1
564,/mnt/c/Users/Chirayu/Documents/GitHub/2D-to-3D-image-reconstruction/facescape_224/fsmview_trainset_8_18_eye_closed_56.jpg,0.039303507655858994,0.04056546837091446,0.0012619607150554657,8.243517627939582,0.700788676738739,0.24128125607967377,0.24128125607967377,24.22879699997793,29.186530999936622,real_npy,0,1
565,/mnt/c/Users/Chirayu/Documents/GitHub/2D-to-3D-image-reconstruction/facescape_224/fsmview_trainset_19_4_anger_25.jpg,0.08100786060094833,0.07513052225112915,-0.005877338349819183,9.36905388534069,0.7512240409851074,0.4530054032802582,0.4530054032802582,24.868824000009226,43.547347999947306,real_npy,0,1
566,/mnt/c/Users/Chirayu/Documents/GitHub/2D-to-3D-image-reconstruction/facescape_224/fsmview_trainset_15_2_smile_58.jpg,0.06039867177605629,0.06394178420305252,0.003543112426996231,8.588041938841343,0.7762347459793091,0.4610586166381836,0.4610586166381836,19.980132000000594,30.746186999977,real_npy,0,1
567,/mnt/c/Users/Chirayu/Documents/GitHub/2D-to-3D-image-reconstruction/facescape_224/fsmview_trainset_7_18_eye_closed_22.jpg,0.24387750029563904,0.24484269320964813,0.0009651929140090942,7.113677576184273,0.696802020072937,0.6120597720146179,0.6120597720146179,20.231792000004134,41.67962099995748,real_npy,0,1
568,/mnt/c/Users/Chirayu/Documents/GitHub/2D-to-3D-image-reconstruction/facescape_224/fsmview_trainset_3_2_smile_52.jpg,0.15276816487312317,0.16074752807617188,0.007979363203048706,8.073386766016483,0.7211787700653076,0.4561603367328644,0.4561603367328644,38.379245999976774,35.958684000092944,real_npy,0,1
569,/mnt/c/Users/Chirayu/Documents/GitHub/2D-to-3D-image-reconstruction/facescape_224/fsmview_trainset_11_14_sadness_26.jpg,0.064510777592659,0.08480501174926758,0.02029423415660858,8.34239748865366,0.7355213761329651,0.48332685232162476,0.48332685232162476,19.85995699999421,19.47702899997239,real_npy,0,1
570,/mnt/c/Users/Chirayu/Documents/GitHub/2D-to-3D-image-reconstruction/facescape_224/fsmview_trainset_6_7_jaw_forward_27.jpg,0.04960126802325249,0.046107567846775055,-0.0034937001764774323,8.392268020659685,0.6896347999572754,0.37269988656044006,0.37269988656044006,23.28749700006938,22.79548599994996,real_npy,0,1
571,/mnt/c/Users/Chirayu/Documents/GitHub/2D-to-3D-image-reconstruction/facescape_224/fsmview_trainset_7_3_mouth_stretch_41.jpg,0.09557115286588669,0.09225818514823914,-0.0033129677176475525,8.032123379409313,0.7636538147926331,0.48061904311180115,0.48061904311180115,36.091819000034775,27.03073800000766,real_npy,0,1
572,/mnt/c/Users/Chirayu/Documents/GitHub/2D-to-3D-image-reconstruction/facescape_224/fsmview_trainset_4_10_dimpler_8.jpg,0.04122823104262352,0.0379350483417511,-0.0032931827008724213,7.703729048371315,0.668422281742096,0.1804199367761612,0.1804199367761612,23.630188000083763,55.80062600006386,real_npy,0,1
573,/mnt/c/Users/Chirayu/Documents/GitHub/2D-to-3D-image-reconstruction/facescape_224/fsmview_trainset_20_2_smile_44.jpg,0.08768648654222488,0.09492480009794235,0.007238313555717468,9.73232832737267,0.7670100927352905,0.4214431643486023,0.4214431643486023,22.750526999971044,22.09089899997707,real_npy,0,1
574,/mnt/c/Users/Chirayu/Documents/GitHub/2D-to-3D-image-reconstruction/facescape_224/fsmview_trainset_5_18_eye_closed_20.jpg,0.05528143048286438,0.054141368716955185,-0.001140061765909195,8.72332014143467,0.7394669055938721,0.3837125599384308,0.3837125599384308,22.116171999982726,21.154868000053284,real_npy,0,1
575,/mnt/c/Users/Chirayu/Documents/GitHub/2D-to-3D-image-reconstruction/facescape_224/fsmview_trainset_8_12_lip_puckerer_20.jpg,0.04205813631415367,0.04136223718523979,-0.0006958991289138794,8.506950162351131,0.6974073648452759,0.2873433232307434,0.2873433232307434,41.106043000013415,32.55274299999655,real_npy,0,1
576,/mnt/c/Users/Chirayu/Documents/GitHub/2D-to-3D-image-reconstruction/facescape_224/fsmview_trainset_12_4_anger_22.jpg,0.16938963532447815,0.15930864214897156,-0.010080993175506592,8.85810224711895,0.6905566453933716,0.5559110045433044,0.5559110045433044,23.322590000020682,54.92502599997806,real_npy,0,1
577,/mnt/c/Users/Chirayu/Documents/GitHub/2D-to-3D-image-reconstruction/facescape_224/fsmview_trainset_12_15_lip_roll_36.jpg,0.042532045394182205,8.851690292358398,8.809158246964216,66.41960400342941,10.216073989868164,0.3813866674900055,0.3813866674900055,22.743331000015132,20.12886099998923,real_npy,1,1
578,/mnt/c/Users/Chirayu/Documents/GitHub/2D-to-3D-image-reconstruction/facescape_224/fsmview_trainset_18_3_mouth_stretch_12.jpg,0.04836320877075195,0.052101124078035355,0.0037379153072834015,7.9477346912026405,0.7546059489250183,0.4047447741031647,0.4047447741031647,24.454513000023326,21.72510599996258,real_npy,0,1
579,/mnt/c/Users/Chirayu/Documents/GitHub/2D-to-3D-image-reconstruction/facescape_224/fsmview_trainset_20_13_lip_funneler_59.jpg,0.6706547737121582,0.6490721106529236,-0.02158266305923462,7.542199786752462,0.6821361184120178,0.461026668548584,0.461026668548584,19.82768900006704,20.447814000021935,real_npy,0,1
580,/mnt/c/Users/Chirayu/Documents/GitHub/2D-to-3D-image-reconstruction/facescape_224/fsmview_trainset_11_3_mouth_stretch_41.jpg,0.046346694231033325,0.04366869479417801,-0.002677999436855316,7.953627772629261,0.7393798232078552,0.4480973184108734,0.4480973184108734,20.3203940000094,19.27400099998522,real_npy,0,1
581,/mnt/c/Users/Chirayu/Documents/GitHub/2D-to-3D-image-reconstruction/facescape_224/fsmview_trainset_11_12_lip_puckerer_29.jpg,0.17108996212482452,30.368371963500977,30.197282001376152,116.99255734682083,34.41304016113281,0.41843947768211365,0.41843947768211365,22.779756999966594,22.098208999977942,real_npy,1,1
582,/mnt/c/Users/Chirayu/Documents/GitHub/2D-to-3D-image-reconstruction/facescape_224/fsmview_trainset_3_4_anger_2.jpg,0.04915277287364006,0.0555892139673233,0.006436441093683243,8.434137120842934,0.7399901151657104,0.43584001064300537,0.43584001064300537,29.93406200005211,18.741664000003766,real_npy,0,1
583,/mnt/c/Users/Chirayu/Documents/GitHub/2D-to-3D-image-reconstruction/facescape_224/fsmview_trainset_4_10_dimpler_27.jpg,0.07919952273368835,0.08144933730363846,0.0022498145699501038,7.749696791172028,0.6948343515396118,0.3588310182094574,0.3588310182094574,20.074734999980137,18.78500099996927,real_npy,0,1
584,/mnt/c/Users/Chirayu/Documents/GitHub/2D-to-3D-image-reconstruction/facescape_224/fsmview_trainset_9_1_neutral_12.jpg,0.03299573436379433,3.045227289199829,3.0122315548360348,39.953244507312775,4.214876174926758,0.23448629677295685,0.23448629677295685,79.49374199995418,49.47608999998465,real_npy,1,1
585,/mnt/c/Users/Chirayu/Documents/GitHub/2D-to-3D-image-reconstruction/facescape_224/fsmview_trainset_12_13_lip_funneler_5.jpg,0.43426477909088135,0.43281298875808716,-0.0014517903327941895,6.67133891582489,0.633266806602478,0.5006036758422852,0.5006036758422852,24.130248999995274,19.27583200006211,real_npy,0,1
586,/mnt/c/Users/Chirayu/Documents/GitHub/2D-to-3D-image-reconstruction/facescape_224/fsmview_trainset_5_18_eye_closed_3.jpg,0.3179296553134918,0.32451915740966797,0.0065895020961761475,7.85729094594717,0.6728115677833557,0.3763418197631836,0.3763418197631836,20.539136000024882,21.79637400001866,real_npy,0,1
587,/mnt/c/Users/Chirayu/Documents/GitHub/2D-to-3D-image-reconstruction/facescape_224/fsmview_trainset_1_3_mouth_stretch_44.jpg,0.11618616431951523,0.12116042524576187,0.004974260926246643,7.973199792206287,0.681576669216156,0.4969756305217743,0.4969756305217743,22.053169999935562,22.7657379999755,real_npy,0,1
588,/mnt/c/Users/Chirayu/Documents/GitHub/2D-to-3D-image-reconstruction/facescape_224/fsmview_trainset_11_3_mouth_stretch_17.jpg,0.047941066324710846,0.05350657179951668,0.005565505474805832,7.607636943459511,0.7250595688819885,0.5002537965774536,0.5002537965774536,21.704680999960146,24.302921000071365,real_npy,0,1
589,/mnt/c/Users/Chirayu/Documents/GitHub/2D-to-3D-image-reconstruction/facescape_224/fsmview_trainset_8_10_dimpler_40.jpg,0.25559496879577637,0.2828768491744995,0.027281880378723145,6.379542350769043,0.5974896550178528,0.43297427892684937,0.43297427892684937,24.0448000000697,21.38029100001404,real_npy,0,0
590,/mnt/c/Users/Chirayu/Documents/GitHub/2D-to-3D-image-reconstruction/facescape_224/fsmview_trainset_18_15_lip_roll_39.jpg,0.10348082333803177,0.09451417624950409,-0.00896664708852768,7.800469476729631,0.7036902904510498,0.5248039960861206,0.5248039960861206,21.802828000090813,23.823569999990468,real_npy,0,1
591,/mnt/c/Users/Chirayu/Documents/GitHub/2D-to-3D-image-reconstruction/facescape_224/fsmview_trainset_19_12_lip_puckerer_5.jpg,0.056894395500421524,0.06546587496995926,0.008571479469537735,8.292145997285843,0.6799816489219666,0.2442668378353119,0.2442668378353119,21.430230000078154,21.186368000030598,real_npy,0,1
592,/mnt/c/Users/Chirayu/Documents/GitHub/2D-to-3D-image-reconstruction/facescape_224/fsmview_trainset_9_12_lip_puckerer_22.jpg,0.2884127199649811,0.34709522128105164,0.05868250131607056,7.014672115445137,0.6618933081626892,0.6099624633789062,0.6099624633789062,21.370249000028707,22.727096000039637,real_npy,0,1
593,/mnt/c/Users/Chirayu/Documents/GitHub/2D-to-3D-image-reconstruction/facescape_224/fsmview_trainset_4_14_sadness_45.jpg,0.11685754358768463,0.13930301368236542,0.022445470094680786,9.69882876984775,0.8001852035522461,0.3023150861263275,0.3023150861263275,23.765155999967646,20.719270999961736,real_npy,0,1
594,/mnt/c/Users/Chirayu/Documents/GitHub/2D-to-3D-image-reconstruction/facescape_224/fsmview_trainset_12_10_dimpler_0.jpg,0.042514823377132416,3.1965909004211426,3.15407607704401,40.0928066521883,4.607327938079834,0.40273210406303406,0.40273210406303406,34.38710299997183,76.03555100001813,real_npy,1,1
595,/mnt/c/Users/Chirayu/Documents/GitHub/2D-to-3D-image-reconstruction/facescape_224/fsmview_trainset_3_16_grin_35.jpg,0.11133074760437012,0.12784923613071442,0.0165184885263443,7.628185089677572,0.6965585947036743,0.3745650053024292,0.3745650053024292,20.56695800001762,19.42953100001432,real_npy,0,1
596,/mnt/c/Users/Chirayu/Documents/GitHub/2D-to-3D-image-reconstruction/facescape_224/fsmview_trainset_14_1_neutral_59.jpg,0.04687347635626793,0.05185198411345482,0.00497850775718689,7.339670475572348,0.6375918984413147,0.35642388463020325,0.35642388463020325,19.83176999999614,54.89274199999272,real_npy,0,1
597,/mnt/c/Users/Chirayu/Documents/GitHub/2D-to-3D-image-reconstruction/facescape_224/fsmview_trainset_19_1_neutral_9.jpg,0.06241106986999512,0.07346032559871674,0.011049255728721619,9.003628622740507,0.7552438378334045,0.2641943395137787,0.2641943395137787,21.83291200003623,21.886342000016157,real_npy,0,1
598,/mnt/c/Users/Chirayu/Documents/GitHub/2D-to-3D-image-reconstruction/facescape_224/fsmview_trainset_19_5_jaw_left_27.jpg,0.6682631373405457,0.6235737204551697,-0.04468941688537598,8.120007652789354,0.7238671183586121,0.38147464394569397,0.38147464394569397,26.965525000036905,22.77385599995796,real_npy,0,1
599,/mnt/c/Users/Chirayu/Documents/GitHub/2D-to-3D-image-reconstruction/facescape_224/fsmview_trainset_7_13_lip_funneler_40.jpg,0.18967045843601227,0.1987464427947998,0.009075984358787537,6.7551612816751,0.6337679624557495,0.4355403780937195,0.4355403780937195,20.51916400000664,20.93523799999275,real_npy,0,1
600,/mnt/c/Users/Chirayu/Documents/GitHub/2D-to-3D-image-reconstruction/facescape_224/fsmview_trainset_3_2_smile_25.jpg,0.035011325031518936,0.03656492382287979,0.001553598791360855,7.704285833984613,0.659692645072937,0.32926955819129944,0.32926955819129944,34.29308800002673,21.4654229999951,real_npy,0,1
601,/mnt/c/Users/Chirayu/Documents/GitHub/2D-to-3D-image-reconstruction/facescape_224/fsmview_trainset_7_3_mouth_stretch_16.jpg,0.04487578198313713,29.23712158203125,29.192245800048113,114.61164917051792,32.81424331665039,0.35120680928230286,0.35120680928230286,35.302606999948694,20.288381999989724,real_npy,1,1
602,/mnt/c/Users/Chirayu/Documents/GitHub/2D-to-3D-image-reconstruction/facescape_224/fsmview_trainset_7_13_lip_funneler_18.jpg,0.04121631756424904,0.04053856432437897,-0.0006777532398700714,8.37419807119295,0.686123251914978,0.42149871587753296,0.42149871587753296,22.863156999960665,20.054362999985642,real_npy,0,1
603,/mnt/c/Users/Chirayu/Documents/GitHub/2D-to-3D-image-reconstruction/facescape_224/fsmview_trainset_4_11_chin_raiser_44.jpg,0.10616137832403183,0.09875934571027756,-0.0074020326137542725,8.41772310435772,0.7076810598373413,0.3701329529285431,0.3701329529285431,73.44365399990238,20.080900000039037,real_npy,0,1
604,/mnt/c/Users/Chirayu/Documents/GitHub/2D-to-3D-image-reconstruction/facescape_224/fsmview_trainset_5_10_dimpler_15.jpg,0.03746957704424858,0.7644979357719421,0.7270283587276936,19.14990335702896,1.6616612672805786,0.38586440682411194,0.38586440682411194,21.03647199999159,22.712920000003578,real_npy,0,1
605,/mnt/c/Users/Chirayu/Documents/GitHub/2D-to-3D-image-reconstruction/facescape_224/fsmview_trainset_15_16_grin_18.jpg,0.04665635526180267,0.05156491696834564,0.004908561706542969,8.035909362137318,0.7346013188362122,0.5432904958724976,0.5432904958724976,21.57492599997113,27.520433999939087,real_npy,0,1
606,/mnt/c/Users/Chirayu/Documents/GitHub/2D-to-3D-image-reconstruction/facescape_224/fsmview_trainset_12_14_sadness_38.jpg,0.0329073965549469,0.5888609290122986,0.5559535324573517,17.117329890374094,1.459607481956482,0.43636980652809143,0.43636980652809143,20.74334799999633,21.608773000025394,real_npy,0,1
607,/mnt/c/Users/Chirayu/Documents/GitHub/2D-to-3D-image-reconstruction/facescape_224/fsmview_trainset_14_20_brow_lower_64.jpg,0.46804478764533997,0.4589671492576599,-0.009077638387680054,7.020775735378265,0.6110125184059143,0.46292486786842346,0.46292486786842346,19.613600999946357,31.8802259999984,real_npy,0,1
608,/mnt/c/Users/Chirayu/Documents/GitHub/2D-to-3D-image-reconstruction/facescape_224/fsmview_trainset_8_17_cheek_blowing_22.jpg,0.04523986950516701,0.04558173194527626,0.00034186244010925293,8.012650724500418,0.6625560522079468,0.2935929596424103,0.2935929596424103,20.337169999947946,50.02374299999701,real_npy,0,1
609,/mnt/c/Users/Chirayu/Documents/GitHub/2D-to-3D-image-reconstruction/facescape_224/fsmview_trainset_15_14_sadness_10.jpg,0.20983624458312988,0.2492855042219162,0.039449259638786316,8.206185854971409,0.7277782559394836,0.5904510021209717,0.5904510021209717,71.07816799998545,21.340673000054267,real_npy,0,1
610,/mnt/c/Users/Chirayu/Documents/GitHub/2D-to-3D-image-reconstruction/facescape_224/fsmview_trainset_15_8_mouth_left_18.jpg,0.04113245755434036,0.041073061525821686,-5.939602851867676e-05,7.906566213816404,0.6476656794548035,0.5479838848114014,0.5479838848114014,21.42451899999287,20.848532000059095,real_npy,0,1
611,/mnt/c/Users/Chirayu/Documents/GitHub/2D-to-3D-image-reconstruction/facescape_224/fsmview_trainset_17_4_anger_19.jpg,0.057383134961128235,0.0600263848900795,0.0026432499289512634,9.087864287663251,0.7757030129432678,0.33018627762794495,0.33018627762794495,128.45318699999098,20.261572999970667,real_npy,0,1
612,/mnt/c/Users/Chirayu/Documents/GitHub/2D-to-3D-image-reconstruction/facescape_224/fsmview_trainset_14_18_eye_closed_19.jpg,0.042646121233701706,0.045891910791397095,0.003245789557695389,7.212582848966122,0.6431103944778442,0.5449700355529785,0.5449700355529785,43.09609200004161,32.58818800009067,real_npy,0,1
613,/mnt/c/Users/Chirayu/Documents/GitHub/2D-to-3D-image-reconstruction/facescape_224/fsmview_trainset_9_2_smile_25.jpg,0.04501381143927574,0.04484511539340019,-0.00016869604587554932,8.51959109865129,0.7024046778678894,0.3313310146331787,0.3313310146331787,21.36322699993798,21.243889999936982,real_npy,0,1
614,/mnt/c/Users/Chirayu/Documents/GitHub/2D-to-3D-image-reconstruction/facescape_224/fsmview_trainset_17_12_lip_puckerer_12.jpg,0.151999369263649,1.9889492988586426,1.8369499295949936,31.629278242588043,3.109462022781372,0.24646049737930298,0.24646049737930298,52.972400999919955,29.471917999899233,real_npy,0,1
615,/mnt/c/Users/Chirayu/Documents/GitHub/2D-to-3D-image-reconstruction/facescape_224/fsmview_trainset_14_18_eye_closed_64.jpg,0.06764071434736252,0.06956362724304199,0.0019229128956794739,9.025011990219355,0.8238614797592163,0.43885770440101624,0.43885770440101624,41.90018399992823,23.20624100002533,real_npy,0,1
616,/mnt/c/Users/Chirayu/Documents/GitHub/2D-to-3D-image-reconstruction/facescape_224/fsmview_trainset_1_3_mouth_stretch_17.jpg,0.045739125460386276,162.95306396484375,162.90732483938336,236.1662276983261,226.625,0.3351636230945587,0.3351636230945587,22.50775799996063,18.299153999919326,real_npy,1,1
617,/mnt/c/Users/Chirayu/Documents/GitHub/2D-to-3D-image-reconstruction/facescape_224/fsmview_trainset_1_2_smile_10.jpg,0.03252783790230751,0.03470933809876442,0.002181500196456909,8.340484496206045,0.7391155362129211,0.3085261285305023,0.3085261285305023,21.462549000034414,19.311953999931575,real_npy,0,1
618,/mnt/c/Users/Chirayu/Documents/GitHub/2D-to-3D-image-reconstruction/facescape_224/fsmview_trainset_15_6_jaw_right_18.jpg,0.05073978751897812,0.049525514245033264,-0.0012142732739448547,8.080520667135715,0.7027402520179749,0.546326756477356,0.546326756477356,33.83412599998792,22.653094000020246,real_npy,0,1
619,/mnt/c/Users/Chirayu/Documents/GitHub/2D-to-3D-image-reconstruction/facescape_224/fsmview_trainset_5_1_neutral_10.jpg,0.24407875537872314,0.23943859338760376,-0.004640161991119385,8.612012714147568,0.7946221232414246,0.5788794755935669,0.5788794755935669,21.908862999907797,21.682090000012977,real_npy,0,1
620,/mnt/c/Users/Chirayu/Documents/GitHub/2D-to-3D-image-reconstruction/facescape_224/fsmview_trainset_6_12_lip_puckerer_56.jpg,0.0868917778134346,0.08589810878038406,-0.0009936690330505371,8.468425933271646,0.7353633046150208,0.36923345923423767,0.36923345923423767,25.02097500007494,19.419142999936412,real_npy,0,1
621,/mnt/c/Users/Chirayu/Documents/GitHub/2D-to-3D-image-reconstruction/facescape_224/fsmview_trainset_13_18_eye_closed_56.jpg,0.15517784655094147,0.16881145536899567,0.0136336088180542,7.943779397755861,0.6539919376373291,0.41399815678596497,0.41399815678596497,21.949621000089792,46.159406000015224,real_npy,0,1
622,/mnt/c/Users/Chirayu/Documents/GitHub/2D-to-3D-image-reconstruction/facescape_224/fsmview_trainset_5_1_neutral_27.jpg,0.041684333235025406,0.04759588837623596,0.005911555141210556,7.661178082227707,0.639144241809845,0.28012198209762573,0.28012198209762573,22.96109900009924,18.935259000045335,real_npy,0,1
623,/mnt/c/Users/Chirayu/Documents/GitHub/2D-to-3D-image-reconstruction/facescape_224/fsmview_trainset_12_15_lip_roll_20.jpg,0.8452886343002319,0.7250532507896423,-0.1202353835105896,7.685118220746517,0.6803047060966492,0.4954589009284973,0.4954589009284973,23.461143999952583,21.535384999992857,real_npy,0,1
624,/mnt/c/Users/Chirayu/Documents/GitHub/2D-to-3D-image-reconstruction/facescape_224/fsmview_trainset_15_10_dimpler_59.jpg,0.03972326219081879,0.04403045400977135,0.00430719181895256,7.898584879934788,0.6428959369659424,0.40469881892204285,0.40469881892204285,21.344222000038826,21.051551000027757,real_npy,0,1
625,/mnt/c/Users/Chirayu/Documents/GitHub/2D-to-3D-image-reconstruction/facescape_224/fsmview_trainset_1_11_chin_raiser_32.jpg,0.27277666330337524,1276.8756103515625,1276.6028336882591,650.0643937587738,1458.5804443359375,0.24136222898960114,0.24136222898960114,34.69555799995305,21.388581999985945,real_npy,1,1
626,/mnt/c/Users/Chirayu/Documents/GitHub/2D-to-3D-image-reconstruction/facescape_224/fsmview_trainset_16_3_mouth_stretch_10.jpg,0.0288664810359478,0.03313503786921501,0.004268556833267212,7.173631310462952,0.6371320486068726,0.30968430638313293,0.30968430638313293,20.569503000047007,18.924745999925108,real_npy,0,1
627,/mnt/c/Users/Chirayu/Documents/GitHub/2D-to-3D-image-reconstruction/facescape_224/fsmview_trainset_1_15_lip_roll_42.jpg,0.14472214877605438,0.1203797310590744,-0.02434241771697998,7.877351760864258,0.7510114908218384,0.44607818126678467,0.44607818126678467,22.34121200001482,21.85365599996203,real_npy,0,1
628,/mnt/c/Users/Chirayu/Documents/GitHub/2D-to-3D-image-reconstruction/facescape_224/fsmview_trainset_19_17_cheek_blowing_3.jpg,0.07626202702522278,0.07035928964614868,-0.005902737379074097,9.453541155904531,0.7584760785102844,0.35662177205085754,0.35662177205085754,22.055938999983482,20.956725000019105,real_npy,0,1
629,/mnt/c/Users/Chirayu/Documents/GitHub/2D-to-3D-image-reconstruction/facescape_224/fsmview_trainset_20_8_mouth_left_7.jpg,0.982928991317749,0.9696164131164551,-0.013312578201293945,7.3444673251360655,0.6735958456993103,0.5077872276306152,0.5077872276306152,62.58605499999703,45.8554470000081,real_npy,0,1
630,/mnt/c/Users/Chirayu/Documents/GitHub/2D-to-3D-image-reconstruction/facescape_224/fsmview_trainset_12_16_grin_49.jpg,0.05264495313167572,0.049647558480501175,-0.0029973946511745453,7.938280824571848,0.6885076761245728,0.4624752104282379,0.4624752104282379,21.91029100004016,21.041905999936716,real_npy,0,1
631,/mnt/c/Users/Chirayu/Documents/GitHub/2D-to-3D-image-reconstruction/facescape_224/fsmview_trainset_5_8_mouth_left_54.jpg,0.26800647377967834,0.23270900547504425,-0.035297468304634094,8.07292128354311,0.730578601360321,0.5084623694419861,0.5084623694419861,21.444685000005848,22.16310300002533,real_npy,0,1
632,/mnt/c/Users/Chirayu/Documents/GitHub/2D-to-3D-image-reconstruction/facescape_224/fsmview_trainset_2_11_chin_raiser_54.jpg,0.17340895533561707,0.17463429272174835,0.0012253373861312866,8.46162623912096,0.701043963432312,0.49403151869773865,0.49403151869773865,21.066615999984606,19.933766999997715,real_npy,0,1
633,/mnt/c/Users/Chirayu/Documents/GitHub/2D-to-3D-image-reconstruction/facescape_224/fsmview_trainset_7_9_mouth_right_10.jpg,0.030798757448792458,0.03172601759433746,0.0009272601455450058,7.66917260363698,0.6447124481201172,0.3365754187107086,0.3365754187107086,21.292980999987776,19.799694999960593,real_npy,0,1
634,/mnt/c/Users/Chirayu/Documents/GitHub/2D-to-3D-image-reconstruction/facescape_224/fsmview_trainset_3_13_lip_funneler_6.jpg,0.054045334458351135,0.052865296602249146,-0.0011800378561019897,8.225072346627712,0.7482004165649414,0.3253061771392822,0.3253061771392822,38.93542499997693,21.09122700005628,real_npy,0,1
635,/mnt/c/Users/Chirayu/Documents/GitHub/2D-to-3D-image-reconstruction/facescape_224/fsmview_trainset_9_15_lip_roll_28.jpg,0.04652048647403717,0.0442064106464386,-0.0023140758275985718,7.680131785571575,0.6358826160430908,0.24663875997066498,0.24663875997066498,20.157971999992697,20.317858999987948,real_npy,0,1
636,/mnt/c/Users/Chirayu/Documents/GitHub/2D-to-3D-image-reconstruction/facescape_224/fsmview_trainset_13_13_lip_funneler_9.jpg,0.06597600132226944,0.06881118565797806,0.002835184335708618,8.196836899966002,0.7012777924537659,0.4180554747581482,0.4180554747581482,20.91345300004832,20.360714000048574,real_npy,0,1
637,/mnt/c/Users/Chirayu/Documents/GitHub/2D-to-3D-image-reconstruction/facescape_224/fsmview_trainset_3_14_sadness_39.jpg,0.049432262778282166,0.052960507571697235,0.0035282447934150696,7.763781279325485,0.6921495795249939,0.38110002875328064,0.38110002875328064,42.44083200001114,21.059166999975787,real_npy,0,1
638,/mnt/c/Users/Chirayu/Documents/GitHub/2D-to-3D-image-reconstruction/facescape_224/fsmview_trainset_12_2_smile_52.jpg,0.05294445529580116,0.0513959564268589,-0.0015484988689422607,7.800247710198164,0.6371357440948486,0.4765028655529022,0.4765028655529022,20.949922999989212,22.38883799998348,real_npy,0,1
639,/mnt/c/Users/Chirayu/Documents/GitHub/2D-to-3D-image-reconstruction/facescape_224/fsmview_trainset_1_9_mouth_right_55.jpg,0.05501869320869446,0.6158854365348816,0.5608667433261871,14.05795794352889,1.4357225894927979,0.3305267095565796,0.3305267095565796,39.205628999980036,23.258299999952214,real_npy,0,1
640,/mnt/c/Users/Chirayu/Documents/GitHub/2D-to-3D-image-reconstruction/facescape_224/fsmview_trainset_3_9_mouth_right_28.jpg,0.03695187345147133,0.0371125228703022,0.00016064941883087158,7.595364309847355,0.6431396007537842,0.2812926769256592,0.2812926769256592,52.71337500005302,21.31924299999355,real_npy,0,1
641,/mnt/c/Users/Chirayu/Documents/GitHub/2D-to-3D-image-reconstruction/facescape_224/fsmview_trainset_15_13_lip_funneler_10.jpg,0.1444435566663742,0.16278867423534393,0.018345117568969727,8.228439677506685,0.7366892695426941,0.5664705038070679,0.5664705038070679,21.975429000008262,20.94447800004673,real_npy,0,1
642,/mnt/c/Users/Chirayu/Documents/GitHub/2D-to-3D-image-reconstruction/facescape_224/fsmview_trainset_19_6_jaw_right_24.jpg,0.06986908614635468,0.0772174820303917,0.007348395884037018,9.434705892112106,0.791253924369812,0.33272045850753784,0.33272045850753784,56.68881099995815,45.736962999967545,real_npy,0,1
643,/mnt/c/Users/Chirayu/Documents/GitHub/2D-to-3D-image-reconstruction/facescape_224/fsmview_trainset_10_2_smile_32.jpg,0.2503935396671295,1033.133056640625,1032.8826631009579,581.4516041278839,1127.381103515625,0.21470031142234802,0.21470031142234802,22.0331890000125,20.601470999963567,real_npy,1,1
644,/mnt/c/Users/Chirayu/Documents/GitHub/2D-to-3D-image-reconstruction/facescape_224/fsmview_trainset_2_14_sadness_46.jpg,0.4332039952278137,0.41838622093200684,-0.014817774295806885,6.482256531715393,0.5766919851303101,0.5112932920455933,0.5112932920455933,21.441085999981624,21.750153999960276,template_fallback,0,0
645,/mnt/c/Users/Chirayu/Documents/GitHub/2D-to-3D-image-reconstruction/facescape_224/fsmview_trainset_13_19_brow_raiser_4.jpg,0.058667268604040146,0.05481750890612602,-0.0038497596979141235,9.213766297325492,0.7536803483963013,0.39463010430336,0.39463010430336,20.7512870000528,22.772657999894363,real_npy,0,1
646,/mnt/c/Users/Chirayu/Documents/GitHub/2D-to-3D-image-reconstruction/facescape_224/fsmview_trainset_18_4_anger_36.jpg,0.05250865966081619,2.5769073963165283,2.524398736655712,36.89458981156349,3.816382884979248,0.4332020580768585,0.4332020580768585,43.98331300001246,47.03524900003231,real_npy,1,1
647,/mnt/c/Users/Chirayu/Documents/GitHub/2D-to-3D-image-reconstruction/facescape_224/fsmview_trainset_2_2_smile_41.jpg,0.8137673735618591,0.7305963635444641,-0.08317101001739502,7.802099544554949,0.7187091112136841,0.40586578845977783,0.40586578845977783,21.664841999950113,19.59313400004703,real_npy,0,1
648,/mnt/c/Users/Chirayu/Documents/GitHub/2D-to-3D-image-reconstruction/facescape_224/fsmview_trainset_2_14_sadness_27.jpg,0.06344195455312729,0.06294760853052139,-0.000494346022605896,9.271545181050897,0.7706134915351868,0.4302729368209839,0.4302729368209839,22.52652999993643,22.72860799996579,real_npy,0,1
649,/mnt/c/Users/Chirayu/Documents/GitHub/2D-to-3D-image-reconstruction/facescape_224/fsmview_trainset_7_19_brow_raiser_27.jpg,0.05628373846411705,0.05085016041994095,-0.005433578044176102,8.809429910033941,0.7281994223594666,0.42359185218811035,0.42359185218811035,25.03884099996867,21.500144000015098,real_npy,0,1
650,/mnt/c/Users/Chirayu/Documents/GitHub/2D-to-3D-image-reconstruction/facescape_224/fsmview_trainset_2_9_mouth_right_55.jpg,0.11029548197984695,0.10986597836017609,-0.0004295036196708679,8.67146535590291,0.7592906355857849,0.42509400844573975,0.42509400844573975,20.95294399998693,21.13471200004824,real_npy,0,1
651,/mnt/c/Users/Chirayu/Documents/GitHub/2D-to-3D-image-reconstruction/facescape_224/fsmview_trainset_7_1_neutral_53.jpg,0.09892392158508301,0.0952782854437828,-0.0036456361413002014,8.170508846640587,0.7108836770057678,0.43653008341789246,0.43653008341789246,23.383418999969763,21.591696000086813,real_npy,0,1
652,/mnt/c/Users/Chirayu/Documents/GitHub/2D-to-3D-image-reconstruction/facescape_224/fsmview_trainset_19_19_brow_raiser_12.jpg,0.25990575551986694,0.27800849080085754,0.0181027352809906,7.580319367349148,0.6464723944664001,0.305603951215744,0.305603951215744,21.35155600001326,20.96954299997833,real_npy,0,1
653,/mnt/c/Users/Chirayu/Documents/GitHub/2D-to-3D-image-reconstruction/facescape_224/fsmview_trainset_12_16_grin_21.jpg,0.060395631939172745,0.06482785195112228,0.004432220011949539,9.146255105733871,0.7368857264518738,0.5503809452056885,0.5503809452056885,23.05475799994383,22.498110000015004,real_npy,0,1
654,/mnt/c/Users/Chirayu/Documents/GitHub/2D-to-3D-image-reconstruction/facescape_224/fsmview_trainset_3_9_mouth_right_17.jpg,0.03321368619799614,8.128395080566406,8.09518139436841,64.32929987460375,9.738838195800781,0.34022974967956543,0.34022974967956543,20.33169399999224,18.63970400006565,real_npy,1,1
655,/mnt/c/Users/Chirayu/Documents/GitHub/2D-to-3D-image-reconstruction/facescape_224/fsmview_trainset_10_20_brow_lower_19.jpg,0.04939281940460205,0.05190049856901169,0.0025076791644096375,8.53776950435713,0.7189298272132874,0.34271878004074097,0.34271878004074097,21.976210000048013,19.34061200006454,real_npy,0,1
656,/mnt/c/Users/Chirayu/Documents/GitHub/2D-to-3D-image-reconstruction/facescape_224/fsmview_trainset_3_14_sadness_24.jpg,0.04498244449496269,0.28037580847740173,0.23539336398243904,12.154769968707114,1.0300486087799072,0.4445990025997162,0.4445990025997162,21.624801000029947,20.367105999980595,real_npy,0,1
657,/mnt/c/Users/Chirayu/Documents/GitHub/2D-to-3D-image-reconstruction/facescape_224/fsmview_trainset_11_15_lip_roll_11.jpg,0.0817142054438591,0.1867484152317047,0.10503420978784561,7.255550362169743,0.6466624736785889,0.5791813731193542,0.5791813731193542,20.84296999998969,21.784539999998742,real_npy,0,1
658,/mnt/c/Users/Chirayu/Documents/GitHub/2D-to-3D-image-reconstruction/facescape_224/fsmview_trainset_20_9_mouth_right_52.jpg,0.16380354762077332,0.17052766680717468,0.006724119186401367,7.808804400265217,0.693852961063385,0.5087763071060181,0.5087763071060181,19.816407999996954,31.047985999975936,real_npy,0,1
659,/mnt/c/Users/Chirayu/Documents/GitHub/2D-to-3D-image-reconstruction/facescape_224/fsmview_trainset_12_12_lip_puckerer_32.jpg,0.03746737912297249,76.39866638183594,76.36119900271297,171.03139916062355,84.52062225341797,0.44356340169906616,0.44356340169906616,21.36521600004926,37.55425099996046,real_npy,1,1
660,/mnt/c/Users/Chirayu/Documents/GitHub/2D-to-3D-image-reconstruction/facescape_224/fsmview_trainset_1_5_jaw_left_13.jpg,0.21169771254062653,0.20733074843883514,-0.004366964101791382,6.886448726058006,0.6167182922363281,0.5029977560043335,0.5029977560043335,20.059695999975702,20.479175999980725,real_npy,0,1
661,/mnt/c/Users/Chirayu/Documents/GitHub/2D-to-3D-image-reconstruction/facescape_224/fsmview_trainset_7_10_dimpler_0.jpg,0.23108717799186707,0.211277574300766,-0.019809603691101074,7.020917937159538,0.6625658869743347,0.4833834171295166,0.4833834171295166,21.422717999939778,18.813206000004357,real_npy,0,1
662,/mnt/c/Users/Chirayu/Documents/GitHub/2D-to-3D-image-reconstruction/facescape_224/fsmview_trainset_5_13_lip_funneler_9.jpg,0.03806336596608162,0.042457494884729385,0.004394128918647766,8.052259109914303,0.6824876666069031,0.30542418360710144,0.30542418360710144,20.986612000001514,21.531119999963266,real_npy,0,1
663,/mnt/c/Users/Chirayu/Documents/GitHub/2D-to-3D-image-reconstruction/facescape_224/fsmview_trainset_8_8_mouth_left_2.jpg,0.0514310821890831,0.04990759491920471,-0.0015234872698783875,7.689096495509148,0.6672058701515198,0.2701028287410736,0.2701028287410736,20.496024000067337,19.499948000088807,real_npy,0,1
664,/mnt/c/Users/Chirayu/Documents/GitHub/2D-to-3D-image-reconstruction/facescape_224/fsmview_trainset_6_14_sadness_17.jpg,0.0395723395049572,0.04073406755924225,0.0011617280542850494,8.33227763697505,0.6952121257781982,0.37111902236938477,0.37111902236938477,20.30030900004931,19.970082999975602,real_npy,0,1
665,/mnt/c/Users/Chirayu/Documents/GitHub/2D-to-3D-image-reconstruction/facescape_224/fsmview_trainset_20_1_neutral_21.jpg,0.03420211747288704,0.033690787851810455,-0.0005113296210765839,7.712405525147915,0.6335572004318237,0.39892831444740295,0.39892831444740295,21.983007000017096,26.677259999928538,real_npy,0,1
666,/mnt/c/Users/Chirayu/Documents/GitHub/2D-to-3D-image-reconstruction/facescape_224/fsmview_trainset_13_7_jaw_forward_8.jpg,0.04020329937338829,722.9342041015625,722.8940008021891,486.7411023378372,835.439208984375,0.3988213837146759,0.3988213837146759,23.740945999975338,18.046056000002864,real_npy,1,1
667,/mnt/c/Users/Chirayu/Documents/GitHub/2D-to-3D-image-reconstruction/facescape_224/fsmview_trainset_15_15_lip_roll_25.jpg,0.027457300573587418,0.02734820358455181,-0.00010909698903560638,7.107110939919949,0.5835365653038025,0.5494062304496765,0.5494062304496765,27.250726000033865,20.371199000010165,real_npy,0,1
668,/mnt/c/Users/Chirayu/Documents/GitHub/2D-to-3D-image-reconstruction/facescape_224/fsmview_trainset_3_10_dimpler_47.jpg,0.04485611245036125,0.05174507573246956,0.006888963282108307,8.954417210072279,0.7413052916526794,0.4816135764122009,0.4816135764122009,21.414190999962557,64.7152129999995,real_npy,0,1
669,/mnt/c/Users/Chirayu/Documents/GitHub/2D-to-3D-image-reconstruction/facescape_224/fsmview_trainset_5_12_lip_puckerer_19.jpg,0.043068572878837585,0.04405467212200165,0.0009860992431640625,8.506224979646504,0.7116765975952148,0.35808104276657104,0.35808104276657104,21.25816800003122,22.71595199999865,real_npy,0,1
670,/mnt/c/Users/Chirayu/Documents/GitHub/2D-to-3D-image-reconstruction/facescape_224/fsmview_trainset_10_14_sadness_40.jpg,0.13538499176502228,0.16097964346408844,0.025594651699066162,6.995222419500351,0.6272822022438049,0.5299487113952637,0.5299487113952637,22.908210000082363,21.698693000075764,real_npy,0,1
671,/mnt/c/Users/Chirayu/Documents/GitHub/2D-to-3D-image-reconstruction/facescape_224/fsmview_trainset_13_2_smile_33.jpg,0.1327228993177414,0.12990225851535797,-0.002820640802383423,7.948236797004938,0.7078397274017334,0.41534608602523804,0.41534608602523804,23.391118000063216,20.904150999967896,real_npy,0,1
672,/mnt/c/Users/Chirayu/Documents/GitHub/2D-to-3D-image-reconstruction/facescape_224/fsmview_trainset_19_8_mouth_left_27.jpg,0.5295950174331665,0.5037784576416016,-0.02581655979156494,7.957222856581211,0.6934285163879395,0.40189361572265625,0.40189361572265625,21.239401000002545,22.337086999982603,real_npy,0,1
673,/mnt/c/Users/Chirayu/Documents/GitHub/2D-to-3D-image-reconstruction/facescape_224/fsmview_trainset_18_4_anger_34.jpg,0.031093450263142586,871.874755859375,871.8436624091119,530.7895677089691,1062.7337646484375,0.4224729537963867,0.4224729537963867,21.44945700001699,22.539186000017253,real_npy,1,1
674,/mnt/c/Users/Chirayu/Documents/GitHub/2D-to-3D-image-reconstruction/facescape_224/fsmview_trainset_17_3_mouth_stretch_56.jpg,0.7420964241027832,0.899237334728241,0.15714091062545776,10.997158660553396,0.9624545574188232,0.29213815927505493,0.29213815927505493,22.858241999983875,21.69642399996974,real_npy,0,1
675,/mnt/c/Users/Chirayu/Documents/GitHub/2D-to-3D-image-reconstruction/facescape_224/fsmview_trainset_14_12_lip_puckerer_5.jpg,0.5328834652900696,0.4427902400493622,-0.0900932252407074,7.4463160671293736,0.6628711819648743,0.6031820178031921,0.6031820178031921,77.59389000000283,19.65310100001716,template_fallback,0,1
676,/mnt/c/Users/Chirayu/Documents/GitHub/2D-to-3D-image-reconstruction/facescape_224/fsmview_trainset_16_16_grin_41.jpg,0.09573996812105179,0.09111840277910233,-0.004621565341949463,8.076306156814098,0.7550221681594849,0.4477621614933014,0.4477621614933014,22.016630000052828,22.28564200004257,real_npy,0,1
677,/mnt/c/Users/Chirayu/Documents/GitHub/2D-to-3D-image-reconstruction/facescape_224/fsmview_trainset_19_11_chin_raiser_6.jpg,0.07448078691959381,0.07731126993894577,0.0028304830193519592,8.547103540971875,0.704365611076355,0.262211412191391,0.262211412191391,22.174291000055746,21.810626000046796,real_npy,0,1
678,/mnt/c/Users/Chirayu/Documents/GitHub/2D-to-3D-image-reconstruction/facescape_224/fsmview_trainset_16_12_lip_puckerer_31.jpg,0.04413251951336861,0.044616468250751495,0.0004839487373828888,8.651842802762985,0.7280209064483643,0.2996973693370819,0.2996973693370819,21.36918099995455,22.724846999949477,real_npy,0,1
679,/mnt/c/Users/Chirayu/Documents/GitHub/2D-to-3D-image-reconstruction/facescape_224/fsmview_trainset_10_14_sadness_39.jpg,0.047311075031757355,0.04630902409553528,-0.0010020509362220764,7.868301197886467,0.6725184917449951,0.38315874338150024,0.38315874338150024,20.653881999919577,23.800319999963904,real_npy,0,1
680,/mnt/c/Users/Chirayu/Documents/GitHub/2D-to-3D-image-reconstruction/facescape_224/fsmview_trainset_11_2_smile_28.jpg,0.13675571978092194,0.13483774662017822,-0.0019179731607437134,9.202707894146442,0.7332678437232971,0.5667174458503723,0.5667174458503723,23.386154000036186,22.510895000095843,real_npy,0,1
681,/mnt/c/Users/Chirayu/Documents/GitHub/2D-to-3D-image-reconstruction/facescape_224/fsmview_trainset_8_15_lip_roll_31.jpg,0.11051392555236816,0.13367019593715668,0.023156270384788513,7.517269212752581,0.6426643133163452,0.26135560870170593,0.26135560870170593,21.017202000052748,22.436440999968,real_npy,0,1
682,/mnt/c/Users/Chirayu/Documents/GitHub/2D-to-3D-image-reconstruction/facescape_224/fsmview_trainset_20_8_mouth_left_47.jpg,0.0635843276977539,0.2703835368156433,0.2067992091178894,11.588781977072358,1.0968379974365234,0.668083667755127,0.668083667755127,20.85023999995883,26.52959900001406,real_npy,0,1
683,/mnt/c/Users/Chirayu/Documents/GitHub/2D-to-3D-image-reconstruction/facescape_224/fsmview_trainset_16_2_smile_3.jpg,0.05784017592668533,0.06983239203691483,0.011992216110229492,7.540795147418976,0.7053699493408203,0.4029715955257416,0.4029715955257416,24.11502199993265,22.638133999976162,real_npy,0,1
684,/mnt/c/Users/Chirayu/Documents/GitHub/2D-to-3D-image-reconstruction/facescape_224/fsmview_trainset_11_16_grin_64.jpg,0.07494581490755081,0.08224467933177948,0.007298864424228668,8.901007764041424,0.8017834424972534,0.433687299489975,0.433687299489975,30.958635000047252,48.89062400002331,real_npy,0,1
685,/mnt/c/Users/Chirayu/Documents/GitHub/2D-to-3D-image-reconstruction/facescape_224/fsmview_trainset_19_16_grin_22.jpg,0.03955882787704468,0.04039378464221954,0.0008349567651748657,8.50194038823247,0.7126066088676453,0.30552175641059875,0.30552175641059875,21.730230999992273,22.682377000023735,real_npy,0,1
686,/mnt/c/Users/Chirayu/Documents/GitHub/2D-to-3D-image-reconstruction/facescape_224/fsmview_trainset_6_10_dimpler_42.jpg,0.3130636215209961,0.26942068338394165,-0.04364293813705444,6.412881009280682,0.6740980744361877,0.40089738368988037,0.40089738368988037,20.365606000041225,21.393870999986575,real_npy,0,0
687,/mnt/c/Users/Chirayu/Documents/GitHub/2D-to-3D-image-reconstruction/facescape_224/fsmview_trainset_4_5_jaw_left_37.jpg,0.07166607677936554,0.06915172189474106,-0.002514354884624481,8.210291117429733,0.7052650451660156,0.3230222165584564,0.3230222165584564,31.060928999977477,63.35424200005946,real_npy,0,1
688,/mnt/c/Users/Chirayu/Documents/GitHub/2D-to-3D-image-reconstruction/facescape_224/fsmview_trainset_8_11_chin_raiser_43.jpg,0.03155258297920227,0.035753872245550156,0.004201289266347885,7.618621453642845,0.6369185447692871,0.20634442567825317,0.20634442567825317,42.79622600006405,22.5872140000547,real_npy,0,1
689,/mnt/c/Users/Chirayu/Documents/GitHub/2D-to-3D-image-reconstruction/facescape_224/fsmview_trainset_18_1_neutral_5.jpg,0.05115632340312004,0.05804580822587013,0.0068894848227500916,8.284732639789581,0.717030942440033,0.33650028705596924,0.33650028705596924,34.01016800000889,55.80795399998806,real_npy,0,1
690,/mnt/c/Users/Chirayu/Documents/GitHub/2D-to-3D-image-reconstruction/facescape_224/fsmview_trainset_13_17_cheek_blowing_0.jpg,0.03431954234838486,919.3759155273438,919.3415959849954,544.4426376819611,1083.3570556640625,0.39141422510147095,0.39141422510147095,20.52271999991717,17.769638000004306,real_npy,1,1
691,/mnt/c/Users/Chirayu/Documents/GitHub/2D-to-3D-image-reconstruction/facescape_224/fsmview_trainset_3_10_dimpler_25.jpg,0.033505383878946304,61.820411682128906,61.78690629824996,157.14233893156052,66.30882263183594,0.3211786150932312,0.3211786150932312,20.069995999961066,18.577233999963028,real_npy,1,1
692,/mnt/c/Users/Chirayu/Documents/GitHub/2D-to-3D-image-reconstruction/facescape_224/fsmview_trainset_1_19_brow_raiser_23.jpg,0.03664389252662659,0.12878745794296265,0.09214356541633606,8.987272529862821,0.7590651512145996,0.36637425422668457,0.36637425422668457,89.73741699992388,19.018412000036733,real_npy,0,1
693,/mnt/c/Users/Chirayu/Documents/GitHub/2D-to-3D-image-reconstruction/facescape_224/fsmview_trainset_13_18_eye_closed_5.jpg,0.05346611514687538,0.05403170734643936,0.0005655921995639801,8.54542926326394,0.6668404936790466,0.4459347724914551,0.4459347724914551,41.35729299991908,20.223808999958237,real_npy,0,1
694,/mnt/c/Users/Chirayu/Documents/GitHub/2D-to-3D-image-reconstruction/facescape_224/fsmview_trainset_5_20_brow_lower_34.jpg,0.048095159232616425,21.332046508789062,21.283951349556446,96.54985773563385,24.459720611572266,0.433559775352478,0.433559775352478,45.29340300007334,19.246959000042807,real_npy,1,1
695,/mnt/c/Users/Chirayu/Documents/GitHub/2D-to-3D-image-reconstruction/facescape_224/fsmview_trainset_16_19_brow_raiser_24.jpg,0.04110061377286911,0.043501242995262146,0.002400629222393036,8.508839671965688,0.7127046585083008,0.3674924075603485,0.3674924075603485,21.085466000045017,19.90136300003087,real_npy,0,1
696,/mnt/c/Users/Chirayu/Documents/GitHub/2D-to-3D-image-reconstruction/facescape_224/fsmview_trainset_18_14_sadness_42.jpg,0.08376061916351318,0.07906322181224823,-0.004697397351264954,8.447900459170341,0.7535372376441956,0.49920424818992615,0.49920424818992615,20.98211400004857,22.101605999978347,real_npy,0,1
697,/mnt/c/Users/Chirayu/Documents/GitHub/2D-to-3D-image-reconstruction/facescape_224/fsmview_trainset_2_1_neutral_31.jpg,0.058205317705869675,0.06375531852245331,0.005550000816583633,8.688106209039688,0.6943280100822449,0.47356730699539185,0.47356730699539185,22.63191699989875,23.564219000036246,real_npy,0,1
698,/mnt/c/Users/Chirayu/Documents/GitHub/2D-to-3D-image-reconstruction/facescape_224/fsmview_trainset_9_11_chin_raiser_34.jpg,0.04060019180178642,0.04806176945567131,0.007461577653884888,7.978827059268951,0.6600569486618042,0.42865923047065735,0.42865923047065735,21.14914100002352,21.217265000018415,real_npy,0,1
699,/mnt/c/Users/Chirayu/Documents/GitHub/2D-to-3D-image-reconstruction/facescape_224/fsmview_trainset_8_8_mouth_left_19.jpg,0.03980669006705284,0.04103747010231018,0.0012307800352573395,8.61529706697911,0.7254306674003601,0.2894468903541565,0.2894468903541565,55.78065999998216,74.00441499999033,real_npy,0,1
700,/mnt/c/Users/Chirayu/Documents/GitHub/2D-to-3D-image-reconstruction/facescape_224/fsmview_trainset_4_4_anger_7.jpg,0.03902069106698036,0.04554557800292969,0.0065248869359493256,7.9040762558579445,0.6702022552490234,0.18942205607891083,0.18942205607891083,24.675667999986217,31.36635999999271,real_npy,0,1
701,/mnt/c/Users/Chirayu/Documents/GitHub/2D-to-3D-image-reconstruction/facescape_224/fsmview_trainset_2_6_jaw_right_38.jpg,0.08684799820184708,0.098359614610672,0.01151161640882492,7.911677584052086,0.6913424730300903,0.386805921792984,0.386805921792984,25.067817000035575,22.842300999968757,real_npy,0,1
702,/mnt/c/Users/Chirayu/Documents/GitHub/2D-to-3D-image-reconstruction/facescape_224/fsmview_trainset_3_18_eye_closed_43.jpg,0.6365728974342346,0.47085121273994446,-0.16572168469429016,6.624845935031772,0.6133650541305542,0.4385756850242615,0.4385756850242615,79.4645920000221,24.27887599992573,real_npy,0,1
703,/mnt/c/Users/Chirayu/Documents/GitHub/2D-to-3D-image-reconstruction/facescape_224/fsmview_trainset_18_14_sadness_1.jpg,0.028396883979439735,0.21155525743961334,0.1831583734601736,11.07566225528717,0.9615287780761719,0.33399060368537903,0.33399060368537903,61.53863600002296,22.11304399997971,real_npy,0,1
704,/mnt/c/Users/Chirayu/Documents/GitHub/2D-to-3D-image-reconstruction/facescape_224/fsmview_trainset_12_18_eye_closed_41.jpg,0.04883949086070061,0.04693037271499634,-0.0019091181457042694,8.72485325857997,0.7610365748405457,0.3767728805541992,0.3767728805541992,87.5648269999374,19.571543999973073,real_npy,0,1
705,/mnt/c/Users/Chirayu/Documents/GitHub/2D-to-3D-image-reconstruction/facescape_224/fsmview_trainset_11_19_brow_raiser_29.jpg,0.19985423982143402,9.662068367004395,9.46221412718296,69.55472899973392,11.580329895019531,0.4291144609451294,0.4291144609451294,21.194519999994554,18.052022000006218,real_npy,1,1
706,/mnt/c/Users/Chirayu/Documents/GitHub/2D-to-3D-image-reconstruction/facescape_224/fsmview_trainset_9_4_anger_33.jpg,0.09947989135980606,0.10520020872354507,0.005720317363739014,7.865767024457455,0.6678481101989746,0.45197436213493347,0.45197436213493347,63.44276400000126,100.25087500002883,real_npy,0,1
707,/mnt/c/Users/Chirayu/Documents/GitHub/2D-to-3D-image-reconstruction/facescape_224/fsmview_trainset_14_3_mouth_stretch_37.jpg,0.09116879105567932,0.09758944064378738,0.006420649588108063,9.010459921788424,0.7708777785301208,0.5244734287261963,0.5244734287261963,20.722933999991255,20.244714000000386,real_npy,0,1
708,/mnt/c/Users/Chirayu/Documents/GitHub/2D-to-3D-image-reconstruction/facescape_224/fsmview_trainset_11_20_brow_lower_12.jpg,0.06358292698860168,0.1704869121313095,0.10690398514270782,7.316385082900524,0.6491572856903076,0.5902206301689148,0.5902206301689148,50.95328600009452,52.03139299999293,real_npy,0,1
709,/mnt/c/Users/Chirayu/Documents/GitHub/2D-to-3D-image-reconstruction/facescape_224/fsmview_trainset_12_1_neutral_50.jpg,0.03230420872569084,47.952476501464844,47.92017229273915,141.77539283037186,52.43081283569336,0.44100916385650635,0.44100916385650635,23.08323600004769,71.43025699997452,real_npy,1,1
710,/mnt/c/Users/Chirayu/Documents/GitHub/2D-to-3D-image-reconstruction/facescape_224/fsmview_trainset_8_13_lip_funneler_36.jpg,0.05759653076529503,0.049253981560468674,-0.008342549204826355,7.6624447628855705,0.721190869808197,0.30059337615966797,0.30059337615966797,20.800000999997792,21.450859999958993,real_npy,0,1
711,/mnt/c/Users/Chirayu/Documents/GitHub/2D-to-3D-image-reconstruction/facescape_224/fsmview_trainset_7_15_lip_roll_38.jpg,0.08347326517105103,0.08414112031459808,0.0006678551435470581,7.813408028334379,0.7274340391159058,0.41199737787246704,0.41199737787246704,20.1109129999395,18.64834700006668,real_npy,0,1
712,/mnt/c/Users/Chirayu/Documents/GitHub/2D-to-3D-image-reconstruction/facescape_224/fsmview_trainset_8_9_mouth_right_25.jpg,0.05412399396300316,0.05326828733086586,-0.0008557066321372986,7.250272206962109,0.6505734920501709,0.3547350764274597,0.3547350764274597,20.648050000090734,19.246773999952893,real_npy,0,1
713,/mnt/c/Users/Chirayu/Documents/GitHub/2D-to-3D-image-reconstruction/facescape_224/fsmview_trainset_19_18_eye_closed_2.jpg,0.06253967434167862,0.05891164764761925,-0.003628026694059372,9.401044577360153,0.7616609930992126,0.30484896898269653,0.30484896898269653,20.54836599995724,21.871699000030276,real_npy,0,1
714,/mnt/c/Users/Chirayu/Documents/GitHub/2D-to-3D-image-reconstruction/facescape_224/fsmview_trainset_20_14_sadness_42.jpg,0.04794185981154442,0.04740705341100693,-0.0005348064005374908,8.47077731974423,0.671787440776825,0.5265964865684509,0.5265964865684509,21.886249999965912,21.530443999949966,real_npy,0,1
715,/mnt/c/Users/Chirayu/Documents/GitHub/2D-to-3D-image-reconstruction/facescape_224/fsmview_trainset_14_4_anger_41.jpg,0.03130486235022545,0.03508361056447029,0.0037787482142448425,7.759748689830303,0.6506738066673279,0.41101840138435364,0.41101840138435364,70.53639599996586,21.108452000021316,real_npy,0,1
716,/mnt/c/Users/Chirayu/Documents/GitHub/2D-to-3D-image-reconstruction/facescape_224/fsmview_trainset_1_16_grin_35.jpg,0.05793179199099541,0.051248274743556976,-0.006683517247438431,8.4124004393816,0.768954336643219,0.36559823155403137,0.36559823155403137,64.33142399998815,70.20601899989742,real_npy,0,1
717,/mnt/c/Users/Chirayu/Documents/GitHub/2D-to-3D-image-reconstruction/facescape_224/fsmview_trainset_3_5_jaw_left_24.jpg,0.03273917734622955,32.39846420288086,32.36572502553463,119.64822161197662,36.66831588745117,0.32231083512306213,0.32231083512306213,21.589301000062733,52.14461299999584,real_npy,1,1
718,/mnt/c/Users/Chirayu/Documents/GitHub/2D-to-3D-image-reconstruction/facescape_224/fsmview_trainset_2_4_anger_1.jpg,0.12217051535844803,0.11989812552928925,-0.002272389829158783,8.820452228188515,0.7635733485221863,0.4818607270717621,0.4818607270717621,21.626255999990462,21.003216999929464,real_npy,0,1
719,/mnt/c/Users/Chirayu/Documents/GitHub/2D-to-3D-image-reconstruction/facescape_224/fsmview_trainset_20_18_eye_closed_12.jpg,0.06465966254472733,0.17028570175170898,0.10562603920698166,6.86876555159688,0.661957859992981,0.5843247175216675,0.5843247175216675,22.61017500006801,19.67717500008348,real_npy,0,1
720,/mnt/c/Users/Chirayu/Documents/GitHub/2D-to-3D-image-reconstruction/facescape_224/fsmview_trainset_16_19_brow_raiser_11.jpg,0.08961321413516998,0.0952591747045517,0.005645960569381714,8.192144460976124,0.7377850413322449,0.3656708598136902,0.3656708598136902,63.87395900003412,18.764184000019668,real_npy,0,1
721,/mnt/c/Users/Chirayu/Documents/GitHub/2D-to-3D-image-reconstruction/facescape_224/fsmview_trainset_6_12_lip_puckerer_50.jpg,0.32896068692207336,0.3009949326515198,-0.02796575427055359,6.6764339953660965,0.6219106316566467,0.4145434498786926,0.4145434498786926,20.809595999935482,19.403516000011223,real_npy,0,1
722,/mnt/c/Users/Chirayu/Documents/GitHub/2D-to-3D-image-reconstruction/facescape_224/fsmview_trainset_12_5_jaw_left_19.jpg,0.0431121326982975,0.39333388209342957,0.35022174939513206,14.286375904455781,1.2627660036087036,0.3873852789402008,0.3873852789402008,25.261493000016344,26.908452000043326,real_npy,0,1
723,/mnt/c/Users/Chirayu/Documents/GitHub/2D-to-3D-image-reconstruction/facescape_224/fsmview_trainset_10_8_mouth_left_24.jpg,0.03900657594203949,28.062898635864258,28.02389205992222,112.31686960160732,31.974443435668945,0.3370824158191681,0.3370824158191681,24.69303400005174,36.853253999993285,real_npy,1,1
724,/mnt/c/Users/Chirayu/Documents/GitHub/2D-to-3D-image-reconstruction/facescape_224/fsmview_trainset_14_15_lip_roll_34.jpg,0.06585240364074707,7.131940841674805,7.066088438034058,59.97220902889967,8.567172050476074,0.5175021290779114,0.5175021290779114,22.070984000038152,17.59772500008694,real_npy,1,1
725,/mnt/c/Users/Chirayu/Documents/GitHub/2D-to-3D-image-reconstruction/facescape_224/fsmview_trainset_12_10_dimpler_53.jpg,0.06217408925294876,0.0648399367928505,0.0026658475399017334,8.386986330151558,0.7026312351226807,0.5071947574615479,0.5071947574615479,21.081143000060365,24.76271299997279,real_npy,0,1
726,/mnt/c/Users/Chirayu/Documents/GitHub/2D-to-3D-image-reconstruction/facescape_224/fsmview_trainset_2_12_lip_puckerer_13.jpg,0.07575175166130066,0.07983692735433578,0.004085175693035126,8.96339119412005,0.7514660358428955,0.4569122791290283,0.4569122791290283,43.39099100002386,22.056135000070753,real_npy,0,1
727,/mnt/c/Users/Chirayu/Documents/GitHub/2D-to-3D-image-reconstruction/facescape_224/fsmview_trainset_7_14_sadness_49.jpg,0.08265823870897293,0.08125657588243484,-0.001401662826538086,6.136668860912323,0.533652663230896,0.4944019317626953,0.4944019317626953,22.62590700001965,20.717123999929754,real_npy,0,0
728,/mnt/c/Users/Chirayu/Documents/GitHub/2D-to-3D-image-reconstruction/facescape_224/fsmview_trainset_14_16_grin_25.jpg,0.03766007348895073,20.725507736206055,20.687847662717104,97.99411796033382,24.027544021606445,0.4546268880367279,0.4546268880367279,21.35694700007207,18.326033999983338,real_npy,1,1
729,/mnt/c/Users/Chirayu/Documents/GitHub/2D-to-3D-image-reconstruction/facescape_224/fsmview_trainset_15_18_eye_closed_49.jpg,0.08498863875865936,0.09344085305929184,0.008452214300632477,8.449646413326263,0.7446166276931763,0.6016882658004761,0.6016882658004761,20.03820100003395,20.443680999960634,real_npy,0,1
730,/mnt/c/Users/Chirayu/Documents/GitHub/2D-to-3D-image-reconstruction/facescape_224/fsmview_trainset_10_13_lip_funneler_42.jpg,0.07876700162887573,0.07959747314453125,0.0008304715156555176,6.952531114220619,0.6714075803756714,0.4621885120868683,0.4621885120868683,58.96097900006225,18.97728400001597,real_npy,0,1
731,/mnt/c/Users/Chirayu/Documents/GitHub/2D-to-3D-image-reconstruction/facescape_224/fsmview_trainset_1_3_mouth_stretch_15.jpg,0.1014813706278801,0.1060800850391388,0.0045987144112586975,7.69806507229805,0.6817556619644165,0.48174139857292175,0.48174139857292175,37.30804199994964,49.637256999972124,real_npy,0,1
732,/mnt/c/Users/Chirayu/Documents/GitHub/2D-to-3D-image-reconstruction/facescape_224/fsmview_trainset_1_15_lip_roll_52.jpg,0.12433279305696487,0.12645673751831055,0.0021239444613456726,8.194813635200262,0.7389847636222839,0.3119288980960846,0.3119288980960846,24.169197999981407,22.791570000094907,real_npy,0,1
733,/mnt/c/Users/Chirayu/Documents/GitHub/2D-to-3D-image-reconstruction/facescape_224/fsmview_trainset_19_16_grin_4.jpg,0.07554144412279129,0.09022550284862518,0.014684058725833893,8.375251442193985,0.6908352375030518,0.21181635558605194,0.21181635558605194,21.54920400005267,22.309213000085037,real_npy,0,1
734,/mnt/c/Users/Chirayu/Documents/GitHub/2D-to-3D-image-reconstruction/facescape_224/fsmview_trainset_18_14_sadness_45.jpg,0.10799563676118851,0.13047640025615692,0.022480763494968414,9.792675545439124,0.7919260263442993,0.46648940443992615,0.46648940443992615,38.53474099992127,20.666398000003028,real_npy,0,1
735,/mnt/c/Users/Chirayu/Documents/GitHub/2D-to-3D-image-reconstruction/facescape_224/fsmview_trainset_15_18_eye_closed_16.jpg,0.2169274240732193,0.23571328818798065,0.018785864114761353,7.912887208163738,0.6774178147315979,0.48660483956336975,0.48660483956336975,20.353767999949923,19.630658999972184,real_npy,0,1
736,/mnt/c/Users/Chirayu/Documents/GitHub/2D-to-3D-image-reconstruction/facescape_224/fsmview_trainset_8_9_mouth_right_29.jpg,0.06245129927992821,0.06363020837306976,0.0011789090931415558,8.137244995683432,0.6668968200683594,0.3482059836387634,0.3482059836387634,23.208643999964806,34.49681600000076,real_npy,0,1
737,/mnt/c/Users/Chirayu/Documents/GitHub/2D-to-3D-image-reconstruction/facescape_224/fsmview_trainset_18_11_chin_raiser_18.jpg,0.3264980912208557,0.32040664553642273,-0.006091445684432983,7.121721528470516,0.6342909932136536,0.5224876403808594,0.5224876403808594,20.329828999933852,22.441189999995004,real_npy,0,1
738,/mnt/c/Users/Chirayu/Documents/GitHub/2D-to-3D-image-reconstruction/facescape_224/fsmview_trainset_8_20_brow_lower_25.jpg,0.05072867125272751,0.049437616020441055,-0.0012910552322864532,7.960731595754623,0.7087883949279785,0.3684101104736328,0.3684101104736328,21.24193399993146,19.573752000042077,real_npy,0,1
739,/mnt/c/Users/Chirayu/Documents/GitHub/2D-to-3D-image-reconstruction/facescape_224/fsmview_trainset_10_5_jaw_left_44.jpg,0.11050570756196976,0.09998512268066406,-0.010520584881305695,7.697003945708275,0.6338641047477722,0.462413489818573,0.462413489818573,50.87347899996075,20.00394099991354,real_npy,0,1
740,/mnt/c/Users/Chirayu/Documents/GitHub/2D-to-3D-image-reconstruction/facescape_224/fsmview_trainset_6_8_mouth_left_5.jpg,0.03439183160662651,48.268165588378906,48.23377375677228,141.93637531995773,52.29975128173828,0.36663028597831726,0.36663028597831726,67.73026299993035,21.930938999958016,real_npy,1,1
741,/mnt/c/Users/Chirayu/Documents/GitHub/2D-to-3D-image-reconstruction/facescape_224/fsmview_trainset_7_11_chin_raiser_27.jpg,0.05107098072767258,2.7804996967315674,2.729428716003895,34.606113106012344,3.9813413619995117,0.3602512776851654,0.3602512776851654,20.087657999965813,29.024957000046925,real_npy,1,1
742,/mnt/c/Users/Chirayu/Documents/GitHub/2D-to-3D-image-reconstruction/facescape_224/fsmview_trainset_2_9_mouth_right_49.jpg,0.5059899687767029,0.484127938747406,-0.021862030029296875,6.8146156296133995,0.6013372540473938,0.45768558979034424,0.45768558979034424,23.625108000032924,31.495828999936748,real_npy,0,1
743,/mnt/c/Users/Chirayu/Documents/GitHub/2D-to-3D-image-reconstruction/facescape_224/fsmview_trainset_16_5_jaw_left_5.jpg,0.04924950376152992,0.0551346056163311,0.005885101854801178,7.695778377354145,0.6635660529136658,0.3032377362251282,0.3032377362251282,20.228235999979916,18.99299699994117,real_npy,0,1
744,/mnt/c/Users/Chirayu/Documents/GitHub/2D-to-3D-image-reconstruction/facescape_224/fsmview_trainset_7_19_brow_raiser_5.jpg,0.039475616067647934,0.038048215210437775,-0.0014274008572101593,7.630025997757912,0.6561879515647888,0.38517287373542786,0.38517287373542786,21.552047999989554,20.910476000040035,real_npy,0,1
745,/mnt/c/Users/Chirayu/Documents/GitHub/2D-to-3D-image-reconstruction/facescape_224/fsmview_trainset_18_17_cheek_blowing_9.jpg,0.05386016517877579,0.05946952477097511,0.0056093595921993256,8.340814992785454,0.7227464318275452,0.3288955092430115,0.3288955092430115,21.351778999928683,21.861567999962972,real_npy,0,1
746,/mnt/c/Users/Chirayu/Documents/GitHub/2D-to-3D-image-reconstruction/facescape_224/fsmview_trainset_13_19_brow_raiser_30.jpg,0.06573138386011124,0.08013004809617996,0.014398664236068726,8.990991074591875,0.7429925203323364,0.29883304238319397,0.29883304238319397,23.30019299995456,64.16321300002892,real_npy,0,1
747,/mnt/c/Users/Chirayu/Documents/GitHub/2D-to-3D-image-reconstruction/facescape_224/fsmview_trainset_20_13_lip_funneler_20.jpg,0.24526236951351166,0.26294928789138794,0.017686918377876282,7.619583889842033,0.6432046294212341,0.3514942526817322,0.3514942526817322,20.61040699993555,32.725885999980164,real_npy,0,1
748,/mnt/c/Users/Chirayu/Documents/GitHub/2D-to-3D-image-reconstruction/facescape_224/fsmview_trainset_6_8_mouth_left_35.jpg,0.03686418756842613,0.24433809518814087,0.20747390761971474,10.566421799361706,1.0138128995895386,0.3748590648174286,0.3748590648174286,21.81113999995432,20.982440000011593,real_npy,0,1
749,/mnt/c/Users/Chirayu/Documents/GitHub/2D-to-3D-image-reconstruction/facescape_224/fsmview_trainset_1_2_smile_35.jpg,0.05111141875386238,0.04695175588130951,-0.004159662872552872,8.280739229172468,0.7168157696723938,0.3792344629764557,0.3792344629764557,22.307764999936808,20.32781499997327,real_npy,0,1
750,/mnt/c/Users/Chirayu/Documents/GitHub/2D-to-3D-image-reconstruction/facescape_224/fsmview_trainset_13_15_lip_roll_29.jpg,0.04220541939139366,0.04911171644926071,0.00690629705786705,8.060924038290977,0.6312507390975952,0.36408570408821106,0.36408570408821106,21.927966000021115,21.180383999990227,real_npy,0,1
751,/mnt/c/Users/Chirayu/Documents/GitHub/2D-to-3D-image-reconstruction/facescape_224/fsmview_trainset_16_4_anger_42.jpg,0.0680738165974617,0.07241589576005936,0.004342079162597656,7.737682860344648,0.7155144214630127,0.4344162046909332,0.4344162046909332,56.43033400008335,24.29957000003924,real_npy,0,1
752,/mnt/c/Users/Chirayu/Documents/GitHub/2D-to-3D-image-reconstruction/facescape_224/fsmview_trainset_4_2_smile_50.jpg,0.04444306343793869,0.050312288105487823,0.005869224667549133,8.67331014201045,0.7147859334945679,0.3279253840446472,0.3279253840446472,21.89259299996138,109.89960700010215,real_npy,0,1
753,/mnt/c/Users/Chirayu/Documents/GitHub/2D-to-3D-image-reconstruction/facescape_224/fsmview_trainset_14_2_smile_9.jpg,0.1711883246898651,0.15900284051895142,-0.012185484170913696,7.782489623874426,0.742922842502594,0.5380061268806458,0.5380061268806458,20.210790000078305,19.388396999943325,real_npy,0,1
754,/mnt/c/Users/Chirayu/Documents/GitHub/2D-to-3D-image-reconstruction/facescape_224/fsmview_trainset_16_17_cheek_blowing_39.jpg,0.08727560192346573,0.10008186101913452,0.012806259095668793,8.583565775305033,0.6982512474060059,0.434609055519104,0.434609055519104,58.89053999999305,21.229656999935287,real_npy,0,1
755,/mnt/c/Users/Chirayu/Documents/GitHub/2D-to-3D-image-reconstruction/facescape_224/fsmview_trainset_5_18_eye_closed_31.jpg,0.04950153827667236,0.05191430822014809,0.0024127699434757233,8.478003650903702,0.7018604278564453,0.44612976908683777,0.44612976908683777,23.08702200002699,34.974680999994234,real_npy,0,1
756,/mnt/c/Users/Chirayu/Documents/GitHub/2D-to-3D-image-reconstruction/facescape_224/fsmview_trainset_7_2_smile_19.jpg,0.03490642085671425,0.036631256341934204,0.0017248354852199554,8.688804746139795,0.7103520631790161,0.38084617257118225,0.38084617257118225,21.642307000092842,22.928868999997576,real_npy,0,1
757,/mnt/c/Users/Chirayu/Documents/GitHub/2D-to-3D-image-reconstruction/facescape_224/fsmview_trainset_9_3_mouth_stretch_25.jpg,0.03576165810227394,0.0371578074991703,0.0013961493968963623,6.852872233837843,0.681547224521637,0.2901475429534912,0.2901475429534912,20.30817100001059,21.688373999950272,real_npy,0,1
758,/mnt/c/Users/Chirayu/Documents/GitHub/2D-to-3D-image-reconstruction/facescape_224/fsmview_trainset_1_3_mouth_stretch_35.jpg,0.043832454830408096,1205.0830078125,1205.0391753576696,634.9052627086639,1362.573486328125,0.36652398109436035,0.36652398109436035,20.189237999943543,20.16968700002053,real_npy,1,1
759,/mnt/c/Users/Chirayu/Documents/GitHub/2D-to-3D-image-reconstruction/facescape_224/fsmview_trainset_19_18_eye_closed_45.jpg,0.18600094318389893,0.20213165879249573,0.016130715608596802,9.204056983813643,0.7611725926399231,0.36949172616004944,0.36949172616004944,20.870288000082837,19.9367179999399,real_npy,0,1
760,/mnt/c/Users/Chirayu/Documents/GitHub/2D-to-3D-image-reconstruction/facescape_224/fsmview_trainset_9_16_grin_44.jpg,0.17715036869049072,0.17344930768013,-0.0037010610103607178,8.202286660671234,0.7621302604675293,0.4131529927253723,0.4131529927253723,99.88203499995052,23.813872000005176,real_npy,0,1
761,/mnt/c/Users/Chirayu/Documents/GitHub/2D-to-3D-image-reconstruction/facescape_224/fsmview_trainset_9_3_mouth_stretch_47.jpg,0.098965585231781,0.10742445290088654,0.00845886766910553,8.808759115636349,0.7210748195648193,0.45704323053359985,0.45704323053359985,21.572730999992018,21.36925299998893,real_npy,0,1
762,/mnt/c/Users/Chirayu/Documents/GitHub/2D-to-3D-image-reconstruction/facescape_224/fsmview_trainset_11_1_neutral_28.jpg,0.11410453915596008,0.11471754312515259,0.0006130039691925049,8.89002320729196,0.7133206725120544,0.5702133774757385,0.5702133774757385,24.237148999986857,20.675919999916914,real_npy,0,1
763,/mnt/c/Users/Chirayu/Documents/GitHub/2D-to-3D-image-reconstruction/facescape_224/fsmview_trainset_2_5_jaw_left_57.jpg,0.67149418592453,0.6914657950401306,0.019971609115600586,7.2412179335951805,0.6189422607421875,0.41581279039382935,0.41581279039382935,54.71033699996042,19.061505999957262,real_npy,0,1
764,/mnt/c/Users/Chirayu/Documents/GitHub/2D-to-3D-image-reconstruction/facescape_224/fsmview_trainset_1_4_anger_46.jpg,0.04467429220676422,80.19452667236328,80.14985238015652,170.02047035098076,93.08184051513672,0.3540792763233185,0.3540792763233185,32.39982200000213,21.172854000042207,real_npy,1,1
765,/mnt/c/Users/Chirayu/Documents/GitHub/2D-to-3D-image-reconstruction/facescape_224/fsmview_trainset_2_18_eye_closed_29.jpg,0.10334347933530807,0.13241779804229736,0.02907431870698929,8.53375207260251,0.6976407766342163,0.3376842737197876,0.3376842737197876,23.046376000024793,19.726368999954502,real_npy,0,1
766,/mnt/c/Users/Chirayu/Documents/GitHub/2D-to-3D-image-reconstruction/facescape_224/fsmview_trainset_13_3_mouth_stretch_53.jpg,0.05113930627703667,0.05227398872375488,0.001134682446718216,7.811282005161047,0.6842232942581177,0.33256393671035767,0.33256393671035767,20.790918000102465,18.76470000001973,real_npy,0,1
767,/mnt/c/Users/Chirayu/Documents/GitHub/2D-to-3D-image-reconstruction/facescape_224/fsmview_trainset_19_9_mouth_right_24.jpg,0.05661730095744133,0.05919644609093666,0.002579145133495331,9.362281890586019,0.7872606515884399,0.3574247360229492,0.3574247360229492,20.996341999989454,32.45914699994046,real_npy,0,1
768,/mnt/c/Users/Chirayu/Documents/GitHub/2D-to-3D-image-reconstruction/facescape_224/fsmview_trainset_7_11_chin_raiser_54.jpg,0.06402990221977234,0.0646703913807869,0.0006404891610145569,7.987920213490725,0.6994026899337769,0.417485773563385,0.417485773563385,23.414226999989296,22.12930299992877,real_npy,0,1
769,/mnt/c/Users/Chirayu/Documents/GitHub/2D-to-3D-image-reconstruction/facescape_224/fsmview_trainset_7_11_chin_raiser_5.jpg,0.03669747710227966,0.03705216944217682,0.00035469233989715576,8.038543440401554,0.6648013591766357,0.3535841405391693,0.3535841405391693,44.92791200004831,20.793421000007584,real_npy,0,1
770,/mnt/c/Users/Chirayu/Documents/GitHub/2D-to-3D-image-reconstruction/facescape_224/fsmview_trainset_7_7_jaw_forward_34.jpg,0.0642290934920311,1.0247410535812378,0.9605119600892067,19.307017616927624,1.9738085269927979,0.4486370384693146,0.4486370384693146,20.703857000057724,26.099978000047486,real_npy,0,1
771,/mnt/c/Users/Chirayu/Documents/GitHub/2D-to-3D-image-reconstruction/facescape_224/fsmview_trainset_11_5_jaw_left_29.jpg,0.28684765100479126,148.56512451171875,148.27827686071396,227.11509943008423,205.4504852294922,0.44208765029907227,0.44208765029907227,24.53918900005192,43.9907200000107,real_npy,1,1
772,/mnt/c/Users/Chirayu/Documents/GitHub/2D-to-3D-image-reconstruction/facescape_224/fsmview_trainset_6_8_mouth_left_39.jpg,0.06763002276420593,0.06704293936491013,-0.0005870833992958069,8.42988745123148,0.7194020748138428,0.31498438119888306,0.31498438119888306,21.598273999984485,58.76421200002824,real_npy,0,1
773,/mnt/c/Users/Chirayu/Documents/GitHub/2D-to-3D-image-reconstruction/facescape_224/fsmview_trainset_13_8_mouth_left_38.jpg,0.10699903219938278,0.09904053807258606,-0.007958494126796722,7.382094420492649,0.6469746232032776,0.4103967547416687,0.4103967547416687,50.9937379999883,67.01632700003302,real_npy,0,1
774,/mnt/c/Users/Chirayu/Documents/GitHub/2D-to-3D-image-reconstruction/facescape_224/fsmview_trainset_20_16_grin_11.jpg,0.08292504400014877,0.11585824936628342,0.032933205366134644,7.279532492160797,0.7023223042488098,0.5406946539878845,0.5406946539878845,21.49381499998526,23.754983999992874,real_npy,0,1
775,/mnt/c/Users/Chirayu/Documents/GitHub/2D-to-3D-image-reconstruction/facescape_224/fsmview_trainset_12_8_mouth_left_25.jpg,0.032189514487981796,5.561500549316406,5.5293110348284245,53.150222420692444,7.041012763977051,0.48155808448791504,0.48155808448791504,78.10474400002931,31.181727999978648,real_npy,1,1
776,/mnt/c/Users/Chirayu/Documents/GitHub/2D-to-3D-image-reconstruction/facescape_224/fsmview_trainset_3_11_chin_raiser_35.jpg,0.03928937762975693,0.039554573595523834,0.00026519596576690674,7.976952914148569,0.6366011500358582,0.4249761998653412,0.4249761998653412,25.050361000012344,21.42466499992679,real_npy,0,1
777,/mnt/c/Users/Chirayu/Documents/GitHub/2D-to-3D-image-reconstruction/facescape_224/fsmview_trainset_9_11_chin_raiser_17.jpg,0.04787170886993408,0.04805010184645653,0.00017839297652244568,8.650727609638125,0.707756757736206,0.29898807406425476,0.29898807406425476,20.804150999993,31.840224000006856,real_npy,0,1
778,/mnt/c/Users/Chirayu/Documents/GitHub/2D-to-3D-image-reconstruction/facescape_224/fsmview_trainset_12_20_brow_lower_13.jpg,0.032175760716199875,11.820408821105957,11.788233060389757,76.02878531813622,14.016158103942871,0.4750092625617981,0.4750092625617981,22.456902999920203,21.358041999974375,real_npy,1,1
779,/mnt/c/Users/Chirayu/Documents/GitHub/2D-to-3D-image-reconstruction/facescape_224/fsmview_trainset_9_12_lip_puckerer_17.jpg,0.036665696650743484,27.65727424621582,27.620608549565077,111.93002539873123,31.47366714477539,0.3093951344490051,0.3093951344490051,20.052759000009246,19.005143999947904,real_npy,1,1
780,/mnt/c/Users/Chirayu/Documents/GitHub/2D-to-3D-image-reconstruction/facescape_224/fsmview_trainset_11_9_mouth_right_30.jpg,0.038758423179388046,100.14325714111328,100.1044987179339,192.67759001255035,123.65374755859375,0.4802728593349457,0.4802728593349457,33.37289000000965,18.92182899996442,real_npy,1,1
781,/mnt/c/Users/Chirayu/Documents/GitHub/2D-to-3D-image-reconstruction/facescape_224/fsmview_trainset_4_18_eye_closed_0.jpg,0.16210302710533142,0.17268307507038116,0.010580047965049744,8.11539251357317,0.6944432854652405,0.26896488666534424,0.26896488666534424,23.508951000053457,19.48186499998883,real_npy,0,1
782,/mnt/c/Users/Chirayu/Documents/GitHub/2D-to-3D-image-reconstruction/facescape_224/fsmview_trainset_14_20_brow_lower_56.jpg,0.05627646669745445,0.05000919848680496,-0.00626726821064949,8.016214706003666,0.7482596039772034,0.3559594750404358,0.3559594750404358,44.808278000004975,43.50504799992905,real_npy,0,1
783,/mnt/c/Users/Chirayu/Documents/GitHub/2D-to-3D-image-reconstruction/facescape_224/fsmview_trainset_20_17_cheek_blowing_10.jpg,0.08141805231571198,0.1040736585855484,0.022655606269836426,6.832259617745876,0.6082280278205872,0.49489882588386536,0.49489882588386536,24.07195400007822,22.744930999920143,real_npy,0,1
784,/mnt/c/Users/Chirayu/Documents/GitHub/2D-to-3D-image-reconstruction/facescape_224/fsmview_trainset_17_3_mouth_stretch_36.jpg,0.2166464775800705,0.23180241882801056,0.015155941247940063,7.648940816521645,0.647911548614502,0.34991225600242615,0.34991225600242615,20.154439000066304,20.014873999912197,real_npy,0,1
785,/mnt/c/Users/Chirayu/Documents/GitHub/2D-to-3D-image-reconstruction/facescape_224/fsmview_trainset_19_18_eye_closed_47.jpg,0.05506518855690956,0.05586563050746918,0.0008004419505596161,8.81654767692089,0.7060695290565491,0.3438256084918976,0.3438256084918976,21.746623000012733,44.53958200008401,real_npy,0,1
786,/mnt/c/Users/Chirayu/Documents/GitHub/2D-to-3D-image-reconstruction/facescape_224/fsmview_trainset_2_8_mouth_left_26.jpg,0.03699600324034691,0.14525195956230164,0.10825595632195473,9.847478561103344,0.833342969417572,0.343899667263031,0.343899667263031,28.385901999968155,25.308141999971667,real_npy,0,1
787,/mnt/c/Users/Chirayu/Documents/GitHub/2D-to-3D-image-reconstruction/facescape_224/fsmview_trainset_19_18_eye_closed_48.jpg,0.06748583167791367,0.07550791651010513,0.008022084832191467,8.283067431300879,0.7138257026672363,0.3252069652080536,0.3252069652080536,22.063615999968533,20.593465000047217,real_npy,0,1
788,/mnt/c/Users/Chirayu/Documents/GitHub/2D-to-3D-image-reconstruction/facescape_224/fsmview_trainset_12_7_jaw_forward_28.jpg,0.049749620258808136,0.06159157678484917,0.011841956526041031,9.007028494030237,0.7407727241516113,0.4929535388946533,0.4929535388946533,41.57980799993766,25.26868600000398,real_npy,0,1
789,/mnt/c/Users/Chirayu/Documents/GitHub/2D-to-3D-image-reconstruction/facescape_224/fsmview_trainset_2_20_brow_lower_4.jpg,0.188288152217865,0.188739612698555,0.00045146048069000244,8.947361066937447,0.7237423658370972,0.46353235840797424,0.46353235840797424,23.665168999968955,24.64952400009679,real_npy,0,1
790,/mnt/c/Users/Chirayu/Documents/GitHub/2D-to-3D-image-reconstruction/facescape_224/fsmview_trainset_2_10_dimpler_48.jpg,0.1634814441204071,0.17013807594776154,0.006656631827354431,9.247924664989114,0.7782866954803467,0.49096736311912537,0.49096736311912537,24.411714000052598,23.574980000034884,real_npy,0,1
791,/mnt/c/Users/Chirayu/Documents/GitHub/2D-to-3D-image-reconstruction/facescape_224/fsmview_trainset_3_5_jaw_left_19.jpg,0.0536254458129406,0.05472150072455406,0.0010960549116134644,8.3886818154715,0.685817301273346,0.39582669734954834,0.39582669734954834,45.88864300001205,27.576156999998602,real_npy,0,1
792,/mnt/c/Users/Chirayu/Documents/GitHub/2D-to-3D-image-reconstruction/facescape_224/fsmview_trainset_1_15_lip_roll_22.jpg,0.0346958227455616,318.6839904785156,318.64929465577006,336.814333319664,368.72552490234375,0.3719750940799713,0.3719750940799713,21.09673000006751,19.237598000017897,real_npy,1,1
793,/mnt/c/Users/Chirayu/Documents/GitHub/2D-to-3D-image-reconstruction/facescape_224/fsmview_trainset_2_1_neutral_20.jpg,0.06881216168403625,0.0760539248585701,0.007241763174533844,9.659732857719064,0.7791901230812073,0.4262562394142151,0.4262562394142151,23.926801000015985,20.74248799999623,real_npy,0,1
794,/mnt/c/Users/Chirayu/Documents/GitHub/2D-to-3D-image-reconstruction/facescape_224/fsmview_trainset_16_7_jaw_forward_20.jpg,0.05549466609954834,0.053615037351846695,-0.001879628747701645,8.708575880154967,0.7298316955566406,0.37862852215766907,0.37862852215766907,38.80503899995347,69.32515299990882,real_npy,0,1
795,/mnt/c/Users/Chirayu/Documents/GitHub/2D-to-3D-image-reconstruction/facescape_224/fsmview_trainset_3_3_mouth_stretch_9.jpg,0.04480360448360443,0.04554402083158493,0.0007404163479804993,7.575393870472908,0.7043439149856567,0.36929386854171753,0.36929386854171753,20.451695000019754,19.18247500009329,real_npy,0,1
796,/mnt/c/Users/Chirayu/Documents/GitHub/2D-to-3D-image-reconstruction/facescape_224/fsmview_trainset_3_10_dimpler_3.jpg,0.04803280159831047,0.044699303805828094,-0.003333497792482376,7.393653765320778,0.6522525548934937,0.3729389011859894,0.3729389011859894,21.681726999986495,44.44766699998581,real_npy,0,1
797,/mnt/c/Users/Chirayu/Documents/GitHub/2D-to-3D-image-reconstruction/facescape_224/fsmview_trainset_16_18_eye_closed_9.jpg,0.044395916163921356,0.05147204175591469,0.007076125591993332,8.392341434955597,0.7366291284561157,0.33470407128334045,0.33470407128334045,20.504119999941395,43.31285499995374,real_npy,0,1
798,/mnt/c/Users/Chirayu/Documents/GitHub/2D-to-3D-image-reconstruction/facescape_224/fsmview_trainset_6_5_jaw_left_36.jpg,0.13020305335521698,0.14343589544296265,0.013232842087745667,7.50505007058382,0.690342128276825,0.31715142726898193,0.31715142726898193,24.028498999996373,31.38553899998442,real_npy,0,1
799,/mnt/c/Users/Chirayu/Documents/GitHub/2D-to-3D-image-reconstruction/facescape_224/fsmview_trainset_13_19_brow_raiser_14.jpg,0.0664648488163948,0.06524564325809479,-0.0012192055583000183,9.149350823834538,0.7878555655479431,0.46205028891563416,0.46205028891563416,21.722502999978133,21.67764699993313,real_npy,0,1
800,/mnt/c/Users/Chirayu/Documents/GitHub/2D-to-3D-image-reconstruction/facescape_224/fsmview_trainset_12_9_mouth_right_6.jpg,0.06265390664339066,0.06394986808300018,0.0012959614396095276,8.60608945414424,0.7258999943733215,0.5988399982452393,0.5988399982452393,69.76214199994502,20.441667000000052,real_npy,0,1
801,/mnt/c/Users/Chirayu/Documents/GitHub/2D-to-3D-image-reconstruction/facescape_224/fsmview_trainset_3_10_dimpler_33.jpg,0.20014947652816772,0.22099682688713074,0.020847350358963013,6.658574506640434,0.6404986381530762,0.5181901454925537,0.5181901454925537,20.90436299999965,19.114355000056094,real_npy,0,1
802,/mnt/c/Users/Chirayu/Documents/GitHub/2D-to-3D-image-reconstruction/facescape_224/fsmview_trainset_8_19_brow_raiser_15.jpg,0.1406792551279068,0.14876168966293335,0.00808243453502655,8.053314000368118,0.6705734729766846,0.40599364042282104,0.40599364042282104,24.619191000056162,28.270001999999295,real_npy,0,1
803,/mnt/c/Users/Chirayu/Documents/GitHub/2D-to-3D-image-reconstruction/facescape_224/fsmview_trainset_5_17_cheek_blowing_23.jpg,0.03654477745294571,103.360595703125,103.32405092567205,193.9844410121441,128.74806213378906,0.3428521752357483,0.3428521752357483,27.282431999992696,30.932007000046724,real_npy,1,1
804,/mnt/c/Users/Chirayu/Documents/GitHub/2D-to-3D-image-reconstruction/facescape_224/fsmview_trainset_9_7_jaw_forward_23.jpg,0.03897535800933838,77.4639663696289,77.42499101161957,171.04745787382126,86.2802734375,0.31111472845077515,0.31111472845077515,20.475508999993508,46.51970800000527,real_npy,1,1
805,/mnt/c/Users/Chirayu/Documents/GitHub/2D-to-3D-image-reconstruction/facescape_224/fsmview_trainset_18_7_jaw_forward_54.jpg,0.07014981657266617,0.0713377296924591,0.0011879131197929382,8.204141147434711,0.7195326685905457,0.3733169436454773,0.3733169436454773,23.610030999975606,20.74235099996713,real_npy,0,1
806,/mnt/c/Users/Chirayu/Documents/GitHub/2D-to-3D-image-reconstruction/facescape_224/fsmview_trainset_6_12_lip_puckerer_55.jpg,0.06159156933426857,0.06576400995254517,0.004172440618276596,8.321827616542578,0.7138636112213135,0.397098571062088,0.397098571062088,19.96515600001203,19.184268999993037,real_npy,0,1
807,/mnt/c/Users/Chirayu/Documents/GitHub/2D-to-3D-image-reconstruction/facescape_224/fsmview_trainset_8_14_sadness_2.jpg,0.05333416908979416,0.0507829524576664,-0.002551216632127762,7.653170309960842,0.6800712943077087,0.27665093541145325,0.27665093541145325,23.970402000031754,19.37004399997022,real_npy,0,1
808,/mnt/c/Users/Chirayu/Documents/GitHub/2D-to-3D-image-reconstruction/facescape_224/fsmview_trainset_20_1_neutral_43.jpg,0.07924450188875198,0.08227571845054626,0.003031216561794281,8.2117128521204,0.689775288105011,0.5506426095962524,0.5506426095962524,20.641891999957807,19.114479999984724,real_npy,0,1
809,/mnt/c/Users/Chirayu/Documents/GitHub/2D-to-3D-image-reconstruction/facescape_224/fsmview_trainset_19_6_jaw_right_37.jpg,0.13712568581104279,0.17949819564819336,0.042372509837150574,9.517222506925464,0.7627251744270325,0.4060257375240326,0.4060257375240326,19.66949999996359,19.16491000008591,real_npy,0,1
810,/mnt/c/Users/Chirayu/Documents/GitHub/2D-to-3D-image-reconstruction/facescape_224/fsmview_trainset_6_3_mouth_stretch_46.jpg,0.12177480012178421,0.11058047413825989,-0.011194325983524323,8.114874593913555,0.7525666952133179,0.3971138298511505,0.3971138298511505,24.554490000014084,99.29484099995989,real_npy,0,1
811,/mnt/c/Users/Chirayu/Documents/GitHub/2D-to-3D-image-reconstruction/facescape_224/fsmview_trainset_7_6_jaw_right_5.jpg,0.04107949510216713,0.034844882786273956,-0.006234612315893173,7.854117467999458,0.66962730884552,0.3494514226913452,0.3494514226913452,21.798253000042678,21.571532000052684,real_npy,0,1
812,/mnt/c/Users/Chirayu/Documents/GitHub/2D-to-3D-image-reconstruction/facescape_224/fsmview_trainset_18_15_lip_roll_5.jpg,0.04205861687660217,0.05082487687468529,0.008766259998083115,8.308510717004538,0.7128596901893616,0.338261216878891,0.338261216878891,20.849078999958692,21.428548999892882,real_npy,0,1
813,/mnt/c/Users/Chirayu/Documents/GitHub/2D-to-3D-image-reconstruction/facescape_224/fsmview_trainset_13_6_jaw_right_19.jpg,0.1416860818862915,0.15275590121746063,0.011069819331169128,8.072724513709545,0.6562876105308533,0.32488134503364563,0.32488134503364563,20.808686999998827,19.840728999952262,real_npy,0,1
814,/mnt/c/Users/Chirayu/Documents/GitHub/2D-to-3D-image-reconstruction/facescape_224/fsmview_trainset_11_8_mouth_left_39.jpg,0.281540185213089,0.2812407314777374,-0.0002994537353515625,7.924625843763351,0.7315391302108765,0.5550031661987305,0.5550031661987305,22.447911000085696,20.48827800001618,real_npy,0,1
815,/mnt/c/Users/Chirayu/Documents/GitHub/2D-to-3D-image-reconstruction/facescape_224/fsmview_trainset_14_19_brow_raiser_26.jpg,0.046707846224308014,2.139833688735962,2.093125842511654,31.475648809224367,3.3359642028808594,0.4956153333187103,0.4956153333187103,41.28748699997686,32.41696600002797,real_npy,1,1
816,/mnt/c/Users/Chirayu/Documents/GitHub/2D-to-3D-image-reconstruction/facescape_224/fsmview_trainset_8_1_neutral_55.jpg,0.04931621626019478,0.05317971482872963,0.003863498568534851,7.790085785090923,0.7067111134529114,0.2679924964904785,0.2679924964904785,20.53667299992412,19.89584900002228,real_npy,0,1
817,/mnt/c/Users/Chirayu/Documents/GitHub/2D-to-3D-image-reconstruction/facescape_224/fsmview_trainset_19_4_anger_44.jpg,0.6582775115966797,0.5952029824256897,-0.06307452917098999,7.617827149108052,0.7089101672172546,0.44136425852775574,0.44136425852775574,21.02437300004567,22.131661999992502,real_npy,0,1
818,/mnt/c/Users/Chirayu/Documents/GitHub/2D-to-3D-image-reconstruction/facescape_224/fsmview_trainset_12_18_eye_closed_16.jpg,0.05053509771823883,0.04703312739729881,-0.0035019703209400177,8.89435139298439,0.7379191517829895,0.5039554834365845,0.5039554834365845,21.24538600003234,22.682833000089886,real_npy,0,1
819,/mnt/c/Users/Chirayu/Documents/GitHub/2D-to-3D-image-reconstruction/facescape_224/fsmview_trainset_12_13_lip_funneler_26.jpg,0.5272167921066284,0.48770174384117126,-0.03951504826545715,7.603268004953861,0.6797459721565247,0.5514529347419739,0.5514529347419739,19.682095999996818,18.952786999989257,template_fallback,0,1
820,/mnt/c/Users/Chirayu/Documents/GitHub/2D-to-3D-image-reconstruction/facescape_224/fsmview_trainset_3_18_eye_closed_7.jpg,0.0646035373210907,0.07630711048841476,0.011703573167324066,8.332692865282297,0.7125794291496277,0.29073479771614075,0.29073479771614075,24.24175099997683,59.587523000004694,real_npy,0,1
821,/mnt/c/Users/Chirayu/Documents/GitHub/2D-to-3D-image-reconstruction/facescape_224/fsmview_trainset_4_7_jaw_forward_49.jpg,0.08303689956665039,0.08961685001850128,0.006579950451850891,8.09782737120986,0.775541365146637,0.30279919505119324,0.30279919505119324,21.24163700000281,48.07120500004203,real_npy,0,1
822,/mnt/c/Users/Chirayu/Documents/GitHub/2D-to-3D-image-reconstruction/facescape_224/fsmview_trainset_13_15_lip_roll_2.jpg,1.1471003293991089,1.1049400568008423,-0.0421602725982666,6.282055594027042,0.6459254026412964,0.35604485869407654,0.35604485869407654,19.156908000013573,18.994932999930825,real_npy,0,0
823,/mnt/c/Users/Chirayu/Documents/GitHub/2D-to-3D-image-reconstruction/facescape_224/fsmview_trainset_2_8_mouth_left_1.jpg,0.19662532210350037,0.19141054153442383,-0.005214780569076538,8.027901470661163,0.6902948021888733,0.49299007654190063,0.49299007654190063,21.672641999998632,21.360711000056654,real_npy,0,1
824,/mnt/c/Users/Chirayu/Documents/GitHub/2D-to-3D-image-reconstruction/facescape_224/fsmview_trainset_2_12_lip_puckerer_39.jpg,0.1129719540476799,0.11743804812431335,0.004466094076633453,8.039847202599049,0.7023839950561523,0.43704965710639954,0.43704965710639954,23.053573999959553,20.956508999915968,real_npy,0,1
825,/mnt/c/Users/Chirayu/Documents/GitHub/2D-to-3D-image-reconstruction/facescape_224/fsmview_trainset_4_1_neutral_52.jpg,0.03760427609086037,0.036611106246709824,-0.0009931698441505432,9.038497570436448,0.760948121547699,0.21823973953723907,0.21823973953723907,47.32119999994211,22.510323000005883,real_npy,0,1
826,/mnt/c/Users/Chirayu/Documents/GitHub/2D-to-3D-image-reconstruction/facescape_224/fsmview_trainset_11_5_jaw_left_62.jpg,0.4700549244880676,0.4722631275653839,0.002208203077316284,8.200275383889675,0.7612735033035278,0.5306856036186218,0.5306856036186218,65.46815100000458,66.26927699994667,real_npy,0,1
827,/mnt/c/Users/Chirayu/Documents/GitHub/2D-to-3D-image-reconstruction/facescape_224/fsmview_trainset_10_8_mouth_left_4.jpg,0.04280094802379608,0.04941627010703087,0.006615322083234787,7.544855490326881,0.6473584771156311,0.22105072438716888,0.22105072438716888,93.05420600003345,32.38804900001924,real_npy,0,1
828,/mnt/c/Users/Chirayu/Documents/GitHub/2D-to-3D-image-reconstruction/facescape_224/fsmview_trainset_3_8_mouth_left_12.jpg,0.09117288887500763,0.11452455818653107,0.023351669311523438,7.815339207649231,0.7036191821098328,0.24961692094802856,0.24961692094802856,21.016927000005126,20.2769969999963,real_npy,0,1
829,/mnt/c/Users/Chirayu/Documents/GitHub/2D-to-3D-image-reconstruction/facescape_224/fsmview_trainset_19_12_lip_puckerer_11.jpg,0.07280238717794418,0.07755012065172195,0.004747733473777771,8.726254913955927,0.7280962467193604,0.3277492821216583,0.3277492821216583,21.959069999979874,20.20720899997741,real_npy,0,1
830,/mnt/c/Users/Chirayu/Documents/GitHub/2D-to-3D-image-reconstruction/facescape_224/fsmview_trainset_5_7_jaw_forward_2.jpg,0.0633155032992363,0.05897906422615051,-0.004336439073085785,8.610979791730642,0.6821473240852356,0.44452786445617676,0.44452786445617676,20.34347300002537,18.6539520000224,real_npy,0,1
831,/mnt/c/Users/Chirayu/Documents/GitHub/2D-to-3D-image-reconstruction/facescape_224/fsmview_trainset_11_15_lip_roll_45.jpg,0.05724790319800377,0.11175110936164856,0.05450320616364479,9.19184748083353,0.8679400086402893,0.6428841948509216,0.6428841948509216,20.208118000027753,31.103855999958796,real_npy,0,1
832,/mnt/c/Users/Chirayu/Documents/GitHub/2D-to-3D-image-reconstruction/facescape_224/fsmview_trainset_8_5_jaw_left_15.jpg,0.08967719972133636,0.09148287773132324,0.0018056780099868774,7.881296128034592,0.6254616379737854,0.40998750925064087,0.40998750925064087,20.013610999967568,18.51931099997728,real_npy,0,1
833,/mnt/c/Users/Chirayu/Documents/GitHub/2D-to-3D-image-reconstruction/facescape_224/fsmview_trainset_16_3_mouth_stretch_1.jpg,0.02894502691924572,15.963372230529785,15.93442720361054,87.12058247625828,18.524198532104492,0.3042123317718506,0.3042123317718506,36.89103800002158,19.354308000060882,real_npy,1,1
834,/mnt/c/Users/Chirayu/Documents/GitHub/2D-to-3D-image-reconstruction/facescape_224/fsmview_trainset_5_16_grin_19.jpg,0.042969439178705215,0.046262551099061966,0.0032931119203567505,8.84667552029714,0.7367616295814514,0.3534547984600067,0.3534547984600067,31.456635000040478,20.493509999937487,real_npy,0,1
835,/mnt/c/Users/Chirayu/Documents/GitHub/2D-to-3D-image-reconstruction/facescape_224/fsmview_trainset_3_4_anger_23.jpg,0.02998332493007183,26.842063903808594,26.812080578878522,110.23319725692272,30.662084579467773,0.33128562569618225,0.33128562569618225,85.20714599990242,17.80994799992186,real_npy,1,1
836,/mnt/c/Users/Chirayu/Documents/GitHub/2D-to-3D-image-reconstruction/facescape_224/fsmview_trainset_13_15_lip_roll_55.jpg,0.0764429122209549,0.09632808715105057,0.019885174930095673,8.116232547909021,0.6883648037910461,0.3074433207511902,0.3074433207511902,22.969718000013017,34.85286700004053,real_npy,0,1
837,/mnt/c/Users/Chirayu/Documents/GitHub/2D-to-3D-image-reconstruction/facescape_224/fsmview_trainset_8_11_chin_raiser_9.jpg,0.04500937461853027,0.0388995036482811,-0.006109870970249176,8.085054129362106,0.6592043042182922,0.22955112159252167,0.22955112159252167,23.044392999963748,26.098022999917703,real_npy,0,1
838,/mnt/c/Users/Chirayu/Documents/GitHub/2D-to-3D-image-reconstruction/facescape_224/fsmview_trainset_5_2_smile_11.jpg,0.23866215348243713,0.24818184971809387,0.009519696235656738,8.695415932685137,0.7943175435066223,0.5780972838401794,0.5780972838401794,35.55297100001553,35.70812800001022,real_npy,0,1
839,/mnt/c/Users/Chirayu/Documents/GitHub/2D-to-3D-image-reconstruction/facescape_224/fsmview_trainset_20_10_dimpler_10.jpg,0.08572643250226974,0.0829421654343605,-0.0027842670679092407,7.72525042667985,0.687038004398346,0.570749044418335,0.570749044418335,22.459183000023586,19.821120999949926,real_npy,0,1
840,/mnt/c/Users/Chirayu/Documents/GitHub/2D-to-3D-image-reconstruction/facescape_224/fsmview_trainset_3_20_brow_lower_7.jpg,0.05328943580389023,0.06827804446220398,0.014988608658313751,8.218340702354908,0.7146404981613159,0.2863719165325165,0.2863719165325165,23.519865000025675,22.497717999954148,real_npy,0,1
841,/mnt/c/Users/Chirayu/Documents/GitHub/2D-to-3D-image-reconstruction/facescape_224/fsmview_trainset_4_19_brow_raiser_19.jpg,0.040168397128582,0.03960011526942253,-0.0005682818591594696,8.934158159419894,0.7373790144920349,0.27928292751312256,0.27928292751312256,44.267357000080665,22.163829000078294,real_npy,0,1
842,/mnt/c/Users/Chirayu/Documents/GitHub/2D-to-3D-image-reconstruction/facescape_224/fsmview_trainset_11_7_jaw_forward_28.jpg,0.08349756896495819,0.07865428924560547,-0.004843279719352722,9.131366487592459,0.7325672507286072,0.5489073991775513,0.5489073991775513,23.396936000040114,22.745214999986274,real_npy,0,1
843,/mnt/c/Users/Chirayu/Documents/GitHub/2D-to-3D-image-reconstruction/facescape_224/fsmview_trainset_13_18_eye_closed_45.jpg,0.06838153302669525,0.07020502537488937,0.0018234923481941223,8.38432165980339,0.6914567351341248,0.40348172187805176,0.40348172187805176,20.131945000002816,22.032023999940975,real_npy,0,1
844,/mnt/c/Users/Chirayu/Documents/GitHub/2D-to-3D-image-reconstruction/facescape_224/fsmview_trainset_6_10_dimpler_17.jpg,0.040599577128887177,0.04169556125998497,0.0010959841310977936,8.206798411905766,0.6949937343597412,0.3702225387096405,0.3702225387096405,49.563522999960696,57.57775400002174,real_npy,0,1
845,/mnt/c/Users/Chirayu/Documents/GitHub/2D-to-3D-image-reconstruction/facescape_224/fsmview_trainset_2_4_anger_44.jpg,0.531851053237915,0.512332022190094,-0.019519031047821045,7.067695662379265,0.6449210047721863,0.49110960960388184,0.49110960960388184,69.87583800002994,21.0722839999562,real_npy,0,1
846,/mnt/c/Users/Chirayu/Documents/GitHub/2D-to-3D-image-reconstruction/facescape_224/fsmview_trainset_13_6_jaw_right_38.jpg,0.05185816437005997,0.05106421187520027,-0.0007939524948596954,7.942024908959866,0.7055871486663818,0.3451143801212311,0.3451143801212311,42.94564199994966,20.284204000063255,real_npy,0,1
847,/mnt/c/Users/Chirayu/Documents/GitHub/2D-to-3D-image-reconstruction/facescape_224/fsmview_trainset_11_1_neutral_66.jpg,0.24298056960105896,0.2357422560453415,-0.007238313555717468,7.613919727504253,0.6370908617973328,0.5062687397003174,0.5062687397003174,47.18780799998967,61.799941000003855,real_npy,0,1
848,/mnt/c/Users/Chirayu/Documents/GitHub/2D-to-3D-image-reconstruction/facescape_224/fsmview_trainset_17_9_mouth_right_55.jpg,0.0626031681895256,0.0660368949174881,0.003433726727962494,8.430650159716606,0.6965193748474121,0.3769940435886383,0.3769940435886383,55.530096999973466,19.438992999994298,real_npy,0,1
849,/mnt/c/Users/Chirayu/Documents/GitHub/2D-to-3D-image-reconstruction/facescape_224/fsmview_trainset_15_14_sadness_34.jpg,0.16472549736499786,0.18150891363620758,0.016783416271209717,7.820857480168343,0.6462112069129944,0.5756279826164246,0.5756279826164246,19.610467999996217,19.54221799996958,real_npy,0,1
850,/mnt/c/Users/Chirayu/Documents/GitHub/2D-to-3D-image-reconstruction/facescape_224/fsmview_trainset_10_19_brow_raiser_32.jpg,0.04168681055307388,0.045124541968107224,0.0034377314150333405,7.626731783151627,0.6658893823623657,0.29583609104156494,0.29583609104156494,21.547945999941476,20.406527999966784,real_npy,0,1
851,/mnt/c/Users/Chirayu/Documents/GitHub/2D-to-3D-image-reconstruction/facescape_224/fsmview_trainset_19_5_jaw_left_45.jpg,0.1768401563167572,0.21555684506893158,0.03871668875217438,9.166107645258307,0.8177608847618103,0.3715129792690277,0.3715129792690277,23.486311000056048,19.464999999968313,real_npy,0,1
852,/mnt/c/Users/Chirayu/Documents/GitHub/2D-to-3D-image-reconstruction/facescape_224/fsmview_trainset_7_9_mouth_right_1.jpg,0.05822323262691498,0.06020720675587654,0.001983974128961563,8.089963480830193,0.7012844085693359,0.41748732328414917,0.41748732328414917,23.622883000030015,18.925654000099712,real_npy,0,1
853,/mnt/c/Users/Chirayu/Documents/GitHub/2D-to-3D-image-reconstruction/facescape_224/fsmview_trainset_17_13_lip_funneler_13.jpg,0.06644455343484879,0.07156796008348465,0.005123406648635864,8.410215189680457,0.6973632574081421,0.39738038182258606,0.39738038182258606,20.295472999919184,77.55613500000891,real_npy,0,1
854,/mnt/c/Users/Chirayu/Documents/GitHub/2D-to-3D-image-reconstruction/facescape_224/fsmview_trainset_1_7_jaw_forward_41.jpg,0.13133004307746887,0.1268373429775238,-0.004492700099945068,7.996191971004009,0.739569902420044,0.44199734926223755,0.44199734926223755,22.097536000046603,35.955424999997376,real_npy,0,1
855,/mnt/c/Users/Chirayu/Documents/GitHub/2D-to-3D-image-reconstruction/facescape_224/fsmview_trainset_10_18_eye_closed_55.jpg,0.04833875969052315,0.048906002193689346,0.0005672425031661987,8.239250508602709,0.6983583569526672,0.29219305515289307,0.29219305515289307,61.20379700007561,18.429771000000983,real_npy,0,1
856,/mnt/c/Users/Chirayu/Documents/GitHub/2D-to-3D-image-reconstruction/facescape_224/fsmview_trainset_13_9_mouth_right_37.jpg,0.07557538151741028,0.07440195232629776,-0.0011734291911125183,8.101063840091228,0.6953749656677246,0.4041873514652252,0.4041873514652252,22.245185999963724,27.89004900000691,real_npy,0,1
857,/mnt/c/Users/Chirayu/Documents/GitHub/2D-to-3D-image-reconstruction/facescape_224/fsmview_trainset_10_5_jaw_left_3.jpg,0.05848998948931694,0.05766576901078224,-0.0008242204785346985,7.786182165145874,0.7111580967903137,0.33603864908218384,0.33603864908218384,23.553762000005918,20.971064000036677,real_npy,0,1
858,/mnt/c/Users/Chirayu/Documents/GitHub/2D-to-3D-image-reconstruction/facescape_224/fsmview_trainset_13_16_grin_3.jpg,0.04443717002868652,0.042919062077999115,-0.0015181079506874084,8.323414921760559,0.6551281809806824,0.43899664282798767,0.43899664282798767,23.21271699997851,19.276966999996148,real_npy,0,1
859,/mnt/c/Users/Chirayu/Documents/GitHub/2D-to-3D-image-reconstruction/facescape_224/fsmview_trainset_15_14_sadness_42.jpg,0.31331944465637207,0.32134634256362915,0.00802689790725708,8.473675534129143,0.7447879314422607,0.49940863251686096,0.49940863251686096,21.35319299998173,21.465175000003,real_npy,0,1
860,/mnt/c/Users/Chirayu/Documents/GitHub/2D-to-3D-image-reconstruction/facescape_224/fsmview_trainset_17_1_neutral_58.jpg,0.8588878512382507,0.8622021675109863,0.0033143162727355957,6.544731684029102,0.660846471786499,0.19829216599464417,0.19829216599464417,21.410045999914473,29.80809700000009,real_npy,0,1
861,/mnt/c/Users/Chirayu/Documents/GitHub/2D-to-3D-image-reconstruction/facescape_224/fsmview_trainset_8_6_jaw_right_48.jpg,0.1440371870994568,0.14355172216892242,-0.0004854649305343628,7.518553584814072,0.678695559501648,0.3030596375465393,0.3030596375465393,22.25365000003876,22.21360199996525,real_npy,0,1
862,/mnt/c/Users/Chirayu/Documents/GitHub/2D-to-3D-image-reconstruction/facescape_224/fsmview_trainset_13_8_mouth_left_32.jpg,0.03925877436995506,0.037034742534160614,-0.002224031835794449,8.876882268115878,0.7242212891578674,0.4317830204963684,0.4317830204963684,46.52394099991852,19.735083000000486,real_npy,0,1
863,/mnt/c/Users/Chirayu/Documents/GitHub/2D-to-3D-image-reconstruction/facescape_224/fsmview_trainset_14_17_cheek_blowing_18.jpg,0.06934288144111633,0.08350574970245361,0.01416286826133728,7.394886270165443,0.6390105485916138,0.5182579755783081,0.5182579755783081,21.367446999988715,21.074798999961786,real_npy,0,1
864,/mnt/c/Users/Chirayu/Documents/GitHub/2D-to-3D-image-reconstruction/facescape_224/fsmview_trainset_18_17_cheek_blowing_18.jpg,0.05724635720252991,0.05772293731570244,0.00047658011317253113,9.120251289568841,0.7433916330337524,0.41484832763671875,0.41484832763671875,20.403114000032474,21.373515999925985,real_npy,0,1
865,/mnt/c/Users/Chirayu/Documents/GitHub/2D-to-3D-image-reconstruction/facescape_224/fsmview_trainset_10_11_chin_raiser_44.jpg,0.13240249454975128,0.11060599982738495,-0.021796494722366333,8.11335602402687,0.6691087484359741,0.45228829979896545,0.45228829979896545,20.39634899995235,53.48051700002543,real_npy,0,1
866,/mnt/c/Users/Chirayu/Documents/GitHub/2D-to-3D-image-reconstruction/facescape_224/fsmview_trainset_8_13_lip_funneler_29.jpg,0.05469541251659393,0.05728164687752724,0.002586234360933304,7.84495835006237,0.6770363450050354,0.36754560470581055,0.36754560470581055,20.292375000053653,19.411701999956676,real_npy,0,1
867,/mnt/c/Users/Chirayu/Documents/GitHub/2D-to-3D-image-reconstruction/facescape_224/fsmview_trainset_9_19_brow_raiser_43.jpg,0.12500375509262085,0.11998283118009567,-0.005020923912525177,7.182207126170397,0.6312215328216553,0.4200142025947571,0.4200142025947571,23.542725999959657,21.57675000000836,real_npy,0,1
868,/mnt/c/Users/Chirayu/Documents/GitHub/2D-to-3D-image-reconstruction/facescape_224/fsmview_trainset_8_9_mouth_right_46.jpg,0.05966786667704582,0.06532954424619675,0.005661677569150925,7.798405259847641,0.6975695490837097,0.33456727862358093,0.33456727862358093,45.12252900008207,28.434467000010955,real_npy,0,1
869,/mnt/c/Users/Chirayu/Documents/GitHub/2D-to-3D-image-reconstruction/facescape_224/fsmview_trainset_17_10_dimpler_1.jpg,0.1926073133945465,0.19814246892929077,0.005535155534744263,9.691974624991417,0.7504895329475403,0.4024462401866913,0.4024462401866913,23.734775999969315,30.480163999982324,real_npy,0,1
870,/mnt/c/Users/Chirayu/Documents/GitHub/2D-to-3D-image-reconstruction/facescape_224/fsmview_trainset_16_19_brow_raiser_37.jpg,0.09113465994596481,0.11818557977676392,0.027050919830799103,9.185139317065477,0.7587860822677612,0.4407002925872803,0.4407002925872803,23.733557000014116,21.180162999939967,real_npy,0,1
871,/mnt/c/Users/Chirayu/Documents/GitHub/2D-to-3D-image-reconstruction/facescape_224/fsmview_trainset_7_7_jaw_forward_31.jpg,0.06434746086597443,2.242466688156128,2.1781192272901535,29.973723247647285,3.464006185531616,0.47378891706466675,0.47378891706466675,21.98163299999578,37.061471000015445,real_npy,1,1
872,/mnt/c/Users/Chirayu/Documents/GitHub/2D-to-3D-image-reconstruction/facescape_224/fsmview_trainset_16_14_sadness_17.jpg,0.03686235845088959,6.188018321990967,6.151155963540077,55.827832624316216,7.591248035430908,0.36293739080429077,0.36293739080429077,36.585553000008986,17.730299000049854,real_npy,1,1
873,/mnt/c/Users/Chirayu/Documents/GitHub/2D-to-3D-image-reconstruction/facescape_224/fsmview_trainset_6_7_jaw_forward_24.jpg,0.05672247335314751,0.05600455775856972,-0.0007179155945777893,8.450833048671484,0.7060017585754395,0.39124706387519836,0.39124706387519836,23.65459899999678,20.790680000004613,real_npy,0,1
874,/mnt/c/Users/Chirayu/Documents/GitHub/2D-to-3D-image-reconstruction/facescape_224/fsmview_trainset_9_17_cheek_blowing_29.jpg,0.05120900273323059,0.05898425728082657,0.007775254547595978,8.056625336408615,0.6994004249572754,0.2719251215457916,0.2719251215457916,21.89896899994892,19.464532999904804,real_npy,0,1
875,/mnt/c/Users/Chirayu/Documents/GitHub/2D-to-3D-image-reconstruction/facescape_224/fsmview_trainset_16_12_lip_puckerer_7.jpg,0.06593719124794006,0.08090734481811523,0.014970153570175171,8.171160954982042,0.6702536344528198,0.2682947516441345,0.2682947516441345,33.417088000078365,24.85640300005798,real_npy,0,1
876,/mnt/c/Users/Chirayu/Documents/GitHub/2D-to-3D-image-reconstruction/facescape_224/fsmview_trainset_7_13_lip_funneler_44.jpg,0.11411720514297485,0.12095681577920914,0.0068396106362342834,7.466170310974121,0.6867190003395081,0.5003924369812012,0.5003924369812012,20.393127000033928,19.48584000001574,real_npy,0,1
877,/mnt/c/Users/Chirayu/Documents/GitHub/2D-to-3D-image-reconstruction/facescape_224/fsmview_trainset_13_6_jaw_right_1.jpg,0.04418585076928139,0.042802657932043076,-0.0013831928372383118,8.383316928520799,0.699772298336029,0.41713669896125793,0.41713669896125793,20.124920999933238,62.327771000013854,real_npy,0,1
878,/mnt/c/Users/Chirayu/Documents/GitHub/2D-to-3D-image-reconstruction/facescape_224/fsmview_trainset_17_16_grin_35.jpg,0.05793284624814987,0.061984989792108536,0.004052143543958664,8.78474603407085,0.7401238679885864,0.385345458984375,0.385345458984375,70.70020199989813,20.95999900006973,real_npy,0,1
879,/mnt/c/Users/Chirayu/Documents/GitHub/2D-to-3D-image-reconstruction/facescape_224/fsmview_trainset_1_11_chin_raiser_47.jpg,0.19852854311466217,0.18996791541576385,-0.008560627698898315,7.017754592001438,0.6759482026100159,0.3660784661769867,0.3660784661769867,21.378256999923906,20.102158999975472,real_npy,0,1
880,/mnt/c/Users/Chirayu/Documents/GitHub/2D-to-3D-image-reconstruction/facescape_224/fsmview_trainset_9_5_jaw_left_18.jpg,0.04355393350124359,0.041559088975191116,-0.001994844526052475,8.318452315405011,0.6960676312446594,0.38807329535484314,0.38807329535484314,21.873995999953877,19.296049000104176,real_npy,0,1
881,/mnt/c/Users/Chirayu/Documents/GitHub/2D-to-3D-image-reconstruction/facescape_224/fsmview_trainset_10_2_smile_47.jpg,0.051743388175964355,200.8467559814453,200.79501259326935,258.72184789180756,257.5498046875,0.33744943141937256,0.33744943141937256,31.866984999965098,19.863751000002594,real_npy,1,1
882,/mnt/c/Users/Chirayu/Documents/GitHub/2D-to-3D-image-reconstruction/facescape_224/fsmview_trainset_8_14_sadness_12.jpg,0.04596438258886337,0.04706024006009102,0.0010958574712276459,7.9686362743377686,0.7173705101013184,0.2905504107475281,0.2905504107475281,21.642104999955336,20.3882439999461,real_npy,0,1
883,/mnt/c/Users/Chirayu/Documents/GitHub/2D-to-3D-image-reconstruction/facescape_224/fsmview_trainset_9_15_lip_roll_55.jpg,0.18030516803264618,0.192024365067482,0.011719197034835815,7.194663725793362,0.6253424286842346,0.4276222288608551,0.4276222288608551,25.737801999980547,96.99393200003215,real_npy,0,1
884,/mnt/c/Users/Chirayu/Documents/GitHub/2D-to-3D-image-reconstruction/facescape_224/fsmview_trainset_12_5_jaw_left_16.jpg,0.05007772520184517,0.10484299063682556,0.05476526543498039,8.896743072196841,0.7532684803009033,0.47407519817352295,0.47407519817352295,20.36859200006802,20.785867999961738,real_npy,0,1
885,/mnt/c/Users/Chirayu/Documents/GitHub/2D-to-3D-image-reconstruction/facescape_224/fsmview_trainset_3_5_jaw_left_8.jpg,0.042279474437236786,11.991480827331543,11.949201352894306,76.06228263676167,13.593351364135742,0.3758045434951782,0.3758045434951782,32.453113999963534,17.177251000020988,real_npy,1,1
886,/mnt/c/Users/Chirayu/Documents/GitHub/2D-to-3D-image-reconstruction/facescape_224/fsmview_trainset_13_3_mouth_stretch_50.jpg,0.048742324113845825,0.04850603640079498,-0.00023628771305084229,7.29523342102766,0.6810746192932129,0.36406028270721436,0.36406028270721436,41.21756999995796,21.901311999954487,real_npy,0,1
887,/mnt/c/Users/Chirayu/Documents/GitHub/2D-to-3D-image-reconstruction/facescape_224/fsmview_trainset_15_3_mouth_stretch_48.jpg,0.2192455232143402,0.23721621930599213,0.017970696091651917,8.057970270514488,0.7250307202339172,0.6327422857284546,0.6327422857284546,21.553029999950013,19.634972999938327,real_npy,0,1
888,/mnt/c/Users/Chirayu/Documents/GitHub/2D-to-3D-image-reconstruction/facescape_224/fsmview_trainset_18_16_grin_26.jpg,0.240574449300766,0.28372204303741455,0.04314759373664856,6.220639184117317,0.5397537350654602,0.6018533110618591,0.6018533110618591,34.089689999973416,27.920748000042295,real_npy,0,0
889,/mnt/c/Users/Chirayu/Documents/GitHub/2D-to-3D-image-reconstruction/facescape_224/fsmview_trainset_2_10_dimpler_28.jpg,0.037966176867485046,0.04068675637245178,0.002720579504966736,7.386903751641512,0.6706396341323853,0.28225070238113403,0.28225070238113403,20.35860400008005,19.561926000051244,real_npy,0,1
890,/mnt/c/Users/Chirayu/Documents/GitHub/2D-to-3D-image-reconstruction/facescape_224/fsmview_trainset_11_5_jaw_left_48.jpg,1.0170607566833496,0.9124584197998047,-0.10460233688354492,8.050464130938053,0.7018628120422363,0.5680316686630249,0.5680316686630249,20.301018000054682,20.549615999925663,real_npy,0,1
891,/mnt/c/Users/Chirayu/Documents/GitHub/2D-to-3D-image-reconstruction/facescape_224/fsmview_trainset_1_7_jaw_forward_56.jpg,0.09171337634325027,68.44732666015625,68.355613283813,164.4200270473957,72.75489044189453,0.2902890145778656,0.2902890145778656,21.797744999958013,18.583076000027177,real_npy,1,1
892,/mnt/c/Users/Chirayu/Documents/GitHub/2D-to-3D-image-reconstruction/facescape_224/fsmview_trainset_6_20_brow_lower_28.jpg,0.040223557502031326,0.046727683395147324,0.006504125893115997,7.738682847470045,0.658616304397583,0.22931338846683502,0.22931338846683502,22.4256480000804,20.38572899994051,real_npy,0,1
893,/mnt/c/Users/Chirayu/Documents/GitHub/2D-to-3D-image-reconstruction/facescape_224/fsmview_trainset_20_13_lip_funneler_12.jpg,0.0467691533267498,0.0511135496199131,0.0043443962931632996,8.561582401394844,0.7044969797134399,0.38685429096221924,0.38685429096221924,65.82438899999943,20.235272999912013,real_npy,0,1
894,/mnt/c/Users/Chirayu/Documents/GitHub/2D-to-3D-image-reconstruction/facescape_224/fsmview_trainset_13_10_dimpler_10.jpg,0.09300456196069717,0.13046643137931824,0.03746186941862106,9.118226079735905,0.7872439026832581,0.48380428552627563,0.48380428552627563,21.296743999982937,19.6168590000525,real_npy,0,1
895,/mnt/c/Users/Chirayu/Documents/GitHub/2D-to-3D-image-reconstruction/facescape_224/fsmview_trainset_20_10_dimpler_31.jpg,0.034001342952251434,0.03212440013885498,-0.0018769428133964539,7.671655580401421,0.6478749513626099,0.41889169812202454,0.41889169812202454,21.709685000018908,22.746535000010226,real_npy,0,1
896,/mnt/c/Users/Chirayu/Documents/GitHub/2D-to-3D-image-reconstruction/facescape_224/fsmview_trainset_17_11_chin_raiser_7.jpg,0.08098819851875305,0.09357482194900513,0.012586623430252075,8.851305983960629,0.696215033531189,0.28045907616615295,0.28045907616615295,21.753416000024117,32.68514499995945,real_npy,0,1
897,/mnt/c/Users/Chirayu/Documents/GitHub/2D-to-3D-image-reconstruction/facescape_224/fsmview_trainset_3_19_brow_raiser_42.jpg,0.23895291984081268,0.2640472948551178,0.025094375014305115,7.723937667906284,0.7461206912994385,0.4571093022823334,0.4571093022823334,35.73231300003954,20.382877999963966,real_npy,0,1
898,/mnt/c/Users/Chirayu/Documents/GitHub/2D-to-3D-image-reconstruction/facescape_224/fsmview_trainset_3_18_eye_closed_53.jpg,0.6608808040618896,0.5555147528648376,-0.105366051197052,8.005989596247673,0.6758232116699219,0.43323349952697754,0.43323349952697754,23.329357000079654,21.702334999986306,real_npy,0,1
899,/mnt/c/Users/Chirayu/Documents/GitHub/2D-to-3D-image-reconstruction/facescape_224/fsmview_trainset_16_1_neutral_29.jpg,0.049913518130779266,0.052459344267845154,0.0025458261370658875,7.812390003353357,0.6484251022338867,0.4228871166706085,0.4228871166706085,21.544669000036265,18.759767000005922,real_npy,0,1
900,/mnt/c/Users/Chirayu/Documents/GitHub/2D-to-3D-image-reconstruction/facescape_224/fsmview_trainset_20_14_sadness_6.jpg,0.48475512862205505,0.41235610842704773,-0.07239902019500732,6.239686131477356,0.6451137065887451,0.49191734194755554,0.49191734194755554,21.45889200005513,18.96701700002268,template_fallback,0,0
901,/mnt/c/Users/Chirayu/Documents/GitHub/2D-to-3D-image-reconstruction/facescape_224/fsmview_trainset_10_9_mouth_right_37.jpg,0.0565485954284668,0.07163754850625992,0.015088953077793121,8.748951625078917,0.7312214970588684,0.40712857246398926,0.40712857246398926,19.83708300008402,18.84598900005585,real_npy,0,1
902,/mnt/c/Users/Chirayu/Documents/GitHub/2D-to-3D-image-reconstruction/facescape_224/fsmview_trainset_18_18_eye_closed_43.jpg,0.08253566920757294,0.08415193110704422,0.001616261899471283,7.97053562104702,0.6405978202819824,0.5030818581581116,0.5030818581581116,22.479882999959955,85.78473600005054,real_npy,0,1
903,/mnt/c/Users/Chirayu/Documents/GitHub/2D-to-3D-image-reconstruction/facescape_224/fsmview_trainset_2_16_grin_45.jpg,1.0208172798156738,0.8656082153320312,-0.15520906448364258,6.40266777575016,0.5675184726715088,0.4987034201622009,0.4987034201622009,20.220373000029213,42.538263999972514,real_npy,0,0
904,/mnt/c/Users/Chirayu/Documents/GitHub/2D-to-3D-image-reconstruction/facescape_224/fsmview_trainset_8_5_jaw_left_33.jpg,0.031111788004636765,1.8045086860656738,1.773396898061037,30.368807138875127,2.904487133026123,0.2832782566547394,0.2832782566547394,20.82074499992359,34.7609250000005,real_npy,0,1
905,/mnt/c/Users/Chirayu/Documents/GitHub/2D-to-3D-image-reconstruction/facescape_224/fsmview_trainset_4_7_jaw_forward_2.jpg,0.06296218186616898,0.05552619323134422,-0.007435988634824753,7.493403259664774,0.6781254410743713,0.27488112449645996,0.27488112449645996,21.09976799999913,22.09826000000703,real_npy,0,1
906,/mnt/c/Users/Chirayu/Documents/GitHub/2D-to-3D-image-reconstruction/facescape_224/fsmview_trainset_12_9_mouth_right_52.jpg,0.12353796511888504,0.12918971478939056,0.005651749670505524,7.943452425301075,0.6729829907417297,0.4912307560443878,0.4912307560443878,21.972455999957674,20.352150000007896,real_npy,0,1
907,/mnt/c/Users/Chirayu/Documents/GitHub/2D-to-3D-image-reconstruction/facescape_224/fsmview_trainset_9_18_eye_closed_42.jpg,0.13873563706874847,0.1966516524553299,0.05791601538658142,6.613130792975426,0.6632205247879028,0.4432443082332611,0.4432443082332611,20.877080999980535,21.077708999996503,real_npy,0,1
908,/mnt/c/Users/Chirayu/Documents/GitHub/2D-to-3D-image-reconstruction/facescape_224/fsmview_trainset_14_2_smile_61.jpg,0.44953295588493347,0.4460914731025696,-0.0034414827823638916,7.4964306727051735,0.5996572971343994,0.5059278607368469,0.5059278607368469,55.43378100003338,18.71654199999284,real_npy,0,1
909,/mnt/c/Users/Chirayu/Documents/GitHub/2D-to-3D-image-reconstruction/facescape_224/fsmview_trainset_7_8_mouth_left_12.jpg,0.29093024134635925,983.154541015625,982.8636107742786,565.038734793663,1056.2239990234375,0.2750994563102722,0.2750994563102722,82.20387200003643,20.436732000007396,real_npy,1,1
910,/mnt/c/Users/Chirayu/Documents/GitHub/2D-to-3D-image-reconstruction/facescape_224/fsmview_trainset_2_3_mouth_stretch_36.jpg,0.33563220500946045,0.35205599665641785,0.016423791646957397,6.988600175827742,0.5994710922241211,0.3872579038143158,0.3872579038143158,32.18955900001674,33.63001399998211,real_npy,0,1
911,/mnt/c/Users/Chirayu/Documents/GitHub/2D-to-3D-image-reconstruction/facescape_224/fsmview_trainset_6_18_eye_closed_49.jpg,0.1310577094554901,0.1097828671336174,-0.02127484232187271,7.307881599292159,0.644686758518219,0.43022623658180237,0.43022623658180237,107.36748300007548,19.404559999998128,real_npy,0,1
912,/mnt/c/Users/Chirayu/Documents/GitHub/2D-to-3D-image-reconstruction/facescape_224/fsmview_trainset_20_15_lip_roll_14.jpg,0.14223612844944,0.14930272102355957,0.007066592574119568,7.95179146528244,0.6836602687835693,0.4812876880168915,0.4812876880168915,20.601220000003195,19.082864999973026,real_npy,0,1
913,/mnt/c/Users/Chirayu/Documents/GitHub/2D-to-3D-image-reconstruction/facescape_224/fsmview_trainset_3_5_jaw_left_23.jpg,0.04488975927233696,0.045285433530807495,0.0003956742584705353,8.1932377461344,0.6679672598838806,0.4426657259464264,0.4426657259464264,55.95327899993663,19.4706549999637,real_npy,0,1
914,/mnt/c/Users/Chirayu/Documents/GitHub/2D-to-3D-image-reconstruction/facescape_224/fsmview_trainset_20_4_anger_66.jpg,0.25872233510017395,0.26182594895362854,0.00310361385345459,6.890323080122471,0.6569961905479431,0.4504334330558777,0.4504334330558777,36.39276800004154,23.140010000020084,real_npy,0,1
915,/mnt/c/Users/Chirayu/Documents/GitHub/2D-to-3D-image-reconstruction/facescape_224/fsmview_trainset_14_11_chin_raiser_60.jpg,0.04022575169801712,0.03912891447544098,-0.0010968372225761414,8.622291464358568,0.7385843396186829,0.45520642399787903,0.45520642399787903,20.62129000000823,18.704879999972945,real_npy,0,1
916,/mnt/c/Users/Chirayu/Documents/GitHub/2D-to-3D-image-reconstruction/facescape_224/fsmview_trainset_6_17_cheek_blowing_19.jpg,0.05185730382800102,0.060121987015008926,0.008264683187007904,8.707916477229446,0.777164876461029,0.3266463279724121,0.3266463279724121,21.266149999974004,19.43040999992718,real_npy,0,1
917,/mnt/c/Users/Chirayu/Documents/GitHub/2D-to-3D-image-reconstruction/facescape_224/fsmview_trainset_17_11_chin_raiser_16.jpg,0.04654186964035034,260.3647155761719,260.3181737065315,303.05947810411453,292.7387390136719,0.31121495366096497,0.31121495366096497,36.80903999998009,20.807744999956412,real_npy,1,1
918,/mnt/c/Users/Chirayu/Documents/GitHub/2D-to-3D-image-reconstruction/facescape_224/fsmview_trainset_12_8_mouth_left_44.jpg,0.04335096478462219,0.04300771281123161,-0.0003432519733905792,7.5352650582790375,0.6193540692329407,0.46108847856521606,0.46108847856521606,21.58928799997284,19.215916999996807,real_npy,0,1
919,/mnt/c/Users/Chirayu/Documents/GitHub/2D-to-3D-image-reconstruction/facescape_224/fsmview_trainset_13_1_neutral_18.jpg,0.3393576443195343,0.3806603252887726,0.04130268096923828,7.30522033572197,0.6342316269874573,0.4166359007358551,0.4166359007358551,24.828559000070527,28.80272800007333,real_npy,0,1
920,/mnt/c/Users/Chirayu/Documents/GitHub/2D-to-3D-image-reconstruction/facescape_224/fsmview_trainset_4_9_mouth_right_19.jpg,0.039030782878398895,0.03695765882730484,-0.002073124051094055,8.878599539399147,0.724089503288269,0.2760600447654724,0.2760600447654724,25.65769900002124,54.228784999963864,real_npy,0,1
921,/mnt/c/Users/Chirayu/Documents/GitHub/2D-to-3D-image-reconstruction/facescape_224/fsmview_trainset_19_13_lip_funneler_47.jpg,0.07758841663599014,0.0743936076760292,-0.0031948089599609375,8.220933809876442,0.7163873910903931,0.34393393993377686,0.34393393993377686,51.02973999998994,19.348272000001998,real_npy,0,1
922,/mnt/c/Users/Chirayu/Documents/GitHub/2D-to-3D-image-reconstruction/facescape_224/fsmview_trainset_11_12_lip_puckerer_16.jpg,0.054153215140104294,0.06308574974536896,0.008932534605264664,7.723670858889818,0.6453834772109985,0.4807364344596863,0.4807364344596863,95.53212299999814,19.62887000001956,real_npy,0,1
923,/mnt/c/Users/Chirayu/Documents/GitHub/2D-to-3D-image-reconstruction/facescape_224/fsmview_trainset_11_16_grin_61.jpg,0.5364450812339783,0.5249677300453186,-0.011477351188659668,7.190724015235901,0.6549074053764343,0.5014179944992065,0.5014179944992065,21.36378800003058,44.89483800000471,real_npy,0,1
924,/mnt/c/Users/Chirayu/Documents/GitHub/2D-to-3D-image-reconstruction/facescape_224/fsmview_trainset_14_14_sadness_22.jpg,0.041190579533576965,0.041687484830617905,0.0004969052970409393,7.296849023550749,0.6093689799308777,0.3925381600856781,0.3925381600856781,20.780866999984937,18.935552000016287,real_npy,0,1
925,/mnt/c/Users/Chirayu/Documents/GitHub/2D-to-3D-image-reconstruction/facescape_224/fsmview_trainset_13_1_neutral_34.jpg,0.31928709149360657,0.3038809597492218,-0.015406131744384766,7.302849477156997,0.700472891330719,0.4506545066833496,0.4506545066833496,21.51524199996402,36.56145000002198,real_npy,0,1
926,/mnt/c/Users/Chirayu/Documents/GitHub/2D-to-3D-image-reconstruction/facescape_224/fsmview_trainset_2_16_grin_50.jpg,0.4396926760673523,0.47786641120910645,0.03817373514175415,7.1050081718713045,0.6527780890464783,0.47697651386260986,0.47697651386260986,20.025613000029807,20.327220000012858,template_fallback,0,1
927,/mnt/c/Users/Chirayu/Documents/GitHub/2D-to-3D-image-reconstruction/facescape_224/fsmview_trainset_19_12_lip_puckerer_31.jpg,0.04083836078643799,0.04279959946870804,0.00196123868227005,8.39445685595274,0.6871382594108582,0.28158730268478394,0.28158730268478394,21.196662000079414,20.122929999956796,real_npy,0,1
928,/mnt/c/Users/Chirayu/Documents/GitHub/2D-to-3D-image-reconstruction/facescape_224/fsmview_trainset_4_11_chin_raiser_54.jpg,0.03664978966116905,0.036542586982250214,-0.0001072026789188385,8.109326399862766,0.6932089328765869,0.19850708544254303,0.19850708544254303,19.76910299993051,19.527576999962548,real_npy,0,1
929,/mnt/c/Users/Chirayu/Documents/GitHub/2D-to-3D-image-reconstruction/facescape_224/fsmview_trainset_11_7_jaw_forward_17.jpg,0.06372883915901184,0.07751081138849258,0.013781972229480743,7.9163336008787155,0.686677098274231,0.499267041683197,0.499267041683197,20.628719999990608,31.192826000051355,real_npy,0,1
930,/mnt/c/Users/Chirayu/Documents/GitHub/2D-to-3D-image-reconstruction/facescape_224/fsmview_trainset_16_2_smile_56.jpg,0.02861154079437256,0.034127235412597656,0.005515694618225098,7.851994313299656,0.679876446723938,0.3132737874984741,0.3132737874984741,32.528114999990976,22.94045799999367,real_npy,0,1
931,/mnt/c/Users/Chirayu/Documents/GitHub/2D-to-3D-image-reconstruction/facescape_224/fsmview_trainset_8_2_smile_10.jpg,0.03871289640665054,0.04001275822520256,0.0012998618185520172,8.420241504907608,0.7056609392166138,0.22912117838859558,0.22912117838859558,21.987810000041463,21.05371599998307,real_npy,0,1
932,/mnt/c/Users/Chirayu/Documents/GitHub/2D-to-3D-image-reconstruction/facescape_224/fsmview_trainset_19_8_mouth_left_24.jpg,0.053195174783468246,0.053997769951820374,0.0008025951683521271,9.031594324856997,0.7669088840484619,0.33367303013801575,0.33367303013801575,50.51802299999508,39.73079399997914,real_npy,0,1
933,/mnt/c/Users/Chirayu/Documents/GitHub/2D-to-3D-image-reconstruction/facescape_224/fsmview_trainset_7_11_chin_raiser_41.jpg,0.0824563205242157,0.08483234792947769,0.0023760274052619934,7.9260188192129135,0.6729037165641785,0.5020990967750549,0.5020990967750549,21.024883999984922,22.09035299995321,real_npy,0,1
934,/mnt/c/Users/Chirayu/Documents/GitHub/2D-to-3D-image-reconstruction/facescape_224/fsmview_trainset_10_4_anger_8.jpg,0.03596029058098793,0.035217005759477615,-0.0007432848215103149,7.605794869363308,0.6526302099227905,0.2287251502275467,0.2287251502275467,46.82983600002899,30.306081999924572,real_npy,0,1
935,/mnt/c/Users/Chirayu/Documents/GitHub/2D-to-3D-image-reconstruction/facescape_224/fsmview_trainset_4_16_grin_23.jpg,0.040619634091854095,0.03970368206501007,-0.0009159520268440247,8.508710656315088,0.6901206374168396,0.2976384162902832,0.2976384162902832,21.550142000023698,21.43665599999167,real_npy,0,1
936,/mnt/c/Users/Chirayu/Documents/GitHub/2D-to-3D-image-reconstruction/facescape_224/fsmview_trainset_17_10_dimpler_34.jpg,0.04383658617734909,0.04960929602384567,0.005772709846496582,8.020527310669422,0.6626620292663574,0.42465516924858093,0.42465516924858093,83.93556800001534,22.164470000006986,real_npy,0,1
937,/mnt/c/Users/Chirayu/Documents/GitHub/2D-to-3D-image-reconstruction/facescape_224/fsmview_trainset_13_15_lip_roll_32.jpg,0.14537157118320465,0.23458418250083923,0.08921261131763458,10.000978915020823,0.8774847984313965,0.518656313419342,0.518656313419342,22.942850000049475,22.672127000078035,real_npy,0,1
938,/mnt/c/Users/Chirayu/Documents/GitHub/2D-to-3D-image-reconstruction/facescape_224/fsmview_trainset_20_15_lip_roll_29.jpg,0.07607328146696091,0.08829870820045471,0.012225426733493805,8.012390416115522,0.6791957020759583,0.3258541226387024,0.3258541226387024,20.505216999936238,20.543356999951357,real_npy,0,1
939,/mnt/c/Users/Chirayu/Documents/GitHub/2D-to-3D-image-reconstruction/facescape_224/fsmview_trainset_20_1_neutral_47.jpg,0.07365884631872177,0.07156690210103989,-0.0020919442176818848,7.405436046421528,0.6940513253211975,0.4931551218032837,0.4931551218032837,21.099175000017567,42.36858900003426,real_npy,0,1
940,/mnt/c/Users/Chirayu/Documents/GitHub/2D-to-3D-image-reconstruction/facescape_224/fsmview_trainset_7_6_jaw_right_22.jpg,0.03778501972556114,168.75572204589844,168.71793702617288,240.27500414848328,234.13543701171875,0.37488237023353577,0.37488237023353577,29.707892999908836,17.96633000003567,real_npy,1,1
941,/mnt/c/Users/Chirayu/Documents/GitHub/2D-to-3D-image-reconstruction/facescape_224/fsmview_trainset_17_7_jaw_forward_6.jpg,0.05528677627444267,29.49105453491211,29.435767758637667,114.79165421426296,32.286556243896484,0.32014110684394836,0.32014110684394836,59.531183999979476,18.452235000040673,real_npy,1,1
942,/mnt/c/Users/Chirayu/Documents/GitHub/2D-to-3D-image-reconstruction/facescape_224/fsmview_trainset_20_13_lip_funneler_52.jpg,0.5359622836112976,0.5882704854011536,0.05230820178985596,7.263162314891815,0.6427493095397949,0.5010544061660767,0.5010544061660767,21.54072900009396,22.591250000004948,real_npy,0,1
943,/mnt/c/Users/Chirayu/Documents/GitHub/2D-to-3D-image-reconstruction/facescape_224/fsmview_trainset_3_6_jaw_right_1.jpg,0.0715441182255745,0.0761430487036705,0.004598930478096008,8.269856199622154,0.749612033367157,0.41301271319389343,0.41301271319389343,21.600787000011223,19.211334000033276,real_npy,0,1
944,/mnt/c/Users/Chirayu/Documents/GitHub/2D-to-3D-image-reconstruction/facescape_224/fsmview_trainset_13_4_anger_40.jpg,0.052726227790117264,0.049581676721572876,-0.003144551068544388,7.407476142048836,0.6110984683036804,0.42209988832473755,0.42209988832473755,19.483770999954686,36.80775800000902,real_npy,0,1
945,/mnt/c/Users/Chirayu/Documents/GitHub/2D-to-3D-image-reconstruction/facescape_224/fsmview_trainset_6_16_grin_39.jpg,0.07065384835004807,0.07219201326370239,0.0015381649136543274,8.204213056713343,0.7423195242881775,0.3176040053367615,0.3176040053367615,22.024432000080196,20.092495999961102,real_npy,0,1
946,/mnt/c/Users/Chirayu/Documents/GitHub/2D-to-3D-image-reconstruction/facescape_224/fsmview_trainset_17_9_mouth_right_25.jpg,0.03387485072016716,174.4508514404297,174.41697658970952,243.90520757436752,240.56072998046875,0.29532742500305176,0.29532742500305176,20.39096900000459,19.552171999976053,real_npy,1,1
947,/mnt/c/Users/Chirayu/Documents/GitHub/2D-to-3D-image-reconstruction/facescape_224/fsmview_trainset_10_18_eye_closed_25.jpg,0.059280600398778915,0.059867892414331436,0.0005872920155525208,7.849238187074661,0.7296831607818604,0.4271896779537201,0.4271896779537201,20.55790999997953,19.842455999992126,real_npy,0,1
948,/mnt/c/Users/Chirayu/Documents/GitHub/2D-to-3D-image-reconstruction/facescape_224/fsmview_trainset_20_8_mouth_left_27.jpg,0.031858865171670914,0.033268675208091736,0.0014098100364208221,7.790349183604121,0.6588754057884216,0.48383647203445435,0.48383647203445435,114.14272399997571,32.6365439999563,real_npy,0,1
949,/mnt/c/Users/Chirayu/Documents/GitHub/2D-to-3D-image-reconstruction/facescape_224/fsmview_trainset_12_4_anger_23.jpg,0.13682658970355988,0.769216001033783,0.6323894113302231,19.400403324514627,1.7133877277374268,0.6197326183319092,0.6197326183319092,21.77193099998931,30.546178000008695,real_npy,0,1
950,/mnt/c/Users/Chirayu/Documents/GitHub/2D-to-3D-image-reconstruction/facescape_224/fsmview_trainset_20_12_lip_puckerer_18.jpg,0.0546473003923893,0.050501082092523575,-0.004146218299865723,7.835822429507971,0.6277639865875244,0.4915401339530945,0.4915401339530945,22.016000000007807,21.012193000046864,real_npy,0,1
951,/mnt/c/Users/Chirayu/Documents/GitHub/2D-to-3D-image-reconstruction/facescape_224/fsmview_trainset_6_9_mouth_right_17.jpg,0.038972776383161545,0.08736733347177505,0.04839455708861351,8.550744434818625,0.720258891582489,0.28097596764564514,0.28097596764564514,19.800258000032045,39.780187000019396,real_npy,0,1
952,/mnt/c/Users/Chirayu/Documents/GitHub/2D-to-3D-image-reconstruction/facescape_224/fsmview_trainset_20_9_mouth_right_65.jpg,0.06578807532787323,0.06599842756986618,0.00021035224199295044,8.77890806645155,0.8292785286903381,0.43904176354408264,0.43904176354408264,20.521608999956698,22.22784100001718,real_npy,0,1
953,/mnt/c/Users/Chirayu/Documents/GitHub/2D-to-3D-image-reconstruction/facescape_224/fsmview_trainset_16_5_jaw_left_33.jpg,0.0352930873632431,0.03689197078347206,0.0015988834202289581,8.052071164362133,0.6710938811302185,0.3744714856147766,0.3744714856147766,31.80211699998381,56.16399600000932,real_npy,0,1
954,/mnt/c/Users/Chirayu/Documents/GitHub/2D-to-3D-image-reconstruction/facescape_224/fsmview_trainset_14_14_sadness_59.jpg,0.04146004840731621,0.04274716228246689,0.0012871138751506805,7.418620370328426,0.6223639845848083,0.36656105518341064,0.36656105518341064,85.27329000003192,20.51165300008506,real_npy,0,1
955,/mnt/c/Users/Chirayu/Documents/GitHub/2D-to-3D-image-reconstruction/facescape_224/fsmview_trainset_12_14_sadness_36.jpg,0.05428158864378929,0.05550512298941612,0.001223534345626831,8.522913876920938,0.7237549424171448,0.3749639093875885,0.3749639093875885,20.957890999966367,21.563368999977683,real_npy,0,1
956,/mnt/c/Users/Chirayu/Documents/GitHub/2D-to-3D-image-reconstruction/facescape_224/fsmview_trainset_4_14_sadness_27.jpg,0.08216693252325058,0.08187753707170486,-0.00028939545154571533,8.03341569006443,0.7222403287887573,0.37607255578041077,0.37607255578041077,19.91431300007207,19.08131699997284,real_npy,0,1
957,/mnt/c/Users/Chirayu/Documents/GitHub/2D-to-3D-image-reconstruction/facescape_224/fsmview_trainset_13_19_brow_raiser_39.jpg,0.06947357207536697,0.06265261024236679,-0.006820961833000183,8.797402389347553,0.7195327281951904,0.4763682782649994,0.4763682782649994,119.38615400003982,27.5013380000928,real_npy,0,1
958,/mnt/c/Users/Chirayu/Documents/GitHub/2D-to-3D-image-reconstruction/facescape_224/fsmview_trainset_1_15_lip_roll_16.jpg,0.04200349748134613,3.810622215270996,3.76861871778965,43.88293748348951,5.249801158905029,0.2827872633934021,0.2827872633934021,82.70375400002195,29.51599199991506,real_npy,1,1
959,/mnt/c/Users/Chirayu/Documents/GitHub/2D-to-3D-image-reconstruction/facescape_224/fsmview_trainset_18_8_mouth_left_10.jpg,0.03365660831332207,0.19266244769096375,0.15900583937764168,10.938580635935068,0.9902534484863281,0.3456035852432251,0.3456035852432251,20.648606999998265,19.507025000052636,real_npy,0,1
960,/mnt/c/Users/Chirayu/Documents/GitHub/2D-to-3D-image-reconstruction/facescape_224/fsmview_trainset_4_2_smile_40.jpg,0.16608209908008575,0.1563282310962677,-0.009753867983818054,6.988204464316368,0.6726550459861755,0.5209238529205322,0.5209238529205322,43.48117500001081,30.808196999942083,real_npy,0,1
961,/mnt/c/Users/Chirayu/Documents/GitHub/2D-to-3D-image-reconstruction/facescape_224/fsmview_trainset_17_4_anger_5.jpg,0.055463314056396484,0.05823502317070961,0.0027717091143131256,8.666953215375543,0.6939657926559448,0.37974813580513,0.37974813580513,65.28083099999549,19.276842999943256,real_npy,0,1
962,/mnt/c/Users/Chirayu/Documents/GitHub/2D-to-3D-image-reconstruction/facescape_224/fsmview_trainset_14_8_mouth_left_49.jpg,0.08673450350761414,0.09263364970684052,0.005899146199226379,8.46844930946827,0.7451776266098022,0.5533139109611511,0.5533139109611511,21.26479499997913,20.60563899999579,real_npy,0,1
963,/mnt/c/Users/Chirayu/Documents/GitHub/2D-to-3D-image-reconstruction/facescape_224/fsmview_trainset_18_14_sadness_22.jpg,0.05633940175175667,0.05544726923108101,-0.0008921325206756592,8.896787770092487,0.7345937490463257,0.44459086656570435,0.44459086656570435,22.67199300001721,21.218718999989505,real_npy,0,1
964,/mnt/c/Users/Chirayu/Documents/GitHub/2D-to-3D-image-reconstruction/facescape_224/fsmview_trainset_5_14_sadness_59.jpg,0.5959771871566772,0.6041083931922913,0.008131206035614014,7.034123063087463,0.658852756023407,0.4088655114173889,0.4088655114173889,21.05984399997851,21.96443000002546,real_npy,0,1
965,/mnt/c/Users/Chirayu/Documents/GitHub/2D-to-3D-image-reconstruction/facescape_224/fsmview_trainset_6_13_lip_funneler_12.jpg,0.2208462655544281,0.23630653321743011,0.015460267663002014,7.2364743538200855,0.6925037503242493,0.24556733667850494,0.24556733667850494,23.836615999925925,30.807046000063565,real_npy,0,1
966,/mnt/c/Users/Chirayu/Documents/GitHub/2D-to-3D-image-reconstruction/facescape_224/fsmview_trainset_20_12_lip_puckerer_21.jpg,0.2486659437417984,0.2683248817920685,0.01965893805027008,7.5643995106220245,0.6376189589500427,0.34944015741348267,0.34944015741348267,23.055438000028516,25.574629000061577,real_npy,0,1
967,/mnt/c/Users/Chirayu/Documents/GitHub/2D-to-3D-image-reconstruction/facescape_224/fsmview_trainset_9_17_cheek_blowing_32.jpg,0.04733224958181381,0.053212929517030716,0.005880679935216904,7.113025475293398,0.6071488857269287,0.3055931329727173,0.3055931329727173,83.35103700005675,22.94632499990712,real_npy,0,1
968,/mnt/c/Users/Chirayu/Documents/GitHub/2D-to-3D-image-reconstruction/facescape_224/fsmview_trainset_13_9_mouth_right_5.jpg,0.05994752049446106,1.3492423295974731,1.289294809103012,22.141878109425306,2.4121134281158447,0.4544704556465149,0.4544704556465149,34.161460000063926,44.74941099999796,real_npy,0,1
969,/mnt/c/Users/Chirayu/Documents/GitHub/2D-to-3D-image-reconstruction/facescape_224/fsmview_trainset_16_10_dimpler_19.jpg,0.05256543308496475,0.05552968755364418,0.002964254468679428,9.144121943041682,0.7671989798545837,0.3871486186981201,0.3871486186981201,22.473879000017405,79.1920519999394,real_npy,0,1
970,/mnt/c/Users/Chirayu/Documents/GitHub/2D-to-3D-image-reconstruction/facescape_224/fsmview_trainset_15_15_lip_roll_23.jpg,0.03120872564613819,0.03146951645612717,0.0002607908099889755,6.9946694150567055,0.5611699819564819,0.5456572771072388,0.5456572771072388,33.18942099997457,20.841302000008,real_npy,0,1
971,/mnt/c/Users/Chirayu/Documents/GitHub/2D-to-3D-image-reconstruction/facescape_224/fsmview_trainset_2_20_brow_lower_25.jpg,0.032484088093042374,0.03678763285279274,0.004303544759750366,7.951287604868412,0.6630274057388306,0.3580128252506256,0.3580128252506256,20.88907500001369,21.05130500001451,real_npy,0,1
972,/mnt/c/Users/Chirayu/Documents/GitHub/2D-to-3D-image-reconstruction/facescape_224/fsmview_trainset_19_7_jaw_forward_34.jpg,0.045701514929533005,0.044559296220541,-0.0011422187089920044,8.661233391612768,0.7494980692863464,0.3227134644985199,0.3227134644985199,20.373976999962906,19.528260000015507,real_npy,0,1
973,/mnt/c/Users/Chirayu/Documents/GitHub/2D-to-3D-image-reconstruction/facescape_224/fsmview_trainset_18_8_mouth_left_1.jpg,0.030113549903035164,816.1361694335938,816.1060558836907,513.9638690948486,999.1943969726562,0.34701526165008545,0.34701526165008545,31.999017999964963,19.63137299992468,real_npy,1,1
974,/mnt/c/Users/Chirayu/Documents/GitHub/2D-to-3D-image-reconstruction/facescape_224/fsmview_trainset_12_4_anger_18.jpg,0.052074916660785675,0.05316378176212311,0.0010888651013374329,8.700599379837513,0.7132518887519836,0.5159387588500977,0.5159387588500977,20.2081500000304,18.932251999899563,real_npy,0,1
975,/mnt/c/Users/Chirayu/Documents/GitHub/2D-to-3D-image-reconstruction/facescape_224/fsmview_trainset_13_9_mouth_right_25.jpg,0.043132293969392776,0.05320562422275543,0.010073330253362656,8.95339821325615,0.7339696288108826,0.41617411375045776,0.41617411375045776,32.38080999994963,64.30870600001981,real_npy,0,1
976,/mnt/c/Users/Chirayu/Documents/GitHub/2D-to-3D-image-reconstruction/facescape_224/fsmview_trainset_20_11_chin_raiser_44.jpg,0.1688109040260315,0.18613147735595703,0.017320573329925537,9.039128689095378,0.7221174836158752,0.3246297836303711,0.3246297836303711,20.710822999944867,30.26526799999374,real_npy,0,1
977,/mnt/c/Users/Chirayu/Documents/GitHub/2D-to-3D-image-reconstruction/facescape_224/fsmview_trainset_7_3_mouth_stretch_19.jpg,0.04511159658432007,0.04323182255029678,-0.001879774034023285,7.881729770451784,0.7397684454917908,0.36540013551712036,0.36540013551712036,32.213534999982585,19.580890999918665,real_npy,0,1
978,/mnt/c/Users/Chirayu/Documents/GitHub/2D-to-3D-image-reconstruction/facescape_224/fsmview_trainset_10_9_mouth_right_6.jpg,0.03876117244362831,0.041811276227235794,0.003050103783607483,7.709171026945114,0.6648576855659485,0.26284080743789673,0.26284080743789673,36.39022400000158,28.106507999950736,real_npy,0,1
979,/mnt/c/Users/Chirayu/Documents/GitHub/2D-to-3D-image-reconstruction/facescape_224/fsmview_trainset_3_17_cheek_blowing_2.jpg,0.08484489470720291,0.08607586473226547,0.001230970025062561,8.765184126794338,0.7584359645843506,0.4395935535430908,0.4395935535430908,25.022852000006424,25.403366999967147,real_npy,0,1
980,/mnt/c/Users/Chirayu/Documents/GitHub/2D-to-3D-image-reconstruction/facescape_224/fsmview_trainset_19_16_grin_39.jpg,0.5447006821632385,0.5346744656562805,-0.010026216506958008,7.244802825152874,0.6782097816467285,0.3796253204345703,0.3796253204345703,20.026197999982287,23.644461000003503,real_npy,0,1
981,/mnt/c/Users/Chirayu/Documents/GitHub/2D-to-3D-image-reconstruction/facescape_224/fsmview_trainset_11_13_lip_funneler_3.jpg,0.49695172905921936,0.5095064640045166,0.012554734945297241,8.144618477672338,0.6935999393463135,0.6385740041732788,0.6385740041732788,54.894362000027286,21.208583999964503,real_npy,0,1
982,/mnt/c/Users/Chirayu/Documents/GitHub/2D-to-3D-image-reconstruction/facescape_224/fsmview_trainset_12_8_mouth_left_43.jpg,0.043885428458452225,0.046348538249731064,0.002463109791278839,7.84867524728179,0.6369977593421936,0.32739436626434326,0.32739436626434326,23.34464900002331,21.019169999931364,real_npy,0,1
983,/mnt/c/Users/Chirayu/Documents/GitHub/2D-to-3D-image-reconstruction/facescape_224/fsmview_trainset_14_12_lip_puckerer_35.jpg,0.043197911232709885,0.044132035225629807,0.0009341239929199219,8.670796764548868,0.7315599322319031,0.5515480637550354,0.5515480637550354,26.962862999994286,53.43324599994048,real_npy,0,1
984,/mnt/c/Users/Chirayu/Documents/GitHub/2D-to-3D-image-reconstruction/facescape_224/fsmview_trainset_17_1_neutral_57.jpg,0.07899754494428635,0.08416660130023956,0.0051690563559532166,8.551071245223284,0.7163688540458679,0.36412185430526733,0.36412185430526733,33.079267999937656,19.564105999961612,real_npy,0,1
985,/mnt/c/Users/Chirayu/Documents/GitHub/2D-to-3D-image-reconstruction/facescape_224/fsmview_trainset_15_3_mouth_stretch_65.jpg,0.052545055747032166,0.0525304451584816,-1.4610588550567627e-05,8.625600235536695,0.8150067925453186,0.47750476002693176,0.47750476002693176,20.7900890000019,38.87327899997217,real_npy,0,1
986,/mnt/c/Users/Chirayu/Documents/GitHub/2D-to-3D-image-reconstruction/facescape_224/fsmview_trainset_16_20_brow_lower_33.jpg,0.036224614828825,0.03626357018947601,3.8955360651016235e-05,8.177731779403985,0.6693155169487,0.37575897574424744,0.37575897574424744,24.620386000037797,22.53245200006404,real_npy,0,1
987,/mnt/c/Users/Chirayu/Documents/GitHub/2D-to-3D-image-reconstruction/facescape_224/fsmview_trainset_1_3_mouth_stretch_55.jpg,0.056472837924957275,2.576371908187866,2.519899070262909,37.59881457686424,3.8636345863342285,0.27875593304634094,0.27875593304634094,31.956536000052438,30.894252000052802,real_npy,1,1
988,/mnt/c/Users/Chirayu/Documents/GitHub/2D-to-3D-image-reconstruction/facescape_224/fsmview_trainset_8_1_neutral_16.jpg,0.033832840621471405,0.03547695651650429,0.0016441158950328827,7.933938153088093,0.6689032912254333,0.2440134584903717,0.2440134584903717,20.546836999983498,25.264698000000863,real_npy,0,1
989,/mnt/c/Users/Chirayu/Documents/GitHub/2D-to-3D-image-reconstruction/facescape_224/fsmview_trainset_9_6_jaw_right_17.jpg,0.04391007125377655,0.04338940232992172,-0.0005206689238548279,8.388900890946388,0.705557107925415,0.38517698645591736,0.38517698645591736,20.070889000066927,24.50401700002658,real_npy,0,1
990,/mnt/c/Users/Chirayu/Documents/GitHub/2D-to-3D-image-reconstruction/facescape_224/fsmview_trainset_18_2_smile_38.jpg,0.1492198258638382,0.14420375227928162,-0.00501607358455658,8.576942019164562,0.8402001261711121,0.5406137108802795,0.5406137108802795,113.96798199996283,65.78229399997326,real_npy,0,1
991,/mnt/c/Users/Chirayu/Documents/GitHub/2D-to-3D-image-reconstruction/facescape_224/fsmview_trainset_5_11_chin_raiser_49.jpg,0.10032104700803757,0.09503961354494095,-0.005281433463096619,7.714046310633421,0.6487606167793274,0.44015979766845703,0.44015979766845703,20.527646000005006,20.652484000038385,real_npy,0,1
992,/mnt/c/Users/Chirayu/Documents/GitHub/2D-to-3D-image-reconstruction/facescape_224/fsmview_trainset_8_19_brow_raiser_46.jpg,0.05220947414636612,0.05475473403930664,0.0025452598929405212,7.91028618067503,0.6888070702552795,0.32639431953430176,0.32639431953430176,23.62164800001665,18.962900999895282,real_npy,0,1
993,/mnt/c/Users/Chirayu/Documents/GitHub/2D-to-3D-image-reconstruction/facescape_224/fsmview_trainset_11_18_eye_closed_67.jpg,0.06326481699943542,0.06974159926176071,0.006476782262325287,9.125048778485507,0.7408250570297241,0.4969986379146576,0.4969986379146576,21.76435900003071,35.7968120000578,real_npy,0,1
994,/mnt/c/Users/Chirayu/Documents/GitHub/2D-to-3D-image-reconstruction/facescape_224/fsmview_trainset_8_9_mouth_right_16.jpg,0.03855247050523758,0.038857538253068924,0.0003050677478313446,7.765206374228001,0.6612828373908997,0.23826871812343597,0.23826871812343597,21.291397000027246,18.693602999974246,real_npy,0,1
995,/mnt/c/Users/Chirayu/Documents/GitHub/2D-to-3D-image-reconstruction/facescape_224/fsmview_trainset_10_14_sadness_52.jpg,0.3707055151462555,0.29342401027679443,-0.07728150486946106,6.722487702965736,0.6531178951263428,0.3911406099796295,0.3911406099796295,20.985709000001407,21.01107500004673,real_npy,0,1
996,/mnt/c/Users/Chirayu/Documents/GitHub/2D-to-3D-image-reconstruction/facescape_224/fsmview_trainset_18_15_lip_roll_33.jpg,0.04514016956090927,0.043053679168224335,-0.0020864903926849365,8.431700088083744,0.7022580504417419,0.43040308356285095,0.43040308356285095,72.40776800006188,20.85756400003902,real_npy,0,1
997,/mnt/c/Users/Chirayu/Documents/GitHub/2D-to-3D-image-reconstruction/facescape_224/fsmview_trainset_9_3_mouth_stretch_6.jpg,0.04445836693048477,0.04759275168180466,0.0031343847513198853,7.622398555278778,0.695772647857666,0.2605609893798828,0.2605609893798828,20.13229900001079,19.301132999999027,real_npy,0,1
998,/mnt/c/Users/Chirayu/Documents/GitHub/2D-to-3D-image-reconstruction/facescape_224/fsmview_trainset_10_3_mouth_stretch_13.jpg,0.13292184472084045,0.1283942461013794,-0.00452759861946106,7.10972087085247,0.6782134175300598,0.46673256158828735,0.46673256158828735,61.261822999995275,29.999386999975286,real_npy,0,1
999,/mnt/c/Users/Chirayu/Documents/GitHub/2D-to-3D-image-reconstruction/facescape_224/fsmview_trainset_18_8_mouth_left_13.jpg,0.22124065458774567,0.218254953622818,-0.0029857009649276733,7.462243068963289,0.6110656261444092,0.5979489684104919,0.5979489684104919,36.946171999943545,22.863723999989816,real_npy,0,1
