idx,image_path,baseline_lmk_err,finetuned_lmk_err,lmk_err_delta_ft_minus_base,finetuned_cam_score,finetuned_lmk_abs_max,baseline_photo_l1,finetuned_photo_l1,baseline_runtime_ms,finetuned_runtime_ms,landmark_target_source,is_failure,hybrid_selective_fallback
0,/mnt/c/Users/Chirayu/Documents/GitHub/2D-to-3D-image-reconstruction/facescape_224/fsmview_trainset_11_1_neutral_25.jpg,0.03962716832756996,0.09256526827812195,0.05293809995055199,8.307441625744104,0.7257817387580872,0.5376215577125549,0.5376215577125549,nan,nan,real_npy,0,1
1,/mnt/c/Users/Chirayu/Documents/GitHub/2D-to-3D-image-reconstruction/facescape_224/fsmview_trainset_16_6_jaw_right_42.jpg,0.08871696889400482,0.09719624370336533,0.008479274809360504,7.050869554281235,0.6716220378875732,0.44511547684669495,0.44511547684669495,nan,nan,real_npy,0,1
2,/mnt/c/Users/Chirayu/Documents/GitHub/2D-to-3D-image-reconstruction/facescape_224/fsmview_trainset_7_2_smile_1.jpg,0.05355703458189964,0.05085983872413635,-0.0026971958577632904,8.095220118761063,0.7013328671455383,0.42115887999534607,0.42115887999534607,nan,nan,real_npy,0,1
3,/mnt/c/Users/Chirayu/Documents/GitHub/2D-to-3D-image-reconstruction/facescape_224/fsmview_trainset_7_2_smile_35.jpg,0.04711788520216942,0.04845377430319786,0.0013358891010284424,8.313082166016102,0.6765333414077759,0.4215160310268402,0.4215160310268402,nan,nan,real_npy,0,1
4,/mnt/c/Users/Chirayu/Documents/GitHub/2D-to-3D-image-reconstruction/facescape_224/fsmview_trainset_17_9_mouth_right_9.jpg,0.05628567934036255,0.062113791704177856,0.005828112363815308,8.415807966142893,0.6653903126716614,0.3694095313549042,0.3694095313549042,nan,nan,real_npy,0,1
5,/mnt/c/Users/Chirayu/Documents/GitHub/2D-to-3D-image-reconstruction/facescape_224/fsmview_trainset_4_18_eye_closed_19.jpg,0.045300498604774475,0.043922413140535355,-0.0013780854642391205,9.013446904718876,0.7374528050422668,0.2790377140045166,0.2790377140045166,42.71413300000049,49.50140300000072,real_npy,0,1
6,/mnt/c/Users/Chirayu/Documents/GitHub/2D-to-3D-image-reconstruction/facescape_224/fsmview_trainset_8_17_cheek_blowing_52.jpg,0.21299023926258087,0.20842470228672028,-0.004565536975860596,6.161338735371828,0.607675313949585,0.37326133251190186,0.37326133251190186,45.51434899999762,36.12284099999741,real_npy,0,0
7,/mnt/c/Users/Chirayu/Documents/GitHub/2D-to-3D-image-reconstruction/facescape_224/fsmview_trainset_19_15_lip_roll_49.jpg,0.7414350509643555,0.544561505317688,-0.19687354564666748,8.554708406329155,0.7233219742774963,0.37162894010543823,0.37162894010543823,45.6282979999969,34.20961900000208,real_npy,0,1
8,/mnt/c/Users/Chirayu/Documents/GitHub/2D-to-3D-image-reconstruction/facescape_224/fsmview_trainset_7_5_jaw_left_47.jpg,0.06634540110826492,0.07887770235538483,0.012532301247119904,9.387333048507571,0.8126950860023499,0.4808140993118286,0.4808140993118286,49.3238900000037,46.03986800000115,real_npy,0,1
9,/mnt/c/Users/Chirayu/Documents/GitHub/2D-to-3D-image-reconstruction/facescape_224/fsmview_trainset_2_20_brow_lower_7.jpg,0.22603601217269897,0.20676587522029877,-0.019270136952400208,8.546394221484661,0.6868436336517334,0.37762635946273804,0.37762635946273804,39.61010100000095,40.217836000003615,real_npy,0,1
10,/mnt/c/Users/Chirayu/Documents/GitHub/2D-to-3D-image-reconstruction/facescape_224/fsmview_trainset_13_16_grin_2.jpg,0.21612370014190674,0.20787204802036285,-0.008251652121543884,6.7930209413170815,0.6137267351150513,0.43702012300491333,0.43702012300491333,38.942237000000546,38.540285000003394,real_npy,0,1
11,/mnt/c/Users/Chirayu/Documents/GitHub/2D-to-3D-image-reconstruction/facescape_224/fsmview_trainset_1_10_dimpler_23.jpg,0.041085418313741684,0.03816744312644005,-0.0029179751873016357,8.370148932561278,0.7043205499649048,0.3632708191871643,0.3632708191871643,36.14369099999948,38.33112600000277,real_npy,0,1
12,/mnt/c/Users/Chirayu/Documents/GitHub/2D-to-3D-image-reconstruction/facescape_224/fsmview_trainset_20_13_lip_funneler_46.jpg,0.12706273794174194,0.14751091599464417,0.02044817805290222,7.425263948738575,0.6773437261581421,0.5959072709083557,0.5959072709083557,37.052977000001874,38.33687500000593,real_npy,0,1
13,/mnt/c/Users/Chirayu/Documents/GitHub/2D-to-3D-image-reconstruction/facescape_224/fsmview_trainset_10_19_brow_raiser_7.jpg,0.04175679013133049,0.04817552492022514,0.006418734788894653,7.6390981916338205,0.6654977798461914,0.22483651340007782,0.22483651340007782,33.89103499999635,32.027986999999314,real_npy,0,1
14,/mnt/c/Users/Chirayu/Documents/GitHub/2D-to-3D-image-reconstruction/facescape_224/fsmview_trainset_4_18_eye_closed_29.jpg,0.07103218883275986,0.07256712019443512,0.0015349313616752625,8.076896116137505,0.6866055130958557,0.33427050709724426,0.33427050709724426,41.12684999999772,37.05869599999545,real_npy,0,1
15,/mnt/c/Users/Chirayu/Documents/GitHub/2D-to-3D-image-reconstruction/facescape_224/fsmview_trainset_19_10_dimpler_6.jpg,0.054604556411504745,0.05502474308013916,0.00042018666863441467,8.82784721441567,0.7349521517753601,0.28018832206726074,0.28018832206726074,43.87795699999941,42.32567500000073,real_npy,0,1
16,/mnt/c/Users/Chirayu/Documents/GitHub/2D-to-3D-image-reconstruction/facescape_224/fsmview_trainset_7_12_lip_puckerer_40.jpg,0.18346942961215973,0.18568052351474762,0.0022110939025878906,7.031865328550339,0.6334662437438965,0.45004504919052124,0.45004504919052124,41.41085999999916,32.17783300000576,real_npy,0,1
17,/mnt/c/Users/Chirayu/Documents/GitHub/2D-to-3D-image-reconstruction/facescape_224/fsmview_trainset_4_7_jaw_forward_36.jpg,0.04511213302612305,0.044002287089824677,-0.0011098459362983704,7.385359905660152,0.6547849178314209,0.3089570999145508,0.3089570999145508,44.818808999998794,32.87056900000351,real_npy,0,1
18,/mnt/c/Users/Chirayu/Documents/GitHub/2D-to-3D-image-reconstruction/facescape_224/fsmview_trainset_6_14_sadness_1.jpg,0.07469530403614044,0.07292231172323227,-0.0017729923129081726,7.82047463953495,0.7307258248329163,0.3671760559082031,0.3671760559082031,34.31048799999559,42.83479999999429,real_npy,0,1
19,/mnt/c/Users/Chirayu/Documents/GitHub/2D-to-3D-image-reconstruction/facescape_224/fsmview_trainset_5_19_brow_raiser_56.jpg,0.06227043271064758,0.0601961687207222,-0.0020742639899253845,8.419014409184456,0.7421562671661377,0.399122953414917,0.399122953414917,36.8511029999965,33.3804599999965,real_npy,0,1
20,/mnt/c/Users/Chirayu/Documents/GitHub/2D-to-3D-image-reconstruction/facescape_224/fsmview_trainset_5_18_eye_closed_29.jpg,0.07839331775903702,0.0881275162100792,0.009734198451042175,8.52191486954689,0.7096449732780457,0.29963529109954834,0.29963529109954834,35.7482779999998,32.617729000001816,real_npy,0,1
21,/mnt/c/Users/Chirayu/Documents/GitHub/2D-to-3D-image-reconstruction/facescape_224/fsmview_trainset_1_13_lip_funneler_41.jpg,0.11613792926073074,0.10339067876338959,-0.012747250497341156,8.173603393137455,0.7790036201477051,0.4520139992237091,0.4520139992237091,43.30107599999877,45.510188999998036,real_npy,0,1
22,/mnt/c/Users/Chirayu/Documents/GitHub/2D-to-3D-image-reconstruction/facescape_224/fsmview_trainset_19_10_dimpler_38.jpg,0.5946806073188782,0.5765883922576904,-0.018092215061187744,7.355329263955355,0.6782081127166748,0.38551872968673706,0.38551872968673706,34.651371999999014,34.151919999999336,real_npy,0,1
23,/mnt/c/Users/Chirayu/Documents/GitHub/2D-to-3D-image-reconstruction/facescape_224/fsmview_trainset_20_7_jaw_forward_31.jpg,0.03839961066842079,0.033906709402799606,-0.004492901265621185,7.810168078169227,0.6488983035087585,0.4458387494087219,0.4458387494087219,37.677294999994615,34.617365999999095,real_npy,0,1
24,/mnt/c/Users/Chirayu/Documents/GitHub/2D-to-3D-image-reconstruction/facescape_224/fsmview_trainset_9_2_smile_19.jpg,0.05439331382513046,0.05591968819499016,0.0015263743698596954,9.112908546812832,0.743332028388977,0.3864700496196747,0.3864700496196747,43.279064000003586,33.35473599999972,real_npy,0,1
25,/mnt/c/Users/Chirayu/Documents/GitHub/2D-to-3D-image-reconstruction/facescape_224/fsmview_trainset_19_2_smile_32.jpg,0.15336936712265015,0.16281671822071075,0.009447351098060608,7.431663654744625,0.7079311013221741,0.2019471824169159,0.2019471824169159,32.49498699999975,36.845076999995285,real_npy,0,1
26,/mnt/c/Users/Chirayu/Documents/GitHub/2D-to-3D-image-reconstruction/facescape_224/fsmview_trainset_19_8_mouth_left_22.jpg,0.06423470377922058,0.06702286005020142,0.002788156270980835,9.508086508139968,0.7936103940010071,0.36723706126213074,0.36723706126213074,43.09116900000021,44.19194899999468,real_npy,0,1
27,/mnt/c/Users/Chirayu/Documents/GitHub/2D-to-3D-image-reconstruction/facescape_224/fsmview_trainset_8_7_jaw_forward_0.jpg,0.10143004357814789,0.1037408635020256,0.002310819923877716,7.955572918057442,0.7120353579521179,0.2726958394050598,0.2726958394050598,37.70186699999556,34.53980500000142,real_npy,0,1
28,/mnt/c/Users/Chirayu/Documents/GitHub/2D-to-3D-image-reconstruction/facescape_224/fsmview_trainset_5_3_mouth_stretch_33.jpg,0.04548484832048416,0.04426509514451027,-0.0012197531759738922,7.63511361181736,0.7377985119819641,0.43496018648147583,0.43496018648147583,38.096317000004376,37.406193000002474,real_npy,0,1
29,/mnt/c/Users/Chirayu/Documents/GitHub/2D-to-3D-image-reconstruction/facescape_224/fsmview_trainset_14_19_brow_raiser_46.jpg,0.16877903044223785,0.17285367846488953,0.004074648022651672,8.494084350764751,0.6640883088111877,0.6399165987968445,0.6399165987968445,38.990533999999855,42.372754999995266,real_npy,0,1
30,/mnt/c/Users/Chirayu/Documents/GitHub/2D-to-3D-image-reconstruction/facescape_224/fsmview_trainset_3_7_jaw_forward_29.jpg,0.04071761667728424,0.04807334393262863,0.007355727255344391,8.145619221031666,0.7117416262626648,0.28798985481262207,0.28798985481262207,38.85266700000045,33.26611899999676,real_npy,0,1
31,/mnt/c/Users/Chirayu/Documents/GitHub/2D-to-3D-image-reconstruction/facescape_224/fsmview_trainset_5_5_jaw_left_58.jpg,0.669179379940033,0.758746862411499,0.08956748247146606,7.368304833769798,0.7303448915481567,0.455867201089859,0.455867201089859,33.38801900000021,34.746707000003596,real_npy,0,1
32,/mnt/c/Users/Chirayu/Documents/GitHub/2D-to-3D-image-reconstruction/facescape_224/fsmview_trainset_4_17_cheek_blowing_43.jpg,0.028804656118154526,0.030891653150320053,0.0020869970321655273,7.544254135340452,0.6235823631286621,0.19434833526611328,0.19434833526611328,38.18503399999429,35.82269300000007,real_npy,0,1
33,/mnt/c/Users/Chirayu/Documents/GitHub/2D-to-3D-image-reconstruction/facescape_224/fsmview_trainset_8_20_brow_lower_3.jpg,0.05247781425714493,0.0539453960955143,0.0014675818383693695,7.895996354520321,0.7262983918190002,0.2932663559913635,0.2932663559913635,35.30883399999851,38.20616400000176,real_npy,0,1
34,/mnt/c/Users/Chirayu/Documents/GitHub/2D-to-3D-image-reconstruction/facescape_224/fsmview_trainset_14_12_lip_puckerer_44.jpg,0.0705835297703743,0.07130028307437897,0.0007167533040046692,8.544035911560059,0.6880365610122681,0.3573296368122101,0.3573296368122101,42.50239099999931,31.47256300000123,real_npy,0,1
35,/mnt/c/Users/Chirayu/Documents/GitHub/2D-to-3D-image-reconstruction/facescape_224/fsmview_trainset_11_13_lip_funneler_14.jpg,0.19386644661426544,0.21477234363555908,0.02090589702129364,7.743711605668068,0.6502030491828918,0.5636483430862427,0.5636483430862427,35.17463000000021,34.74403999999964,real_npy,0,1
36,/mnt/c/Users/Chirayu/Documents/GitHub/2D-to-3D-image-reconstruction/facescape_224/fsmview_trainset_11_16_grin_60.jpg,0.04121146351099014,0.041487861424684525,0.0002763979136943817,8.595706910826266,0.7553838491439819,0.5149634480476379,0.5149634480476379,37.76218199999448,36.53819899999888,real_npy,0,1
37,/mnt/c/Users/Chirayu/Documents/GitHub/2D-to-3D-image-reconstruction/facescape_224/fsmview_trainset_9_17_cheek_blowing_28.jpg,0.04106580466032028,0.041292864829301834,0.00022706016898155212,7.48000355809927,0.6519489884376526,0.25688207149505615,0.25688207149505615,38.057952999999145,38.613909999995144,real_npy,0,1
38,/mnt/c/Users/Chirayu/Documents/GitHub/2D-to-3D-image-reconstruction/facescape_224/fsmview_trainset_5_13_lip_funneler_56.jpg,0.06694526225328445,0.0642385482788086,-0.0027067139744758606,8.224082350730896,0.7136871218681335,0.43158015608787537,0.43158015608787537,50.770901999996454,37.89562200000063,real_npy,0,1
39,/mnt/c/Users/Chirayu/Documents/GitHub/2D-to-3D-image-reconstruction/facescape_224/fsmview_trainset_2_12_lip_puckerer_31.jpg,0.10845254361629486,0.11642899364233017,0.007976450026035309,8.233344428241253,0.6476206183433533,0.4569994807243347,0.4569994807243347,39.29555100000215,40.239673000002085,real_npy,0,1
40,/mnt/c/Users/Chirayu/Documents/GitHub/2D-to-3D-image-reconstruction/facescape_224/fsmview_trainset_5_19_brow_raiser_34.jpg,0.044565193355083466,0.04552526772022247,0.0009600743651390076,8.157775714993477,0.7144321799278259,0.43452566862106323,0.43452566862106323,43.79204399999992,38.66799899999762,real_npy,0,1
41,/mnt/c/Users/Chirayu/Documents/GitHub/2D-to-3D-image-reconstruction/facescape_224/fsmview_trainset_15_9_mouth_right_19.jpg,0.07193832099437714,0.08008348196744919,0.008145160973072052,7.871152399107814,0.6714791059494019,0.5738368630409241,0.5738368630409241,45.74088800000453,51.964904000001866,real_npy,0,1
42,/mnt/c/Users/Chirayu/Documents/GitHub/2D-to-3D-image-reconstruction/facescape_224/fsmview_trainset_14_16_grin_63.jpg,0.0362643264234066,0.03303365409374237,-0.0032306723296642303,7.699770346283913,0.6887987852096558,0.3643465042114258,0.3643465042114258,47.45010899999613,37.34778399999783,real_npy,0,1
43,/mnt/c/Users/Chirayu/Documents/GitHub/2D-to-3D-image-reconstruction/facescape_224/fsmview_trainset_20_12_lip_puckerer_13.jpg,0.05699245259165764,0.059772323817014694,0.0027798712253570557,8.854831594973803,0.7152199745178223,0.3965231776237488,0.3965231776237488,37.40566999999828,37.76449499999757,real_npy,0,1
44,/mnt/c/Users/Chirayu/Documents/GitHub/2D-to-3D-image-reconstruction/facescape_224/fsmview_trainset_6_9_mouth_right_32.jpg,0.049580223858356476,0.051100920885801315,0.0015206970274448395,7.69283876568079,0.6459931135177612,0.2980691194534302,0.2980691194534302,40.9399269999966,42.20564500000279,real_npy,0,1
45,/mnt/c/Users/Chirayu/Documents/GitHub/2D-to-3D-image-reconstruction/facescape_224/fsmview_trainset_1_15_lip_roll_29.jpg,0.07378091663122177,0.07955741137266159,0.005776494741439819,7.844397775828838,0.6655722856521606,0.42207491397857666,0.42207491397857666,39.57098899999778,40.825832000003004,real_npy,0,1
46,/mnt/c/Users/Chirayu/Documents/GitHub/2D-to-3D-image-reconstruction/facescape_224/fsmview_trainset_20_16_grin_29.jpg,0.14048776030540466,0.14729760587215424,0.006809845566749573,7.6562195755541325,0.6423889398574829,0.34527483582496643,0.34527483582496643,37.18474700000485,45.69449299999917,real_npy,0,1
47,/mnt/c/Users/Chirayu/Documents/GitHub/2D-to-3D-image-reconstruction/facescape_224/fsmview_trainset_20_7_jaw_forward_64.jpg,0.2949310839176178,0.29298731684684753,-0.0019437670707702637,7.377015210688114,0.6992310285568237,0.45648670196533203,0.45648670196533203,42.96906100000086,54.85227100000145,real_npy,0,1
48,/mnt/c/Users/Chirayu/Documents/GitHub/2D-to-3D-image-reconstruction/facescape_224/fsmview_trainset_12_8_mouth_left_29.jpg,0.048421554267406464,0.04614880681037903,-0.0022727474570274353,8.418309124186635,0.7029405832290649,0.4136093556880951,0.4136093556880951,45.20090100000118,48.84451600000261,real_npy,0,1
49,/mnt/c/Users/Chirayu/Documents/GitHub/2D-to-3D-image-reconstruction/facescape_224/fsmview_trainset_13_7_jaw_forward_44.jpg,0.042113710194826126,0.04725116863846779,0.005137458443641663,8.565679337829351,0.7336603403091431,0.3258798122406006,0.3258798122406006,46.71640400000143,34.72492199999522,real_npy,0,1
50,/mnt/c/Users/Chirayu/Documents/GitHub/2D-to-3D-image-reconstruction/facescape_224/fsmview_trainset_13_20_brow_lower_47.jpg,0.05327456071972847,0.05658991262316704,0.003315351903438568,7.833333261311054,0.6545544266700745,0.4178984761238098,0.4178984761238098,45.32110399999567,37.72852400000204,real_npy,0,1
51,/mnt/c/Users/Chirayu/Documents/GitHub/2D-to-3D-image-reconstruction/facescape_224/fsmview_trainset_18_18_eye_closed_42.jpg,0.034874893724918365,0.03752169385552406,0.0026468001306056976,7.794207088649273,0.6469427347183228,0.32483065128326416,0.32483065128326416,43.58301700000311,40.88323500000257,real_npy,0,1
52,/mnt/c/Users/Chirayu/Documents/GitHub/2D-to-3D-image-reconstruction/facescape_224/fsmview_trainset_6_4_anger_40.jpg,0.24713283777236938,0.25534018874168396,0.008207350969314575,6.776403650641441,0.6781503558158875,0.39704859256744385,0.39704859256744385,38.19968900000248,40.74014400000436,real_npy,0,1
53,/mnt/c/Users/Chirayu/Documents/GitHub/2D-to-3D-image-reconstruction/facescape_224/fsmview_trainset_3_3_mouth_stretch_21.jpg,0.032016631215810776,0.03649935871362686,0.004482727497816086,7.812167566269636,0.7159017324447632,0.32566893100738525,0.32566893100738525,45.95373200000097,48.03826199999861,real_npy,0,1
54,/mnt/c/Users/Chirayu/Documents/GitHub/2D-to-3D-image-reconstruction/facescape_224/fsmview_trainset_5_16_grin_32.jpg,0.05920027941465378,0.06300635635852814,0.003806076943874359,7.823135543614626,0.6871642470359802,0.327193021774292,0.327193021774292,62.61773500000345,52.914346000001444,real_npy,0,1
55,/mnt/c/Users/Chirayu/Documents/GitHub/2D-to-3D-image-reconstruction/facescape_224/fsmview_trainset_20_3_mouth_stretch_47.jpg,0.13397003710269928,0.1908627152442932,0.05689267814159393,7.064765125513077,0.6986750364303589,0.6468546390533447,0.6468546390533447,49.93721799999662,44.22582499999805,real_npy,0,1
56,/mnt/c/Users/Chirayu/Documents/GitHub/2D-to-3D-image-reconstruction/facescape_224/fsmview_trainset_12_13_lip_funneler_27.jpg,0.07334570586681366,0.07189801335334778,-0.0014476925134658813,8.958848211914301,0.7703595757484436,0.5505934357643127,0.5505934357643127,46.46204899999873,42.85643400000083,real_npy,0,1
57,/mnt/c/Users/Chirayu/Documents/GitHub/2D-to-3D-image-reconstruction/facescape_224/fsmview_trainset_18_3_mouth_stretch_9.jpg,0.043915096670389175,0.042811132967472076,-0.001103963702917099,8.096554830670357,0.742539644241333,0.32537931203842163,0.32537931203842163,41.47788499999905,38.253300000000934,real_npy,0,1
58,/mnt/c/Users/Chirayu/Documents/GitHub/2D-to-3D-image-reconstruction/facescape_224/fsmview_trainset_9_3_mouth_stretch_2.jpg,0.0688629075884819,0.08283480256795883,0.013971894979476929,8.118593044579029,0.7475413084030151,0.3780031204223633,0.3780031204223633,45.63621100000148,41.55853199999626,real_npy,0,1
59,/mnt/c/Users/Chirayu/Documents/GitHub/2D-to-3D-image-reconstruction/facescape_224/fsmview_trainset_20_10_dimpler_26.jpg,0.052763838320970535,0.05956856533885002,0.006804727017879486,8.031249761581421,0.7125005722045898,0.4767512381076813,0.4767512381076813,44.58991800000689,42.483623000002524,real_npy,0,1
60,/mnt/c/Users/Chirayu/Documents/GitHub/2D-to-3D-image-reconstruction/facescape_224/fsmview_trainset_15_6_jaw_right_42.jpg,0.04482075944542885,0.04579108580946922,0.0009703263640403748,8.098384618759155,0.691326379776001,0.567866861820221,0.567866861820221,39.914852999999084,35.42820600000596,real_npy,0,1
61,/mnt/c/Users/Chirayu/Documents/GitHub/2D-to-3D-image-reconstruction/facescape_224/fsmview_trainset_7_11_chin_raiser_8.jpg,0.04512659087777138,1.2634104490280151,1.2182838581502438,24.047048971056938,2.446328639984131,0.3839183747768402,0.3839183747768402,78.09042099999886,39.11791000000164,real_npy,0,1
62,/mnt/c/Users/Chirayu/Documents/GitHub/2D-to-3D-image-reconstruction/facescape_224/fsmview_trainset_7_17_cheek_blowing_27.jpg,0.05983859673142433,0.07383313030004501,0.013994533568620682,8.280679421499372,0.67788165807724,0.32437363266944885,0.32437363266944885,37.589955999997926,42.90238299999771,real_npy,0,1
63,/mnt/c/Users/Chirayu/Documents/GitHub/2D-to-3D-image-reconstruction/facescape_224/fsmview_trainset_11_1_neutral_19.jpg,0.06912644952535629,0.07077911496162415,0.0016526654362678528,8.812713647261262,0.714088499546051,0.535876452922821,0.535876452922821,43.26151900000497,39.574209999997834,real_npy,0,1
64,/mnt/c/Users/Chirayu/Documents/GitHub/2D-to-3D-image-reconstruction/facescape_224/fsmview_trainset_2_11_chin_raiser_8.jpg,0.051248468458652496,0.048101987689733505,-0.003146480768918991,9.355817534029484,0.7667121291160583,0.46240171790122986,0.46240171790122986,36.83165700000046,48.324819999997715,real_npy,0,1
65,/mnt/c/Users/Chirayu/Documents/GitHub/2D-to-3D-image-reconstruction/facescape_224/fsmview_trainset_11_16_grin_59.jpg,0.0783444419503212,0.09952499717473984,0.02118055522441864,7.984206680208445,0.6840258240699768,0.415808767080307,0.415808767080307,39.213523000000805,40.68702499999688,real_npy,0,1
66,/mnt/c/Users/Chirayu/Documents/GitHub/2D-to-3D-image-reconstruction/facescape_224/fsmview_trainset_20_12_lip_puckerer_24.jpg,0.038064684718847275,0.03957606852054596,0.0015113838016986847,7.758048102259636,0.6416261792182922,0.4573996365070343,0.4573996365070343,62.306771000002925,60.11863299999476,real_npy,0,1
67,/mnt/c/Users/Chirayu/Documents/GitHub/2D-to-3D-image-reconstruction/facescape_224/fsmview_trainset_2_13_lip_funneler_38.jpg,0.0847940742969513,0.09003842622041702,0.005244351923465729,7.911859072744846,0.7115431427955627,0.3879821002483368,0.3879821002483368,58.78631800000278,49.11415499999805,real_npy,0,1
68,/mnt/c/Users/Chirayu/Documents/GitHub/2D-to-3D-image-reconstruction/facescape_224/fsmview_trainset_8_7_jaw_forward_33.jpg,0.03344545513391495,0.03416911140084267,0.0007236562669277191,7.816977705806494,0.6544371843338013,0.28824177384376526,0.28824177384376526,55.70338500000105,54.53786700000052,real_npy,0,1
69,/mnt/c/Users/Chirayu/Documents/GitHub/2D-to-3D-image-reconstruction/facescape_224/fsmview_trainset_9_3_mouth_stretch_23.jpg,0.04612589627504349,0.05193205922842026,0.00580616295337677,7.284231880679727,0.7210107445716858,0.2986826002597809,0.2986826002597809,54.14180900000076,70.32070500000032,real_npy,0,1
70,/mnt/c/Users/Chirayu/Documents/GitHub/2D-to-3D-image-reconstruction/facescape_224/fsmview_trainset_14_10_dimpler_6.jpg,0.23111973702907562,0.392135351896286,0.1610156148672104,7.769556522369385,0.7902023792266846,0.5996689200401306,0.5996689200401306,59.51325899999915,61.212804000000176,real_npy,0,1
71,/mnt/c/Users/Chirayu/Documents/GitHub/2D-to-3D-image-reconstruction/facescape_224/fsmview_trainset_3_10_dimpler_58.jpg,0.6393161416053772,0.6054721474647522,-0.033843994140625,6.7024209741503,0.6576350331306458,0.3562989830970764,0.3562989830970764,74.00638600000065,54.26052800000036,real_npy,0,1
72,/mnt/c/Users/Chirayu/Documents/GitHub/2D-to-3D-image-reconstruction/facescape_224/fsmview_trainset_13_14_sadness_7.jpg,0.04226261004805565,0.04711984470486641,0.0048572346568107605,8.773153521120548,0.7557126879692078,0.40943455696105957,0.40943455696105957,78.37974699999961,45.93159000000213,real_npy,0,1
73,/mnt/c/Users/Chirayu/Documents/GitHub/2D-to-3D-image-reconstruction/facescape_224/fsmview_trainset_10_14_sadness_54.jpg,0.046157218515872955,0.0470326729118824,0.0008754543960094452,8.26893007941544,0.7024884223937988,0.28871238231658936,0.28871238231658936,64.5708710000008,60.818764000003966,real_npy,0,1
74,/mnt/c/Users/Chirayu/Documents/GitHub/2D-to-3D-image-reconstruction/facescape_224/fsmview_trainset_6_16_grin_42.jpg,0.205222025513649,0.19351992011070251,-0.011702105402946472,6.114030629396439,0.6245891451835632,0.4100187420845032,0.4100187420845032,57.613001,73.4219950000039,real_npy,0,0
75,/mnt/c/Users/Chirayu/Documents/GitHub/2D-to-3D-image-reconstruction/facescape_224/fsmview_trainset_18_2_smile_23.jpg,0.042138900607824326,0.04069403558969498,-0.0014448650181293488,8.903913545887917,0.7364799380302429,0.433594673871994,0.433594673871994,47.915084000003105,38.26933100000218,real_npy,0,1
76,/mnt/c/Users/Chirayu/Documents/GitHub/2D-to-3D-image-reconstruction/facescape_224/fsmview_trainset_4_15_lip_roll_47.jpg,0.038379471749067307,0.044152505695819855,0.005773033946752548,7.778177738189697,0.6877819299697876,0.2912098169326782,0.2912098169326782,68.90032900000165,61.22493899999881,real_npy,0,1
77,/mnt/c/Users/Chirayu/Documents/GitHub/2D-to-3D-image-reconstruction/facescape_224/fsmview_trainset_5_10_dimpler_39.jpg,0.26698920130729675,0.3126339018344879,0.04564470052719116,7.75336342677474,0.7043206095695496,0.42076393961906433,0.42076393961906433,48.00933699999632,62.04104900000118,real_npy,0,1
78,/mnt/c/Users/Chirayu/Documents/GitHub/2D-to-3D-image-reconstruction/facescape_224/fsmview_trainset_18_19_brow_raiser_42.jpg,0.10247654467821121,0.09820233285427094,-0.004274211823940277,8.678462408483028,0.8192886114120483,0.4893304705619812,0.4893304705619812,37.563800000000924,61.047439999995845,real_npy,0,1
79,/mnt/c/Users/Chirayu/Documents/GitHub/2D-to-3D-image-reconstruction/facescape_224/fsmview_trainset_11_19_brow_raiser_6.jpg,0.20800389349460602,0.3203294277191162,0.11232553422451019,7.093434028327465,0.6740941405296326,0.6263300776481628,0.6263300776481628,48.77015699999987,47.55781400000103,real_npy,0,1
80,/mnt/c/Users/Chirayu/Documents/GitHub/2D-to-3D-image-reconstruction/facescape_224/fsmview_trainset_11_18_eye_closed_51.jpg,0.7995128631591797,0.5414119958877563,-0.25810086727142334,7.230570361018181,0.7025941610336304,0.645382821559906,0.645382821559906,39.523134999996046,36.31184999999704,real_npy,0,1
81,/mnt/c/Users/Chirayu/Documents/GitHub/2D-to-3D-image-reconstruction/facescape_224/fsmview_trainset_1_4_anger_22.jpg,0.03255833312869072,32.20303726196289,32.1704789288342,108.6009678542614,33.91022872924805,0.3814079165458679,0.3814079165458679,45.01230700000036,43.30334500000532,real_npy,1,1
82,/mnt/c/Users/Chirayu/Documents/GitHub/2D-to-3D-image-reconstruction/facescape_224/fsmview_trainset_7_5_jaw_left_36.jpg,0.10657890141010284,0.11168117076158524,0.005102269351482391,7.776430249214172,0.7134092450141907,0.3903273046016693,0.3903273046016693,52.40667799999699,57.36101200000121,real_npy,0,1
83,/mnt/c/Users/Chirayu/Documents/GitHub/2D-to-3D-image-reconstruction/facescape_224/fsmview_trainset_8_3_mouth_stretch_19.jpg,0.0401630662381649,0.039858732372522354,-0.0003043338656425476,7.5303982719779015,0.73591148853302,0.25972944498062134,0.25972944498062134,49.99815400000074,49.27613099999917,real_npy,0,1
84,/mnt/c/Users/Chirayu/Documents/GitHub/2D-to-3D-image-reconstruction/facescape_224/fsmview_trainset_17_14_sadness_49.jpg,0.2097485512495041,0.18976080417633057,-0.019987747073173523,7.894618973135948,0.6506513357162476,0.43081820011138916,0.43081820011138916,52.51624800000343,60.290072999997335,real_npy,0,1
85,/mnt/c/Users/Chirayu/Documents/GitHub/2D-to-3D-image-reconstruction/facescape_224/fsmview_trainset_9_3_mouth_stretch_53.jpg,0.06974156945943832,0.066800557076931,-0.0029410123825073242,7.774020195007324,0.7658167481422424,0.45970505475997925,0.45970505475997925,54.03894800000586,45.75892500000123,real_npy,0,1
86,/mnt/c/Users/Chirayu/Documents/GitHub/2D-to-3D-image-reconstruction/facescape_224/fsmview_trainset_5_17_cheek_blowing_2.jpg,0.04717607796192169,0.04652201011776924,-0.0006540678441524506,8.17460485175252,0.6707625389099121,0.4266803562641144,0.4266803562641144,61.6011369999967,46.150956000005294,real_npy,0,1
87,/mnt/c/Users/Chirayu/Documents/GitHub/2D-to-3D-image-reconstruction/facescape_224/fsmview_trainset_20_7_jaw_forward_4.jpg,0.5261157751083374,0.296562522649765,-0.2295532524585724,7.359953977167606,0.6724081635475159,0.5671112537384033,0.5671112537384033,50.68487000000488,42.24049300000132,real_npy,0,1
88,/mnt/c/Users/Chirayu/Documents/GitHub/2D-to-3D-image-reconstruction/facescape_224/fsmview_trainset_12_4_anger_14.jpg,0.05725742131471634,0.05308762192726135,-0.004169799387454987,9.251965869218111,0.7603632807731628,0.5405752658843994,0.5405752658843994,86.48906200000539,38.95304599999605,real_npy,0,1
89,/mnt/c/Users/Chirayu/Documents/GitHub/2D-to-3D-image-reconstruction/facescape_224/fsmview_trainset_10_3_mouth_stretch_53.jpg,0.15911655128002167,0.17012712359428406,0.01101057231426239,7.067467041313648,0.6845505833625793,0.28949108719825745,0.28949108719825745,45.22396299999798,37.203445000002944,real_npy,0,1
90,/mnt/c/Users/Chirayu/Documents/GitHub/2D-to-3D-image-reconstruction/facescape_224/fsmview_trainset_5_12_lip_puckerer_18.jpg,0.0334537997841835,0.03642752021551132,0.00297372043132782,8.171792089007795,0.6816993355751038,0.40577077865600586,0.40577077865600586,43.494695999996225,40.09587400000214,real_npy,0,1
91,/mnt/c/Users/Chirayu/Documents/GitHub/2D-to-3D-image-reconstruction/facescape_224/fsmview_trainset_19_16_grin_26.jpg,0.058714546263217926,0.05406583100557327,-0.004648715257644653,8.9915591776371,0.7644749879837036,0.44511106610298157,0.44511106610298157,39.0940359999945,38.476417999994794,real_npy,0,1
92,/mnt/c/Users/Chirayu/Documents/GitHub/2D-to-3D-image-reconstruction/facescape_224/fsmview_trainset_5_13_lip_funneler_12.jpg,0.058561135083436966,0.0617305189371109,0.003169383853673935,8.225101541727781,0.7017825245857239,0.41037556529045105,0.41037556529045105,41.238235999998096,54.57346400000063,real_npy,0,1
93,/mnt/c/Users/Chirayu/Documents/GitHub/2D-to-3D-image-reconstruction/facescape_224/fsmview_trainset_4_13_lip_funneler_31.jpg,0.035923779010772705,0.043142709881067276,0.007218930870294571,8.402905963361263,0.709771990776062,0.2567184567451477,0.2567184567451477,52.93279400000017,37.75868799999671,real_npy,0,1
94,/mnt/c/Users/Chirayu/Documents/GitHub/2D-to-3D-image-reconstruction/facescape_224/fsmview_trainset_5_2_smile_9.jpg,0.05049750953912735,0.04994155839085579,-0.0005559511482715607,7.922529833391309,0.6525365114212036,0.3599402904510498,0.3599402904510498,50.656518000003814,36.30200300000297,real_npy,0,1
95,/mnt/c/Users/Chirayu/Documents/GitHub/2D-to-3D-image-reconstruction/facescape_224/fsmview_trainset_5_12_lip_puckerer_47.jpg,0.08044255524873734,0.0960143432021141,0.01557178795337677,9.182297447696328,0.7806141376495361,0.46147456765174866,0.46147456765174866,65.85886900000304,38.648318999996434,real_npy,0,1
96,/mnt/c/Users/Chirayu/Documents/GitHub/2D-to-3D-image-reconstruction/facescape_224/fsmview_trainset_14_5_jaw_left_49.jpg,0.7591466307640076,0.7192681431770325,-0.0398784875869751,7.190469216555357,0.6904082298278809,0.5768978595733643,0.5768978595733643,41.207366999998385,34.65168500000004,real_npy,0,1
97,/mnt/c/Users/Chirayu/Documents/GitHub/2D-to-3D-image-reconstruction/facescape_224/fsmview_trainset_15_3_mouth_stretch_49.jpg,0.08391605317592621,0.0881294533610344,0.004213400185108185,8.320895165205002,0.7283161878585815,0.6070230603218079,0.6070230603218079,37.851065000005235,40.56156000000044,real_npy,0,1
98,/mnt/c/Users/Chirayu/Documents/GitHub/2D-to-3D-image-reconstruction/facescape_224/fsmview_trainset_19_18_eye_closed_54.jpg,0.05886862054467201,0.06789277493953705,0.009024154394865036,9.115070707630366,0.7808889746665955,0.28122466802597046,0.28122466802597046,48.07338799999883,38.695439000001386,real_npy,0,1
99,/mnt/c/Users/Chirayu/Documents/GitHub/2D-to-3D-image-reconstruction/facescape_224/fsmview_trainset_7_2_smile_11.jpg,0.3024924099445343,0.3920172452926636,0.08952483534812927,7.485637791454792,0.7421351075172424,0.591524600982666,0.591524600982666,52.88392799999997,34.52130800000219,real_npy,0,1
100,/mnt/c/Users/Chirayu/Documents/GitHub/2D-to-3D-image-reconstruction/facescape_224/fsmview_trainset_19_7_jaw_forward_7.jpg,0.06319712102413177,0.0856935977935791,0.022496476769447327,8.423334771767259,0.6895214319229126,0.20117506384849548,0.20117506384849548,48.17114999999461,37.69627799999853,real_npy,0,1
101,/mnt/c/Users/Chirayu/Documents/GitHub/2D-to-3D-image-reconstruction/facescape_224/fsmview_trainset_14_5_jaw_left_64.jpg,0.061455655843019485,0.06218663975596428,0.0007309839129447937,8.097667234018445,0.7746618390083313,0.415963351726532,0.415963351726532,46.69778699999938,42.389256999996405,real_npy,0,1
102,/mnt/c/Users/Chirayu/Documents/GitHub/2D-to-3D-image-reconstruction/facescape_224/fsmview_trainset_17_19_brow_raiser_30.jpg,0.051253847777843475,0.04722711071372032,-0.004026737064123154,8.793811775743961,0.7152023911476135,0.29127731919288635,0.29127731919288635,38.836543999998696,43.541050000001746,real_npy,0,1
103,/mnt/c/Users/Chirayu/Documents/GitHub/2D-to-3D-image-reconstruction/facescape_224/fsmview_trainset_2_2_smile_6.jpg,0.07537075877189636,0.08851014822721481,0.013139389455318451,8.71938043832779,0.7638148665428162,0.38911545276641846,0.38911545276641846,40.494248000001676,38.168912000003274,real_npy,0,1
104,/mnt/c/Users/Chirayu/Documents/GitHub/2D-to-3D-image-reconstruction/facescape_224/fsmview_trainset_20_2_smile_33.jpg,0.041676465421915054,0.04412839561700821,0.002451930195093155,7.546691566705704,0.7108594179153442,0.479145884513855,0.479145884513855,41.36527400000034,36.316169999999204,real_npy,0,1
105,/mnt/c/Users/Chirayu/Documents/GitHub/2D-to-3D-image-reconstruction/facescape_224/fsmview_trainset_18_4_anger_7.jpg,0.05223659798502922,0.05466117337346077,0.002424575388431549,7.996476773172617,0.6970322728157043,0.2918267846107483,0.2918267846107483,48.962238999997965,45.842881000005775,real_npy,0,1
106,/mnt/c/Users/Chirayu/Documents/GitHub/2D-to-3D-image-reconstruction/facescape_224/fsmview_trainset_11_19_brow_raiser_61.jpg,0.8130564093589783,0.8289617896080017,0.015905380249023438,7.770900577306747,0.6472556591033936,0.5321911573410034,0.5321911573410034,38.555836999996984,37.07331800000446,real_npy,0,1
107,/mnt/c/Users/Chirayu/Documents/GitHub/2D-to-3D-image-reconstruction/facescape_224/fsmview_trainset_12_8_mouth_left_32.jpg,0.31256669759750366,0.2976541519165039,-0.014912545680999756,7.661995999515057,0.7642127275466919,0.5071002840995789,0.5071002840995789,50.58208399999842,39.80382099999957,real_npy,0,1
108,/mnt/c/Users/Chirayu/Documents/GitHub/2D-to-3D-image-reconstruction/facescape_224/fsmview_trainset_14_14_sadness_62.jpg,0.36824992299079895,0.35926854610443115,-0.008981376886367798,7.197691261768341,0.5981486439704895,0.5168671011924744,0.5168671011924744,44.07352500000172,34.244778000001475,real_npy,0,1
109,/mnt/c/Users/Chirayu/Documents/GitHub/2D-to-3D-image-reconstruction/facescape_224/fsmview_trainset_9_6_jaw_right_23.jpg,0.0521322600543499,0.051948849111795425,-0.00018341094255447388,8.682093614712358,0.7293131351470947,0.42426565289497375,0.42426565289497375,43.62968200000239,54.16639499999576,real_npy,0,1
110,/mnt/c/Users/Chirayu/Documents/GitHub/2D-to-3D-image-reconstruction/facescape_224/fsmview_trainset_3_2_smile_47.jpg,0.07932184636592865,0.09262150526046753,0.01329965889453888,9.134700728580356,0.7399348616600037,0.4756621718406677,0.4756621718406677,39.334336999999664,50.3376619999969,real_npy,0,1
111,/mnt/c/Users/Chirayu/Documents/GitHub/2D-to-3D-image-reconstruction/facescape_224/fsmview_trainset_18_11_chin_raiser_19.jpg,0.055311527103185654,0.05558396503329277,0.0002724379301071167,9.249091593548656,0.7353830933570862,0.4180615544319153,0.4180615544319153,41.695971000002885,37.64215500000034,real_npy,0,1
112,/mnt/c/Users/Chirayu/Documents/GitHub/2D-to-3D-image-reconstruction/facescape_224/fsmview_trainset_13_3_mouth_stretch_8.jpg,0.04440832883119583,0.044767335057258606,0.00035900622606277466,7.502752456814051,0.6776841878890991,0.32488664984703064,0.32488664984703064,65.34837800000304,51.85630700000132,real_npy,0,1
113,/mnt/c/Users/Chirayu/Documents/GitHub/2D-to-3D-image-reconstruction/facescape_224/fsmview_trainset_4_13_lip_funneler_20.jpg,0.03715049475431442,0.037632618099451065,0.00048212334513664246,8.266247682273388,0.6975571513175964,0.2686648666858673,0.2686648666858673,40.68372599999748,40.48293700000016,real_npy,0,1
114,/mnt/c/Users/Chirayu/Documents/GitHub/2D-to-3D-image-reconstruction/facescape_224/fsmview_trainset_17_15_lip_roll_3.jpg,0.06291301548480988,0.06010819226503372,-0.0028048232197761536,7.655499994754791,0.6600748896598816,0.39266979694366455,0.39266979694366455,39.043449999994095,36.46683999999567,real_npy,0,1
115,/mnt/c/Users/Chirayu/Documents/GitHub/2D-to-3D-image-reconstruction/facescape_224/fsmview_trainset_19_2_smile_50.jpg,0.054520364850759506,0.05564866214990616,0.0011282972991466522,8.79377893358469,0.6807337403297424,0.3927384912967682,0.3927384912967682,37.08500399999792,40.78114100000363,real_npy,0,1
116,/mnt/c/Users/Chirayu/Documents/GitHub/2D-to-3D-image-reconstruction/facescape_224/fsmview_trainset_13_14_sadness_18.jpg,0.043183062225580215,0.04386269301176071,0.0006796307861804962,8.974275458604097,0.7912141680717468,0.32346799969673157,0.32346799969673157,38.56697399999831,37.07832999999994,real_npy,0,1
117,/mnt/c/Users/Chirayu/Documents/GitHub/2D-to-3D-image-reconstruction/facescape_224/fsmview_trainset_8_14_sadness_24.jpg,0.031731996685266495,0.03267240524291992,0.0009404085576534271,7.665681170299649,0.6515905857086182,0.27247345447540283,0.27247345447540283,41.861333999996475,34.81464200000062,real_npy,0,1
118,/mnt/c/Users/Chirayu/Documents/GitHub/2D-to-3D-image-reconstruction/facescape_224/fsmview_trainset_5_3_mouth_stretch_16.jpg,0.03209822252392769,1.9000587463378906,1.867960523813963,28.448783967643976,2.8758530616760254,0.29223939776420593,0.29223939776420593,44.285428999998544,51.58979800000196,real_npy,0,1
119,/mnt/c/Users/Chirayu/Documents/GitHub/2D-to-3D-image-reconstruction/facescape_224/fsmview_trainset_8_6_jaw_right_38.jpg,0.1648898422718048,0.1521027535200119,-0.012787088751792908,7.998324930667877,0.8438994884490967,0.48668181896209717,0.48668181896209717,49.66241800000404,47.15551299999987,real_npy,0,1
120,/mnt/c/Users/Chirayu/Documents/GitHub/2D-to-3D-image-reconstruction/facescape_224/fsmview_trainset_13_8_mouth_left_57.jpg,0.6640926599502563,0.7178556323051453,0.053762972354888916,6.4181734677404165,0.6509045362472534,0.42964106798171997,0.42964106798171997,53.75397399999571,38.83330000000029,real_npy,0,0
121,/mnt/c/Users/Chirayu/Documents/GitHub/2D-to-3D-image-reconstruction/facescape_224/fsmview_trainset_8_4_anger_35.jpg,0.03366754576563835,0.038955219089984894,0.005287673324346542,7.770691446959972,0.644871711730957,0.2984746992588043,0.2984746992588043,60.077026000001865,39.14548699999898,real_npy,0,1
122,/mnt/c/Users/Chirayu/Documents/GitHub/2D-to-3D-image-reconstruction/facescape_224/fsmview_trainset_1_19_brow_raiser_31.jpg,0.038949932903051376,0.10246402025222778,0.0635140873491764,8.221803850494325,0.7779774069786072,0.3074721097946167,0.3074721097946167,47.75934899999612,49.305936000003214,real_npy,0,1
123,/mnt/c/Users/Chirayu/Documents/GitHub/2D-to-3D-image-reconstruction/facescape_224/fsmview_trainset_19_2_smile_7.jpg,0.035864606499671936,0.041855115443468094,0.005990508943796158,8.282323202118278,0.7053196430206299,0.19844448566436768,0.19844448566436768,61.56773399999338,42.85700599999842,real_npy,0,1
124,/mnt/c/Users/Chirayu/Documents/GitHub/2D-to-3D-image-reconstruction/facescape_224/fsmview_trainset_19_18_eye_closed_49.jpg,0.45418110489845276,0.3505721390247345,-0.10360896587371826,7.8121878411620855,0.7009012699127197,0.3674760162830353,0.3674760162830353,56.483225999997444,40.56715800000177,real_npy,0,1
125,/mnt/c/Users/Chirayu/Documents/GitHub/2D-to-3D-image-reconstruction/facescape_224/fsmview_trainset_14_16_grin_38.jpg,0.05861872807145119,0.04677607864141464,-0.011842649430036545,7.851236954331398,0.6774373054504395,0.3453919589519501,0.3453919589519501,41.047100000000114,35.82647500000036,real_npy,0,1
126,/mnt/c/Users/Chirayu/Documents/GitHub/2D-to-3D-image-reconstruction/facescape_224/fsmview_trainset_1_16_grin_12.jpg,0.052360858768224716,0.05630432069301605,0.003943461924791336,7.617135040462017,0.7348021864891052,0.3341594934463501,0.3341594934463501,45.54976499999697,39.81482000000369,real_npy,0,1
127,/mnt/c/Users/Chirayu/Documents/GitHub/2D-to-3D-image-reconstruction/facescape_224/fsmview_trainset_16_12_lip_puckerer_19.jpg,0.06887896358966827,0.06803857535123825,-0.0008403882384300232,8.523044107481837,0.7142112255096436,0.37460312247276306,0.37460312247276306,40.47333100000117,39.4380190000021,real_npy,0,1
128,/mnt/c/Users/Chirayu/Documents/GitHub/2D-to-3D-image-reconstruction/facescape_224/fsmview_trainset_4_12_lip_puckerer_0.jpg,0.12795832753181458,0.12462353706359863,-0.0033347904682159424,8.39938798546791,0.7502462863922119,0.2667295038700104,0.2667295038700104,45.08037800000153,39.97603799999894,real_npy,0,1
129,/mnt/c/Users/Chirayu/Documents/GitHub/2D-to-3D-image-reconstruction/facescape_224/fsmview_trainset_4_4_anger_12.jpg,0.057720478624105453,0.06487817317247391,0.007157694548368454,7.809672571718693,0.7299073338508606,0.28307652473449707,0.28307652473449707,40.606668000002344,57.587014999995745,real_npy,0,1
130,/mnt/c/Users/Chirayu/Documents/GitHub/2D-to-3D-image-reconstruction/facescape_224/fsmview_trainset_2_20_brow_lower_29.jpg,0.09954328835010529,0.12099801748991013,0.02145472913980484,8.10637129843235,0.6728550791740417,0.32357504963874817,0.32357504963874817,46.221226999996645,49.08970700000026,real_npy,0,1
131,/mnt/c/Users/Chirayu/Documents/GitHub/2D-to-3D-image-reconstruction/facescape_224/fsmview_trainset_3_16_grin_3.jpg,0.04860299453139305,0.04701869562268257,-0.0015842989087104797,7.048908777534962,0.6772319674491882,0.3760710060596466,0.3760710060596466,42.58134400000557,37.35979200000372,real_npy,0,1
132,/mnt/c/Users/Chirayu/Documents/GitHub/2D-to-3D-image-reconstruction/facescape_224/fsmview_trainset_14_4_anger_8.jpg,0.476279079914093,0.5437434911727905,0.06746441125869751,8.334653872996569,0.7133591771125793,0.5535610318183899,0.5535610318183899,47.06928000000232,52.941897000003735,real_npy,0,1
133,/mnt/c/Users/Chirayu/Documents/GitHub/2D-to-3D-image-reconstruction/facescape_224/fsmview_trainset_11_5_jaw_left_27.jpg,0.03250178322196007,0.5240477323532104,0.4915459491312504,15.439647919032723,1.3843262195587158,0.5232556462287903,0.5232556462287903,37.85238200000407,43.58636799999971,real_npy,0,1
134,/mnt/c/Users/Chirayu/Documents/GitHub/2D-to-3D-image-reconstruction/facescape_224/fsmview_trainset_12_13_lip_funneler_10.jpg,0.4883263409137726,0.4446994364261627,-0.04362690448760986,6.623778959736228,0.6327065229415894,0.5487250089645386,0.5487250089645386,39.68565499999954,41.01681799999568,real_npy,0,1
135,/mnt/c/Users/Chirayu/Documents/GitHub/2D-to-3D-image-reconstruction/facescape_224/fsmview_trainset_3_5_jaw_left_2.jpg,0.0808705985546112,0.1026325449347496,0.021761946380138397,7.651833318173885,0.7115674614906311,0.4267158806324005,0.4267158806324005,38.041106000001434,37.617924999999275,real_npy,0,1
136,/mnt/c/Users/Chirayu/Documents/GitHub/2D-to-3D-image-reconstruction/facescape_224/fsmview_trainset_18_9_mouth_right_32.jpg,0.2281959056854248,36.159908294677734,35.93171238899231,115.46416369080544,37.60265350341797,0.25222504138946533,0.25222504138946533,43.30600099999771,35.09127000000234,real_npy,1,1
137,/mnt/c/Users/Chirayu/Documents/GitHub/2D-to-3D-image-reconstruction/facescape_224/fsmview_trainset_9_1_neutral_36.jpg,0.16376180946826935,0.18071359395980835,0.016951784491539,7.528524320572615,0.6580051779747009,0.3627096116542816,0.3627096116542816,41.193202999998846,37.773047000001725,real_npy,0,1
138,/mnt/c/Users/Chirayu/Documents/GitHub/2D-to-3D-image-reconstruction/facescape_224/fsmview_trainset_9_9_mouth_right_57.jpg,0.6389832496643066,0.6565757393836975,0.01759248971939087,6.6993980929255486,0.6479899883270264,0.4303637742996216,0.4303637742996216,49.745270999999036,36.93638299999691,real_npy,0,1
139,/mnt/c/Users/Chirayu/Documents/GitHub/2D-to-3D-image-reconstruction/facescape_224/fsmview_trainset_4_3_mouth_stretch_23.jpg,0.03782249987125397,0.03777170181274414,-5.079805850982666e-05,8.075570623390377,0.6769211292266846,0.2932663857936859,0.2932663857936859,54.53079999999488,38.84982599999631,real_npy,0,1
140,/mnt/c/Users/Chirayu/Documents/GitHub/2D-to-3D-image-reconstruction/facescape_224/fsmview_trainset_8_8_mouth_left_40.jpg,0.27465349435806274,0.26838210225105286,-0.006271392107009888,6.396707355976105,0.6462175250053406,0.471128910779953,0.471128910779953,42.96145200000012,40.10048300000335,real_npy,0,0
141,/mnt/c/Users/Chirayu/Documents/GitHub/2D-to-3D-image-reconstruction/facescape_224/fsmview_trainset_18_4_anger_40.jpg,0.14388707280158997,0.1530178189277649,0.009130746126174927,7.062144100666046,0.6378992795944214,0.5798562169075012,0.5798562169075012,41.60535800000531,39.90772099999873,real_npy,0,1
142,/mnt/c/Users/Chirayu/Documents/GitHub/2D-to-3D-image-reconstruction/facescape_224/fsmview_trainset_9_2_smile_39.jpg,0.17448942363262177,0.19438007473945618,0.01989065110683441,7.315126746892929,0.6324028968811035,0.4482518434524536,0.4482518434524536,54.886615999997446,54.4622540000006,real_npy,0,1
143,/mnt/c/Users/Chirayu/Documents/GitHub/2D-to-3D-image-reconstruction/facescape_224/fsmview_trainset_5_12_lip_puckerer_39.jpg,0.07554120570421219,0.07645600289106369,0.0009147971868515015,8.168647781014442,0.7639585137367249,0.43376246094703674,0.43376246094703674,46.77047999999928,36.58866099999614,real_npy,0,1
144,/mnt/c/Users/Chirayu/Documents/GitHub/2D-to-3D-image-reconstruction/facescape_224/fsmview_trainset_10_8_mouth_left_13.jpg,0.0827382430434227,0.0863715410232544,0.0036332979798316956,6.990993969142437,0.6318987011909485,0.45663774013519287,0.45663774013519287,53.646335000003376,54.37999600000154,real_npy,0,1
145,/mnt/c/Users/Chirayu/Documents/GitHub/2D-to-3D-image-reconstruction/facescape_224/fsmview_trainset_8_16_grin_49.jpg,0.3887728750705719,0.361143559217453,-0.027629315853118896,7.343955308198929,0.6764082908630371,0.48483899235725403,0.48483899235725403,62.854718000004084,39.90219199999956,real_npy,0,1
146,/mnt/c/Users/Chirayu/Documents/GitHub/2D-to-3D-image-reconstruction/facescape_224/fsmview_trainset_7_18_eye_closed_36.jpg,0.10097794979810715,0.10943230241537094,0.008454352617263794,7.733930174261332,0.6971756815910339,0.4068131446838379,0.4068131446838379,39.303905000004136,39.940872999999044,real_npy,0,1
147,/mnt/c/Users/Chirayu/Documents/GitHub/2D-to-3D-image-reconstruction/facescape_224/fsmview_trainset_16_16_grin_29.jpg,0.03277762606739998,0.037230849266052246,0.0044532231986522675,7.809386815875769,0.6840296983718872,0.3376433253288269,0.3376433253288269,44.36770699999926,37.61174199999573,real_npy,0,1
148,/mnt/c/Users/Chirayu/Documents/GitHub/2D-to-3D-image-reconstruction/facescape_224/fsmview_trainset_17_9_mouth_right_31.jpg,0.0429016649723053,0.0446571446955204,0.0017554797232151031,8.604613739997149,0.7008620500564575,0.4191829562187195,0.4191829562187195,42.87688999999517,37.46006600000129,real_npy,0,1
149,/mnt/c/Users/Chirayu/Documents/GitHub/2D-to-3D-image-reconstruction/facescape_224/fsmview_trainset_7_20_brow_lower_32.jpg,0.05463208258152008,0.05631702393293381,0.0016849413514137268,7.908323958516121,0.6796820759773254,0.3549964427947998,0.3549964427947998,39.29661200000112,39.48153099999985,real_npy,0,1
150,/mnt/c/Users/Chirayu/Documents/GitHub/2D-to-3D-image-reconstruction/facescape_224/fsmview_trainset_11_16_grin_65.jpg,0.05806541442871094,0.057739537209272385,-0.00032587721943855286,8.847559541463852,0.7605059742927551,0.4806336760520935,0.4806336760520935,47.22922699999543,35.897669000000576,real_npy,0,1
151,/mnt/c/Users/Chirayu/Documents/GitHub/2D-to-3D-image-reconstruction/facescape_224/fsmview_trainset_12_18_eye_closed_29.jpg,0.05429202318191528,0.051539335399866104,-0.002752687782049179,9.149042880162597,0.7573864459991455,0.5501218438148499,0.5501218438148499,42.26145900000233,48.90358699999808,real_npy,0,1
152,/mnt/c/Users/Chirayu/Documents/GitHub/2D-to-3D-image-reconstruction/facescape_224/fsmview_trainset_10_6_jaw_right_7.jpg,0.04721292480826378,0.053261060267686844,0.006048135459423065,7.291585106402636,0.6466041207313538,0.23040005564689636,0.23040005564689636,39.398319000000015,52.90605700000128,real_npy,0,1
153,/mnt/c/Users/Chirayu/Documents/GitHub/2D-to-3D-image-reconstruction/facescape_224/fsmview_trainset_11_14_sadness_31.jpg,0.03371403366327286,0.038282059133052826,0.004568025469779968,8.042153228074312,0.6497349143028259,0.4771769940853119,0.4771769940853119,42.38826799999629,41.51583699999861,real_npy,0,1
154,/mnt/c/Users/Chirayu/Documents/GitHub/2D-to-3D-image-reconstruction/facescape_224/fsmview_trainset_7_13_lip_funneler_14.jpg,0.039839960634708405,0.04115777462720871,0.0013178139925003052,8.02877320535481,0.6907944679260254,0.43016529083251953,0.43016529083251953,45.11678900000504,38.16303199999993,real_npy,0,1
155,/mnt/c/Users/Chirayu/Documents/GitHub/2D-to-3D-image-reconstruction/facescape_224/fsmview_trainset_1_14_sadness_32.jpg,0.3029673993587494,7.483750343322754,7.1807829439640045,56.60099562257528,8.474238395690918,0.23917536437511444,0.23917536437511444,39.376414999999554,37.3997979999956,real_npy,1,1
156,/mnt/c/Users/Chirayu/Documents/GitHub/2D-to-3D-image-reconstruction/facescape_224/fsmview_trainset_15_12_lip_puckerer_43.jpg,0.05755040794610977,0.06035422533750534,0.002803817391395569,8.225287150591612,0.6720005869865417,0.5713145732879639,0.5713145732879639,41.201297000000636,44.36201400000073,real_npy,0,1
157,/mnt/c/Users/Chirayu/Documents/GitHub/2D-to-3D-image-reconstruction/facescape_224/fsmview_trainset_14_2_smile_47.jpg,0.06942293047904968,0.1430828869342804,0.07365995645523071,8.12885408475995,0.7786617279052734,0.6600844860076904,0.6600844860076904,43.98418799999604,51.639299000001415,real_npy,0,1
158,/mnt/c/Users/Chirayu/Documents/GitHub/2D-to-3D-image-reconstruction/facescape_224/fsmview_trainset_7_3_mouth_stretch_54.jpg,0.0760071724653244,0.0748075395822525,-0.0011996328830718994,7.800714194774628,0.748702347278595,0.5117875337600708,0.5117875337600708,45.399052999997025,39.20426699999524,real_npy,0,1
159,/mnt/c/Users/Chirayu/Documents/GitHub/2D-to-3D-image-reconstruction/facescape_224/fsmview_trainset_8_10_dimpler_53.jpg,0.049988362938165665,0.05082300305366516,0.0008346401154994965,8.044442281126976,0.7156437039375305,0.2640915513038635,0.2640915513038635,92.64643300000586,44.214783999997564,real_npy,0,1
160,/mnt/c/Users/Chirayu/Documents/GitHub/2D-to-3D-image-reconstruction/facescape_224/fsmview_trainset_15_11_chin_raiser_14.jpg,0.22667944431304932,0.2693811357021332,0.04270169138908386,8.302924059331417,0.6915408372879028,0.5614816546440125,0.5614816546440125,47.58002799999872,39.87257100000363,real_npy,0,1
161,/mnt/c/Users/Chirayu/Documents/GitHub/2D-to-3D-image-reconstruction/facescape_224/fsmview_trainset_5_15_lip_roll_3.jpg,0.3788309097290039,0.3761935532093048,-0.0026373565196990967,7.0947188176214695,0.6241005063056946,0.362200528383255,0.362200528383255,38.824414000004026,38.63929599999949,real_npy,0,1
162,/mnt/c/Users/Chirayu/Documents/GitHub/2D-to-3D-image-reconstruction/facescape_224/fsmview_trainset_12_6_jaw_right_24.jpg,0.12165229767560959,0.133492112159729,0.011839814484119415,8.196118224412203,0.704550564289093,0.45315665006637573,0.45315665006637573,40.7305299999976,53.70009299999623,real_npy,0,1
163,/mnt/c/Users/Chirayu/Documents/GitHub/2D-to-3D-image-reconstruction/facescape_224/fsmview_trainset_6_14_sadness_44.jpg,0.16959333419799805,0.15701577067375183,-0.012577563524246216,7.279640875756741,0.7030655741691589,0.4048716127872467,0.4048716127872467,54.90143899999822,37.13403099999368,real_npy,0,1
164,/mnt/c/Users/Chirayu/Documents/GitHub/2D-to-3D-image-reconstruction/facescape_224/fsmview_trainset_8_1_neutral_47.jpg,0.038757242262363434,0.03803851455450058,-0.000718727707862854,7.887181542813778,0.6591728925704956,0.3082064688205719,0.3082064688205719,39.286547000003225,35.50381899999877,real_npy,0,1
165,/mnt/c/Users/Chirayu/Documents/GitHub/2D-to-3D-image-reconstruction/facescape_224/fsmview_trainset_13_5_jaw_left_39.jpg,0.29294562339782715,0.30985742807388306,0.016911804676055908,7.850737053900957,0.6886541247367859,0.3057522773742676,0.3057522773742676,54.10194299999915,39.21283399999709,real_npy,0,1
166,/mnt/c/Users/Chirayu/Documents/GitHub/2D-to-3D-image-reconstruction/facescape_224/fsmview_trainset_18_15_lip_roll_32.jpg,0.03449590876698494,2.462660074234009,2.428164165467024,32.64797557890415,3.5283665657043457,0.4282306432723999,0.4282306432723999,40.37860100000046,48.43564400000133,real_npy,1,1
167,/mnt/c/Users/Chirayu/Documents/GitHub/2D-to-3D-image-reconstruction/facescape_224/fsmview_trainset_9_11_chin_raiser_20.jpg,0.08159974217414856,0.08303433656692505,0.0014345943927764893,9.687923757825047,0.8014875650405884,0.38894668221473694,0.38894668221473694,41.95879899999966,42.8277279999989,real_npy,0,1
168,/mnt/c/Users/Chirayu/Documents/GitHub/2D-to-3D-image-reconstruction/facescape_224/fsmview_trainset_15_7_jaw_forward_41.jpg,0.30344724655151367,0.3188934624195099,0.015446215867996216,8.02095241472125,0.6834645867347717,0.5076743364334106,0.5076743364334106,40.5480999999952,37.09697899999753,real_npy,0,1
169,/mnt/c/Users/Chirayu/Documents/GitHub/2D-to-3D-image-reconstruction/facescape_224/fsmview_trainset_17_1_neutral_56.jpg,0.06996279954910278,0.07644245773553848,0.0064796581864356995,8.904845044016838,0.7466127872467041,0.41640201210975647,0.41640201210975647,44.89451499999575,45.987961000001576,real_npy,0,1
170,/mnt/c/Users/Chirayu/Documents/GitHub/2D-to-3D-image-reconstruction/facescape_224/fsmview_trainset_12_16_grin_55.jpg,0.0384272038936615,0.043623048812150955,0.005195844918489456,8.524859825149179,0.7549024224281311,0.3993988335132599,0.3993988335132599,38.845164999997905,49.77351199999447,real_npy,0,1
171,/mnt/c/Users/Chirayu/Documents/GitHub/2D-to-3D-image-reconstruction/facescape_224/fsmview_trainset_18_20_brow_lower_21.jpg,0.04189867153763771,0.042579326778650284,0.0006806552410125732,8.00622815079987,0.6537868976593018,0.36455392837524414,0.36455392837524414,44.43599300000045,38.449574000004816,real_npy,0,1
172,/mnt/c/Users/Chirayu/Documents/GitHub/2D-to-3D-image-reconstruction/facescape_224/fsmview_trainset_5_5_jaw_left_40.jpg,0.15939198434352875,0.16277939081192017,0.0033874064683914185,7.649010140448809,0.6745558977127075,0.4378482401371002,0.4378482401371002,40.064966999999285,38.028487000005384,real_npy,0,1
173,/mnt/c/Users/Chirayu/Documents/GitHub/2D-to-3D-image-reconstruction/facescape_224/fsmview_trainset_1_19_brow_raiser_52.jpg,0.03657221421599388,0.03622203692793846,-0.0003501772880554199,8.198403007816523,0.6893739700317383,0.3034045100212097,0.3034045100212097,44.49100200000089,44.98186000000004,real_npy,0,1
174,/mnt/c/Users/Chirayu/Documents/GitHub/2D-to-3D-image-reconstruction/facescape_224/fsmview_trainset_16_5_jaw_left_3.jpg,0.06426070630550385,0.06714750826358795,0.0028868019580841064,7.814250662922859,0.7419949173927307,0.39737433195114136,0.39737433195114136,50.83188199999711,38.152582999998685,real_npy,0,1
175,/mnt/c/Users/Chirayu/Documents/GitHub/2D-to-3D-image-reconstruction/facescape_224/fsmview_trainset_19_5_jaw_left_1.jpg,0.04252440854907036,0.043321818113327026,0.0007974095642566681,8.251769714057446,0.6967242956161499,0.23397429287433624,0.23397429287433624,44.00183399999946,57.133419999999546,real_npy,0,1
176,/mnt/c/Users/Chirayu/Documents/GitHub/2D-to-3D-image-reconstruction/facescape_224/fsmview_trainset_14_7_jaw_forward_22.jpg,0.03372607007622719,0.03514537587761879,0.0014193058013916016,6.8318271692842245,0.6189879775047302,0.4333280026912689,0.4333280026912689,44.69691999999981,38.392069000003914,real_npy,0,1
177,/mnt/c/Users/Chirayu/Documents/GitHub/2D-to-3D-image-reconstruction/facescape_224/fsmview_trainset_14_8_mouth_left_58.jpg,0.0539420060813427,0.05564491078257561,0.0017029047012329102,8.161908738315105,0.7449451088905334,0.35005784034729004,0.35005784034729004,43.80892799999714,38.21883900000245,real_npy,0,1
178,/mnt/c/Users/Chirayu/Documents/GitHub/2D-to-3D-image-reconstruction/facescape_224/fsmview_trainset_19_13_lip_funneler_4.jpg,0.09503895044326782,0.10524345934391022,0.010204508900642395,8.36233114078641,0.7223083972930908,0.21039991080760956,0.21039991080760956,41.549664000001485,53.02297999999439,real_npy,0,1
179,/mnt/c/Users/Chirayu/Documents/GitHub/2D-to-3D-image-reconstruction/facescape_224/fsmview_trainset_14_2_smile_10.jpg,0.0860721543431282,0.08052021265029907,-0.005551941692829132,7.981136962771416,0.6692982912063599,0.606490433216095,0.606490433216095,44.08763100000357,55.845444999995664,real_npy,0,1
180,/mnt/c/Users/Chirayu/Documents/GitHub/2D-to-3D-image-reconstruction/facescape_224/fsmview_trainset_5_5_jaw_left_16.jpg,0.03447127714753151,0.04171902313828468,0.007247745990753174,8.133170492947102,0.6785125136375427,0.31592002511024475,0.31592002511024475,42.48307799999651,57.10336499999613,real_npy,0,1
181,/mnt/c/Users/Chirayu/Documents/GitHub/2D-to-3D-image-reconstruction/facescape_224/fsmview_trainset_13_4_anger_6.jpg,0.14435459673404694,0.13239805400371552,-0.011956542730331421,8.241158723831177,0.6772868633270264,0.46374231576919556,0.46374231576919556,41.755825000002744,55.08757199999792,real_npy,0,1
182,/mnt/c/Users/Chirayu/Documents/GitHub/2D-to-3D-image-reconstruction/facescape_224/fsmview_trainset_11_2_smile_48.jpg,0.8802400231361389,0.7292628884315491,-0.15097713470458984,7.276613764464855,0.6694461107254028,0.5795509219169617,0.5795509219169617,43.225112999998316,37.78731100000243,real_npy,0,1
183,/mnt/c/Users/Chirayu/Documents/GitHub/2D-to-3D-image-reconstruction/facescape_224/fsmview_trainset_9_4_anger_35.jpg,0.05535163730382919,0.05317453294992447,-0.002177104353904724,8.161188900470734,0.6315061450004578,0.388292521238327,0.388292521238327,43.51895300000308,39.767252000004305,real_npy,0,1
184,/mnt/c/Users/Chirayu/Documents/GitHub/2D-to-3D-image-reconstruction/facescape_224/fsmview_trainset_3_12_lip_puckerer_1.jpg,0.08085967600345612,0.07737188786268234,-0.003487788140773773,8.47348377853632,0.7190691232681274,0.4295082688331604,0.4295082688331604,42.76883300000378,48.70618900000068,real_npy,0,1
185,/mnt/c/Users/Chirayu/Documents/GitHub/2D-to-3D-image-reconstruction/facescape_224/fsmview_trainset_13_7_jaw_forward_55.jpg,0.04866134747862816,0.052954837679862976,0.0042934902012348175,8.587893492542207,0.7439420223236084,0.35551226139068604,0.35551226139068604,39.177705999996704,38.40129099999956,real_npy,0,1
186,/mnt/c/Users/Chirayu/Documents/GitHub/2D-to-3D-image-reconstruction/facescape_224/fsmview_trainset_15_19_brow_raiser_12.jpg,0.08261275291442871,0.21468967199325562,0.1320769190788269,7.342376504093409,0.6687549948692322,0.6005553603172302,0.6005553603172302,45.79295699999619,45.54043099999916,real_npy,0,1
187,/mnt/c/Users/Chirayu/Documents/GitHub/2D-to-3D-image-reconstruction/facescape_224/fsmview_trainset_7_8_mouth_left_26.jpg,0.04368685930967331,0.04892423003911972,0.005237370729446411,8.094487026333809,0.6599194407463074,0.35146886110305786,0.35146886110305786,41.835671000001184,46.66093899999879,real_npy,0,1
188,/mnt/c/Users/Chirayu/Documents/GitHub/2D-to-3D-image-reconstruction/facescape_224/fsmview_trainset_6_5_jaw_left_35.jpg,0.03571147844195366,0.035985324531793594,0.0002738460898399353,8.017492190003395,0.6550034284591675,0.3788807988166809,0.3788807988166809,47.36063800000068,41.39214199999941,real_npy,0,1
189,/mnt/c/Users/Chirayu/Documents/GitHub/2D-to-3D-image-reconstruction/facescape_224/fsmview_trainset_13_7_jaw_forward_34.jpg,0.845751941204071,0.8251645565032959,-0.020587384700775146,6.697093963623047,0.6665377616882324,0.355803906917572,0.355803906917572,36.604242999999315,43.7160330000026,real_npy,0,1
190,/mnt/c/Users/Chirayu/Documents/GitHub/2D-to-3D-image-reconstruction/facescape_224/fsmview_trainset_1_18_eye_closed_55.jpg,0.04662686958909035,0.04908132925629616,0.0024544596672058105,8.09380854666233,0.7411835193634033,0.3233789801597595,0.3233789801597595,48.96863199999757,39.71533400000027,real_npy,0,1
191,/mnt/c/Users/Chirayu/Documents/GitHub/2D-to-3D-image-reconstruction/facescape_224/fsmview_trainset_5_4_anger_40.jpg,0.141571506857872,0.13378874957561493,-0.00778275728225708,7.891048241406679,0.7230312824249268,0.4678478538990021,0.4678478538990021,48.8909609999979,50.21681400000233,real_npy,0,1
192,/mnt/c/Users/Chirayu/Documents/GitHub/2D-to-3D-image-reconstruction/facescape_224/fsmview_trainset_4_12_lip_puckerer_52.jpg,0.21285618841648102,0.19185464084148407,-0.021001547574996948,6.5136189088225365,0.6562834978103638,0.36544090509414673,0.36544090509414673,53.037525000000585,40.01704000000217,real_npy,0,1
193,/mnt/c/Users/Chirayu/Documents/GitHub/2D-to-3D-image-reconstruction/facescape_224/fsmview_trainset_3_2_smile_9.jpg,0.0512617826461792,0.045097414404153824,-0.006164368242025375,8.339868687093258,0.7013406157493591,0.3849935829639435,0.3849935829639435,49.263908000000356,47.695128000000864,real_npy,0,1
194,/mnt/c/Users/Chirayu/Documents/GitHub/2D-to-3D-image-reconstruction/facescape_224/fsmview_trainset_12_13_lip_funneler_49.jpg,0.05795605108141899,0.05622030794620514,-0.001735743135213852,7.924771066755056,0.6970576643943787,0.4671745002269745,0.4671745002269745,87.18818500000225,63.3215460000045,real_npy,0,1
195,/mnt/c/Users/Chirayu/Documents/GitHub/2D-to-3D-image-reconstruction/facescape_224/fsmview_trainset_19_20_brow_lower_36.jpg,0.06213737279176712,0.055376894772052765,-0.0067604780197143555,8.726535253226757,0.6999027729034424,0.3613568842411041,0.3613568842411041,53.03333499999496,48.2105899999965,real_npy,0,1
196,/mnt/c/Users/Chirayu/Documents/GitHub/2D-to-3D-image-reconstruction/facescape_224/fsmview_trainset_13_5_jaw_left_43.jpg,0.10612454265356064,0.10247746855020523,-0.0036470741033554077,8.203945338726044,0.6957401037216187,0.40942302346229553,0.40942302346229553,48.38120699999848,52.14578000000358,real_npy,0,1
197,/mnt/c/Users/Chirayu/Documents/GitHub/2D-to-3D-image-reconstruction/facescape_224/fsmview_trainset_12_13_lip_funneler_34.jpg,0.229299858212471,0.24029207229614258,0.01099221408367157,7.229101657867432,0.632229208946228,0.4897729754447937,0.4897729754447937,40.254326000003005,39.768149000003916,real_npy,0,1
198,/mnt/c/Users/Chirayu/Documents/GitHub/2D-to-3D-image-reconstruction/facescape_224/fsmview_trainset_7_1_neutral_25.jpg,0.0370258092880249,0.0392681285738945,0.0022423192858695984,7.8064474537968636,0.6651195883750916,0.36237916350364685,0.36237916350364685,55.44459400000079,52.194901000000016,real_npy,0,1
199,/mnt/c/Users/Chirayu/Documents/GitHub/2D-to-3D-image-reconstruction/facescape_224/fsmview_trainset_2_17_cheek_blowing_35.jpg,0.08973801881074905,0.09136209636926651,0.001624077558517456,8.489181786775589,0.6867639422416687,0.43438899517059326,0.43438899517059326,43.161320000002945,52.567969000001824,real_npy,0,1
200,/mnt/c/Users/Chirayu/Documents/GitHub/2D-to-3D-image-reconstruction/facescape_224/fsmview_trainset_9_10_dimpler_20.jpg,0.04735298827290535,0.04689526557922363,-0.0004577226936817169,8.875365656800568,0.7227137088775635,0.37213006615638733,0.37213006615638733,64.74689000000211,39.665620000000956,real_npy,0,1
201,/mnt/c/Users/Chirayu/Documents/GitHub/2D-to-3D-image-reconstruction/facescape_224/fsmview_trainset_5_9_mouth_right_55.jpg,0.622427761554718,0.6754413843154907,0.053013622760772705,8.420495385304093,0.7245740294456482,0.4256982207298279,0.4256982207298279,41.659436999999855,45.82091799999688,real_npy,0,1
202,/mnt/c/Users/Chirayu/Documents/GitHub/2D-to-3D-image-reconstruction/facescape_224/fsmview_trainset_4_1_neutral_42.jpg,0.06992384791374207,0.07202815264463425,0.0021043047308921814,7.7145645916461945,0.6931177973747253,0.373017281293869,0.373017281293869,41.57546499999398,44.96344999999735,real_npy,0,1
203,/mnt/c/Users/Chirayu/Documents/GitHub/2D-to-3D-image-reconstruction/facescape_224/fsmview_trainset_8_6_jaw_right_27.jpg,0.06816083937883377,0.06773285567760468,-0.00042798370122909546,7.404665619134903,0.6956169009208679,0.34254953265190125,0.34254953265190125,51.35355899999894,37.814430000004506,real_npy,0,1
204,/mnt/c/Users/Chirayu/Documents/GitHub/2D-to-3D-image-reconstruction/facescape_224/fsmview_trainset_9_1_neutral_5.jpg,0.0391092374920845,0.17826741933822632,0.13915818184614182,10.045747507363558,0.9233143925666809,0.3614563047885895,0.3614563047885895,47.33239300000491,50.02775799999881,real_npy,0,1
205,/mnt/c/Users/Chirayu/Documents/GitHub/2D-to-3D-image-reconstruction/facescape_224/fsmview_trainset_11_8_mouth_left_40.jpg,0.09791821241378784,0.12591810524463654,0.027999892830848694,8.572868660092354,0.745188295841217,0.596910297870636,0.596910297870636,47.942310999999904,50.377504000003626,real_npy,0,1
206,/mnt/c/Users/Chirayu/Documents/GitHub/2D-to-3D-image-reconstruction/facescape_224/fsmview_trainset_12_20_brow_lower_43.jpg,0.0472983792424202,0.044835131615400314,-0.002463247627019882,8.906119292601943,0.7069734334945679,0.48728713393211365,0.48728713393211365,50.076130999997304,42.18323199999929,real_npy,0,1
207,/mnt/c/Users/Chirayu/Documents/GitHub/2D-to-3D-image-reconstruction/facescape_224/fsmview_trainset_13_8_mouth_left_24.jpg,0.5192930698394775,0.5801540017127991,0.06086093187332153,7.063235512003303,0.6410250067710876,0.5096208453178406,0.5096208453178406,48.425721000000976,52.08955399999837,real_npy,0,1
208,/mnt/c/Users/Chirayu/Documents/GitHub/2D-to-3D-image-reconstruction/facescape_224/fsmview_trainset_6_5_jaw_left_46.jpg,0.12688395380973816,0.11406995356082916,-0.012814000248908997,8.819169640541077,0.7684889435768127,0.4375445246696472,0.4375445246696472,56.92499500000281,55.5693969999993,real_npy,0,1
209,/mnt/c/Users/Chirayu/Documents/GitHub/2D-to-3D-image-reconstruction/facescape_224/fsmview_trainset_9_18_eye_closed_11.jpg,0.2552802264690399,0.2851333022117615,0.029853075742721558,7.1589325070381165,0.6877104640007019,0.606285035610199,0.606285035610199,47.4896890000025,46.0659030000059,real_npy,0,1
210,/mnt/c/Users/Chirayu/Documents/GitHub/2D-to-3D-image-reconstruction/facescape_224/fsmview_trainset_20_13_lip_funneler_65.jpg,0.052320513874292374,0.051461514085531235,-0.0008589997887611389,8.859958106186241,0.7752034068107605,0.4414450228214264,0.4414450228214264,60.24589999999819,49.13885599999901,real_npy,0,1
211,/mnt/c/Users/Chirayu/Documents/GitHub/2D-to-3D-image-reconstruction/facescape_224/fsmview_trainset_7_18_eye_closed_40.jpg,0.15223996341228485,0.15939940512180328,0.007159441709518433,6.974015459418297,0.6368846297264099,0.35108840465545654,0.35108840465545654,45.738802000002465,43.636781000003566,real_npy,0,1
212,/mnt/c/Users/Chirayu/Documents/GitHub/2D-to-3D-image-reconstruction/facescape_224/fsmview_trainset_6_7_jaw_forward_19.jpg,0.04459751397371292,0.04703899100422859,0.0024414770305156708,8.58292010333389,0.7063431143760681,0.3216087520122528,0.3216087520122528,45.25154999999614,56.98423700000177,real_npy,0,1
213,/mnt/c/Users/Chirayu/Documents/GitHub/2D-to-3D-image-reconstruction/facescape_224/fsmview_trainset_9_14_sadness_43.jpg,0.8570302724838257,0.7837105393409729,-0.07331973314285278,7.566319292411208,0.6723153591156006,0.37954676151275635,0.37954676151275635,38.10930499999898,43.20389400000124,real_npy,0,1
214,/mnt/c/Users/Chirayu/Documents/GitHub/2D-to-3D-image-reconstruction/facescape_224/fsmview_trainset_10_5_jaw_left_45.jpg,0.09435378760099411,0.094573013484478,0.00021922588348388672,8.938130639493465,0.7795312404632568,0.3801308274269104,0.3801308274269104,49.99695600000109,46.394120000002204,real_npy,0,1
215,/mnt/c/Users/Chirayu/Documents/GitHub/2D-to-3D-image-reconstruction/facescape_224/fsmview_trainset_5_10_dimpler_12.jpg,0.4080529808998108,0.5130265355110168,0.10497355461120605,11.361270571127534,1.0199198722839355,0.2794714570045471,0.2794714570045471,49.39124500000247,59.22323899999782,real_npy,0,1
216,/mnt/c/Users/Chirayu/Documents/GitHub/2D-to-3D-image-reconstruction/facescape_224/fsmview_trainset_9_2_smile_2.jpg,0.0663420706987381,0.07891608774662018,0.01257401704788208,7.950952850282192,0.7099974155426025,0.3786717653274536,0.3786717653274536,40.97494700000226,38.54702299999957,real_npy,0,1
217,/mnt/c/Users/Chirayu/Documents/GitHub/2D-to-3D-image-reconstruction/facescape_224/fsmview_trainset_14_13_lip_funneler_49.jpg,0.07985121756792068,0.08405912667512894,0.004207909107208252,8.36641663312912,0.7306029200553894,0.5448146462440491,0.5448146462440491,44.768132000001515,36.057905999996365,real_npy,0,1
218,/mnt/c/Users/Chirayu/Documents/GitHub/2D-to-3D-image-reconstruction/facescape_224/fsmview_trainset_16_10_dimpler_24.jpg,0.0350264236330986,0.03713265806436539,0.0021062344312667847,8.425951209384948,0.7039231061935425,0.3644515573978424,0.3644515573978424,45.078739000004475,38.47970200000361,real_npy,0,1
219,/mnt/c/Users/Chirayu/Documents/GitHub/2D-to-3D-image-reconstruction/facescape_224/fsmview_trainset_9_19_brow_raiser_32.jpg,0.23286926746368408,0.19774848222732544,-0.03512078523635864,7.200175687670708,0.6294527649879456,0.47047215700149536,0.47047215700149536,38.37309400000066,38.420137000002796,real_npy,0,1
220,/mnt/c/Users/Chirayu/Documents/GitHub/2D-to-3D-image-reconstruction/facescape_224/fsmview_trainset_9_17_cheek_blowing_3.jpg,0.04887279495596886,0.05268298089504242,0.0038101859390735626,7.217925578355789,0.5966646671295166,0.3503273129463196,0.3503273129463196,47.99120799999912,37.32912800000321,real_npy,0,1
221,/mnt/c/Users/Chirayu/Documents/GitHub/2D-to-3D-image-reconstruction/facescape_224/fsmview_trainset_5_19_brow_raiser_23.jpg,0.029431914910674095,0.03559312969446182,0.006161214783787727,8.20152310654521,0.7507839202880859,0.3420640826225281,0.3420640826225281,39.62307200000481,40.74722200000025,real_npy,0,1
222,/mnt/c/Users/Chirayu/Documents/GitHub/2D-to-3D-image-reconstruction/facescape_224/fsmview_trainset_1_9_mouth_right_43.jpg,0.033717911690473557,0.03396352753043175,0.0002456158399581909,7.64928176254034,0.6548337936401367,0.2822452783584595,0.2822452783584595,49.99093100000351,46.66593400000352,real_npy,0,1
223,/mnt/c/Users/Chirayu/Documents/GitHub/2D-to-3D-image-reconstruction/facescape_224/fsmview_trainset_15_14_sadness_29.jpg,0.2667781710624695,0.3292289972305298,0.0624508261680603,7.65751700475812,0.6444479823112488,0.4045591354370117,0.4045591354370117,48.82613499999877,38.4825049999975,real_npy,0,1
224,/mnt/c/Users/Chirayu/Documents/GitHub/2D-to-3D-image-reconstruction/facescape_224/fsmview_trainset_14_4_anger_45.jpg,0.10883982479572296,0.11930043250322342,0.010460607707500458,8.834873642772436,0.7028343677520752,0.590469241142273,0.590469241142273,37.38117399999652,37.668971999998746,real_npy,0,1
225,/mnt/c/Users/Chirayu/Documents/GitHub/2D-to-3D-image-reconstruction/facescape_224/fsmview_trainset_19_11_chin_raiser_1.jpg,0.036969415843486786,0.03766356408596039,0.0006941482424736023,8.125342052429914,0.6642356514930725,0.2347998321056366,0.2347998321056366,51.517458999995824,33.009254999996074,real_npy,0,1
226,/mnt/c/Users/Chirayu/Documents/GitHub/2D-to-3D-image-reconstruction/facescape_224/fsmview_trainset_18_5_jaw_left_10.jpg,0.030536118894815445,0.03516780212521553,0.0046316832304000854,7.948426861315966,0.6777283549308777,0.3249754011631012,0.3249754011631012,41.234741000003794,38.67830700000496,real_npy,0,1
227,/mnt/c/Users/Chirayu/Documents/GitHub/2D-to-3D-image-reconstruction/facescape_224/fsmview_trainset_6_19_brow_raiser_8.jpg,0.04367530718445778,0.04595089703798294,0.0022755898535251617,8.023497367277741,0.6786947250366211,0.3417123258113861,0.3417123258113861,43.45813900000195,38.68114600000183,real_npy,0,1
228,/mnt/c/Users/Chirayu/Documents/GitHub/2D-to-3D-image-reconstruction/facescape_224/fsmview_trainset_6_4_anger_45.jpg,0.16879701614379883,0.15684841573238373,-0.0119486004114151,7.791246518492699,0.7470831274986267,0.40034064650535583,0.40034064650535583,41.402676000004135,55.45859000000064,real_npy,0,1
229,/mnt/c/Users/Chirayu/Documents/GitHub/2D-to-3D-image-reconstruction/facescape_224/fsmview_trainset_11_8_mouth_left_14.jpg,0.0855724886059761,0.11365802586078644,0.028085537254810333,8.142504326999187,0.6935951113700867,0.5510371327400208,0.5510371327400208,40.73672599999867,35.81385799999737,real_npy,0,1
230,/mnt/c/Users/Chirayu/Documents/GitHub/2D-to-3D-image-reconstruction/facescape_224/fsmview_trainset_1_1_neutral_48.jpg,0.041173696517944336,0.04111437872052193,-5.931779742240906e-05,7.958423428237438,0.6596536040306091,0.3976896107196808,0.3976896107196808,40.13042100000064,60.1969029999978,real_npy,0,1
231,/mnt/c/Users/Chirayu/Documents/GitHub/2D-to-3D-image-reconstruction/facescape_224/fsmview_trainset_19_3_mouth_stretch_15.jpg,0.8688303232192993,0.8733832836151123,0.004552960395812988,6.812613010406494,0.5863586068153381,0.4361310601234436,0.4361310601234436,40.05647799999679,49.715142999993134,real_npy,0,1
232,/mnt/c/Users/Chirayu/Documents/GitHub/2D-to-3D-image-reconstruction/facescape_224/fsmview_trainset_12_2_smile_41.jpg,0.05737602338194847,0.0668460950255394,0.009470071643590927,9.212583461310714,0.766903281211853,0.4549639821052551,0.4549639821052551,39.8802360000019,44.71298400000023,real_npy,0,1
233,/mnt/c/Users/Chirayu/Documents/GitHub/2D-to-3D-image-reconstruction/facescape_224/fsmview_trainset_3_19_brow_raiser_6.jpg,0.050407733768224716,0.039320800453424454,-0.011086933314800262,8.438029065728188,0.7224568724632263,0.32586419582366943,0.32586419582366943,59.345004000000756,39.751558999995495,real_npy,0,1
234,/mnt/c/Users/Chirayu/Documents/GitHub/2D-to-3D-image-reconstruction/facescape_224/fsmview_trainset_15_13_lip_funneler_36.jpg,0.07859408855438232,0.09708487242460251,0.018490783870220184,9.258980605285615,0.7995416522026062,0.5494956374168396,0.5494956374168396,34.607321999999385,39.51751299999984,real_npy,0,1
235,/mnt/c/Users/Chirayu/Documents/GitHub/2D-to-3D-image-reconstruction/facescape_224/fsmview_trainset_3_4_anger_24.jpg,0.04773864150047302,0.04794309288263321,0.00020445138216018677,8.714735617861152,0.7243356704711914,0.44569551944732666,0.44569551944732666,55.1831059999941,40.43677199999962,real_npy,0,1
236,/mnt/c/Users/Chirayu/Documents/GitHub/2D-to-3D-image-reconstruction/facescape_224/fsmview_trainset_12_13_lip_funneler_45.jpg,0.049424149096012115,0.04699845612049103,-0.0024256929755210876,8.70346412807703,0.7372021675109863,0.37994521856307983,0.37994521856307983,42.72222099999823,37.99937900000572,real_npy,0,1
237,/mnt/c/Users/Chirayu/Documents/GitHub/2D-to-3D-image-reconstruction/facescape_224/fsmview_trainset_14_11_chin_raiser_62.jpg,0.382145494222641,0.37381500005722046,-0.008330494165420532,7.522059116512537,0.6261672377586365,0.5090100765228271,0.5090100765228271,47.75506200000024,39.12415799999991,real_npy,0,1
238,/mnt/c/Users/Chirayu/Documents/GitHub/2D-to-3D-image-reconstruction/facescape_224/fsmview_trainset_13_4_anger_10.jpg,0.043336741626262665,0.04403369501233101,0.0006969533860683441,8.743538939394057,0.7304454445838928,0.4189307391643524,0.4189307391643524,42.15506100000255,43.11588699999902,real_npy,0,1
239,/mnt/c/Users/Chirayu/Documents/GitHub/2D-to-3D-image-reconstruction/facescape_224/fsmview_trainset_15_9_mouth_right_61.jpg,0.2599092423915863,0.2822478711605072,0.0223386287689209,7.989396452903748,0.6646267771720886,0.4677474796772003,0.4677474796772003,37.95958999999982,36.09141299999408,real_npy,0,1
240,/mnt/c/Users/Chirayu/Documents/GitHub/2D-to-3D-image-reconstruction/facescape_224/fsmview_trainset_4_8_mouth_left_25.jpg,0.05718718096613884,0.05751862749457359,0.0003314465284347534,7.825488857924938,0.6930387616157532,0.3869987428188324,0.3869987428188324,49.045442999997135,40.00079200000073,real_npy,0,1
241,/mnt/c/Users/Chirayu/Documents/GitHub/2D-to-3D-image-reconstruction/facescape_224/fsmview_trainset_18_2_smile_18.jpg,0.3035130798816681,0.27780306339263916,-0.02571001648902893,6.971887148916721,0.6453791260719299,0.5312390327453613,0.5312390327453613,37.94635100000221,40.211572000004026,real_npy,0,1
242,/mnt/c/Users/Chirayu/Documents/GitHub/2D-to-3D-image-reconstruction/facescape_224/fsmview_trainset_16_18_eye_closed_45.jpg,0.10422667860984802,0.11261443048715591,0.008387751877307892,8.629544699564576,0.7120230793952942,0.42259714007377625,0.42259714007377625,44.397366000005434,37.13749099999575,real_npy,0,1
243,/mnt/c/Users/Chirayu/Documents/GitHub/2D-to-3D-image-reconstruction/facescape_224/fsmview_trainset_3_1_neutral_40.jpg,0.14927300810813904,0.15258444845676422,0.003311440348625183,7.4898346066474915,0.6785913109779358,0.4673062264919281,0.4673062264919281,39.71290599999833,40.74218799999585,real_npy,0,1
244,/mnt/c/Users/Chirayu/Documents/GitHub/2D-to-3D-image-reconstruction/facescape_224/fsmview_trainset_17_6_jaw_right_50.jpg,0.558207094669342,0.509842038154602,-0.04836505651473999,8.042830765247345,0.6722676753997803,0.4746691584587097,0.4746691584587097,37.66879700000203,47.44807499999837,real_npy,0,1
245,/mnt/c/Users/Chirayu/Documents/GitHub/2D-to-3D-image-reconstruction/facescape_224/fsmview_trainset_17_7_jaw_forward_44.jpg,0.11434075236320496,0.11196498572826385,-0.002375766634941101,7.861923361197114,0.6417189836502075,0.4460009038448334,0.4460009038448334,48.60134399999794,48.00679800000296,real_npy,0,1
246,/mnt/c/Users/Chirayu/Documents/GitHub/2D-to-3D-image-reconstruction/facescape_224/fsmview_trainset_13_20_brow_lower_14.jpg,0.046334028244018555,0.05227701738476753,0.005942989140748978,7.914282094687223,0.6442455053329468,0.4419771432876587,0.4419771432876587,41.24522899999761,39.44763000000506,real_npy,0,1
247,/mnt/c/Users/Chirayu/Documents/GitHub/2D-to-3D-image-reconstruction/facescape_224/fsmview_trainset_7_11_chin_raiser_53.jpg,0.05918245390057564,0.05713159218430519,-0.0020508617162704468,7.7990536242723465,0.6821547150611877,0.5026848912239075,0.5026848912239075,56.79474100000448,40.04398800000075,real_npy,0,1
248,/mnt/c/Users/Chirayu/Documents/GitHub/2D-to-3D-image-reconstruction/facescape_224/fsmview_trainset_20_4_anger_1.jpg,0.6962807178497314,0.717689037322998,0.0214083194732666,5.776726271957159,0.6069844961166382,0.4460088312625885,0.4460088312625885,49.5909449999985,49.09764300000319,real_npy,0,0
249,/mnt/c/Users/Chirayu/Documents/GitHub/2D-to-3D-image-reconstruction/facescape_224/fsmview_trainset_5_4_anger_58.jpg,0.6422150135040283,0.7462430596351624,0.10402804613113403,7.348469380289316,0.6303576827049255,0.49486222863197327,0.49486222863197327,39.9863100000033,37.28593799999658,real_npy,0,1
250,/mnt/c/Users/Chirayu/Documents/GitHub/2D-to-3D-image-reconstruction/facescape_224/fsmview_trainset_5_13_lip_funneler_20.jpg,0.03414781019091606,0.03889551758766174,0.004747707396745682,7.476891934871674,0.6238957643508911,0.304169237613678,0.304169237613678,87.25458099999628,38.12663800000138,real_npy,0,1
251,/mnt/c/Users/Chirayu/Documents/GitHub/2D-to-3D-image-reconstruction/facescape_224/fsmview_trainset_15_20_brow_lower_36.jpg,0.04569799825549126,0.04208262264728546,-0.0036153756082057953,8.880078241229057,0.7380152344703674,0.561180591583252,0.561180591583252,41.45330800000124,34.73199500000135,real_npy,0,1
252,/mnt/c/Users/Chirayu/Documents/GitHub/2D-to-3D-image-reconstruction/facescape_224/fsmview_trainset_10_5_jaw_left_34.jpg,0.03997889533638954,0.04059964790940285,0.0006207525730133057,7.789528526365757,0.685770571231842,0.3362162411212921,0.3362162411212921,44.19155400000108,39.31887999999617,real_npy,0,1
253,/mnt/c/Users/Chirayu/Documents/GitHub/2D-to-3D-image-reconstruction/facescape_224/fsmview_trainset_9_11_chin_raiser_15.jpg,0.060353152453899384,0.07294102758169174,0.012587875127792358,9.146891787648201,0.7637999653816223,0.37552329897880554,0.37552329897880554,37.642328000004,49.44580000000087,real_npy,0,1
254,/mnt/c/Users/Chirayu/Documents/GitHub/2D-to-3D-image-reconstruction/facescape_224/fsmview_trainset_17_1_neutral_20.jpg,0.0778745487332344,0.08058250695466995,0.002707958221435547,9.310223130509257,0.7649244666099548,0.3577939569950104,0.3577939569950104,46.93601299999983,35.975784999997984,real_npy,0,1
255,/mnt/c/Users/Chirayu/Documents/GitHub/2D-to-3D-image-reconstruction/facescape_224/fsmview_trainset_18_18_eye_closed_11.jpg,0.10095900297164917,0.09282908588647842,-0.008129917085170746,8.057301610708237,0.7191516160964966,0.43073517084121704,0.43073517084121704,49.74168499999365,39.50154199999645,real_npy,0,1
256,/mnt/c/Users/Chirayu/Documents/GitHub/2D-to-3D-image-reconstruction/facescape_224/fsmview_trainset_19_19_brow_raiser_55.jpg,0.28942885994911194,0.299381285905838,0.009952425956726074,7.506780855357647,0.6764497756958008,0.27586010098457336,0.27586010098457336,39.67970099999718,36.33429599999971,real_npy,0,1
257,/mnt/c/Users/Chirayu/Documents/GitHub/2D-to-3D-image-reconstruction/facescape_224/fsmview_trainset_2_10_dimpler_24.jpg,0.06222407892346382,0.06352435797452927,0.001300279051065445,9.56770514510572,0.7643886208534241,0.48760461807250977,0.48760461807250977,41.809356999998215,38.22147400000375,real_npy,0,1
258,/mnt/c/Users/Chirayu/Documents/GitHub/2D-to-3D-image-reconstruction/facescape_224/fsmview_trainset_20_12_lip_puckerer_6.jpg,0.30321839451789856,0.30707618594169617,0.0038577914237976074,6.593917520716786,0.6840732097625732,0.5800445079803467,0.5800445079803467,41.23743799999602,38.29454899999973,real_npy,0,1
259,/mnt/c/Users/Chirayu/Documents/GitHub/2D-to-3D-image-reconstruction/facescape_224/fsmview_trainset_6_12_lip_puckerer_20.jpg,0.05719493329524994,0.05859849229454994,0.001403558999300003,8.918282438069582,0.7570024728775024,0.380533903837204,0.380533903837204,41.584653000001026,37.10766500000062,real_npy,0,1
260,/mnt/c/Users/Chirayu/Documents/GitHub/2D-to-3D-image-reconstruction/facescape_224/fsmview_trainset_14_13_lip_funneler_10.jpg,0.08641605079174042,0.08471344411373138,-0.0017026066780090332,7.950153663754463,0.7112948298454285,0.621976375579834,0.621976375579834,43.124677000001554,38.5742019999995,real_npy,0,1
261,/mnt/c/Users/Chirayu/Documents/GitHub/2D-to-3D-image-reconstruction/facescape_224/fsmview_trainset_7_19_brow_raiser_42.jpg,0.16476625204086304,0.1591431051492691,-0.005623146891593933,6.489591391757131,0.6314031481742859,0.4810997545719147,0.4810997545719147,39.31087999999505,36.29936699999803,real_npy,0,0
262,/mnt/c/Users/Chirayu/Documents/GitHub/2D-to-3D-image-reconstruction/facescape_224/fsmview_trainset_12_15_lip_roll_40.jpg,0.07882067561149597,0.09623107314109802,0.01741039752960205,8.40103992819786,0.6878191232681274,0.3822232186794281,0.3822232186794281,41.61998299999681,37.8835699999982,real_npy,0,1
263,/mnt/c/Users/Chirayu/Documents/GitHub/2D-to-3D-image-reconstruction/facescape_224/fsmview_trainset_3_19_brow_raiser_2.jpg,0.07343624532222748,0.09030997008085251,0.01687372475862503,8.390963725745678,0.7304011583328247,0.4292225241661072,0.4292225241661072,49.5947029999968,38.176971999995146,real_npy,0,1
264,/mnt/c/Users/Chirayu/Documents/GitHub/2D-to-3D-image-reconstruction/facescape_224/fsmview_trainset_20_15_lip_roll_47.jpg,0.09973166137933731,0.1400539129972458,0.04032225161790848,7.588342193514109,0.7059289216995239,0.6189622282981873,0.6189622282981873,56.39039999999795,40.90827600000324,real_npy,0,1
265,/mnt/c/Users/Chirayu/Documents/GitHub/2D-to-3D-image-reconstruction/facescape_224/fsmview_trainset_20_15_lip_roll_12.jpg,0.06354457139968872,0.200532928109169,0.13698835670948029,7.064388312399387,0.6486743688583374,0.5712980031967163,0.5712980031967163,38.9879310000012,43.02031099999937,real_npy,0,1
266,/mnt/c/Users/Chirayu/Documents/GitHub/2D-to-3D-image-reconstruction/facescape_224/fsmview_trainset_3_2_smile_8.jpg,0.04528028890490532,0.04141600802540779,-0.003864280879497528,8.008527040481567,0.7019615173339844,0.366894006729126,0.366894006729126,40.032316999997875,45.42991999999657,real_npy,0,1
267,/mnt/c/Users/Chirayu/Documents/GitHub/2D-to-3D-image-reconstruction/facescape_224/fsmview_trainset_14_2_smile_22.jpg,0.04025617614388466,0.03988796845078468,-0.0003682076930999756,7.374568372964859,0.6276577115058899,0.39650607109069824,0.39650607109069824,43.291447000001426,38.230365000003985,real_npy,0,1
268,/mnt/c/Users/Chirayu/Documents/GitHub/2D-to-3D-image-reconstruction/facescape_224/fsmview_trainset_10_9_mouth_right_26.jpg,0.13653045892715454,0.1911054402589798,0.054574981331825256,6.65187481790781,0.6688428521156311,0.5905819535255432,0.5905819535255432,42.978224999998815,35.823978000003365,real_npy,0,1
269,/mnt/c/Users/Chirayu/Documents/GitHub/2D-to-3D-image-reconstruction/facescape_224/fsmview_trainset_7_15_lip_roll_28.jpg,0.06418392807245255,0.0813916027545929,0.01720767468214035,8.065380021929741,0.6888447403907776,0.3186362087726593,0.3186362087726593,39.000541000000055,39.19992400000183,real_npy,0,1
270,/mnt/c/Users/Chirayu/Documents/GitHub/2D-to-3D-image-reconstruction/facescape_224/fsmview_trainset_20_20_brow_lower_50.jpg,0.5082592964172363,0.4393790066242218,-0.06888028979301453,6.66375782340765,0.6181275248527527,0.5657190680503845,0.5657190680503845,41.802318000002,38.179051999996716,template_fallback,0,1
271,/mnt/c/Users/Chirayu/Documents/GitHub/2D-to-3D-image-reconstruction/facescape_224/fsmview_trainset_20_10_dimpler_13.jpg,0.05827707424759865,0.056443486362695694,-0.001833587884902954,8.405044600367546,0.7240264415740967,0.391445130109787,0.391445130109787,54.266871000002936,43.375427999997385,real_npy,0,1
272,/mnt/c/Users/Chirayu/Documents/GitHub/2D-to-3D-image-reconstruction/facescape_224/fsmview_trainset_20_12_lip_puckerer_36.jpg,0.05108988285064697,0.0474809929728508,-0.003608889877796173,8.395440611988306,0.712474524974823,0.523152768611908,0.523152768611908,46.98173599999933,49.34978499999687,real_npy,0,1
273,/mnt/c/Users/Chirayu/Documents/GitHub/2D-to-3D-image-reconstruction/facescape_224/fsmview_trainset_17_11_chin_raiser_56.jpg,0.08501677215099335,0.0925619825720787,0.007545210421085358,8.42249703221023,0.7046489119529724,0.3583064079284668,0.3583064079284668,48.414551999997,36.78849299999598,real_npy,0,1
274,/mnt/c/Users/Chirayu/Documents/GitHub/2D-to-3D-image-reconstruction/facescape_224/fsmview_trainset_11_9_mouth_right_34.jpg,0.04724521189928055,0.047341372817754745,9.616091847419739e-05,8.634480565786362,0.7107906937599182,0.5942273736000061,0.5942273736000061,37.479494000002944,38.25012700000485,real_npy,0,1
275,/mnt/c/Users/Chirayu/Documents/GitHub/2D-to-3D-image-reconstruction/facescape_224/fsmview_trainset_9_10_dimpler_12.jpg,0.03976522386074066,0.04186136648058891,0.0020961426198482513,8.153267297893763,0.6796162724494934,0.2303553968667984,0.2303553968667984,43.849393999998654,43.461917999998434,real_npy,0,1
276,/mnt/c/Users/Chirayu/Documents/GitHub/2D-to-3D-image-reconstruction/facescape_224/fsmview_trainset_11_10_dimpler_51.jpg,0.5275381803512573,0.5169796943664551,-0.010558485984802246,6.656305477023125,0.6577825546264648,0.619712233543396,0.619712233543396,54.69803300000109,46.18361300000373,real_npy,0,1
277,/mnt/c/Users/Chirayu/Documents/GitHub/2D-to-3D-image-reconstruction/facescape_224/fsmview_trainset_9_3_mouth_stretch_32.jpg,0.04145849123597145,0.0471963956952095,0.005737904459238052,7.5108804777264595,0.714137613773346,0.3116810619831085,0.3116810619831085,42.446054000002675,41.661693999998306,real_npy,0,1
278,/mnt/c/Users/Chirayu/Documents/GitHub/2D-to-3D-image-reconstruction/facescape_224/fsmview_trainset_14_15_lip_roll_9.jpg,0.1712491512298584,0.15173447132110596,-0.01951467990875244,7.123946771025658,0.7221331000328064,0.5624945163726807,0.5624945163726807,60.74043299999943,42.63131100000095,real_npy,0,1
279,/mnt/c/Users/Chirayu/Documents/GitHub/2D-to-3D-image-reconstruction/facescape_224/fsmview_trainset_8_5_jaw_left_2.jpg,0.06356886029243469,0.05722712725400925,-0.0063417330384254456,7.9095663651824,0.7278444170951843,0.27148377895355225,0.27148377895355225,39.48648300000457,38.60002300000076,real_npy,0,1
280,/mnt/c/Users/Chirayu/Documents/GitHub/2D-to-3D-image-reconstruction/facescape_224/fsmview_trainset_9_7_jaw_forward_42.jpg,0.13780950009822845,0.18941755592823029,0.05160805583000183,6.402493041008711,0.6045040488243103,0.4419816732406616,0.4419816732406616,42.115649999999505,37.27652899999612,real_npy,0,0
281,/mnt/c/Users/Chirayu/Documents/GitHub/2D-to-3D-image-reconstruction/facescape_224/fsmview_trainset_5_20_brow_lower_7.jpg,0.0462021678686142,0.040979597717523575,-0.005222570151090622,8.147086635231972,0.7216075658798218,0.27351367473602295,0.27351367473602295,41.64993699999542,42.1935420000068,real_npy,0,1
282,/mnt/c/Users/Chirayu/Documents/GitHub/2D-to-3D-image-reconstruction/facescape_224/fsmview_trainset_20_10_dimpler_50.jpg,0.43162643909454346,0.27418962121009827,-0.1574368178844452,6.642159961163998,0.6487822532653809,0.5685679912567139,0.5685679912567139,57.47299799999439,35.12731000000713,real_npy,0,1
283,/mnt/c/Users/Chirayu/Documents/GitHub/2D-to-3D-image-reconstruction/facescape_224/fsmview_trainset_2_15_lip_roll_34.jpg,0.042652808129787445,0.04511077329516411,0.002457965165376663,8.345295686274767,0.7108352780342102,0.4772498607635498,0.4772498607635498,41.756255999999325,37.4303819999966,real_npy,0,1
284,/mnt/c/Users/Chirayu/Documents/GitHub/2D-to-3D-image-reconstruction/facescape_224/fsmview_trainset_12_14_sadness_28.jpg,0.9752041101455688,0.949834942817688,-0.02536916732788086,8.598138578236103,0.7000154256820679,0.5293877720832825,0.5293877720832825,42.13252499999953,42.67815500000438,real_npy,0,1
285,/mnt/c/Users/Chirayu/Documents/GitHub/2D-to-3D-image-reconstruction/facescape_224/fsmview_trainset_11_3_mouth_stretch_62.jpg,0.8332144618034363,0.8409644961357117,0.007750034332275391,7.711138643324375,0.6761419177055359,0.5158084630966187,0.5158084630966187,66.49005299999544,40.29768699999181,real_npy,0,1
286,/mnt/c/Users/Chirayu/Documents/GitHub/2D-to-3D-image-reconstruction/facescape_224/fsmview_trainset_18_15_lip_roll_35.jpg,0.0461464487016201,0.04445381090044975,-0.0016926378011703491,9.25624567270279,0.7826709747314453,0.480735719203949,0.480735719203949,60.66681000000074,36.67150699999411,real_npy,0,1
287,/mnt/c/Users/Chirayu/Documents/GitHub/2D-to-3D-image-reconstruction/facescape_224/fsmview_trainset_3_13_lip_funneler_32.jpg,0.04587135463953018,0.04764197766780853,0.0017706230282783508,7.650395579636097,0.6968168616294861,0.3597484827041626,0.3597484827041626,54.41817400000559,38.39740799999447,real_npy,0,1
288,/mnt/c/Users/Chirayu/Documents/GitHub/2D-to-3D-image-reconstruction/facescape_224/fsmview_trainset_1_4_anger_11.jpg,0.09036356210708618,0.07916563749313354,-0.011197924613952637,7.912268355488777,0.731813907623291,0.38508448004722595,0.38508448004722595,42.62249100000304,35.4278340000036,real_npy,0,1
289,/mnt/c/Users/Chirayu/Documents/GitHub/2D-to-3D-image-reconstruction/facescape_224/fsmview_trainset_11_15_lip_roll_12.jpg,0.06308238953351974,0.0664246529340744,0.003342263400554657,7.89059741050005,0.6389791965484619,0.48082077503204346,0.48082077503204346,38.37250399999448,38.02919800000382,real_npy,0,1
290,/mnt/c/Users/Chirayu/Documents/GitHub/2D-to-3D-image-reconstruction/facescape_224/fsmview_trainset_3_20_brow_lower_19.jpg,0.03450225293636322,0.03243359550833702,-0.0020686574280261993,8.000295989215374,0.6775496006011963,0.32400766015052795,0.32400766015052795,50.63373500000523,56.97132800000304,real_npy,0,1
291,/mnt/c/Users/Chirayu/Documents/GitHub/2D-to-3D-image-reconstruction/facescape_224/fsmview_trainset_1_3_mouth_stretch_32.jpg,0.19648827612400055,0.21979667246341705,0.023308396339416504,8.373719219118357,0.7893821001052856,0.2312060445547104,0.2312060445547104,39.40915200000461,43.218610000010926,real_npy,0,1
292,/mnt/c/Users/Chirayu/Documents/GitHub/2D-to-3D-image-reconstruction/facescape_224/fsmview_trainset_3_19_brow_raiser_18.jpg,0.04425578936934471,0.04416048526763916,-9.530410170555115e-05,8.352992055937648,0.6963005661964417,0.399167537689209,0.399167537689209,53.4249610000046,40.00717600000314,real_npy,0,1
293,/mnt/c/Users/Chirayu/Documents/GitHub/2D-to-3D-image-reconstruction/facescape_224/fsmview_trainset_14_9_mouth_right_64.jpg,0.03613024577498436,0.03556222841143608,-0.0005680173635482788,7.712317280471325,0.6812314391136169,0.36109164357185364,0.36109164357185364,58.33249199999102,42.84842799999922,real_npy,0,1
294,/mnt/c/Users/Chirayu/Documents/GitHub/2D-to-3D-image-reconstruction/facescape_224/fsmview_trainset_2_7_jaw_forward_55.jpg,0.2782905697822571,0.27069389820098877,-0.0075966715812683105,7.317328929901123,0.6228402853012085,0.42019185423851013,0.42019185423851013,43.666881999996576,54.336644999992245,real_npy,0,1
295,/mnt/c/Users/Chirayu/Documents/GitHub/2D-to-3D-image-reconstruction/facescape_224/fsmview_trainset_9_19_brow_raiser_2.jpg,0.07196540385484695,0.0908275842666626,0.018862180411815643,8.319711577147245,0.7165647149085999,0.3874259889125824,0.3874259889125824,39.96616000000586,39.66766500001029,real_npy,0,1
296,/mnt/c/Users/Chirayu/Documents/GitHub/2D-to-3D-image-reconstruction/facescape_224/fsmview_trainset_19_15_lip_roll_12.jpg,0.26699957251548767,0.2838524878025055,0.016852915287017822,7.489137392491102,0.6711964011192322,0.303756445646286,0.303756445646286,40.5306870000004,42.42051099998889,real_npy,0,1
297,/mnt/c/Users/Chirayu/Documents/GitHub/2D-to-3D-image-reconstruction/facescape_224/fsmview_trainset_18_8_mouth_left_29.jpg,0.05748550966382027,0.05647777393460274,-0.0010077357292175293,8.76618804037571,0.685313880443573,0.45608681440353394,0.45608681440353394,39.27810100000784,40.220091000009006,real_npy,0,1
298,/mnt/c/Users/Chirayu/Documents/GitHub/2D-to-3D-image-reconstruction/facescape_224/fsmview_trainset_19_8_mouth_left_21.jpg,0.04719437658786774,0.04445979744195938,-0.0027345791459083557,8.779607709497213,0.6981493830680847,0.31539008021354675,0.31539008021354675,38.11814699999161,41.52568000000656,real_npy,0,1
299,/mnt/c/Users/Chirayu/Documents/GitHub/2D-to-3D-image-reconstruction/facescape_224/fsmview_trainset_12_17_cheek_blowing_45.jpg,0.05116979032754898,0.05664283409714699,0.005473043769598007,8.997323194518685,0.7596288323402405,0.49000340700149536,0.49000340700149536,49.35155599999064,39.58751999999777,real_npy,0,1
300,/mnt/c/Users/Chirayu/Documents/GitHub/2D-to-3D-image-reconstruction/facescape_224/fsmview_trainset_8_18_eye_closed_16.jpg,0.08883864432573318,0.089756079018116,0.0009174346923828125,7.988958068192005,0.7301939129829407,0.40274956822395325,0.40274956822395325,45.370228000010115,38.26988799998787,real_npy,0,1
301,/mnt/c/Users/Chirayu/Documents/GitHub/2D-to-3D-image-reconstruction/facescape_224/fsmview_trainset_19_4_anger_16.jpg,0.05268874764442444,0.04952426999807358,-0.0031644776463508606,9.15685024857521,0.763667643070221,0.28716781735420227,0.28716781735420227,43.56250499999703,41.10756400000071,real_npy,0,1
302,/mnt/c/Users/Chirayu/Documents/GitHub/2D-to-3D-image-reconstruction/facescape_224/fsmview_trainset_18_7_jaw_forward_19.jpg,0.06255833059549332,0.060761719942092896,-0.0017966106534004211,9.292331928387284,0.7598023414611816,0.41850385069847107,0.41850385069847107,48.642263999994384,44.136996999995404,real_npy,0,1
303,/mnt/c/Users/Chirayu/Documents/GitHub/2D-to-3D-image-reconstruction/facescape_224/fsmview_trainset_6_2_smile_0.jpg,0.38045263290405273,0.3578924536705017,-0.022560179233551025,6.333074599504471,0.6191323399543762,0.4231325089931488,0.4231325089931488,39.214434000001575,41.9597519999968,real_npy,0,0
304,/mnt/c/Users/Chirayu/Documents/GitHub/2D-to-3D-image-reconstruction/facescape_224/fsmview_trainset_15_18_eye_closed_18.jpg,0.04820758476853371,0.053601931780576706,0.005394347012042999,8.27669319882989,0.7155288457870483,0.5484738945960999,0.5484738945960999,43.69653999999912,38.783143000003406,real_npy,0,1
305,/mnt/c/Users/Chirayu/Documents/GitHub/2D-to-3D-image-reconstruction/facescape_224/fsmview_trainset_3_10_dimpler_46.jpg,0.13173320889472961,0.1406305879354477,0.008897379040718079,8.233482398092747,0.6999107003211975,0.5110867023468018,0.5110867023468018,40.48653800001034,39.425929000003634,real_npy,0,1
306,/mnt/c/Users/Chirayu/Documents/GitHub/2D-to-3D-image-reconstruction/facescape_224/fsmview_trainset_12_16_grin_6.jpg,0.08217059075832367,0.07785306870937347,-0.004317522048950195,8.501696024090052,0.7503771781921387,0.595248281955719,0.595248281955719,40.85906999999622,57.87619999999549,real_npy,0,1
307,/mnt/c/Users/Chirayu/Documents/GitHub/2D-to-3D-image-reconstruction/facescape_224/fsmview_trainset_2_6_jaw_right_56.jpg,0.08592057228088379,0.08608326315879822,0.0001626908779144287,8.385949153453112,0.7452889680862427,0.4139948785305023,0.4139948785305023,40.0896849999981,38.424891000005346,real_npy,0,1
308,/mnt/c/Users/Chirayu/Documents/GitHub/2D-to-3D-image-reconstruction/facescape_224/fsmview_trainset_12_19_brow_raiser_27.jpg,0.06100136414170265,0.06390170007944107,0.0029003359377384186,9.146235955879092,0.752086341381073,0.4970698952674866,0.4970698952674866,41.424597999991875,35.43681500001128,real_npy,0,1
309,/mnt/c/Users/Chirayu/Documents/GitHub/2D-to-3D-image-reconstruction/facescape_224/fsmview_trainset_18_10_dimpler_47.jpg,0.04618970304727554,0.04526940733194351,-0.0009202957153320312,8.353902898728848,0.6703934669494629,0.41209492087364197,0.41209492087364197,41.95984599999747,40.86949300000242,real_npy,0,1
310,/mnt/c/Users/Chirayu/Documents/GitHub/2D-to-3D-image-reconstruction/facescape_224/fsmview_trainset_5_5_jaw_left_56.jpg,0.10201497375965118,0.09702235460281372,-0.004992619156837463,8.205899246037006,0.7271540760993958,0.43866100907325745,0.43866100907325745,48.54850699999247,55.50275299999896,real_npy,0,1
311,/mnt/c/Users/Chirayu/Documents/GitHub/2D-to-3D-image-reconstruction/facescape_224/fsmview_trainset_20_13_lip_funneler_13.jpg,0.09557518362998962,0.10007753223180771,0.004502348601818085,8.39779256656766,0.7388756275177002,0.45947176218032837,0.45947176218032837,44.69620300000088,36.59056399999372,real_npy,0,1
312,/mnt/c/Users/Chirayu/Documents/GitHub/2D-to-3D-image-reconstruction/facescape_224/fsmview_trainset_5_12_lip_puckerer_23.jpg,0.034183405339717865,0.08931057155132294,0.05512716621160507,7.082317842170596,0.7301114201545715,0.3363340198993683,0.3363340198993683,45.44024799999136,38.58832400000267,real_npy,0,1
313,/mnt/c/Users/Chirayu/Documents/GitHub/2D-to-3D-image-reconstruction/facescape_224/fsmview_trainset_5_11_chin_raiser_31.jpg,0.04857660457491875,0.0451212078332901,-0.003455396741628647,8.12961008027196,0.6700263023376465,0.4385364353656769,0.4385364353656769,48.668327000001455,41.5632060000064,real_npy,0,1
314,/mnt/c/Users/Chirayu/Documents/GitHub/2D-to-3D-image-reconstruction/facescape_224/fsmview_trainset_15_20_brow_lower_65.jpg,0.05950283259153366,0.06094136834144592,0.001438535749912262,8.477642118930817,0.7865568399429321,0.4783177077770233,0.4783177077770233,49.03591000000063,39.33524999999349,real_npy,0,1
315,/mnt/c/Users/Chirayu/Documents/GitHub/2D-to-3D-image-reconstruction/facescape_224/fsmview_trainset_1_15_lip_roll_25.jpg,0.07299129664897919,0.07565900683403015,0.0026677101850509644,8.2123366817832,0.7643680572509766,0.4877466559410095,0.4877466559410095,58.941439999998124,38.096711000008554,real_npy,0,1
316,/mnt/c/Users/Chirayu/Documents/GitHub/2D-to-3D-image-reconstruction/facescape_224/fsmview_trainset_20_3_mouth_stretch_60.jpg,0.05461522564291954,0.053358204662799835,-0.0012570209801197052,8.538371740840375,0.7862187027931213,0.4581228196620941,0.4581228196620941,42.156300000002034,39.23731800000496,real_npy,0,1
317,/mnt/c/Users/Chirayu/Documents/GitHub/2D-to-3D-image-reconstruction/facescape_224/fsmview_trainset_3_16_grin_34.jpg,0.043745722621679306,0.04660684987902641,0.002861127257347107,7.789739936590195,0.6633251905441284,0.4230189323425293,0.4230189323425293,44.10120899999015,37.3671880000046,real_npy,0,1
318,/mnt/c/Users/Chirayu/Documents/GitHub/2D-to-3D-image-reconstruction/facescape_224/fsmview_trainset_2_11_chin_raiser_38.jpg,0.08299890160560608,0.09113579988479614,0.008136898279190063,8.240420501679182,0.672386884689331,0.3115585148334503,0.3115585148334503,44.31519800000672,38.17746299999669,real_npy,0,1
319,/mnt/c/Users/Chirayu/Documents/GitHub/2D-to-3D-image-reconstruction/facescape_224/fsmview_trainset_3_14_sadness_47.jpg,0.06320735812187195,0.08287081867456436,0.019663460552692413,8.9565323702991,0.7516118288040161,0.47971898317337036,0.47971898317337036,49.76836000000162,42.559230999998476,real_npy,0,1
320,/mnt/c/Users/Chirayu/Documents/GitHub/2D-to-3D-image-reconstruction/facescape_224/fsmview_trainset_20_13_lip_funneler_35.jpg,0.055755164474248886,0.05568269267678261,-7.247179746627808e-05,8.40751042496413,0.7080150842666626,0.5090314149856567,0.5090314149856567,40.71043899999438,40.505652999996755,real_npy,0,1
321,/mnt/c/Users/Chirayu/Documents/GitHub/2D-to-3D-image-reconstruction/facescape_224/fsmview_trainset_13_5_jaw_left_15.jpg,0.15899240970611572,0.18347889184951782,0.0244864821434021,8.614014621824026,0.771245002746582,0.5243456363677979,0.5243456363677979,75.78810100000055,43.729849000001764,real_npy,0,1
322,/mnt/c/Users/Chirayu/Documents/GitHub/2D-to-3D-image-reconstruction/facescape_224/fsmview_trainset_18_14_sadness_43.jpg,0.03339514881372452,0.03170061856508255,-0.0016945302486419678,7.761075247079134,0.6496362686157227,0.32818713784217834,0.32818713784217834,40.05121500000541,40.10988199999588,real_npy,0,1
323,/mnt/c/Users/Chirayu/Documents/GitHub/2D-to-3D-image-reconstruction/facescape_224/fsmview_trainset_1_10_dimpler_45.jpg,0.03866252675652504,0.07639599591493607,0.037733469158411026,6.967335965484381,0.6556686162948608,0.3543740510940552,0.3543740510940552,43.27960500000927,45.20126399999924,real_npy,0,1
324,/mnt/c/Users/Chirayu/Documents/GitHub/2D-to-3D-image-reconstruction/facescape_224/fsmview_trainset_11_18_eye_closed_23.jpg,0.04799854755401611,0.04737077280879021,-0.0006277747452259064,8.194117229431868,0.646001935005188,0.5327277183532715,0.5327277183532715,42.009107999987805,42.31772800000044,real_npy,0,1
325,/mnt/c/Users/Chirayu/Documents/GitHub/2D-to-3D-image-reconstruction/facescape_224/fsmview_trainset_1_6_jaw_right_50.jpg,0.04146191105246544,0.040935859084129333,-0.0005260519683361053,7.674243196845055,0.6926165223121643,0.39048445224761963,0.39048445224761963,55.826930000009156,53.28743500000144,real_npy,0,1
326,/mnt/c/Users/Chirayu/Documents/GitHub/2D-to-3D-image-reconstruction/facescape_224/fsmview_trainset_18_2_smile_35.jpg,0.043636538088321686,0.10159152001142502,0.05795498192310333,7.09266091324389,0.637505829334259,0.41648104786872864,0.41648104786872864,41.95651300000236,51.46591599999795,real_npy,0,1
327,/mnt/c/Users/Chirayu/Documents/GitHub/2D-to-3D-image-reconstruction/facescape_224/fsmview_trainset_15_4_anger_37.jpg,0.08300960063934326,0.09895087778568268,0.015941277146339417,9.159522891044617,0.7897018194198608,0.5669615864753723,0.5669615864753723,43.767403000003924,37.22744300000613,real_npy,0,1
328,/mnt/c/Users/Chirayu/Documents/GitHub/2D-to-3D-image-reconstruction/facescape_224/fsmview_trainset_11_11_chin_raiser_56.jpg,0.06659523397684097,0.06560168415307999,-0.0009935498237609863,9.135125134140253,0.795430600643158,0.4657000005245209,0.4657000005245209,42.27450800000554,44.51497700000573,real_npy,0,1
329,/mnt/c/Users/Chirayu/Documents/GitHub/2D-to-3D-image-reconstruction/facescape_224/fsmview_trainset_17_2_smile_37.jpg,0.054157499223947525,0.05950124189257622,0.005343742668628693,7.684787429869175,0.6419406533241272,0.3879675567150116,0.3879675567150116,38.943000999992705,46.02066299999308,real_npy,0,1
330,/mnt/c/Users/Chirayu/Documents/GitHub/2D-to-3D-image-reconstruction/facescape_224/fsmview_trainset_4_17_cheek_blowing_33.jpg,0.031191401183605194,4.742888450622559,4.711697049438953,44.94465758651495,5.583990097045898,0.2820451557636261,0.2820451557636261,52.156449999998244,49.59955500000035,real_npy,1,1
331,/mnt/c/Users/Chirayu/Documents/GitHub/2D-to-3D-image-reconstruction/facescape_224/fsmview_trainset_6_1_neutral_33.jpg,0.042969029396772385,0.04609708860516548,0.003128059208393097,7.963685177266598,0.7145485877990723,0.38378608226776123,0.38378608226776123,40.026429999997504,38.199284000000944,real_npy,0,1
332,/mnt/c/Users/Chirayu/Documents/GitHub/2D-to-3D-image-reconstruction/facescape_224/fsmview_trainset_2_10_dimpler_30.jpg,0.05006994307041168,0.0485161617398262,-0.0015537813305854797,8.945732817053795,0.7395347356796265,0.3763578534126282,0.3763578534126282,42.1604519999903,41.83336500000223,real_npy,0,1
333,/mnt/c/Users/Chirayu/Documents/GitHub/2D-to-3D-image-reconstruction/facescape_224/fsmview_trainset_5_3_mouth_stretch_3.jpg,0.24658051133155823,0.251091331243515,0.004510819911956787,7.634118854999542,0.6280983090400696,0.36733728647232056,0.36733728647232056,46.923065999990854,47.99813999999003,real_npy,0,1
334,/mnt/c/Users/Chirayu/Documents/GitHub/2D-to-3D-image-reconstruction/facescape_224/fsmview_trainset_19_17_cheek_blowing_22.jpg,0.06223457679152489,0.06707224994897842,0.004837673157453537,9.259099979419261,0.7663262486457825,0.36304378509521484,0.36304378509521484,42.22743100000059,38.933248000006415,real_npy,0,1
335,/mnt/c/Users/Chirayu/Documents/GitHub/2D-to-3D-image-reconstruction/facescape_224/fsmview_trainset_19_1_neutral_42.jpg,0.08848795294761658,0.10449127107858658,0.01600331813097,8.278820089995861,0.7258390784263611,0.40786996483802795,0.40786996483802795,46.37990300000183,42.57433300000457,real_npy,0,1
336,/mnt/c/Users/Chirayu/Documents/GitHub/2D-to-3D-image-reconstruction/facescape_224/fsmview_trainset_11_14_sadness_6.jpg,0.6950325965881348,0.6827134490013123,-0.01231914758682251,7.693538503721356,0.6957928538322449,0.6077684164047241,0.6077684164047241,49.02031099999249,39.883824000000345,real_npy,0,1
337,/mnt/c/Users/Chirayu/Documents/GitHub/2D-to-3D-image-reconstruction/facescape_224/fsmview_trainset_15_9_mouth_right_33.jpg,0.06234777718782425,0.07735377550125122,0.015005998313426971,7.88500245846808,0.7316708564758301,0.5549266338348389,0.5549266338348389,42.616452999993726,41.21442500000683,real_npy,0,1
338,/mnt/c/Users/Chirayu/Documents/GitHub/2D-to-3D-image-reconstruction/facescape_224/fsmview_trainset_11_15_lip_roll_64.jpg,0.4236800968647003,0.45964664220809937,0.03596654534339905,8.032973155379295,0.6726809740066528,0.5116760730743408,0.5116760730743408,44.132841000006806,46.93358700001227,real_npy,0,1
339,/mnt/c/Users/Chirayu/Documents/GitHub/2D-to-3D-image-reconstruction/facescape_224/fsmview_trainset_16_10_dimpler_43.jpg,0.03370891511440277,0.03608415275812149,0.0023752376437187195,7.586967013776302,0.634538471698761,0.30304354429244995,0.30304354429244995,45.63566899999216,47.018411000010474,real_npy,0,1
340,/mnt/c/Users/Chirayu/Documents/GitHub/2D-to-3D-image-reconstruction/facescape_224/fsmview_trainset_18_6_jaw_right_8.jpg,0.04064313322305679,0.0413239412009716,0.0006808079779148102,8.680963406339288,0.7527364492416382,0.29853421449661255,0.29853421449661255,51.62259200000108,52.05942900001048,real_npy,0,1
341,/mnt/c/Users/Chirayu/Documents/GitHub/2D-to-3D-image-reconstruction/facescape_224/fsmview_trainset_11_11_chin_raiser_8.jpg,0.4440477192401886,0.4402860105037689,-0.0037617087364196777,6.760527204722166,0.6129677295684814,0.5798762440681458,0.5798762440681458,43.905584000000886,36.26805799999033,real_npy,0,1
342,/mnt/c/Users/Chirayu/Documents/GitHub/2D-to-3D-image-reconstruction/facescape_224/fsmview_trainset_3_7_jaw_forward_50.jpg,0.20314061641693115,0.19332437217235565,-0.0098162442445755,7.21761516854167,0.664741575717926,0.5307843089103699,0.5307843089103699,44.745004999995786,52.38766399999406,real_npy,0,1
343,/mnt/c/Users/Chirayu/Documents/GitHub/2D-to-3D-image-reconstruction/facescape_224/fsmview_trainset_11_7_jaw_forward_13.jpg,0.06756944209337234,0.069802425801754,0.002232983708381653,7.437341123819351,0.6398765444755554,0.45826804637908936,0.45826804637908936,43.60509899998988,50.36944700000845,real_npy,0,1
344,/mnt/c/Users/Chirayu/Documents/GitHub/2D-to-3D-image-reconstruction/facescape_224/fsmview_trainset_14_11_chin_raiser_29.jpg,0.13218821585178375,0.14156599342823029,0.009377777576446533,7.831436898559332,0.6515939235687256,0.32444021105766296,0.32444021105766296,49.415432000003534,42.43359699999871,real_npy,0,1
345,/mnt/c/Users/Chirayu/Documents/GitHub/2D-to-3D-image-reconstruction/facescape_224/fsmview_trainset_15_19_brow_raiser_22.jpg,0.037697114050388336,0.03831581398844719,0.0006186999380588531,7.092812351882458,0.6118485331535339,0.45958495140075684,0.45958495140075684,48.394684999991,42.025647000002664,real_npy,0,1
346,/mnt/c/Users/Chirayu/Documents/GitHub/2D-to-3D-image-reconstruction/facescape_224/fsmview_trainset_4_1_neutral_39.jpg,0.05322656407952309,0.04611922800540924,-0.007107336074113846,8.189692839980125,0.7188848853111267,0.3332628905773163,0.3332628905773163,38.55862800000409,54.04287199999658,real_npy,0,1
347,/mnt/c/Users/Chirayu/Documents/GitHub/2D-to-3D-image-reconstruction/facescape_224/fsmview_trainset_4_12_lip_puckerer_15.jpg,0.23124642670154572,0.2218089997768402,-0.009437426924705505,6.08963518217206,0.5693041086196899,0.43098679184913635,0.43098679184913635,45.89746499999592,45.239506000001484,real_npy,0,0
348,/mnt/c/Users/Chirayu/Documents/GitHub/2D-to-3D-image-reconstruction/facescape_224/fsmview_trainset_15_14_sadness_66.jpg,0.3859284222126007,0.4689740240573883,0.0830456018447876,9.649275697767735,0.8221781849861145,0.4715571999549866,0.4715571999549866,67.06703599999742,43.8469010000091,real_npy,0,1
349,/mnt/c/Users/Chirayu/Documents/GitHub/2D-to-3D-image-reconstruction/facescape_224/fsmview_trainset_8_9_mouth_right_49.jpg,0.17062295973300934,0.21993839740753174,0.0493154376745224,7.361138463020325,0.672980546951294,0.4868529438972473,0.4868529438972473,54.56952000000115,59.43069700001047,real_npy,0,1
350,/mnt/c/Users/Chirayu/Documents/GitHub/2D-to-3D-image-reconstruction/facescape_224/fsmview_trainset_6_2_smile_24.jpg,0.04826448857784271,0.04693444073200226,-0.001330047845840454,8.289423922076821,0.7147603034973145,0.3994881212711334,0.3994881212711334,78.12001900001064,39.795156000010934,real_npy,0,1
351,/mnt/c/Users/Chirayu/Documents/GitHub/2D-to-3D-image-reconstruction/facescape_224/fsmview_trainset_8_8_mouth_left_18.jpg,0.1182313784956932,0.12028346210718155,0.0020520836114883423,7.7139778435230255,0.7528142929077148,0.44735774397850037,0.44735774397850037,48.023243000002935,39.7235639999991,real_npy,0,1
352,/mnt/c/Users/Chirayu/Documents/GitHub/2D-to-3D-image-reconstruction/facescape_224/fsmview_trainset_11_16_grin_22.jpg,0.04294348880648613,0.0443020835518837,0.0013585947453975677,7.927835315465927,0.6556671261787415,0.4783419966697693,0.4783419966697693,63.341645000008384,38.240963999996325,real_npy,0,1
353,/mnt/c/Users/Chirayu/Documents/GitHub/2D-to-3D-image-reconstruction/facescape_224/fsmview_trainset_14_10_dimpler_38.jpg,0.06696963310241699,0.05137990042567253,-0.015589732676744461,7.685529381036758,0.6310915946960449,0.33879420161247253,0.33879420161247253,40.572199999999725,38.42906600000617,real_npy,0,1
354,/mnt/c/Users/Chirayu/Documents/GitHub/2D-to-3D-image-reconstruction/facescape_224/fsmview_trainset_1_11_chin_raiser_13.jpg,0.08649378269910812,0.0893167108297348,0.0028229281306266785,7.265508480370045,0.652991771697998,0.498416930437088,0.498416930437088,38.08927199999346,39.04811499999994,real_npy,0,1
355,/mnt/c/Users/Chirayu/Documents/GitHub/2D-to-3D-image-reconstruction/facescape_224/fsmview_trainset_7_4_anger_40.jpg,0.15087787806987762,0.1597716063261032,0.008893728256225586,6.601222515106201,0.6039895415306091,0.27548661828041077,0.27548661828041077,39.843593999989935,46.96368999999834,real_npy,0,1
356,/mnt/c/Users/Chirayu/Documents/GitHub/2D-to-3D-image-reconstruction/facescape_224/fsmview_trainset_13_12_lip_puckerer_43.jpg,0.07554003596305847,0.07653898745775223,0.000998951494693756,7.450515002012253,0.6687429547309875,0.41578465700149536,0.41578465700149536,48.81708099999571,41.33854100000178,real_npy,0,1
357,/mnt/c/Users/Chirayu/Documents/GitHub/2D-to-3D-image-reconstruction/facescape_224/fsmview_trainset_17_15_lip_roll_10.jpg,0.0488218292593956,0.050794921815395355,0.001973092555999756,8.267852075397968,0.7198646664619446,0.3012450039386749,0.3012450039386749,52.07970400000761,40.65436700000191,real_npy,0,1
358,/mnt/c/Users/Chirayu/Documents/GitHub/2D-to-3D-image-reconstruction/facescape_224/fsmview_trainset_1_19_brow_raiser_11.jpg,0.09502750635147095,0.08280833065509796,-0.012219175696372986,8.272496700286865,0.7563292384147644,0.3817848563194275,0.3817848563194275,50.62040499998943,46.66121500000031,real_npy,0,1
359,/mnt/c/Users/Chirayu/Documents/GitHub/2D-to-3D-image-reconstruction/facescape_224/fsmview_trainset_11_9_mouth_right_44.jpg,0.12743717432022095,0.13434258103370667,0.006905406713485718,8.149250611662865,0.7652360796928406,0.5733210444450378,0.5733210444450378,42.329227000010405,41.83808400000544,real_npy,0,1
360,/mnt/c/Users/Chirayu/Documents/GitHub/2D-to-3D-image-reconstruction/facescape_224/fsmview_trainset_1_6_jaw_right_54.jpg,0.07557915151119232,0.07708751410245895,0.001508362591266632,7.910106472671032,0.7684394121170044,0.32279807329177856,0.32279807329177856,43.73173000000463,51.82629499999791,real_npy,0,1
361,/mnt/c/Users/Chirayu/Documents/GitHub/2D-to-3D-image-reconstruction/facescape_224/fsmview_trainset_10_19_brow_raiser_46.jpg,0.11339050531387329,0.11862844973802567,0.005237944424152374,9.470044763758779,0.7804772853851318,0.3834877014160156,0.3834877014160156,38.29864300000452,49.2736040000068,real_npy,0,1
362,/mnt/c/Users/Chirayu/Documents/GitHub/2D-to-3D-image-reconstruction/facescape_224/fsmview_trainset_17_2_smile_48.jpg,0.2833974361419678,0.2735097110271454,-0.009887725114822388,7.31350920535624,0.6057409644126892,0.41824087500572205,0.41824087500572205,59.57793599999661,40.52043999999455,real_npy,0,1
363,/mnt/c/Users/Chirayu/Documents/GitHub/2D-to-3D-image-reconstruction/facescape_224/fsmview_trainset_20_16_grin_33.jpg,0.030767321586608887,0.07507917284965515,0.044311851263046265,6.737179722636938,0.6462733745574951,0.4676646590232849,0.4676646590232849,64.09105099999124,39.037272999991046,real_npy,0,1
364,/mnt/c/Users/Chirayu/Documents/GitHub/2D-to-3D-image-reconstruction/facescape_224/fsmview_trainset_20_3_mouth_stretch_7.jpg,1.0832456350326538,1.0205047130584717,-0.06274092197418213,6.187358316034079,0.6034899353981018,0.46431803703308105,0.46431803703308105,43.59772600000156,35.50035400000695,real_npy,0,0
365,/mnt/c/Users/Chirayu/Documents/GitHub/2D-to-3D-image-reconstruction/facescape_224/fsmview_trainset_11_15_lip_roll_56.jpg,0.05179072916507721,0.0547146238386631,0.0029238946735858917,9.272332645952702,0.7968929409980774,0.4518694579601288,0.4518694579601288,40.359530000003474,41.21708600000318,real_npy,0,1
366,/mnt/c/Users/Chirayu/Documents/GitHub/2D-to-3D-image-reconstruction/facescape_224/fsmview_trainset_4_15_lip_roll_33.jpg,0.02935110218822956,10.911110877990723,10.881759775802493,66.4953279569745,11.834396362304688,0.28584328293800354,0.28584328293800354,53.994751000004726,39.93037100001118,real_npy,1,1
367,/mnt/c/Users/Chirayu/Documents/GitHub/2D-to-3D-image-reconstruction/facescape_224/fsmview_trainset_20_5_jaw_left_8.jpg,0.13850507140159607,0.12217886000871658,-0.016326211392879486,8.413668237626553,0.7902613282203674,0.5357789397239685,0.5357789397239685,40.5758469999995,42.21635400000423,real_npy,0,1
368,/mnt/c/Users/Chirayu/Documents/GitHub/2D-to-3D-image-reconstruction/facescape_224/fsmview_trainset_10_2_smile_16.jpg,0.03773113712668419,0.0413760282099247,0.003644891083240509,7.682188488543034,0.6587165594100952,0.2809250056743622,0.2809250056743622,51.3321880000035,42.38904000000332,real_npy,0,1
369,/mnt/c/Users/Chirayu/Documents/GitHub/2D-to-3D-image-reconstruction/facescape_224/fsmview_trainset_6_7_jaw_forward_22.jpg,0.34255391359329224,0.3636775314807892,0.021123617887496948,6.536508664488792,0.5766046643257141,0.541290819644928,0.541290819644928,39.195461000005594,38.619238999999084,real_npy,0,1
370,/mnt/c/Users/Chirayu/Documents/GitHub/2D-to-3D-image-reconstruction/facescape_224/fsmview_trainset_5_18_eye_closed_38.jpg,0.04724949970841408,0.04851081222295761,0.0012613125145435333,7.533109702169895,0.6748675107955933,0.38077786564826965,0.38077786564826965,41.203270000011116,38.77173499999742,real_npy,0,1
371,/mnt/c/Users/Chirayu/Documents/GitHub/2D-to-3D-image-reconstruction/facescape_224/fsmview_trainset_8_1_neutral_42.jpg,0.06214882433414459,0.06175914406776428,-0.00038968026638031006,8.105015218257904,0.7392165660858154,0.3662024140357971,0.3662024140357971,49.390324000000874,39.77673300001072,real_npy,0,1
372,/mnt/c/Users/Chirayu/Documents/GitHub/2D-to-3D-image-reconstruction/facescape_224/fsmview_trainset_6_20_brow_lower_16.jpg,0.15165811777114868,0.16708965599536896,0.015431538224220276,7.978997532278299,0.7194033265113831,0.24736744165420532,0.24736744165420532,45.12004100000411,62.187503000004085,real_npy,0,1
373,/mnt/c/Users/Chirayu/Documents/GitHub/2D-to-3D-image-reconstruction/facescape_224/fsmview_trainset_6_10_dimpler_16.jpg,0.029821852222085,1.2020388841629028,1.1722170319408178,22.746225180104375,2.1623096466064453,0.28283917903900146,0.28283917903900146,38.43235600000128,49.82730999999774,real_npy,0,1
374,/mnt/c/Users/Chirayu/Documents/GitHub/2D-to-3D-image-reconstruction/facescape_224/fsmview_trainset_11_9_mouth_right_48.jpg,0.7549027800559998,0.6629690527915955,-0.0919337272644043,7.333588227629662,0.6186405420303345,0.5383922457695007,0.5383922457695007,56.91160599999989,57.20305699999528,real_npy,0,1
375,/mnt/c/Users/Chirayu/Documents/GitHub/2D-to-3D-image-reconstruction/facescape_224/fsmview_trainset_1_9_mouth_right_15.jpg,0.1829138547182083,0.18149633705615997,-0.0014175176620483398,7.476753376424313,0.645927369594574,0.4921194911003113,0.4921194911003113,44.40384000000108,39.1635799999932,real_npy,0,1
376,/mnt/c/Users/Chirayu/Documents/GitHub/2D-to-3D-image-reconstruction/facescape_224/fsmview_trainset_5_8_mouth_left_35.jpg,0.05141058936715126,0.05132380872964859,-8.678063750267029e-05,8.247943468391895,0.6979914903640747,0.39867767691612244,0.39867767691612244,46.76007300000151,48.789741000007325,real_npy,0,1
377,/mnt/c/Users/Chirayu/Documents/GitHub/2D-to-3D-image-reconstruction/facescape_224/fsmview_trainset_9_15_lip_roll_40.jpg,0.1742771416902542,0.1766948699951172,0.002417728304862976,7.498397324234247,0.6409361362457275,0.46144700050354004,0.46144700050354004,54.39996699999483,40.95860200000345,real_npy,0,1
378,/mnt/c/Users/Chirayu/Documents/GitHub/2D-to-3D-image-reconstruction/facescape_224/fsmview_trainset_15_2_smile_20.jpg,0.10532666742801666,0.11919733881950378,0.013870671391487122,7.301484897732735,0.6349188089370728,0.42274951934814453,0.42274951934814453,39.26973900000519,38.34366200000261,real_npy,0,1
379,/mnt/c/Users/Chirayu/Documents/GitHub/2D-to-3D-image-reconstruction/facescape_224/fsmview_trainset_2_20_brow_lower_8.jpg,0.05155153200030327,0.14939236640930176,0.09784083440899849,8.31195176532492,0.7505517601966858,0.4464970827102661,0.4464970827102661,70.36129600000152,42.20900800000038,real_npy,0,1
380,/mnt/c/Users/Chirayu/Documents/GitHub/2D-to-3D-image-reconstruction/facescape_224/fsmview_trainset_7_17_cheek_blowing_39.jpg,0.22008292376995087,0.19636642932891846,-0.02371649444103241,7.039976827800274,0.6278918385505676,0.5047426819801331,0.5047426819801331,45.14511099999652,40.237017999999125,real_npy,0,1
381,/mnt/c/Users/Chirayu/Documents/GitHub/2D-to-3D-image-reconstruction/facescape_224/fsmview_trainset_17_14_sadness_42.jpg,0.11372178047895432,0.179087296128273,0.0653655156493187,7.113109828904271,0.6171321868896484,0.43646955490112305,0.43646955490112305,46.9704519999965,43.96132099999761,real_npy,0,1
382,/mnt/c/Users/Chirayu/Documents/GitHub/2D-to-3D-image-reconstruction/facescape_224/fsmview_trainset_1_4_anger_20.jpg,0.04124016314744949,0.04117215424776077,-6.80088996887207e-05,8.453901048749685,0.7074347734451294,0.35333871841430664,0.35333871841430664,55.923915999997575,40.21817999999655,real_npy,0,1
383,/mnt/c/Users/Chirayu/Documents/GitHub/2D-to-3D-image-reconstruction/facescape_224/fsmview_trainset_10_10_dimpler_7.jpg,0.04051125422120094,0.04731615260243416,0.006804898381233215,7.418878845870495,0.6470947265625,0.22376170754432678,0.22376170754432678,43.08219700000393,41.137629999994374,real_npy,0,1
384,/mnt/c/Users/Chirayu/Documents/GitHub/2D-to-3D-image-reconstruction/facescape_224/fsmview_trainset_2_9_mouth_right_54.jpg,0.08396351337432861,0.08920495957136154,0.0052414461970329285,8.692490078508854,0.7680485248565674,0.4743451774120331,0.4743451774120331,58.71516900000984,42.08479500000806,real_npy,0,1
385,/mnt/c/Users/Chirayu/Documents/GitHub/2D-to-3D-image-reconstruction/facescape_224/fsmview_trainset_18_5_jaw_left_41.jpg,0.10299135744571686,0.1031431034207344,0.0001517459750175476,7.757656347006559,0.7025885581970215,0.49274033308029175,0.49274033308029175,47.15402600000118,41.56329500000311,real_npy,0,1
386,/mnt/c/Users/Chirayu/Documents/GitHub/2D-to-3D-image-reconstruction/facescape_224/fsmview_trainset_14_16_grin_35.jpg,0.047884080559015274,0.051008693873882294,0.0031246133148670197,8.627496475353837,0.7242658734321594,0.5433282852172852,0.5433282852172852,47.00471900000025,51.481081999995126,real_npy,0,1
387,/mnt/c/Users/Chirayu/Documents/GitHub/2D-to-3D-image-reconstruction/facescape_224/fsmview_trainset_17_15_lip_roll_35.jpg,0.05233631283044815,0.05219145491719246,-0.00014485791325569153,8.02641715016216,0.6911223530769348,0.39107444882392883,0.39107444882392883,42.12945099999388,56.34840499999427,real_npy,0,1
388,/mnt/c/Users/Chirayu/Documents/GitHub/2D-to-3D-image-reconstruction/facescape_224/fsmview_trainset_7_1_neutral_3.jpg,0.05665985867381096,0.052335549145936966,-0.004324309527873993,8.173773415386677,0.7725402116775513,0.38797545433044434,0.38797545433044434,48.71113999999466,49.81829100000823,real_npy,0,1
389,/mnt/c/Users/Chirayu/Documents/GitHub/2D-to-3D-image-reconstruction/facescape_224/fsmview_trainset_5_3_mouth_stretch_29.jpg,0.04363184794783592,0.046392954885959625,0.002761106938123703,7.881631676107645,0.7095821499824524,0.331966370344162,0.331966370344162,40.850564999999506,46.45874899999569,real_npy,0,1
390,/mnt/c/Users/Chirayu/Documents/GitHub/2D-to-3D-image-reconstruction/facescape_224/fsmview_trainset_10_19_brow_raiser_51.jpg,0.06265101581811905,0.0633588507771492,0.0007078349590301514,7.735210582613945,0.6690945625305176,0.37581896781921387,0.37581896781921387,38.42977799999403,39.67746600000055,real_npy,0,1
391,/mnt/c/Users/Chirayu/Documents/GitHub/2D-to-3D-image-reconstruction/facescape_224/fsmview_trainset_6_16_grin_23.jpg,0.041909847408533096,0.045422881841659546,0.0035130344331264496,7.6629607900977135,0.6315016150474548,0.29240792989730835,0.29240792989730835,39.080729000005476,64.49667300000783,real_npy,0,1
392,/mnt/c/Users/Chirayu/Documents/GitHub/2D-to-3D-image-reconstruction/facescape_224/fsmview_trainset_8_13_lip_funneler_50.jpg,0.04689637944102287,0.047126222401857376,0.00022984296083450317,7.700385615229607,0.6930574178695679,0.32296326756477356,0.32296326756477356,53.035426999997526,48.8408770000035,real_npy,0,1
393,/mnt/c/Users/Chirayu/Documents/GitHub/2D-to-3D-image-reconstruction/facescape_224/fsmview_trainset_5_13_lip_funneler_45.jpg,0.15469232201576233,0.13044337928295135,-0.024248942732810974,7.997912347316742,0.673157811164856,0.49051955342292786,0.49051955342292786,41.30415000000198,64.464497000003,real_npy,0,1
394,/mnt/c/Users/Chirayu/Documents/GitHub/2D-to-3D-image-reconstruction/facescape_224/fsmview_trainset_13_16_grin_9.jpg,0.105980284512043,0.09507595747709274,-0.010904327034950256,7.88618178665638,0.6792362928390503,0.4167385697364807,0.4167385697364807,40.878195999994205,36.918713999995134,real_npy,0,1
395,/mnt/c/Users/Chirayu/Documents/GitHub/2D-to-3D-image-reconstruction/facescape_224/fsmview_trainset_11_6_jaw_right_65.jpg,0.05059726908802986,12.335188865661621,12.284591596573591,69.99684602022171,13.450867652893066,0.4843273460865021,0.4843273460865021,45.406104999997865,38.260999000002016,real_npy,1,1
396,/mnt/c/Users/Chirayu/Documents/GitHub/2D-to-3D-image-reconstruction/facescape_224/fsmview_trainset_3_7_jaw_forward_32.jpg,0.04731704294681549,0.047932133078575134,0.0006150901317596436,8.01827061548829,0.6683301329612732,0.35414090752601624,0.35414090752601624,40.15117000000146,43.81744200000526,real_npy,0,1
397,/mnt/c/Users/Chirayu/Documents/GitHub/2D-to-3D-image-reconstruction/facescape_224/fsmview_trainset_2_3_mouth_stretch_9.jpg,0.07392667979001999,0.08449222147464752,0.010565541684627533,8.59080694615841,0.7764230370521545,0.41245704889297485,0.41245704889297485,40.52082799999823,43.27586500001246,real_npy,0,1
398,/mnt/c/Users/Chirayu/Documents/GitHub/2D-to-3D-image-reconstruction/facescape_224/fsmview_trainset_17_13_lip_funneler_29.jpg,0.0667559802532196,0.07083937525749207,0.004083395004272461,8.139831144362688,0.7076926231384277,0.2316301316022873,0.2316301316022873,42.974526999998375,43.08182799999827,real_npy,0,1
399,/mnt/c/Users/Chirayu/Documents/GitHub/2D-to-3D-image-reconstruction/facescape_224/fsmview_trainset_11_18_eye_closed_21.jpg,0.27427124977111816,0.28844955563545227,0.014178305864334106,8.3641272559762,0.6972097754478455,0.44286367297172546,0.44286367297172546,50.39748700001212,42.509034000005386,real_npy,0,1
400,/mnt/c/Users/Chirayu/Documents/GitHub/2D-to-3D-image-reconstruction/facescape_224/fsmview_trainset_13_3_mouth_stretch_40.jpg,0.03397570550441742,0.034108202904462814,0.0001324974000453949,7.149224318563938,0.6614980697631836,0.2729777693748474,0.2729777693748474,47.84966999999085,42.30503499999827,real_npy,0,1
401,/mnt/c/Users/Chirayu/Documents/GitHub/2D-to-3D-image-reconstruction/facescape_224/fsmview_trainset_19_11_chin_raiser_48.jpg,0.05617651715874672,0.057819806039333344,0.0016432888805866241,7.831526797264814,0.6689804196357727,0.3327157199382782,0.3327157199382782,51.04731599999468,39.98955899999146,real_npy,0,1
402,/mnt/c/Users/Chirayu/Documents/GitHub/2D-to-3D-image-reconstruction/facescape_224/fsmview_trainset_17_12_lip_puckerer_57.jpg,0.13420337438583374,0.14085231721401215,0.006648942828178406,8.62022753059864,0.716069221496582,0.36601266264915466,0.36601266264915466,57.1520769999978,64.56777900000077,real_npy,0,1
403,/mnt/c/Users/Chirayu/Documents/GitHub/2D-to-3D-image-reconstruction/facescape_224/fsmview_trainset_9_13_lip_funneler_2.jpg,0.09326906502246857,0.1077650785446167,0.014496013522148132,8.59747564420104,0.720151424407959,0.39435040950775146,0.39435040950775146,45.96649699999489,42.73188400000549,real_npy,0,1
404,/mnt/c/Users/Chirayu/Documents/GitHub/2D-to-3D-image-reconstruction/facescape_224/fsmview_trainset_13_17_cheek_blowing_2.jpg,0.07869629561901093,0.08268910646438599,0.003992810845375061,7.734123036265373,0.631568431854248,0.4751998782157898,0.4751998782157898,41.39666000000375,52.425812999999266,real_npy,0,1
405,/mnt/c/Users/Chirayu/Documents/GitHub/2D-to-3D-image-reconstruction/facescape_224/fsmview_trainset_2_6_jaw_right_15.jpg,0.04536832123994827,0.04724464938044548,0.0018763281404972076,8.579678324982524,0.7084640264511108,0.4291512668132782,0.4291512668132782,41.743143000005034,42.85979700000553,real_npy,0,1
406,/mnt/c/Users/Chirayu/Documents/GitHub/2D-to-3D-image-reconstruction/facescape_224/fsmview_trainset_6_11_chin_raiser_2.jpg,0.052552320063114166,0.05491619184613228,0.002363871783018112,8.434181913733482,0.7205758094787598,0.38796454668045044,0.38796454668045044,53.898627999998894,38.55666600000518,real_npy,0,1
407,/mnt/c/Users/Chirayu/Documents/GitHub/2D-to-3D-image-reconstruction/facescape_224/fsmview_trainset_6_4_anger_1.jpg,0.06018666550517082,0.05840206891298294,-0.0017845965921878815,7.7213874235749245,0.7147804498672485,0.36813560128211975,0.36813560128211975,38.032231000002525,39.062271999995346,real_npy,0,1
408,/mnt/c/Users/Chirayu/Documents/GitHub/2D-to-3D-image-reconstruction/facescape_224/fsmview_trainset_14_1_neutral_10.jpg,0.09977275133132935,0.10787424445152283,0.008101493120193481,8.095459789037704,0.6928354501724243,0.6043975353240967,0.6043975353240967,48.70136799999614,39.22220300000845,real_npy,0,1
409,/mnt/c/Users/Chirayu/Documents/GitHub/2D-to-3D-image-reconstruction/facescape_224/fsmview_trainset_16_19_brow_raiser_27.jpg,1.0409257411956787,1.0024515390396118,-0.038474202156066895,7.7846497148275375,0.6632904410362244,0.4407268166542053,0.4407268166542053,40.838886999992496,36.72818700000846,real_npy,0,1
410,/mnt/c/Users/Chirayu/Documents/GitHub/2D-to-3D-image-reconstruction/facescape_224/fsmview_trainset_17_4_anger_18.jpg,0.04299221932888031,0.04505271837115288,0.0020604990422725677,8.770304776262492,0.7166318893432617,0.3727159798145294,0.3727159798145294,41.591611000001194,45.391616999992834,real_npy,0,1
411,/mnt/c/Users/Chirayu/Documents/GitHub/2D-to-3D-image-reconstruction/facescape_224/fsmview_trainset_10_20_brow_lower_26.jpg,0.1803412288427353,0.2359883040189743,0.055647075176239014,6.732914112508297,0.7162588238716125,0.6248012185096741,0.6248012185096741,63.79978900000083,43.044722000004754,real_npy,0,1
412,/mnt/c/Users/Chirayu/Documents/GitHub/2D-to-3D-image-reconstruction/facescape_224/fsmview_trainset_12_17_cheek_blowing_15.jpg,0.044061288237571716,0.04317929968237877,-0.0008819885551929474,8.91482762992382,0.7755824327468872,0.3956418037414551,0.3956418037414551,54.46259800000064,40.874282000004314,real_npy,0,1
413,/mnt/c/Users/Chirayu/Documents/GitHub/2D-to-3D-image-reconstruction/facescape_224/fsmview_trainset_10_13_lip_funneler_16.jpg,0.056487392634153366,0.060149095952510834,0.0036617033183574677,7.499933607876301,0.6692537665367126,0.2840769290924072,0.2840769290924072,45.021851000001334,39.00248499999748,real_npy,0,1
414,/mnt/c/Users/Chirayu/Documents/GitHub/2D-to-3D-image-reconstruction/facescape_224/fsmview_trainset_3_2_smile_16.jpg,0.06742836534976959,0.06987672299146652,0.00244835764169693,8.365987692028284,0.7163680791854858,0.33039653301239014,0.33039653301239014,43.27182900000537,39.9641110000033,real_npy,0,1
415,/mnt/c/Users/Chirayu/Documents/GitHub/2D-to-3D-image-reconstruction/facescape_224/fsmview_trainset_4_14_sadness_50.jpg,0.04331149905920029,0.04495646059513092,0.0016449615359306335,8.336559645831585,0.6770942807197571,0.3232268989086151,0.3232268989086151,45.84022400000265,48.424062999998796,real_npy,0,1
416,/mnt/c/Users/Chirayu/Documents/GitHub/2D-to-3D-image-reconstruction/facescape_224/fsmview_trainset_14_13_lip_funneler_46.jpg,0.1801925003528595,0.183598130941391,0.003405630588531494,8.083160065114498,0.6382701396942139,0.6414470076560974,0.6414470076560974,37.325844999998026,39.51884399999983,real_npy,0,1
417,/mnt/c/Users/Chirayu/Documents/GitHub/2D-to-3D-image-reconstruction/facescape_224/fsmview_trainset_4_16_grin_54.jpg,0.03846145421266556,0.04078668728470802,0.002325233072042465,8.088205549865961,0.6809631586074829,0.19953884184360504,0.19953884184360504,46.39292500000636,47.53401400000712,real_npy,0,1
418,/mnt/c/Users/Chirayu/Documents/GitHub/2D-to-3D-image-reconstruction/facescape_224/fsmview_trainset_18_2_smile_8.jpg,0.04498053714632988,0.1355295330286026,0.09054899588227272,7.0192288011312485,0.6329008340835571,0.30695798993110657,0.30695798993110657,47.727058999996075,60.84060999999963,real_npy,0,1
419,/mnt/c/Users/Chirayu/Documents/GitHub/2D-to-3D-image-reconstruction/facescape_224/fsmview_trainset_11_12_lip_puckerer_52.jpg,0.456217885017395,0.3562031090259552,-0.10001477599143982,7.241961821913719,0.6513058543205261,0.5204474925994873,0.5204474925994873,48.008648000006815,35.12605699999938,real_npy,0,1
420,/mnt/c/Users/Chirayu/Documents/GitHub/2D-to-3D-image-reconstruction/facescape_224/fsmview_trainset_14_12_lip_puckerer_67.jpg,0.03888435289263725,0.038633108139038086,-0.00025124475359916687,8.334484979975969,0.6890168786048889,0.46781712770462036,0.46781712770462036,43.342632999994635,43.969181999997886,real_npy,0,1
421,/mnt/c/Users/Chirayu/Documents/GitHub/2D-to-3D-image-reconstruction/facescape_224/fsmview_trainset_14_17_cheek_blowing_66.jpg,0.8644842505455017,0.8700727224349976,0.00558847188949585,7.519118160009384,0.6773001551628113,0.466621071100235,0.466621071100235,39.21466100000259,36.37131199999999,real_npy,0,1
422,/mnt/c/Users/Chirayu/Documents/GitHub/2D-to-3D-image-reconstruction/facescape_224/fsmview_trainset_1_12_lip_puckerer_55.jpg,0.09537176787853241,0.11739048361778259,0.022018715739250183,8.472634956240654,0.743614673614502,0.29128560423851013,0.29128560423851013,51.122138000010864,53.52260799999442,real_npy,0,1
423,/mnt/c/Users/Chirayu/Documents/GitHub/2D-to-3D-image-reconstruction/facescape_224/fsmview_trainset_12_9_mouth_right_54.jpg,0.05370555818080902,0.04976598545908928,-0.003939572721719742,8.878715939819813,0.7457931041717529,0.484336793422699,0.484336793422699,43.69323600000996,39.93399299999112,real_npy,0,1
424,/mnt/c/Users/Chirayu/Documents/GitHub/2D-to-3D-image-reconstruction/facescape_224/fsmview_trainset_19_2_smile_37.jpg,0.12446101754903793,0.1522134691476822,0.027752451598644257,8.91657774336636,0.7594442963600159,0.40821054577827454,0.40821054577827454,47.978047000000856,48.19677499999386,real_npy,0,1
425,/mnt/c/Users/Chirayu/Documents/GitHub/2D-to-3D-image-reconstruction/facescape_224/fsmview_trainset_10_6_jaw_right_52.jpg,0.12373838573694229,0.11351166665554047,-0.010226719081401825,6.871706146746874,0.6519657969474792,0.4109300971031189,0.4109300971031189,37.115196000002015,47.93991300000755,real_npy,0,1
426,/mnt/c/Users/Chirayu/Documents/GitHub/2D-to-3D-image-reconstruction/facescape_224/fsmview_trainset_16_4_anger_50.jpg,0.04707774892449379,0.04842313006520271,0.0013453811407089233,8.012872818857431,0.6800334453582764,0.4240606427192688,0.4240606427192688,39.50731700000176,37.82354099999452,real_npy,0,1
427,/mnt/c/Users/Chirayu/Documents/GitHub/2D-to-3D-image-reconstruction/facescape_224/fsmview_trainset_20_17_cheek_blowing_3.jpg,0.5459942817687988,0.42226359248161316,-0.12373068928718567,7.547443572431803,0.7097595930099487,0.5751022100448608,0.5751022100448608,39.270362999999975,33.89628800000821,template_fallback,0,1
428,/mnt/c/Users/Chirayu/Documents/GitHub/2D-to-3D-image-reconstruction/facescape_224/fsmview_trainset_12_18_eye_closed_42.jpg,0.03999584540724754,0.03708825260400772,-0.0029075928032398224,8.209797166287899,0.6967064738273621,0.3253357708454132,0.3253357708454132,43.763252999994506,37.49843999999314,real_npy,0,1
429,/mnt/c/Users/Chirayu/Documents/GitHub/2D-to-3D-image-reconstruction/facescape_224/fsmview_trainset_20_3_mouth_stretch_41.jpg,0.04085518792271614,0.04274558648467064,0.0018903985619544983,7.487968470901251,0.7075757384300232,0.3967735767364502,0.3967735767364502,47.809814999993705,32.810611000002154,real_npy,0,1
430,/mnt/c/Users/Chirayu/Documents/GitHub/2D-to-3D-image-reconstruction/facescape_224/fsmview_trainset_17_11_chin_raiser_46.jpg,0.6765618920326233,0.6726890206336975,-0.0038728713989257812,7.568865902721882,0.6360704898834229,0.45976340770721436,0.45976340770721436,40.91521200000159,50.31384299999786,real_npy,0,1
431,/mnt/c/Users/Chirayu/Documents/GitHub/2D-to-3D-image-reconstruction/facescape_224/fsmview_trainset_20_16_grin_58.jpg,0.049611665308475494,0.05214757099747658,0.0025359056890010834,8.9624162055552,0.8017562627792358,0.39453205466270447,0.39453205466270447,41.31084200000146,36.56602599998848,real_npy,0,1
432,/mnt/c/Users/Chirayu/Documents/GitHub/2D-to-3D-image-reconstruction/facescape_224/fsmview_trainset_5_15_lip_roll_11.jpg,0.548263430595398,0.2295266091823578,-0.31873682141304016,6.762681774795055,0.751755952835083,0.5640919208526611,0.5640919208526611,37.905613999996035,36.825789000005216,real_npy,0,1
433,/mnt/c/Users/Chirayu/Documents/GitHub/2D-to-3D-image-reconstruction/facescape_224/fsmview_trainset_20_9_mouth_right_30.jpg,0.06330844014883041,0.0720600113272667,0.00875157117843628,7.640578795224428,0.6885877847671509,0.3150187134742737,0.3150187134742737,41.30497900000307,46.061213000001544,real_npy,0,1
434,/mnt/c/Users/Chirayu/Documents/GitHub/2D-to-3D-image-reconstruction/facescape_224/fsmview_trainset_11_20_brow_lower_34.jpg,0.03360486403107643,0.10184629261493683,0.0682414285838604,7.104794625192881,0.6932292580604553,0.5707105398178101,0.5707105398178101,38.968718000006675,45.41790899999398,real_npy,0,1
435,/mnt/c/Users/Chirayu/Documents/GitHub/2D-to-3D-image-reconstruction/facescape_224/fsmview_trainset_2_1_neutral_6.jpg,0.0899435505270958,0.10531321913003922,0.01536966860294342,8.690223149955273,0.7421916127204895,0.3931867480278015,0.3931867480278015,48.581456999997386,42.19850499998756,real_npy,0,1
436,/mnt/c/Users/Chirayu/Documents/GitHub/2D-to-3D-image-reconstruction/facescape_224/fsmview_trainset_10_5_jaw_left_6.jpg,0.049032412469387054,0.050145383924245834,0.00111297145485878,7.776033787056804,0.679999053478241,0.25825661420822144,0.25825661420822144,45.52703800000302,49.04165199999966,real_npy,0,1
437,/mnt/c/Users/Chirayu/Documents/GitHub/2D-to-3D-image-reconstruction/facescape_224/fsmview_trainset_1_2_smile_18.jpg,0.03924636170268059,0.03861032426357269,-0.0006360374391078949,8.349476001691073,0.6862668395042419,0.36477816104888916,0.36477816104888916,39.433752999997296,48.711768000003985,real_npy,0,1
438,/mnt/c/Users/Chirayu/Documents/GitHub/2D-to-3D-image-reconstruction/facescape_224/fsmview_trainset_3_3_mouth_stretch_46.jpg,0.11936130374670029,0.1152510941028595,-0.00411020964384079,8.126269787549973,0.7002867460250854,0.5117491483688354,0.5117491483688354,42.8118300000051,36.278943999988655,real_npy,0,1
439,/mnt/c/Users/Chirayu/Documents/GitHub/2D-to-3D-image-reconstruction/facescape_224/fsmview_trainset_16_3_mouth_stretch_24.jpg,0.04041468724608421,0.041577935218811035,0.001163247972726822,7.666784133762121,0.6697127223014832,0.3543473184108734,0.3543473184108734,47.77088600000923,42.789370000008375,real_npy,0,1
440,/mnt/c/Users/Chirayu/Documents/GitHub/2D-to-3D-image-reconstruction/facescape_224/fsmview_trainset_12_5_jaw_left_18.jpg,0.05458245053887367,0.04982781037688255,-0.004754640161991119,8.846084251999855,0.7234317660331726,0.5446250438690186,0.5446250438690186,45.93195500000036,38.29519399999981,real_npy,0,1
441,/mnt/c/Users/Chirayu/Documents/GitHub/2D-to-3D-image-reconstruction/facescape_224/fsmview_trainset_3_15_lip_roll_13.jpg,0.05905507504940033,0.05755338445305824,-0.0015016905963420868,8.302928613498807,0.7134215235710144,0.42553797364234924,0.42553797364234924,46.16884499999685,42.040224999993825,real_npy,0,1
442,/mnt/c/Users/Chirayu/Documents/GitHub/2D-to-3D-image-reconstruction/facescape_224/fsmview_trainset_9_1_neutral_1.jpg,0.07495512813329697,0.07489657402038574,-5.8554112911224365e-05,8.453615501523018,0.6854345202445984,0.40183931589126587,0.40183931589126587,48.7748799999963,46.63531199999227,real_npy,0,1
443,/mnt/c/Users/Chirayu/Documents/GitHub/2D-to-3D-image-reconstruction/facescape_224/fsmview_trainset_5_2_smile_15.jpg,0.03503824397921562,0.03831615298986435,0.0032779090106487274,8.186662007123232,0.694502592086792,0.38428184390068054,0.38428184390068054,48.297929000000295,33.21775499999546,real_npy,0,1
444,/mnt/c/Users/Chirayu/Documents/GitHub/2D-to-3D-image-reconstruction/facescape_224/fsmview_trainset_3_2_smile_38.jpg,0.05441568046808243,0.05742514505982399,0.003009464591741562,7.900359611958265,0.7283468246459961,0.41943129897117615,0.41943129897117615,48.582729000003155,41.28326500000412,real_npy,0,1
445,/mnt/c/Users/Chirayu/Documents/GitHub/2D-to-3D-image-reconstruction/facescape_224/fsmview_trainset_18_14_sadness_30.jpg,0.16891182959079742,0.18688878417015076,0.017976954579353333,7.633480068296194,0.6440470814704895,0.35737594962120056,0.35737594962120056,58.22602099999585,49.186277000004,real_npy,0,1
446,/mnt/c/Users/Chirayu/Documents/GitHub/2D-to-3D-image-reconstruction/facescape_224/fsmview_trainset_14_6_jaw_right_24.jpg,0.03453803062438965,0.035028405487537384,0.0004903748631477356,7.046886675059795,0.6067724227905273,0.44072696566581726,0.44072696566581726,45.526735999999346,40.20227499999862,real_npy,0,1
447,/mnt/c/Users/Chirayu/Documents/GitHub/2D-to-3D-image-reconstruction/facescape_224/fsmview_trainset_12_1_neutral_15.jpg,0.05460027605295181,0.050666648894548416,-0.003933627158403397,8.802690388634801,0.7242259979248047,0.5001314282417297,0.5001314282417297,51.966426000007004,36.957908999994515,real_npy,0,1
448,/mnt/c/Users/Chirayu/Documents/GitHub/2D-to-3D-image-reconstruction/facescape_224/fsmview_trainset_18_20_brow_lower_54.jpg,0.03641266003251076,0.0364161916077137,3.5315752029418945e-06,8.522192621603608,0.7075414061546326,0.3662188947200775,0.3662188947200775,41.151777999999695,41.06427099999621,real_npy,0,1
449,/mnt/c/Users/Chirayu/Documents/GitHub/2D-to-3D-image-reconstruction/facescape_224/fsmview_trainset_13_5_jaw_left_23.jpg,0.04181952029466629,0.03905967250466347,-0.002759847790002823,8.609981067478657,0.682959258556366,0.42399314045906067,0.42399314045906067,45.300940000004175,34.08251199999768,real_npy,0,1
450,/mnt/c/Users/Chirayu/Documents/GitHub/2D-to-3D-image-reconstruction/facescape_224/fsmview_trainset_5_3_mouth_stretch_47.jpg,0.07041821628808975,0.0755990669131279,0.005180850625038147,9.008193215355277,0.7438889145851135,0.460392028093338,0.460392028093338,41.718746000000806,39.90578699999503,real_npy,0,1
451,/mnt/c/Users/Chirayu/Documents/GitHub/2D-to-3D-image-reconstruction/facescape_224/fsmview_trainset_9_14_sadness_30.jpg,0.05249444395303726,0.05077529326081276,-0.0017191506922245026,8.059988895431161,0.6728692650794983,0.3368051052093506,0.3368051052093506,45.15771200000529,38.08707400000344,real_npy,0,1
452,/mnt/c/Users/Chirayu/Documents/GitHub/2D-to-3D-image-reconstruction/facescape_224/fsmview_trainset_6_7_jaw_forward_34.jpg,0.0433875247836113,0.048393864184617996,0.005006339401006699,8.106835268437862,0.6606692671775818,0.37545740604400635,0.37545740604400635,47.8798450000113,54.10503000000233,real_npy,0,1
453,/mnt/c/Users/Chirayu/Documents/GitHub/2D-to-3D-image-reconstruction/facescape_224/fsmview_trainset_20_15_lip_roll_20.jpg,0.2592570185661316,0.29341500997543335,0.03415799140930176,7.37443720549345,0.6315772533416748,0.34921538829803467,0.34921538829803467,46.49817199999973,36.363473999998064,real_npy,0,1
454,/mnt/c/Users/Chirayu/Documents/GitHub/2D-to-3D-image-reconstruction/facescape_224/fsmview_trainset_4_20_brow_lower_51.jpg,0.14981406927108765,0.13255484402179718,-0.017259225249290466,6.96752143651247,0.711113452911377,0.36281028389930725,0.36281028389930725,44.30665699999281,39.70697700000869,real_npy,0,1
455,/mnt/c/Users/Chirayu/Documents/GitHub/2D-to-3D-image-reconstruction/facescape_224/fsmview_trainset_11_1_neutral_59.jpg,0.0444362498819828,0.0556233786046505,0.011187128722667694,8.240652866661549,0.6766349673271179,0.4157955050468445,0.4157955050468445,39.479274000001396,39.649776999993946,real_npy,0,1
456,/mnt/c/Users/Chirayu/Documents/GitHub/2D-to-3D-image-reconstruction/facescape_224/fsmview_trainset_17_1_neutral_32.jpg,0.04725292697548866,0.050178661942481995,0.002925734966993332,8.247290071099997,0.7073558568954468,0.32235783338546753,0.32235783338546753,38.112643000005164,42.21759399999314,real_npy,0,1
457,/mnt/c/Users/Chirayu/Documents/GitHub/2D-to-3D-image-reconstruction/facescape_224/fsmview_trainset_14_13_lip_funneler_34.jpg,0.044139448553323746,0.051514219492673874,0.007374770939350128,7.79461382329464,0.7649411559104919,0.5101891756057739,0.5101891756057739,50.38370600000519,33.650538000003394,real_npy,0,1
458,/mnt/c/Users/Chirayu/Documents/GitHub/2D-to-3D-image-reconstruction/facescape_224/fsmview_trainset_15_9_mouth_right_40.jpg,0.05587547644972801,0.0654405876994133,0.009565111249685287,8.549537997692823,0.7149044275283813,0.6110203862190247,0.6110203862190247,38.90986799999041,42.5210859999936,real_npy,0,1
459,/mnt/c/Users/Chirayu/Documents/GitHub/2D-to-3D-image-reconstruction/facescape_224/fsmview_trainset_14_7_jaw_forward_25.jpg,0.035295844078063965,0.5469143986701965,0.5116185545921326,15.140159411355853,1.406266212463379,0.4829610586166382,0.4829610586166382,52.33615499999189,49.09732299999803,real_npy,0,1
460,/mnt/c/Users/Chirayu/Documents/GitHub/2D-to-3D-image-reconstruction/facescape_224/fsmview_trainset_2_3_mouth_stretch_22.jpg,0.8299474716186523,0.42504382133483887,-0.4049036502838135,7.409387830644846,0.7005729675292969,0.5800930857658386,0.5800930857658386,54.800864000000615,47.645837000004576,real_npy,0,1
461,/mnt/c/Users/Chirayu/Documents/GitHub/2D-to-3D-image-reconstruction/facescape_224/fsmview_trainset_6_11_chin_raiser_1.jpg,0.07466380298137665,0.07904578000307083,0.004381977021694183,8.29159240424633,0.7124264240264893,0.38675522804260254,0.38675522804260254,43.78732100001059,54.192502999995895,real_npy,0,1
462,/mnt/c/Users/Chirayu/Documents/GitHub/2D-to-3D-image-reconstruction/facescape_224/fsmview_trainset_5_15_lip_roll_4.jpg,0.057616107165813446,0.04816778749227524,-0.009448319673538208,7.825615871697664,0.7113522291183472,0.29607126116752625,0.29607126116752625,49.85375100000056,35.91656700000101,real_npy,0,1
463,/mnt/c/Users/Chirayu/Documents/GitHub/2D-to-3D-image-reconstruction/facescape_224/fsmview_trainset_20_20_brow_lower_19.jpg,0.04171858727931976,0.04213777557015419,0.0004191882908344269,7.752289801836014,0.6507563591003418,0.4896034598350525,0.4896034598350525,71.75985400000684,64.45194100000151,real_npy,0,1
464,/mnt/c/Users/Chirayu/Documents/GitHub/2D-to-3D-image-reconstruction/facescape_224/fsmview_trainset_18_19_brow_raiser_56.jpg,0.06127320975065231,0.07129020243883133,0.010016992688179016,8.266053210943937,0.7282842397689819,0.3188028633594513,0.3188028633594513,45.57950999999605,68.3450379999897,real_npy,0,1
465,/mnt/c/Users/Chirayu/Documents/GitHub/2D-to-3D-image-reconstruction/facescape_224/fsmview_trainset_9_17_cheek_blowing_5.jpg,0.0480484776198864,0.04975558817386627,0.0017071105539798737,7.64345284178853,0.6847975254058838,0.35522815585136414,0.35522815585136414,53.867593000006764,39.860664000002544,real_npy,0,1
466,/mnt/c/Users/Chirayu/Documents/GitHub/2D-to-3D-image-reconstruction/facescape_224/fsmview_trainset_3_17_cheek_blowing_13.jpg,0.06404272466897964,0.059654880315065384,-0.004387844353914261,8.577350047416985,0.7086204886436462,0.4319021701812744,0.4319021701812744,38.47639100000322,44.58734100001038,real_npy,0,1
467,/mnt/c/Users/Chirayu/Documents/GitHub/2D-to-3D-image-reconstruction/facescape_224/fsmview_trainset_7_17_cheek_blowing_31.jpg,0.11814536899328232,0.12258344888687134,0.00443807989358902,7.569195955991745,0.6467426419258118,0.4911363422870636,0.4911363422870636,41.45814600001074,46.15041499999961,real_npy,0,1
468,/mnt/c/Users/Chirayu/Documents/GitHub/2D-to-3D-image-reconstruction/facescape_224/fsmview_trainset_20_13_lip_funneler_29.jpg,0.0679168626666069,0.0771179050207138,0.009201042354106903,7.894215859472752,0.7033933997154236,0.32081013917922974,0.32081013917922974,39.82894499999645,51.46934900000133,real_npy,0,1
469,/mnt/c/Users/Chirayu/Documents/GitHub/2D-to-3D-image-reconstruction/facescape_224/fsmview_trainset_15_6_jaw_right_22.jpg,0.03464030846953392,0.03449273109436035,-0.00014757737517356873,6.995170503854752,0.5888320803642273,0.513390839099884,0.513390839099884,36.065109000006146,32.03833399999212,real_npy,0,1
470,/mnt/c/Users/Chirayu/Documents/GitHub/2D-to-3D-image-reconstruction/facescape_224/fsmview_trainset_4_14_sadness_48.jpg,0.09137469530105591,0.09166914224624634,0.0002944469451904297,7.7996818870306015,0.7637834548950195,0.30598610639572144,0.30598610639572144,42.299939999992375,40.7151490000075,real_npy,0,1
471,/mnt/c/Users/Chirayu/Documents/GitHub/2D-to-3D-image-reconstruction/facescape_224/fsmview_trainset_19_16_grin_57.jpg,0.3034314215183258,0.3090767562389374,0.005645334720611572,7.178216762840748,0.6474252343177795,0.269451379776001,0.269451379776001,38.73252900000068,35.92415400001414,real_npy,0,1
472,/mnt/c/Users/Chirayu/Documents/GitHub/2D-to-3D-image-reconstruction/facescape_224/fsmview_trainset_17_13_lip_funneler_52.jpg,0.28607577085494995,0.2836543917655945,-0.0024213790893554688,7.4888701513409615,0.6502879858016968,0.4326638877391815,0.4326638877391815,42.292993000003776,39.40389000000266,real_npy,0,1
473,/mnt/c/Users/Chirayu/Documents/GitHub/2D-to-3D-image-reconstruction/facescape_224/fsmview_trainset_6_15_lip_roll_11.jpg,0.31282737851142883,0.3099822998046875,-0.002845078706741333,6.112369544804096,0.5660973191261292,0.5274311304092407,0.5274311304092407,42.10085600000468,42.15210799999625,real_npy,0,0
474,/mnt/c/Users/Chirayu/Documents/GitHub/2D-to-3D-image-reconstruction/facescape_224/fsmview_trainset_17_10_dimpler_4.jpg,0.09221305698156357,0.09845753759145737,0.006244480609893799,9.118981502950191,0.7356715798377991,0.40572527050971985,0.40572527050971985,40.538343999998006,43.30509900000834,real_npy,0,1
475,/mnt/c/Users/Chirayu/Documents/GitHub/2D-to-3D-image-reconstruction/facescape_224/fsmview_trainset_3_2_smile_26.jpg,0.03444155678153038,0.036887794733047485,0.002446237951517105,7.874349273741245,0.6632786393165588,0.33476126194000244,0.33476126194000244,40.00781599999925,44.62242500000002,real_npy,0,1
476,/mnt/c/Users/Chirayu/Documents/GitHub/2D-to-3D-image-reconstruction/facescape_224/fsmview_trainset_18_20_brow_lower_5.jpg,0.05490560457110405,0.05751972272992134,0.0026141181588172913,8.263642191886902,0.6932650804519653,0.3360166549682617,0.3360166549682617,38.460444999998344,56.37063999999725,real_npy,0,1
477,/mnt/c/Users/Chirayu/Documents/GitHub/2D-to-3D-image-reconstruction/facescape_224/fsmview_trainset_3_19_brow_raiser_28.jpg,0.03601459041237831,0.03554508835077286,-0.0004695020616054535,7.598423283547163,0.6458327174186707,0.2784073054790497,0.2784073054790497,40.40893200000539,39.55816699999559,real_npy,0,1
478,/mnt/c/Users/Chirayu/Documents/GitHub/2D-to-3D-image-reconstruction/facescape_224/fsmview_trainset_17_12_lip_puckerer_54.jpg,0.3500687777996063,0.3419782519340515,-0.00809052586555481,7.766488704830408,0.6836323738098145,0.4240695834159851,0.4240695834159851,38.450056000002064,53.05511699999954,real_npy,0,1
479,/mnt/c/Users/Chirayu/Documents/GitHub/2D-to-3D-image-reconstruction/facescape_224/fsmview_trainset_20_11_chin_raiser_26.jpg,0.035129450261592865,0.038821764290332794,0.003692314028739929,7.990112150087953,0.6713535189628601,0.4331682026386261,0.4331682026386261,48.32679300000109,42.63942000000043,real_npy,0,1
480,/mnt/c/Users/Chirayu/Documents/GitHub/2D-to-3D-image-reconstruction/facescape_224/fsmview_trainset_2_18_eye_closed_30.jpg,0.08136364817619324,0.08481032401323318,0.0034466758370399475,8.939144928008318,0.7503833770751953,0.38011112809181213,0.38011112809181213,39.90904399999806,41.789552000011554,real_npy,0,1
481,/mnt/c/Users/Chirayu/Documents/GitHub/2D-to-3D-image-reconstruction/facescape_224/fsmview_trainset_11_15_lip_roll_60.jpg,0.6515682935714722,0.6712957620620728,0.019727468490600586,7.870061933994293,0.6768016219139099,0.5231847763061523,0.5231847763061523,46.318151000008356,42.315658000006806,real_npy,0,1
482,/mnt/c/Users/Chirayu/Documents/GitHub/2D-to-3D-image-reconstruction/facescape_224/fsmview_trainset_3_15_lip_roll_19.jpg,0.05185142159461975,0.0544327013194561,0.0025812797248363495,8.21495715342462,0.6964383125305176,0.35077589750289917,0.35077589750289917,56.69024300000558,35.40849600000229,real_npy,0,1
483,/mnt/c/Users/Chirayu/Documents/GitHub/2D-to-3D-image-reconstruction/facescape_224/fsmview_trainset_14_9_mouth_right_26.jpg,0.05026380345225334,0.058163952082395554,0.007900148630142212,7.847113082185388,0.7297733426094055,0.48394638299942017,0.48394638299942017,39.259750999988796,36.373738999998295,real_npy,0,1
484,/mnt/c/Users/Chirayu/Documents/GitHub/2D-to-3D-image-reconstruction/facescape_224/fsmview_trainset_15_18_eye_closed_30.jpg,0.12709052860736847,0.13942009210586548,0.01232956349849701,7.882431611418724,0.6460568308830261,0.4221703112125397,0.4221703112125397,52.25377900001149,41.52071599999374,real_npy,0,1
485,/mnt/c/Users/Chirayu/Documents/GitHub/2D-to-3D-image-reconstruction/facescape_224/fsmview_trainset_14_7_jaw_forward_31.jpg,0.03131257742643356,1.7730499505996704,1.7417373731732368,27.94681106507778,2.919933795928955,0.43383410573005676,0.43383410573005676,43.39001000001019,62.192980999995484,real_npy,0,1
486,/mnt/c/Users/Chirayu/Documents/GitHub/2D-to-3D-image-reconstruction/facescape_224/fsmview_trainset_14_2_smile_49.jpg,0.82613205909729,0.7427637577056885,-0.08336830139160156,7.8600910268723965,0.6843927502632141,0.578789234161377,0.578789234161377,45.438901000011356,38.37223300000403,real_npy,0,1
487,/mnt/c/Users/Chirayu/Documents/GitHub/2D-to-3D-image-reconstruction/facescape_224/fsmview_trainset_20_18_eye_closed_29.jpg,0.1669829934835434,0.17245115339756012,0.005468159914016724,7.6984356343746185,0.641251266002655,0.3341212868690491,0.3341212868690491,50.46047700000145,37.01225400000396,real_npy,0,1
488,/mnt/c/Users/Chirayu/Documents/GitHub/2D-to-3D-image-reconstruction/facescape_224/fsmview_trainset_8_14_sadness_15.jpg,0.1631873995065689,0.15167200565338135,-0.011515393853187561,7.899787917733192,0.663960874080658,0.4165508449077606,0.4165508449077606,49.05332100000237,35.83219099999724,real_npy,0,1
489,/mnt/c/Users/Chirayu/Documents/GitHub/2D-to-3D-image-reconstruction/facescape_224/fsmview_trainset_13_9_mouth_right_13.jpg,0.05034056678414345,1.2857955694198608,1.2354550026357174,20.544734437018633,2.329904556274414,0.46335259079933167,0.46335259079933167,44.961240999995766,60.3398710000107,real_npy,0,1
490,/mnt/c/Users/Chirayu/Documents/GitHub/2D-to-3D-image-reconstruction/facescape_224/fsmview_trainset_1_13_lip_funneler_6.jpg,0.03770573437213898,0.04056958109140396,0.002863846719264984,7.849035551771522,0.705780565738678,0.2709927260875702,0.2709927260875702,39.16924499999652,36.3677809999956,real_npy,0,1
491,/mnt/c/Users/Chirayu/Documents/GitHub/2D-to-3D-image-reconstruction/facescape_224/fsmview_trainset_11_12_lip_puckerer_33.jpg,0.036669403314590454,0.4508683979511261,0.41419899463653564,14.260746637359262,1.301125168800354,0.5236365795135498,0.5236365795135498,47.033329000001345,41.5179020000096,real_npy,0,1
492,/mnt/c/Users/Chirayu/Documents/GitHub/2D-to-3D-image-reconstruction/facescape_224/fsmview_trainset_6_10_dimpler_30.jpg,0.04833786562085152,0.04364774748682976,-0.004690118134021759,8.08471854403615,0.6730246543884277,0.41863951086997986,0.41863951086997986,41.590319999997405,43.166545000005385,real_npy,0,1
493,/mnt/c/Users/Chirayu/Documents/GitHub/2D-to-3D-image-reconstruction/facescape_224/fsmview_trainset_6_18_eye_closed_36.jpg,0.09264594316482544,0.10244639962911606,0.009800456464290619,8.029159631580114,0.6931783556938171,0.34383225440979004,0.34383225440979004,48.33631900000057,43.2227040000015,real_npy,0,1
494,/mnt/c/Users/Chirayu/Documents/GitHub/2D-to-3D-image-reconstruction/facescape_224/fsmview_trainset_9_7_jaw_forward_14.jpg,0.037496358156204224,0.03712926059961319,-0.00036709755659103394,7.829003354534507,0.6862381100654602,0.3597376048564911,0.3597376048564911,60.2950600000014,41.81803399998785,real_npy,0,1
495,/mnt/c/Users/Chirayu/Documents/GitHub/2D-to-3D-image-reconstruction/facescape_224/fsmview_trainset_13_11_chin_raiser_15.jpg,0.043661560863256454,0.047010667622089386,0.0033491067588329315,8.509752265643328,0.7146012783050537,0.3886965811252594,0.3886965811252594,49.605009000003975,40.00630100000535,real_npy,0,1
496,/mnt/c/Users/Chirayu/Documents/GitHub/2D-to-3D-image-reconstruction/facescape_224/fsmview_trainset_18_8_mouth_left_33.jpg,0.036774806678295135,0.03758988529443741,0.000815078616142273,8.64999271929264,0.7214714288711548,0.41223883628845215,0.41223883628845215,60.18163400000276,35.40772499999889,real_npy,0,1
497,/mnt/c/Users/Chirayu/Documents/GitHub/2D-to-3D-image-reconstruction/facescape_224/fsmview_trainset_12_15_lip_roll_49.jpg,0.2190154492855072,0.23703491687774658,0.01801946759223938,7.28014113008976,0.6341028213500977,0.4690704345703125,0.4690704345703125,39.2575629999925,39.65007600000092,real_npy,0,1
498,/mnt/c/Users/Chirayu/Documents/GitHub/2D-to-3D-image-reconstruction/facescape_224/fsmview_trainset_14_3_mouth_stretch_16.jpg,0.08733634650707245,0.1380670666694641,0.05073072016239166,7.352863617241383,0.6838828325271606,0.4626448154449463,0.4626448154449463,55.31642900000122,39.728765999996085,real_npy,0,1
499,/mnt/c/Users/Chirayu/Documents/GitHub/2D-to-3D-image-reconstruction/facescape_224/fsmview_trainset_14_12_lip_puckerer_65.jpg,0.05641213059425354,0.05836701765656471,0.0019548870623111725,9.09864330664277,0.8165971636772156,0.4432125389575958,0.4432125389575958,46.95972100000745,40.15320300000269,real_npy,0,1
500,/mnt/c/Users/Chirayu/Documents/GitHub/2D-to-3D-image-reconstruction/facescape_224/fsmview_trainset_16_6_jaw_right_10.jpg,0.031137200072407722,0.033005986362695694,0.0018687862902879715,7.747105274349451,0.653609573841095,0.3067227900028229,0.3067227900028229,39.64697799999328,36.80975499999306,real_npy,0,1
501,/mnt/c/Users/Chirayu/Documents/GitHub/2D-to-3D-image-reconstruction/facescape_224/fsmview_trainset_15_5_jaw_left_11.jpg,0.13336795568466187,0.16901908814907074,0.035651132464408875,8.24203585088253,0.7331376075744629,0.5511730909347534,0.5511730909347534,40.361046999990435,42.34389500000191,real_npy,0,1
502,/mnt/c/Users/Chirayu/Documents/GitHub/2D-to-3D-image-reconstruction/facescape_224/fsmview_trainset_4_5_jaw_left_25.jpg,0.03703279793262482,0.05070094019174576,0.013668142259120941,7.724832793697715,0.6477628946304321,0.2990436851978302,0.2990436851978302,45.97134899999844,61.216095999995446,real_npy,0,1
503,/mnt/c/Users/Chirayu/Documents/GitHub/2D-to-3D-image-reconstruction/facescape_224/fsmview_trainset_1_17_cheek_blowing_11.jpg,0.10113576054573059,0.08855923265218735,-0.012576527893543243,8.040280226618052,0.7459805607795715,0.3878903090953827,0.3878903090953827,46.53190300000176,38.24790000000178,real_npy,0,1
504,/mnt/c/Users/Chirayu/Documents/GitHub/2D-to-3D-image-reconstruction/facescape_224/fsmview_trainset_16_18_eye_closed_33.jpg,0.03679945692420006,0.03949352353811264,0.0026940666139125824,8.28095768019557,0.6844878792762756,0.3876514434814453,0.3876514434814453,48.75966000000176,50.35002599998961,real_npy,0,1
505,/mnt/c/Users/Chirayu/Documents/GitHub/2D-to-3D-image-reconstruction/facescape_224/fsmview_trainset_15_18_eye_closed_11.jpg,0.1164461299777031,0.17929407954216003,0.06284794956445694,8.645902786403894,0.7311791777610779,0.5699161291122437,0.5699161291122437,53.63915300000599,40.061204999986444,real_npy,0,1
506,/mnt/c/Users/Chirayu/Documents/GitHub/2D-to-3D-image-reconstruction/facescape_224/fsmview_trainset_19_16_grin_36.jpg,0.03722298890352249,0.04266898334026337,0.005445994436740875,8.329761568456888,0.7295483946800232,0.3353250026702881,0.3353250026702881,38.40017100000637,42.46982300000468,real_npy,0,1
507,/mnt/c/Users/Chirayu/Documents/GitHub/2D-to-3D-image-reconstruction/facescape_224/fsmview_trainset_20_10_dimpler_28.jpg,0.08706273138523102,0.08598437160253525,-0.0010783597826957703,8.198488619178534,0.6762608289718628,0.4883582592010498,0.4883582592010498,46.3816219999984,40.41634399999339,real_npy,0,1
508,/mnt/c/Users/Chirayu/Documents/GitHub/2D-to-3D-image-reconstruction/facescape_224/fsmview_trainset_10_1_neutral_55.jpg,0.11467728763818741,0.11869809031486511,0.004020802676677704,7.377841699868441,0.6951567530632019,0.30659323930740356,0.30659323930740356,46.516343999996934,35.92294999999979,real_npy,0,1
509,/mnt/c/Users/Chirayu/Documents/GitHub/2D-to-3D-image-reconstruction/facescape_224/fsmview_trainset_1_9_mouth_right_54.jpg,0.03465878963470459,0.28325220942497253,0.24859341979026794,11.737128835637122,1.0021007061004639,0.3046026825904846,0.3046026825904846,39.23757700000863,48.46809800000074,real_npy,0,1
510,/mnt/c/Users/Chirayu/Documents/GitHub/2D-to-3D-image-reconstruction/facescape_224/fsmview_trainset_5_19_brow_raiser_15.jpg,0.03306698799133301,0.1712697148323059,0.1382027268409729,9.375753602478653,0.7896028757095337,0.38292524218559265,0.38292524218559265,39.295891000008965,38.38740300000154,real_npy,0,1
511,/mnt/c/Users/Chirayu/Documents/GitHub/2D-to-3D-image-reconstruction/facescape_224/fsmview_trainset_2_6_jaw_right_2.jpg,0.21341831982135773,0.198868989944458,-0.01454932987689972,8.360815115272999,0.7570478320121765,0.4783596992492676,0.4783596992492676,49.43288799999834,40.194446000000994,real_npy,0,1
512,/mnt/c/Users/Chirayu/Documents/GitHub/2D-to-3D-image-reconstruction/facescape_224/fsmview_trainset_12_6_jaw_right_25.jpg,0.8033702969551086,0.6719239354133606,-0.13144636154174805,8.071570189669728,0.69728022813797,0.5277134776115417,0.5277134776115417,40.08082999999374,41.16875999999081,real_npy,0,1
513,/mnt/c/Users/Chirayu/Documents/GitHub/2D-to-3D-image-reconstruction/facescape_224/fsmview_trainset_6_10_dimpler_26.jpg,0.04808133468031883,0.04788574203848839,-0.00019559264183044434,8.025533180683851,0.6832302808761597,0.3674190044403076,0.3674190044403076,50.45349099999896,44.047794999997336,real_npy,0,1
514,/mnt/c/Users/Chirayu/Documents/GitHub/2D-to-3D-image-reconstruction/facescape_224/fsmview_trainset_13_7_jaw_forward_16.jpg,0.05314032360911369,0.048998862504959106,-0.004141461104154587,8.565147433429956,0.7194002866744995,0.4147831201553345,0.4147831201553345,48.480765000007864,48.999604999991675,real_npy,0,1
515,/mnt/c/Users/Chirayu/Documents/GitHub/2D-to-3D-image-reconstruction/facescape_224/fsmview_trainset_19_8_mouth_left_39.jpg,0.1031777411699295,0.10908683389425278,0.005909092724323273,8.84134541451931,0.7496153712272644,0.37238335609436035,0.37238335609436035,41.745140999992714,46.07714400000873,real_npy,0,1
516,/mnt/c/Users/Chirayu/Documents/GitHub/2D-to-3D-image-reconstruction/facescape_224/fsmview_trainset_20_18_eye_closed_28.jpg,0.07886595278978348,0.07926500588655472,0.00039905309677124023,8.012070555239916,0.667534351348877,0.48619887232780457,0.48619887232780457,42.15764399999955,47.54966900000568,real_npy,0,1
517,/mnt/c/Users/Chirayu/Documents/GitHub/2D-to-3D-image-reconstruction/facescape_224/fsmview_trainset_9_19_brow_raiser_28.jpg,0.05908695235848427,0.07532552629709244,0.01623857393860817,8.344546779990196,0.6794339418411255,0.2716761827468872,0.2716761827468872,49.04733700000463,52.06229200000223,real_npy,0,1
518,/mnt/c/Users/Chirayu/Documents/GitHub/2D-to-3D-image-reconstruction/facescape_224/fsmview_trainset_19_16_grin_8.jpg,0.042559076100587845,0.05780534818768501,0.015246272087097168,8.741687005385756,0.773243248462677,0.22704382240772247,0.22704382240772247,43.93522099999814,37.342663000003995,real_npy,0,1
519,/mnt/c/Users/Chirayu/Documents/GitHub/2D-to-3D-image-reconstruction/facescape_224/fsmview_trainset_12_1_neutral_43.jpg,0.1293327659368515,0.13563032448291779,0.006297558546066284,7.592371083796024,0.6580542922019958,0.47617223858833313,0.47617223858833313,49.26181400000473,52.53175200000726,real_npy,0,1
520,/mnt/c/Users/Chirayu/Documents/GitHub/2D-to-3D-image-reconstruction/facescape_224/fsmview_trainset_9_12_lip_puckerer_54.jpg,0.07234726846218109,0.07016099244356155,-0.0021862760186195374,7.7242307513952255,0.669632613658905,0.4572223424911499,0.4572223424911499,48.10259499998892,34.084780999990016,real_npy,0,1
521,/mnt/c/Users/Chirayu/Documents/GitHub/2D-to-3D-image-reconstruction/facescape_224/fsmview_trainset_13_7_jaw_forward_52.jpg,0.07400030642747879,0.06833294034004211,-0.005667366087436676,8.522645190358162,0.7100045680999756,0.38808730244636536,0.38808730244636536,53.88058300000864,39.97641200000146,real_npy,0,1
522,/mnt/c/Users/Chirayu/Documents/GitHub/2D-to-3D-image-reconstruction/facescape_224/fsmview_trainset_20_6_jaw_right_6.jpg,0.40045756101608276,0.40874654054641724,0.008288979530334473,6.8809839859604836,0.6790176630020142,0.5939916372299194,0.5939916372299194,47.68102899998894,35.300518999989094,real_npy,0,1
523,/mnt/c/Users/Chirayu/Documents/GitHub/2D-to-3D-image-reconstruction/facescape_224/fsmview_trainset_19_17_cheek_blowing_27.jpg,0.7870259881019592,0.7242661714553833,-0.06275981664657593,8.266063276678324,0.7442009449005127,0.38959434628486633,0.38959434628486633,41.922151999997936,47.40267900000106,real_npy,0,1
524,/mnt/c/Users/Chirayu/Documents/GitHub/2D-to-3D-image-reconstruction/facescape_224/fsmview_trainset_1_2_smile_24.jpg,0.06686750799417496,0.06972122937440872,0.0028537213802337646,8.036107122898102,0.7395029664039612,0.48433855175971985,0.48433855175971985,46.36402299999531,39.6077980000058,real_npy,0,1
525,/mnt/c/Users/Chirayu/Documents/GitHub/2D-to-3D-image-reconstruction/facescape_224/fsmview_trainset_14_15_lip_roll_20.jpg,0.05106924846768379,0.05103745311498642,-3.1795352697372437e-05,7.204966649413109,0.6400590538978577,0.3034943640232086,0.3034943640232086,46.81069000000093,34.937684999988505,real_npy,0,1
526,/mnt/c/Users/Chirayu/Documents/GitHub/2D-to-3D-image-reconstruction/facescape_224/fsmview_trainset_7_5_jaw_left_18.jpg,0.03513382375240326,0.03530539572238922,0.00017157196998596191,8.075400750152767,0.6633927226066589,0.41949185729026794,0.41949185729026794,37.47225100001117,45.80733200000964,real_npy,0,1
527,/mnt/c/Users/Chirayu/Documents/GitHub/2D-to-3D-image-reconstruction/facescape_224/fsmview_trainset_12_18_eye_closed_39.jpg,0.07272226363420486,0.07588513940572739,0.003162875771522522,8.226204946637154,0.6974846124649048,0.46277081966400146,0.46277081966400146,47.160815000012235,37.000541999987036,real_npy,0,1
528,/mnt/c/Users/Chirayu/Documents/GitHub/2D-to-3D-image-reconstruction/facescape_224/fsmview_trainset_1_11_chin_raiser_42.jpg,0.10998372733592987,0.1106981560587883,0.000714428722858429,8.146856628358364,0.7143011093139648,0.4522884488105774,0.4522884488105774,51.7674369999952,39.50094100000001,real_npy,0,1
529,/mnt/c/Users/Chirayu/Documents/GitHub/2D-to-3D-image-reconstruction/facescape_224/fsmview_trainset_14_1_neutral_38.jpg,0.054709140211343765,0.049738559871912,-0.004970580339431763,7.4875178784132,0.6249262690544128,0.3317272663116455,0.3317272663116455,47.26264600000718,47.738398999996434,real_npy,0,1
530,/mnt/c/Users/Chirayu/Documents/GitHub/2D-to-3D-image-reconstruction/facescape_224/fsmview_trainset_8_17_cheek_blowing_33.jpg,0.0304032564163208,0.031967390328645706,0.0015641339123249054,7.8963207844644785,0.6652975678443909,0.2874932885169983,0.2874932885169983,47.21244600000318,42.50464499999396,real_npy,0,1
531,/mnt/c/Users/Chirayu/Documents/GitHub/2D-to-3D-image-reconstruction/facescape_224/fsmview_trainset_17_20_brow_lower_46.jpg,0.1446513831615448,0.14481103420257568,0.0001596510410308838,8.42477579973638,0.7459665536880493,0.4333338439464569,0.4333338439464569,36.794048999993834,39.850280999999654,real_npy,0,1
532,/mnt/c/Users/Chirayu/Documents/GitHub/2D-to-3D-image-reconstruction/facescape_224/fsmview_trainset_18_20_brow_lower_24.jpg,0.034996598958969116,0.03471989557147026,-0.0002767033874988556,8.217639660462737,0.7027854919433594,0.4116453230381012,0.4116453230381012,45.096619000005944,44.34415200000785,real_npy,0,1
533,/mnt/c/Users/Chirayu/Documents/GitHub/2D-to-3D-image-reconstruction/facescape_224/fsmview_trainset_20_3_mouth_stretch_58.jpg,0.07664467394351959,0.07431793957948685,-0.0023267343640327454,8.388828501105309,0.7652991414070129,0.3718288242816925,0.3718288242816925,53.617535999990196,38.20049300000505,real_npy,0,1
534,/mnt/c/Users/Chirayu/Documents/GitHub/2D-to-3D-image-reconstruction/facescape_224/fsmview_trainset_6_9_mouth_right_36.jpg,0.1086796298623085,0.11582061648368835,0.007140986621379852,7.647201254963875,0.6599498987197876,0.3382125198841095,0.3382125198841095,42.68769700000519,53.920427999997855,real_npy,0,1
535,/mnt/c/Users/Chirayu/Documents/GitHub/2D-to-3D-image-reconstruction/facescape_224/fsmview_trainset_12_6_jaw_right_8.jpg,0.06100006029009819,0.07432818412780762,0.013328123837709427,8.85665837675333,0.7437103390693665,0.5085646510124207,0.5085646510124207,37.217123000004904,37.67352199999152,real_npy,0,1
536,/mnt/c/Users/Chirayu/Documents/GitHub/2D-to-3D-image-reconstruction/facescape_224/fsmview_trainset_19_9_mouth_right_26.jpg,0.06406764686107635,0.056669630110263824,-0.0073980167508125305,9.083561465144157,0.7552683353424072,0.43291208148002625,0.43291208148002625,44.972638000004395,43.96746799999107,real_npy,0,1
537,/mnt/c/Users/Chirayu/Documents/GitHub/2D-to-3D-image-reconstruction/facescape_224/fsmview_trainset_11_8_mouth_left_45.jpg,0.8194473385810852,0.8198283314704895,0.0003809928894042969,7.7872475534677505,0.6564485430717468,0.556919276714325,0.556919276714325,49.25741399999595,40.685921999994434,real_npy,0,1
538,/mnt/c/Users/Chirayu/Documents/GitHub/2D-to-3D-image-reconstruction/facescape_224/fsmview_trainset_1_12_lip_puckerer_33.jpg,0.035831425338983536,44.823184967041016,44.78735354170203,126.47188434004784,46.20679473876953,0.37233251333236694,0.37233251333236694,46.74020199999518,33.37348899999881,real_npy,1,1
539,/mnt/c/Users/Chirayu/Documents/GitHub/2D-to-3D-image-reconstruction/facescape_224/fsmview_trainset_11_1_neutral_64.jpg,0.2074735015630722,0.21197356283664703,0.004500061273574829,8.061574533581734,0.7225241661071777,0.4333241879940033,0.4333241879940033,47.58211899999765,57.8387030000016,real_npy,0,1
540,/mnt/c/Users/Chirayu/Documents/GitHub/2D-to-3D-image-reconstruction/facescape_224/fsmview_trainset_8_14_sadness_36.jpg,0.053950969129800797,0.04535717889666557,-0.008593790233135223,7.833695109933615,0.6674079298973083,0.3118177652359009,0.3118177652359009,40.34454699998946,43.9022580000028,real_npy,0,1
541,/mnt/c/Users/Chirayu/Documents/GitHub/2D-to-3D-image-reconstruction/facescape_224/fsmview_trainset_1_14_sadness_55.jpg,0.12027077376842499,1.1827107667922974,1.0624399930238724,24.267945859581232,2.5391223430633545,0.28756198287010193,0.28756198287010193,37.998545000007766,57.75455300000942,real_npy,0,1
542,/mnt/c/Users/Chirayu/Documents/GitHub/2D-to-3D-image-reconstruction/facescape_224/fsmview_trainset_2_17_cheek_blowing_14.jpg,0.03807486221194267,0.03826656565070152,0.0001917034387588501,7.874178934842348,0.6973046660423279,0.43426740169525146,0.43426740169525146,92.60686300000032,41.363695000001144,real_npy,0,1
543,/mnt/c/Users/Chirayu/Documents/GitHub/2D-to-3D-image-reconstruction/facescape_224/fsmview_trainset_20_4_anger_23.jpg,0.029774414375424385,0.030095795169472694,0.0003213807940483093,7.428571674972773,0.5982427597045898,0.428470253944397,0.428470253944397,40.100481999999715,35.8815270000008,real_npy,0,1
544,/mnt/c/Users/Chirayu/Documents/GitHub/2D-to-3D-image-reconstruction/facescape_224/fsmview_trainset_18_1_neutral_39.jpg,0.15472446382045746,0.15135625004768372,-0.0033682137727737427,8.308501854538918,0.8025858998298645,0.5385992527008057,0.5385992527008057,47.98212900000465,53.62164699999994,real_npy,0,1
545,/mnt/c/Users/Chirayu/Documents/GitHub/2D-to-3D-image-reconstruction/facescape_224/fsmview_trainset_20_16_grin_18.jpg,0.04394768178462982,0.04133867472410202,-0.0026090070605278015,7.6977759543806314,0.6388673186302185,0.49556970596313477,0.49556970596313477,40.792124000006424,42.055161999996926,real_npy,0,1
546,/mnt/c/Users/Chirayu/Documents/GitHub/2D-to-3D-image-reconstruction/facescape_224/fsmview_trainset_20_11_chin_raiser_13.jpg,0.05345315858721733,0.05053013935685158,-0.002923019230365753,8.307304430752993,0.7000101804733276,0.3882107436656952,0.3882107436656952,36.05212299999039,44.358860000002664,real_npy,0,1
547,/mnt/c/Users/Chirayu/Documents/GitHub/2D-to-3D-image-reconstruction/facescape_224/fsmview_trainset_14_5_jaw_left_30.jpg,0.04349293187260628,0.05377275124192238,0.010279819369316101,6.971038736402988,0.6148857474327087,0.27721816301345825,0.27721816301345825,38.379035999994926,48.98854399999664,real_npy,0,1
548,/mnt/c/Users/Chirayu/Documents/GitHub/2D-to-3D-image-reconstruction/facescape_224/fsmview_trainset_5_8_mouth_left_12.jpg,0.38781309127807617,0.4066269099712372,0.01881381869316101,7.3054012432694435,0.6120671033859253,0.2783668041229248,0.2783668041229248,49.66573299999766,37.77471200000093,real_npy,0,1
549,/mnt/c/Users/Chirayu/Documents/GitHub/2D-to-3D-image-reconstruction/facescape_224/fsmview_trainset_5_8_mouth_left_57.jpg,0.07412969321012497,0.07098636031150818,-0.0031433328986167908,8.352426201105118,0.7408038973808289,0.4203137159347534,0.4203137159347534,44.73129699999845,40.31760299999121,real_npy,0,1
550,/mnt/c/Users/Chirayu/Documents/GitHub/2D-to-3D-image-reconstruction/facescape_224/fsmview_trainset_3_16_grin_24.jpg,0.03868531808257103,0.03863029181957245,-5.502626299858093e-05,7.1753546595573425,0.648751437664032,0.3063829839229584,0.3063829839229584,45.63865000000078,39.233569000003854,real_npy,0,1
551,/mnt/c/Users/Chirayu/Documents/GitHub/2D-to-3D-image-reconstruction/facescape_224/fsmview_trainset_9_12_lip_puckerer_40.jpg,0.2768588960170746,0.2885691821575165,0.011710286140441895,6.659124135971069,0.6189315915107727,0.44121307134628296,0.44121307134628296,41.64245900000196,43.58840300000111,real_npy,0,1
552,/mnt/c/Users/Chirayu/Documents/GitHub/2D-to-3D-image-reconstruction/facescape_224/fsmview_trainset_17_19_brow_raiser_15.jpg,0.04787134379148483,0.04841548576951027,0.0005441419780254364,8.610433716326952,0.7070849537849426,0.3597918152809143,0.3597918152809143,41.139271000005806,42.59245100000442,real_npy,0,1
553,/mnt/c/Users/Chirayu/Documents/GitHub/2D-to-3D-image-reconstruction/facescape_224/fsmview_trainset_11_13_lip_funneler_21.jpg,0.04305066168308258,0.044697556644678116,0.0016468949615955353,7.8973386362195015,0.647306501865387,0.486493319272995,0.486493319272995,40.208387999996376,43.101970999998684,real_npy,0,1
554,/mnt/c/Users/Chirayu/Documents/GitHub/2D-to-3D-image-reconstruction/facescape_224/fsmview_trainset_15_13_lip_funneler_33.jpg,0.12174830585718155,0.13608622550964355,0.014337919652462006,7.474730858579278,0.652546763420105,0.5843969583511353,0.5843969583511353,35.68823799999166,37.15082400000824,real_npy,0,1
555,/mnt/c/Users/Chirayu/Documents/GitHub/2D-to-3D-image-reconstruction/facescape_224/fsmview_trainset_5_16_grin_41.jpg,0.11470877379179001,0.11006156355142593,-0.004647210240364075,7.68611902743578,0.684246838092804,0.4667949080467224,0.4667949080467224,43.36377399999947,46.566992999999,real_npy,0,1
556,/mnt/c/Users/Chirayu/Documents/GitHub/2D-to-3D-image-reconstruction/facescape_224/fsmview_trainset_12_1_neutral_30.jpg,0.05731943994760513,0.053057681769132614,-0.004261758178472519,9.271795505657792,0.7664639949798584,0.5492187142372131,0.5492187142372131,39.17407499999115,37.819669000001,real_npy,0,1
557,/mnt/c/Users/Chirayu/Documents/GitHub/2D-to-3D-image-reconstruction/facescape_224/fsmview_trainset_1_18_eye_closed_19.jpg,0.43126702308654785,0.4023955166339874,-0.028871506452560425,6.410254701972008,0.6089698672294617,0.4621879756450653,0.4621879756450653,60.91817600000127,37.4433420000031,real_npy,0,0
558,/mnt/c/Users/Chirayu/Documents/GitHub/2D-to-3D-image-reconstruction/facescape_224/fsmview_trainset_13_12_lip_puckerer_37.jpg,0.037204861640930176,0.037804827094078064,0.0005999654531478882,8.600146614015102,0.7598764300346375,0.3233707845211029,0.3233707845211029,47.733067999999435,36.94642700000372,real_npy,0,1
559,/mnt/c/Users/Chirayu/Documents/GitHub/2D-to-3D-image-reconstruction/facescape_224/fsmview_trainset_9_9_mouth_right_1.jpg,0.06801822036504745,0.07092668861150742,0.002908468246459961,7.868537165224552,0.7061762809753418,0.3832211196422577,0.3832211196422577,40.69930299999669,36.58224999999504,real_npy,0,1
560,/mnt/c/Users/Chirayu/Documents/GitHub/2D-to-3D-image-reconstruction/facescape_224/fsmview_trainset_11_6_jaw_right_34.jpg,0.03802107647061348,0.4538090229034424,0.4157879464328289,14.606258685234934,1.3888378143310547,0.5696970224380493,0.5696970224380493,42.000993999991465,39.54705900000022,real_npy,0,1
561,/mnt/c/Users/Chirayu/Documents/GitHub/2D-to-3D-image-reconstruction/facescape_224/fsmview_trainset_14_1_neutral_53.jpg,0.37510523200035095,0.4237197935581207,0.048614561557769775,7.7350351214408875,0.6809424161911011,0.563467264175415,0.563467264175415,40.57921800000486,36.242106000003105,real_npy,0,1
562,/mnt/c/Users/Chirayu/Documents/GitHub/2D-to-3D-image-reconstruction/facescape_224/fsmview_trainset_5_14_sadness_41.jpg,0.11289530992507935,0.10931035876274109,-0.003584951162338257,7.852026827633381,0.696860134601593,0.47746971249580383,0.47746971249580383,57.46256700000174,47.85109499999862,real_npy,0,1
563,/mnt/c/Users/Chirayu/Documents/GitHub/2D-to-3D-image-reconstruction/facescape_224/fsmview_trainset_4_18_eye_closed_50.jpg,0.0457010343670845,0.04825467988848686,0.002553645521402359,8.588290687650442,0.7205749154090881,0.31921878457069397,0.31921878457069397,47.573381999995945,43.75055500000258,real_npy,0,1
564,/mnt/c/Users/Chirayu/Documents/GitHub/2D-to-3D-image-reconstruction/facescape_224/fsmview_trainset_8_18_eye_closed_56.jpg,0.039301905781030655,0.04118538647890091,0.0018834806978702545,8.229604437947273,0.7007764577865601,0.24128125607967377,0.24128125607967377,43.977609000009465,48.3868780000023,real_npy,0,1
565,/mnt/c/Users/Chirayu/Documents/GitHub/2D-to-3D-image-reconstruction/facescape_224/fsmview_trainset_19_4_anger_25.jpg,0.08100669085979462,0.07272662222385406,-0.008280068635940552,9.258433122187853,0.743806004524231,0.4530054032802582,0.4530054032802582,39.52947899999515,37.716330999998604,real_npy,0,1
566,/mnt/c/Users/Chirayu/Documents/GitHub/2D-to-3D-image-reconstruction/facescape_224/fsmview_trainset_15_2_smile_58.jpg,0.060402486473321915,0.0664195865392685,0.006017100065946579,8.54647284001112,0.7736958265304565,0.4610586166381836,0.4610586166381836,40.81936299999711,42.818953000008264,real_npy,0,1
567,/mnt/c/Users/Chirayu/Documents/GitHub/2D-to-3D-image-reconstruction/facescape_224/fsmview_trainset_7_18_eye_closed_22.jpg,0.24388515949249268,0.24978020787239075,0.005895048379898071,7.056913413107395,0.6946976184844971,0.6120597720146179,0.6120597720146179,45.57366200000956,41.175340999998866,real_npy,0,1
568,/mnt/c/Users/Chirayu/Documents/GitHub/2D-to-3D-image-reconstruction/facescape_224/fsmview_trainset_3_2_smile_52.jpg,0.15277767181396484,0.16342821717262268,0.010650545358657837,7.947628892958164,0.7147608399391174,0.4561603367328644,0.4561603367328644,49.22356599999489,45.68552199999942,real_npy,0,1
569,/mnt/c/Users/Chirayu/Documents/GitHub/2D-to-3D-image-reconstruction/facescape_224/fsmview_trainset_11_14_sadness_26.jpg,0.06450880318880081,0.07804111391305923,0.013532310724258423,8.347672134637833,0.7418385148048401,0.48332685232162476,0.48332685232162476,47.75369400000784,39.456673999993086,real_npy,0,1
570,/mnt/c/Users/Chirayu/Documents/GitHub/2D-to-3D-image-reconstruction/facescape_224/fsmview_trainset_6_7_jaw_forward_27.jpg,0.04960162565112114,0.04705757647752762,-0.002544049173593521,8.349930476397276,0.6918681263923645,0.37269988656044006,0.37269988656044006,47.17395399998736,39.379601999996794,real_npy,0,1
571,/mnt/c/Users/Chirayu/Documents/GitHub/2D-to-3D-image-reconstruction/facescape_224/fsmview_trainset_7_3_mouth_stretch_41.jpg,0.09556329995393753,0.0897151529788971,-0.005848146975040436,7.950656861066818,0.763782799243927,0.48061904311180115,0.48061904311180115,45.174325000004956,41.32788399999754,real_npy,0,1
572,/mnt/c/Users/Chirayu/Documents/GitHub/2D-to-3D-image-reconstruction/facescape_224/fsmview_trainset_4_10_dimpler_8.jpg,0.04122919589281082,0.037113964557647705,-0.0041152313351631165,7.6631745621562,0.6634891033172607,0.1804199367761612,0.1804199367761612,50.001986000012266,52.29684100000043,real_npy,0,1
573,/mnt/c/Users/Chirayu/Documents/GitHub/2D-to-3D-image-reconstruction/facescape_224/fsmview_trainset_20_2_smile_44.jpg,0.0876908004283905,0.09572751075029373,0.008036710321903229,9.676980340853333,0.7643351554870605,0.4214431643486023,0.4214431643486023,46.35142400000802,45.41131999999948,real_npy,0,1
574,/mnt/c/Users/Chirayu/Documents/GitHub/2D-to-3D-image-reconstruction/facescape_224/fsmview_trainset_5_18_eye_closed_20.jpg,0.055274128913879395,0.056187115609645844,0.000912986695766449,8.69824832584709,0.7403423190116882,0.3837125599384308,0.3837125599384308,50.33590499999718,46.39434599999959,real_npy,0,1
575,/mnt/c/Users/Chirayu/Documents/GitHub/2D-to-3D-image-reconstruction/facescape_224/fsmview_trainset_8_12_lip_puckerer_20.jpg,0.042059581726789474,0.040745288133621216,-0.0013142935931682587,8.499776551499963,0.6986420154571533,0.2873433232307434,0.2873433232307434,41.85361599999737,47.9971440000071,real_npy,0,1
576,/mnt/c/Users/Chirayu/Documents/GitHub/2D-to-3D-image-reconstruction/facescape_224/fsmview_trainset_12_4_anger_22.jpg,0.16938413679599762,0.16186586022377014,-0.007518276572227478,8.766807869076729,0.6923391819000244,0.5559110045433044,0.5559110045433044,47.71877399998914,40.021811999991996,real_npy,0,1
577,/mnt/c/Users/Chirayu/Documents/GitHub/2D-to-3D-image-reconstruction/facescape_224/fsmview_trainset_12_15_lip_roll_36.jpg,0.04253186285495758,0.04268402233719826,0.00015215948224067688,8.614504899829626,0.7565851807594299,0.3813866674900055,0.3813866674900055,57.93503199998895,42.138146999988635,real_npy,0,1
578,/mnt/c/Users/Chirayu/Documents/GitHub/2D-to-3D-image-reconstruction/facescape_224/fsmview_trainset_18_3_mouth_stretch_12.jpg,0.04836219549179077,0.05191098153591156,0.0035487860441207886,7.88626591861248,0.7575052380561829,0.4047447741031647,0.4047447741031647,49.9522920000004,38.595884999992336,real_npy,0,1
579,/mnt/c/Users/Chirayu/Documents/GitHub/2D-to-3D-image-reconstruction/facescape_224/fsmview_trainset_20_13_lip_funneler_59.jpg,0.6706644296646118,0.6490023136138916,-0.021662116050720215,7.453525833785534,0.6850019097328186,0.461026668548584,0.461026668548584,43.62038899999732,36.92141400000537,real_npy,0,1
580,/mnt/c/Users/Chirayu/Documents/GitHub/2D-to-3D-image-reconstruction/facescape_224/fsmview_trainset_11_3_mouth_stretch_41.jpg,0.04635422304272652,0.04401888698339462,-0.002335336059331894,7.93978788331151,0.7421652674674988,0.4480973184108734,0.4480973184108734,51.01922299999728,44.37301800000171,real_npy,0,1
581,/mnt/c/Users/Chirayu/Documents/GitHub/2D-to-3D-image-reconstruction/facescape_224/fsmview_trainset_11_12_lip_puckerer_29.jpg,0.1710933893918991,0.25867760181427,0.08758421242237091,6.941972337663174,0.5977305769920349,0.41843947768211365,0.41843947768211365,48.3372319999944,58.05218400000456,real_npy,0,1
582,/mnt/c/Users/Chirayu/Documents/GitHub/2D-to-3D-image-reconstruction/facescape_224/fsmview_trainset_3_4_anger_2.jpg,0.049154940992593765,0.055731866508722305,0.00657692551612854,8.396884813904762,0.7358311414718628,0.43584001064300537,0.43584001064300537,52.26617200000305,40.29403100000195,real_npy,0,1
583,/mnt/c/Users/Chirayu/Documents/GitHub/2D-to-3D-image-reconstruction/facescape_224/fsmview_trainset_4_10_dimpler_27.jpg,0.07919596135616302,0.08004982024431229,0.0008538588881492615,7.69124099612236,0.6973236203193665,0.3588310182094574,0.3588310182094574,53.130052000000205,50.508475000000885,real_npy,0,1
584,/mnt/c/Users/Chirayu/Documents/GitHub/2D-to-3D-image-reconstruction/facescape_224/fsmview_trainset_9_1_neutral_12.jpg,0.032995209097862244,0.036914627999067307,0.003919418901205063,7.811157593503594,0.659408688545227,0.23448629677295685,0.23448629677295685,41.6920940000125,42.91461900000115,real_npy,0,1
585,/mnt/c/Users/Chirayu/Documents/GitHub/2D-to-3D-image-reconstruction/facescape_224/fsmview_trainset_12_13_lip_funneler_5.jpg,0.43422743678092957,0.4335920512676239,-0.0006353855133056641,6.633366111665964,0.645613431930542,0.5006036758422852,0.5006036758422852,47.75481899999079,37.64742299999568,real_npy,0,1
586,/mnt/c/Users/Chirayu/Documents/GitHub/2D-to-3D-image-reconstruction/facescape_224/fsmview_trainset_5_18_eye_closed_3.jpg,0.3179464042186737,0.32249021530151367,0.004543811082839966,7.805869162082672,0.6716597676277161,0.3763418197631836,0.3763418197631836,39.920739999999455,56.112405999996895,real_npy,0,1
587,/mnt/c/Users/Chirayu/Documents/GitHub/2D-to-3D-image-reconstruction/facescape_224/fsmview_trainset_1_3_mouth_stretch_44.jpg,0.11619830876588821,0.12017609179019928,0.003977783024311066,7.863160096108913,0.6711265444755554,0.4969756305217743,0.4969756305217743,42.45971999999654,42.967881999999236,real_npy,0,1
588,/mnt/c/Users/Chirayu/Documents/GitHub/2D-to-3D-image-reconstruction/facescape_224/fsmview_trainset_11_3_mouth_stretch_17.jpg,0.04793577268719673,0.053001318126916885,0.005065545439720154,7.5734765231609344,0.7263187170028687,0.5002537965774536,0.5002537965774536,41.82024600000034,34.99390499999322,real_npy,0,1
589,/mnt/c/Users/Chirayu/Documents/GitHub/2D-to-3D-image-reconstruction/facescape_224/fsmview_trainset_8_10_dimpler_40.jpg,0.25557926297187805,0.2868833541870117,0.03130409121513367,6.309888318181038,0.5954472422599792,0.43297427892684937,0.43297427892684937,39.725748000009276,37.41030100000842,real_npy,0,0
590,/mnt/c/Users/Chirayu/Documents/GitHub/2D-to-3D-image-reconstruction/facescape_224/fsmview_trainset_18_15_lip_roll_39.jpg,0.10347932577133179,0.09159144759178162,-0.011887878179550171,7.72584917768836,0.7060438990592957,0.5248039960861206,0.5248039960861206,40.71220600000913,38.818849999998406,real_npy,0,1
591,/mnt/c/Users/Chirayu/Documents/GitHub/2D-to-3D-image-reconstruction/facescape_224/fsmview_trainset_19_12_lip_puckerer_5.jpg,0.05688685178756714,0.06578508764505386,0.008898235857486725,8.264069631695747,0.6729148030281067,0.2442668378353119,0.2442668378353119,40.5572559999996,42.99313600000687,real_npy,0,1
592,/mnt/c/Users/Chirayu/Documents/GitHub/2D-to-3D-image-reconstruction/facescape_224/fsmview_trainset_9_12_lip_puckerer_22.jpg,0.2884247899055481,0.3500116765499115,0.0615868866443634,6.963210850954056,0.6625369191169739,0.6099624633789062,0.6099624633789062,55.16245500000139,42.32859400001132,real_npy,0,1
593,/mnt/c/Users/Chirayu/Documents/GitHub/2D-to-3D-image-reconstruction/facescape_224/fsmview_trainset_4_14_sadness_45.jpg,0.11686393618583679,0.13408330082893372,0.017219364643096924,9.67250525765121,0.8010970950126648,0.3023150861263275,0.3023150861263275,60.63506099999927,45.136048999992795,real_npy,0,1
594,/mnt/c/Users/Chirayu/Documents/GitHub/2D-to-3D-image-reconstruction/facescape_224/fsmview_trainset_12_10_dimpler_0.jpg,0.04251689463853836,0.045870792120695114,0.0033538974821567535,8.28994964249432,0.6716427206993103,0.40273210406303406,0.40273210406303406,48.92537700000332,41.8295389999912,real_npy,0,1
595,/mnt/c/Users/Chirayu/Documents/GitHub/2D-to-3D-image-reconstruction/facescape_224/fsmview_trainset_3_16_grin_35.jpg,0.11133666336536407,0.1262933760881424,0.01495671272277832,7.571196619421244,0.7028411030769348,0.3745650053024292,0.3745650053024292,50.087204000007546,46.52398499999322,real_npy,0,1
596,/mnt/c/Users/Chirayu/Documents/GitHub/2D-to-3D-image-reconstruction/facescape_224/fsmview_trainset_14_1_neutral_59.jpg,0.046874143183231354,0.05035824328660965,0.003484100103378296,7.2577188313007355,0.6368336081504822,0.35642388463020325,0.35642388463020325,53.53132499999447,40.22912700000347,real_npy,0,1
597,/mnt/c/Users/Chirayu/Documents/GitHub/2D-to-3D-image-reconstruction/facescape_224/fsmview_trainset_19_1_neutral_9.jpg,0.0624108612537384,0.07325854152441025,0.010847680270671844,8.986970230937004,0.7526822686195374,0.2641943395137787,0.2641943395137787,43.92208000000153,37.69193800000892,real_npy,0,1
598,/mnt/c/Users/Chirayu/Documents/GitHub/2D-to-3D-image-reconstruction/facescape_224/fsmview_trainset_19_5_jaw_left_27.jpg,0.6685281991958618,0.6176915168762207,-0.05083668231964111,8.070804869756103,0.706440269947052,0.38147464394569397,0.38147464394569397,55.646465999998895,40.666724000004706,real_npy,0,1
599,/mnt/c/Users/Chirayu/Documents/GitHub/2D-to-3D-image-reconstruction/facescape_224/fsmview_trainset_7_13_lip_funneler_40.jpg,0.18969179689884186,0.19632190465927124,0.006630107760429382,6.662111669778824,0.6274921298027039,0.4355403780937195,0.4355403780937195,53.93361000000141,42.792147000000114,real_npy,0,1
600,/mnt/c/Users/Chirayu/Documents/GitHub/2D-to-3D-image-reconstruction/facescape_224/fsmview_trainset_3_2_smile_25.jpg,0.03501705080270767,0.03582999110221863,0.0008129402995109558,7.683455303311348,0.6619158387184143,0.32926955819129944,0.32926955819129944,44.6459850000025,40.96906699999181,real_npy,0,1
601,/mnt/c/Users/Chirayu/Documents/GitHub/2D-to-3D-image-reconstruction/facescape_224/fsmview_trainset_7_3_mouth_stretch_16.jpg,0.044873494654893875,0.08227426558732986,0.03740077093243599,6.4635642524808645,0.6561174392700195,0.35120680928230286,0.35120680928230286,53.65733499999692,37.363925999997605,real_npy,0,0
602,/mnt/c/Users/Chirayu/Documents/GitHub/2D-to-3D-image-reconstruction/facescape_224/fsmview_trainset_7_13_lip_funneler_18.jpg,0.04121527448296547,0.04106059670448303,-0.00015467777848243713,8.352398415561765,0.6850885152816772,0.42149871587753296,0.42149871587753296,52.22301099999527,41.435898000003135,real_npy,0,1
603,/mnt/c/Users/Chirayu/Documents/GitHub/2D-to-3D-image-reconstruction/facescape_224/fsmview_trainset_4_11_chin_raiser_44.jpg,0.10616642236709595,0.10059411078691483,-0.005572311580181122,8.327710054814816,0.7101418375968933,0.3701329529285431,0.3701329529285431,40.26869199999794,39.027055999994786,real_npy,0,1
604,/mnt/c/Users/Chirayu/Documents/GitHub/2D-to-3D-image-reconstruction/facescape_224/fsmview_trainset_5_10_dimpler_15.jpg,0.03747085854411125,0.03990582749247551,0.002434968948364258,8.034115202724934,0.6659500002861023,0.38586440682411194,0.38586440682411194,40.011225999990074,43.96350000000382,real_npy,0,1
605,/mnt/c/Users/Chirayu/Documents/GitHub/2D-to-3D-image-reconstruction/facescape_224/fsmview_trainset_15_16_grin_18.jpg,0.04665643349289894,0.04938014969229698,0.0027237161993980408,7.992511495947838,0.7362823486328125,0.5432904958724976,0.5432904958724976,54.52068700000723,42.845976999998925,real_npy,0,1
606,/mnt/c/Users/Chirayu/Documents/GitHub/2D-to-3D-image-reconstruction/facescape_224/fsmview_trainset_12_14_sadness_38.jpg,0.0329054519534111,0.033006660640239716,0.00010120868682861328,8.44441501609981,0.707509458065033,0.43636980652809143,0.43636980652809143,57.633450999986735,51.714195000002405,real_npy,0,1
607,/mnt/c/Users/Chirayu/Documents/GitHub/2D-to-3D-image-reconstruction/facescape_224/fsmview_trainset_14_20_brow_lower_64.jpg,0.4680440127849579,0.4575134813785553,-0.010530531406402588,6.991587467491627,0.6089264750480652,0.46292486786842346,0.46292486786842346,45.25320800000543,36.99177800000086,real_npy,0,1
608,/mnt/c/Users/Chirayu/Documents/GitHub/2D-to-3D-image-reconstruction/facescape_224/fsmview_trainset_8_17_cheek_blowing_22.jpg,0.04524044692516327,0.0460171215236187,0.0007766745984554291,7.994141047820449,0.6629753708839417,0.2935929596424103,0.2935929596424103,47.303600999995865,50.49882400000172,real_npy,0,1
609,/mnt/c/Users/Chirayu/Documents/GitHub/2D-to-3D-image-reconstruction/facescape_224/fsmview_trainset_15_14_sadness_10.jpg,0.20986267924308777,0.24428878724575043,0.03442610800266266,8.046771138906479,0.7047685384750366,0.5904510021209717,0.5904510021209717,54.29210799999851,46.084088000000634,real_npy,0,1
610,/mnt/c/Users/Chirayu/Documents/GitHub/2D-to-3D-image-reconstruction/facescape_224/fsmview_trainset_15_8_mouth_left_18.jpg,0.0411355160176754,0.04038950800895691,-0.0007460080087184906,7.879176568239927,0.6474099159240723,0.5479838848114014,0.5479838848114014,56.3633579999987,41.71123899999429,real_npy,0,1
611,/mnt/c/Users/Chirayu/Documents/GitHub/2D-to-3D-image-reconstruction/facescape_224/fsmview_trainset_17_4_anger_19.jpg,0.05737493187189102,0.05829441919922829,0.000919487327337265,9.064988721627742,0.7741963267326355,0.33018627762794495,0.33018627762794495,57.72475599999893,43.01930599999082,real_npy,0,1
612,/mnt/c/Users/Chirayu/Documents/GitHub/2D-to-3D-image-reconstruction/facescape_224/fsmview_trainset_14_18_eye_closed_19.jpg,0.042646512389183044,0.04412580281496048,0.0014792904257774353,7.208378966897726,0.6439186334609985,0.5449700355529785,0.5449700355529785,47.56542900000227,39.30353200000525,real_npy,0,1
613,/mnt/c/Users/Chirayu/Documents/GitHub/2D-to-3D-image-reconstruction/facescape_224/fsmview_trainset_9_2_smile_25.jpg,0.045013897120952606,0.04583312198519707,0.0008192248642444611,8.489927407354116,0.7036059498786926,0.3313310146331787,0.3313310146331787,42.19905400000812,41.064098000006766,real_npy,0,1
614,/mnt/c/Users/Chirayu/Documents/GitHub/2D-to-3D-image-reconstruction/facescape_224/fsmview_trainset_17_12_lip_puckerer_12.jpg,0.15200592577457428,0.15428079664707184,0.0022748708724975586,7.840625071898103,0.7496342062950134,0.24646049737930298,0.24646049737930298,50.723650999998426,46.208653999997296,real_npy,0,1
615,/mnt/c/Users/Chirayu/Documents/GitHub/2D-to-3D-image-reconstruction/facescape_224/fsmview_trainset_14_18_eye_closed_64.jpg,0.06764265894889832,0.07009868323802948,0.0024560242891311646,9.02023977227509,0.8254051804542542,0.43885770440101624,0.43885770440101624,48.53802499999915,50.45450699999776,real_npy,0,1
616,/mnt/c/Users/Chirayu/Documents/GitHub/2D-to-3D-image-reconstruction/facescape_224/fsmview_trainset_1_3_mouth_stretch_17.jpg,0.04573799669742584,1.2172942161560059,1.17155621945858,23.598646357655525,2.402744770050049,0.3351636230945587,0.3351636230945587,53.56606600000191,56.23178700000153,real_npy,0,1
617,/mnt/c/Users/Chirayu/Documents/GitHub/2D-to-3D-image-reconstruction/facescape_224/fsmview_trainset_1_2_smile_10.jpg,0.03252733498811722,0.03495808318257332,0.0024307481944561005,8.318844504654408,0.7349119186401367,0.3085261285305023,0.3085261285305023,63.56819799999869,49.54986299999575,real_npy,0,1
618,/mnt/c/Users/Chirayu/Documents/GitHub/2D-to-3D-image-reconstruction/facescape_224/fsmview_trainset_15_6_jaw_right_18.jpg,0.05074339732527733,0.04740152135491371,-0.003341875970363617,8.039838202297688,0.704504668712616,0.546326756477356,0.546326756477356,42.27923000000544,38.82554300000152,real_npy,0,1
619,/mnt/c/Users/Chirayu/Documents/GitHub/2D-to-3D-image-reconstruction/facescape_224/fsmview_trainset_5_1_neutral_10.jpg,0.24410006403923035,0.18423496186733246,-0.05986510217189789,6.7513333186507225,0.7103641629219055,0.5788794755935669,0.5788794755935669,39.2224710000022,37.181721999999695,real_npy,0,1
620,/mnt/c/Users/Chirayu/Documents/GitHub/2D-to-3D-image-reconstruction/facescape_224/fsmview_trainset_6_12_lip_puckerer_56.jpg,0.08689220994710922,0.08501606434583664,-0.001876145601272583,8.379908125847578,0.7363263964653015,0.36923345923423767,0.36923345923423767,46.18251499999815,45.11867000000791,real_npy,0,1
621,/mnt/c/Users/Chirayu/Documents/GitHub/2D-to-3D-image-reconstruction/facescape_224/fsmview_trainset_13_18_eye_closed_56.jpg,0.15518949925899506,0.16722650825977325,0.012037009000778198,7.932477943599224,0.6572110056877136,0.41399815678596497,0.41399815678596497,42.56988000000206,39.96059100001048,real_npy,0,1
622,/mnt/c/Users/Chirayu/Documents/GitHub/2D-to-3D-image-reconstruction/facescape_224/fsmview_trainset_5_1_neutral_27.jpg,0.041686758399009705,0.04529198631644249,0.003605227917432785,7.619110941886902,0.6404501795768738,0.28012198209762573,0.28012198209762573,40.06699500000366,48.75417800001003,real_npy,0,1
623,/mnt/c/Users/Chirayu/Documents/GitHub/2D-to-3D-image-reconstruction/facescape_224/fsmview_trainset_12_15_lip_roll_20.jpg,0.8452876210212708,0.7261637449264526,-0.11912387609481812,7.6694058403372765,0.6701747179031372,0.4954589009284973,0.4954589009284973,54.44423400000176,57.429194999997435,real_npy,0,1
624,/mnt/c/Users/Chirayu/Documents/GitHub/2D-to-3D-image-reconstruction/facescape_224/fsmview_trainset_15_10_dimpler_59.jpg,0.03972070291638374,0.041592199355363846,0.0018714964389801025,7.845495745539665,0.6447438597679138,0.40469881892204285,0.40469881892204285,39.58487899998886,37.15115400000002,real_npy,0,1
625,/mnt/c/Users/Chirayu/Documents/GitHub/2D-to-3D-image-reconstruction/facescape_224/fsmview_trainset_1_11_chin_raiser_32.jpg,0.2727726697921753,61.04436111450195,60.77158844470978,144.7608199119568,61.89167785644531,0.24136222898960114,0.24136222898960114,40.612881000001266,41.680958999990025,real_npy,1,1
626,/mnt/c/Users/Chirayu/Documents/GitHub/2D-to-3D-image-reconstruction/facescape_224/fsmview_trainset_16_3_mouth_stretch_10.jpg,0.02886776812374592,0.03327026963233948,0.004402501508593559,7.150377605110407,0.6388612985610962,0.30968430638313293,0.30968430638313293,48.20642399999997,38.29168299999708,real_npy,0,1
627,/mnt/c/Users/Chirayu/Documents/GitHub/2D-to-3D-image-reconstruction/facescape_224/fsmview_trainset_1_15_lip_roll_42.jpg,0.14471568167209625,0.1220291331410408,-0.02268654853105545,7.755376853048801,0.7497548460960388,0.44607818126678467,0.44607818126678467,47.31599600000891,42.47868800000276,real_npy,0,1
628,/mnt/c/Users/Chirayu/Documents/GitHub/2D-to-3D-image-reconstruction/facescape_224/fsmview_trainset_19_17_cheek_blowing_3.jpg,0.07626810669898987,0.07089626044034958,-0.005371846258640289,9.353570573031902,0.754503607749939,0.35662177205085754,0.35662177205085754,50.0767489999987,40.00529099999994,real_npy,0,1
629,/mnt/c/Users/Chirayu/Documents/GitHub/2D-to-3D-image-reconstruction/facescape_224/fsmview_trainset_20_8_mouth_left_7.jpg,0.9830098152160645,0.9746060371398926,-0.008403778076171875,7.272438771091402,0.6809008717536926,0.5077872276306152,0.5077872276306152,42.834953999999925,40.80318100000113,real_npy,0,1
630,/mnt/c/Users/Chirayu/Documents/GitHub/2D-to-3D-image-reconstruction/facescape_224/fsmview_trainset_12_16_grin_49.jpg,0.052643537521362305,0.05040925368666649,-0.002234283834695816,7.876766085624695,0.6884861588478088,0.4624752104282379,0.4624752104282379,51.90904599999158,43.79072199999712,real_npy,0,1
631,/mnt/c/Users/Chirayu/Documents/GitHub/2D-to-3D-image-reconstruction/facescape_224/fsmview_trainset_5_8_mouth_left_54.jpg,0.26801609992980957,0.23149143159389496,-0.03652466833591461,8.018740706145763,0.7239922881126404,0.5084623694419861,0.5084623694419861,39.071229999990464,35.480653999997,real_npy,0,1
632,/mnt/c/Users/Chirayu/Documents/GitHub/2D-to-3D-image-reconstruction/facescape_224/fsmview_trainset_2_11_chin_raiser_54.jpg,0.17338453233242035,0.17290650308132172,-0.0004780292510986328,8.395827054977417,0.6992794871330261,0.49403151869773865,0.49403151869773865,42.53538100000753,41.86701899999434,real_npy,0,1
633,/mnt/c/Users/Chirayu/Documents/GitHub/2D-to-3D-image-reconstruction/facescape_224/fsmview_trainset_7_9_mouth_right_10.jpg,0.03079894743859768,0.03292962536215782,0.0021306779235601425,7.624976210296154,0.6409837007522583,0.3365754187107086,0.3365754187107086,42.012116000009314,39.761522000006266,real_npy,0,1
634,/mnt/c/Users/Chirayu/Documents/GitHub/2D-to-3D-image-reconstruction/facescape_224/fsmview_trainset_3_13_lip_funneler_6.jpg,0.05404210463166237,0.050268542021512985,-0.0037735626101493835,8.16546157002449,0.749038815498352,0.3253061771392822,0.3253061771392822,45.61189999999726,45.26016699999502,real_npy,0,1
635,/mnt/c/Users/Chirayu/Documents/GitHub/2D-to-3D-image-reconstruction/facescape_224/fsmview_trainset_9_15_lip_roll_28.jpg,0.04652437940239906,0.04452673718333244,-0.00199764221906662,7.637683622539043,0.6358493566513062,0.24663875997066498,0.24663875997066498,46.62357700000541,40.73308299999212,real_npy,0,1
636,/mnt/c/Users/Chirayu/Documents/GitHub/2D-to-3D-image-reconstruction/facescape_224/fsmview_trainset_13_13_lip_funneler_9.jpg,0.0659748986363411,0.06836272031068802,0.002387821674346924,8.154825437813997,0.6992425322532654,0.4180554747581482,0.4180554747581482,43.5937090000067,36.35074700000018,real_npy,0,1
637,/mnt/c/Users/Chirayu/Documents/GitHub/2D-to-3D-image-reconstruction/facescape_224/fsmview_trainset_3_14_sadness_39.jpg,0.04943319037556648,0.05441025272011757,0.004977062344551086,7.69986730068922,0.6944347023963928,0.38110002875328064,0.38110002875328064,39.28042399999754,44.241572000004226,real_npy,0,1
638,/mnt/c/Users/Chirayu/Documents/GitHub/2D-to-3D-image-reconstruction/facescape_224/fsmview_trainset_12_2_smile_52.jpg,0.052945151925086975,0.05191349610686302,-0.0010316558182239532,7.7877746149897575,0.6375473141670227,0.4765028655529022,0.4765028655529022,40.83988800000782,38.49868200001083,real_npy,0,1
639,/mnt/c/Users/Chirayu/Documents/GitHub/2D-to-3D-image-reconstruction/facescape_224/fsmview_trainset_1_9_mouth_right_55.jpg,0.055013082921504974,0.05502134561538696,8.262693881988525e-06,7.722018446773291,0.7273880243301392,0.3305267095565796,0.3305267095565796,58.816156000006,43.34621000000993,real_npy,0,1
640,/mnt/c/Users/Chirayu/Documents/GitHub/2D-to-3D-image-reconstruction/facescape_224/fsmview_trainset_3_9_mouth_right_28.jpg,0.03695450350642204,0.03512340411543846,-0.0018310993909835815,7.564012244343758,0.644126296043396,0.2812926769256592,0.2812926769256592,43.15422999999896,41.33904500000085,real_npy,0,1
641,/mnt/c/Users/Chirayu/Documents/GitHub/2D-to-3D-image-reconstruction/facescape_224/fsmview_trainset_15_13_lip_funneler_10.jpg,0.14446359872817993,0.15948699414730072,0.015023395419120789,8.13672511279583,0.7382508516311646,0.5664705038070679,0.5664705038070679,45.26787399998966,38.05856000001029,real_npy,0,1
642,/mnt/c/Users/Chirayu/Documents/GitHub/2D-to-3D-image-reconstruction/facescape_224/fsmview_trainset_19_6_jaw_right_24.jpg,0.06987173110246658,0.07485033571720123,0.00497860461473465,9.39891522238031,0.789378821849823,0.33272045850753784,0.33272045850753784,54.71919900000444,48.43873299999757,real_npy,0,1
643,/mnt/c/Users/Chirayu/Documents/GitHub/2D-to-3D-image-reconstruction/facescape_224/fsmview_trainset_10_2_smile_32.jpg,0.25038647651672363,38.49559020996094,38.245203733444214,118.55895760655403,40.28158187866211,0.21470031142234802,0.21470031142234802,40.86790600000256,61.41346699999417,real_npy,1,1
644,/mnt/c/Users/Chirayu/Documents/GitHub/2D-to-3D-image-reconstruction/facescape_224/fsmview_trainset_2_14_sadness_46.jpg,0.4332524538040161,0.44041532278060913,0.007162868976593018,6.435732260346413,0.5748164057731628,0.5112932920455933,0.5112932920455933,43.05525400000931,36.74978799999451,template_fallback,0,0
645,/mnt/c/Users/Chirayu/Documents/GitHub/2D-to-3D-image-reconstruction/facescape_224/fsmview_trainset_13_19_brow_raiser_4.jpg,0.05866501107811928,0.05424853786826134,-0.004416473209857941,9.177152838557959,0.7520841360092163,0.39463010430336,0.39463010430336,42.34261800000638,41.07677599999704,real_npy,0,1
646,/mnt/c/Users/Chirayu/Documents/GitHub/2D-to-3D-image-reconstruction/facescape_224/fsmview_trainset_18_4_anger_36.jpg,0.05251101776957512,0.04505166783928871,-0.0074593499302864075,8.000193864107132,0.6905091404914856,0.4332020580768585,0.4332020580768585,38.352122999995686,46.84926900000619,real_npy,0,1
647,/mnt/c/Users/Chirayu/Documents/GitHub/2D-to-3D-image-reconstruction/facescape_224/fsmview_trainset_2_2_smile_41.jpg,0.8137107491493225,0.7346634864807129,-0.07904726266860962,7.67382562533021,0.721873939037323,0.40586578845977783,0.40586578845977783,39.96917700000324,64.80473899999595,real_npy,0,1
648,/mnt/c/Users/Chirayu/Documents/GitHub/2D-to-3D-image-reconstruction/facescape_224/fsmview_trainset_2_14_sadness_27.jpg,0.06343456357717514,0.06440889090299606,0.0009743273258209229,9.254831962287426,0.7742852568626404,0.4302729368209839,0.4302729368209839,43.29236600000286,42.95794600000136,real_npy,0,1
649,/mnt/c/Users/Chirayu/Documents/GitHub/2D-to-3D-image-reconstruction/facescape_224/fsmview_trainset_7_19_brow_raiser_27.jpg,0.05628607049584389,0.051732148975133896,-0.0045539215207099915,8.776750419288874,0.7298234105110168,0.42359185218811035,0.42359185218811035,42.54121999998972,42.77860999999916,real_npy,0,1
650,/mnt/c/Users/Chirayu/Documents/GitHub/2D-to-3D-image-reconstruction/facescape_224/fsmview_trainset_2_9_mouth_right_55.jpg,0.11028601229190826,0.10918654501438141,-0.0010994672775268555,8.613369062542915,0.7560741901397705,0.42509400844573975,0.42509400844573975,48.616355999996586,44.44607099999587,real_npy,0,1
651,/mnt/c/Users/Chirayu/Documents/GitHub/2D-to-3D-image-reconstruction/facescape_224/fsmview_trainset_7_1_neutral_53.jpg,0.09892460703849792,0.09561263024806976,-0.0033119767904281616,8.043839894235134,0.7053326368331909,0.43653008341789246,0.43653008341789246,43.686368000010134,37.00465000000008,real_npy,0,1
652,/mnt/c/Users/Chirayu/Documents/GitHub/2D-to-3D-image-reconstruction/facescape_224/fsmview_trainset_19_19_brow_raiser_12.jpg,0.25992849469184875,0.27414670586586,0.01421821117401123,7.5540821477770805,0.6513136625289917,0.305603951215744,0.305603951215744,43.469809999990616,38.636171999996805,real_npy,0,1
653,/mnt/c/Users/Chirayu/Documents/GitHub/2D-to-3D-image-reconstruction/facescape_224/fsmview_trainset_12_16_grin_21.jpg,0.06039390340447426,0.0649678036570549,0.004573900252580643,9.095391646027565,0.7368466854095459,0.5503809452056885,0.5503809452056885,46.09852600000863,41.58397700000194,real_npy,0,1
654,/mnt/c/Users/Chirayu/Documents/GitHub/2D-to-3D-image-reconstruction/facescape_224/fsmview_trainset_3_9_mouth_right_17.jpg,0.03321268782019615,0.0335366390645504,0.00032395124435424805,8.121096646413207,0.6726862192153931,0.34022974967956543,0.34022974967956543,48.461613000000625,36.266412000003356,real_npy,0,1
655,/mnt/c/Users/Chirayu/Documents/GitHub/2D-to-3D-image-reconstruction/facescape_224/fsmview_trainset_10_20_brow_lower_19.jpg,0.04939690977334976,0.05124254524707794,0.00184563547372818,8.519696416333318,0.7205714583396912,0.34271878004074097,0.34271878004074097,40.512766000006195,49.40551600000731,real_npy,0,1
656,/mnt/c/Users/Chirayu/Documents/GitHub/2D-to-3D-image-reconstruction/facescape_224/fsmview_trainset_3_14_sadness_24.jpg,0.04498349130153656,0.047459814697504044,0.0024763233959674835,8.514505237340927,0.6923816800117493,0.4445990025997162,0.4445990025997162,39.5926529999997,39.61883499999885,real_npy,0,1
657,/mnt/c/Users/Chirayu/Documents/GitHub/2D-to-3D-image-reconstruction/facescape_224/fsmview_trainset_11_15_lip_roll_11.jpg,0.08171022683382034,0.20064838230609894,0.1189381554722786,7.184417687356472,0.6467316150665283,0.5791813731193542,0.5791813731193542,42.70958200000052,41.65736699999911,real_npy,0,1
658,/mnt/c/Users/Chirayu/Documents/GitHub/2D-to-3D-image-reconstruction/facescape_224/fsmview_trainset_20_9_mouth_right_52.jpg,0.16378964483737946,0.1732145994901657,0.009424954652786255,7.747827120125294,0.6971902251243591,0.5087763071060181,0.5087763071060181,49.71910900000864,56.41448199999388,real_npy,0,1
659,/mnt/c/Users/Chirayu/Documents/GitHub/2D-to-3D-image-reconstruction/facescape_224/fsmview_trainset_12_12_lip_puckerer_32.jpg,0.03746900334954262,0.20000973343849182,0.1625407300889492,11.284030115697533,0.9958748817443848,0.44356340169906616,0.44356340169906616,40.580355999992435,46.794305999995345,real_npy,0,1
660,/mnt/c/Users/Chirayu/Documents/GitHub/2D-to-3D-image-reconstruction/facescape_224/fsmview_trainset_1_5_jaw_left_13.jpg,0.21167980134487152,0.20815995335578918,-0.0035198479890823364,6.759865939617157,0.6132979989051819,0.5029977560043335,0.5029977560043335,52.55088699999533,50.146244000004,real_npy,0,1
661,/mnt/c/Users/Chirayu/Documents/GitHub/2D-to-3D-image-reconstruction/facescape_224/fsmview_trainset_7_10_dimpler_0.jpg,0.231115460395813,0.21683628857135773,-0.014279171824455261,6.932800754904747,0.6678776741027832,0.4833834171295166,0.4833834171295166,42.84633500000723,37.211780999996336,real_npy,0,1
662,/mnt/c/Users/Chirayu/Documents/GitHub/2D-to-3D-image-reconstruction/facescape_224/fsmview_trainset_5_13_lip_funneler_9.jpg,0.03806499019265175,0.04335460811853409,0.0052896179258823395,8.014430277049541,0.6829178929328918,0.30542418360710144,0.30542418360710144,46.74152799999831,43.06080599999973,real_npy,0,1
663,/mnt/c/Users/Chirayu/Documents/GitHub/2D-to-3D-image-reconstruction/facescape_224/fsmview_trainset_8_8_mouth_left_2.jpg,0.05143627151846886,0.05015590041875839,-0.0012803710997104645,7.636230893433094,0.6691870093345642,0.2701028287410736,0.2701028287410736,46.60239000000388,53.436004000005255,real_npy,0,1
664,/mnt/c/Users/Chirayu/Documents/GitHub/2D-to-3D-image-reconstruction/facescape_224/fsmview_trainset_6_14_sadness_17.jpg,0.039572373032569885,0.041095223277807236,0.0015228502452373505,8.30606181267649,0.6931018829345703,0.37111902236938477,0.37111902236938477,50.76780500000666,42.583714000002715,real_npy,0,1
665,/mnt/c/Users/Chirayu/Documents/GitHub/2D-to-3D-image-reconstruction/facescape_224/fsmview_trainset_20_1_neutral_21.jpg,0.03419996798038483,0.033820152282714844,-0.0003798156976699829,7.664880737662315,0.6338058710098267,0.39892831444740295,0.39892831444740295,50.870523999989814,47.74892099999306,real_npy,0,1
666,/mnt/c/Users/Chirayu/Documents/GitHub/2D-to-3D-image-reconstruction/facescape_224/fsmview_trainset_13_7_jaw_forward_8.jpg,0.04020540043711662,18.74381446838379,18.703609067946672,85.26724433898926,19.80788803100586,0.3988213837146759,0.3988213837146759,38.05747399999859,40.179961999996294,real_npy,1,1
667,/mnt/c/Users/Chirayu/Documents/GitHub/2D-to-3D-image-reconstruction/facescape_224/fsmview_trainset_15_15_lip_roll_25.jpg,0.02745666541159153,0.028252752497792244,0.0007960870862007141,7.056009002029896,0.5799024105072021,0.5494062304496765,0.5494062304496765,44.89588399999889,38.771392000001015,real_npy,0,1
668,/mnt/c/Users/Chirayu/Documents/GitHub/2D-to-3D-image-reconstruction/facescape_224/fsmview_trainset_3_10_dimpler_47.jpg,0.04485716670751572,0.04963821545243263,0.004781048744916916,8.939064396545291,0.7413232922554016,0.4816135764122009,0.4816135764122009,66.86407000000827,58.061152999997034,real_npy,0,1
669,/mnt/c/Users/Chirayu/Documents/GitHub/2D-to-3D-image-reconstruction/facescape_224/fsmview_trainset_5_12_lip_puckerer_19.jpg,0.043066151440143585,0.04488527774810791,0.001819126307964325,8.488769962452352,0.7092607617378235,0.35808104276657104,0.35808104276657104,40.74374799999703,38.57082400000422,real_npy,0,1
670,/mnt/c/Users/Chirayu/Documents/GitHub/2D-to-3D-image-reconstruction/facescape_224/fsmview_trainset_10_14_sadness_40.jpg,0.13540315628051758,0.1601743847131729,0.024771228432655334,6.888981014490128,0.6275854110717773,0.5299487113952637,0.5299487113952637,40.99813799999197,39.36428800000158,real_npy,0,1
671,/mnt/c/Users/Chirayu/Documents/GitHub/2D-to-3D-image-reconstruction/facescape_224/fsmview_trainset_13_2_smile_33.jpg,0.13270553946495056,0.12926578521728516,-0.0034397542476654053,7.864067450165749,0.7088730335235596,0.41534608602523804,0.41534608602523804,50.98213299999088,41.72105099999612,real_npy,0,1
672,/mnt/c/Users/Chirayu/Documents/GitHub/2D-to-3D-image-reconstruction/facescape_224/fsmview_trainset_19_8_mouth_left_27.jpg,0.5294068455696106,0.5022507905960083,-0.027156054973602295,7.943757861852646,0.6918869018554688,0.40189361572265625,0.40189361572265625,50.7302449999969,38.446918000005326,real_npy,0,1
673,/mnt/c/Users/Chirayu/Documents/GitHub/2D-to-3D-image-reconstruction/facescape_224/fsmview_trainset_18_4_anger_34.jpg,0.031092461198568344,25.871557235717773,25.840464774519205,99.08022511005402,26.7417049407959,0.4224729537963867,0.4224729537963867,42.31889099999364,38.949841000004426,real_npy,1,1
674,/mnt/c/Users/Chirayu/Documents/GitHub/2D-to-3D-image-reconstruction/facescape_224/fsmview_trainset_17_3_mouth_stretch_56.jpg,0.7421064376831055,0.7456222772598267,0.0035158395767211914,6.650336099788547,0.5779038071632385,0.29213815927505493,0.29213815927505493,38.249609000004625,42.25895399999047,real_npy,0,1
675,/mnt/c/Users/Chirayu/Documents/GitHub/2D-to-3D-image-reconstruction/facescape_224/fsmview_trainset_14_12_lip_puckerer_5.jpg,0.5328539609909058,0.459307461977005,-0.07354649901390076,7.4078628197312355,0.6750488877296448,0.6031820178031921,0.6031820178031921,40.62573400000247,52.49948299999119,template_fallback,0,1
676,/mnt/c/Users/Chirayu/Documents/GitHub/2D-to-3D-image-reconstruction/facescape_224/fsmview_trainset_16_16_grin_41.jpg,0.09574217349290848,0.08954831957817078,-0.006193853914737701,7.9825306832790375,0.7560239434242249,0.4477621614933014,0.4477621614933014,39.144664999994916,38.976694999988126,real_npy,0,1
677,/mnt/c/Users/Chirayu/Documents/GitHub/2D-to-3D-image-reconstruction/facescape_224/fsmview_trainset_19_11_chin_raiser_6.jpg,0.07447680085897446,0.07683618366718292,0.0023593828082084656,8.497734365984797,0.7023232579231262,0.262211412191391,0.262211412191391,57.66897000000881,39.213685000007104,real_npy,0,1
678,/mnt/c/Users/Chirayu/Documents/GitHub/2D-to-3D-image-reconstruction/facescape_224/fsmview_trainset_16_12_lip_puckerer_31.jpg,0.04413079842925072,0.04468291625380516,0.0005521178245544434,8.628611219115555,0.7253811955451965,0.2996973693370819,0.2996973693370819,40.546964000000685,39.0887140000018,real_npy,0,1
679,/mnt/c/Users/Chirayu/Documents/GitHub/2D-to-3D-image-reconstruction/facescape_224/fsmview_trainset_10_14_sadness_39.jpg,0.04731309413909912,0.04657086730003357,-0.0007422268390655518,7.847007639706135,0.6749343872070312,0.38315874338150024,0.38315874338150024,43.40109800000391,58.66776900001014,real_npy,0,1
680,/mnt/c/Users/Chirayu/Documents/GitHub/2D-to-3D-image-reconstruction/facescape_224/fsmview_trainset_11_2_smile_28.jpg,0.1367449015378952,0.1320350468158722,-0.00470985472202301,9.154002949595451,0.7322134375572205,0.5667174458503723,0.5667174458503723,46.21226999999806,52.466125000009356,real_npy,0,1
681,/mnt/c/Users/Chirayu/Documents/GitHub/2D-to-3D-image-reconstruction/facescape_224/fsmview_trainset_8_15_lip_roll_31.jpg,0.11051041632890701,0.12969665229320526,0.01918623596429825,7.499265737831593,0.6462122201919556,0.26135560870170593,0.26135560870170593,41.708809999988716,36.23293100000069,real_npy,0,1
682,/mnt/c/Users/Chirayu/Documents/GitHub/2D-to-3D-image-reconstruction/facescape_224/fsmview_trainset_20_8_mouth_left_47.jpg,0.06358654052019119,0.10881310701370239,0.0452265664935112,7.286154966801405,0.7007843852043152,0.668083667755127,0.668083667755127,41.778327000002946,37.80450500001109,real_npy,0,1
683,/mnt/c/Users/Chirayu/Documents/GitHub/2D-to-3D-image-reconstruction/facescape_224/fsmview_trainset_16_2_smile_3.jpg,0.057829443365335464,0.07004720717668533,0.012217763811349869,7.482498735189438,0.7052902579307556,0.4029715955257416,0.4029715955257416,47.27681699999664,39.72047499999576,real_npy,0,1
684,/mnt/c/Users/Chirayu/Documents/GitHub/2D-to-3D-image-reconstruction/facescape_224/fsmview_trainset_11_16_grin_64.jpg,0.07495072484016418,0.08297352492809296,0.008022800087928772,8.879873856902122,0.7963542938232422,0.433687299489975,0.433687299489975,42.99532499999259,51.906528000003505,real_npy,0,1
685,/mnt/c/Users/Chirayu/Documents/GitHub/2D-to-3D-image-reconstruction/facescape_224/fsmview_trainset_19_16_grin_22.jpg,0.039559200406074524,0.04049026221036911,0.0009310618042945862,8.440755473449826,0.7092189788818359,0.30552175641059875,0.30552175641059875,38.32433400000923,36.18039500000236,real_npy,0,1
686,/mnt/c/Users/Chirayu/Documents/GitHub/2D-to-3D-image-reconstruction/facescape_224/fsmview_trainset_6_10_dimpler_42.jpg,0.3132203221321106,0.2722497582435608,-0.040970563888549805,6.3969828598201275,0.6601830720901489,0.40089738368988037,0.40089738368988037,79.36990000000321,44.2688719999893,real_npy,0,0
687,/mnt/c/Users/Chirayu/Documents/GitHub/2D-to-3D-image-reconstruction/facescape_224/fsmview_trainset_4_5_jaw_left_37.jpg,0.07166864722967148,0.06654763221740723,-0.005121015012264252,8.132709093391895,0.7051826119422913,0.3230222165584564,0.3230222165584564,45.45853800000543,47.73393000000681,real_npy,0,1
688,/mnt/c/Users/Chirayu/Documents/GitHub/2D-to-3D-image-reconstruction/facescape_224/fsmview_trainset_8_11_chin_raiser_43.jpg,0.031555548310279846,0.037270426750183105,0.005714878439903259,7.588967815041542,0.6346365809440613,0.20634442567825317,0.20634442567825317,51.91106600000239,40.028659000000744,real_npy,0,1
689,/mnt/c/Users/Chirayu/Documents/GitHub/2D-to-3D-image-reconstruction/facescape_224/fsmview_trainset_18_1_neutral_5.jpg,0.05114904046058655,0.05485023930668831,0.003701198846101761,8.249196454882622,0.7195659279823303,0.33650028705596924,0.33650028705596924,56.2669819999968,47.44953399999474,real_npy,0,1
690,/mnt/c/Users/Chirayu/Documents/GitHub/2D-to-3D-image-reconstruction/facescape_224/fsmview_trainset_13_17_cheek_blowing_0.jpg,0.03431869298219681,30.242094039916992,30.207775346934795,106.15016049146652,31.522022247314453,0.39141422510147095,0.39141422510147095,46.99461900000301,54.18862000000502,real_npy,1,1
691,/mnt/c/Users/Chirayu/Documents/GitHub/2D-to-3D-image-reconstruction/facescape_224/fsmview_trainset_3_10_dimpler_25.jpg,0.033506423234939575,0.19171889126300812,0.15821246802806854,10.289830755442381,0.928562343120575,0.3211786150932312,0.3211786150932312,44.522803999996086,46.85366799999713,real_npy,0,1
692,/mnt/c/Users/Chirayu/Documents/GitHub/2D-to-3D-image-reconstruction/facescape_224/fsmview_trainset_1_19_brow_raiser_23.jpg,0.036642659455537796,0.037931330502033234,0.0012886710464954376,8.246618354693055,0.6959616541862488,0.36637425422668457,0.36637425422668457,47.97388800000135,40.74922899999933,real_npy,0,1
693,/mnt/c/Users/Chirayu/Documents/GitHub/2D-to-3D-image-reconstruction/facescape_224/fsmview_trainset_13_18_eye_closed_5.jpg,0.05346892029047012,0.054017290472984314,0.0005483701825141907,8.518919289112091,0.6683821082115173,0.4459347724914551,0.4459347724914551,53.70916300000772,39.77784100000292,real_npy,0,1
694,/mnt/c/Users/Chirayu/Documents/GitHub/2D-to-3D-image-reconstruction/facescape_224/fsmview_trainset_5_20_brow_lower_34.jpg,0.04809163138270378,0.04877690598368645,0.000685274600982666,7.80230674892664,0.6839640736579895,0.433559775352478,0.433559775352478,52.664978999999335,48.20916700001021,real_npy,0,1
695,/mnt/c/Users/Chirayu/Documents/GitHub/2D-to-3D-image-reconstruction/facescape_224/fsmview_trainset_16_19_brow_raiser_24.jpg,0.04110142961144447,0.0430188924074173,0.001917462795972824,8.500072234775871,0.7118312120437622,0.3674924075603485,0.3674924075603485,43.30816899999945,42.7301950000043,real_npy,0,1
696,/mnt/c/Users/Chirayu/Documents/GitHub/2D-to-3D-image-reconstruction/facescape_224/fsmview_trainset_18_14_sadness_42.jpg,0.08377309143543243,0.08082976937294006,-0.0029433220624923706,8.336714498698711,0.7535324692726135,0.49920424818992615,0.49920424818992615,52.31870299999741,36.96660499998927,real_npy,0,1
697,/mnt/c/Users/Chirayu/Documents/GitHub/2D-to-3D-image-reconstruction/facescape_224/fsmview_trainset_2_1_neutral_31.jpg,0.05820241570472717,0.06700725853443146,0.008804842829704285,8.637805305421352,0.6959109306335449,0.47356730699539185,0.47356730699539185,44.67134999998734,44.51380700000129,real_npy,0,1
698,/mnt/c/Users/Chirayu/Documents/GitHub/2D-to-3D-image-reconstruction/facescape_224/fsmview_trainset_9_11_chin_raiser_34.jpg,0.04059763625264168,0.047884002327919006,0.0072863660752773285,7.953170128166676,0.6577404141426086,0.42865923047065735,0.42865923047065735,39.288356000000135,51.358895999996435,real_npy,0,1
699,/mnt/c/Users/Chirayu/Documents/GitHub/2D-to-3D-image-reconstruction/facescape_224/fsmview_trainset_8_8_mouth_left_19.jpg,0.039802875369787216,0.0406382754445076,0.0008354000747203827,8.60760613437742,0.7271848917007446,0.2894468903541565,0.2894468903541565,37.721107999999504,36.09430299999872,real_npy,0,1
700,/mnt/c/Users/Chirayu/Documents/GitHub/2D-to-3D-image-reconstruction/facescape_224/fsmview_trainset_4_4_anger_7.jpg,0.03902009502053261,0.04385153949260712,0.004831444472074509,7.874551959335804,0.6730794310569763,0.18942205607891083,0.18942205607891083,34.41069400000174,38.060627999996655,real_npy,0,1
701,/mnt/c/Users/Chirayu/Documents/GitHub/2D-to-3D-image-reconstruction/facescape_224/fsmview_trainset_2_6_jaw_right_38.jpg,0.08684521913528442,0.09297841042280197,0.006133191287517548,7.837259612977505,0.6897449493408203,0.386805921792984,0.386805921792984,65.41891499999508,41.11541700000032,real_npy,0,1
702,/mnt/c/Users/Chirayu/Documents/GitHub/2D-to-3D-image-reconstruction/facescape_224/fsmview_trainset_3_18_eye_closed_43.jpg,0.636430025100708,0.4913061857223511,-0.14512383937835693,6.578622728586197,0.6200893521308899,0.4385756850242615,0.4385756850242615,37.63191800000243,43.60687000000496,real_npy,0,1
703,/mnt/c/Users/Chirayu/Documents/GitHub/2D-to-3D-image-reconstruction/facescape_224/fsmview_trainset_18_14_sadness_1.jpg,0.02839629538357258,0.029165731742978096,0.0007694363594055176,8.069141015410423,0.6621208190917969,0.33399060368537903,0.33399060368537903,41.331792999997674,36.173142999999186,real_npy,0,1
704,/mnt/c/Users/Chirayu/Documents/GitHub/2D-to-3D-image-reconstruction/facescape_224/fsmview_trainset_12_18_eye_closed_41.jpg,0.04883941635489464,0.04514848068356514,-0.0036909356713294983,8.680754467844963,0.7591550946235657,0.3767728805541992,0.3767728805541992,44.51720500000533,43.2179330000082,real_npy,0,1
705,/mnt/c/Users/Chirayu/Documents/GitHub/2D-to-3D-image-reconstruction/facescape_224/fsmview_trainset_11_19_brow_raiser_29.jpg,0.19985049962997437,0.21956396102905273,0.01971346139907837,8.94717875495553,0.7141616940498352,0.4291144609451294,0.4291144609451294,45.620423000002575,36.32295799999952,real_npy,0,1
706,/mnt/c/Users/Chirayu/Documents/GitHub/2D-to-3D-image-reconstruction/facescape_224/fsmview_trainset_9_4_anger_33.jpg,0.09948975592851639,0.10206985473632812,0.002580098807811737,7.7498641684651375,0.6650685667991638,0.45197436213493347,0.45197436213493347,40.87979799999175,37.65158299999882,real_npy,0,1
707,/mnt/c/Users/Chirayu/Documents/GitHub/2D-to-3D-image-reconstruction/facescape_224/fsmview_trainset_14_3_mouth_stretch_37.jpg,0.09115780144929886,0.09500987082719803,0.00385206937789917,9.012636090163141,0.7731780409812927,0.5244734287261963,0.5244734287261963,38.88263400000369,38.79588999998873,real_npy,0,1
708,/mnt/c/Users/Chirayu/Documents/GitHub/2D-to-3D-image-reconstruction/facescape_224/fsmview_trainset_11_20_brow_lower_12.jpg,0.06358066201210022,0.18391214311122894,0.12033148109912872,7.230637818574905,0.6472761034965515,0.5902206301689148,0.5902206301689148,42.00467600000479,37.99528499999383,real_npy,0,1
709,/mnt/c/Users/Chirayu/Documents/GitHub/2D-to-3D-image-reconstruction/facescape_224/fsmview_trainset_12_1_neutral_50.jpg,0.03230184689164162,0.1383589804172516,0.10605713352560997,9.322803743649274,0.7968327403068542,0.44100916385650635,0.44100916385650635,62.120851000003086,40.071715999999924,real_npy,0,1
710,/mnt/c/Users/Chirayu/Documents/GitHub/2D-to-3D-image-reconstruction/facescape_224/fsmview_trainset_8_13_lip_funneler_36.jpg,0.057600636035203934,0.048524532467126846,-0.009076103568077087,7.60690538585186,0.7206211090087891,0.30059337615966797,0.30059337615966797,46.307523000010065,35.80323300000998,real_npy,0,1
711,/mnt/c/Users/Chirayu/Documents/GitHub/2D-to-3D-image-reconstruction/facescape_224/fsmview_trainset_7_15_lip_roll_38.jpg,0.0834677517414093,0.08430732786655426,0.0008395761251449585,7.7323119305074215,0.7284513115882874,0.41199737787246704,0.41199737787246704,38.6977409999929,37.56345600000088,real_npy,0,1
712,/mnt/c/Users/Chirayu/Documents/GitHub/2D-to-3D-image-reconstruction/facescape_224/fsmview_trainset_8_9_mouth_right_25.jpg,0.05412169173359871,0.052330128848552704,-0.0017915628850460052,7.192699566483498,0.6514735817909241,0.3547350764274597,0.3547350764274597,45.97924899999839,37.1054730000111,real_npy,0,1
713,/mnt/c/Users/Chirayu/Documents/GitHub/2D-to-3D-image-reconstruction/facescape_224/fsmview_trainset_19_18_eye_closed_2.jpg,0.06253725290298462,0.05819631367921829,-0.004340939223766327,9.310789480805397,0.7570602297782898,0.30484896898269653,0.30484896898269653,41.526939999997126,43.04051500000128,real_npy,0,1
714,/mnt/c/Users/Chirayu/Documents/GitHub/2D-to-3D-image-reconstruction/facescape_224/fsmview_trainset_20_14_sadness_42.jpg,0.047942981123924255,0.04630761966109276,-0.0016353614628314972,8.436698416247964,0.6719406843185425,0.5265964865684509,0.5265964865684509,46.42138900000248,37.493328000010706,real_npy,0,1
715,/mnt/c/Users/Chirayu/Documents/GitHub/2D-to-3D-image-reconstruction/facescape_224/fsmview_trainset_14_4_anger_41.jpg,0.03130495920777321,0.03428318351507187,0.0029782243072986603,7.739451434463263,0.6533569693565369,0.41101840138435364,0.41101840138435364,44.87437499999203,38.43787300000656,real_npy,0,1
716,/mnt/c/Users/Chirayu/Documents/GitHub/2D-to-3D-image-reconstruction/facescape_224/fsmview_trainset_1_16_grin_35.jpg,0.05793703347444534,0.048830125480890274,-0.009106907993555069,8.369810357689857,0.7682326436042786,0.36559823155403137,0.36559823155403137,38.77416099999209,50.33269899999482,real_npy,0,1
717,/mnt/c/Users/Chirayu/Documents/GitHub/2D-to-3D-image-reconstruction/facescape_224/fsmview_trainset_3_5_jaw_left_24.jpg,0.032737601548433304,0.10142690688371658,0.06868930533528328,6.276611335575581,0.574807345867157,0.32231083512306213,0.32231083512306213,48.051790999991795,39.47167999999124,real_npy,0,0
718,/mnt/c/Users/Chirayu/Documents/GitHub/2D-to-3D-image-reconstruction/facescape_224/fsmview_trainset_2_4_anger_1.jpg,0.12217187881469727,0.11909616738557816,-0.00307571142911911,8.715952686965466,0.7559850215911865,0.4818607270717621,0.4818607270717621,40.34443800000531,38.83166899998969,real_npy,0,1
719,/mnt/c/Users/Chirayu/Documents/GitHub/2D-to-3D-image-reconstruction/facescape_224/fsmview_trainset_20_18_eye_closed_12.jpg,0.06466680765151978,0.1840711534023285,0.11940434575080872,7.2455498687922955,0.6722353100776672,0.5843247175216675,0.5843247175216675,38.23730199999886,35.465493999993214,real_npy,0,1
720,/mnt/c/Users/Chirayu/Documents/GitHub/2D-to-3D-image-reconstruction/facescape_224/fsmview_trainset_16_19_brow_raiser_11.jpg,0.08961338549852371,0.09762676060199738,0.008013375103473663,8.160406038165092,0.7328940629959106,0.3656708598136902,0.3656708598136902,66.21916699999986,38.62327000000221,real_npy,0,1
721,/mnt/c/Users/Chirayu/Documents/GitHub/2D-to-3D-image-reconstruction/facescape_224/fsmview_trainset_6_12_lip_puckerer_50.jpg,0.32897940278053284,0.2986614406108856,-0.030317962169647217,6.621389865875244,0.6211534738540649,0.4145434498786926,0.4145434498786926,44.26843199999553,36.73702700000092,real_npy,0,1
722,/mnt/c/Users/Chirayu/Documents/GitHub/2D-to-3D-image-reconstruction/facescape_224/fsmview_trainset_12_5_jaw_left_19.jpg,0.04311143606901169,0.0402662493288517,-0.0028451867401599884,8.714398734271526,0.763290524482727,0.3873852789402008,0.3873852789402008,48.59241199999076,38.26859299999796,real_npy,0,1
723,/mnt/c/Users/Chirayu/Documents/GitHub/2D-to-3D-image-reconstruction/facescape_224/fsmview_trainset_10_8_mouth_left_24.jpg,0.03900698199868202,0.07672103494405746,0.03771405294537544,6.840189227834344,0.5791618824005127,0.3370824158191681,0.3370824158191681,42.46816100000217,48.779107999990856,real_npy,0,1
724,/mnt/c/Users/Chirayu/Documents/GitHub/2D-to-3D-image-reconstruction/facescape_224/fsmview_trainset_14_15_lip_roll_34.jpg,0.0658440887928009,0.07101960480213165,0.0051755160093307495,7.843347707763314,0.7194542288780212,0.5175021290779114,0.5175021290779114,48.24110199999154,38.26038699999401,real_npy,0,1
725,/mnt/c/Users/Chirayu/Documents/GitHub/2D-to-3D-image-reconstruction/facescape_224/fsmview_trainset_12_10_dimpler_53.jpg,0.062172215431928635,0.06307575851678848,0.000903543084859848,8.317259646952152,0.703743577003479,0.5071947574615479,0.5071947574615479,43.61053199998821,52.26467999999329,real_npy,0,1
726,/mnt/c/Users/Chirayu/Documents/GitHub/2D-to-3D-image-reconstruction/facescape_224/fsmview_trainset_2_12_lip_puckerer_13.jpg,0.07575581967830658,0.07741314172744751,0.0016573220491409302,8.930160673335195,0.746425986289978,0.4569122791290283,0.4569122791290283,45.35092599999757,42.61763799999585,real_npy,0,1
727,/mnt/c/Users/Chirayu/Documents/GitHub/2D-to-3D-image-reconstruction/facescape_224/fsmview_trainset_7_14_sadness_49.jpg,0.08265749365091324,0.07904044538736343,-0.0036170482635498047,6.089543513953686,0.5323068499565125,0.4944019317626953,0.4944019317626953,39.8851200000081,45.81466499999465,real_npy,0,0
728,/mnt/c/Users/Chirayu/Documents/GitHub/2D-to-3D-image-reconstruction/facescape_224/fsmview_trainset_14_16_grin_25.jpg,0.03766326233744621,0.04044966399669647,0.0027864016592502594,7.349720800295472,0.6105400323867798,0.4546268880367279,0.4546268880367279,48.820840999994175,48.73181499999646,real_npy,0,1
729,/mnt/c/Users/Chirayu/Documents/GitHub/2D-to-3D-image-reconstruction/facescape_224/fsmview_trainset_15_18_eye_closed_49.jpg,0.08498794585466385,0.09041840583086014,0.005430459976196289,8.394741892814636,0.7480224370956421,0.6016882658004761,0.6016882658004761,37.527079000000185,37.26942400000155,real_npy,0,1
730,/mnt/c/Users/Chirayu/Documents/GitHub/2D-to-3D-image-reconstruction/facescape_224/fsmview_trainset_10_13_lip_funneler_42.jpg,0.07876810431480408,0.08056118339300156,0.0017930790781974792,6.921776346862316,0.6710947155952454,0.4621885120868683,0.4621885120868683,38.468946999998366,38.11412400000336,real_npy,0,1
731,/mnt/c/Users/Chirayu/Documents/GitHub/2D-to-3D-image-reconstruction/facescape_224/fsmview_trainset_1_3_mouth_stretch_15.jpg,0.10148415714502335,0.10186683386564255,0.00038267672061920166,7.649369388818741,0.6880532503128052,0.48174139857292175,0.48174139857292175,48.627863999996634,36.567367000003514,real_npy,0,1
732,/mnt/c/Users/Chirayu/Documents/GitHub/2D-to-3D-image-reconstruction/facescape_224/fsmview_trainset_1_15_lip_roll_52.jpg,0.12433924525976181,0.12443278729915619,9.354203939437866e-05,8.132344260811806,0.7423401474952698,0.3119288980960846,0.3119288980960846,43.322263999996835,42.93981800000779,real_npy,0,1
733,/mnt/c/Users/Chirayu/Documents/GitHub/2D-to-3D-image-reconstruction/facescape_224/fsmview_trainset_19_16_grin_4.jpg,0.07553904503583908,0.08869048953056335,0.013151444494724274,8.340994212776423,0.6934301257133484,0.21181635558605194,0.21181635558605194,48.59582599999612,40.6008460000038,real_npy,0,1
734,/mnt/c/Users/Chirayu/Documents/GitHub/2D-to-3D-image-reconstruction/facescape_224/fsmview_trainset_18_14_sadness_45.jpg,0.10799819231033325,0.12469743192195892,0.01669923961162567,9.756760468706489,0.799802839756012,0.46648940443992615,0.46648940443992615,43.05052200000148,40.50192299999367,real_npy,0,1
735,/mnt/c/Users/Chirayu/Documents/GitHub/2D-to-3D-image-reconstruction/facescape_224/fsmview_trainset_15_18_eye_closed_16.jpg,0.21691672503948212,0.23052270710468292,0.013605982065200806,7.827724747359753,0.6597672700881958,0.48660483956336975,0.48660483956336975,40.69511000000148,37.15867399999695,real_npy,0,1
736,/mnt/c/Users/Chirayu/Documents/GitHub/2D-to-3D-image-reconstruction/facescape_224/fsmview_trainset_8_9_mouth_right_29.jpg,0.06245218962430954,0.062287259846925735,-0.00016492977738380432,8.084262602031231,0.6654056906700134,0.3482059836387634,0.3482059836387634,44.08402599999306,42.221092000005456,real_npy,0,1
737,/mnt/c/Users/Chirayu/Documents/GitHub/2D-to-3D-image-reconstruction/facescape_224/fsmview_trainset_18_11_chin_raiser_18.jpg,0.3264997601509094,0.31624799966812134,-0.010251760482788086,7.083743967115879,0.6346181035041809,0.5224876403808594,0.5224876403808594,38.82249699999818,36.498512999997956,real_npy,0,1
738,/mnt/c/Users/Chirayu/Documents/GitHub/2D-to-3D-image-reconstruction/facescape_224/fsmview_trainset_8_20_brow_lower_25.jpg,0.05073022097349167,0.04820375517010689,-0.002526465803384781,7.8964012414216995,0.7105323076248169,0.3684101104736328,0.3684101104736328,47.87414500000864,44.791962000005014,real_npy,0,1
739,/mnt/c/Users/Chirayu/Documents/GitHub/2D-to-3D-image-reconstruction/facescape_224/fsmview_trainset_10_5_jaw_left_44.jpg,0.11051308363676071,0.10211917757987976,-0.008393906056880951,7.628686994314194,0.6308800578117371,0.462413489818573,0.462413489818573,43.355149999996456,38.48073499999316,real_npy,0,1
740,/mnt/c/Users/Chirayu/Documents/GitHub/2D-to-3D-image-reconstruction/facescape_224/fsmview_trainset_6_8_mouth_left_5.jpg,0.034393053501844406,0.18404461443424225,0.14965156093239784,9.717826519161463,0.8885666131973267,0.36663028597831726,0.36663028597831726,42.15820799998937,38.83642599998893,real_npy,0,1
741,/mnt/c/Users/Chirayu/Documents/GitHub/2D-to-3D-image-reconstruction/facescape_224/fsmview_trainset_7_11_chin_raiser_27.jpg,0.051070693880319595,0.048432499170303345,-0.0026381947100162506,7.926501519978046,0.6323164105415344,0.3602512776851654,0.3602512776851654,41.01981599998794,43.56939599999521,real_npy,0,1
742,/mnt/c/Users/Chirayu/Documents/GitHub/2D-to-3D-image-reconstruction/facescape_224/fsmview_trainset_2_9_mouth_right_49.jpg,0.5059790015220642,0.48329195380210876,-0.022687047719955444,6.74793291836977,0.6005879640579224,0.45768558979034424,0.45768558979034424,51.18128099999808,36.94941999999912,real_npy,0,1
743,/mnt/c/Users/Chirayu/Documents/GitHub/2D-to-3D-image-reconstruction/facescape_224/fsmview_trainset_16_5_jaw_left_5.jpg,0.04924352467060089,0.05296897143125534,0.0037254467606544495,7.659866362810135,0.6665847897529602,0.3032377362251282,0.3032377362251282,40.24318999999821,43.61299500000371,real_npy,0,1
744,/mnt/c/Users/Chirayu/Documents/GitHub/2D-to-3D-image-reconstruction/facescape_224/fsmview_trainset_7_19_brow_raiser_5.jpg,0.039476197212934494,0.03810156136751175,-0.0013746358454227448,7.592555485665798,0.6568553447723389,0.38517287373542786,0.38517287373542786,46.26915400000087,40.01652600000227,real_npy,0,1
745,/mnt/c/Users/Chirayu/Documents/GitHub/2D-to-3D-image-reconstruction/facescape_224/fsmview_trainset_18_17_cheek_blowing_9.jpg,0.05385761708021164,0.05635469779372215,0.0024970807135105133,8.32549874857068,0.7250857353210449,0.3288955092430115,0.3288955092430115,47.37074500000915,48.24337099999809,real_npy,0,1
746,/mnt/c/Users/Chirayu/Documents/GitHub/2D-to-3D-image-reconstruction/facescape_224/fsmview_trainset_13_19_brow_raiser_30.jpg,0.06573162972927094,0.08116761595010757,0.01543598622083664,8.940947201102972,0.7416867017745972,0.29883304238319397,0.29883304238319397,58.03786799999955,41.85857999999598,real_npy,0,1
747,/mnt/c/Users/Chirayu/Documents/GitHub/2D-to-3D-image-reconstruction/facescape_224/fsmview_trainset_20_13_lip_funneler_20.jpg,0.24525608122348785,0.25879573822021484,0.01353965699672699,7.5944764241576195,0.6456034183502197,0.3514942526817322,0.3514942526817322,43.874598999991576,42.62283100000275,real_npy,0,1
748,/mnt/c/Users/Chirayu/Documents/GitHub/2D-to-3D-image-reconstruction/facescape_224/fsmview_trainset_6_8_mouth_left_35.jpg,0.03686176985502243,0.03936309739947319,0.00250132754445076,8.298815678805113,0.6623846292495728,0.3748590648174286,0.3748590648174286,53.60560199999043,37.88027800000293,real_npy,0,1
749,/mnt/c/Users/Chirayu/Documents/GitHub/2D-to-3D-image-reconstruction/facescape_224/fsmview_trainset_1_2_smile_35.jpg,0.051110636442899704,0.04548215866088867,-0.005628477782011032,8.221352487802505,0.7167868614196777,0.3792344629764557,0.3792344629764557,42.65989099999956,51.604925000006574,real_npy,0,1
750,/mnt/c/Users/Chirayu/Documents/GitHub/2D-to-3D-image-reconstruction/facescape_224/fsmview_trainset_13_15_lip_roll_29.jpg,0.042205050587654114,0.04772338643670082,0.005518335849046707,8.019747074693441,0.6299935579299927,0.36408570408821106,0.36408570408821106,48.47790700000587,46.86838500001045,real_npy,0,1
751,/mnt/c/Users/Chirayu/Documents/GitHub/2D-to-3D-image-reconstruction/facescape_224/fsmview_trainset_16_4_anger_42.jpg,0.06806861609220505,0.07058604806661606,0.0025174319744110107,7.631353594362736,0.7157921195030212,0.4344162046909332,0.4344162046909332,43.039807999988966,42.30686500000047,real_npy,0,1
752,/mnt/c/Users/Chirayu/Documents/GitHub/2D-to-3D-image-reconstruction/facescape_224/fsmview_trainset_4_2_smile_50.jpg,0.044442128390073776,0.04718688502907753,0.0027447566390037537,8.676575295627117,0.7167690992355347,0.3279253840446472,0.3279253840446472,41.45952600001124,39.02941799999837,real_npy,0,1
753,/mnt/c/Users/Chirayu/Documents/GitHub/2D-to-3D-image-reconstruction/facescape_224/fsmview_trainset_14_2_smile_9.jpg,0.1711648553609848,0.15211977064609528,-0.019045084714889526,7.675307855010033,0.7348912954330444,0.5380061268806458,0.5380061268806458,49.347744999991505,39.11490999999501,real_npy,0,1
754,/mnt/c/Users/Chirayu/Documents/GitHub/2D-to-3D-image-reconstruction/facescape_224/fsmview_trainset_16_17_cheek_blowing_39.jpg,0.08727669715881348,0.09791543334722519,0.010638736188411713,8.574438765645027,0.6990627646446228,0.434609055519104,0.434609055519104,41.71165900000062,37.89608900000019,real_npy,0,1
755,/mnt/c/Users/Chirayu/Documents/GitHub/2D-to-3D-image-reconstruction/facescape_224/fsmview_trainset_5_18_eye_closed_31.jpg,0.049508266150951385,0.052319686859846115,0.0028114207088947296,8.436408415436745,0.7037056088447571,0.44612976908683777,0.44612976908683777,39.0890780000035,36.93817100000274,real_npy,0,1
756,/mnt/c/Users/Chirayu/Documents/GitHub/2D-to-3D-image-reconstruction/facescape_224/fsmview_trainset_7_2_smile_19.jpg,0.034907933324575424,0.03661670535802841,0.0017087720334529877,8.665489034261554,0.7092362642288208,0.38084617257118225,0.38084617257118225,50.25994800000433,58.60473100000263,real_npy,0,1
757,/mnt/c/Users/Chirayu/Documents/GitHub/2D-to-3D-image-reconstruction/facescape_224/fsmview_trainset_9_3_mouth_stretch_25.jpg,0.03576396405696869,0.03830057755112648,0.002536613494157791,6.807487327605486,0.6817294359207153,0.2901475429534912,0.2901475429534912,39.82168299999955,37.51169400000265,real_npy,0,1
758,/mnt/c/Users/Chirayu/Documents/GitHub/2D-to-3D-image-reconstruction/facescape_224/fsmview_trainset_1_3_mouth_stretch_35.jpg,0.04382859915494919,60.34949493408203,60.30566633492708,142.96226313710213,60.89263153076172,0.36652398109436035,0.36652398109436035,43.82589699999073,44.578129000001354,real_npy,1,1
759,/mnt/c/Users/Chirayu/Documents/GitHub/2D-to-3D-image-reconstruction/facescape_224/fsmview_trainset_19_18_eye_closed_45.jpg,0.1860075294971466,0.20141680538654327,0.015409275889396667,9.152653256431222,0.7601958513259888,0.36949172616004944,0.36949172616004944,40.82583799998929,46.3598480000087,real_npy,0,1
760,/mnt/c/Users/Chirayu/Documents/GitHub/2D-to-3D-image-reconstruction/facescape_224/fsmview_trainset_9_16_grin_44.jpg,0.17714335024356842,0.17122609913349152,-0.005917251110076904,8.146768219769001,0.765565812587738,0.4131529927253723,0.4131529927253723,38.33101200000044,37.55858499999931,real_npy,0,1
761,/mnt/c/Users/Chirayu/Documents/GitHub/2D-to-3D-image-reconstruction/facescape_224/fsmview_trainset_9_3_mouth_stretch_47.jpg,0.09897152334451675,0.10248012095689774,0.0035085976123809814,8.749276287853718,0.7133728861808777,0.45704323053359985,0.45704323053359985,64.24809600000003,49.27426199999729,real_npy,0,1
762,/mnt/c/Users/Chirayu/Documents/GitHub/2D-to-3D-image-reconstruction/facescape_224/fsmview_trainset_11_1_neutral_28.jpg,0.11410869657993317,0.10868507623672485,-0.005423620343208313,8.822514666244388,0.7167893052101135,0.5702133774757385,0.5702133774757385,55.43065899999533,48.30648899999801,real_npy,0,1
763,/mnt/c/Users/Chirayu/Documents/GitHub/2D-to-3D-image-reconstruction/facescape_224/fsmview_trainset_2_5_jaw_left_57.jpg,0.6715073585510254,0.6853468418121338,0.013839483261108398,7.218268183991313,0.6192139983177185,0.41581279039382935,0.41581279039382935,43.51409999999589,39.05146399999637,real_npy,0,1
764,/mnt/c/Users/Chirayu/Documents/GitHub/2D-to-3D-image-reconstruction/facescape_224/fsmview_trainset_1_4_anger_46.jpg,0.044672004878520966,0.2817251682281494,0.23705316334962845,10.427146734669805,1.040350317955017,0.3540792763233185,0.3540792763233185,53.832849000002625,40.57177299999637,real_npy,0,1
765,/mnt/c/Users/Chirayu/Documents/GitHub/2D-to-3D-image-reconstruction/facescape_224/fsmview_trainset_2_18_eye_closed_29.jpg,0.10335159301757812,0.12979163229465485,0.02644003927707672,8.499152604490519,0.6965149641036987,0.3376842737197876,0.3376842737197876,57.360200999994504,47.74051699999404,real_npy,0,1
766,/mnt/c/Users/Chirayu/Documents/GitHub/2D-to-3D-image-reconstruction/facescape_224/fsmview_trainset_13_3_mouth_stretch_53.jpg,0.051140397787094116,0.051930539309978485,0.0007901415228843689,7.76601260015741,0.681824266910553,0.33256393671035767,0.33256393671035767,65.31760800000086,48.903101999997034,real_npy,0,1
767,/mnt/c/Users/Chirayu/Documents/GitHub/2D-to-3D-image-reconstruction/facescape_224/fsmview_trainset_19_9_mouth_right_24.jpg,0.05660941079258919,0.059581588953733444,0.0029721781611442566,9.325686935335398,0.7869324088096619,0.3574247360229492,0.3574247360229492,44.32642199999748,45.22223800000802,real_npy,0,1
768,/mnt/c/Users/Chirayu/Documents/GitHub/2D-to-3D-image-reconstruction/facescape_224/fsmview_trainset_7_11_chin_raiser_54.jpg,0.06403369456529617,0.06515751034021378,0.0011238157749176025,7.928448066115379,0.6989291310310364,0.417485773563385,0.417485773563385,43.207941999995114,37.20293799999297,real_npy,0,1
769,/mnt/c/Users/Chirayu/Documents/GitHub/2D-to-3D-image-reconstruction/facescape_224/fsmview_trainset_7_11_chin_raiser_5.jpg,0.03669826313853264,0.03723214939236641,0.0005338862538337708,8.0053083114326,0.6668453216552734,0.3535841405391693,0.3535841405391693,48.50084100000629,37.39559400000303,real_npy,0,1
770,/mnt/c/Users/Chirayu/Documents/GitHub/2D-to-3D-image-reconstruction/facescape_224/fsmview_trainset_7_7_jaw_forward_34.jpg,0.06422673910856247,0.0679570659995079,0.0037303268909454346,7.895921856164932,0.6775451898574829,0.4486370384693146,0.4486370384693146,39.54782399999601,35.338353999989636,real_npy,0,1
771,/mnt/c/Users/Chirayu/Documents/GitHub/2D-to-3D-image-reconstruction/facescape_224/fsmview_trainset_11_5_jaw_left_29.jpg,0.2868396043777466,0.7457684278488159,0.45892882347106934,20.03679847344756,1.9867340326309204,0.44208765029907227,0.44208765029907227,43.82830000000126,42.81508599999029,real_npy,0,1
772,/mnt/c/Users/Chirayu/Documents/GitHub/2D-to-3D-image-reconstruction/facescape_224/fsmview_trainset_6_8_mouth_left_39.jpg,0.0676228478550911,0.06807488948106766,0.0004520416259765625,8.345680564641953,0.7152239084243774,0.31498438119888306,0.31498438119888306,40.807283999996,43.252352999999744,real_npy,0,1
773,/mnt/c/Users/Chirayu/Documents/GitHub/2D-to-3D-image-reconstruction/facescape_224/fsmview_trainset_13_8_mouth_left_38.jpg,0.10700508952140808,0.09841212630271912,-0.008592963218688965,7.289494693279266,0.6565633416175842,0.4103967547416687,0.4103967547416687,39.07473200000311,33.95644699999423,real_npy,0,1
774,/mnt/c/Users/Chirayu/Documents/GitHub/2D-to-3D-image-reconstruction/facescape_224/fsmview_trainset_20_16_grin_11.jpg,0.08290956914424896,0.11594004929065704,0.03303048014640808,7.21184416860342,0.6998741626739502,0.5406946539878845,0.5406946539878845,43.585241000002384,38.50740199999336,real_npy,0,1
775,/mnt/c/Users/Chirayu/Documents/GitHub/2D-to-3D-image-reconstruction/facescape_224/fsmview_trainset_12_8_mouth_left_25.jpg,0.03218881040811539,0.03366471827030182,0.0014759078621864319,8.287518832832575,0.6867902278900146,0.48155808448791504,0.48155808448791504,39.23729299999934,47.44044299999928,real_npy,0,1
776,/mnt/c/Users/Chirayu/Documents/GitHub/2D-to-3D-image-reconstruction/facescape_224/fsmview_trainset_3_11_chin_raiser_35.jpg,0.039290495216846466,0.03922940790653229,-6.108731031417847e-05,7.937327798455954,0.6364321708679199,0.4249761998653412,0.4249761998653412,46.68188599998757,51.761412000004725,real_npy,0,1
777,/mnt/c/Users/Chirayu/Documents/GitHub/2D-to-3D-image-reconstruction/facescape_224/fsmview_trainset_9_11_chin_raiser_17.jpg,0.04787154123187065,0.04834511876106262,0.0004735775291919708,8.619894298259169,0.7050374150276184,0.29898807406425476,0.29898807406425476,48.34902800000407,33.85401399999921,real_npy,0,1
778,/mnt/c/Users/Chirayu/Documents/GitHub/2D-to-3D-image-reconstruction/facescape_224/fsmview_trainset_12_20_brow_lower_13.jpg,0.03217508643865585,0.03426506370306015,0.002089977264404297,8.098323317244649,0.6668145060539246,0.4750092625617981,0.4750092625617981,39.957637000000545,50.19395399999382,real_npy,0,1
779,/mnt/c/Users/Chirayu/Documents/GitHub/2D-to-3D-image-reconstruction/facescape_224/fsmview_trainset_9_12_lip_puckerer_17.jpg,0.0366639606654644,0.07651512324810028,0.03985116258263588,6.752761632204056,0.6029180884361267,0.3093951344490051,0.3093951344490051,35.01915600000416,47.70963099998937,real_npy,0,1
780,/mnt/c/Users/Chirayu/Documents/GitHub/2D-to-3D-image-reconstruction/facescape_224/fsmview_trainset_11_9_mouth_right_30.jpg,0.0387607142329216,0.6033762693405151,0.5646155551075935,16.051807647105306,1.546501874923706,0.4802728593349457,0.4802728593349457,36.406785000011155,37.69423800000027,real_npy,0,1
781,/mnt/c/Users/Chirayu/Documents/GitHub/2D-to-3D-image-reconstruction/facescape_224/fsmview_trainset_4_18_eye_closed_0.jpg,0.16209456324577332,0.16720116138458252,0.005106598138809204,8.081088051199913,0.6982312798500061,0.26896488666534424,0.26896488666534424,41.534200000000965,37.18082700000025,real_npy,0,1
782,/mnt/c/Users/Chirayu/Documents/GitHub/2D-to-3D-image-reconstruction/facescape_224/fsmview_trainset_14_20_brow_lower_56.jpg,0.05627748742699623,0.05303169786930084,-0.003245789557695389,7.975820494815707,0.7414889335632324,0.3559594750404358,0.3559594750404358,59.13494700000399,62.9857700000116,real_npy,0,1
783,/mnt/c/Users/Chirayu/Documents/GitHub/2D-to-3D-image-reconstruction/facescape_224/fsmview_trainset_20_17_cheek_blowing_10.jpg,0.08141492307186127,0.1054089143872261,0.023993991315364838,6.758015230298042,0.6062290072441101,0.49489882588386536,0.49489882588386536,43.3679859999927,34.4643480000002,real_npy,0,1
784,/mnt/c/Users/Chirayu/Documents/GitHub/2D-to-3D-image-reconstruction/facescape_224/fsmview_trainset_17_3_mouth_stretch_36.jpg,0.21665161848068237,0.23025460541248322,0.013602986931800842,7.605135940015316,0.6431307792663574,0.34991225600242615,0.34991225600242615,39.979297000002134,37.92452999999796,real_npy,0,1
785,/mnt/c/Users/Chirayu/Documents/GitHub/2D-to-3D-image-reconstruction/facescape_224/fsmview_trainset_19_18_eye_closed_47.jpg,0.05506782606244087,0.05852498859167099,0.003457162529230118,8.761857207864523,0.7035349607467651,0.3438256084918976,0.3438256084918976,48.658224999996946,42.27406699999392,real_npy,0,1
786,/mnt/c/Users/Chirayu/Documents/GitHub/2D-to-3D-image-reconstruction/facescape_224/fsmview_trainset_2_8_mouth_left_26.jpg,0.03699434921145439,0.03998274356126785,0.0029883943498134613,8.191027864813805,0.6653164625167847,0.343899667263031,0.343899667263031,42.395284999997784,44.05684799999676,real_npy,0,1
787,/mnt/c/Users/Chirayu/Documents/GitHub/2D-to-3D-image-reconstruction/facescape_224/fsmview_trainset_19_18_eye_closed_48.jpg,0.0674876794219017,0.07601283490657806,0.008525155484676361,8.232559077441692,0.7150342464447021,0.3252069652080536,0.3252069652080536,55.949255000001585,39.63055599999166,real_npy,0,1
788,/mnt/c/Users/Chirayu/Documents/GitHub/2D-to-3D-image-reconstruction/facescape_224/fsmview_trainset_12_7_jaw_forward_28.jpg,0.049748484045267105,0.05784257501363754,0.008094090968370438,8.977974966168404,0.7423456907272339,0.4929535388946533,0.4929535388946533,56.23277000000826,42.963721999996096,real_npy,0,1
789,/mnt/c/Users/Chirayu/Documents/GitHub/2D-to-3D-image-reconstruction/facescape_224/fsmview_trainset_2_20_brow_lower_4.jpg,0.18829959630966187,0.18925701081752777,0.0009574145078659058,8.89656127244234,0.7195956707000732,0.46353235840797424,0.46353235840797424,39.83322899999564,52.74757300000488,real_npy,0,1
790,/mnt/c/Users/Chirayu/Documents/GitHub/2D-to-3D-image-reconstruction/facescape_224/fsmview_trainset_2_10_dimpler_48.jpg,0.1634509116411209,0.1668180227279663,0.003367111086845398,9.216289177536964,0.7848478555679321,0.49096736311912537,0.49096736311912537,39.57414799999981,37.157840000006104,real_npy,0,1
791,/mnt/c/Users/Chirayu/Documents/GitHub/2D-to-3D-image-reconstruction/facescape_224/fsmview_trainset_3_5_jaw_left_19.jpg,0.05362766608595848,0.05447199195623398,0.0008443258702754974,8.364635983947664,0.6829324960708618,0.39582669734954834,0.39582669734954834,37.599321999991275,37.25417199999015,real_npy,0,1
792,/mnt/c/Users/Chirayu/Documents/GitHub/2D-to-3D-image-reconstruction/facescape_224/fsmview_trainset_1_15_lip_roll_22.jpg,0.03469416871666908,4.170071125030518,4.1353769563138485,41.92077526450157,5.15268611907959,0.3719750940799713,0.3719750940799713,42.21670899998742,58.632105000000934,real_npy,1,1
793,/mnt/c/Users/Chirayu/Documents/GitHub/2D-to-3D-image-reconstruction/facescape_224/fsmview_trainset_2_1_neutral_20.jpg,0.06881892681121826,0.07287554442882538,0.004056617617607117,9.59567460976541,0.7814154028892517,0.4262562394142151,0.4262562394142151,45.807830000001104,34.20477499999208,real_npy,0,1
794,/mnt/c/Users/Chirayu/Documents/GitHub/2D-to-3D-image-reconstruction/facescape_224/fsmview_trainset_16_7_jaw_forward_20.jpg,0.055483732372522354,0.05303183197975159,-0.002451900392770767,8.663284215144813,0.7299449443817139,0.37862852215766907,0.37862852215766907,46.84239299999149,38.656819999999925,real_npy,0,1
795,/mnt/c/Users/Chirayu/Documents/GitHub/2D-to-3D-image-reconstruction/facescape_224/fsmview_trainset_3_3_mouth_stretch_9.jpg,0.04480423778295517,0.04477216675877571,-3.207102417945862e-05,7.50484674423933,0.7012110352516174,0.36929386854171753,0.36929386854171753,40.04204199999606,42.31368199999963,real_npy,0,1
796,/mnt/c/Users/Chirayu/Documents/GitHub/2D-to-3D-image-reconstruction/facescape_224/fsmview_trainset_3_10_dimpler_3.jpg,0.04803093522787094,0.044609274715185165,-0.0034216605126857758,7.341099366545677,0.6526203751564026,0.3729389011859894,0.3729389011859894,38.750616000001514,52.98544900000479,real_npy,0,1
797,/mnt/c/Users/Chirayu/Documents/GitHub/2D-to-3D-image-reconstruction/facescape_224/fsmview_trainset_16_18_eye_closed_9.jpg,0.044394250959157944,0.049240320920944214,0.00484606996178627,8.371194705367088,0.7346084117889404,0.33470407128334045,0.33470407128334045,48.22380200000964,52.96010399999318,real_npy,0,1
798,/mnt/c/Users/Chirayu/Documents/GitHub/2D-to-3D-image-reconstruction/facescape_224/fsmview_trainset_6_5_jaw_left_36.jpg,0.13019126653671265,0.13979829847812653,0.00960703194141388,7.499214388430119,0.695621907711029,0.31715142726898193,0.31715142726898193,41.857938999996236,45.035961000010616,real_npy,0,1
799,/mnt/c/Users/Chirayu/Documents/GitHub/2D-to-3D-image-reconstruction/facescape_224/fsmview_trainset_13_19_brow_raiser_14.jpg,0.06646732985973358,0.06398724764585495,-0.0024800822138786316,9.102411637082696,0.7862895131111145,0.46205028891563416,0.46205028891563416,38.1286369999998,54.7458129999967,real_npy,0,1
800,/mnt/c/Users/Chirayu/Documents/GitHub/2D-to-3D-image-reconstruction/facescape_224/fsmview_trainset_12_9_mouth_right_6.jpg,0.06265511363744736,0.06258150935173035,-7.36042857170105e-05,8.54424474388361,0.7283841371536255,0.5988399982452393,0.5988399982452393,49.17390600000715,45.77651600000365,real_npy,0,1
801,/mnt/c/Users/Chirayu/Documents/GitHub/2D-to-3D-image-reconstruction/facescape_224/fsmview_trainset_3_10_dimpler_33.jpg,0.20023775100708008,0.19966427981853485,-0.000573471188545227,6.618833541870117,0.6349420547485352,0.5181901454925537,0.5181901454925537,55.732833999996956,47.924433000005706,real_npy,0,1
802,/mnt/c/Users/Chirayu/Documents/GitHub/2D-to-3D-image-reconstruction/facescape_224/fsmview_trainset_8_19_brow_raiser_15.jpg,0.14068721234798431,0.1470499038696289,0.006362691521644592,8.00155608355999,0.6730349063873291,0.40599364042282104,0.40599364042282104,45.093536000010204,39.132782000010025,real_npy,0,1
803,/mnt/c/Users/Chirayu/Documents/GitHub/2D-to-3D-image-reconstruction/facescape_224/fsmview_trainset_5_17_cheek_blowing_23.jpg,0.03653952479362488,0.5306949615478516,0.4941554367542267,14.984134888276458,1.486378788948059,0.3428521752357483,0.3428521752357483,51.11295500000779,44.662929999987,real_npy,0,1
804,/mnt/c/Users/Chirayu/Documents/GitHub/2D-to-3D-image-reconstruction/facescape_224/fsmview_trainset_9_7_jaw_forward_23.jpg,0.03897424787282944,0.22938977181911469,0.19041552394628525,10.99291307432577,0.9730756878852844,0.31111472845077515,0.31111472845077515,36.588786999999456,54.816579999993564,real_npy,0,1
805,/mnt/c/Users/Chirayu/Documents/GitHub/2D-to-3D-image-reconstruction/facescape_224/fsmview_trainset_18_7_jaw_forward_54.jpg,0.07015187293291092,0.07594737410545349,0.005795501172542572,8.134317237883806,0.7232390642166138,0.3733169436454773,0.3733169436454773,39.46783300000334,37.19788800000856,real_npy,0,1
806,/mnt/c/Users/Chirayu/Documents/GitHub/2D-to-3D-image-reconstruction/facescape_224/fsmview_trainset_6_12_lip_puckerer_55.jpg,0.06159678474068642,0.06478994339704514,0.003193158656358719,8.254091441631317,0.7153667211532593,0.397098571062088,0.397098571062088,43.55856200000119,44.21270000000277,real_npy,0,1
807,/mnt/c/Users/Chirayu/Documents/GitHub/2D-to-3D-image-reconstruction/facescape_224/fsmview_trainset_8_14_sadness_2.jpg,0.0533340647816658,0.05011889711022377,-0.003215167671442032,7.599654734134674,0.6814423203468323,0.27665093541145325,0.27665093541145325,38.600025999997456,40.04125500000555,real_npy,0,1
808,/mnt/c/Users/Chirayu/Documents/GitHub/2D-to-3D-image-reconstruction/facescape_224/fsmview_trainset_20_1_neutral_43.jpg,0.07923250645399094,0.08213379979133606,0.0029012933373451233,8.150530770421028,0.6908232569694519,0.5506426095962524,0.5506426095962524,45.231701999995266,39.50693000000172,real_npy,0,1
809,/mnt/c/Users/Chirayu/Documents/GitHub/2D-to-3D-image-reconstruction/facescape_224/fsmview_trainset_19_6_jaw_right_37.jpg,0.13714970648288727,0.18941329419612885,0.05226358771324158,9.258612958714366,0.7693784236907959,0.4060257375240326,0.4060257375240326,47.200214000000074,46.8280039999911,real_npy,0,1
810,/mnt/c/Users/Chirayu/Documents/GitHub/2D-to-3D-image-reconstruction/facescape_224/fsmview_trainset_6_3_mouth_stretch_46.jpg,0.12177934497594833,0.11581659317016602,-0.005962751805782318,7.961712598800659,0.7388166785240173,0.3971138298511505,0.3971138298511505,38.819946000003824,55.83604200000991,real_npy,0,1
811,/mnt/c/Users/Chirayu/Documents/GitHub/2D-to-3D-image-reconstruction/facescape_224/fsmview_trainset_7_6_jaw_right_5.jpg,0.04107965528964996,0.034702155739068985,-0.006377499550580978,7.817301571369171,0.6712941527366638,0.3494514226913452,0.3494514226913452,47.660282999999026,39.786472999992384,real_npy,0,1
812,/mnt/c/Users/Chirayu/Documents/GitHub/2D-to-3D-image-reconstruction/facescape_224/fsmview_trainset_18_15_lip_roll_5.jpg,0.04205632209777832,0.04561332240700722,0.003557000309228897,8.438962250947952,0.7256500720977783,0.338261216878891,0.338261216878891,39.270612999999344,38.66511100000025,real_npy,0,1
813,/mnt/c/Users/Chirayu/Documents/GitHub/2D-to-3D-image-reconstruction/facescape_224/fsmview_trainset_13_6_jaw_right_19.jpg,0.14168930053710938,0.1482914835214615,0.006602182984352112,8.047710500657558,0.6574879288673401,0.32488134503364563,0.32488134503364563,55.71432799999343,44.15547100001049,real_npy,0,1
814,/mnt/c/Users/Chirayu/Documents/GitHub/2D-to-3D-image-reconstruction/facescape_224/fsmview_trainset_11_8_mouth_left_39.jpg,0.28150519728660583,0.2795203626155853,-0.001984834671020508,7.918523453176022,0.7191608548164368,0.5550031661987305,0.5550031661987305,48.62047900000732,47.12057700000116,real_npy,0,1
815,/mnt/c/Users/Chirayu/Documents/GitHub/2D-to-3D-image-reconstruction/facescape_224/fsmview_trainset_14_19_brow_raiser_26.jpg,0.046705394983291626,0.06008629873394966,0.013380903750658035,8.04900497943163,0.7564435005187988,0.4956153333187103,0.4956153333187103,47.5463340000033,43.25801599999579,real_npy,0,1
816,/mnt/c/Users/Chirayu/Documents/GitHub/2D-to-3D-image-reconstruction/facescape_224/fsmview_trainset_8_1_neutral_55.jpg,0.0493127778172493,0.0521397739648819,0.002826996147632599,7.705486543476582,0.7042602896690369,0.2679924964904785,0.2679924964904785,60.85953500000585,47.90817299999617,real_npy,0,1
817,/mnt/c/Users/Chirayu/Documents/GitHub/2D-to-3D-image-reconstruction/facescape_224/fsmview_trainset_19_4_anger_44.jpg,0.6581929326057434,0.5946829319000244,-0.063510000705719,7.533553816378117,0.695927619934082,0.44136425852775574,0.44136425852775574,53.962550999997916,44.247747000000004,real_npy,0,1
818,/mnt/c/Users/Chirayu/Documents/GitHub/2D-to-3D-image-reconstruction/facescape_224/fsmview_trainset_12_18_eye_closed_16.jpg,0.05053788796067238,0.0483391173183918,-0.0021987706422805786,8.890285536646843,0.7414113879203796,0.5039554834365845,0.5039554834365845,41.0074329999901,34.997032999996236,real_npy,0,1
819,/mnt/c/Users/Chirayu/Documents/GitHub/2D-to-3D-image-reconstruction/facescape_224/fsmview_trainset_12_13_lip_funneler_26.jpg,0.5272263884544373,0.49518507719039917,-0.032041311264038086,7.525068491697311,0.6837942600250244,0.5514529347419739,0.5514529347419739,47.01873700000192,34.4288339999963,template_fallback,0,1
820,/mnt/c/Users/Chirayu/Documents/GitHub/2D-to-3D-image-reconstruction/facescape_224/fsmview_trainset_3_18_eye_closed_7.jpg,0.06461403518915176,0.07568647712469101,0.011072441935539246,8.295355249196291,0.714837908744812,0.29073479771614075,0.29073479771614075,48.50301500000853,60.84930500000496,real_npy,0,1
821,/mnt/c/Users/Chirayu/Documents/GitHub/2D-to-3D-image-reconstruction/facescape_224/fsmview_trainset_4_7_jaw_forward_49.jpg,0.0830409824848175,0.08713189512491226,0.004090912640094757,8.06007443740964,0.780267059803009,0.30279919505119324,0.30279919505119324,41.75693300000205,38.207279999994626,real_npy,0,1
822,/mnt/c/Users/Chirayu/Documents/GitHub/2D-to-3D-image-reconstruction/facescape_224/fsmview_trainset_13_15_lip_roll_2.jpg,1.1471030712127686,1.1099646091461182,-0.03713846206665039,6.07949547842145,0.6370872259140015,0.35604485869407654,0.35604485869407654,38.847095999997805,38.636170000003744,real_npy,0,0
823,/mnt/c/Users/Chirayu/Documents/GitHub/2D-to-3D-image-reconstruction/facescape_224/fsmview_trainset_2_8_mouth_left_1.jpg,0.19661831855773926,0.1882341504096985,-0.008384168148040771,7.983752116560936,0.6904281973838806,0.49299007654190063,0.49299007654190063,38.22011500000144,35.48546300000055,real_npy,0,1
824,/mnt/c/Users/Chirayu/Documents/GitHub/2D-to-3D-image-reconstruction/facescape_224/fsmview_trainset_2_12_lip_puckerer_39.jpg,0.1129688173532486,0.1157572865486145,0.0027884691953659058,8.013347879052162,0.7027380466461182,0.43704965710639954,0.43704965710639954,39.89235599999574,34.69298999999637,real_npy,0,1
825,/mnt/c/Users/Chirayu/Documents/GitHub/2D-to-3D-image-reconstruction/facescape_224/fsmview_trainset_4_1_neutral_52.jpg,0.037603169679641724,0.03684195876121521,-0.0007612109184265137,9.02847033040598,0.7609020471572876,0.21823973953723907,0.21823973953723907,61.0786959999956,46.42117699999915,real_npy,0,1
826,/mnt/c/Users/Chirayu/Documents/GitHub/2D-to-3D-image-reconstruction/facescape_224/fsmview_trainset_11_5_jaw_left_62.jpg,0.4700565040111542,0.4654935896396637,-0.0045629143714904785,8.114061562344432,0.7602478861808777,0.5306856036186218,0.5306856036186218,38.30202800000393,41.79001300001062,real_npy,0,1
827,/mnt/c/Users/Chirayu/Documents/GitHub/2D-to-3D-image-reconstruction/facescape_224/fsmview_trainset_10_8_mouth_left_4.jpg,0.042800817638635635,0.048543915152549744,0.005743097513914108,7.51114659011364,0.6474575996398926,0.22105072438716888,0.22105072438716888,49.1077300000029,44.481763999996815,real_npy,0,1
828,/mnt/c/Users/Chirayu/Documents/GitHub/2D-to-3D-image-reconstruction/facescape_224/fsmview_trainset_3_8_mouth_left_12.jpg,0.09115967899560928,0.10996884852647781,0.01880916953086853,7.792324505746365,0.7058438062667847,0.24961692094802856,0.24961692094802856,40.69064500001218,38.42845999999156,real_npy,0,1
829,/mnt/c/Users/Chirayu/Documents/GitHub/2D-to-3D-image-reconstruction/facescape_224/fsmview_trainset_19_12_lip_puckerer_11.jpg,0.07279931753873825,0.07611384987831116,0.0033145323395729065,8.648617032915354,0.7239825129508972,0.3277492821216583,0.3277492821216583,41.5835780000009,42.7726650000011,real_npy,0,1
830,/mnt/c/Users/Chirayu/Documents/GitHub/2D-to-3D-image-reconstruction/facescape_224/fsmview_trainset_5_7_jaw_forward_2.jpg,0.06330715119838715,0.05812899395823479,-0.005178157240152359,8.593661271035671,0.6842770576477051,0.44452786445617676,0.44452786445617676,43.64284599998314,35.71899299998904,real_npy,0,1
831,/mnt/c/Users/Chirayu/Documents/GitHub/2D-to-3D-image-reconstruction/facescape_224/fsmview_trainset_11_15_lip_roll_45.jpg,0.05724090710282326,0.08474879711866379,0.02750789001584053,7.632563926279545,0.7208059430122375,0.6428841948509216,0.6428841948509216,43.18434000001048,32.84458900000686,real_npy,0,1
832,/mnt/c/Users/Chirayu/Documents/GitHub/2D-to-3D-image-reconstruction/facescape_224/fsmview_trainset_8_5_jaw_left_15.jpg,0.08968117088079453,0.08968181908130646,6.48200511932373e-07,7.792077913880348,0.6251145005226135,0.40998750925064087,0.40998750925064087,44.09581900000603,39.774410999996235,real_npy,0,1
833,/mnt/c/Users/Chirayu/Documents/GitHub/2D-to-3D-image-reconstruction/facescape_224/fsmview_trainset_16_3_mouth_stretch_1.jpg,0.02894325740635395,0.03143632784485817,0.002493070438504219,7.318397408351302,0.6297684907913208,0.3042123317718506,0.3042123317718506,38.039856000011696,39.80862000000229,real_npy,0,1
834,/mnt/c/Users/Chirayu/Documents/GitHub/2D-to-3D-image-reconstruction/facescape_224/fsmview_trainset_5_16_grin_19.jpg,0.042969368398189545,0.04616567865014076,0.0031963102519512177,8.838530588895082,0.7365859150886536,0.3534547984600067,0.3534547984600067,59.606586000001016,37.977881999978536,real_npy,0,1
835,/mnt/c/Users/Chirayu/Documents/GitHub/2D-to-3D-image-reconstruction/facescape_224/fsmview_trainset_3_4_anger_23.jpg,0.029982181265950203,0.03129257261753082,0.0013103913515806198,7.690202182158828,0.6529104113578796,0.33128562569618225,0.33128562569618225,41.63189300001591,49.56574100000921,real_npy,0,1
836,/mnt/c/Users/Chirayu/Documents/GitHub/2D-to-3D-image-reconstruction/facescape_224/fsmview_trainset_13_15_lip_roll_55.jpg,0.07644295692443848,0.09302649646997452,0.01658353954553604,8.093225473538041,0.6888055205345154,0.3074433207511902,0.3074433207511902,52.28815200001691,44.041537000026665,real_npy,0,1
837,/mnt/c/Users/Chirayu/Documents/GitHub/2D-to-3D-image-reconstruction/facescape_224/fsmview_trainset_8_11_chin_raiser_9.jpg,0.04500327259302139,0.0396563746035099,-0.00534689798951149,8.06234822422266,0.6588693261146545,0.22955112159252167,0.22955112159252167,41.01717000000349,67.41598499999668,real_npy,0,1
838,/mnt/c/Users/Chirayu/Documents/GitHub/2D-to-3D-image-reconstruction/facescape_224/fsmview_trainset_5_2_smile_11.jpg,0.23863554000854492,0.2242879569530487,-0.014347583055496216,7.017863392829895,0.701522171497345,0.5780972838401794,0.5780972838401794,51.075698999994756,50.69412599999623,real_npy,0,1
839,/mnt/c/Users/Chirayu/Documents/GitHub/2D-to-3D-image-reconstruction/facescape_224/fsmview_trainset_20_10_dimpler_10.jpg,0.08572249114513397,0.08374913781881332,-0.001973353326320648,7.683988448232412,0.6884196400642395,0.570749044418335,0.570749044418335,51.27057900000409,38.31956400000536,real_npy,0,1
840,/mnt/c/Users/Chirayu/Documents/GitHub/2D-to-3D-image-reconstruction/facescape_224/fsmview_trainset_3_20_brow_lower_7.jpg,0.053288478404283524,0.06904631108045578,0.015757832676172256,8.166670393198729,0.7095814347267151,0.2863719165325165,0.2863719165325165,42.11834099999123,53.94045200000619,real_npy,0,1
841,/mnt/c/Users/Chirayu/Documents/GitHub/2D-to-3D-image-reconstruction/facescape_224/fsmview_trainset_4_19_brow_raiser_19.jpg,0.040167439728975296,0.03940194100141525,-0.0007654987275600433,8.92108784802258,0.7357754111289978,0.27928292751312256,0.27928292751312256,43.94095200001402,40.46977300001231,real_npy,0,1
842,/mnt/c/Users/Chirayu/Documents/GitHub/2D-to-3D-image-reconstruction/facescape_224/fsmview_trainset_11_7_jaw_forward_28.jpg,0.0835041031241417,0.07579782605171204,-0.007706277072429657,9.125787556171417,0.7325992584228516,0.5489073991775513,0.5489073991775513,40.07876899999019,39.09886600001755,real_npy,0,1
843,/mnt/c/Users/Chirayu/Documents/GitHub/2D-to-3D-image-reconstruction/facescape_224/fsmview_trainset_13_18_eye_closed_45.jpg,0.06838855892419815,0.06858549267053604,0.00019693374633789062,8.29284006357193,0.6873915791511536,0.40348172187805176,0.40348172187805176,42.658602000017254,42.36848399997939,real_npy,0,1
844,/mnt/c/Users/Chirayu/Documents/GitHub/2D-to-3D-image-reconstruction/facescape_224/fsmview_trainset_6_10_dimpler_17.jpg,0.040600474923849106,0.04253244772553444,0.0019319728016853333,8.168795358389616,0.6918133497238159,0.3702225387096405,0.3702225387096405,42.94808900002067,33.59979100000032,real_npy,0,1
845,/mnt/c/Users/Chirayu/Documents/GitHub/2D-to-3D-image-reconstruction/facescape_224/fsmview_trainset_2_4_anger_44.jpg,0.5318877100944519,0.5214992761611938,-0.010388433933258057,7.015700250864029,0.6353715062141418,0.49110960960388184,0.49110960960388184,40.35683099999687,39.00036699999987,real_npy,0,1
846,/mnt/c/Users/Chirayu/Documents/GitHub/2D-to-3D-image-reconstruction/facescape_224/fsmview_trainset_13_6_jaw_right_38.jpg,0.051856860518455505,0.04947241023182869,-0.002384450286626816,7.901003010571003,0.7075474858283997,0.3451143801212311,0.3451143801212311,46.20868999998606,38.91986700000416,real_npy,0,1
847,/mnt/c/Users/Chirayu/Documents/GitHub/2D-to-3D-image-reconstruction/facescape_224/fsmview_trainset_11_1_neutral_66.jpg,0.24296480417251587,0.2353781759738922,-0.007586628198623657,7.54127112030983,0.6344452500343323,0.5062687397003174,0.5062687397003174,38.998652999993055,38.68425899997874,real_npy,0,1
848,/mnt/c/Users/Chirayu/Documents/GitHub/2D-to-3D-image-reconstruction/facescape_224/fsmview_trainset_17_9_mouth_right_55.jpg,0.0626116394996643,0.06270106881856918,8.942931890487671e-05,8.352518398314714,0.6949406266212463,0.3769940435886383,0.3769940435886383,47.526411000006874,38.57900099998801,real_npy,0,1
849,/mnt/c/Users/Chirayu/Documents/GitHub/2D-to-3D-image-reconstruction/facescape_224/fsmview_trainset_15_14_sadness_34.jpg,0.1647220402956009,0.17794206738471985,0.013220027089118958,7.792896501719952,0.6441972851753235,0.5756279826164246,0.5756279826164246,39.958206000022756,36.507873999994445,real_npy,0,1
850,/mnt/c/Users/Chirayu/Documents/GitHub/2D-to-3D-image-reconstruction/facescape_224/fsmview_trainset_10_19_brow_raiser_32.jpg,0.041689641773700714,0.04490281641483307,0.0032131746411323547,7.606534607708454,0.6668423414230347,0.29583609104156494,0.29583609104156494,37.12425400001962,33.88280699999768,real_npy,0,1
851,/mnt/c/Users/Chirayu/Documents/GitHub/2D-to-3D-image-reconstruction/facescape_224/fsmview_trainset_19_5_jaw_left_45.jpg,0.17687547206878662,0.21183624863624573,0.034960776567459106,8.96876796334982,0.8044447898864746,0.3715129792690277,0.3715129792690277,67.67695499999604,39.198738999999705,real_npy,0,1
852,/mnt/c/Users/Chirayu/Documents/GitHub/2D-to-3D-image-reconstruction/facescape_224/fsmview_trainset_7_9_mouth_right_1.jpg,0.058222945779561996,0.05808163434267044,-0.00014131143689155579,7.994757175445557,0.7013224959373474,0.41748732328414917,0.41748732328414917,45.21575399999733,37.42586499998879,real_npy,0,1
853,/mnt/c/Users/Chirayu/Documents/GitHub/2D-to-3D-image-reconstruction/facescape_224/fsmview_trainset_17_13_lip_funneler_13.jpg,0.06644771993160248,0.0715533122420311,0.005105592310428619,8.374640885740519,0.6956270933151245,0.39738038182258606,0.39738038182258606,42.081297000009954,44.08315500000981,real_npy,0,1
854,/mnt/c/Users/Chirayu/Documents/GitHub/2D-to-3D-image-reconstruction/facescape_224/fsmview_trainset_1_7_jaw_forward_41.jpg,0.13131624460220337,0.12255539745092392,-0.00876084715127945,7.912715703248978,0.7382693886756897,0.44199734926223755,0.44199734926223755,41.097506999989264,43.734809999989466,real_npy,0,1
855,/mnt/c/Users/Chirayu/Documents/GitHub/2D-to-3D-image-reconstruction/facescape_224/fsmview_trainset_10_18_eye_closed_55.jpg,0.04833795875310898,0.04936479404568672,0.0010268352925777435,8.209496235940605,0.6981374025344849,0.29219305515289307,0.29219305515289307,40.710326999999324,38.62836600001174,real_npy,0,1
856,/mnt/c/Users/Chirayu/Documents/GitHub/2D-to-3D-image-reconstruction/facescape_224/fsmview_trainset_13_9_mouth_right_37.jpg,0.07556932419538498,0.07406826317310333,-0.0015010610222816467,8.046837568283081,0.690957248210907,0.4041873514652252,0.4041873514652252,51.8775230000017,39.49060100001134,real_npy,0,1
857,/mnt/c/Users/Chirayu/Documents/GitHub/2D-to-3D-image-reconstruction/facescape_224/fsmview_trainset_10_5_jaw_left_3.jpg,0.05849846079945564,0.058193955570459366,-0.00030450522899627686,7.714416176080704,0.711207926273346,0.33603864908218384,0.33603864908218384,40.686246999996456,38.52951100000723,real_npy,0,1
858,/mnt/c/Users/Chirayu/Documents/GitHub/2D-to-3D-image-reconstruction/facescape_224/fsmview_trainset_13_16_grin_3.jpg,0.04443541169166565,0.041983652859926224,-0.0024517588317394257,8.298794813454151,0.6525383591651917,0.43899664282798767,0.43899664282798767,40.283432999984825,40.817102000005434,real_npy,0,1
859,/mnt/c/Users/Chirayu/Documents/GitHub/2D-to-3D-image-reconstruction/facescape_224/fsmview_trainset_15_14_sadness_42.jpg,0.3133206069469452,0.31871938705444336,0.005398780107498169,8.439998269081116,0.7401731610298157,0.49940863251686096,0.49940863251686096,43.807383000000755,39.17663299998253,real_npy,0,1
860,/mnt/c/Users/Chirayu/Documents/GitHub/2D-to-3D-image-reconstruction/facescape_224/fsmview_trainset_17_1_neutral_58.jpg,0.8588335514068604,0.8622283339500427,0.003394782543182373,6.467252966016531,0.6667140126228333,0.19829216599464417,0.19829216599464417,49.1421790000004,40.40168299999891,real_npy,0,0
861,/mnt/c/Users/Chirayu/Documents/GitHub/2D-to-3D-image-reconstruction/facescape_224/fsmview_trainset_8_6_jaw_right_48.jpg,0.14403806626796722,0.1381683051586151,-0.005869761109352112,7.436785727739334,0.6815654039382935,0.3030596375465393,0.3030596375465393,67.14383400000656,36.88792500000204,real_npy,0,1
862,/mnt/c/Users/Chirayu/Documents/GitHub/2D-to-3D-image-reconstruction/facescape_224/fsmview_trainset_13_8_mouth_left_32.jpg,0.03925669193267822,0.036997754126787186,-0.002258937805891037,8.85652033239603,0.7236356139183044,0.4317830204963684,0.4317830204963684,40.25079999999548,40.5112119999842,real_npy,0,1
863,/mnt/c/Users/Chirayu/Documents/GitHub/2D-to-3D-image-reconstruction/facescape_224/fsmview_trainset_14_17_cheek_blowing_18.jpg,0.0693376362323761,0.062048617750406265,-0.007289018481969833,7.886292062699795,0.6622021794319153,0.5182579755783081,0.5182579755783081,41.63797900000077,64.7810879999895,real_npy,0,1
864,/mnt/c/Users/Chirayu/Documents/GitHub/2D-to-3D-image-reconstruction/facescape_224/fsmview_trainset_18_17_cheek_blowing_18.jpg,0.05724235996603966,0.05700559541583061,-0.0002367645502090454,9.094697675667703,0.7428532838821411,0.41484832763671875,0.41484832763671875,40.42857700000013,37.91156099998716,real_npy,0,1
865,/mnt/c/Users/Chirayu/Documents/GitHub/2D-to-3D-image-reconstruction/facescape_224/fsmview_trainset_10_11_chin_raiser_44.jpg,0.13240236043930054,0.1169685572385788,-0.01543380320072174,8.037432491779327,0.6737837195396423,0.45228829979896545,0.45228829979896545,44.37811600001851,39.41335699997239,real_npy,0,1
866,/mnt/c/Users/Chirayu/Documents/GitHub/2D-to-3D-image-reconstruction/facescape_224/fsmview_trainset_8_13_lip_funneler_29.jpg,0.054693255573511124,0.05566335842013359,0.000970102846622467,7.784719090908766,0.6786890029907227,0.36754560470581055,0.36754560470581055,43.377762999995184,38.01964999999541,real_npy,0,1
867,/mnt/c/Users/Chirayu/Documents/GitHub/2D-to-3D-image-reconstruction/facescape_224/fsmview_trainset_9_19_brow_raiser_43.jpg,0.12501074373722076,0.11951829493045807,-0.005492448806762695,7.125060401856899,0.6268109679222107,0.4200142025947571,0.4200142025947571,47.422439999991184,41.937437999990834,real_npy,0,1
868,/mnt/c/Users/Chirayu/Documents/GitHub/2D-to-3D-image-reconstruction/facescape_224/fsmview_trainset_8_9_mouth_right_46.jpg,0.059667959809303284,0.06110741198062897,0.0014394521713256836,7.7850059643387794,0.7020062208175659,0.33456727862358093,0.33456727862358093,60.132579000026,48.8260349999905,real_npy,0,1
869,/mnt/c/Users/Chirayu/Documents/GitHub/2D-to-3D-image-reconstruction/facescape_224/fsmview_trainset_17_10_dimpler_1.jpg,0.19260630011558533,0.19563178718090057,0.0030254870653152466,9.596555463969707,0.7472466230392456,0.4024462401866913,0.4024462401866913,41.147098000010374,35.65900099999908,real_npy,0,1
870,/mnt/c/Users/Chirayu/Documents/GitHub/2D-to-3D-image-reconstruction/facescape_224/fsmview_trainset_16_19_brow_raiser_37.jpg,0.09112095832824707,0.1162014827132225,0.025080524384975433,9.162127992138267,0.7594194412231445,0.4407002925872803,0.4407002925872803,37.94312299999092,38.29101000002311,real_npy,0,1
871,/mnt/c/Users/Chirayu/Documents/GitHub/2D-to-3D-image-reconstruction/facescape_224/fsmview_trainset_7_7_jaw_forward_31.jpg,0.0643521398305893,0.06422574073076248,-0.00012639909982681274,8.161429442465305,0.674098014831543,0.47378891706466675,0.47378891706466675,44.770849999991924,35.70787600000358,real_npy,0,1
872,/mnt/c/Users/Chirayu/Documents/GitHub/2D-to-3D-image-reconstruction/facescape_224/fsmview_trainset_16_14_sadness_17.jpg,0.03686084598302841,0.03925463929772377,0.0023937933146953583,8.119935069233179,0.674008846282959,0.36293739080429077,0.36293739080429077,43.52915200001917,50.24762299998997,real_npy,0,1
873,/mnt/c/Users/Chirayu/Documents/GitHub/2D-to-3D-image-reconstruction/facescape_224/fsmview_trainset_6_7_jaw_forward_24.jpg,0.05671742931008339,0.056129589676856995,-0.0005878396332263947,8.41302044596523,0.7039245367050171,0.39124706387519836,0.39124706387519836,44.47808099999406,41.37520200001177,real_npy,0,1
874,/mnt/c/Users/Chirayu/Documents/GitHub/2D-to-3D-image-reconstruction/facescape_224/fsmview_trainset_9_17_cheek_blowing_29.jpg,0.051209546625614166,0.057443372905254364,0.006233826279640198,8.03403877466917,0.7014233469963074,0.2719251215457916,0.2719251215457916,43.16408799999749,37.71697799999174,real_npy,0,1
875,/mnt/c/Users/Chirayu/Documents/GitHub/2D-to-3D-image-reconstruction/facescape_224/fsmview_trainset_16_12_lip_puckerer_7.jpg,0.065935418009758,0.08032221347093582,0.014386795461177826,8.161975564435124,0.6721572279930115,0.2682947516441345,0.2682947516441345,58.07100600000581,36.224621000002344,real_npy,0,1
876,/mnt/c/Users/Chirayu/Documents/GitHub/2D-to-3D-image-reconstruction/facescape_224/fsmview_trainset_7_13_lip_funneler_44.jpg,0.11410799622535706,0.12227842211723328,0.00817042589187622,7.389852203428745,0.6891908049583435,0.5003924369812012,0.5003924369812012,42.459538000002794,37.452282000003834,real_npy,0,1
877,/mnt/c/Users/Chirayu/Documents/GitHub/2D-to-3D-image-reconstruction/facescape_224/fsmview_trainset_13_6_jaw_right_1.jpg,0.044185806065797806,0.04176721349358559,-0.0024185925722122192,8.340175999328494,0.6996263861656189,0.41713669896125793,0.41713669896125793,54.324750999995786,35.50933900001496,real_npy,0,1
878,/mnt/c/Users/Chirayu/Documents/GitHub/2D-to-3D-image-reconstruction/facescape_224/fsmview_trainset_17_16_grin_35.jpg,0.05793312191963196,0.06100274622440338,0.0030696243047714233,8.737407078966498,0.7369946241378784,0.385345458984375,0.385345458984375,45.77572800002372,47.69419199999447,real_npy,0,1
879,/mnt/c/Users/Chirayu/Documents/GitHub/2D-to-3D-image-reconstruction/facescape_224/fsmview_trainset_1_11_chin_raiser_47.jpg,0.19853709638118744,0.19622351229190826,-0.002313584089279175,6.891220264136791,0.6715213060379028,0.3660784661769867,0.3660784661769867,36.92411899999115,42.90488200001619,real_npy,0,1
880,/mnt/c/Users/Chirayu/Documents/GitHub/2D-to-3D-image-reconstruction/facescape_224/fsmview_trainset_9_5_jaw_left_18.jpg,0.04355592653155327,0.04191945493221283,-0.0016364715993404388,8.289522809907794,0.6953313946723938,0.38807329535484314,0.38807329535484314,41.099676999976964,38.64101499999606,real_npy,0,1
881,/mnt/c/Users/Chirayu/Documents/GitHub/2D-to-3D-image-reconstruction/facescape_224/fsmview_trainset_10_2_smile_47.jpg,0.05174368992447853,1.752256989479065,1.7005132995545864,23.87188608571887,2.7991080284118652,0.33744943141937256,0.33744943141937256,56.17810199998985,51.24849500001005,real_npy,0,1
882,/mnt/c/Users/Chirayu/Documents/GitHub/2D-to-3D-image-reconstruction/facescape_224/fsmview_trainset_8_14_sadness_12.jpg,0.04595839977264404,0.04401702061295509,-0.0019413791596889496,7.939805306494236,0.7207080721855164,0.2905504107475281,0.2905504107475281,46.51749300001029,40.841274000001704,real_npy,0,1
883,/mnt/c/Users/Chirayu/Documents/GitHub/2D-to-3D-image-reconstruction/facescape_224/fsmview_trainset_9_15_lip_roll_55.jpg,0.18029135465621948,0.19259652495384216,0.01230517029762268,7.13797190785408,0.6211028099060059,0.4276222288608551,0.4276222288608551,42.708335000014586,46.246310000015,real_npy,0,1
884,/mnt/c/Users/Chirayu/Documents/GitHub/2D-to-3D-image-reconstruction/facescape_224/fsmview_trainset_12_5_jaw_left_16.jpg,0.050077881664037704,0.04336579516530037,-0.006712086498737335,8.780388217419386,0.6897589564323425,0.47407519817352295,0.47407519817352295,45.42439900001227,36.44502199998101,real_npy,0,1
885,/mnt/c/Users/Chirayu/Documents/GitHub/2D-to-3D-image-reconstruction/facescape_224/fsmview_trainset_3_5_jaw_left_8.jpg,0.04228205978870392,0.03925442323088646,-0.003027636557817459,8.279584612697363,0.7000184059143066,0.3758045434951782,0.3758045434951782,45.178657000008116,47.002202000015814,real_npy,0,1
886,/mnt/c/Users/Chirayu/Documents/GitHub/2D-to-3D-image-reconstruction/facescape_224/fsmview_trainset_13_3_mouth_stretch_50.jpg,0.04874584078788757,0.05005836486816406,0.0013125240802764893,7.236155454069376,0.6807820796966553,0.36406028270721436,0.36406028270721436,48.75989199999253,33.234757000002446,real_npy,0,1
887,/mnt/c/Users/Chirayu/Documents/GitHub/2D-to-3D-image-reconstruction/facescape_224/fsmview_trainset_15_3_mouth_stretch_48.jpg,0.21923042833805084,0.2365172654390335,0.017286837100982666,7.859632059931755,0.7244939804077148,0.6327422857284546,0.6327422857284546,38.07732299998179,37.237481000005346,real_npy,0,1
888,/mnt/c/Users/Chirayu/Documents/GitHub/2D-to-3D-image-reconstruction/facescape_224/fsmview_trainset_18_16_grin_26.jpg,0.2405397742986679,0.25087955594062805,0.010339781641960144,6.181399244815111,0.5433046221733093,0.6018533110618591,0.6018533110618591,58.02583900000968,55.68129700000668,real_npy,0,0
889,/mnt/c/Users/Chirayu/Documents/GitHub/2D-to-3D-image-reconstruction/facescape_224/fsmview_trainset_2_10_dimpler_28.jpg,0.03796479478478432,0.039597272872924805,0.0016324780881404877,7.367687810212374,0.6716588735580444,0.28225070238113403,0.28225070238113403,46.90959199999156,43.97228400000586,real_npy,0,1
890,/mnt/c/Users/Chirayu/Documents/GitHub/2D-to-3D-image-reconstruction/facescape_224/fsmview_trainset_11_5_jaw_left_48.jpg,1.0170061588287354,0.8727725744247437,-0.1442335844039917,7.888589695096016,0.7006098031997681,0.5680316686630249,0.5680316686630249,44.98165100000051,62.98610799998983,real_npy,0,1
891,/mnt/c/Users/Chirayu/Documents/GitHub/2D-to-3D-image-reconstruction/facescape_224/fsmview_trainset_1_7_jaw_forward_56.jpg,0.09170576184988022,0.28140848875045776,0.18970272690057755,11.697806334123015,1.0836338996887207,0.2902890145778656,0.2902890145778656,42.00380500000733,64.13796999999022,real_npy,0,1
892,/mnt/c/Users/Chirayu/Documents/GitHub/2D-to-3D-image-reconstruction/facescape_224/fsmview_trainset_6_20_brow_lower_28.jpg,0.040220316499471664,0.044740743935108185,0.00452042743563652,7.69135631993413,0.6609897017478943,0.22931338846683502,0.22931338846683502,57.60053500000595,38.39922599999568,real_npy,0,1
893,/mnt/c/Users/Chirayu/Documents/GitHub/2D-to-3D-image-reconstruction/facescape_224/fsmview_trainset_20_13_lip_funneler_12.jpg,0.04676666855812073,0.051381077617406845,0.0046144090592861176,8.51526826620102,0.7093703746795654,0.38685429096221924,0.38685429096221924,44.877477,41.678509999997004,real_npy,0,1
894,/mnt/c/Users/Chirayu/Documents/GitHub/2D-to-3D-image-reconstruction/facescape_224/fsmview_trainset_13_10_dimpler_10.jpg,0.09298267960548401,0.12805986404418945,0.035077184438705444,9.134413592051715,0.7903587818145752,0.48380428552627563,0.48380428552627563,46.71899099997745,35.630125999972506,real_npy,0,1
895,/mnt/c/Users/Chirayu/Documents/GitHub/2D-to-3D-image-reconstruction/facescape_224/fsmview_trainset_20_10_dimpler_31.jpg,0.03400568664073944,0.03166995570063591,-0.002335730940103531,7.662569873034954,0.6481565237045288,0.41889169812202454,0.41889169812202454,50.55624300001682,51.77386799999795,real_npy,0,1
896,/mnt/c/Users/Chirayu/Documents/GitHub/2D-to-3D-image-reconstruction/facescape_224/fsmview_trainset_17_11_chin_raiser_7.jpg,0.08099046349525452,0.09469124674797058,0.013700783252716064,8.819601569324732,0.6957880854606628,0.28045907616615295,0.28045907616615295,39.854828999978054,49.48947299999418,real_npy,0,1
897,/mnt/c/Users/Chirayu/Documents/GitHub/2D-to-3D-image-reconstruction/facescape_224/fsmview_trainset_3_19_brow_raiser_42.jpg,0.23914667963981628,0.281992644071579,0.042845964431762695,7.632891530171037,0.7564207911491394,0.4571093022823334,0.4571093022823334,45.30687100000819,39.24267900001155,real_npy,0,1
898,/mnt/c/Users/Chirayu/Documents/GitHub/2D-to-3D-image-reconstruction/facescape_224/fsmview_trainset_3_18_eye_closed_53.jpg,0.6609453558921814,0.5517756342887878,-0.10916972160339355,7.923889204859734,0.6634083390235901,0.43323349952697754,0.43323349952697754,42.47004800001264,39.03075200000217,real_npy,0,1
899,/mnt/c/Users/Chirayu/Documents/GitHub/2D-to-3D-image-reconstruction/facescape_224/fsmview_trainset_16_1_neutral_29.jpg,0.04991278797388077,0.049621645361185074,-0.00029114261269569397,7.747229769825935,0.65018230676651,0.4228871166706085,0.4228871166706085,56.006136999997125,40.148568000006435,real_npy,0,1
900,/mnt/c/Users/Chirayu/Documents/GitHub/2D-to-3D-image-reconstruction/facescape_224/fsmview_trainset_20_14_sadness_6.jpg,0.48483219742774963,0.4216928482055664,-0.06313934922218323,6.181702457368374,0.6560840606689453,0.49191734194755554,0.49191734194755554,39.945102999979554,38.664154999992206,template_fallback,0,0
901,/mnt/c/Users/Chirayu/Documents/GitHub/2D-to-3D-image-reconstruction/facescape_224/fsmview_trainset_10_9_mouth_right_37.jpg,0.05653796344995499,0.06863713264465332,0.012099169194698334,8.717155650258064,0.7284554243087769,0.40712857246398926,0.40712857246398926,40.508090000002994,42.18482600001039,real_npy,0,1
902,/mnt/c/Users/Chirayu/Documents/GitHub/2D-to-3D-image-reconstruction/facescape_224/fsmview_trainset_18_18_eye_closed_43.jpg,0.08253975212574005,0.08304286748170853,0.0005031153559684753,7.903673931956291,0.6410461664199829,0.5030818581581116,0.5030818581581116,50.27896499998974,35.16307099999949,real_npy,0,1
903,/mnt/c/Users/Chirayu/Documents/GitHub/2D-to-3D-image-reconstruction/facescape_224/fsmview_trainset_2_16_grin_45.jpg,1.020818829536438,0.8809506893157959,-0.1398681402206421,6.366767525672913,0.5588343143463135,0.4987034201622009,0.4987034201622009,39.32456400002593,41.41878699999779,real_npy,0,0
904,/mnt/c/Users/Chirayu/Documents/GitHub/2D-to-3D-image-reconstruction/facescape_224/fsmview_trainset_8_5_jaw_left_33.jpg,0.031112464144825935,0.0336630642414093,0.0025506000965833664,7.824117451906204,0.6686793565750122,0.2832782566547394,0.2832782566547394,40.24655700001745,37.15040200000885,real_npy,0,1
905,/mnt/c/Users/Chirayu/Documents/GitHub/2D-to-3D-image-reconstruction/facescape_224/fsmview_trainset_4_7_jaw_forward_2.jpg,0.06296095997095108,0.056088242679834366,-0.0068727172911167145,7.467978268861771,0.6795869469642639,0.27488112449645996,0.27488112449645996,42.374851000005265,46.62117200001603,real_npy,0,1
906,/mnt/c/Users/Chirayu/Documents/GitHub/2D-to-3D-image-reconstruction/facescape_224/fsmview_trainset_12_9_mouth_right_52.jpg,0.12351255118846893,0.12664884328842163,0.0031362920999526978,7.902340956032276,0.6753095388412476,0.4912307560443878,0.4912307560443878,37.52483100001314,51.89769100002195,real_npy,0,1
907,/mnt/c/Users/Chirayu/Documents/GitHub/2D-to-3D-image-reconstruction/facescape_224/fsmview_trainset_9_18_eye_closed_42.jpg,0.13876725733280182,0.20575058460235596,0.06698332726955414,6.557598754763603,0.6679515838623047,0.4432443082332611,0.4432443082332611,38.020528000004106,36.61293899997986,real_npy,0,1
908,/mnt/c/Users/Chirayu/Documents/GitHub/2D-to-3D-image-reconstruction/facescape_224/fsmview_trainset_14_2_smile_61.jpg,0.44951745867729187,0.4479809105396271,-0.001536548137664795,7.447140425443649,0.5966519713401794,0.5059278607368469,0.5059278607368469,48.456874000009975,35.27936400001863,real_npy,0,1
909,/mnt/c/Users/Chirayu/Documents/GitHub/2D-to-3D-image-reconstruction/facescape_224/fsmview_trainset_7_8_mouth_left_12.jpg,0.29094579815864563,36.14483642578125,35.853890627622604,115.15826106071472,37.86589813232422,0.2750994563102722,0.2750994563102722,35.236459000003606,32.8120599999977,real_npy,1,1
910,/mnt/c/Users/Chirayu/Documents/GitHub/2D-to-3D-image-reconstruction/facescape_224/fsmview_trainset_2_3_mouth_stretch_36.jpg,0.3356379270553589,0.3507484793663025,0.015110552310943604,6.9589638113975525,0.6022409200668335,0.3872579038143158,0.3872579038143158,47.84655400001725,41.04436000000078,real_npy,0,1
911,/mnt/c/Users/Chirayu/Documents/GitHub/2D-to-3D-image-reconstruction/facescape_224/fsmview_trainset_6_18_eye_closed_49.jpg,0.1310698539018631,0.11060868203639984,-0.020461171865463257,7.23823107779026,0.6405878663063049,0.43022623658180237,0.43022623658180237,59.067556999991666,36.621002000003955,real_npy,0,1
912,/mnt/c/Users/Chirayu/Documents/GitHub/2D-to-3D-image-reconstruction/facescape_224/fsmview_trainset_20_15_lip_roll_14.jpg,0.1422494798898697,0.1446441262960434,0.002394646406173706,7.892030090093613,0.6875607371330261,0.4812876880168915,0.4812876880168915,46.665883999992275,34.896172999992814,real_npy,0,1
913,/mnt/c/Users/Chirayu/Documents/GitHub/2D-to-3D-image-reconstruction/facescape_224/fsmview_trainset_3_5_jaw_left_23.jpg,0.04488837718963623,0.045815061777830124,0.0009266845881938934,8.163497120607644,0.6657312512397766,0.4426657259464264,0.4426657259464264,45.41172599999754,44.83152299999915,real_npy,0,1
914,/mnt/c/Users/Chirayu/Documents/GitHub/2D-to-3D-image-reconstruction/facescape_224/fsmview_trainset_20_4_anger_66.jpg,0.25869110226631165,0.25745895504951477,-0.001232147216796875,6.843096069991589,0.6580386161804199,0.4504334330558777,0.4504334330558777,59.96030000000019,40.39842200000976,real_npy,0,1
915,/mnt/c/Users/Chirayu/Documents/GitHub/2D-to-3D-image-reconstruction/facescape_224/fsmview_trainset_14_11_chin_raiser_60.jpg,0.040227293968200684,0.039511337876319885,-0.0007159560918807983,8.61211511399597,0.7395286560058594,0.45520642399787903,0.45520642399787903,50.704362999994146,44.36665200000789,real_npy,0,1
916,/mnt/c/Users/Chirayu/Documents/GitHub/2D-to-3D-image-reconstruction/facescape_224/fsmview_trainset_6_17_cheek_blowing_19.jpg,0.05186006799340248,0.05819573998451233,0.006335671991109848,8.678055710624903,0.7765012979507446,0.3266463279724121,0.3266463279724121,45.59318299999404,52.33792199999243,real_npy,0,1
917,/mnt/c/Users/Chirayu/Documents/GitHub/2D-to-3D-image-reconstruction/facescape_224/fsmview_trainset_17_11_chin_raiser_16.jpg,0.04653940349817276,3.014909029006958,2.9683696255087852,36.30388956516981,3.916943073272705,0.31121495366096497,0.31121495366096497,37.38870699999097,51.56904899999404,real_npy,1,1
918,/mnt/c/Users/Chirayu/Documents/GitHub/2D-to-3D-image-reconstruction/facescape_224/fsmview_trainset_12_8_mouth_left_44.jpg,0.04334745556116104,0.04364211484789848,0.000294659286737442,7.496520556509495,0.6167235374450684,0.46108847856521606,0.46108847856521606,38.153728999986924,37.127341999990904,real_npy,0,1
919,/mnt/c/Users/Chirayu/Documents/GitHub/2D-to-3D-image-reconstruction/facescape_224/fsmview_trainset_13_1_neutral_18.jpg,0.3393288850784302,0.37225472927093506,0.03292584419250488,7.29546956717968,0.6348912715911865,0.4166359007358551,0.4166359007358551,47.240583999979435,37.68569199999661,real_npy,0,1
920,/mnt/c/Users/Chirayu/Documents/GitHub/2D-to-3D-image-reconstruction/facescape_224/fsmview_trainset_4_9_mouth_right_19.jpg,0.039030104875564575,0.037660401314496994,-0.0013697035610675812,8.864479961339384,0.7266238331794739,0.2760600447654724,0.2760600447654724,41.05134499999963,39.66649899999197,real_npy,0,1
921,/mnt/c/Users/Chirayu/Documents/GitHub/2D-to-3D-image-reconstruction/facescape_224/fsmview_trainset_19_13_lip_funneler_47.jpg,0.07758675515651703,0.0759306252002716,-0.0016561299562454224,8.143616788089275,0.7123173475265503,0.34393393993377686,0.34393393993377686,38.69242900000813,44.79467100000534,real_npy,0,1
922,/mnt/c/Users/Chirayu/Documents/GitHub/2D-to-3D-image-reconstruction/facescape_224/fsmview_trainset_11_12_lip_puckerer_16.jpg,0.0541529506444931,0.06184711307287216,0.007694162428379059,7.699152167886496,0.649158239364624,0.4807364344596863,0.4807364344596863,38.79298399999698,35.46047599999724,real_npy,0,1
923,/mnt/c/Users/Chirayu/Documents/GitHub/2D-to-3D-image-reconstruction/facescape_224/fsmview_trainset_11_16_grin_61.jpg,0.536436140537262,0.5224082469940186,-0.014027893543243408,7.118117919191718,0.6493121981620789,0.5014179944992065,0.5014179944992065,48.939359000002014,35.09912199999121,real_npy,0,1
924,/mnt/c/Users/Chirayu/Documents/GitHub/2D-to-3D-image-reconstruction/facescape_224/fsmview_trainset_14_14_sadness_22.jpg,0.04119005799293518,0.040915586054325104,-0.0002744719386100769,7.251134283840656,0.6080164313316345,0.3925381600856781,0.3925381600856781,60.288685000017495,44.80890300001761,real_npy,0,1
925,/mnt/c/Users/Chirayu/Documents/GitHub/2D-to-3D-image-reconstruction/facescape_224/fsmview_trainset_13_1_neutral_34.jpg,0.3192841112613678,0.3025234043598175,-0.016760706901550293,7.196052456274629,0.6926087737083435,0.4506545066833496,0.4506545066833496,39.38693399999238,38.29669199998875,real_npy,0,1
926,/mnt/c/Users/Chirayu/Documents/GitHub/2D-to-3D-image-reconstruction/facescape_224/fsmview_trainset_2_16_grin_50.jpg,0.43968912959098816,0.49376150965690613,0.05407238006591797,7.026339350268245,0.6512359380722046,0.47697651386260986,0.47697651386260986,42.393468999989636,43.14647900000068,template_fallback,0,1
927,/mnt/c/Users/Chirayu/Documents/GitHub/2D-to-3D-image-reconstruction/facescape_224/fsmview_trainset_19_12_lip_puckerer_31.jpg,0.040840692818164825,0.04369274154305458,0.0028520487248897552,8.36705831065774,0.6876965761184692,0.28158730268478394,0.28158730268478394,61.797874000006914,39.27414199998225,real_npy,0,1
928,/mnt/c/Users/Chirayu/Documents/GitHub/2D-to-3D-image-reconstruction/facescape_224/fsmview_trainset_4_11_chin_raiser_54.jpg,0.03664996847510338,0.037746887654066086,0.0010969191789627075,8.070747323334217,0.6904213428497314,0.19850708544254303,0.19850708544254303,51.12364800001501,37.0317,real_npy,0,1
929,/mnt/c/Users/Chirayu/Documents/GitHub/2D-to-3D-image-reconstruction/facescape_224/fsmview_trainset_11_7_jaw_forward_17.jpg,0.0637255534529686,0.07183858007192612,0.00811302661895752,7.90511354804039,0.690294623374939,0.499267041683197,0.499267041683197,45.98212599998419,37.315706000015325,real_npy,0,1
930,/mnt/c/Users/Chirayu/Documents/GitHub/2D-to-3D-image-reconstruction/facescape_224/fsmview_trainset_16_2_smile_56.jpg,0.028613721951842308,0.03370509669184685,0.0050913747400045395,7.810926150530577,0.6767149567604065,0.3132737874984741,0.3132737874984741,39.816596999997955,38.7525710000034,real_npy,0,1
931,/mnt/c/Users/Chirayu/Documents/GitHub/2D-to-3D-image-reconstruction/facescape_224/fsmview_trainset_8_2_smile_10.jpg,0.03872010484337807,0.04141702502965927,0.0026969201862812042,8.382893517613411,0.702477216720581,0.22912117838859558,0.22912117838859558,44.79828199998792,34.536146999982975,real_npy,0,1
932,/mnt/c/Users/Chirayu/Documents/GitHub/2D-to-3D-image-reconstruction/facescape_224/fsmview_trainset_19_8_mouth_left_24.jpg,0.05319532752037048,0.053459782153367996,0.0002644546329975128,9.016046842560172,0.7635223865509033,0.33367303013801575,0.33367303013801575,53.04052799999681,37.30563199999892,real_npy,0,1
933,/mnt/c/Users/Chirayu/Documents/GitHub/2D-to-3D-image-reconstruction/facescape_224/fsmview_trainset_7_11_chin_raiser_41.jpg,0.0824691578745842,0.08814191073179245,0.005672752857208252,7.84133093804121,0.6755779981613159,0.5020990967750549,0.5020990967750549,52.48952100001247,49.59142900000302,real_npy,0,1
934,/mnt/c/Users/Chirayu/Documents/GitHub/2D-to-3D-image-reconstruction/facescape_224/fsmview_trainset_10_4_anger_8.jpg,0.03595700114965439,0.03570447489619255,-0.00025252625346183777,7.565908454358578,0.6530683040618896,0.2287251502275467,0.2287251502275467,42.42967900000849,50.137032000009185,real_npy,0,1
935,/mnt/c/Users/Chirayu/Documents/GitHub/2D-to-3D-image-reconstruction/facescape_224/fsmview_trainset_4_16_grin_23.jpg,0.040614914149045944,0.04044249653816223,-0.00017241761088371277,8.497266428545117,0.688656210899353,0.2976384162902832,0.2976384162902832,52.34138299999813,43.4950100000151,real_npy,0,1
936,/mnt/c/Users/Chirayu/Documents/GitHub/2D-to-3D-image-reconstruction/facescape_224/fsmview_trainset_17_10_dimpler_34.jpg,0.043832872062921524,0.04885504022240639,0.005022168159484863,7.927746567875147,0.6613929271697998,0.42465516924858093,0.42465516924858093,42.860778000004984,44.37731600000916,real_npy,0,1
937,/mnt/c/Users/Chirayu/Documents/GitHub/2D-to-3D-image-reconstruction/facescape_224/fsmview_trainset_13_15_lip_roll_32.jpg,0.14540226757526398,0.1320355087518692,-0.013366758823394775,7.7057453617453575,0.6449689865112305,0.518656313419342,0.518656313419342,48.18632200002071,36.54951699999742,real_npy,0,1
938,/mnt/c/Users/Chirayu/Documents/GitHub/2D-to-3D-image-reconstruction/facescape_224/fsmview_trainset_20_15_lip_roll_29.jpg,0.0760798305273056,0.08322146534919739,0.007141634821891785,8.033592358231544,0.6859080791473389,0.3258541226387024,0.3258541226387024,41.227772000013374,44.68801499999131,real_npy,0,1
939,/mnt/c/Users/Chirayu/Documents/GitHub/2D-to-3D-image-reconstruction/facescape_224/fsmview_trainset_20_1_neutral_47.jpg,0.07364682853221893,0.07085531204938889,-0.0027915164828300476,7.327856034040451,0.69472336769104,0.4931551218032837,0.4931551218032837,53.758978999979945,45.5176270000095,real_npy,0,1
940,/mnt/c/Users/Chirayu/Documents/GitHub/2D-to-3D-image-reconstruction/facescape_224/fsmview_trainset_7_6_jaw_right_22.jpg,0.03778383880853653,0.98100346326828,0.9432196244597435,20.21068075299263,1.902832269668579,0.37488237023353577,0.37488237023353577,42.02256799999304,55.995475000003125,real_npy,0,1
941,/mnt/c/Users/Chirayu/Documents/GitHub/2D-to-3D-image-reconstruction/facescape_224/fsmview_trainset_17_7_jaw_forward_6.jpg,0.05528777837753296,0.13420884311199188,0.07892106473445892,7.1753163654357195,0.6521617770195007,0.32014110684394836,0.32014110684394836,45.14938599999141,35.463797999994995,real_npy,0,1
942,/mnt/c/Users/Chirayu/Documents/GitHub/2D-to-3D-image-reconstruction/facescape_224/fsmview_trainset_20_13_lip_funneler_52.jpg,0.5359311103820801,0.5789726376533508,0.04304152727127075,7.133320242166519,0.6469532251358032,0.5010544061660767,0.5010544061660767,48.24276300001884,39.344827000007854,real_npy,0,1
943,/mnt/c/Users/Chirayu/Documents/GitHub/2D-to-3D-image-reconstruction/facescape_224/fsmview_trainset_3_6_jaw_right_1.jpg,0.0715424194931984,0.07446426898241043,0.002921849489212036,8.200065031647682,0.7525805830955505,0.41301271319389343,0.41301271319389343,47.67320900000982,57.72841300000664,real_npy,0,1
944,/mnt/c/Users/Chirayu/Documents/GitHub/2D-to-3D-image-reconstruction/facescape_224/fsmview_trainset_13_4_anger_40.jpg,0.05272558704018593,0.04976000264286995,-0.002965584397315979,7.327831879258156,0.6102837324142456,0.42209988832473755,0.42209988832473755,48.50666699999806,64.37140900001737,real_npy,0,1
945,/mnt/c/Users/Chirayu/Documents/GitHub/2D-to-3D-image-reconstruction/facescape_224/fsmview_trainset_6_16_grin_39.jpg,0.07065080106258392,0.07390394061803818,0.003253139555454254,8.084288656711578,0.743887186050415,0.3176040053367615,0.3176040053367615,55.78199400000017,43.218263999989404,real_npy,0,1
946,/mnt/c/Users/Chirayu/Documents/GitHub/2D-to-3D-image-reconstruction/facescape_224/fsmview_trainset_17_9_mouth_right_25.jpg,0.03387649729847908,1.252995491027832,1.219118993729353,22.588713333010674,2.2489027976989746,0.29532742500305176,0.29532742500305176,46.98341099998515,50.5932070000199,real_npy,0,1
947,/mnt/c/Users/Chirayu/Documents/GitHub/2D-to-3D-image-reconstruction/facescape_224/fsmview_trainset_10_18_eye_closed_25.jpg,0.059278249740600586,0.05968325212597847,0.0004050023853778839,7.772269986569881,0.7300943732261658,0.4271896779537201,0.4271896779537201,44.490297999999484,40.03542600000287,real_npy,0,1
948,/mnt/c/Users/Chirayu/Documents/GitHub/2D-to-3D-image-reconstruction/facescape_224/fsmview_trainset_20_8_mouth_left_27.jpg,0.03186050429940224,0.033615488559007645,0.0017549842596054077,7.781962480396032,0.6585849523544312,0.48383647203445435,0.48383647203445435,45.02002999998922,37.83517299999062,real_npy,0,1
949,/mnt/c/Users/Chirayu/Documents/GitHub/2D-to-3D-image-reconstruction/facescape_224/fsmview_trainset_12_4_anger_23.jpg,0.13682420551776886,0.15814393758773804,0.021319732069969177,8.865195540711284,0.8101492524147034,0.6197326183319092,0.6197326183319092,53.48013899998705,39.40078900001254,real_npy,0,1
950,/mnt/c/Users/Chirayu/Documents/GitHub/2D-to-3D-image-reconstruction/facescape_224/fsmview_trainset_20_12_lip_puckerer_18.jpg,0.05465209484100342,0.050422992557287216,-0.004229102283716202,7.789427455514669,0.6290185451507568,0.4915401339530945,0.4915401339530945,49.8365690000071,42.01070599998502,real_npy,0,1
951,/mnt/c/Users/Chirayu/Documents/GitHub/2D-to-3D-image-reconstruction/facescape_224/fsmview_trainset_6_9_mouth_right_17.jpg,0.03897130861878395,0.042334359139204025,0.0033630505204200745,7.640548154711723,0.6637470722198486,0.28097596764564514,0.28097596764564514,46.66790199999582,43.833938999995326,real_npy,0,1
952,/mnt/c/Users/Chirayu/Documents/GitHub/2D-to-3D-image-reconstruction/facescape_224/fsmview_trainset_20_9_mouth_right_65.jpg,0.0657898560166359,0.06586436927318573,7.45132565498352e-05,8.772517547011375,0.8287122249603271,0.43904176354408264,0.43904176354408264,45.91224199998578,47.586719999998195,real_npy,0,1
953,/mnt/c/Users/Chirayu/Documents/GitHub/2D-to-3D-image-reconstruction/facescape_224/fsmview_trainset_16_5_jaw_left_33.jpg,0.0352945402264595,0.03713855892419815,0.0018440186977386475,8.038016449660063,0.6711429357528687,0.3744714856147766,0.3744714856147766,48.08816100000968,46.824599999979455,real_npy,0,1
954,/mnt/c/Users/Chirayu/Documents/GitHub/2D-to-3D-image-reconstruction/facescape_224/fsmview_trainset_14_14_sadness_59.jpg,0.04145672544836998,0.041803132742643356,0.00034640729427337646,7.367447189986706,0.6216602921485901,0.36656105518341064,0.36656105518341064,69.34744400001591,40.29453100000069,real_npy,0,1
955,/mnt/c/Users/Chirayu/Documents/GitHub/2D-to-3D-image-reconstruction/facescape_224/fsmview_trainset_12_14_sadness_36.jpg,0.05428697168827057,0.05267577990889549,-0.0016111917793750763,8.480940215289593,0.7202733755111694,0.3749639093875885,0.3749639093875885,45.87641000000531,50.70860199998606,real_npy,0,1
956,/mnt/c/Users/Chirayu/Documents/GitHub/2D-to-3D-image-reconstruction/facescape_224/fsmview_trainset_4_14_sadness_27.jpg,0.08217207342386246,0.08096621185541153,-0.0012058615684509277,7.946335852146149,0.7214186191558838,0.37607255578041077,0.37607255578041077,52.34336399999506,42.94720400000074,real_npy,0,1
957,/mnt/c/Users/Chirayu/Documents/GitHub/2D-to-3D-image-reconstruction/facescape_224/fsmview_trainset_13_19_brow_raiser_39.jpg,0.06947315484285355,0.06083410605788231,-0.008639048784971237,8.710512526333332,0.7179778814315796,0.4763682782649994,0.4763682782649994,49.83415200001673,49.91916000000174,real_npy,0,1
958,/mnt/c/Users/Chirayu/Documents/GitHub/2D-to-3D-image-reconstruction/facescape_224/fsmview_trainset_1_15_lip_roll_16.jpg,0.04200075566768646,0.04400990158319473,0.0020091459155082703,7.912294030189514,0.6647117137908936,0.2827872633934021,0.2827872633934021,46.162294000026804,45.02605899998002,real_npy,0,1
959,/mnt/c/Users/Chirayu/Documents/GitHub/2D-to-3D-image-reconstruction/facescape_224/fsmview_trainset_18_8_mouth_left_10.jpg,0.0336574949324131,0.03818982467055321,0.004532329738140106,8.445335619151592,0.6780493855476379,0.3456035852432251,0.3456035852432251,63.50833799999123,40.66511999999989,real_npy,0,1
960,/mnt/c/Users/Chirayu/Documents/GitHub/2D-to-3D-image-reconstruction/facescape_224/fsmview_trainset_4_2_smile_40.jpg,0.16607926785945892,0.15775467455387115,-0.008324593305587769,6.941459238529205,0.6721888780593872,0.5209238529205322,0.5209238529205322,52.023861999998644,44.99336699998935,real_npy,0,1
961,/mnt/c/Users/Chirayu/Documents/GitHub/2D-to-3D-image-reconstruction/facescape_224/fsmview_trainset_17_4_anger_5.jpg,0.055464133620262146,0.055793557316064835,0.0003294236958026886,8.612301759421825,0.6968966722488403,0.37974813580513,0.37974813580513,43.58509499999741,38.14864200001011,real_npy,0,1
962,/mnt/c/Users/Chirayu/Documents/GitHub/2D-to-3D-image-reconstruction/facescape_224/fsmview_trainset_14_8_mouth_left_49.jpg,0.08672703057527542,0.09258851408958435,0.0058614835143089294,8.406380385160446,0.749282956123352,0.5533139109611511,0.5533139109611511,49.273376000002145,42.23989700000175,real_npy,0,1
963,/mnt/c/Users/Chirayu/Documents/GitHub/2D-to-3D-image-reconstruction/facescape_224/fsmview_trainset_18_14_sadness_22.jpg,0.05633926764130592,0.05598721653223038,-0.00035205110907554626,8.871181655675173,0.7330567836761475,0.44459086656570435,0.44459086656570435,41.8560280000122,39.3462149999948,real_npy,0,1
964,/mnt/c/Users/Chirayu/Documents/GitHub/2D-to-3D-image-reconstruction/facescape_224/fsmview_trainset_5_14_sadness_59.jpg,0.5959461331367493,0.6033167243003845,0.007370591163635254,6.875095948576927,0.6550334095954895,0.4088655114173889,0.4088655114173889,45.120573000019704,55.75102699998524,real_npy,0,1
965,/mnt/c/Users/Chirayu/Documents/GitHub/2D-to-3D-image-reconstruction/facescape_224/fsmview_trainset_6_13_lip_funneler_12.jpg,0.22084513306617737,0.23761241137981415,0.01676727831363678,7.1750974133610725,0.6873869895935059,0.24556733667850494,0.24556733667850494,54.23544199999242,36.42976499997985,real_npy,0,1
966,/mnt/c/Users/Chirayu/Documents/GitHub/2D-to-3D-image-reconstruction/facescape_224/fsmview_trainset_20_12_lip_puckerer_21.jpg,0.2486664205789566,0.2641323506832123,0.015465930104255676,7.527524217963219,0.6392190456390381,0.34944015741348267,0.34944015741348267,56.06775699999389,45.69110599999249,real_npy,0,1
967,/mnt/c/Users/Chirayu/Documents/GitHub/2D-to-3D-image-reconstruction/facescape_224/fsmview_trainset_9_17_cheek_blowing_32.jpg,0.047329384833574295,0.05275734141469002,0.005427956581115723,7.047756344079971,0.6028907299041748,0.3055931329727173,0.3055931329727173,43.01423699999418,39.9696560000109,real_npy,0,1
968,/mnt/c/Users/Chirayu/Documents/GitHub/2D-to-3D-image-reconstruction/facescape_224/fsmview_trainset_13_9_mouth_right_5.jpg,0.05994460731744766,0.060010895133018494,6.62878155708313e-05,8.143380459398031,0.6673901677131653,0.4544704556465149,0.4544704556465149,51.20350600000734,39.489255999995976,real_npy,0,1
969,/mnt/c/Users/Chirayu/Documents/GitHub/2D-to-3D-image-reconstruction/facescape_224/fsmview_trainset_16_10_dimpler_19.jpg,0.05256504938006401,0.053966887295246124,0.0014018379151821136,9.106326069682837,0.7655454874038696,0.3871486186981201,0.3871486186981201,46.47847799998317,39.1359580000028,real_npy,0,1
970,/mnt/c/Users/Chirayu/Documents/GitHub/2D-to-3D-image-reconstruction/facescape_224/fsmview_trainset_15_15_lip_roll_23.jpg,0.031209195032715797,0.03313073888421059,0.0019215438514947891,6.938833735883236,0.5569029450416565,0.5456572771072388,0.5456572771072388,38.689167000001135,46.971455999994305,real_npy,0,1
971,/mnt/c/Users/Chirayu/Documents/GitHub/2D-to-3D-image-reconstruction/facescape_224/fsmview_trainset_2_20_brow_lower_25.jpg,0.03248395025730133,0.03581828624010086,0.00333433598279953,7.924750253558159,0.6623454689979553,0.3580128252506256,0.3580128252506256,42.483473000004324,43.08593100000735,real_npy,0,1
972,/mnt/c/Users/Chirayu/Documents/GitHub/2D-to-3D-image-reconstruction/facescape_224/fsmview_trainset_19_7_jaw_forward_34.jpg,0.045700762420892715,0.04520411416888237,-0.0004966482520103455,8.649627928622067,0.7476179599761963,0.3227134644985199,0.3227134644985199,41.04598500001089,36.5459329999851,real_npy,0,1
973,/mnt/c/Users/Chirayu/Documents/GitHub/2D-to-3D-image-reconstruction/facescape_224/fsmview_trainset_18_8_mouth_left_1.jpg,0.030114181339740753,22.814477920532227,22.784363739192486,93.54209131002426,23.71624755859375,0.34701526165008545,0.34701526165008545,47.04113700000789,55.65249700001118,real_npy,1,1
974,/mnt/c/Users/Chirayu/Documents/GitHub/2D-to-3D-image-reconstruction/facescape_224/fsmview_trainset_12_4_anger_18.jpg,0.05207479000091553,0.052078235894441605,3.4458935260772705e-06,8.65785764157772,0.7152180075645447,0.5159387588500977,0.5159387588500977,44.64965700000789,42.94266799999491,real_npy,0,1
975,/mnt/c/Users/Chirayu/Documents/GitHub/2D-to-3D-image-reconstruction/facescape_224/fsmview_trainset_13_9_mouth_right_25.jpg,0.043132759630680084,0.05043308809399605,0.007300328463315964,8.926168035250157,0.7353160977363586,0.41617411375045776,0.41617411375045776,40.82804299997633,43.55048299998998,real_npy,0,1
976,/mnt/c/Users/Chirayu/Documents/GitHub/2D-to-3D-image-reconstruction/facescape_224/fsmview_trainset_20_11_chin_raiser_44.jpg,0.16879481077194214,0.18304063379764557,0.01424582302570343,9.003226006403565,0.7208904027938843,0.3246297836303711,0.3246297836303711,46.95874099999742,38.86811899999998,real_npy,0,1
977,/mnt/c/Users/Chirayu/Documents/GitHub/2D-to-3D-image-reconstruction/facescape_224/fsmview_trainset_7_3_mouth_stretch_19.jpg,0.04511038959026337,0.04378972575068474,-0.0013206638395786285,7.851064013782889,0.7379708290100098,0.36540013551712036,0.36540013551712036,50.4691239999886,45.793521999996756,real_npy,0,1
978,/mnt/c/Users/Chirayu/Documents/GitHub/2D-to-3D-image-reconstruction/facescape_224/fsmview_trainset_10_9_mouth_right_6.jpg,0.038758691400289536,0.041007086634635925,0.0022483952343463898,7.667736552655697,0.6631456613540649,0.26284080743789673,0.26284080743789673,50.333174000002145,74.26378900001396,real_npy,0,1
979,/mnt/c/Users/Chirayu/Documents/GitHub/2D-to-3D-image-reconstruction/facescape_224/fsmview_trainset_3_17_cheek_blowing_2.jpg,0.0848299115896225,0.08403164893388748,-0.0007982626557350159,8.723400622606277,0.7555333971977234,0.4395935535430908,0.4395935535430908,61.181513999997605,49.2541289999906,real_npy,0,1
980,/mnt/c/Users/Chirayu/Documents/GitHub/2D-to-3D-image-reconstruction/facescape_224/fsmview_trainset_19_16_grin_39.jpg,0.5447739958763123,0.5266833901405334,-0.01809060573577881,7.244020119309425,0.6806299686431885,0.3796253204345703,0.3796253204345703,45.100715999979,35.96255400000814,real_npy,0,1
981,/mnt/c/Users/Chirayu/Documents/GitHub/2D-to-3D-image-reconstruction/facescape_224/fsmview_trainset_11_13_lip_funneler_3.jpg,0.4969567656517029,0.507955014705658,0.010998249053955078,8.161156699527055,0.6937010288238525,0.6385740041732788,0.6385740041732788,49.9307200000203,37.715254000005416,real_npy,0,1
982,/mnt/c/Users/Chirayu/Documents/GitHub/2D-to-3D-image-reconstruction/facescape_224/fsmview_trainset_12_8_mouth_left_43.jpg,0.04388696327805519,0.04353218153119087,-0.00035478174686431885,7.792695164680481,0.6352513432502747,0.32739436626434326,0.32739436626434326,43.482620999981236,59.629756999981964,real_npy,0,1
983,/mnt/c/Users/Chirayu/Documents/GitHub/2D-to-3D-image-reconstruction/facescape_224/fsmview_trainset_14_12_lip_puckerer_35.jpg,0.04319574311375618,0.043442998081445694,0.00024725496768951416,8.67151280399412,0.7319561839103699,0.5515480637550354,0.5515480637550354,39.35767000001533,41.5961129999971,real_npy,0,1
984,/mnt/c/Users/Chirayu/Documents/GitHub/2D-to-3D-image-reconstruction/facescape_224/fsmview_trainset_17_1_neutral_57.jpg,0.07900220155715942,0.0823606327176094,0.0033584311604499817,8.468349106609821,0.7119666337966919,0.36412185430526733,0.36412185430526733,40.13959499999942,37.11803499999178,real_npy,0,1
985,/mnt/c/Users/Chirayu/Documents/GitHub/2D-to-3D-image-reconstruction/facescape_224/fsmview_trainset_15_3_mouth_stretch_65.jpg,0.05254761502146721,0.052539680153131485,-7.934868335723877e-06,8.611548528075218,0.8141809701919556,0.47750476002693176,0.47750476002693176,44.83037600002149,40.320839999992586,real_npy,0,1
986,/mnt/c/Users/Chirayu/Documents/GitHub/2D-to-3D-image-reconstruction/facescape_224/fsmview_trainset_16_20_brow_lower_33.jpg,0.036223579198122025,0.03639478608965874,0.00017120689153671265,8.164025386795402,0.6697057485580444,0.37575897574424744,0.37575897574424744,44.396799999987024,51.30155300000183,real_npy,0,1
987,/mnt/c/Users/Chirayu/Documents/GitHub/2D-to-3D-image-reconstruction/facescape_224/fsmview_trainset_1_3_mouth_stretch_55.jpg,0.05647171661257744,0.06813652068376541,0.011664804071187973,8.36399707943201,0.7596012949943542,0.27875593304634094,0.27875593304634094,45.4389669999955,49.30821299998911,real_npy,0,1
988,/mnt/c/Users/Chirayu/Documents/GitHub/2D-to-3D-image-reconstruction/facescape_224/fsmview_trainset_8_1_neutral_16.jpg,0.033832136541604996,0.03569316491484642,0.0018610283732414246,7.908471055328846,0.6700810790061951,0.2440134584903717,0.2440134584903717,42.19482700000299,38.96930199999815,real_npy,0,1
989,/mnt/c/Users/Chirayu/Documents/GitHub/2D-to-3D-image-reconstruction/facescape_224/fsmview_trainset_9_6_jaw_right_17.jpg,0.04390749707818031,0.04395756497979164,5.0067901611328125e-05,8.363647047430277,0.7028569579124451,0.38517698645591736,0.38517698645591736,48.60969500001033,38.09198700000138,real_npy,0,1
990,/mnt/c/Users/Chirayu/Documents/GitHub/2D-to-3D-image-reconstruction/facescape_224/fsmview_trainset_18_2_smile_38.jpg,0.14923058450222015,0.14625076949596405,-0.0029798150062561035,8.48474795371294,0.8439231514930725,0.5406137108802795,0.5406137108802795,44.470248000010315,57.90343700002154,real_npy,0,1
991,/mnt/c/Users/Chirayu/Documents/GitHub/2D-to-3D-image-reconstruction/facescape_224/fsmview_trainset_5_11_chin_raiser_49.jpg,0.10033348202705383,0.0943128764629364,-0.006020605564117432,7.6592507883906364,0.6493534445762634,0.44015979766845703,0.44015979766845703,72.62789600000019,48.759619000009025,real_npy,0,1
992,/mnt/c/Users/Chirayu/Documents/GitHub/2D-to-3D-image-reconstruction/facescape_224/fsmview_trainset_8_19_brow_raiser_46.jpg,0.052209824323654175,0.05289621278643608,0.0006863884627819061,7.874016724526882,0.6904063820838928,0.32639431953430176,0.32639431953430176,49.53643899997928,41.944233999998914,real_npy,0,1
993,/mnt/c/Users/Chirayu/Documents/GitHub/2D-to-3D-image-reconstruction/facescape_224/fsmview_trainset_11_18_eye_closed_67.jpg,0.0632597804069519,0.06847605109214783,0.005216270685195923,9.102603060659021,0.7351919412612915,0.4969986379146576,0.4969986379146576,44.4539369999859,44.77359399999159,real_npy,0,1
994,/mnt/c/Users/Chirayu/Documents/GitHub/2D-to-3D-image-reconstruction/facescape_224/fsmview_trainset_8_9_mouth_right_16.jpg,0.038551218807697296,0.03804890811443329,-0.0005023106932640076,7.73164851218462,0.6606466174125671,0.23826871812343597,0.23826871812343597,39.157955000007405,41.50545199999556,real_npy,0,1
995,/mnt/c/Users/Chirayu/Documents/GitHub/2D-to-3D-image-reconstruction/facescape_224/fsmview_trainset_10_14_sadness_52.jpg,0.370822548866272,0.28388822078704834,-0.08693432807922363,6.688290927559137,0.6445724368095398,0.3911406099796295,0.3911406099796295,47.48645899999815,63.086317999989205,real_npy,0,1
996,/mnt/c/Users/Chirayu/Documents/GitHub/2D-to-3D-image-reconstruction/facescape_224/fsmview_trainset_18_15_lip_roll_33.jpg,0.04514191299676895,0.042661357671022415,-0.0024805553257465363,8.418400898575783,0.7058420777320862,0.43040308356285095,0.43040308356285095,45.20181800000955,45.39386999999806,real_npy,0,1
997,/mnt/c/Users/Chirayu/Documents/GitHub/2D-to-3D-image-reconstruction/facescape_224/fsmview_trainset_9_3_mouth_stretch_6.jpg,0.044458888471126556,0.05003554746508598,0.005576658993959427,7.553361751139164,0.69658362865448,0.2605609893798828,0.2605609893798828,37.734648999986575,41.63631400001577,real_npy,0,1
998,/mnt/c/Users/Chirayu/Documents/GitHub/2D-to-3D-image-reconstruction/facescape_224/fsmview_trainset_10_3_mouth_stretch_13.jpg,0.1328987032175064,0.12812133133411407,-0.004777371883392334,7.0791716650128365,0.6813088655471802,0.46673256158828735,0.46673256158828735,40.2789240000061,49.98747199999798,real_npy,0,1
999,/mnt/c/Users/Chirayu/Documents/GitHub/2D-to-3D-image-reconstruction/facescape_224/fsmview_trainset_18_8_mouth_left_13.jpg,0.22124801576137543,0.22183673083782196,0.0005887150764465332,7.411817293614149,0.60906982421875,0.5979489684104919,0.5979489684104919,38.633792000013045,40.18178399999783,real_npy,0,1
1000,/mnt/c/Users/Chirayu/Documents/GitHub/2D-to-3D-image-reconstruction/facescape_224/fsmview_trainset_18_8_mouth_left_36.jpg,0.0566800981760025,0.0509527362883091,-0.005727361887693405,8.353694669902325,0.7426209449768066,0.4426937997341156,0.4426937997341156,47.70642599999064,54.114585000007764,real_npy,0,1
1001,/mnt/c/Users/Chirayu/Documents/GitHub/2D-to-3D-image-reconstruction/facescape_224/fsmview_trainset_7_1_neutral_21.jpg,0.03358716145157814,0.03285537287592888,-0.0007317885756492615,7.949435494840145,0.6678965091705322,0.3610353171825409,0.3610353171825409,41.011593999996876,38.142639000000145,real_npy,0,1
1002,/mnt/c/Users/Chirayu/Documents/GitHub/2D-to-3D-image-reconstruction/facescape_224/fsmview_trainset_1_8_mouth_left_12.jpg,0.18434908986091614,0.17574027180671692,-0.008608818054199219,7.193614482879639,0.6564056873321533,0.5040015578269958,0.5040015578269958,58.514602999991894,47.53092200002129,real_npy,0,1
1003,/mnt/c/Users/Chirayu/Documents/GitHub/2D-to-3D-image-reconstruction/facescape_224/fsmview_trainset_7_18_eye_closed_3.jpg,0.054848961532115936,0.05533847585320473,0.0004895143210887909,8.412394624203444,0.7630617022514343,0.37236595153808594,0.37236595153808594,41.913690000001225,39.28217799997924,real_npy,0,1
1004,/mnt/c/Users/Chirayu/Documents/GitHub/2D-to-3D-image-reconstruction/facescape_224/fsmview_trainset_20_1_neutral_61.jpg,0.07058974355459213,0.06985371559858322,-0.0007360279560089111,9.011230181902647,0.7647741436958313,0.43121036887168884,0.43121036887168884,45.85627399998771,42.00681099999315,real_npy,0,1
1005,/mnt/c/Users/Chirayu/Documents/GitHub/2D-to-3D-image-reconstruction/facescape_224/fsmview_trainset_17_12_lip_puckerer_4.jpg,0.11432705074548721,0.11387994885444641,-0.000447101891040802,8.897018637508154,0.7076725959777832,0.41655102372169495,0.41655102372169495,38.72190900000305,37.81092099998773,real_npy,0,1
1006,/mnt/c/Users/Chirayu/Documents/GitHub/2D-to-3D-image-reconstruction/facescape_224/fsmview_trainset_13_14_sadness_31.jpg,0.041664969176054,0.048667941242456436,0.007002972066402435,8.127836484462023,0.6466270685195923,0.36160382628440857,0.36160382628440857,44.24493700000198,45.27355999999827,real_npy,0,1
1007,/mnt/c/Users/Chirayu/Documents/GitHub/2D-to-3D-image-reconstruction/facescape_224/fsmview_trainset_4_3_mouth_stretch_31.jpg,0.039319273084402084,0.04185740277171135,0.002538129687309265,7.555125340819359,0.6886318325996399,0.24221386015415192,0.24221386015415192,48.74883900001237,37.4250299999801,real_npy,0,1
1008,/mnt/c/Users/Chirayu/Documents/GitHub/2D-to-3D-image-reconstruction/facescape_224/fsmview_trainset_20_2_smile_52.jpg,0.19867035746574402,0.24245598912239075,0.04378563165664673,7.286953166127205,0.6385915279388428,0.5004850029945374,0.5004850029945374,44.97159599998213,49.761837999994896,real_npy,0,1
1009,/mnt/c/Users/Chirayu/Documents/GitHub/2D-to-3D-image-reconstruction/facescape_224/fsmview_trainset_15_9_mouth_right_24.jpg,0.03509862348437309,0.03528136387467384,0.00018274039030075073,6.999389432370663,0.5754181146621704,0.5459781885147095,0.5459781885147095,47.125562999980275,34.327113999978565,real_npy,0,1
1010,/mnt/c/Users/Chirayu/Documents/GitHub/2D-to-3D-image-reconstruction/facescape_224/fsmview_trainset_19_12_lip_puckerer_28.jpg,0.7224317193031311,0.6706463694572449,-0.05178534984588623,8.22222949936986,0.7499682307243347,0.3833647668361664,0.3833647668361664,45.465913000015235,42.58279300000822,real_npy,0,1
1011,/mnt/c/Users/Chirayu/Documents/GitHub/2D-to-3D-image-reconstruction/facescape_224/fsmview_trainset_3_7_jaw_forward_24.jpg,0.053019825369119644,0.05401267856359482,0.000992853194475174,8.912943448871374,0.7567464709281921,0.4451201856136322,0.4451201856136322,61.9911219999949,48.90125000000012,real_npy,0,1
1012,/mnt/c/Users/Chirayu/Documents/GitHub/2D-to-3D-image-reconstruction/facescape_224/fsmview_trainset_17_1_neutral_35.jpg,0.04950973019003868,0.04714997112751007,-0.0023597590625286102,8.387716190889478,0.7176637649536133,0.3910599648952484,0.3910599648952484,48.49017300000469,44.73773200001574,real_npy,0,1
1013,/mnt/c/Users/Chirayu/Documents/GitHub/2D-to-3D-image-reconstruction/facescape_224/fsmview_trainset_2_6_jaw_right_48.jpg,0.12683013081550598,0.1341869980096817,0.00735686719417572,9.234076831489801,0.7543679475784302,0.494010865688324,0.494010865688324,47.240900999980795,59.070292000001245,real_npy,0,1
1014,/mnt/c/Users/Chirayu/Documents/GitHub/2D-to-3D-image-reconstruction/facescape_224/fsmview_trainset_19_10_dimpler_35.jpg,0.038517262786626816,0.04235309734940529,0.003835834562778473,8.718874357640743,0.7203563451766968,0.3427809178829193,0.3427809178829193,44.125487000002295,35.12015500001553,real_npy,0,1
1015,/mnt/c/Users/Chirayu/Documents/GitHub/2D-to-3D-image-reconstruction/facescape_224/fsmview_trainset_7_8_mouth_left_2.jpg,0.05132487416267395,0.0506058931350708,-0.0007189810276031494,8.173615090548992,0.7088342905044556,0.44412997364997864,0.44412997364997864,42.58086599998023,39.106342999986055,real_npy,0,1
1016,/mnt/c/Users/Chirayu/Documents/GitHub/2D-to-3D-image-reconstruction/facescape_224/fsmview_trainset_1_19_brow_raiser_37.jpg,0.04012288525700569,0.048359569162130356,0.008236683905124664,9.14232511818409,0.7581503391265869,0.4197283685207367,0.4197283685207367,39.17297899999994,35.25280599998837,real_npy,0,1
1017,/mnt/c/Users/Chirayu/Documents/GitHub/2D-to-3D-image-reconstruction/facescape_224/fsmview_trainset_3_17_cheek_blowing_5.jpg,0.05738189071416855,0.1510973572731018,0.09371546655893326,8.972831079736352,0.8873223662376404,0.39204391837120056,0.39204391837120056,63.53822200000536,39.21315499999878,real_npy,0,1
1018,/mnt/c/Users/Chirayu/Documents/GitHub/2D-to-3D-image-reconstruction/facescape_224/fsmview_trainset_12_13_lip_funneler_38.jpg,0.053667426109313965,0.05401412397623062,0.0003466978669166565,8.867892324924469,0.7632765769958496,0.49500536918640137,0.49500536918640137,44.537049000012985,40.7044199999973,real_npy,0,1
1019,/mnt/c/Users/Chirayu/Documents/GitHub/2D-to-3D-image-reconstruction/facescape_224/fsmview_trainset_14_4_anger_65.jpg,0.05853859707713127,0.059993330389261246,0.0014547333121299744,8.407892156392336,0.7878963947296143,0.41359743475914,0.41359743475914,56.1186550000059,42.227797999998984,real_npy,0,1
1020,/mnt/c/Users/Chirayu/Documents/GitHub/2D-to-3D-image-reconstruction/facescape_224/fsmview_trainset_6_2_smile_41.jpg,0.1123037338256836,0.12290439754724503,0.010600663721561432,6.681909829378128,0.6338881254196167,0.4072495996952057,0.4072495996952057,47.90709600001719,42.12215700002275,real_npy,0,1
1021,/mnt/c/Users/Chirayu/Documents/GitHub/2D-to-3D-image-reconstruction/facescape_224/fsmview_trainset_18_3_mouth_stretch_31.jpg,0.0942041203379631,0.12978067994117737,0.035576559603214264,7.531277861446142,0.7183092832565308,0.33692634105682373,0.33692634105682373,43.857368000004726,41.97696399998563,real_npy,0,1
1022,/mnt/c/Users/Chirayu/Documents/GitHub/2D-to-3D-image-reconstruction/facescape_224/fsmview_trainset_4_12_lip_puckerer_35.jpg,0.02728896588087082,0.06839273869991302,0.041103772819042206,6.578920837491751,0.588168203830719,0.27566197514533997,0.27566197514533997,49.86744700002532,37.82197399999632,real_npy,0,1
1023,/mnt/c/Users/Chirayu/Documents/GitHub/2D-to-3D-image-reconstruction/facescape_224/fsmview_trainset_10_15_lip_roll_40.jpg,0.05726992338895798,0.04738617688417435,-0.00988374650478363,8.318195153027773,0.7192394137382507,0.3842407464981079,0.3842407464981079,62.31910299999299,54.20418999997878,real_npy,0,1
1024,/mnt/c/Users/Chirayu/Documents/GitHub/2D-to-3D-image-reconstruction/facescape_224/fsmview_trainset_17_3_mouth_stretch_5.jpg,0.06125809997320175,0.0651048943400383,0.003846794366836548,8.489738093689084,0.7257945537567139,0.3802235722541809,0.3802235722541809,37.667311000006976,49.386628000007704,real_npy,0,1
1025,/mnt/c/Users/Chirayu/Documents/GitHub/2D-to-3D-image-reconstruction/facescape_224/fsmview_trainset_3_9_mouth_right_10.jpg,0.03615425527095795,0.035784762352705,-0.00036949291825294495,8.111383728682995,0.7373886108398438,0.3126521408557892,0.3126521408557892,44.86727799999812,40.32876599998758,real_npy,0,1
1026,/mnt/c/Users/Chirayu/Documents/GitHub/2D-to-3D-image-reconstruction/facescape_224/fsmview_trainset_17_2_smile_8.jpg,0.06012368202209473,0.061354342848062515,0.0012306608259677887,8.499367283657193,0.6787419319152832,0.35630977153778076,0.35630977153778076,38.29396899999438,39.672611999975516,real_npy,0,1
1027,/mnt/c/Users/Chirayu/Documents/GitHub/2D-to-3D-image-reconstruction/facescape_224/fsmview_trainset_4_10_dimpler_0.jpg,0.125852569937706,0.13644549250602722,0.010592922568321228,7.953416526317596,0.698135495185852,0.2595426142215729,0.2595426142215729,57.83399499998154,54.00463000000855,real_npy,0,1
1028,/mnt/c/Users/Chirayu/Documents/GitHub/2D-to-3D-image-reconstruction/facescape_224/fsmview_trainset_16_9_mouth_right_36.jpg,0.055282410234212875,0.048905663192272186,-0.006376747041940689,8.077878292649984,0.6725796461105347,0.39023709297180176,0.39023709297180176,40.37657500001046,36.69138399999383,real_npy,0,1
1029,/mnt/c/Users/Chirayu/Documents/GitHub/2D-to-3D-image-reconstruction/facescape_224/fsmview_trainset_14_16_grin_20.jpg,0.04321371763944626,0.043773651123046875,0.0005599334836006165,7.132724232971668,0.6449339389801025,0.3006104528903961,0.3006104528903961,47.42400000000657,50.693261000020584,real_npy,0,1
1030,/mnt/c/Users/Chirayu/Documents/GitHub/2D-to-3D-image-reconstruction/facescape_224/fsmview_trainset_7_5_jaw_left_3.jpg,0.0670873299241066,0.06279797852039337,-0.004289351403713226,8.374385457485914,0.7897984385490417,0.382608562707901,0.382608562707901,46.95609600000239,46.67164800000023,real_npy,0,1
1031,/mnt/c/Users/Chirayu/Documents/GitHub/2D-to-3D-image-reconstruction/facescape_224/fsmview_trainset_5_12_lip_puckerer_28.jpg,0.036374371498823166,0.04021046310663223,0.0038360916078090668,7.644566610455513,0.6294029355049133,0.2752719223499298,0.2752719223499298,52.882416000016974,38.24713800000268,real_npy,0,1
1032,/mnt/c/Users/Chirayu/Documents/GitHub/2D-to-3D-image-reconstruction/facescape_224/fsmview_trainset_17_14_sadness_55.jpg,0.27267730236053467,0.26424074172973633,-0.00843656063079834,7.582872666418552,0.6498149037361145,0.42482370138168335,0.42482370138168335,42.338427999993655,36.53653200001372,real_npy,0,1
1033,/mnt/c/Users/Chirayu/Documents/GitHub/2D-to-3D-image-reconstruction/facescape_224/fsmview_trainset_8_7_jaw_forward_56.jpg,0.03305581212043762,0.03866543620824814,0.005609624087810516,7.703325126320124,0.6615201234817505,0.20841969549655914,0.20841969549655914,44.773362000000816,51.1774990000049,real_npy,0,1
1034,/mnt/c/Users/Chirayu/Documents/GitHub/2D-to-3D-image-reconstruction/facescape_224/fsmview_trainset_9_20_brow_lower_9.jpg,0.04206036403775215,0.04753066971898079,0.005470305681228638,7.838191099464893,0.7267346382141113,0.25368115305900574,0.25368115305900574,49.62801899998226,39.31679600000848,real_npy,0,1
1035,/mnt/c/Users/Chirayu/Documents/GitHub/2D-to-3D-image-reconstruction/facescape_224/fsmview_trainset_8_20_brow_lower_41.jpg,0.05838225409388542,0.05764588341116905,-0.0007363706827163696,8.040133453905582,0.7100452184677124,0.365351140499115,0.365351140499115,42.45546699999636,46.933875000007674,real_npy,0,1
1036,/mnt/c/Users/Chirayu/Documents/GitHub/2D-to-3D-image-reconstruction/facescape_224/fsmview_trainset_12_16_grin_7.jpg,0.042783815413713455,0.04189840704202652,-0.0008854083716869354,8.322568208910525,0.7225490808486938,0.41369321942329407,0.41369321942329407,52.105643999993845,37.22351499999377,real_npy,0,1
1037,/mnt/c/Users/Chirayu/Documents/GitHub/2D-to-3D-image-reconstruction/facescape_224/fsmview_trainset_15_14_sadness_65.jpg,0.05691758915781975,0.059723082929849625,0.0028054937720298767,8.539601366966963,0.7862038612365723,0.4729470908641815,0.4729470908641815,48.43515999999681,35.98188800000912,real_npy,0,1
1038,/mnt/c/Users/Chirayu/Documents/GitHub/2D-to-3D-image-reconstruction/facescape_224/fsmview_trainset_15_11_chin_raiser_65.jpg,0.06291193515062332,0.06154453009366989,-0.0013674050569534302,8.721667101606727,0.8107489347457886,0.47411608695983887,0.47411608695983887,40.750836000000845,37.70563999998444,real_npy,0,1
1039,/mnt/c/Users/Chirayu/Documents/GitHub/2D-to-3D-image-reconstruction/facescape_224/fsmview_trainset_15_17_cheek_blowing_66.jpg,0.37114202976226807,0.45110824704170227,0.0799662172794342,9.033455815166235,0.7397848963737488,0.4671332836151123,0.4671332836151123,39.17700599998852,35.1582790000009,real_npy,0,1
1040,/mnt/c/Users/Chirayu/Documents/GitHub/2D-to-3D-image-reconstruction/facescape_224/fsmview_trainset_9_16_grin_42.jpg,0.16679702699184418,0.23718850314617157,0.07039147615432739,6.291516814380884,0.5802674889564514,0.45310813188552856,0.45310813188552856,42.613533999997344,37.28860699999359,real_npy,0,0
1041,/mnt/c/Users/Chirayu/Documents/GitHub/2D-to-3D-image-reconstruction/facescape_224/fsmview_trainset_2_19_brow_raiser_18.jpg,0.05715553089976311,0.0585884153842926,0.0014328844845294952,9.043772764969617,0.7306099534034729,0.4651873707771301,0.4651873707771301,44.22011399998382,40.789918000001535,real_npy,0,1
1042,/mnt/c/Users/Chirayu/Documents/GitHub/2D-to-3D-image-reconstruction/facescape_224/fsmview_trainset_6_13_lip_funneler_22.jpg,0.26965075731277466,0.2772558331489563,0.007605075836181641,6.9422572478652,0.6303218007087708,0.5584457516670227,0.5584457516670227,50.99409000001742,39.047568000000865,real_npy,0,1
1043,/mnt/c/Users/Chirayu/Documents/GitHub/2D-to-3D-image-reconstruction/facescape_224/fsmview_trainset_17_16_grin_58.jpg,0.07537680864334106,0.07665008306503296,0.0012732744216918945,8.621703319251537,0.7201445698738098,0.3675854504108429,0.3675854504108429,58.48270399999933,40.722568999996156,real_npy,0,1
1044,/mnt/c/Users/Chirayu/Documents/GitHub/2D-to-3D-image-reconstruction/facescape_224/fsmview_trainset_14_17_cheek_blowing_47.jpg,0.10563712567090988,0.12620976567268372,0.020572640001773834,7.9575317949056625,0.730660080909729,0.6736974120140076,0.6736974120140076,40.84607100000426,41.156328999989,real_npy,0,1
1045,/mnt/c/Users/Chirayu/Documents/GitHub/2D-to-3D-image-reconstruction/facescape_224/fsmview_trainset_3_10_dimpler_48.jpg,0.05600336566567421,0.0657334104180336,0.00973004475235939,9.286279366817325,0.7696040272712708,0.4738938510417938,0.4738938510417938,50.98942000000761,38.79744099998561,real_npy,0,1
1046,/mnt/c/Users/Chirayu/Documents/GitHub/2D-to-3D-image-reconstruction/facescape_224/fsmview_trainset_20_17_cheek_blowing_27.jpg,0.13173125684261322,0.14058156311511993,0.008850306272506714,8.130891114473343,0.66618412733078,0.3674493432044983,0.3674493432044983,53.70868100001758,44.08754100001033,real_npy,0,1
1047,/mnt/c/Users/Chirayu/Documents/GitHub/2D-to-3D-image-reconstruction/facescape_224/fsmview_trainset_1_7_jaw_forward_49.jpg,0.16476453840732574,0.20590616762638092,0.041141629219055176,6.604239173233509,0.6608296632766724,0.4384465515613556,0.4384465515613556,48.70023199998741,46.56190200000765,real_npy,0,1
1048,/mnt/c/Users/Chirayu/Documents/GitHub/2D-to-3D-image-reconstruction/facescape_224/fsmview_trainset_18_6_jaw_right_6.jpg,0.053896430879831314,0.05273685231804848,-0.001159578561782837,8.53137257695198,0.6994004845619202,0.3438546359539032,0.3438546359539032,57.58633099998178,41.24247100000389,real_npy,0,1
1049,/mnt/c/Users/Chirayu/Documents/GitHub/2D-to-3D-image-reconstruction/facescape_224/fsmview_trainset_11_3_mouth_stretch_15.jpg,0.27391600608825684,0.32219359278678894,0.048277586698532104,7.442300267517567,0.6361813545227051,0.578399658203125,0.578399658203125,61.5144920000148,39.60487599999851,real_npy,0,1
1050,/mnt/c/Users/Chirayu/Documents/GitHub/2D-to-3D-image-reconstruction/facescape_224/fsmview_trainset_19_6_jaw_right_12.jpg,0.2877594530582428,0.30191656947135925,0.014157116413116455,7.568964309990406,0.621241569519043,0.33192962408065796,0.33192962408065796,52.79147800001738,40.63974900000744,real_npy,0,1
1051,/mnt/c/Users/Chirayu/Documents/GitHub/2D-to-3D-image-reconstruction/facescape_224/fsmview_trainset_11_17_cheek_blowing_22.jpg,0.042709026485681534,0.04587525129318237,0.0031662248075008392,7.997803658246994,0.6712783575057983,0.4849754273891449,0.4849754273891449,55.13964799999371,39.33164100001818,real_npy,0,1
1052,/mnt/c/Users/Chirayu/Documents/GitHub/2D-to-3D-image-reconstruction/facescape_224/fsmview_trainset_10_7_jaw_forward_23.jpg,0.04916970059275627,0.05196814984083176,0.0027984492480754852,8.075010294094682,0.6674566864967346,0.3481445014476776,0.3481445014476776,65.07215600001359,41.59289700001523,real_npy,0,1
1053,/mnt/c/Users/Chirayu/Documents/GitHub/2D-to-3D-image-reconstruction/facescape_224/fsmview_trainset_19_10_dimpler_44.jpg,0.1835860311985016,0.18620668351650238,0.0026206523180007935,8.528830543160439,0.7294735908508301,0.43081963062286377,0.43081963062286377,40.33209499999657,38.852780000013354,real_npy,0,1
1054,/mnt/c/Users/Chirayu/Documents/GitHub/2D-to-3D-image-reconstruction/facescape_224/fsmview_trainset_14_9_mouth_right_53.jpg,0.3205389678478241,0.3626497685909271,0.04211080074310303,7.458724427968264,0.67392897605896,0.5588864684104919,0.5588864684104919,41.60286100000121,63.632648999998764,real_npy,0,1
1055,/mnt/c/Users/Chirayu/Documents/GitHub/2D-to-3D-image-reconstruction/facescape_224/fsmview_trainset_3_19_brow_raiser_10.jpg,0.04447219893336296,0.03695342317223549,-0.007518775761127472,8.314736485481262,0.7338275909423828,0.3192487359046936,0.3192487359046936,64.56791600001566,35.38271599998666,real_npy,0,1
1056,/mnt/c/Users/Chirayu/Documents/GitHub/2D-to-3D-image-reconstruction/facescape_224/fsmview_trainset_13_10_dimpler_47.jpg,0.04259369149804115,0.04100655019283295,-0.0015871413052082062,7.453243751078844,0.625055193901062,0.36357221007347107,0.36357221007347107,43.23399600002631,39.862293999988196,real_npy,0,1
1057,/mnt/c/Users/Chirayu/Documents/GitHub/2D-to-3D-image-reconstruction/facescape_224/fsmview_trainset_12_9_mouth_right_34.jpg,0.08795696496963501,0.09559936076402664,0.007642395794391632,8.695458013564348,0.6879332661628723,0.5119340419769287,0.5119340419769287,51.96090300000833,49.33959300001334,real_npy,0,1
1058,/mnt/c/Users/Chirayu/Documents/GitHub/2D-to-3D-image-reconstruction/facescape_224/fsmview_trainset_3_12_lip_puckerer_53.jpg,0.8609139919281006,0.7749711871147156,-0.08594280481338501,7.968438450247049,0.6627424955368042,0.44178149104118347,0.44178149104118347,52.93547299999091,39.847899000022835,real_npy,0,1
1059,/mnt/c/Users/Chirayu/Documents/GitHub/2D-to-3D-image-reconstruction/facescape_224/fsmview_trainset_12_4_anger_26.jpg,0.04136541485786438,0.04292551800608635,0.0015601031482219696,8.751895957160741,0.7196649312973022,0.5055126547813416,0.5055126547813416,46.21442100000195,51.011877000007644,real_npy,0,1
1060,/mnt/c/Users/Chirayu/Documents/GitHub/2D-to-3D-image-reconstruction/facescape_224/fsmview_trainset_9_14_sadness_44.jpg,0.17208541929721832,0.14829221367835999,-0.023793205618858337,7.693448580801487,0.7176548838615417,0.4099520444869995,0.4099520444869995,54.85922299999402,40.24282199998197,real_npy,0,1
1061,/mnt/c/Users/Chirayu/Documents/GitHub/2D-to-3D-image-reconstruction/facescape_224/fsmview_trainset_18_3_mouth_stretch_22.jpg,0.04112783446907997,0.04114937409758568,2.1539628505706787e-05,7.645756898447871,0.7010986804962158,0.3516514003276825,0.3516514003276825,46.33400200000892,48.42001899999104,real_npy,0,1
1062,/mnt/c/Users/Chirayu/Documents/GitHub/2D-to-3D-image-reconstruction/facescape_224/fsmview_trainset_17_11_chin_raiser_15.jpg,0.06891137361526489,0.07634776830673218,0.007436394691467285,8.633313963189721,0.7136387825012207,0.350950688123703,0.350950688123703,45.39950700001327,37.7154770000061,real_npy,0,1
1063,/mnt/c/Users/Chirayu/Documents/GitHub/2D-to-3D-image-reconstruction/facescape_224/fsmview_trainset_12_10_dimpler_15.jpg,0.03282063081860542,0.03636281192302704,0.0035421811044216156,8.356438282877207,0.6828002333641052,0.415996789932251,0.415996789932251,49.49948000000859,47.13279300000295,real_npy,0,1
1064,/mnt/c/Users/Chirayu/Documents/GitHub/2D-to-3D-image-reconstruction/facescape_224/fsmview_trainset_8_6_jaw_right_37.jpg,0.061811257153749466,0.09146802127361298,0.02965676411986351,8.975496746599674,0.7661481499671936,0.3420509099960327,0.3420509099960327,49.69274600000517,49.03982799999085,real_npy,0,1
1065,/mnt/c/Users/Chirayu/Documents/GitHub/2D-to-3D-image-reconstruction/facescape_224/fsmview_trainset_11_11_chin_raiser_29.jpg,0.05216565728187561,0.05703834816813469,0.004872690886259079,8.663778208196163,0.7263029217720032,0.4193638861179352,0.4193638861179352,64.6837750000202,48.74365500000977,real_npy,0,1
1066,/mnt/c/Users/Chirayu/Documents/GitHub/2D-to-3D-image-reconstruction/facescape_224/fsmview_trainset_6_19_brow_raiser_23.jpg,0.044825196266174316,0.04665162414312363,0.0018264278769493103,8.045414999127388,0.6958532333374023,0.2982674837112427,0.2982674837112427,41.2911079999958,37.59947400001806,real_npy,0,1
1067,/mnt/c/Users/Chirayu/Documents/GitHub/2D-to-3D-image-reconstruction/facescape_224/fsmview_trainset_4_6_jaw_right_26.jpg,0.15191808342933655,0.18623295426368713,0.034314870834350586,6.682418525218964,0.6621614098548889,0.5359978675842285,0.5359978675842285,40.040202000000136,49.92315199999098,real_npy,0,1
1068,/mnt/c/Users/Chirayu/Documents/GitHub/2D-to-3D-image-reconstruction/facescape_224/fsmview_trainset_19_20_brow_lower_24.jpg,0.049755726009607315,0.05248365178704262,0.0027279257774353027,8.918121368158609,0.7432150840759277,0.32494884729385376,0.32494884729385376,55.48841999998899,37.06187000000227,real_npy,0,1
1069,/mnt/c/Users/Chirayu/Documents/GitHub/2D-to-3D-image-reconstruction/facescape_224/fsmview_trainset_20_1_neutral_15.jpg,0.13327185809612274,0.15503206849098206,0.021760210394859314,7.252201318740845,0.6423593163490295,0.44365063309669495,0.44365063309669495,39.2584010000121,40.12427500001081,real_npy,0,1
1070,/mnt/c/Users/Chirayu/Documents/GitHub/2D-to-3D-image-reconstruction/facescape_224/fsmview_trainset_6_14_sadness_48.jpg,0.06747369468212128,0.07668976485729218,0.009216070175170898,7.603030376136303,0.6546777486801147,0.4228596091270447,0.4228596091270447,39.333040000002484,38.43048799998883,real_npy,0,1
1071,/mnt/c/Users/Chirayu/Documents/GitHub/2D-to-3D-image-reconstruction/facescape_224/fsmview_trainset_19_8_mouth_left_41.jpg,0.12738442420959473,0.11839159578084946,-0.00899282842874527,7.6026363000273705,0.6790879368782043,0.40252989530563354,0.40252989530563354,43.213127999990775,40.39056999999957,real_npy,0,1
1072,/mnt/c/Users/Chirayu/Documents/GitHub/2D-to-3D-image-reconstruction/facescape_224/fsmview_trainset_12_17_cheek_blowing_52.jpg,0.0880054235458374,0.10513822734355927,0.017132803797721863,8.920885600149632,0.7073430418968201,0.4076136648654938,0.4076136648654938,40.594788999982256,45.28468300000554,real_npy,0,1
1073,/mnt/c/Users/Chirayu/Documents/GitHub/2D-to-3D-image-reconstruction/facescape_224/fsmview_trainset_20_9_mouth_right_67.jpg,0.046663518995046616,0.045077428221702576,-0.00158609077334404,8.553658472374082,0.7713016271591187,0.44566893577575684,0.44566893577575684,53.66418200000567,38.53887700000769,real_npy,0,1
1074,/mnt/c/Users/Chirayu/Documents/GitHub/2D-to-3D-image-reconstruction/facescape_224/fsmview_trainset_1_15_lip_roll_1.jpg,0.031992826610803604,0.09551095962524414,0.06351813301444054,8.359055111184716,0.7885362505912781,0.2855445146560669,0.2855445146560669,47.89763599998764,41.166115000009995,real_npy,0,1
1075,/mnt/c/Users/Chirayu/Documents/GitHub/2D-to-3D-image-reconstruction/facescape_224/fsmview_trainset_17_9_mouth_right_42.jpg,0.6156755089759827,0.6792483925819397,0.06357288360595703,6.811020778492093,0.6515771746635437,0.37256819009780884,0.37256819009780884,51.64164300001062,42.365616000012096,real_npy,0,1
1076,/mnt/c/Users/Chirayu/Documents/GitHub/2D-to-3D-image-reconstruction/facescape_224/fsmview_trainset_4_15_lip_roll_12.jpg,0.052163977175951004,0.051819052547216415,-0.0003449246287345886,7.886209219694138,0.7321892380714417,0.28573277592658997,0.28573277592658997,70.97928799998954,39.90282600000228,real_npy,0,1
1077,/mnt/c/Users/Chirayu/Documents/GitHub/2D-to-3D-image-reconstruction/facescape_224/fsmview_trainset_12_14_sadness_20.jpg,0.21627959609031677,0.18432225286960602,-0.031957343220710754,6.907784998416901,0.707205057144165,0.6735441088676453,0.6735441088676453,37.306488000012905,44.38809300000912,real_npy,0,1
1078,/mnt/c/Users/Chirayu/Documents/GitHub/2D-to-3D-image-reconstruction/facescape_224/fsmview_trainset_14_2_smile_57.jpg,0.04353460296988487,0.04211455211043358,-0.001420050859451294,8.383648227900267,0.7579092979431152,0.36448225378990173,0.36448225378990173,45.15158000000952,42.27158500000883,real_npy,0,1
1079,/mnt/c/Users/Chirayu/Documents/GitHub/2D-to-3D-image-reconstruction/facescape_224/fsmview_trainset_2_17_cheek_blowing_55.jpg,0.17867760360240936,0.18491171300411224,0.006234109401702881,8.480735801160336,0.6965136528015137,0.49652099609375,0.49652099609375,45.061336000003394,37.714747999984866,real_npy,0,1
1080,/mnt/c/Users/Chirayu/Documents/GitHub/2D-to-3D-image-reconstruction/facescape_224/fsmview_trainset_14_16_grin_6.jpg,0.4908760190010071,0.4501778781414032,-0.04069814085960388,8.042106457054615,0.7165120244026184,0.5803430676460266,0.5803430676460266,47.180378000007295,36.590603000007604,template_fallback,0,1
1081,/mnt/c/Users/Chirayu/Documents/GitHub/2D-to-3D-image-reconstruction/facescape_224/fsmview_trainset_10_19_brow_raiser_18.jpg,0.04463137686252594,0.04480540752410889,0.00017403066158294678,8.076505744829774,0.6814890503883362,0.3226228356361389,0.3226228356361389,36.98998999999503,44.50812600001086,real_npy,0,1
1082,/mnt/c/Users/Chirayu/Documents/GitHub/2D-to-3D-image-reconstruction/facescape_224/fsmview_trainset_3_7_jaw_forward_27.jpg,0.058660395443439484,0.05956313759088516,0.0009027421474456787,8.5195646090433,0.7167305946350098,0.41358402371406555,0.41358402371406555,50.95859499999733,35.231397000018205,real_npy,0,1
1083,/mnt/c/Users/Chirayu/Documents/GitHub/2D-to-3D-image-reconstruction/facescape_224/fsmview_trainset_6_10_dimpler_13.jpg,0.038416605442762375,0.03994561359286308,0.001529008150100708,7.728911310434341,0.687842607498169,0.3451947271823883,0.3451947271823883,54.275147999987894,43.446858000010025,real_npy,0,1
1084,/mnt/c/Users/Chirayu/Documents/GitHub/2D-to-3D-image-reconstruction/facescape_224/fsmview_trainset_13_10_dimpler_23.jpg,0.04435517638921738,0.05428207293152809,0.009926896542310715,8.547686278820038,0.7527685165405273,0.28509074449539185,0.28509074449539185,48.81014599999389,39.451711000026535,real_npy,0,1
1085,/mnt/c/Users/Chirayu/Documents/GitHub/2D-to-3D-image-reconstruction/facescape_224/fsmview_trainset_3_16_grin_53.jpg,0.07465506345033646,0.07578984647989273,0.0011347830295562744,8.241202808916569,0.7445247769355774,0.42248037457466125,0.42248037457466125,47.15638899997998,36.74971699999219,real_npy,0,1
1086,/mnt/c/Users/Chirayu/Documents/GitHub/2D-to-3D-image-reconstruction/facescape_224/fsmview_trainset_13_10_dimpler_42.jpg,0.04410970211029053,0.04921729117631912,0.005107589066028595,7.229474686086178,0.6188077926635742,0.41236886382102966,0.41236886382102966,45.16427699999781,44.526052999998456,real_npy,0,1
1087,/mnt/c/Users/Chirayu/Documents/GitHub/2D-to-3D-image-reconstruction/facescape_224/fsmview_trainset_1_10_dimpler_47.jpg,0.2640177309513092,0.23078343272209167,-0.03323429822921753,6.667658373713493,0.6316059827804565,0.4450314939022064,0.4450314939022064,50.581197000013844,37.277065000012044,real_npy,0,1
1088,/mnt/c/Users/Chirayu/Documents/GitHub/2D-to-3D-image-reconstruction/facescape_224/fsmview_trainset_7_9_mouth_right_54.jpg,0.0547652393579483,0.05162553861737251,-0.0031397007405757904,7.530956320464611,0.6810911297798157,0.49763280153274536,0.49763280153274536,39.48689999998578,36.70680600001219,real_npy,0,1
1089,/mnt/c/Users/Chirayu/Documents/GitHub/2D-to-3D-image-reconstruction/facescape_224/fsmview_trainset_5_15_lip_roll_20.jpg,0.05479136481881142,0.05482799559831619,3.6630779504776e-05,8.371312452480197,0.7202305197715759,0.37658441066741943,0.37658441066741943,40.5459790000009,40.69847599998866,real_npy,0,1
1090,/mnt/c/Users/Chirayu/Documents/GitHub/2D-to-3D-image-reconstruction/facescape_224/fsmview_trainset_9_17_cheek_blowing_20.jpg,0.057521749287843704,0.057511892169713974,-9.857118129730225e-06,8.479936758056283,0.7136139273643494,0.3787538409233093,0.3787538409233093,36.00878199998192,38.55566699999713,real_npy,0,1
1091,/mnt/c/Users/Chirayu/Documents/GitHub/2D-to-3D-image-reconstruction/facescape_224/fsmview_trainset_11_12_lip_puckerer_10.jpg,0.8752132654190063,0.956728994846344,0.08151572942733765,7.878732614219189,0.6944806575775146,0.5514848232269287,0.5514848232269287,44.38524500000085,40.460454999987405,real_npy,0,1
1092,/mnt/c/Users/Chirayu/Documents/GitHub/2D-to-3D-image-reconstruction/facescape_224/fsmview_trainset_5_10_dimpler_56.jpg,0.05412609502673149,0.05162141099572182,-0.002504684031009674,8.111377626657486,0.7186715602874756,0.3942992389202118,0.3942992389202118,46.03167900000926,37.96844900000451,real_npy,0,1
1093,/mnt/c/Users/Chirayu/Documents/GitHub/2D-to-3D-image-reconstruction/facescape_224/fsmview_trainset_14_20_brow_lower_35.jpg,0.03776964172720909,0.03795725479722023,0.00018761307001113892,8.307170554064214,0.7129806876182556,0.5175811052322388,0.5175811052322388,41.03891599999088,41.84727399999133,real_npy,0,1
1094,/mnt/c/Users/Chirayu/Documents/GitHub/2D-to-3D-image-reconstruction/facescape_224/fsmview_trainset_20_3_mouth_stretch_39.jpg,0.07813546806573868,0.09005001187324524,0.011914543807506561,8.647941913455725,0.7376841902732849,0.4851835072040558,0.4851835072040558,44.006552000013244,45.87562800000455,real_npy,0,1
1095,/mnt/c/Users/Chirayu/Documents/GitHub/2D-to-3D-image-reconstruction/facescape_224/fsmview_trainset_20_1_neutral_58.jpg,0.05093255266547203,0.049474235624074936,-0.0014583170413970947,8.542848479002714,0.7960361242294312,0.4463611841201782,0.4463611841201782,45.11109499998156,46.44863499999019,real_npy,0,1
1096,/mnt/c/Users/Chirayu/Documents/GitHub/2D-to-3D-image-reconstruction/facescape_224/fsmview_trainset_9_5_jaw_left_47.jpg,0.11793575435876846,0.12364271283149719,0.005706958472728729,9.220468159765005,0.7768192291259766,0.464691162109375,0.464691162109375,38.88714600000753,38.54100600000265,real_npy,0,1
1097,/mnt/c/Users/Chirayu/Documents/GitHub/2D-to-3D-image-reconstruction/facescape_224/fsmview_trainset_19_2_smile_20.jpg,0.05529194697737694,0.054916732013225555,-0.00037521496415138245,9.362441988661885,0.7699791193008423,0.3497544825077057,0.3497544825077057,55.33612199999993,40.33402800001795,real_npy,0,1
1098,/mnt/c/Users/Chirayu/Documents/GitHub/2D-to-3D-image-reconstruction/facescape_224/fsmview_trainset_11_15_lip_roll_6.jpg,1.0360133647918701,0.9729326963424683,-0.06308066844940186,7.0699316412210464,0.6025037169456482,0.5100356936454773,0.5100356936454773,43.71306199999481,37.51058299999954,real_npy,0,1
1099,/mnt/c/Users/Chirayu/Documents/GitHub/2D-to-3D-image-reconstruction/facescape_224/fsmview_trainset_2_18_eye_closed_28.jpg,0.03877568989992142,0.03964993730187416,0.0008742474019527435,7.862690687179565,0.6864815950393677,0.2950156033039093,0.2950156033039093,38.79185599998891,39.729725000000826,real_npy,0,1
1100,/mnt/c/Users/Chirayu/Documents/GitHub/2D-to-3D-image-reconstruction/facescape_224/fsmview_trainset_17_10_dimpler_27.jpg,0.050048135221004486,0.049830809235572815,-0.00021732598543167114,9.002223990857601,0.7482374310493469,0.3610192537307739,0.3610192537307739,47.38459099999659,38.22536300000934,real_npy,0,1
1101,/mnt/c/Users/Chirayu/Documents/GitHub/2D-to-3D-image-reconstruction/facescape_224/fsmview_trainset_20_20_brow_lower_54.jpg,0.36685168743133545,0.35698434710502625,-0.009867340326309204,6.4229011833667755,0.5959133505821228,0.5250806212425232,0.5250806212425232,37.26554099998225,37.44104800000514,real_npy,0,0
1102,/mnt/c/Users/Chirayu/Documents/GitHub/2D-to-3D-image-reconstruction/facescape_224/fsmview_trainset_7_18_eye_closed_26.jpg,0.03762552887201309,0.0402650386095047,0.0026395097374916077,8.278841983526945,0.6836047768592834,0.357750803232193,0.357750803232193,60.45122599999786,48.04825499999765,real_npy,0,1
1103,/mnt/c/Users/Chirayu/Documents/GitHub/2D-to-3D-image-reconstruction/facescape_224/fsmview_trainset_17_13_lip_funneler_4.jpg,0.10696566849946976,0.1100924015045166,0.0031267330050468445,8.886077381670475,0.6927276849746704,0.41705456376075745,0.41705456376075745,46.39378100000613,59.49250800000527,real_npy,0,1
1104,/mnt/c/Users/Chirayu/Documents/GitHub/2D-to-3D-image-reconstruction/facescape_224/fsmview_trainset_15_3_mouth_stretch_10.jpg,0.27304548025131226,0.27114710211753845,-0.0018983781337738037,7.854152642190456,0.6822336316108704,0.5945001840591431,0.5945001840591431,49.31605199999467,46.72291999997924,real_npy,0,1
1105,/mnt/c/Users/Chirayu/Documents/GitHub/2D-to-3D-image-reconstruction/facescape_224/fsmview_trainset_19_4_anger_35.jpg,0.050778914242982864,0.04882422089576721,-0.0019546933472156525,9.074218990281224,0.740411102771759,0.35958632826805115,0.35958632826805115,48.39426999998864,42.33226900001341,real_npy,0,1
1106,/mnt/c/Users/Chirayu/Documents/GitHub/2D-to-3D-image-reconstruction/facescape_224/fsmview_trainset_3_6_jaw_right_27.jpg,0.05526132881641388,0.05265485495328903,-0.0026064738631248474,8.122447695583105,0.687260091304779,0.4144022464752197,0.4144022464752197,47.57483099999149,43.23733399999696,real_npy,0,1
1107,/mnt/c/Users/Chirayu/Documents/GitHub/2D-to-3D-image-reconstruction/facescape_224/fsmview_trainset_20_18_eye_closed_45.jpg,0.1261862814426422,0.11927480250597,-0.006911478936672211,8.740723263472319,0.7348437309265137,0.5585950613021851,0.5585950613021851,41.924311999991914,38.95894500001873,real_npy,0,1
1108,/mnt/c/Users/Chirayu/Documents/GitHub/2D-to-3D-image-reconstruction/facescape_224/fsmview_trainset_6_1_neutral_45.jpg,0.13097725808620453,0.11844197660684586,-0.012535281479358673,8.312802992761135,0.6837124228477478,0.41435593366622925,0.41435593366622925,43.76433600000951,33.26979600001323,real_npy,0,1
1109,/mnt/c/Users/Chirayu/Documents/GitHub/2D-to-3D-image-reconstruction/facescape_224/fsmview_trainset_6_5_jaw_left_58.jpg,0.04958754777908325,0.04670235514640808,-0.002885192632675171,7.82814584299922,0.7147662043571472,0.3464619815349579,0.3464619815349579,46.215936999999485,55.27838899999438,real_npy,0,1
1110,/mnt/c/Users/Chirayu/Documents/GitHub/2D-to-3D-image-reconstruction/facescape_224/fsmview_trainset_1_11_chin_raiser_11.jpg,0.08745721727609634,0.0736183300614357,-0.013838887214660645,7.681944727897644,0.7129395008087158,0.38112959265708923,0.38112959265708923,56.71158499998796,45.54171900002757,real_npy,0,1
1111,/mnt/c/Users/Chirayu/Documents/GitHub/2D-to-3D-image-reconstruction/facescape_224/fsmview_trainset_1_19_brow_raiser_22.jpg,0.04427025467157364,0.042983826249837875,-0.0012864284217357635,8.39189722854644,0.692121148109436,0.3792771100997925,0.3792771100997925,59.862468999995144,45.51647200000275,real_npy,0,1
1112,/mnt/c/Users/Chirayu/Documents/GitHub/2D-to-3D-image-reconstruction/facescape_224/fsmview_trainset_4_4_anger_15.jpg,0.10210299491882324,0.10278816521167755,0.0006851702928543091,7.9677460715174675,0.7275866866111755,0.4430908262729645,0.4430908262729645,45.587285000010525,44.932933000012554,real_npy,0,1
1113,/mnt/c/Users/Chirayu/Documents/GitHub/2D-to-3D-image-reconstruction/facescape_224/fsmview_trainset_6_17_cheek_blowing_50.jpg,0.362589567899704,0.3472434878349304,-0.01534608006477356,6.147354282438755,0.622501015663147,0.4231816530227661,0.4231816530227661,64.2925939999941,37.053324999988035,real_npy,0,0
1114,/mnt/c/Users/Chirayu/Documents/GitHub/2D-to-3D-image-reconstruction/facescape_224/fsmview_trainset_3_1_neutral_5.jpg,0.0383964441716671,0.03890416398644447,0.0005077198147773743,7.8136956468224525,0.6960359215736389,0.3819706439971924,0.3819706439971924,43.48701699998969,42.101398999989215,real_npy,0,1
1115,/mnt/c/Users/Chirayu/Documents/GitHub/2D-to-3D-image-reconstruction/facescape_224/fsmview_trainset_14_19_brow_raiser_35.jpg,0.046167802065610886,0.04841882735490799,0.002251025289297104,8.154688380192965,0.6935213208198547,0.541244387626648,0.541244387626648,42.71308299999532,41.927667999999585,real_npy,0,1
1116,/mnt/c/Users/Chirayu/Documents/GitHub/2D-to-3D-image-reconstruction/facescape_224/fsmview_trainset_4_7_jaw_forward_3.jpg,0.06104890629649162,0.05910991132259369,-0.001938994973897934,7.80045723170042,0.6944693922996521,0.3013240098953247,0.3013240098953247,40.40411799999788,62.81609600000593,real_npy,0,1
1117,/mnt/c/Users/Chirayu/Documents/GitHub/2D-to-3D-image-reconstruction/facescape_224/fsmview_trainset_7_3_mouth_stretch_29.jpg,0.0979694202542305,0.10982230305671692,0.01185288280248642,7.5781504064798355,0.7091186046600342,0.31132856011390686,0.31132856011390686,50.27204300000676,43.599549999981946,real_npy,0,1
1118,/mnt/c/Users/Chirayu/Documents/GitHub/2D-to-3D-image-reconstruction/facescape_224/fsmview_trainset_7_7_jaw_forward_5.jpg,0.03993486613035202,0.04218173772096634,0.002246871590614319,7.804724629968405,0.6333383917808533,0.4019712507724762,0.4019712507724762,54.295883999998296,35.14024699998686,real_npy,0,1
1119,/mnt/c/Users/Chirayu/Documents/GitHub/2D-to-3D-image-reconstruction/facescape_224/fsmview_trainset_19_10_dimpler_16.jpg,0.04874410852789879,0.04949668422341347,0.000752575695514679,8.696822013705969,0.7238524556159973,0.28997722268104553,0.28997722268104553,44.338433999996596,38.51452000000677,real_npy,0,1
1120,/mnt/c/Users/Chirayu/Documents/GitHub/2D-to-3D-image-reconstruction/facescape_224/fsmview_trainset_18_1_neutral_38.jpg,0.07523021101951599,0.08725106716156006,0.012020856142044067,9.8626300804317,0.8552519083023071,0.487202525138855,0.487202525138855,66.4520370000048,41.72237000000223,real_npy,0,1
1121,/mnt/c/Users/Chirayu/Documents/GitHub/2D-to-3D-image-reconstruction/facescape_224/fsmview_trainset_10_11_chin_raiser_37.jpg,0.08107664436101913,0.09223013371229172,0.011153489351272583,8.821067733690143,0.7353199124336243,0.4075784385204315,0.4075784385204315,37.77316800000108,37.815934000008156,real_npy,0,1
1122,/mnt/c/Users/Chirayu/Documents/GitHub/2D-to-3D-image-reconstruction/facescape_224/fsmview_trainset_18_11_chin_raiser_1.jpg,0.028361061587929726,3.7408666610717773,3.7125055994838476,40.16413766145706,4.682500839233398,0.3456670343875885,0.3456670343875885,61.50735899998949,58.35981399999923,real_npy,1,1
1123,/mnt/c/Users/Chirayu/Documents/GitHub/2D-to-3D-image-reconstruction/facescape_224/fsmview_trainset_5_18_eye_closed_41.jpg,0.12728632986545563,0.1252693086862564,-0.0020170211791992188,7.496394760906696,0.6992641687393188,0.47538501024246216,0.47538501024246216,44.05284800000686,38.7915550000173,real_npy,0,1
1124,/mnt/c/Users/Chirayu/Documents/GitHub/2D-to-3D-image-reconstruction/facescape_224/fsmview_trainset_1_15_lip_roll_54.jpg,0.06313243508338928,0.06841669976711273,0.00528426468372345,7.616516757756472,0.7297983765602112,0.2983965575695038,0.2983965575695038,70.49986900000249,62.38070300000231,real_npy,0,1
1125,/mnt/c/Users/Chirayu/Documents/GitHub/2D-to-3D-image-reconstruction/facescape_224/fsmview_trainset_2_1_neutral_7.jpg,0.15472948551177979,0.15879939496517181,0.004069909453392029,8.595270320773125,0.6948325634002686,0.36350420117378235,0.36350420117378235,50.673692999993136,49.53811200002178,real_npy,0,1
1126,/mnt/c/Users/Chirayu/Documents/GitHub/2D-to-3D-image-reconstruction/facescape_224/fsmview_trainset_9_15_lip_roll_45.jpg,0.6054767370223999,0.5294986367225647,-0.0759781002998352,6.57888700067997,0.6972033381462097,0.42333951592445374,0.42333951592445374,48.490388000004714,36.04576999998699,real_npy,0,1
1127,/mnt/c/Users/Chirayu/Documents/GitHub/2D-to-3D-image-reconstruction/facescape_224/fsmview_trainset_12_10_dimpler_8.jpg,0.040078695863485336,0.039079878479242325,-0.0009988173842430115,8.327134266495705,0.7059471607208252,0.41483551263809204,0.41483551263809204,50.8578780000164,28.037303000019165,real_npy,0,1
1128,/mnt/c/Users/Chirayu/Documents/GitHub/2D-to-3D-image-reconstruction/facescape_224/fsmview_trainset_14_12_lip_puckerer_27.jpg,0.03502393886446953,0.24156099557876587,0.20653705671429634,11.153328787069768,1.0167286396026611,0.4713294506072998,0.4713294506072998,39.99808000000371,40.11712400000533,real_npy,0,1
1129,/mnt/c/Users/Chirayu/Documents/GitHub/2D-to-3D-image-reconstruction/facescape_224/fsmview_trainset_5_18_eye_closed_8.jpg,0.035393889993429184,0.03644554689526558,0.0010516569018363953,7.928588610142469,0.6665157079696655,0.36713409423828125,0.36713409423828125,44.35193099999424,31.84024000000818,real_npy,0,1
1130,/mnt/c/Users/Chirayu/Documents/GitHub/2D-to-3D-image-reconstruction/facescape_224/fsmview_trainset_8_15_lip_roll_33.jpg,0.16935986280441284,0.18238991498947144,0.013030052185058594,7.158553265035152,0.6099821925163269,0.18183313310146332,0.18183313310146332,33.82798100000173,26.324876999979097,real_npy,0,1
1131,/mnt/c/Users/Chirayu/Documents/GitHub/2D-to-3D-image-reconstruction/facescape_224/fsmview_trainset_15_4_anger_20.jpg,0.11031278967857361,0.12288808822631836,0.012575298547744751,7.390791855752468,0.6470237374305725,0.4175146818161011,0.4175146818161011,48.64951999999789,33.057270999989896,real_npy,0,1
1132,/mnt/c/Users/Chirayu/Documents/GitHub/2D-to-3D-image-reconstruction/facescape_224/fsmview_trainset_20_2_smile_15.jpg,0.05116193741559982,0.07840720564126968,0.02724526822566986,7.320786975324154,0.6616914868354797,0.5726596713066101,0.5726596713066101,53.11696599997617,51.36142399999244,real_npy,0,1
1133,/mnt/c/Users/Chirayu/Documents/GitHub/2D-to-3D-image-reconstruction/facescape_224/fsmview_trainset_14_17_cheek_blowing_16.jpg,0.09137611091136932,0.17434491217136383,0.0829688012599945,7.280759684741497,0.6816479563713074,0.48720812797546387,0.48720812797546387,62.29977999998937,41.35274999998728,real_npy,0,1
1134,/mnt/c/Users/Chirayu/Documents/GitHub/2D-to-3D-image-reconstruction/facescape_224/fsmview_trainset_6_5_jaw_left_33.jpg,0.0929567813873291,0.09900901466608047,0.006052233278751373,7.488349676132202,0.6597041487693787,0.4654531180858612,0.4654531180858612,52.44151700000543,54.25357900000449,real_npy,0,1
1135,/mnt/c/Users/Chirayu/Documents/GitHub/2D-to-3D-image-reconstruction/facescape_224/fsmview_trainset_3_7_jaw_forward_21.jpg,0.03604041039943695,0.038506198674440384,0.0024657882750034332,8.134243231266737,0.695224940776825,0.3226754665374756,0.3226754665374756,56.10537800001225,61.16326599999411,real_npy,0,1
1136,/mnt/c/Users/Chirayu/Documents/GitHub/2D-to-3D-image-reconstruction/facescape_224/fsmview_trainset_17_16_grin_4.jpg,0.10073443502187729,0.09917207062244415,-0.001562364399433136,8.851474482566118,0.7355009317398071,0.41869083046913147,0.41869083046913147,39.56576600000972,55.51299100000051,real_npy,0,1
1137,/mnt/c/Users/Chirayu/Documents/GitHub/2D-to-3D-image-reconstruction/facescape_224/fsmview_trainset_4_16_grin_47.jpg,0.04322097450494766,0.04810977354645729,0.004888799041509628,8.031455524265766,0.6640028357505798,0.29201197624206543,0.29201197624206543,70.110279000005,53.85604400001398,real_npy,0,1
1138,/mnt/c/Users/Chirayu/Documents/GitHub/2D-to-3D-image-reconstruction/facescape_224/fsmview_trainset_4_3_mouth_stretch_1.jpg,0.02586076781153679,0.029733197763562202,0.0038724299520254135,7.55972976796329,0.6541427969932556,0.20660841464996338,0.20660841464996338,69.36375300000464,68.6274339999784,real_npy,0,1
1139,/mnt/c/Users/Chirayu/Documents/GitHub/2D-to-3D-image-reconstruction/facescape_224/fsmview_trainset_2_20_brow_lower_24.jpg,0.05460107699036598,0.05721104517579079,0.0026099681854248047,9.146980276331306,0.7524954676628113,0.4719882309436798,0.4719882309436798,69.14908100000616,61.95982500000241,real_npy,0,1
1140,/mnt/c/Users/Chirayu/Documents/GitHub/2D-to-3D-image-reconstruction/facescape_224/fsmview_trainset_18_14_sadness_5.jpg,0.04920055717229843,0.05248508229851723,0.0032845251262187958,8.079650178551674,0.6946220993995667,0.3343016505241394,0.3343016505241394,78.1302270000026,59.453222000001915,real_npy,0,1
1141,/mnt/c/Users/Chirayu/Documents/GitHub/2D-to-3D-image-reconstruction/facescape_224/fsmview_trainset_5_19_brow_raiser_27.jpg,0.05115057900547981,0.049917466938495636,-0.0012331120669841766,8.940170330926776,0.7627092599868774,0.39879345893859863,0.39879345893859863,48.78679699999111,35.50147499998957,real_npy,0,1
1142,/mnt/c/Users/Chirayu/Documents/GitHub/2D-to-3D-image-reconstruction/facescape_224/fsmview_trainset_18_5_jaw_left_9.jpg,0.050803396850824356,0.28959330916404724,0.23878991231322289,12.044500211253762,1.1632121801376343,0.36930274963378906,0.36930274963378906,63.206236000013405,55.49384400001145,real_npy,0,1
1143,/mnt/c/Users/Chirayu/Documents/GitHub/2D-to-3D-image-reconstruction/facescape_224/fsmview_trainset_5_12_lip_puckerer_5.jpg,0.035046398639678955,0.038960956037044525,0.00391455739736557,7.59773676097393,0.6438472270965576,0.3740631341934204,0.3740631341934204,52.37734100001035,56.52743600001031,real_npy,0,1
1144,/mnt/c/Users/Chirayu/Documents/GitHub/2D-to-3D-image-reconstruction/facescape_224/fsmview_trainset_14_2_smile_40.jpg,0.03148117661476135,0.03172844275832176,0.00024726614356040955,7.44846361130476,0.6424248218536377,0.39714065194129944,0.39714065194129944,64.06216299998846,54.98412099998973,real_npy,0,1
1145,/mnt/c/Users/Chirayu/Documents/GitHub/2D-to-3D-image-reconstruction/facescape_224/fsmview_trainset_13_1_neutral_6.jpg,0.19703587889671326,0.19538752734661102,-0.0016483515501022339,7.026684403419495,0.633201539516449,0.4426362216472626,0.4426362216472626,84.30185599999618,51.014072000015176,real_npy,0,1
1146,/mnt/c/Users/Chirayu/Documents/GitHub/2D-to-3D-image-reconstruction/facescape_224/fsmview_trainset_4_10_dimpler_18.jpg,0.1550132930278778,0.15423603355884552,-0.0007772594690322876,7.464744530618191,0.7126169800758362,0.3676083981990814,0.3676083981990814,62.989155999986224,67.56580300000792,real_npy,0,1
1147,/mnt/c/Users/Chirayu/Documents/GitHub/2D-to-3D-image-reconstruction/facescape_224/fsmview_trainset_13_18_eye_closed_38.jpg,0.3267152011394501,0.30422794818878174,-0.022487252950668335,7.3343736585229635,0.6820860505104065,0.45065805315971375,0.45065805315971375,57.74908600000117,74.98921199999131,real_npy,0,1
1148,/mnt/c/Users/Chirayu/Documents/GitHub/2D-to-3D-image-reconstruction/facescape_224/fsmview_trainset_9_6_jaw_right_22.jpg,0.03671398386359215,5.158670902252197,5.121956918388605,46.810338631272316,6.2415900230407715,0.3110212981700897,0.3110212981700897,87.08155400000805,101.36921700001267,real_npy,1,1
1149,/mnt/c/Users/Chirayu/Documents/GitHub/2D-to-3D-image-reconstruction/facescape_224/fsmview_trainset_12_6_jaw_right_16.jpg,0.04458565637469292,0.041504841297864914,-0.003080815076828003,8.690430406481028,0.6920157670974731,0.46090167760849,0.46090167760849,77.43985400000497,98.69022300000552,real_npy,0,1
1150,/mnt/c/Users/Chirayu/Documents/GitHub/2D-to-3D-image-reconstruction/facescape_224/fsmview_trainset_2_16_grin_40.jpg,1.0615084171295166,0.9803587794303894,-0.0811496376991272,7.5687217228114605,0.642601728439331,0.4336552917957306,0.4336552917957306,93.7018779999903,74.65823600000476,real_npy,0,1
1151,/mnt/c/Users/Chirayu/Documents/GitHub/2D-to-3D-image-reconstruction/facescape_224/fsmview_trainset_6_6_jaw_right_14.jpg,0.04909559711813927,0.10346094518899918,0.05436534807085991,8.799703776836395,0.7996594309806824,0.3504062592983246,0.3504062592983246,89.46761499998956,93.86348699999303,real_npy,0,1
1152,/mnt/c/Users/Chirayu/Documents/GitHub/2D-to-3D-image-reconstruction/facescape_224/fsmview_trainset_10_18_eye_closed_18.jpg,0.21979884803295135,0.19295580685138702,-0.02684304118156433,7.518185593187809,0.7162719368934631,0.5047929286956787,0.5047929286956787,98.18339500000661,81.23937600001341,real_npy,0,1
1153,/mnt/c/Users/Chirayu/Documents/GitHub/2D-to-3D-image-reconstruction/facescape_224/fsmview_trainset_6_5_jaw_left_20.jpg,0.05254754051566124,0.051524706184864044,-0.0010228343307971954,8.885508019477129,0.776957094669342,0.3826747536659241,0.3826747536659241,63.2908979999911,77.81270999998924,real_npy,0,1
1154,/mnt/c/Users/Chirayu/Documents/GitHub/2D-to-3D-image-reconstruction/facescape_224/fsmview_trainset_19_17_cheek_blowing_43.jpg,0.03305554389953613,0.035338956862688065,0.0022834129631519318,7.853283690288663,0.6459178924560547,0.21271918714046478,0.21271918714046478,57.84869000001436,43.855221000001166,real_npy,0,1
1155,/mnt/c/Users/Chirayu/Documents/GitHub/2D-to-3D-image-reconstruction/facescape_224/fsmview_trainset_14_5_jaw_left_18.jpg,0.05407722666859627,0.05473867803812027,0.0006614513695240021,7.863700583577156,0.6543983817100525,0.5064008235931396,0.5064008235931396,63.20350999999391,52.58620999998698,real_npy,0,1
1156,/mnt/c/Users/Chirayu/Documents/GitHub/2D-to-3D-image-reconstruction/facescape_224/fsmview_trainset_17_13_lip_funneler_56.jpg,0.6897037029266357,0.6902039051055908,0.0005002021789550781,6.697815818712115,0.6136910319328308,0.38015714287757874,0.38015714287757874,55.48449500000174,55.446439000007786,real_npy,0,1
1157,/mnt/c/Users/Chirayu/Documents/GitHub/2D-to-3D-image-reconstruction/facescape_224/fsmview_trainset_8_20_brow_lower_21.jpg,0.04139576852321625,0.04017137736082077,-0.0012243911623954773,7.846658354625106,0.6370495557785034,0.24862231314182281,0.24862231314182281,52.806344000003946,59.86556400000609,real_npy,0,1
1158,/mnt/c/Users/Chirayu/Documents/GitHub/2D-to-3D-image-reconstruction/facescape_224/fsmview_trainset_10_7_jaw_forward_20.jpg,0.04091941937804222,0.042443402111530304,0.0015239827334880829,8.088298832066357,0.7184568643569946,0.33706554770469666,0.33706554770469666,56.83088400002134,90.08659700000976,real_npy,0,1
1159,/mnt/c/Users/Chirayu/Documents/GitHub/2D-to-3D-image-reconstruction/facescape_224/fsmview_trainset_13_3_mouth_stretch_25.jpg,0.11138065904378891,0.12536035478115082,0.013979695737361908,8.570247069001198,0.7480273246765137,0.48223647475242615,0.48223647475242615,60.187495000008084,54.44222199997739,real_npy,0,1
1160,/mnt/c/Users/Chirayu/Documents/GitHub/2D-to-3D-image-reconstruction/facescape_224/fsmview_trainset_4_4_anger_27.jpg,0.093104287981987,0.09533006697893143,0.0022257789969444275,7.783395253121853,0.7208783626556396,0.3704317510128021,0.3704317510128021,67.8779749999876,58.11389100000497,real_npy,0,1
1161,/mnt/c/Users/Chirayu/Documents/GitHub/2D-to-3D-image-reconstruction/facescape_224/fsmview_trainset_3_15_lip_roll_33.jpg,0.6335551142692566,0.6742972135543823,0.04074209928512573,6.709798026829958,0.5998735427856445,0.499324232339859,0.499324232339859,59.254574000021876,84.74677300000621,real_npy,0,1
1162,/mnt/c/Users/Chirayu/Documents/GitHub/2D-to-3D-image-reconstruction/facescape_224/fsmview_trainset_18_3_mouth_stretch_43.jpg,0.09425020217895508,0.09157665818929672,-0.0026735439896583557,8.358619928359985,0.8182688355445862,0.5055157542228699,0.5055157542228699,59.770754999988185,68.0741179999984,real_npy,0,1
1163,/mnt/c/Users/Chirayu/Documents/GitHub/2D-to-3D-image-reconstruction/facescape_224/fsmview_trainset_13_9_mouth_right_12.jpg,0.04483799263834953,0.043246954679489136,-0.0015910379588603973,8.391950700432062,0.6854729056358337,0.4178354740142822,0.4178354740142822,65.84978999998725,63.372191000013345,real_npy,0,1
1164,/mnt/c/Users/Chirayu/Documents/GitHub/2D-to-3D-image-reconstruction/facescape_224/fsmview_trainset_6_4_anger_21.jpg,0.03487739711999893,0.03781576454639435,0.0029383674263954163,7.886330008506775,0.6760732531547546,0.26378554105758667,0.26378554105758667,60.977907000022924,48.99882300000513,real_npy,0,1
1165,/mnt/c/Users/Chirayu/Documents/GitHub/2D-to-3D-image-reconstruction/facescape_224/fsmview_trainset_18_10_dimpler_7.jpg,0.04146404191851616,2.550234794616699,2.508770752698183,34.08211221918464,3.9210166931152344,0.30302101373672485,0.30302101373672485,67.66509099998075,83.45676900000853,real_npy,1,1
1166,/mnt/c/Users/Chirayu/Documents/GitHub/2D-to-3D-image-reconstruction/facescape_224/fsmview_trainset_16_11_chin_raiser_6.jpg,0.051398176699876785,0.051740702241659164,0.00034252554178237915,8.461594395339489,0.7031259536743164,0.30778712034225464,0.30778712034225464,74.90846799998963,72.79836799997952,real_npy,0,1
1167,/mnt/c/Users/Chirayu/Documents/GitHub/2D-to-3D-image-reconstruction/facescape_224/fsmview_trainset_11_1_neutral_34.jpg,0.03825340420007706,1.121569275856018,1.083315871655941,22.111921282485127,2.226792335510254,0.5647278428077698,0.5647278428077698,60.00086599999577,59.377820000008796,real_npy,0,1
1168,/mnt/c/Users/Chirayu/Documents/GitHub/2D-to-3D-image-reconstruction/facescape_224/fsmview_trainset_3_18_eye_closed_1.jpg,0.06403473764657974,0.06217315047979355,-0.0018615871667861938,8.33664321899414,0.7181706428527832,0.42838308215141296,0.42838308215141296,74.70050899999592,66.9733090000193,real_npy,0,1
1169,/mnt/c/Users/Chirayu/Documents/GitHub/2D-to-3D-image-reconstruction/facescape_224/fsmview_trainset_9_11_chin_raiser_27.jpg,0.07625923305749893,0.0749175027012825,-0.0013417303562164307,9.139523891732097,0.7555827498435974,0.4218292534351349,0.4218292534351349,60.140470999982654,77.92332200000374,real_npy,0,1
1170,/mnt/c/Users/Chirayu/Documents/GitHub/2D-to-3D-image-reconstruction/facescape_224/fsmview_trainset_5_12_lip_puckerer_57.jpg,0.06420869380235672,0.06187876686453819,-0.0023299269378185272,7.9730114713311195,0.7055692076683044,0.42544132471084595,0.42544132471084595,71.12681300000645,61.83925199999862,real_npy,0,1
1171,/mnt/c/Users/Chirayu/Documents/GitHub/2D-to-3D-image-reconstruction/facescape_224/fsmview_trainset_8_9_mouth_right_44.jpg,0.07590265572071075,0.0739663764834404,-0.0019362792372703552,7.588630959391594,0.6396352648735046,0.39937758445739746,0.39937758445739746,57.94264000002158,54.26568300001122,real_npy,0,1
1172,/mnt/c/Users/Chirayu/Documents/GitHub/2D-to-3D-image-reconstruction/facescape_224/fsmview_trainset_1_9_mouth_right_52.jpg,0.38139352202415466,0.3781261742115021,-0.003267347812652588,6.730066768825054,0.6923215985298157,0.405726820230484,0.405726820230484,53.691041000007544,71.34143499999368,real_npy,0,1
1173,/mnt/c/Users/Chirayu/Documents/GitHub/2D-to-3D-image-reconstruction/facescape_224/fsmview_trainset_5_5_jaw_left_27.jpg,0.05490211024880409,0.05399420112371445,-0.0009079091250896454,8.465685497969389,0.6972358822822571,0.386564701795578,0.386564701795578,115.83722599999646,61.996971000013446,real_npy,0,1
1174,/mnt/c/Users/Chirayu/Documents/GitHub/2D-to-3D-image-reconstruction/facescape_224/fsmview_trainset_15_2_smile_29.jpg,0.22127185761928558,0.25749319791793823,0.03622134029865265,7.871240604668856,0.6693744659423828,0.41849473118782043,0.41849473118782043,77.62578500000927,60.687113999989606,real_npy,0,1
1175,/mnt/c/Users/Chirayu/Documents/GitHub/2D-to-3D-image-reconstruction/facescape_224/fsmview_trainset_11_20_brow_lower_9.jpg,0.4626764953136444,0.49489325284957886,0.03221675753593445,6.935910940170288,0.6460179090499878,0.5581851005554199,0.5581851005554199,68.63809099999685,66.96536799998398,real_npy,0,1
1176,/mnt/c/Users/Chirayu/Documents/GitHub/2D-to-3D-image-reconstruction/facescape_224/fsmview_trainset_2_19_brow_raiser_56.jpg,0.24802319705486298,0.2413947731256485,-0.0066284239292144775,7.713935308158398,0.6331719756126404,0.4309062361717224,0.4309062361717224,62.941260999991755,56.29648999999404,real_npy,0,1
1177,/mnt/c/Users/Chirayu/Documents/GitHub/2D-to-3D-image-reconstruction/facescape_224/fsmview_trainset_4_10_dimpler_35.jpg,0.04264485836029053,0.03718606010079384,-0.005458798259496689,7.559931509196758,0.6327559351921082,0.3022848963737488,0.3022848963737488,64.94944199999964,64.039772000001,real_npy,0,1
1178,/mnt/c/Users/Chirayu/Documents/GitHub/2D-to-3D-image-reconstruction/facescape_224/fsmview_trainset_6_1_neutral_2.jpg,0.04540858417749405,0.047462210059165955,0.0020536258816719055,8.332839153707027,0.7055516839027405,0.39001181721687317,0.39001181721687317,66.31205099998283,64.1581609999946,real_npy,0,1
1179,/mnt/c/Users/Chirayu/Documents/GitHub/2D-to-3D-image-reconstruction/facescape_224/fsmview_trainset_10_10_dimpler_43.jpg,0.10142476856708527,0.08935217559337616,-0.012072592973709106,8.306392677128315,0.6923817992210388,0.4516230523586273,0.4516230523586273,62.565810999984706,63.88828900000476,real_npy,0,1
1180,/mnt/c/Users/Chirayu/Documents/GitHub/2D-to-3D-image-reconstruction/facescape_224/fsmview_trainset_5_2_smile_58.jpg,0.7091311812400818,0.7812395095825195,0.07210832834243774,7.181552518159151,0.6046308875083923,0.47557544708251953,0.47557544708251953,72.2191950000024,56.05712100000915,real_npy,0,1
1181,/mnt/c/Users/Chirayu/Documents/GitHub/2D-to-3D-image-reconstruction/facescape_224/fsmview_trainset_2_14_sadness_19.jpg,0.08765639364719391,0.09592542052268982,0.00826902687549591,9.842080966103822,0.837409496307373,0.41835281252861023,0.41835281252861023,66.24937000000841,49.57423499999436,real_npy,0,1
1182,/mnt/c/Users/Chirayu/Documents/GitHub/2D-to-3D-image-reconstruction/facescape_224/fsmview_trainset_13_1_neutral_11.jpg,0.737500011920929,0.696670651435852,-0.040829360485076904,6.147642966359854,0.592266321182251,0.4855804443359375,0.4855804443359375,55.99504699998192,53.35168100000942,real_npy,0,0
1183,/mnt/c/Users/Chirayu/Documents/GitHub/2D-to-3D-image-reconstruction/facescape_224/fsmview_trainset_19_5_jaw_left_30.jpg,0.043780986219644547,0.0458063930273056,0.0020254068076610565,8.295398861169815,0.6827503442764282,0.27421891689300537,0.27421891689300537,76.4324209999927,66.48880999998141,real_npy,0,1
1184,/mnt/c/Users/Chirayu/Documents/GitHub/2D-to-3D-image-reconstruction/facescape_224/fsmview_trainset_17_20_brow_lower_9.jpg,0.06443653255701065,0.06567085534334183,0.0012343227863311768,8.21621216274798,0.6898142099380493,0.3738977909088135,0.3738977909088135,58.11825199998566,66.01212900000064,real_npy,0,1
1185,/mnt/c/Users/Chirayu/Documents/GitHub/2D-to-3D-image-reconstruction/facescape_224/fsmview_trainset_19_19_brow_raiser_9.jpg,0.04610416665673256,0.04026840999722481,-0.0058357566595077515,8.608645156025887,0.7331863641738892,0.24829760193824768,0.24829760193824768,65.20800900000268,59.4966460000137,real_npy,0,1
1186,/mnt/c/Users/Chirayu/Documents/GitHub/2D-to-3D-image-reconstruction/facescape_224/fsmview_trainset_12_2_smile_50.jpg,0.05428927391767502,0.046932756900787354,-0.007356517016887665,8.793017279356718,0.712209165096283,0.4892194867134094,0.4892194867134094,66.0793670000146,67.24685000000363,real_npy,0,1
1187,/mnt/c/Users/Chirayu/Documents/GitHub/2D-to-3D-image-reconstruction/facescape_224/fsmview_trainset_3_6_jaw_right_10.jpg,0.039155829697847366,0.03473663330078125,-0.004419196397066116,8.228116378188133,0.7288480401039124,0.32161054015159607,0.32161054015159607,57.57431399999291,86.87887799999316,real_npy,0,1
1188,/mnt/c/Users/Chirayu/Documents/GitHub/2D-to-3D-image-reconstruction/facescape_224/fsmview_trainset_11_11_chin_raiser_59.jpg,0.781592071056366,0.7624062895774841,-0.019185781478881836,7.206257902085781,0.6536178588867188,0.502354621887207,0.502354621887207,69.16088700000955,73.18848200000616,real_npy,0,1
1189,/mnt/c/Users/Chirayu/Documents/GitHub/2D-to-3D-image-reconstruction/facescape_224/fsmview_trainset_6_4_anger_48.jpg,0.14448802173137665,0.1476307511329651,0.00314272940158844,9.155080858618021,0.7664239406585693,0.3988887071609497,0.3988887071609497,59.87395500000048,64.38269299999888,real_npy,0,1
1190,/mnt/c/Users/Chirayu/Documents/GitHub/2D-to-3D-image-reconstruction/facescape_224/fsmview_trainset_2_11_chin_raiser_55.jpg,0.19037283957004547,0.18523858487606049,-0.005134254693984985,8.227727763354778,0.6949877738952637,0.44443297386169434,0.44443297386169434,59.237674000002016,55.20117800000435,real_npy,0,1
1191,/mnt/c/Users/Chirayu/Documents/GitHub/2D-to-3D-image-reconstruction/facescape_224/fsmview_trainset_18_3_mouth_stretch_49.jpg,0.09910702705383301,0.10755176842212677,0.008444741368293762,8.596946340054274,0.8230054378509521,0.42260611057281494,0.42260611057281494,60.42067600000678,57.528318000009904,real_npy,0,1
1192,/mnt/c/Users/Chirayu/Documents/GitHub/2D-to-3D-image-reconstruction/facescape_224/fsmview_trainset_5_10_dimpler_9.jpg,0.05024498328566551,0.0479356050491333,-0.0023093782365322113,7.734893009066582,0.6679306626319885,0.35969075560569763,0.35969075560569763,56.588887999993176,56.490456000005906,real_npy,0,1
1193,/mnt/c/Users/Chirayu/Documents/GitHub/2D-to-3D-image-reconstruction/facescape_224/fsmview_trainset_2_18_eye_closed_57.jpg,0.7463660836219788,0.7777088284492493,0.03134274482727051,7.072549324482679,0.7065509557723999,0.4479861557483673,0.4479861557483673,64.3087550000132,59.498044999998,real_npy,0,1
1194,/mnt/c/Users/Chirayu/Documents/GitHub/2D-to-3D-image-reconstruction/facescape_224/fsmview_trainset_19_9_mouth_right_30.jpg,0.29328879714012146,0.28793099522590637,-0.005357801914215088,6.685285087674856,0.5776728987693787,0.4307061433792114,0.4307061433792114,89.86512000001312,66.40468200001237,real_npy,0,1
1195,/mnt/c/Users/Chirayu/Documents/GitHub/2D-to-3D-image-reconstruction/facescape_224/fsmview_trainset_14_6_jaw_right_39.jpg,0.04818708077073097,0.04393807426095009,-0.004249006509780884,8.007135976105928,0.7212178707122803,0.5404120087623596,0.5404120087623596,58.70192499997984,75.52360400001135,real_npy,0,1
1196,/mnt/c/Users/Chirayu/Documents/GitHub/2D-to-3D-image-reconstruction/facescape_224/fsmview_trainset_13_13_lip_funneler_21.jpg,0.058641139417886734,0.06007793918251991,0.0014367997646331787,8.743165272288024,0.7349780201911926,0.42198634147644043,0.42198634147644043,73.46466500001725,62.593036999999185,real_npy,0,1
1197,/mnt/c/Users/Chirayu/Documents/GitHub/2D-to-3D-image-reconstruction/facescape_224/fsmview_trainset_19_4_anger_10.jpg,0.03306165337562561,0.03630299121141434,0.003241337835788727,8.170519139617682,0.698799192905426,0.22839951515197754,0.22839951515197754,61.28736499999832,51.23485699999719,real_npy,0,1
1198,/mnt/c/Users/Chirayu/Documents/GitHub/2D-to-3D-image-reconstruction/facescape_224/fsmview_trainset_1_11_chin_raiser_4.jpg,0.044822029769420624,0.04756508767604828,0.002743057906627655,7.881172098219395,0.6567491888999939,0.23086842894554138,0.23086842894554138,61.85564599999793,69.09809500001529,real_npy,0,1
1199,/mnt/c/Users/Chirayu/Documents/GitHub/2D-to-3D-image-reconstruction/facescape_224/fsmview_trainset_2_16_grin_53.jpg,0.987621545791626,0.8925718069076538,-0.09504973888397217,8.318184103816748,0.7606842517852783,0.4786781668663025,0.4786781668663025,57.35445400000572,54.089860999994244,real_npy,0,1
1200,/mnt/c/Users/Chirayu/Documents/GitHub/2D-to-3D-image-reconstruction/facescape_224/fsmview_trainset_1_20_brow_lower_15.jpg,0.12942568957805634,0.1265101283788681,-0.0029155611991882324,7.54668353497982,0.6584460735321045,0.4853549897670746,0.4853549897670746,56.696662000007336,72.86856000001762,real_npy,0,1
1201,/mnt/c/Users/Chirayu/Documents/GitHub/2D-to-3D-image-reconstruction/facescape_224/fsmview_trainset_4_15_lip_roll_3.jpg,0.06061088293790817,0.06056061387062073,-5.026906728744507e-05,7.723282188177109,0.7035816311836243,0.30173444747924805,0.30173444747924805,62.85442399999397,61.50504900000442,real_npy,0,1
1202,/mnt/c/Users/Chirayu/Documents/GitHub/2D-to-3D-image-reconstruction/facescape_224/fsmview_trainset_12_4_anger_55.jpg,0.05051550641655922,0.048103008419275284,-0.0024124979972839355,8.487828593701124,0.7259290814399719,0.37523698806762695,0.37523698806762695,95.6171720000043,54.273146000014094,real_npy,0,1
1203,/mnt/c/Users/Chirayu/Documents/GitHub/2D-to-3D-image-reconstruction/facescape_224/fsmview_trainset_4_8_mouth_left_41.jpg,0.06255022436380386,0.06080630421638489,-0.0017439201474189758,7.385806813836098,0.6948373317718506,0.44312208890914917,0.44312208890914917,67.43394800000146,68.42593699997224,real_npy,0,1
1204,/mnt/c/Users/Chirayu/Documents/GitHub/2D-to-3D-image-reconstruction/facescape_224/fsmview_trainset_3_14_sadness_13.jpg,0.0577455572783947,0.05669776350259781,-0.0010477937757968903,8.41387996263802,0.7219403982162476,0.4273702800273895,0.4273702800273895,55.875740000004726,34.40741800000069,real_npy,0,1
1205,/mnt/c/Users/Chirayu/Documents/GitHub/2D-to-3D-image-reconstruction/facescape_224/fsmview_trainset_7_6_jaw_right_49.jpg,0.3116171956062317,0.2929362654685974,-0.018680930137634277,7.106032699346542,0.6435379385948181,0.5269027948379517,0.5269027948379517,39.6434959999965,49.03275199998802,real_npy,0,1
1206,/mnt/c/Users/Chirayu/Documents/GitHub/2D-to-3D-image-reconstruction/facescape_224/fsmview_trainset_15_18_eye_closed_58.jpg,0.0950796902179718,0.09976081550121307,0.004681125283241272,8.233237709850073,0.7533664107322693,0.47230756282806396,0.47230756282806396,40.143540999991956,52.57446499999219,real_npy,0,1
1207,/mnt/c/Users/Chirayu/Documents/GitHub/2D-to-3D-image-reconstruction/facescape_224/fsmview_trainset_18_17_cheek_blowing_45.jpg,0.049527622759342194,0.04883000627160072,-0.0006976164877414703,8.184350799769163,0.6870553493499756,0.4473549425601959,0.4473549425601959,65.54011200000787,54.94956199999024,real_npy,0,1
1208,/mnt/c/Users/Chirayu/Documents/GitHub/2D-to-3D-image-reconstruction/facescape_224/fsmview_trainset_3_18_eye_closed_16.jpg,0.05856882035732269,0.0632496327161789,0.004680812358856201,8.339424947276711,0.7020318508148193,0.33098915219306946,0.33098915219306946,53.135186000019985,92.81609099997468,real_npy,0,1
1209,/mnt/c/Users/Chirayu/Documents/GitHub/2D-to-3D-image-reconstruction/facescape_224/fsmview_trainset_5_5_jaw_left_42.jpg,0.11707984656095505,0.18419517576694489,0.06711532920598984,7.369646467268467,0.6810319423675537,0.4265265464782715,0.4265265464782715,60.65148399997611,57.59863100001894,real_npy,0,1
1210,/mnt/c/Users/Chirayu/Documents/GitHub/2D-to-3D-image-reconstruction/facescape_224/fsmview_trainset_4_15_lip_roll_44.jpg,0.0839918702840805,0.07955886423587799,-0.004433006048202515,7.52468866109848,0.6973786354064941,0.36700528860092163,0.36700528860092163,60.57673499998373,59.897496000019146,real_npy,0,1
1211,/mnt/c/Users/Chirayu/Documents/GitHub/2D-to-3D-image-reconstruction/facescape_224/fsmview_trainset_15_14_sadness_8.jpg,1.0921756029129028,1.0313496589660645,-0.06082594394683838,8.079424060881138,0.6566251516342163,0.5437721610069275,0.5437721610069275,71.16182299998286,63.65838400000712,real_npy,0,1
1212,/mnt/c/Users/Chirayu/Documents/GitHub/2D-to-3D-image-reconstruction/facescape_224/fsmview_trainset_11_13_lip_funneler_6.jpg,0.5730467438697815,0.5178889036178589,-0.05515784025192261,8.17306274548173,0.6403178572654724,0.47518375515937805,0.47518375515937805,80.37816399999542,60.8006089999833,template_fallback,0,1
1213,/mnt/c/Users/Chirayu/Documents/GitHub/2D-to-3D-image-reconstruction/facescape_224/fsmview_trainset_7_20_brow_lower_17.jpg,0.029105739668011665,0.02884945087134838,-0.0002562887966632843,7.694206647574902,0.645687460899353,0.3545301854610443,0.3545301854610443,71.71197400001006,59.390609999979915,real_npy,0,1
1214,/mnt/c/Users/Chirayu/Documents/GitHub/2D-to-3D-image-reconstruction/facescape_224/fsmview_trainset_18_12_lip_puckerer_31.jpg,0.2010302096605301,11.065858840942383,10.864828631281853,66.84846311062574,12.015040397644043,0.2616484761238098,0.2616484761238098,77.51363599999195,63.805935000004865,real_npy,1,1
1215,/mnt/c/Users/Chirayu/Documents/GitHub/2D-to-3D-image-reconstruction/facescape_224/fsmview_trainset_10_2_smile_29.jpg,0.08194009214639664,0.08343075215816498,0.001490660011768341,7.7911025658249855,0.649895429611206,0.4283572733402252,0.4283572733402252,63.44732299999123,67.64742299998261,real_npy,0,1
1216,/mnt/c/Users/Chirayu/Documents/GitHub/2D-to-3D-image-reconstruction/facescape_224/fsmview_trainset_7_7_jaw_forward_6.jpg,0.040340520441532135,0.03884735703468323,-0.0014931634068489075,7.783360175788403,0.6370857357978821,0.3553991913795471,0.3553991913795471,59.830669999996644,69.78012400000466,real_npy,0,1
1217,/mnt/c/Users/Chirayu/Documents/GitHub/2D-to-3D-image-reconstruction/facescape_224/fsmview_trainset_7_1_neutral_34.jpg,0.06269925087690353,0.06350127607584,0.0008020251989364624,7.650717124342918,0.6890836358070374,0.4453025162220001,0.4453025162220001,57.06424900000684,65.49461000000179,real_npy,0,1
1218,/mnt/c/Users/Chirayu/Documents/GitHub/2D-to-3D-image-reconstruction/facescape_224/fsmview_trainset_9_6_jaw_right_10.jpg,0.3141748309135437,0.3182038366794586,0.004029005765914917,6.72392238676548,0.6814410090446472,0.5816642642021179,0.5816642642021179,70.02347300002043,61.2401329999841,real_npy,0,1
1219,/mnt/c/Users/Chirayu/Documents/GitHub/2D-to-3D-image-reconstruction/facescape_224/fsmview_trainset_12_4_anger_7.jpg,0.040994755923748016,0.04220078885555267,0.001206032931804657,8.568439953029156,0.7068846225738525,0.4821946322917938,0.4821946322917938,60.28993000001037,62.00144300001398,real_npy,0,1
1220,/mnt/c/Users/Chirayu/Documents/GitHub/2D-to-3D-image-reconstruction/facescape_224/fsmview_trainset_10_5_jaw_left_32.jpg,0.24919529259204865,26.157215118408203,25.908019825816154,99.70030423998833,27.4084415435791,0.23767562210559845,0.23767562210559845,76.76832000001355,55.06353499998795,real_npy,1,1
1221,/mnt/c/Users/Chirayu/Documents/GitHub/2D-to-3D-image-reconstruction/facescape_224/fsmview_trainset_17_1_neutral_43.jpg,0.12014735490083694,0.11701247096061707,-0.003134883940219879,7.912726873531938,0.665604293346405,0.4488489031791687,0.4488489031791687,66.51892100001078,61.02879300001973,real_npy,0,1
1222,/mnt/c/Users/Chirayu/Documents/GitHub/2D-to-3D-image-reconstruction/facescape_224/fsmview_trainset_9_9_mouth_right_19.jpg,0.0546930693089962,0.05725003033876419,0.00255696102976799,9.143879495095462,0.7539427876472473,0.3488313555717468,0.3488313555717468,65.01685399999246,68.9374849999922,real_npy,0,1
1223,/mnt/c/Users/Chirayu/Documents/GitHub/2D-to-3D-image-reconstruction/facescape_224/fsmview_trainset_9_16_grin_17.jpg,0.03719412907958031,0.03990737721323967,0.002713248133659363,8.205601153895259,0.7003825306892395,0.3118114769458771,0.3118114769458771,61.330916000002844,61.86652200000253,real_npy,0,1
1224,/mnt/c/Users/Chirayu/Documents/GitHub/2D-to-3D-image-reconstruction/facescape_224/fsmview_trainset_3_11_chin_raiser_4.jpg,0.06118172034621239,0.0619281604886055,0.0007464401423931122,8.24100386351347,0.6863792538642883,0.4105507433414459,0.4105507433414459,74.5180600000026,68.69711799998868,real_npy,0,1
1225,/mnt/c/Users/Chirayu/Documents/GitHub/2D-to-3D-image-reconstruction/facescape_224/fsmview_trainset_11_13_lip_funneler_44.jpg,0.8079052567481995,0.7272624373435974,-0.08064281940460205,7.858496733009815,0.6949527263641357,0.518867015838623,0.518867015838623,76.62613799999463,59.1025639999998,real_npy,0,1
1226,/mnt/c/Users/Chirayu/Documents/GitHub/2D-to-3D-image-reconstruction/facescape_224/fsmview_trainset_8_14_sadness_40.jpg,0.20457492768764496,0.19729118049144745,-0.00728374719619751,6.998046040534973,0.6420580744743347,0.4996701180934906,0.4996701180934906,54.46875499998782,66.68806700000118,real_npy,0,1
1227,/mnt/c/Users/Chirayu/Documents/GitHub/2D-to-3D-image-reconstruction/facescape_224/fsmview_trainset_12_17_cheek_blowing_56.jpg,0.08839353173971176,0.08303984999656677,-0.005353681743144989,8.593197502195835,0.705636203289032,0.43690022826194763,0.43690022826194763,59.831955999982256,73.05601400000228,real_npy,0,1
1228,/mnt/c/Users/Chirayu/Documents/GitHub/2D-to-3D-image-reconstruction/facescape_224/fsmview_trainset_3_15_lip_roll_21.jpg,0.03247465938329697,0.03818966820836067,0.0057150088250637054,7.944261718541384,0.6837983131408691,0.3291151523590088,0.3291151523590088,98.08632100001091,59.401401999991776,real_npy,0,1
1229,/mnt/c/Users/Chirayu/Documents/GitHub/2D-to-3D-image-reconstruction/facescape_224/fsmview_trainset_4_9_mouth_right_54.jpg,0.03489839658141136,0.03462250158190727,-0.00027589499950408936,7.90675300732255,0.6732950806617737,0.1934012770652771,0.1934012770652771,63.90159800000106,73.02792500001942,real_npy,0,1
1230,/mnt/c/Users/Chirayu/Documents/GitHub/2D-to-3D-image-reconstruction/facescape_224/fsmview_trainset_6_18_eye_closed_42.jpg,0.2491122931241989,0.270885169506073,0.021772876381874084,6.188468469306827,0.6410238742828369,0.4095703959465027,0.4095703959465027,61.759846999990486,62.66374099999439,real_npy,0,0
1231,/mnt/c/Users/Chirayu/Documents/GitHub/2D-to-3D-image-reconstruction/facescape_224/fsmview_trainset_5_14_sadness_15.jpg,0.04067281633615494,0.0442931167781353,0.003620300441980362,8.383104488253593,0.6998024582862854,0.3870043456554413,0.3870043456554413,51.83441199997674,58.15235099998972,real_npy,0,1
1232,/mnt/c/Users/Chirayu/Documents/GitHub/2D-to-3D-image-reconstruction/facescape_224/fsmview_trainset_18_14_sadness_13.jpg,0.09186036884784698,0.09548387676477432,0.0036235079169273376,7.971969939768314,0.7177731990814209,0.5736512541770935,0.5736512541770935,66.17087099999708,65.2268700000036,real_npy,0,1
1233,/mnt/c/Users/Chirayu/Documents/GitHub/2D-to-3D-image-reconstruction/facescape_224/fsmview_trainset_2_13_lip_funneler_16.jpg,0.04573369398713112,0.04957907646894455,0.003845382481813431,8.352306148037314,0.7753719687461853,0.3484799265861511,0.3484799265861511,56.503219000006766,51.37164900000357,real_npy,0,1
1234,/mnt/c/Users/Chirayu/Documents/GitHub/2D-to-3D-image-reconstruction/facescape_224/fsmview_trainset_19_13_lip_funneler_39.jpg,0.07210390269756317,0.07599619776010513,0.0038922950625419617,9.055698245763779,0.767448365688324,0.36653199791908264,0.36653199791908264,72.63326700001471,55.01062700000148,real_npy,0,1
1235,/mnt/c/Users/Chirayu/Documents/GitHub/2D-to-3D-image-reconstruction/facescape_224/fsmview_trainset_4_14_sadness_39.jpg,0.05450516194105148,0.04595745727419853,-0.008547704666852951,8.16964042186737,0.7070304155349731,0.3375166356563568,0.3375166356563568,61.44775100000288,76.21860899999433,real_npy,0,1
1236,/mnt/c/Users/Chirayu/Documents/GitHub/2D-to-3D-image-reconstruction/facescape_224/fsmview_trainset_13_5_jaw_left_11.jpg,0.1809045523405075,0.18681491911411285,0.005910366773605347,9.406089758500457,0.8478953838348389,0.47348546981811523,0.47348546981811523,68.2275949999962,63.156340999995564,real_npy,0,1
1237,/mnt/c/Users/Chirayu/Documents/GitHub/2D-to-3D-image-reconstruction/facescape_224/fsmview_trainset_3_16_grin_16.jpg,0.0306544229388237,0.03179173171520233,0.0011373087763786316,7.842608232051134,0.6890145540237427,0.33139532804489136,0.33139532804489136,56.387112999999545,69.99718700001267,real_npy,0,1
1238,/mnt/c/Users/Chirayu/Documents/GitHub/2D-to-3D-image-reconstruction/facescape_224/fsmview_trainset_18_4_anger_0.jpg,0.22337330877780914,0.23190374672412872,0.00853043794631958,7.38403245061636,0.6522477269172668,0.34881481528282166,0.34881481528282166,84.98114599998985,69.41552199998569,real_npy,0,1
1239,/mnt/c/Users/Chirayu/Documents/GitHub/2D-to-3D-image-reconstruction/facescape_224/fsmview_trainset_7_16_grin_40.jpg,0.16502191126346588,0.1720122992992401,0.006990388035774231,6.906773921102285,0.6488151550292969,0.434122771024704,0.434122771024704,55.642735999981596,55.86516700000743,real_npy,0,1
1240,/mnt/c/Users/Chirayu/Documents/GitHub/2D-to-3D-image-reconstruction/facescape_224/fsmview_trainset_9_4_anger_28.jpg,0.03530900552868843,0.03785659372806549,0.00254758819937706,7.4576071836054325,0.6340187191963196,0.24244652688503265,0.24244652688503265,73.56736199997727,53.92770000000269,real_npy,0,1
1241,/mnt/c/Users/Chirayu/Documents/GitHub/2D-to-3D-image-reconstruction/facescape_224/fsmview_trainset_19_15_lip_roll_47.jpg,0.05939394608139992,0.0653032511472702,0.005909305065870285,8.729372292757034,0.7276032567024231,0.3420673608779907,0.3420673608779907,57.06810999998879,57.67089900001565,real_npy,0,1
1242,/mnt/c/Users/Chirayu/Documents/GitHub/2D-to-3D-image-reconstruction/facescape_224/fsmview_trainset_14_9_mouth_right_38.jpg,0.053355973213911057,0.043636251240968704,-0.009719721972942352,7.880446530878544,0.667031466960907,0.33969712257385254,0.33969712257385254,66.8323300000111,51.16334699999925,real_npy,0,1
1243,/mnt/c/Users/Chirayu/Documents/GitHub/2D-to-3D-image-reconstruction/facescape_224/fsmview_trainset_11_5_jaw_left_18.jpg,0.2215101271867752,0.2424074113368988,0.020897284150123596,7.504535514861345,0.6587569117546082,0.5314741730690002,0.5314741730690002,59.88609400000655,60.615701999978455,real_npy,0,1
1244,/mnt/c/Users/Chirayu/Documents/GitHub/2D-to-3D-image-reconstruction/facescape_224/fsmview_trainset_9_8_mouth_left_39.jpg,0.0728253647685051,0.07719653844833374,0.004371173679828644,8.126647621393204,0.7013591527938843,0.3475766181945801,0.3475766181945801,59.99947399999428,63.769502000013745,real_npy,0,1
1245,/mnt/c/Users/Chirayu/Documents/GitHub/2D-to-3D-image-reconstruction/facescape_224/fsmview_trainset_14_15_lip_roll_46.jpg,0.11027547717094421,0.11252564936876297,0.002250172197818756,8.53730720281601,0.6611204743385315,0.6447690725326538,0.6447690725326538,60.21805299999983,66.72894000001861,real_npy,0,1
1246,/mnt/c/Users/Chirayu/Documents/GitHub/2D-to-3D-image-reconstruction/facescape_224/fsmview_trainset_18_10_dimpler_11.jpg,0.05394933000206947,0.055311303585767746,0.0013619735836982727,8.018062237650156,0.6932717561721802,0.39980170130729675,0.39980170130729675,63.244223999987526,58.580771999999115,real_npy,0,1
1247,/mnt/c/Users/Chirayu/Documents/GitHub/2D-to-3D-image-reconstruction/facescape_224/fsmview_trainset_14_19_brow_raiser_48.jpg,0.0978461280465126,0.15459588170051575,0.05674975365400314,8.341055274009705,0.7819198966026306,0.6786172986030579,0.6786172986030579,66.739565000006,58.33655999998655,real_npy,0,1
1248,/mnt/c/Users/Chirayu/Documents/GitHub/2D-to-3D-image-reconstruction/facescape_224/fsmview_trainset_16_4_anger_9.jpg,0.03918781131505966,0.03791080415248871,-0.0012770071625709534,7.738876774907112,0.6533228754997253,0.3133985996246338,0.3133985996246338,56.83543100002453,51.74562899998136,real_npy,0,1
1249,/mnt/c/Users/Chirayu/Documents/GitHub/2D-to-3D-image-reconstruction/facescape_224/fsmview_trainset_6_20_brow_lower_30.jpg,0.04454502835869789,0.04171304777264595,-0.002831980586051941,7.759613499045372,0.6541274785995483,0.30488818883895874,0.30488818883895874,58.43061000001626,51.26337600000852,real_npy,0,1
1250,/mnt/c/Users/Chirayu/Documents/GitHub/2D-to-3D-image-reconstruction/facescape_224/fsmview_trainset_13_19_brow_raiser_27.jpg,0.08954054117202759,0.08121855556964874,-0.008321985602378845,7.993234060704708,0.6552565097808838,0.4123508334159851,0.4123508334159851,57.97971199999097,49.624953999995114,real_npy,0,1
1251,/mnt/c/Users/Chirayu/Documents/GitHub/2D-to-3D-image-reconstruction/facescape_224/fsmview_trainset_2_7_jaw_forward_23.jpg,0.040821660310029984,37.712623596191406,37.671801935881376,116.05935513973236,39.325164794921875,0.37068185210227966,0.37068185210227966,64.1836890000036,70.46277099999543,real_npy,1,1
1252,/mnt/c/Users/Chirayu/Documents/GitHub/2D-to-3D-image-reconstruction/facescape_224/fsmview_trainset_15_8_mouth_left_36.jpg,0.052679553627967834,0.051631100475788116,-0.001048453152179718,9.207979479804635,0.7727291584014893,0.5734376907348633,0.5734376907348633,61.500236999989966,51.18538599998601,real_npy,0,1
1253,/mnt/c/Users/Chirayu/Documents/GitHub/2D-to-3D-image-reconstruction/facescape_224/fsmview_trainset_7_9_mouth_right_38.jpg,0.06745438277721405,0.06651455909013748,-0.0009398236870765686,8.094702813774347,0.7350245118141174,0.41545653343200684,0.41545653343200684,70.94748299999765,61.829931000005445,real_npy,0,1
1254,/mnt/c/Users/Chirayu/Documents/GitHub/2D-to-3D-image-reconstruction/facescape_224/fsmview_trainset_9_11_chin_raiser_16.jpg,0.3449352979660034,0.35085347294807434,0.005918174982070923,7.849229445680976,0.7144162654876709,0.29593032598495483,0.29593032598495483,64.16343200001506,61.60138999999276,real_npy,0,1
1255,/mnt/c/Users/Chirayu/Documents/GitHub/2D-to-3D-image-reconstruction/facescape_224/fsmview_trainset_17_9_mouth_right_28.jpg,0.03906353935599327,0.03922899439930916,0.00016545504331588745,7.8230373822152615,0.6675975322723389,0.24493440985679626,0.24493440985679626,54.68349099999159,66.92319599997631,real_npy,0,1
1256,/mnt/c/Users/Chirayu/Documents/GitHub/2D-to-3D-image-reconstruction/facescape_224/fsmview_trainset_17_10_dimpler_22.jpg,0.2383744865655899,0.27058812975883484,0.032213643193244934,7.588151723146439,0.666083037853241,0.5906865000724792,0.5906865000724792,57.273242999997365,50.221039000007295,real_npy,0,1
1257,/mnt/c/Users/Chirayu/Documents/GitHub/2D-to-3D-image-reconstruction/facescape_224/fsmview_trainset_12_11_chin_raiser_53.jpg,0.09747584909200668,0.09374645352363586,-0.003729395568370819,8.742311239242554,0.7223767042160034,0.5219354033470154,0.5219354033470154,59.72292300000959,63.09641500001817,real_npy,0,1
1258,/mnt/c/Users/Chirayu/Documents/GitHub/2D-to-3D-image-reconstruction/facescape_224/fsmview_trainset_3_5_jaw_left_35.jpg,0.06723295897245407,0.08254889398813248,0.015315935015678406,7.713005989789963,0.6685672402381897,0.38367217779159546,0.38367217779159546,62.616380999998,53.47845899999015,real_npy,0,1
1259,/mnt/c/Users/Chirayu/Documents/GitHub/2D-to-3D-image-reconstruction/facescape_224/fsmview_trainset_18_1_neutral_34.jpg,0.03739059716463089,0.03727232292294502,-0.00011827424168586731,8.504957281053066,0.7031875848770142,0.4113443195819855,0.4113443195819855,65.11350499999935,53.80477599999267,real_npy,0,1
1260,/mnt/c/Users/Chirayu/Documents/GitHub/2D-to-3D-image-reconstruction/facescape_224/fsmview_trainset_18_3_mouth_stretch_45.jpg,0.06239384785294533,0.05691542476415634,-0.005478423088788986,7.6020109206438065,0.6627620458602905,0.49807220697402954,0.49807220697402954,88.42403300002388,54.361298000003444,real_npy,0,1
1261,/mnt/c/Users/Chirayu/Documents/GitHub/2D-to-3D-image-reconstruction/facescape_224/fsmview_trainset_16_9_mouth_right_13.jpg,0.07151104509830475,0.07233172655105591,0.0008206814527511597,7.884960621595383,0.7145963907241821,0.49715957045555115,0.49715957045555115,67.70838300002424,61.51916999999685,real_npy,0,1
1262,/mnt/c/Users/Chirayu/Documents/GitHub/2D-to-3D-image-reconstruction/facescape_224/fsmview_trainset_10_9_mouth_right_34.jpg,0.03709385171532631,0.03637605533003807,-0.0007177963852882385,7.792100405320525,0.6703271269798279,0.3362143337726593,0.3362143337726593,69.65687499999262,60.00862499999471,real_npy,0,1
1263,/mnt/c/Users/Chirayu/Documents/GitHub/2D-to-3D-image-reconstruction/facescape_224/fsmview_trainset_18_5_jaw_left_4.jpg,0.03904000669717789,0.04239365831017494,0.003353651612997055,8.388304807245731,0.6822338700294495,0.2814493477344513,0.2814493477344513,80.14166699999237,48.697201999999606,real_npy,0,1
1264,/mnt/c/Users/Chirayu/Documents/GitHub/2D-to-3D-image-reconstruction/facescape_224/fsmview_trainset_4_15_lip_roll_25.jpg,0.06712623685598373,0.06437188386917114,-0.0027543529868125916,8.12553345412016,0.7315265536308289,0.39633655548095703,0.39633655548095703,66.63196499999913,62.42894499999352,real_npy,0,1
1265,/mnt/c/Users/Chirayu/Documents/GitHub/2D-to-3D-image-reconstruction/facescape_224/fsmview_trainset_8_12_lip_puckerer_12.jpg,0.0678626298904419,0.06378461420536041,-0.004078015685081482,7.986671060323715,0.7041811943054199,0.2788488268852234,0.2788488268852234,50.58423199997719,79.85887300000627,real_npy,0,1
1266,/mnt/c/Users/Chirayu/Documents/GitHub/2D-to-3D-image-reconstruction/facescape_224/fsmview_trainset_9_13_lip_funneler_47.jpg,0.2906939685344696,0.3368133306503296,0.046119362115859985,7.083008494228125,0.6937884092330933,0.46345725655555725,0.46345725655555725,63.7332559999777,61.57484299998828,real_npy,0,1
1267,/mnt/c/Users/Chirayu/Documents/GitHub/2D-to-3D-image-reconstruction/facescape_224/fsmview_trainset_2_16_grin_7.jpg,0.1301867663860321,0.1329648196697235,0.0027780532836914062,8.977342665195465,0.7538151144981384,0.3712720274925232,0.3712720274925232,74.95448599999577,69.44470400000569,real_npy,0,1
1268,/mnt/c/Users/Chirayu/Documents/GitHub/2D-to-3D-image-reconstruction/facescape_224/fsmview_trainset_10_11_chin_raiser_4.jpg,0.03889034688472748,0.04567476361989975,0.006784416735172272,7.662106528878212,0.6668561697006226,0.22196026146411896,0.22196026146411896,60.17492800000923,67.3800490000076,real_npy,0,1
1269,/mnt/c/Users/Chirayu/Documents/GitHub/2D-to-3D-image-reconstruction/facescape_224/fsmview_trainset_14_4_anger_13.jpg,0.0768057182431221,0.07535696029663086,-0.0014487579464912415,7.679501846432686,0.6761278510093689,0.3487328588962555,0.3487328588962555,63.37188200001265,65.96139600000583,real_npy,0,1
1270,/mnt/c/Users/Chirayu/Documents/GitHub/2D-to-3D-image-reconstruction/facescape_224/fsmview_trainset_12_14_sadness_29.jpg,0.03279758244752884,0.03462332859635353,0.0018257461488246918,8.238162444904447,0.6766937971115112,0.4767155051231384,0.4767155051231384,65.99707699999158,50.06171499999823,real_npy,0,1
1271,/mnt/c/Users/Chirayu/Documents/GitHub/2D-to-3D-image-reconstruction/facescape_224/fsmview_trainset_6_5_jaw_left_7.jpg,0.04297386482357979,0.05251339450478554,0.00953952968120575,8.344941757619381,0.7278022766113281,0.26913508772850037,0.26913508772850037,99.60563300001013,65.91322899998886,real_npy,0,1
1272,/mnt/c/Users/Chirayu/Documents/GitHub/2D-to-3D-image-reconstruction/facescape_224/fsmview_trainset_15_14_sadness_20.jpg,0.13021329045295715,0.13633333146572113,0.006120041012763977,7.479935429990292,0.6597410440444946,0.4291704595088959,0.4291704595088959,78.10090800001035,55.006011999978455,real_npy,0,1
1273,/mnt/c/Users/Chirayu/Documents/GitHub/2D-to-3D-image-reconstruction/facescape_224/fsmview_trainset_17_14_sadness_21.jpg,0.030764328315854073,0.033283304423093796,0.002518976107239723,8.060560792684555,0.6896001100540161,0.3028004467487335,0.3028004467487335,74.26369600000271,65.27661300000887,real_npy,0,1
1274,/mnt/c/Users/Chirayu/Documents/GitHub/2D-to-3D-image-reconstruction/facescape_224/fsmview_trainset_14_4_anger_30.jpg,0.04571637883782387,0.041954848915338516,-0.0037615299224853516,7.64346731826663,0.6346781849861145,0.28767362236976624,0.28767362236976624,68.00234400000704,59.73805200000015,real_npy,0,1
1275,/mnt/c/Users/Chirayu/Documents/GitHub/2D-to-3D-image-reconstruction/facescape_224/fsmview_trainset_12_18_eye_closed_28.jpg,0.18131527304649353,0.17913618683815002,-0.002179086208343506,7.086537659168243,0.6166297197341919,0.5132099986076355,0.5132099986076355,69.89361099999769,75.00686900002052,real_npy,0,1
1276,/mnt/c/Users/Chirayu/Documents/GitHub/2D-to-3D-image-reconstruction/facescape_224/fsmview_trainset_17_9_mouth_right_30.jpg,0.04272846505045891,0.039761099964380264,-0.002967365086078644,8.260826848447323,0.7106380462646484,0.29962438344955444,0.29962438344955444,72.87547099997482,62.3215880000032,real_npy,0,1
1277,/mnt/c/Users/Chirayu/Documents/GitHub/2D-to-3D-image-reconstruction/facescape_224/fsmview_trainset_16_16_grin_35.jpg,0.04903802648186684,0.04384246841073036,-0.005195558071136475,8.643389742821455,0.7139826416969299,0.39435887336730957,0.39435887336730957,66.38319900000056,61.691448999994236,real_npy,0,1
1278,/mnt/c/Users/Chirayu/Documents/GitHub/2D-to-3D-image-reconstruction/facescape_224/fsmview_trainset_9_11_chin_raiser_3.jpg,0.07316894829273224,0.07790733128786087,0.004738382995128632,8.093389388173819,0.6989797949790955,0.35745757818222046,0.35745757818222046,69.27897500000313,61.49646000000075,real_npy,0,1
1279,/mnt/c/Users/Chirayu/Documents/GitHub/2D-to-3D-image-reconstruction/facescape_224/fsmview_trainset_16_14_sadness_36.jpg,0.058398518711328506,0.05593864247202873,-0.002459876239299774,7.976695653051138,0.6782444715499878,0.3903118073940277,0.3903118073940277,63.95065099999897,51.64327100001742,real_npy,0,1
1280,/mnt/c/Users/Chirayu/Documents/GitHub/2D-to-3D-image-reconstruction/facescape_224/fsmview_trainset_12_9_mouth_right_8.jpg,0.06037530675530434,0.06447409093379974,0.004098784178495407,9.089474951382726,0.7544561624526978,0.4906195104122162,0.4906195104122162,64.05194399999914,67.99744399998531,real_npy,0,1
1281,/mnt/c/Users/Chirayu/Documents/GitHub/2D-to-3D-image-reconstruction/facescape_224/fsmview_trainset_8_20_brow_lower_46.jpg,0.07108507305383682,0.07238117605447769,0.0012961030006408691,8.09781239181757,0.7700842618942261,0.30368930101394653,0.30368930101394653,63.21710700001404,53.07491799999298,real_npy,0,1
1282,/mnt/c/Users/Chirayu/Documents/GitHub/2D-to-3D-image-reconstruction/facescape_224/fsmview_trainset_11_5_jaw_left_36.jpg,0.047615908086299896,0.044720154255628586,-0.0028957538306713104,8.586175700649619,0.7307769060134888,0.5781772136688232,0.5781772136688232,62.116776999999956,60.38256200000092,real_npy,0,1
1283,/mnt/c/Users/Chirayu/Documents/GitHub/2D-to-3D-image-reconstruction/facescape_224/fsmview_trainset_8_8_mouth_left_46.jpg,0.04260322451591492,0.044470880180597305,0.0018676556646823883,7.915939874947071,0.673976480960846,0.33275106549263,0.33275106549263,81.38855500001796,63.98788799998556,real_npy,0,1
1284,/mnt/c/Users/Chirayu/Documents/GitHub/2D-to-3D-image-reconstruction/facescape_224/fsmview_trainset_7_16_grin_23.jpg,0.042205650359392166,0.04445716738700867,0.002251517027616501,8.002708066254854,0.658156156539917,0.3743496835231781,0.3743496835231781,61.19146499997896,72.23702799998932,real_npy,0,1
1285,/mnt/c/Users/Chirayu/Documents/GitHub/2D-to-3D-image-reconstruction/facescape_224/fsmview_trainset_19_14_sadness_29.jpg,0.1302436888217926,0.12183184921741486,-0.008411839604377747,7.1869156286120415,0.621425211429596,0.43166449666023254,0.43166449666023254,64.47277600000234,100.69122999999536,real_npy,0,1
1286,/mnt/c/Users/Chirayu/Documents/GitHub/2D-to-3D-image-reconstruction/facescape_224/fsmview_trainset_2_9_mouth_right_39.jpg,0.11312580108642578,0.11198528110980988,-0.0011405199766159058,8.127949129790068,0.7440739870071411,0.43277508020401,0.43277508020401,105.37789299999645,86.73708399999214,real_npy,0,1
1287,/mnt/c/Users/Chirayu/Documents/GitHub/2D-to-3D-image-reconstruction/facescape_224/fsmview_trainset_7_8_mouth_left_5.jpg,0.035784948617219925,0.0366961732506752,0.0009112246334552765,7.581083208322525,0.6567685008049011,0.388972669839859,0.388972669839859,71.01431199998842,77.58302799999228,real_npy,0,1
1288,/mnt/c/Users/Chirayu/Documents/GitHub/2D-to-3D-image-reconstruction/facescape_224/fsmview_trainset_18_9_mouth_right_3.jpg,0.057301294058561325,0.05162012204527855,-0.005681172013282776,7.73410365357995,0.6869140267372131,0.44183027744293213,0.44183027744293213,85.75550800000542,76.19960100001322,real_npy,0,1
1289,/mnt/c/Users/Chirayu/Documents/GitHub/2D-to-3D-image-reconstruction/facescape_224/fsmview_trainset_3_18_eye_closed_32.jpg,0.051047030836343765,0.05324091017246246,0.002193879336118698,8.189616926014423,0.697969913482666,0.3503916263580322,0.3503916263580322,106.17050400000494,79.70085900001322,real_npy,0,1
1290,/mnt/c/Users/Chirayu/Documents/GitHub/2D-to-3D-image-reconstruction/facescape_224/fsmview_trainset_3_3_mouth_stretch_27.jpg,0.04762705788016319,0.04597504064440727,-0.0016520172357559204,7.868803966790438,0.6950132846832275,0.41318997740745544,0.41318997740745544,75.73534599998766,69.68699099999753,real_npy,0,1
1291,/mnt/c/Users/Chirayu/Documents/GitHub/2D-to-3D-image-reconstruction/facescape_224/fsmview_trainset_9_18_eye_closed_30.jpg,0.04395385459065437,0.04165930300951004,-0.002294551581144333,7.876419307664037,0.6705988049507141,0.3360590934753418,0.3360590934753418,94.62096699999734,85.65972099998476,real_npy,0,1
1292,/mnt/c/Users/Chirayu/Documents/GitHub/2D-to-3D-image-reconstruction/facescape_224/fsmview_trainset_5_7_jaw_forward_6.jpg,0.040420856326818466,0.03838111087679863,-0.0020397454500198364,8.043278813362122,0.6647931337356567,0.34017929434776306,0.34017929434776306,75.65665800001398,71.91746600000215,real_npy,0,1
1293,/mnt/c/Users/Chirayu/Documents/GitHub/2D-to-3D-image-reconstruction/facescape_224/fsmview_trainset_16_5_jaw_left_36.jpg,0.0618632547557354,0.060936339199543,-0.0009269155561923981,8.051564451307058,0.7073238492012024,0.3938063085079193,0.3938063085079193,85.78805400000533,77.2086110000032,real_npy,0,1
1294,/mnt/c/Users/Chirayu/Documents/GitHub/2D-to-3D-image-reconstruction/facescape_224/fsmview_trainset_8_7_jaw_forward_15.jpg,0.08212824165821075,0.0836566686630249,0.001528427004814148,7.753607906401157,0.6904159188270569,0.4134540557861328,0.4134540557861328,74.90724600000931,85.35763000000429,real_npy,0,1
1295,/mnt/c/Users/Chirayu/Documents/GitHub/2D-to-3D-image-reconstruction/facescape_224/fsmview_trainset_8_13_lip_funneler_32.jpg,0.12320052832365036,0.1459740400314331,0.022773511707782745,7.277097925543785,0.66227126121521,0.18009057641029358,0.18009057641029358,76.20378199999323,78.15201699997942,real_npy,0,1
1296,/mnt/c/Users/Chirayu/Documents/GitHub/2D-to-3D-image-reconstruction/facescape_224/fsmview_trainset_8_19_brow_raiser_43.jpg,0.029561154544353485,0.030400998890399933,0.0008398443460464478,7.485632974654436,0.6142745018005371,0.20765621960163116,0.20765621960163116,85.43508999997584,68.85780499999328,real_npy,0,1
1297,/mnt/c/Users/Chirayu/Documents/GitHub/2D-to-3D-image-reconstruction/facescape_224/fsmview_trainset_2_20_brow_lower_46.jpg,0.39795243740081787,0.3560255765914917,-0.04192686080932617,7.406209893524647,0.6880840063095093,0.5184100270271301,0.5184100270271301,86.74379000001409,77.69973899999627,real_npy,0,1
1298,/mnt/c/Users/Chirayu/Documents/GitHub/2D-to-3D-image-reconstruction/facescape_224/fsmview_trainset_6_9_mouth_right_39.jpg,0.10705074667930603,0.10035973787307739,-0.006691008806228638,8.170600697398186,0.7237419486045837,0.3320513367652893,0.3320513367652893,83.55799100002059,84.45910000000367,real_npy,0,1
1299,/mnt/c/Users/Chirayu/Documents/GitHub/2D-to-3D-image-reconstruction/facescape_224/fsmview_trainset_13_20_brow_lower_36.jpg,0.9115836024284363,0.8332196474075317,-0.07836395502090454,8.322113662958145,0.7488272786140442,0.43083110451698303,0.43083110451698303,97.44965800001637,83.03968699999587,real_npy,0,1
1300,/mnt/c/Users/Chirayu/Documents/GitHub/2D-to-3D-image-reconstruction/facescape_224/fsmview_trainset_17_19_brow_raiser_28.jpg,0.036984384059906006,0.03759200498461723,0.0006076209247112274,8.00235816463828,0.6862571239471436,0.23909816145896912,0.23909816145896912,105.84814500001016,86.2713660000054,real_npy,0,1
1301,/mnt/c/Users/Chirayu/Documents/GitHub/2D-to-3D-image-reconstruction/facescape_224/fsmview_trainset_12_1_neutral_7.jpg,0.8200855851173401,0.7926096320152283,-0.027475953102111816,8.18759591691196,0.7848784327507019,0.49128302931785583,0.49128302931785583,87.35491999999567,75.21154300002308,real_npy,0,1
1302,/mnt/c/Users/Chirayu/Documents/GitHub/2D-to-3D-image-reconstruction/facescape_224/fsmview_trainset_19_13_lip_funneler_31.jpg,0.03664510324597359,0.040179330855607986,0.0035342276096343994,7.683532513678074,0.6904729008674622,0.2644069790840149,0.2644069790840149,84.58116400001359,80.6038009999952,real_npy,0,1
1303,/mnt/c/Users/Chirayu/Documents/GitHub/2D-to-3D-image-reconstruction/facescape_224/fsmview_trainset_7_12_lip_puckerer_39.jpg,0.07415005564689636,0.07781243324279785,0.0036623775959014893,7.3995209112763405,0.6909424066543579,0.41468340158462524,0.41468340158462524,93.18759500001761,77.40237199999456,real_npy,0,1
1304,/mnt/c/Users/Chirayu/Documents/GitHub/2D-to-3D-image-reconstruction/facescape_224/fsmview_trainset_14_19_brow_raiser_6.jpg,0.220998615026474,0.3273448944091797,0.10634627938270569,7.7707243505865335,0.7615640163421631,0.6115579009056091,0.6115579009056091,71.37418300001741,70.57814699999199,real_npy,0,1
1305,/mnt/c/Users/Chirayu/Documents/GitHub/2D-to-3D-image-reconstruction/facescape_224/fsmview_trainset_14_20_brow_lower_23.jpg,0.033606648445129395,0.033620499074459076,1.3850629329681396e-05,7.339364759624004,0.6284742951393127,0.4278711974620819,0.4278711974620819,88.36691599998403,89.56287000000884,real_npy,0,1
1306,/mnt/c/Users/Chirayu/Documents/GitHub/2D-to-3D-image-reconstruction/facescape_224/fsmview_trainset_11_20_brow_lower_44.jpg,0.12108373641967773,0.12827180325984955,0.007188066840171814,9.834754029288888,0.7702178359031677,0.37865301966667175,0.37865301966667175,107.21883499999763,79.3698539999923,real_npy,0,1
1307,/mnt/c/Users/Chirayu/Documents/GitHub/2D-to-3D-image-reconstruction/facescape_224/fsmview_trainset_9_13_lip_funneler_5.jpg,0.04288088157773018,0.04956967756152153,0.006688795983791351,8.242701157927513,0.6929603815078735,0.3592904508113861,0.3592904508113861,76.57603799998469,86.94510800000899,real_npy,0,1
1308,/mnt/c/Users/Chirayu/Documents/GitHub/2D-to-3D-image-reconstruction/facescape_224/fsmview_trainset_7_20_brow_lower_4.jpg,0.0448455810546875,0.04077344015240669,-0.0040721409022808075,8.15611957013607,0.7014024257659912,0.4050276577472687,0.4050276577472687,78.52456699998811,75.06511599999044,real_npy,0,1
1309,/mnt/c/Users/Chirayu/Documents/GitHub/2D-to-3D-image-reconstruction/facescape_224/fsmview_trainset_12_13_lip_funneler_46.jpg,0.07122069597244263,0.07355491816997528,0.002334222197532654,8.685064226388931,0.7395907640457153,0.5144317150115967,0.5144317150115967,68.46561999998357,80.22758199999203,real_npy,0,1
1310,/mnt/c/Users/Chirayu/Documents/GitHub/2D-to-3D-image-reconstruction/facescape_224/fsmview_trainset_4_8_mouth_left_42.jpg,0.0682167187333107,0.06681790202856064,-0.001398816704750061,7.809170573949814,0.6966637969017029,0.36661088466644287,0.36661088466644287,68.29697199998463,79.65941700001622,real_npy,0,1
1311,/mnt/c/Users/Chirayu/Documents/GitHub/2D-to-3D-image-reconstruction/facescape_224/fsmview_trainset_2_12_lip_puckerer_11.jpg,0.3021028935909271,0.366662859916687,0.06455996632575989,7.803448628634214,0.7646777033805847,0.6605958342552185,0.6605958342552185,76.34522399999355,26.772622999999385,real_npy,0,1
1312,/mnt/c/Users/Chirayu/Documents/GitHub/2D-to-3D-image-reconstruction/facescape_224/fsmview_trainset_11_8_mouth_left_28.jpg,0.10375998914241791,0.10405068099498749,0.0002906918525695801,9.166048662737012,0.7238872647285461,0.5576914548873901,0.5576914548873901,46.576499999986254,42.51025199999958,real_npy,0,1
1313,/mnt/c/Users/Chirayu/Documents/GitHub/2D-to-3D-image-reconstruction/facescape_224/fsmview_trainset_13_18_eye_closed_58.jpg,0.04865182936191559,0.05899244174361229,0.010340612381696701,8.993174627423286,0.7715213894844055,0.2969011664390564,0.2969011664390564,63.6829020000107,56.92830699999263,real_npy,0,1
1314,/mnt/c/Users/Chirayu/Documents/GitHub/2D-to-3D-image-reconstruction/facescape_224/fsmview_trainset_4_1_neutral_14.jpg,0.27171921730041504,0.26601341366767883,-0.005705803632736206,6.2034656554460526,0.5802368521690369,0.4380345046520233,0.4380345046520233,56.57544600001074,58.58062200002223,real_npy,0,0
1315,/mnt/c/Users/Chirayu/Documents/GitHub/2D-to-3D-image-reconstruction/facescape_224/fsmview_trainset_17_2_smile_11.jpg,0.10700208693742752,0.1465471386909485,0.039545051753520966,7.3363597840070724,0.6828180551528931,0.582777738571167,0.582777738571167,59.88392000000431,59.55919400000198,real_npy,0,1
1316,/mnt/c/Users/Chirayu/Documents/GitHub/2D-to-3D-image-reconstruction/facescape_224/fsmview_trainset_11_1_neutral_26.jpg,0.03836049884557724,0.040668144822120667,0.0023076459765434265,8.148120352998376,0.739087700843811,0.5079406499862671,0.5079406499862671,64.9583219999954,57.7513149999902,real_npy,0,1
1317,/mnt/c/Users/Chirayu/Documents/GitHub/2D-to-3D-image-reconstruction/facescape_224/fsmview_trainset_15_1_neutral_37.jpg,0.04896020144224167,0.05762674659490585,0.008666545152664185,9.086041279137135,0.7736081480979919,0.5581989884376526,0.5581989884376526,57.02759300001503,54.145642999998245,real_npy,0,1
1318,/mnt/c/Users/Chirayu/Documents/GitHub/2D-to-3D-image-reconstruction/facescape_224/fsmview_trainset_1_16_grin_3.jpg,0.054511360824108124,0.058954868465662,0.004443507641553879,7.471429102122784,0.7339189052581787,0.39143306016921997,0.39143306016921997,31.555642000000717,24.250674000001027,real_npy,0,1
1319,/mnt/c/Users/Chirayu/Documents/GitHub/2D-to-3D-image-reconstruction/facescape_224/fsmview_trainset_3_16_grin_9.jpg,0.038605134934186935,0.03582572191953659,-0.002779413014650345,8.157167635858059,0.7307257652282715,0.3127690553665161,0.3127690553665161,24.022351000013487,22.341578999999,real_npy,0,1
1320,/mnt/c/Users/Chirayu/Documents/GitHub/2D-to-3D-image-reconstruction/facescape_224/fsmview_trainset_4_1_neutral_44.jpg,0.0938248559832573,0.08915351331233978,-0.004671342670917511,8.483251571655273,0.6872863173484802,0.36477747559547424,0.36477747559547424,31.95063499998696,21.86123299998144,real_npy,0,1
1321,/mnt/c/Users/Chirayu/Documents/GitHub/2D-to-3D-image-reconstruction/facescape_224/fsmview_trainset_4_15_lip_roll_1.jpg,0.030255023390054703,0.04047151282429695,0.010216489434242249,7.311735827475786,0.6071285605430603,0.2060362696647644,0.2060362696647644,65.94302999999968,28.956380000010995,real_npy,0,1
1322,/mnt/c/Users/Chirayu/Documents/GitHub/2D-to-3D-image-reconstruction/facescape_224/fsmview_trainset_18_20_brow_lower_31.jpg,0.038088567554950714,0.0387561172246933,0.0006675496697425842,7.899407282471657,0.656553328037262,0.36735591292381287,0.36735591292381287,57.746325000010756,95.49505499998645,real_npy,0,1
1323,/mnt/c/Users/Chirayu/Documents/GitHub/2D-to-3D-image-reconstruction/facescape_224/fsmview_trainset_7_19_brow_raiser_47.jpg,0.09648079425096512,0.12572243809700012,0.029241643846035004,9.754645142704248,0.8020027875900269,0.4761424660682678,0.4761424660682678,85.32604300000912,83.32460299999411,real_npy,0,1
1324,/mnt/c/Users/Chirayu/Documents/GitHub/2D-to-3D-image-reconstruction/facescape_224/fsmview_trainset_10_17_cheek_blowing_24.jpg,0.057849328964948654,0.059699200093746185,0.0018498711287975311,8.21762671507895,0.7031599879264832,0.35995253920555115,0.35995253920555115,117.17051499999798,88.9614090000066,real_npy,0,1
1325,/mnt/c/Users/Chirayu/Documents/GitHub/2D-to-3D-image-reconstruction/facescape_224/fsmview_trainset_13_11_chin_raiser_9.jpg,0.18352320790290833,0.18116749823093414,-0.002355709671974182,6.973723463714123,0.6241310834884644,0.4473107159137726,0.4473107159137726,51.69367599998509,121.00495600000727,real_npy,0,1
1326,/mnt/c/Users/Chirayu/Documents/GitHub/2D-to-3D-image-reconstruction/facescape_224/fsmview_trainset_4_8_mouth_left_16.jpg,0.036223482340574265,0.04030398651957512,0.0040805041790008545,8.258185658603907,0.7146195769309998,0.23436661064624786,0.23436661064624786,117.20641299999102,148.25698300001022,real_npy,0,1
1327,/mnt/c/Users/Chirayu/Documents/GitHub/2D-to-3D-image-reconstruction/facescape_224/fsmview_trainset_13_6_jaw_right_20.jpg,0.13594675064086914,0.14541567862033844,0.0094689279794693,9.324129907414317,0.7885990738868713,0.4833066165447235,0.4833066165447235,100.54630199999792,85.917534999993,real_npy,0,1
1328,/mnt/c/Users/Chirayu/Documents/GitHub/2D-to-3D-image-reconstruction/facescape_224/fsmview_trainset_18_6_jaw_right_16.jpg,0.046015750616788864,0.04625833034515381,0.00024257972836494446,8.079298496246338,0.6641555428504944,0.3413568139076233,0.3413568139076233,88.97994000000153,121.43443600001547,real_npy,0,1
1329,/mnt/c/Users/Chirayu/Documents/GitHub/2D-to-3D-image-reconstruction/facescape_224/fsmview_trainset_6_6_jaw_right_49.jpg,0.1163974404335022,0.11424929648637772,-0.002148143947124481,7.107955779880285,0.6255859136581421,0.4109576344490051,0.4109576344490051,68.14527899999234,37.686390999994046,real_npy,0,1
1330,/mnt/c/Users/Chirayu/Documents/GitHub/2D-to-3D-image-reconstruction/facescape_224/fsmview_trainset_11_2_smile_19.jpg,0.10443288087844849,0.11622180044651031,0.011788919568061829,8.827569967135787,0.7106471657752991,0.5376221537590027,0.5376221537590027,50.87646399999812,36.977554000003465,real_npy,0,1
1331,/mnt/c/Users/Chirayu/Documents/GitHub/2D-to-3D-image-reconstruction/facescape_224/fsmview_trainset_11_16_grin_67.jpg,0.04496811702847481,0.04570658132433891,0.0007384642958641052,8.557521387934685,0.6898159980773926,0.4941374361515045,0.4941374361515045,46.72688300001937,31.573575000010123,real_npy,0,1
1332,/mnt/c/Users/Chirayu/Documents/GitHub/2D-to-3D-image-reconstruction/facescape_224/fsmview_trainset_18_15_lip_roll_28.jpg,0.12953923642635345,0.15568174421787262,0.026142507791519165,8.090745616704226,0.6692603826522827,0.3703194260597229,0.3703194260597229,43.603253000014774,29.01212300000111,real_npy,0,1
1333,/mnt/c/Users/Chirayu/Documents/GitHub/2D-to-3D-image-reconstruction/facescape_224/fsmview_trainset_13_6_jaw_right_31.jpg,0.04897695034742355,0.04944450035691261,0.00046755000948905945,8.449779897928238,0.7201678156852722,0.4145088791847229,0.4145088791847229,82.03298600000153,58.232697000022426,real_npy,0,1
1334,/mnt/c/Users/Chirayu/Documents/GitHub/2D-to-3D-image-reconstruction/facescape_224/fsmview_trainset_9_17_cheek_blowing_9.jpg,0.06929062306880951,0.06394993513822556,-0.005340687930583954,8.433638038113713,0.690215528011322,0.3701958656311035,0.3701958656311035,37.78205999998363,25.388098999997055,real_npy,0,1
1335,/mnt/c/Users/Chirayu/Documents/GitHub/2D-to-3D-image-reconstruction/facescape_224/fsmview_trainset_10_18_eye_closed_32.jpg,0.2786288857460022,0.28949710726737976,0.010868221521377563,7.479658741503954,0.6138197779655457,0.2303544580936432,0.2303544580936432,122.38090299999271,67.72639400000457,real_npy,0,1
1336,/mnt/c/Users/Chirayu/Documents/GitHub/2D-to-3D-image-reconstruction/facescape_224/fsmview_trainset_19_12_lip_puckerer_33.jpg,0.10517037659883499,0.10923503339290619,0.0040646567940711975,7.885977940633893,0.7450634241104126,0.19585870206356049,0.19585870206356049,99.0267939999967,76.33932000001664,real_npy,0,1
1337,/mnt/c/Users/Chirayu/Documents/GitHub/2D-to-3D-image-reconstruction/facescape_224/fsmview_trainset_15_17_cheek_blowing_39.jpg,0.3208230435848236,0.2997601628303528,-0.021062880754470825,8.789242096245289,0.6990500092506409,0.5862674713134766,0.5862674713134766,104.93835299999432,117.34824299998081,real_npy,0,1
1338,/mnt/c/Users/Chirayu/Documents/GitHub/2D-to-3D-image-reconstruction/facescape_224/fsmview_trainset_1_9_mouth_right_23.jpg,0.04293978214263916,0.03915034234523773,-0.0037894397974014282,8.328812448307872,0.6948403716087341,0.359622985124588,0.359622985124588,95.22153899999353,94.6844599999963,real_npy,0,1
1339,/mnt/c/Users/Chirayu/Documents/GitHub/2D-to-3D-image-reconstruction/facescape_224/fsmview_trainset_16_6_jaw_right_40.jpg,0.48117712140083313,0.4755449891090393,-0.005632132291793823,5.861638404428959,0.5399773120880127,0.5465835332870483,0.5465835332870483,102.79653999998573,97.7377229999945,real_npy,0,0
1340,/mnt/c/Users/Chirayu/Documents/GitHub/2D-to-3D-image-reconstruction/facescape_224/fsmview_trainset_18_8_mouth_left_47.jpg,0.047339532524347305,0.045036278665065765,-0.00230325385928154,8.533586837351322,0.6910090446472168,0.4059518277645111,0.4059518277645111,102.48022799999035,89.04708299999697,real_npy,0,1
1341,/mnt/c/Users/Chirayu/Documents/GitHub/2D-to-3D-image-reconstruction/facescape_224/fsmview_trainset_15_6_jaw_right_25.jpg,0.032600775361061096,0.032769348472356796,0.00016857311129570007,7.297666240483522,0.6104512810707092,0.5336672067642212,0.5336672067642212,101.80936099999371,87.62774199999512,real_npy,0,1
1342,/mnt/c/Users/Chirayu/Documents/GitHub/2D-to-3D-image-reconstruction/facescape_224/fsmview_trainset_13_10_dimpler_48.jpg,0.11777471005916595,0.13281068205833435,0.015035971999168396,7.498405486345291,0.6494461894035339,0.39811810851097107,0.39811810851097107,99.73854200001142,90.05438700000923,real_npy,0,1
1343,/mnt/c/Users/Chirayu/Documents/GitHub/2D-to-3D-image-reconstruction/facescape_224/fsmview_trainset_18_1_neutral_42.jpg,0.07376614212989807,0.06251861155033112,-0.011247530579566956,7.6919679790735245,0.6758801937103271,0.5437992215156555,0.5437992215156555,99.2252350000058,89.9758360000078,real_npy,0,1
1344,/mnt/c/Users/Chirayu/Documents/GitHub/2D-to-3D-image-reconstruction/facescape_224/fsmview_trainset_8_13_lip_funneler_54.jpg,0.05377023294568062,0.0551140159368515,0.0013437829911708832,7.795144930481911,0.7389114499092102,0.2673746645450592,0.2673746645450592,97.02390699999341,97.21524700000828,real_npy,0,1
1345,/mnt/c/Users/Chirayu/Documents/GitHub/2D-to-3D-image-reconstruction/facescape_224/fsmview_trainset_5_9_mouth_right_21.jpg,0.027558449655771255,0.02759985625743866,4.1406601667404175e-05,7.215998899191618,0.6211240291595459,0.29212328791618347,0.29212328791618347,101.85117300000002,98.85599399999023,real_npy,0,1
1346,/mnt/c/Users/Chirayu/Documents/GitHub/2D-to-3D-image-reconstruction/facescape_224/fsmview_trainset_7_9_mouth_right_31.jpg,0.056770965456962585,0.05859724059700966,0.0018262751400470734,8.431653693318367,0.7216261029243469,0.47868409752845764,0.47868409752845764,107.90458400001057,89.9449640000114,real_npy,0,1
1347,/mnt/c/Users/Chirayu/Documents/GitHub/2D-to-3D-image-reconstruction/facescape_224/fsmview_trainset_18_16_grin_45.jpg,0.10621673613786697,0.12737737596035004,0.021160639822483063,9.504899013787508,0.7709460854530334,0.45484623312950134,0.45484623312950134,86.20265900000845,95.114848999998,real_npy,0,1
1348,/mnt/c/Users/Chirayu/Documents/GitHub/2D-to-3D-image-reconstruction/facescape_224/fsmview_trainset_4_4_anger_11.jpg,0.06307268142700195,0.06344342231750488,0.0003707408905029297,7.148708060383797,0.6582971811294556,0.29303306341171265,0.29303306341171265,89.40081300002589,86.06517699999472,real_npy,0,1
1349,/mnt/c/Users/Chirayu/Documents/GitHub/2D-to-3D-image-reconstruction/facescape_224/fsmview_trainset_16_19_brow_raiser_50.jpg,0.06319170445203781,0.06793536990880966,0.004743665456771851,8.342176876962185,0.7162927389144897,0.44654980301856995,0.44654980301856995,86.56679399999234,100.63804400002141,real_npy,0,1
1350,/mnt/c/Users/Chirayu/Documents/GitHub/2D-to-3D-image-reconstruction/facescape_224/fsmview_trainset_15_4_anger_54.jpg,0.4091140031814575,0.43636026978492737,0.02724626660346985,6.93877025321126,0.6172126531600952,0.5532695651054382,0.5532695651054382,107.5680689999956,103.7162389999935,template_fallback,0,1
1351,/mnt/c/Users/Chirayu/Documents/GitHub/2D-to-3D-image-reconstruction/facescape_224/fsmview_trainset_15_1_neutral_67.jpg,0.04252662509679794,0.04056832566857338,-0.0019582994282245636,8.42681117914617,0.7301203608512878,0.4873844385147095,0.4873844385147095,90.75106000000233,123.6150240000029,real_npy,0,1
1352,/mnt/c/Users/Chirayu/Documents/GitHub/2D-to-3D-image-reconstruction/facescape_224/fsmview_trainset_6_16_grin_18.jpg,0.03945525735616684,0.039693139493465424,0.00023788213729858398,8.146542456001043,0.6734462380409241,0.3746221959590912,0.3746221959590912,91.35701499999982,89.08457999999086,real_npy,0,1
1353,/mnt/c/Users/Chirayu/Documents/GitHub/2D-to-3D-image-reconstruction/facescape_224/fsmview_trainset_13_2_smile_2.jpg,0.035807061940431595,5.563389301300049,5.527582239359617,48.70600205659866,6.626749515533447,0.3579854965209961,0.3579854965209961,90.09384699999146,108.40171500001361,real_npy,1,1
1354,/mnt/c/Users/Chirayu/Documents/GitHub/2D-to-3D-image-reconstruction/facescape_224/fsmview_trainset_19_1_neutral_40.jpg,0.3732123374938965,0.35868847370147705,-0.014523863792419434,6.819646835327148,0.6342452168464661,0.5664344429969788,0.5664344429969788,103.116086,101.30408899999566,real_npy,0,1
1355,/mnt/c/Users/Chirayu/Documents/GitHub/2D-to-3D-image-reconstruction/facescape_224/fsmview_trainset_15_5_jaw_left_30.jpg,0.10074615478515625,0.10901505500078201,0.008268900215625763,8.11844488978386,0.6695271730422974,0.4210335910320282,0.4210335910320282,92.41283200000794,92.76793399999406,real_npy,0,1
1356,/mnt/c/Users/Chirayu/Documents/GitHub/2D-to-3D-image-reconstruction/facescape_224/fsmview_trainset_13_2_smile_53.jpg,0.039804186671972275,0.04030393064022064,0.0004997439682483673,8.808756530284882,0.7717635035514832,0.32541489601135254,0.32541489601135254,112.69964900000673,93.6978440000189,real_npy,0,1
1357,/mnt/c/Users/Chirayu/Documents/GitHub/2D-to-3D-image-reconstruction/facescape_224/fsmview_trainset_16_8_mouth_left_34.jpg,0.03222521021962166,0.034137822687625885,0.0019126124680042267,8.075856201350689,0.6785008311271667,0.4031713902950287,0.4031713902950287,91.42579400000272,89.15956499998856,real_npy,0,1
1358,/mnt/c/Users/Chirayu/Documents/GitHub/2D-to-3D-image-reconstruction/facescape_224/fsmview_trainset_17_20_brow_lower_27.jpg,0.04931436479091644,0.05135560408234596,0.0020412392914295197,7.838795676827431,0.68951016664505,0.23842653632164001,0.23842653632164001,91.84533600000577,91.82812599999579,real_npy,0,1
1359,/mnt/c/Users/Chirayu/Documents/GitHub/2D-to-3D-image-reconstruction/facescape_224/fsmview_trainset_19_15_lip_roll_17.jpg,0.0368475541472435,0.038465723395347595,0.0016181692481040955,8.157696494832635,0.6827595829963684,0.30936548113822937,0.30936548113822937,103.17121500000326,95.40425199998026,real_npy,0,1
1360,/mnt/c/Users/Chirayu/Documents/GitHub/2D-to-3D-image-reconstruction/facescape_224/fsmview_trainset_18_13_lip_funneler_24.jpg,0.04635201394557953,0.04835571348667145,0.002003699541091919,8.66305298032239,0.7274563312530518,0.412345826625824,0.412345826625824,111.10112199997957,93.15499800001703,real_npy,0,1
1361,/mnt/c/Users/Chirayu/Documents/GitHub/2D-to-3D-image-reconstruction/facescape_224/fsmview_trainset_3_5_jaw_left_27.jpg,0.03728463873267174,0.03598085045814514,-0.001303788274526596,7.203377515077591,0.6154512763023376,0.26979875564575195,0.26979875564575195,82.81494899998165,89.95441199999732,real_npy,0,1
1362,/mnt/c/Users/Chirayu/Documents/GitHub/2D-to-3D-image-reconstruction/facescape_224/fsmview_trainset_1_3_mouth_stretch_40.jpg,0.27392858266830444,0.25665682554244995,-0.017271757125854492,6.822695143520832,0.6514403820037842,0.5635937452316284,0.5635937452316284,94.54243100000781,89.79065900001615,real_npy,0,1
1363,/mnt/c/Users/Chirayu/Documents/GitHub/2D-to-3D-image-reconstruction/facescape_224/fsmview_trainset_1_10_dimpler_0.jpg,0.255234032869339,0.2593883275985718,0.004154294729232788,7.549448598176241,0.648992121219635,0.33703041076660156,0.33703041076660156,90.33325900000477,67.2926700000005,real_npy,0,1
1364,/mnt/c/Users/Chirayu/Documents/GitHub/2D-to-3D-image-reconstruction/facescape_224/fsmview_trainset_6_4_anger_9.jpg,0.04553472623229027,0.04162382334470749,-0.003910902887582779,8.364442996680737,0.6870700716972351,0.3582400381565094,0.3582400381565094,98.32941299998765,89.94807499999524,real_npy,0,1
1365,/mnt/c/Users/Chirayu/Documents/GitHub/2D-to-3D-image-reconstruction/facescape_224/fsmview_trainset_2_7_jaw_forward_34.jpg,0.041650351136922836,0.048252396285533905,0.006602045148611069,8.396166825667024,0.6795710921287537,0.4467666447162628,0.4467666447162628,83.63578200001598,91.69918700001745,real_npy,0,1
1366,/mnt/c/Users/Chirayu/Documents/GitHub/2D-to-3D-image-reconstruction/facescape_224/fsmview_trainset_1_18_eye_closed_30.jpg,0.0626084953546524,0.06343495845794678,0.0008264631032943726,7.661203637719154,0.61419278383255,0.4245397448539734,0.4245397448539734,100.54148000000396,79.00237300000867,real_npy,0,1
1367,/mnt/c/Users/Chirayu/Documents/GitHub/2D-to-3D-image-reconstruction/facescape_224/fsmview_trainset_6_13_lip_funneler_15.jpg,0.051655594259500504,0.05565279349684715,0.003997199237346649,8.851300487294793,0.7351426482200623,0.36247262358665466,0.36247262358665466,92.67948399997294,107.32546400001297,real_npy,0,1
1368,/mnt/c/Users/Chirayu/Documents/GitHub/2D-to-3D-image-reconstruction/facescape_224/fsmview_trainset_6_6_jaw_right_55.jpg,0.05004280433058739,0.046490080654621124,-0.003552723675966263,7.334458999335766,0.6853943467140198,0.4194324016571045,0.4194324016571045,97.70239799999558,121.53714900000523,real_npy,0,1
1369,/mnt/c/Users/Chirayu/Documents/GitHub/2D-to-3D-image-reconstruction/facescape_224/fsmview_trainset_4_17_cheek_blowing_29.jpg,0.14423568546772003,0.13569064438343048,-0.00854504108428955,8.091296322643757,0.6754170060157776,0.33443138003349304,0.33443138003349304,87.78734099999497,117.73045300000717,real_npy,0,1
1370,/mnt/c/Users/Chirayu/Documents/GitHub/2D-to-3D-image-reconstruction/facescape_224/fsmview_trainset_20_14_sadness_0.jpg,0.7366189956665039,0.7629024386405945,0.026283442974090576,6.203245457261801,0.6273806691169739,0.4663868546485901,0.4663868546485901,115.62642999999184,107.10974999997802,real_npy,0,0
1371,/mnt/c/Users/Chirayu/Documents/GitHub/2D-to-3D-image-reconstruction/facescape_224/fsmview_trainset_7_4_anger_30.jpg,0.04215614125132561,0.041728053241968155,-0.0004280880093574524,8.127453250810504,0.6800276041030884,0.36173906922340393,0.36173906922340393,110.0331019999885,100.36716200002616,real_npy,0,1
1372,/mnt/c/Users/Chirayu/Documents/GitHub/2D-to-3D-image-reconstruction/facescape_224/fsmview_trainset_19_14_sadness_55.jpg,0.31813743710517883,0.3244507312774658,0.006313294172286987,7.455401636660099,0.6753748059272766,0.27427244186401367,0.27427244186401367,110.7919890000062,100.35829400001717,real_npy,0,1
1373,/mnt/c/Users/Chirayu/Documents/GitHub/2D-to-3D-image-reconstruction/facescape_224/fsmview_trainset_17_16_grin_27.jpg,0.07882973551750183,0.07972228527069092,0.0008925497531890869,9.397958984598517,0.8070453405380249,0.3544975519180298,0.3544975519180298,69.90579899999716,43.62573200000952,real_npy,0,1
1374,/mnt/c/Users/Chirayu/Documents/GitHub/2D-to-3D-image-reconstruction/facescape_224/fsmview_trainset_2_14_sadness_26.jpg,0.04659328982234001,0.04575861990451813,-0.0008346699178218842,9.161515913903713,0.7566217184066772,0.3686469793319702,0.3686469793319702,108.50655900000561,98.0299609999804,real_npy,0,1
1375,/mnt/c/Users/Chirayu/Documents/GitHub/2D-to-3D-image-reconstruction/facescape_224/fsmview_trainset_16_3_mouth_stretch_11.jpg,0.06834811717271805,0.06715536117553711,-0.0011927559971809387,7.660733379423618,0.7505975961685181,0.386762797832489,0.386762797832489,107.97272700000349,81.13290099998949,real_npy,0,1
1376,/mnt/c/Users/Chirayu/Documents/GitHub/2D-to-3D-image-reconstruction/facescape_224/fsmview_trainset_18_7_jaw_forward_33.jpg,0.03391605243086815,0.19960738718509674,0.1656913347542286,10.331696425098926,0.9181934595108032,0.43672364950180054,0.43672364950180054,91.81753600000775,82.87408599997548,real_npy,0,1
1377,/mnt/c/Users/Chirayu/Documents/GitHub/2D-to-3D-image-reconstruction/facescape_224/fsmview_trainset_12_6_jaw_right_11.jpg,0.039349187165498734,0.14854396879673004,0.10919478163123131,9.055627148598433,0.8036201000213623,0.4776243269443512,0.4776243269443512,90.25102100000026,92.09017000000586,real_npy,0,1
1378,/mnt/c/Users/Chirayu/Documents/GitHub/2D-to-3D-image-reconstruction/facescape_224/fsmview_trainset_10_1_neutral_24.jpg,0.03808518126606941,0.03896884247660637,0.0008836612105369568,8.065560150891542,0.6805330514907837,0.34551048278808594,0.34551048278808594,76.0864300000037,89.69966300000465,real_npy,0,1
1379,/mnt/c/Users/Chirayu/Documents/GitHub/2D-to-3D-image-reconstruction/facescape_224/fsmview_trainset_3_20_brow_lower_53.jpg,0.07502315193414688,0.07586601376533508,0.0008428618311882019,8.186722382903099,0.7333231568336487,0.4128848910331726,0.4128848910331726,85.26057399998876,81.77431999999385,real_npy,0,1
1380,/mnt/c/Users/Chirayu/Documents/GitHub/2D-to-3D-image-reconstruction/facescape_224/fsmview_trainset_4_8_mouth_left_14.jpg,0.32770100235939026,0.3195902407169342,-0.008110761642456055,6.414605129510164,0.5899296998977661,0.43199074268341064,0.43199074268341064,92.38315400000374,87.38387799999714,real_npy,0,0
1381,/mnt/c/Users/Chirayu/Documents/GitHub/2D-to-3D-image-reconstruction/facescape_224/fsmview_trainset_4_19_brow_raiser_14.jpg,0.39071035385131836,0.3703702688217163,-0.02034008502960205,6.2917888686060905,0.5821403861045837,0.42799875140190125,0.42799875140190125,112.49258199998735,99.86703500001681,real_npy,0,0
1382,/mnt/c/Users/Chirayu/Documents/GitHub/2D-to-3D-image-reconstruction/facescape_224/fsmview_trainset_17_14_sadness_35.jpg,0.044249556958675385,0.045500218868255615,0.0012506619095802307,8.34082106128335,0.7105527520179749,0.3838185966014862,0.3838185966014862,105.68225000000098,83.71557600000301,real_npy,0,1
1383,/mnt/c/Users/Chirayu/Documents/GitHub/2D-to-3D-image-reconstruction/facescape_224/fsmview_trainset_6_7_jaw_forward_54.jpg,0.05419931560754776,0.053496453911066055,-0.0007028616964817047,7.506468638777733,0.6503406763076782,0.3749784529209137,0.3749784529209137,78.17822499998783,71.63875199998415,real_npy,0,1
1384,/mnt/c/Users/Chirayu/Documents/GitHub/2D-to-3D-image-reconstruction/facescape_224/fsmview_trainset_4_6_jaw_right_45.jpg,0.09827906638383865,0.10826028138399124,0.009981215000152588,9.524018904194236,0.7955281138420105,0.30438271164894104,0.30438271164894104,100.85839399999941,104.1528499999913,real_npy,0,1
1385,/mnt/c/Users/Chirayu/Documents/GitHub/2D-to-3D-image-reconstruction/facescape_224/fsmview_trainset_9_5_jaw_left_12.jpg,0.03451494500041008,0.03453298285603523,1.8037855625152588e-05,7.719238884747028,0.6755636930465698,0.2331903576850891,0.2331903576850891,105.56470599999557,104.08859500000744,real_npy,0,1
1386,/mnt/c/Users/Chirayu/Documents/GitHub/2D-to-3D-image-reconstruction/facescape_224/fsmview_trainset_17_15_lip_roll_17.jpg,0.03434935584664345,9.007256507873535,8.972907152026892,60.81875106692314,9.85625171661377,0.34001579880714417,0.34001579880714417,95.47005900000727,52.331449000007524,real_npy,1,1
1387,/mnt/c/Users/Chirayu/Documents/GitHub/2D-to-3D-image-reconstruction/facescape_224/fsmview_trainset_12_20_brow_lower_22.jpg,0.3677259385585785,0.4360910952091217,0.06836515665054321,7.539706464856863,0.6797587871551514,0.5643470287322998,0.5643470287322998,102.6633140000115,102.38026400000422,real_npy,0,1
1388,/mnt/c/Users/Chirayu/Documents/GitHub/2D-to-3D-image-reconstruction/facescape_224/fsmview_trainset_15_4_anger_35.jpg,0.050864096730947495,0.050662342458963394,-0.00020175427198410034,8.458150416146964,0.6897096633911133,0.5943783521652222,0.5943783521652222,107.90695800000094,84.90715799999293,real_npy,0,1
1389,/mnt/c/Users/Chirayu/Documents/GitHub/2D-to-3D-image-reconstruction/facescape_224/fsmview_trainset_5_4_anger_18.jpg,0.033707886934280396,0.03537343442440033,0.001665547490119934,8.182622835040092,0.6587904095649719,0.4015810489654541,0.4015810489654541,107.84194600000774,114.14312100001212,real_npy,0,1
1390,/mnt/c/Users/Chirayu/Documents/GitHub/2D-to-3D-image-reconstruction/facescape_224/fsmview_trainset_10_16_grin_11.jpg,0.054349493235349655,0.05220751091837883,-0.002141982316970825,7.422557670623064,0.6817245483398438,0.3244442641735077,0.3244442641735077,99.56837100000371,106.53993600001854,real_npy,0,1
1391,/mnt/c/Users/Chirayu/Documents/GitHub/2D-to-3D-image-reconstruction/facescape_224/fsmview_trainset_6_8_mouth_left_21.jpg,0.0411350317299366,0.04817972704768181,0.007044695317745209,8.090058624744415,0.6973519921302795,0.2656784951686859,0.2656784951686859,94.00075700000343,102.8418330000136,real_npy,0,1
1392,/mnt/c/Users/Chirayu/Documents/GitHub/2D-to-3D-image-reconstruction/facescape_224/fsmview_trainset_18_16_grin_38.jpg,0.13773569464683533,0.14212346076965332,0.004387766122817993,8.453833997249603,0.8458185791969299,0.539098858833313,0.539098858833313,112.80389399999535,116.91815800000427,real_npy,0,1
1393,/mnt/c/Users/Chirayu/Documents/GitHub/2D-to-3D-image-reconstruction/facescape_224/fsmview_trainset_8_13_lip_funneler_33.jpg,0.03036932833492756,0.031779903918504715,0.001410575583577156,7.745261777192354,0.6764759421348572,0.2814091742038727,0.2814091742038727,119.08013899997627,119.3317129999798,real_npy,0,1
1394,/mnt/c/Users/Chirayu/Documents/GitHub/2D-to-3D-image-reconstruction/facescape_224/fsmview_trainset_18_18_eye_closed_40.jpg,0.08327122777700424,0.0719732940196991,-0.011297933757305145,7.533781163394451,0.6756455898284912,0.5332905054092407,0.5332905054092407,111.039581,104.94862000001604,real_npy,0,1
1395,/mnt/c/Users/Chirayu/Documents/GitHub/2D-to-3D-image-reconstruction/facescape_224/fsmview_trainset_1_16_grin_18.jpg,0.4842619001865387,0.48917052149772644,0.004908621311187744,6.868092976510525,0.6598160266876221,0.4430283010005951,0.4430283010005951,101.95571700000983,62.09263100001294,real_npy,0,1
1396,/mnt/c/Users/Chirayu/Documents/GitHub/2D-to-3D-image-reconstruction/facescape_224/fsmview_trainset_17_5_jaw_left_40.jpg,0.25097206234931946,0.2595721483230591,0.008600085973739624,7.236296575516462,0.6251596808433533,0.3918667733669281,0.3918667733669281,84.47310000002517,76.74675100000172,real_npy,0,1
1397,/mnt/c/Users/Chirayu/Documents/GitHub/2D-to-3D-image-reconstruction/facescape_224/fsmview_trainset_1_5_jaw_left_34.jpg,0.048432204872369766,145.2562255859375,145.20779338106513,211.74702125787735,190.01988220214844,0.37033379077911377,0.37033379077911377,71.90809099998319,57.445447999981525,real_npy,1,1
1398,/mnt/c/Users/Chirayu/Documents/GitHub/2D-to-3D-image-reconstruction/facescape_224/fsmview_trainset_16_17_cheek_blowing_19.jpg,0.05792747065424919,0.059746138751506805,0.0018186680972576141,8.989630514755845,0.7491353750228882,0.3922766149044037,0.3922766149044037,83.99910399998589,88.47720700001105,real_npy,0,1
1399,/mnt/c/Users/Chirayu/Documents/GitHub/2D-to-3D-image-reconstruction/facescape_224/fsmview_trainset_4_6_jaw_right_14.jpg,0.27227237820625305,0.26520398259162903,-0.0070683956146240234,6.63020359352231,0.6688020825386047,0.423997163772583,0.423997163772583,93.61672899999007,77.7532879999967,real_npy,0,1
1400,/mnt/c/Users/Chirayu/Documents/GitHub/2D-to-3D-image-reconstruction/facescape_224/fsmview_trainset_15_18_eye_closed_8.jpg,0.6234307289123535,0.6745182275772095,0.05108749866485596,8.658017750829458,0.7296862006187439,0.5777931213378906,0.5777931213378906,81.11320000000433,86.77649599999882,real_npy,0,1
1401,/mnt/c/Users/Chirayu/Documents/GitHub/2D-to-3D-image-reconstruction/facescape_224/fsmview_trainset_19_6_jaw_right_32.jpg,0.10871347784996033,0.11216527968645096,0.003451801836490631,8.13782267831266,0.7601602673530579,0.19392381608486176,0.19392381608486176,87.69254200001342,80.40192800001478,real_npy,0,1
1402,/mnt/c/Users/Chirayu/Documents/GitHub/2D-to-3D-image-reconstruction/facescape_224/fsmview_trainset_5_10_dimpler_20.jpg,0.04685601964592934,0.04741363972425461,0.0005576200783252716,8.573976760730147,0.7330657243728638,0.37946537137031555,0.37946537137031555,86.98088899998879,94.29864900002372,real_npy,0,1
1403,/mnt/c/Users/Chirayu/Documents/GitHub/2D-to-3D-image-reconstruction/facescape_224/fsmview_trainset_10_7_jaw_forward_16.jpg,0.040579747408628464,0.04126230254769325,0.0006825551390647888,7.631258111447096,0.6487482190132141,0.2855701148509979,0.2855701148509979,69.58009999999604,102.82376500001078,real_npy,0,1
1404,/mnt/c/Users/Chirayu/Documents/GitHub/2D-to-3D-image-reconstruction/facescape_224/fsmview_trainset_1_13_lip_funneler_42.jpg,0.10251817107200623,0.0966428816318512,-0.005875289440155029,7.4244656674563885,0.7124956846237183,0.4619944095611572,0.4619944095611572,93.37425199998961,87.60915499999555,real_npy,0,1
1405,/mnt/c/Users/Chirayu/Documents/GitHub/2D-to-3D-image-reconstruction/facescape_224/fsmview_trainset_9_4_anger_6.jpg,0.04384491965174675,0.04035154730081558,-0.0034933723509311676,8.116599712520838,0.6943735480308533,0.27087917923927307,0.27087917923927307,91.71088499999769,96.58617600001662,real_npy,0,1
1406,/mnt/c/Users/Chirayu/Documents/GitHub/2D-to-3D-image-reconstruction/facescape_224/fsmview_trainset_8_2_smile_19.jpg,0.035825274884700775,0.03583395481109619,8.67992639541626e-06,8.503419136628509,0.7108578681945801,0.2883196175098419,0.2883196175098419,99.86368799999923,89.68512799998507,real_npy,0,1
1407,/mnt/c/Users/Chirayu/Documents/GitHub/2D-to-3D-image-reconstruction/facescape_224/fsmview_trainset_7_17_cheek_blowing_14.jpg,0.049992356449365616,0.052279870957136154,0.0022875145077705383,8.924267556052655,0.7520741820335388,0.4094856381416321,0.4094856381416321,89.6645210000031,91.66002799997841,real_npy,0,1
1408,/mnt/c/Users/Chirayu/Documents/GitHub/2D-to-3D-image-reconstruction/facescape_224/fsmview_trainset_4_12_lip_puckerer_18.jpg,0.04466616362333298,0.18205805122852325,0.13739188760519028,10.084359468892217,0.9197471141815186,0.2819708585739136,0.2819708585739136,90.09317699999997,91.18043899999861,real_npy,0,1
1409,/mnt/c/Users/Chirayu/Documents/GitHub/2D-to-3D-image-reconstruction/facescape_224/fsmview_trainset_17_16_grin_43.jpg,0.4573492705821991,0.4485113024711609,-0.008837968111038208,6.777146935462952,0.6616367697715759,0.37967029213905334,0.37967029213905334,94.97147400000472,97.74340199999187,real_npy,0,1
1410,/mnt/c/Users/Chirayu/Documents/GitHub/2D-to-3D-image-reconstruction/facescape_224/fsmview_trainset_3_3_mouth_stretch_35.jpg,0.04209369048476219,0.04543318599462509,0.0033394955098628998,7.61877391114831,0.713781476020813,0.43155986070632935,0.43155986070632935,64.30058999998778,77.83293800000024,real_npy,0,1
1411,/mnt/c/Users/Chirayu/Documents/GitHub/2D-to-3D-image-reconstruction/facescape_224/fsmview_trainset_18_18_eye_closed_18.jpg,0.3129352629184723,0.29592469334602356,-0.01701056957244873,7.06500481069088,0.6470518112182617,0.5249342322349548,0.5249342322349548,74.45321299999819,73.70726299998864,real_npy,0,1
1412,/mnt/c/Users/Chirayu/Documents/GitHub/2D-to-3D-image-reconstruction/facescape_224/fsmview_trainset_12_20_brow_lower_56.jpg,0.032167766243219376,0.03484087809920311,0.002673111855983734,8.5602310243994,0.7484262585639954,0.4102533161640167,0.4102533161640167,89.31225499998163,104.78169800001069,real_npy,0,1
1413,/mnt/c/Users/Chirayu/Documents/GitHub/2D-to-3D-image-reconstruction/facescape_224/fsmview_trainset_17_17_cheek_blowing_46.jpg,0.36333930492401123,0.4109046757221222,0.04756537079811096,7.861367952078581,0.8175632357597351,0.3696260154247284,0.3696260154247284,92.6554680000038,85.24165399998651,real_npy,0,1
1414,/mnt/c/Users/Chirayu/Documents/GitHub/2D-to-3D-image-reconstruction/facescape_224/fsmview_trainset_19_4_anger_50.jpg,0.05506349354982376,0.055513788014650345,0.00045029446482658386,8.870011370629072,0.6877267360687256,0.38965973258018494,0.38965973258018494,78.60096599998201,86.91154100000631,real_npy,0,1
1415,/mnt/c/Users/Chirayu/Documents/GitHub/2D-to-3D-image-reconstruction/facescape_224/fsmview_trainset_18_11_chin_raiser_48.jpg,0.08918040245771408,0.08763471990823746,-0.0015456825494766235,8.444746527820826,0.7829258441925049,0.4160328209400177,0.4160328209400177,81.9081610000012,88.72541000002343,real_npy,0,1
1416,/mnt/c/Users/Chirayu/Documents/GitHub/2D-to-3D-image-reconstruction/facescape_224/fsmview_trainset_8_11_chin_raiser_22.jpg,0.04800764098763466,0.0450543649494648,-0.002953276038169861,8.380794677883387,0.7097434997558594,0.2978752851486206,0.2978752851486206,88.72820900000988,79.86300799998958,real_npy,0,1
1417,/mnt/c/Users/Chirayu/Documents/GitHub/2D-to-3D-image-reconstruction/facescape_224/fsmview_trainset_3_13_lip_funneler_54.jpg,0.07092972099781036,0.07163141667842865,0.0007016956806182861,7.924515377730131,0.7298083901405334,0.5100588798522949,0.5100588798522949,88.96607200000517,82.01166099999568,real_npy,0,1
1418,/mnt/c/Users/Chirayu/Documents/GitHub/2D-to-3D-image-reconstruction/facescape_224/fsmview_trainset_4_12_lip_puckerer_22.jpg,0.04771507531404495,0.04622761905193329,-0.0014874562621116638,8.228374417871237,0.6754819750785828,0.2546384632587433,0.2546384632587433,74.75331399999163,88.54300900000567,real_npy,0,1
1419,/mnt/c/Users/Chirayu/Documents/GitHub/2D-to-3D-image-reconstruction/facescape_224/fsmview_trainset_4_3_mouth_stretch_40.jpg,0.17172883450984955,0.16366973519325256,-0.008059099316596985,6.598456926643848,0.6554925441741943,0.5093291401863098,0.5093291401863098,99.72803100001215,88.59776400001351,real_npy,0,1
1420,/mnt/c/Users/Chirayu/Documents/GitHub/2D-to-3D-image-reconstruction/facescape_224/fsmview_trainset_6_17_cheek_blowing_37.jpg,0.04945169389247894,0.05614452436566353,0.006692830473184586,7.343198422342539,0.6593689322471619,0.36159759759902954,0.36159759759902954,94.73072500000512,89.95815000000107,real_npy,0,1
1421,/mnt/c/Users/Chirayu/Documents/GitHub/2D-to-3D-image-reconstruction/facescape_224/fsmview_trainset_8_5_jaw_left_41.jpg,0.059996213763952255,0.04833059012889862,-0.011665623635053635,7.020491220057011,0.6672649383544922,0.43435636162757874,0.43435636162757874,101.02227800001629,100.7057709999799,real_npy,0,1
1422,/mnt/c/Users/Chirayu/Documents/GitHub/2D-to-3D-image-reconstruction/facescape_224/fsmview_trainset_18_12_lip_puckerer_49.jpg,0.07086843997240067,0.07062269002199173,-0.00024574995040893555,8.626970186829567,0.7232386469841003,0.4496575593948364,0.4496575593948364,104.23134999999206,106.02411799999345,real_npy,0,1
1423,/mnt/c/Users/Chirayu/Documents/GitHub/2D-to-3D-image-reconstruction/facescape_224/fsmview_trainset_5_7_jaw_forward_3.jpg,0.3051286041736603,0.30787554383277893,0.0027469396591186523,7.974630374461412,0.6873733997344971,0.3750334084033966,0.3750334084033966,108.57238400001279,117.39870700000665,real_npy,0,1
1424,/mnt/c/Users/Chirayu/Documents/GitHub/2D-to-3D-image-reconstruction/facescape_224/fsmview_trainset_15_15_lip_roll_39.jpg,0.19122880697250366,0.19280052185058594,0.0015717148780822754,8.776000514626503,0.7181867361068726,0.5629339218139648,0.5629339218139648,107.55772900000693,100.63138699999286,real_npy,0,1
1425,/mnt/c/Users/Chirayu/Documents/GitHub/2D-to-3D-image-reconstruction/facescape_224/fsmview_trainset_3_13_lip_funneler_50.jpg,0.3093111217021942,0.29057958722114563,-0.018731534481048584,6.8806070275604725,0.624111533164978,0.5406011343002319,0.5406011343002319,91.76952600000732,100.01526400000671,real_npy,0,1
1426,/mnt/c/Users/Chirayu/Documents/GitHub/2D-to-3D-image-reconstruction/facescape_224/fsmview_trainset_14_20_brow_lower_9.jpg,0.09569654613733292,0.09791379421949387,0.0022172480821609497,7.858044356107712,0.703223466873169,0.5989140272140503,0.5989140272140503,102.28866099998868,105.77352600000722,real_npy,0,1
1427,/mnt/c/Users/Chirayu/Documents/GitHub/2D-to-3D-image-reconstruction/facescape_224/fsmview_trainset_3_9_mouth_right_16.jpg,0.060107287019491196,0.06104636192321777,0.0009390749037265778,8.48489698395133,0.7255308032035828,0.3308432102203369,0.3308432102203369,94.38604899997927,54.798421000015196,real_npy,0,1
1428,/mnt/c/Users/Chirayu/Documents/GitHub/2D-to-3D-image-reconstruction/facescape_224/fsmview_trainset_20_10_dimpler_15.jpg,0.044495660811662674,0.09709431976079941,0.052598658949136734,7.115715250372887,0.6200442314147949,0.5649265646934509,0.5649265646934509,105.67027000001872,101.826262000003,real_npy,0,1
1429,/mnt/c/Users/Chirayu/Documents/GitHub/2D-to-3D-image-reconstruction/facescape_224/fsmview_trainset_3_12_lip_puckerer_37.jpg,0.055462755262851715,0.06022867187857628,0.004765916615724564,7.928960099816322,0.6972530484199524,0.4098051190376282,0.4098051190376282,115.93994899999416,100.77923900001906,real_npy,0,1
1430,/mnt/c/Users/Chirayu/Documents/GitHub/2D-to-3D-image-reconstruction/facescape_224/fsmview_trainset_13_13_lip_funneler_52.jpg,0.05043812468647957,0.051177650690078735,0.0007395260035991669,8.350008752197027,0.6978552341461182,0.3688519597053528,0.3688519597053528,113.60326799999143,80.43335400000728,real_npy,0,1
1431,/mnt/c/Users/Chirayu/Documents/GitHub/2D-to-3D-image-reconstruction/facescape_224/fsmview_trainset_4_7_jaw_forward_46.jpg,0.09779872000217438,0.10273239761590958,0.004933677613735199,9.815287230536342,0.8162134885787964,0.30212607979774475,0.30212607979774475,88.01864200000864,81.72412700000109,real_npy,0,1
1432,/mnt/c/Users/Chirayu/Documents/GitHub/2D-to-3D-image-reconstruction/facescape_224/fsmview_trainset_2_4_anger_16.jpg,0.02871662750840187,9.406052589416504,9.377335961908102,62.16436906903982,10.226574897766113,0.4001306891441345,0.4001306891441345,100.79904700000952,63.80598699999496,real_npy,1,1
1433,/mnt/c/Users/Chirayu/Documents/GitHub/2D-to-3D-image-reconstruction/facescape_224/fsmview_trainset_10_17_cheek_blowing_37.jpg,0.1333351582288742,0.14446969330310822,0.011134535074234009,8.559476347640157,0.7059551477432251,0.4055138826370239,0.4055138826370239,100.54517699998655,83.64713500000676,real_npy,0,1
1434,/mnt/c/Users/Chirayu/Documents/GitHub/2D-to-3D-image-reconstruction/facescape_224/fsmview_trainset_1_16_grin_46.jpg,0.04017040506005287,0.03827904537320137,-0.0018913596868515015,7.995653845369816,0.7054414749145508,0.35216307640075684,0.35216307640075684,92.51976400000217,92.33277000001294,real_npy,0,1
1435,/mnt/c/Users/Chirayu/Documents/GitHub/2D-to-3D-image-reconstruction/facescape_224/fsmview_trainset_5_17_cheek_blowing_36.jpg,0.17980940639972687,0.1893230676651001,0.00951366126537323,7.266118951141834,0.6490485072135925,0.37433865666389465,0.37433865666389465,98.40231799998378,96.79166200001532,real_npy,0,1
1436,/mnt/c/Users/Chirayu/Documents/GitHub/2D-to-3D-image-reconstruction/facescape_224/fsmview_trainset_12_10_dimpler_33.jpg,0.5665097832679749,0.3998049795627594,-0.16670480370521545,6.964237175881863,0.6181355714797974,0.644105851650238,0.644105851650238,98.31689200001392,95.84725499999536,real_npy,0,1
1437,/mnt/c/Users/Chirayu/Documents/GitHub/2D-to-3D-image-reconstruction/facescape_224/fsmview_trainset_20_14_sadness_60.jpg,0.7002233862876892,0.695904016494751,-0.004319369792938232,7.735791113227606,0.6591507792472839,0.4532884657382965,0.4532884657382965,89.30867999998782,102.82172600000195,real_npy,0,1
1438,/mnt/c/Users/Chirayu/Documents/GitHub/2D-to-3D-image-reconstruction/facescape_224/fsmview_trainset_2_9_mouth_right_26.jpg,0.041137780994176865,0.0440848283469677,0.0029470473527908325,8.229927321895957,0.692494809627533,0.34674975275993347,0.34674975275993347,110.62890699997752,114.80245900000341,real_npy,0,1
1439,/mnt/c/Users/Chirayu/Documents/GitHub/2D-to-3D-image-reconstruction/facescape_224/fsmview_trainset_6_14_sadness_21.jpg,0.2802976369857788,0.2988318204879761,0.018534183502197266,7.331871211528778,0.6171079874038696,0.5601181387901306,0.5601181387901306,117.62166099998694,109.9488440000016,real_npy,0,1
1440,/mnt/c/Users/Chirayu/Documents/GitHub/2D-to-3D-image-reconstruction/facescape_224/fsmview_trainset_1_1_neutral_41.jpg,0.08299430459737778,0.07078318297863007,-0.012211121618747711,7.790722444653511,0.7405620217323303,0.45943495631217957,0.45943495631217957,103.35341999999059,97.38524799999482,real_npy,0,1
1441,/mnt/c/Users/Chirayu/Documents/GitHub/2D-to-3D-image-reconstruction/facescape_224/fsmview_trainset_11_14_sadness_27.jpg,0.03600138798356056,0.041681110858917236,0.005679722875356674,7.836911916732788,0.6931688785552979,0.5383715033531189,0.5383715033531189,104.12629300000731,109.0674859999865,real_npy,0,1
1442,/mnt/c/Users/Chirayu/Documents/GitHub/2D-to-3D-image-reconstruction/facescape_224/fsmview_trainset_7_14_sadness_35.jpg,0.04873219504952431,0.04915260896086693,0.00042041391134262085,8.21731710806489,0.6773359179496765,0.4196513593196869,0.4196513593196869,101.33476699999733,107.28396700000076,real_npy,0,1
1443,/mnt/c/Users/Chirayu/Documents/GitHub/2D-to-3D-image-reconstruction/facescape_224/fsmview_trainset_13_3_mouth_stretch_13.jpg,0.2522869110107422,0.2670970559120178,0.014810144901275635,7.190533298999071,0.6258576512336731,0.46680948138237,0.46680948138237,106.97433900000419,106.85935300000438,real_npy,0,1
1444,/mnt/c/Users/Chirayu/Documents/GitHub/2D-to-3D-image-reconstruction/facescape_224/fsmview_trainset_8_16_grin_12.jpg,0.055641014128923416,0.0481843538582325,-0.007456660270690918,7.629513800144196,0.701964259147644,0.27858418226242065,0.27858418226242065,92.68764800000895,101.42440599997826,real_npy,0,1
1445,/mnt/c/Users/Chirayu/Documents/GitHub/2D-to-3D-image-reconstruction/facescape_224/fsmview_trainset_19_12_lip_puckerer_10.jpg,0.03364281356334686,0.038756124675273895,0.0051133111119270325,7.766403563320637,0.6614096760749817,0.22223834693431854,0.22223834693431854,104.70325800000069,120.86170500001003,real_npy,0,1
1446,/mnt/c/Users/Chirayu/Documents/GitHub/2D-to-3D-image-reconstruction/facescape_224/fsmview_trainset_13_11_chin_raiser_39.jpg,0.04543714225292206,0.05110606551170349,0.005668923258781433,8.441806133836508,0.7381433248519897,0.32500192523002625,0.32500192523002625,100.25620799999047,111.5254580000169,real_npy,0,1
1447,/mnt/c/Users/Chirayu/Documents/GitHub/2D-to-3D-image-reconstruction/facescape_224/fsmview_trainset_17_16_grin_13.jpg,0.049753401428461075,0.04969604313373566,-5.735829472541809e-05,8.443740846589208,0.723975658416748,0.39190050959587097,0.39190050959587097,136.17839500000173,104.85119200001236,real_npy,0,1
1448,/mnt/c/Users/Chirayu/Documents/GitHub/2D-to-3D-image-reconstruction/facescape_224/fsmview_trainset_9_12_lip_puckerer_33.jpg,0.15630397200584412,0.14501503109931946,-0.011288940906524658,7.790360972285271,0.6620815396308899,0.4760499596595764,0.4760499596595764,110.27366500002245,102.7279529999987,real_npy,0,1
1449,/mnt/c/Users/Chirayu/Documents/GitHub/2D-to-3D-image-reconstruction/facescape_224/fsmview_trainset_8_11_chin_raiser_1.jpg,0.030876286327838898,0.03532435745000839,0.004448071122169495,7.919860891997814,0.6665142178535461,0.20469938218593597,0.20469938218593597,95.16653699998301,109.56148199997529,real_npy,0,1
1450,/mnt/c/Users/Chirayu/Documents/GitHub/2D-to-3D-image-reconstruction/facescape_224/fsmview_trainset_12_15_lip_roll_0.jpg,0.12937025725841522,0.12050623446702957,-0.00886402279138565,7.676580931991339,0.6721813678741455,0.534893810749054,0.534893810749054,101.1428030000161,109.70274400000335,real_npy,0,1
1451,/mnt/c/Users/Chirayu/Documents/GitHub/2D-to-3D-image-reconstruction/facescape_224/fsmview_trainset_15_8_mouth_left_58.jpg,0.06838733702898026,0.07129065692424774,0.0029033198952674866,8.904550723731518,0.792496919631958,0.4582737386226654,0.4582737386226654,101.30823500000474,99.89710100001048,real_npy,0,1
1452,/mnt/c/Users/Chirayu/Documents/GitHub/2D-to-3D-image-reconstruction/facescape_224/fsmview_trainset_20_9_mouth_right_36.jpg,0.044294390827417374,0.041415270417928696,-0.002879120409488678,8.458378737792373,0.7051239609718323,0.5301351547241211,0.5301351547241211,89.57727200001386,106.70765500000812,real_npy,0,1
1453,/mnt/c/Users/Chirayu/Documents/GitHub/2D-to-3D-image-reconstruction/facescape_224/fsmview_trainset_20_17_cheek_blowing_41.jpg,0.21832014620304108,0.2236263006925583,0.005306154489517212,7.406540498137474,0.6290941834449768,0.4836559593677521,0.4836559593677521,103.56107199999087,92.80000100000052,real_npy,0,1
1454,/mnt/c/Users/Chirayu/Documents/GitHub/2D-to-3D-image-reconstruction/facescape_224/fsmview_trainset_7_1_neutral_54.jpg,0.05358830466866493,0.051346007734537125,-0.0022422969341278076,7.925483666360378,0.7011765837669373,0.5074721574783325,0.5074721574783325,99.38571800000773,94.3670759999975,real_npy,0,1
1455,/mnt/c/Users/Chirayu/Documents/GitHub/2D-to-3D-image-reconstruction/facescape_224/fsmview_trainset_19_18_eye_closed_30.jpg,0.041927520185709,0.04591471329331398,0.0039871931076049805,8.043845795094967,0.6478568315505981,0.27018576860427856,0.27018576860427856,105.84870400001023,97.30275499998697,real_npy,0,1
1456,/mnt/c/Users/Chirayu/Documents/GitHub/2D-to-3D-image-reconstruction/facescape_224/fsmview_trainset_10_5_jaw_left_26.jpg,0.12030507624149323,0.19600477814674377,0.07569970190525055,6.856772728264332,0.6809697151184082,0.5971407294273376,0.5971407294273376,103.36897799999178,115.176206000001,real_npy,0,1
1457,/mnt/c/Users/Chirayu/Documents/GitHub/2D-to-3D-image-reconstruction/facescape_224/fsmview_trainset_7_2_smile_41.jpg,0.07620257884263992,0.07293909788131714,-0.0032634809613227844,7.638799570500851,0.6937963366508484,0.49612629413604736,0.49612629413604736,103.58338400001799,99.35480199999347,real_npy,0,1
1458,/mnt/c/Users/Chirayu/Documents/GitHub/2D-to-3D-image-reconstruction/facescape_224/fsmview_trainset_9_2_smile_0.jpg,0.27338045835494995,0.26719269156455994,-0.006187766790390015,7.17146809399128,0.6542728543281555,0.41323742270469666,0.41323742270469666,98.58735099999194,98.09751700001357,real_npy,0,1
1459,/mnt/c/Users/Chirayu/Documents/GitHub/2D-to-3D-image-reconstruction/facescape_224/fsmview_trainset_19_17_cheek_blowing_53.jpg,0.15995539724826813,0.17373743653297424,0.013782039284706116,7.744030904024839,0.6564860939979553,0.2780386507511139,0.2780386507511139,109.32747299997914,109.60545599999705,real_npy,0,1
1460,/mnt/c/Users/Chirayu/Documents/GitHub/2D-to-3D-image-reconstruction/facescape_224/fsmview_trainset_14_8_mouth_left_25.jpg,0.04253166541457176,0.04447732865810394,0.0019456632435321808,6.908233180642128,0.5703542828559875,0.42678800225257874,0.42678800225257874,126.04009499997915,109.25739600000384,real_npy,0,1
1461,/mnt/c/Users/Chirayu/Documents/GitHub/2D-to-3D-image-reconstruction/facescape_224/fsmview_trainset_9_7_jaw_forward_31.jpg,0.058836620301008224,0.05833591893315315,-0.000500701367855072,8.17954308539629,0.6700377464294434,0.44589129090309143,0.44589129090309143,111.18145100002153,104.36626399999227,real_npy,0,1
1462,/mnt/c/Users/Chirayu/Documents/GitHub/2D-to-3D-image-reconstruction/facescape_224/fsmview_trainset_8_1_neutral_21.jpg,0.04250383377075195,0.0424363911151886,-6.744265556335449e-05,7.879441030323505,0.6390312910079956,0.252815306186676,0.252815306186676,97.81748000000334,111.41077199999927,real_npy,0,1
1463,/mnt/c/Users/Chirayu/Documents/GitHub/2D-to-3D-image-reconstruction/facescape_224/fsmview_trainset_8_19_brow_raiser_30.jpg,0.07296118885278702,0.09087619930505753,0.017915010452270508,7.902269691228867,0.7290593385696411,0.25722363591194153,0.25722363591194153,98.27150099999926,104.55623199999309,real_npy,0,1
1464,/mnt/c/Users/Chirayu/Documents/GitHub/2D-to-3D-image-reconstruction/facescape_224/fsmview_trainset_15_10_dimpler_41.jpg,0.04973045364022255,0.05127774178981781,0.0015472881495952606,8.160773795098066,0.6832668781280518,0.4802340567111969,0.4802340567111969,107.76691799998162,116.60597700000608,real_npy,0,1
1465,/mnt/c/Users/Chirayu/Documents/GitHub/2D-to-3D-image-reconstruction/facescape_224/fsmview_trainset_20_13_lip_funneler_64.jpg,0.2370808869600296,0.21650390326976776,-0.02057698369026184,6.836638197302818,0.7138540744781494,0.45003238320350647,0.45003238320350647,95.44520500000431,109.80685200001972,real_npy,0,1
1466,/mnt/c/Users/Chirayu/Documents/GitHub/2D-to-3D-image-reconstruction/facescape_224/fsmview_trainset_17_4_anger_27.jpg,0.046349119395017624,0.04709821566939354,0.0007490962743759155,9.047564743086696,0.7571319937705994,0.3622247278690338,0.3622247278690338,110.54448499999125,98.2210759999873,real_npy,0,1
1467,/mnt/c/Users/Chirayu/Documents/GitHub/2D-to-3D-image-reconstruction/facescape_224/fsmview_trainset_4_12_lip_puckerer_28.jpg,0.0780508890748024,0.0734800174832344,-0.004570871591567993,7.897630482912064,0.6998903155326843,0.3717307150363922,0.3717307150363922,91.22218999999632,95.43051299999661,real_npy,0,1
1468,/mnt/c/Users/Chirayu/Documents/GitHub/2D-to-3D-image-reconstruction/facescape_224/fsmview_trainset_16_1_neutral_5.jpg,0.048427335917949677,0.05445512756705284,0.006027791649103165,7.6365329176187515,0.6710495352745056,0.3141525089740753,0.3141525089740753,107.5092600000005,93.74989300002312,real_npy,0,1
1469,/mnt/c/Users/Chirayu/Documents/GitHub/2D-to-3D-image-reconstruction/facescape_224/fsmview_trainset_7_13_lip_funneler_25.jpg,0.04194444790482521,0.04300262778997421,0.001058179885149002,7.59882552921772,0.6690139174461365,0.3518797755241394,0.3518797755241394,90.11515800000325,94.36583899997686,real_npy,0,1
1470,/mnt/c/Users/Chirayu/Documents/GitHub/2D-to-3D-image-reconstruction/facescape_224/fsmview_trainset_13_19_brow_raiser_13.jpg,0.1622360199689865,0.2017495483160019,0.03951352834701538,7.061162136495113,0.6137321591377258,0.4935064911842346,0.4935064911842346,124.12370199999145,101.18397899998399,real_npy,0,1
1471,/mnt/c/Users/Chirayu/Documents/GitHub/2D-to-3D-image-reconstruction/facescape_224/fsmview_trainset_4_17_cheek_blowing_38.jpg,0.22342810034751892,0.21726636588573456,-0.006161734461784363,7.8206755965948105,0.7225253582000732,0.3778056502342224,0.3778056502342224,122.98945100002356,100.36083599999301,real_npy,0,1
1472,/mnt/c/Users/Chirayu/Documents/GitHub/2D-to-3D-image-reconstruction/facescape_224/fsmview_trainset_13_6_jaw_right_2.jpg,0.04787156730890274,5.399953365325928,5.352081798017025,44.67204529047012,7.123408317565918,0.45857080817222595,0.45857080817222595,96.83085099999289,113.3542000000034,real_npy,1,1
1473,/mnt/c/Users/Chirayu/Documents/GitHub/2D-to-3D-image-reconstruction/facescape_224/fsmview_trainset_17_13_lip_funneler_31.jpg,0.0779537707567215,0.07751032710075378,-0.0004434436559677124,8.209339641034603,0.6741554141044617,0.42069342732429504,0.42069342732429504,89.38597499999901,121.04212699998129,real_npy,0,1
1474,/mnt/c/Users/Chirayu/Documents/GitHub/2D-to-3D-image-reconstruction/facescape_224/fsmview_trainset_14_20_brow_lower_43.jpg,0.10644863545894623,0.13236157596111298,0.025912940502166748,8.254030510783195,0.663791835308075,0.5778310298919678,0.5778310298919678,86.52815299998906,101.87805900000058,real_npy,0,1
1475,/mnt/c/Users/Chirayu/Documents/GitHub/2D-to-3D-image-reconstruction/facescape_224/fsmview_trainset_8_8_mouth_left_55.jpg,0.044970810413360596,0.04381856694817543,-0.0011522434651851654,7.9641425386071205,0.6783786416053772,0.26854369044303894,0.26854369044303894,106.62978199999884,95.5957319999925,real_npy,0,1
1476,/mnt/c/Users/Chirayu/Documents/GitHub/2D-to-3D-image-reconstruction/facescape_224/fsmview_trainset_10_2_smile_17.jpg,0.04712127149105072,0.04303561896085739,-0.004085652530193329,7.789179829880595,0.67799311876297,0.313803106546402,0.313803106546402,100.09672099999989,92.6472149999995,real_npy,0,1
1477,/mnt/c/Users/Chirayu/Documents/GitHub/2D-to-3D-image-reconstruction/facescape_224/fsmview_trainset_15_9_mouth_right_29.jpg,0.2581791579723358,0.31181514263153076,0.053635984659194946,8.105090089142323,0.6814541220664978,0.41257157921791077,0.41257157921791077,107.02934200000414,115.30820999999492,real_npy,0,1
1478,/mnt/c/Users/Chirayu/Documents/GitHub/2D-to-3D-image-reconstruction/facescape_224/fsmview_trainset_17_18_eye_closed_50.jpg,0.42863261699676514,0.38587990403175354,-0.0427527129650116,8.099755089730024,0.7410885691642761,0.48036181926727295,0.48036181926727295,108.40422000001126,107.46950000000766,real_npy,0,1
1479,/mnt/c/Users/Chirayu/Documents/GitHub/2D-to-3D-image-reconstruction/facescape_224/fsmview_trainset_10_8_mouth_left_36.jpg,0.061845820397138596,0.05775158479809761,-0.004094235599040985,7.7857353165745735,0.7054341435432434,0.3506149351596832,0.3506149351596832,98.82517500000176,107.17223099999273,real_npy,0,1
1480,/mnt/c/Users/Chirayu/Documents/GitHub/2D-to-3D-image-reconstruction/facescape_224/fsmview_trainset_11_13_lip_funneler_60.jpg,0.8669883608818054,0.8674810528755188,0.0004926919937133789,7.843781657516956,0.6398844122886658,0.5231024026870728,0.5231024026870728,105.38173300000153,97.99647700000946,real_npy,0,1
1481,/mnt/c/Users/Chirayu/Documents/GitHub/2D-to-3D-image-reconstruction/facescape_224/fsmview_trainset_12_10_dimpler_20.jpg,0.1543683409690857,0.1498461365699768,-0.004522204399108887,8.331789299845695,0.7049412727355957,0.5461238622665405,0.5461238622665405,106.7128079999975,97.43570800000612,real_npy,0,1
1482,/mnt/c/Users/Chirayu/Documents/GitHub/2D-to-3D-image-reconstruction/facescape_224/fsmview_trainset_16_4_anger_41.jpg,0.12056342512369156,0.11722229421138763,-0.0033411309123039246,7.470028832554817,0.7201930284500122,0.47044557332992554,0.47044557332992554,110.76515499999573,98.71081000000004,real_npy,0,1
1483,/mnt/c/Users/Chirayu/Documents/GitHub/2D-to-3D-image-reconstruction/facescape_224/fsmview_trainset_1_2_smile_30.jpg,0.03619799390435219,0.844232439994812,0.8080344460904598,18.448971901088953,1.73505699634552,0.3082925081253052,0.3082925081253052,101.59060099999806,106.15741000000867,real_npy,0,1
1484,/mnt/c/Users/Chirayu/Documents/GitHub/2D-to-3D-image-reconstruction/facescape_224/fsmview_trainset_11_1_neutral_49.jpg,0.27488669753074646,0.28448840975761414,0.009601712226867676,8.118394032120705,0.7347526550292969,0.579876184463501,0.579876184463501,99.71182399999634,96.21630999998843,real_npy,0,1
1485,/mnt/c/Users/Chirayu/Documents/GitHub/2D-to-3D-image-reconstruction/facescape_224/fsmview_trainset_6_18_eye_closed_25.jpg,0.03294016420841217,0.03591630980372429,0.0029761455953121185,7.901555625721812,0.6877053380012512,0.3059957027435303,0.3059957027435303,93.81460399998787,103.02507999998056,real_npy,0,1
1486,/mnt/c/Users/Chirayu/Documents/GitHub/2D-to-3D-image-reconstruction/facescape_224/fsmview_trainset_10_20_brow_lower_39.jpg,0.04548214375972748,0.045782241970300674,0.0003000982105731964,7.972235225141048,0.6782013177871704,0.3759893774986267,0.3759893774986267,105.1494380000122,97.23831400000904,real_npy,0,1
1487,/mnt/c/Users/Chirayu/Documents/GitHub/2D-to-3D-image-reconstruction/facescape_224/fsmview_trainset_4_15_lip_roll_39.jpg,0.054817721247673035,0.044642120599746704,-0.01017560064792633,8.325894922018051,0.6912545561790466,0.33541548252105713,0.33541548252105713,103.06609399998479,97.2492809999892,real_npy,0,1
1488,/mnt/c/Users/Chirayu/Documents/GitHub/2D-to-3D-image-reconstruction/facescape_224/fsmview_trainset_12_18_eye_closed_50.jpg,0.23947544395923615,0.25770440697669983,0.018228963017463684,6.9730867594480515,0.6104745864868164,0.4665399491786957,0.4665399491786957,97.59921399998461,112.48645000000579,real_npy,0,1
1489,/mnt/c/Users/Chirayu/Documents/GitHub/2D-to-3D-image-reconstruction/facescape_224/fsmview_trainset_17_20_brow_lower_56.jpg,0.7130665183067322,0.7091622352600098,-0.003904283046722412,5.757946439087391,0.6216368079185486,0.3229288160800934,0.3229288160800934,92.19258999999624,100.29473899999175,real_npy,0,0
1490,/mnt/c/Users/Chirayu/Documents/GitHub/2D-to-3D-image-reconstruction/facescape_224/fsmview_trainset_2_5_jaw_left_12.jpg,0.057615313678979874,0.07085291296243668,0.013237599283456802,8.272388707846403,0.7474520802497864,0.32935571670532227,0.32935571670532227,106.54869299997927,98.07942900002331,real_npy,0,1
1491,/mnt/c/Users/Chirayu/Documents/GitHub/2D-to-3D-image-reconstruction/facescape_224/fsmview_trainset_18_17_cheek_blowing_48.jpg,0.23376375436782837,0.1406574249267578,-0.09310632944107056,6.897657930850983,0.6126906871795654,0.5004271864891052,0.5004271864891052,98.05761800001278,100.84540200000447,real_npy,0,1
1492,/mnt/c/Users/Chirayu/Documents/GitHub/2D-to-3D-image-reconstruction/facescape_224/fsmview_trainset_9_1_neutral_40.jpg,0.2551555633544922,0.2528302073478699,-0.0023253560066223145,7.191313654184341,0.6324297189712524,0.4477840065956116,0.4477840065956116,105.91459199997644,97.40540999999325,real_npy,0,1
1493,/mnt/c/Users/Chirayu/Documents/GitHub/2D-to-3D-image-reconstruction/facescape_224/fsmview_trainset_1_14_sadness_29.jpg,0.06974548101425171,0.06757102906703949,-0.0021744519472122192,7.741048917174339,0.619196355342865,0.42350339889526367,0.42350339889526367,105.63706399997841,99.37581899998804,real_npy,0,1
1494,/mnt/c/Users/Chirayu/Documents/GitHub/2D-to-3D-image-reconstruction/facescape_224/fsmview_trainset_19_7_jaw_forward_39.jpg,0.08955346047878265,0.09550215303897858,0.005948692560195923,9.32941760495305,0.7591227293014526,0.3832268714904785,0.3832268714904785,110.5266909999898,104.06146500000091,real_npy,0,1
1495,/mnt/c/Users/Chirayu/Documents/GitHub/2D-to-3D-image-reconstruction/facescape_224/fsmview_trainset_3_5_jaw_left_7.jpg,0.06841812282800674,0.08979884535074234,0.021380722522735596,8.17842261493206,0.7352263331413269,0.30331337451934814,0.30331337451934814,104.84935499999892,88.45682399999077,real_npy,0,1
1496,/mnt/c/Users/Chirayu/Documents/GitHub/2D-to-3D-image-reconstruction/facescape_224/fsmview_trainset_16_16_grin_6.jpg,0.04572169855237007,0.044799089431762695,-0.0009226091206073761,8.424471786245704,0.7094680070877075,0.31222397089004517,0.31222397089004517,114.84317000000033,105.14508100001763,real_npy,0,1
1497,/mnt/c/Users/Chirayu/Documents/GitHub/2D-to-3D-image-reconstruction/facescape_224/fsmview_trainset_19_7_jaw_forward_55.jpg,0.4270300567150116,0.4116520583629608,-0.015377998352050781,7.36466621607542,0.6955772638320923,0.2614717483520508,0.2614717483520508,96.93158400000357,102.31154900000661,real_npy,0,1
1498,/mnt/c/Users/Chirayu/Documents/GitHub/2D-to-3D-image-reconstruction/facescape_224/fsmview_trainset_20_19_brow_raiser_46.jpg,0.1364501416683197,0.14277353882789612,0.006323397159576416,8.206077605485916,0.7194851040840149,0.5996010303497314,0.5996010303497314,99.51905599999122,98.77317699999821,real_npy,0,1
1499,/mnt/c/Users/Chirayu/Documents/GitHub/2D-to-3D-image-reconstruction/facescape_224/fsmview_trainset_17_6_jaw_right_46.jpg,0.20114770531654358,0.19088974595069885,-0.010257959365844727,8.234514124691486,0.6740627288818359,0.4642016291618347,0.4642016291618347,98.90754799999968,106.97447799998372,real_npy,0,1
1500,/mnt/c/Users/Chirayu/Documents/GitHub/2D-to-3D-image-reconstruction/facescape_224/fsmview_trainset_11_19_brow_raiser_45.jpg,0.7491230964660645,0.7108936905860901,-0.038229405879974365,8.184619568288326,0.6917620301246643,0.5759879350662231,0.5759879350662231,96.78543999999079,107.77015700000447,real_npy,0,1
1501,/mnt/c/Users/Chirayu/Documents/GitHub/2D-to-3D-image-reconstruction/facescape_224/fsmview_trainset_15_18_eye_closed_65.jpg,0.06160922721028328,0.06243282929062843,0.0008236020803451538,9.020620841532946,0.8032509088516235,0.4713262915611267,0.4713262915611267,108.71529400000668,110.92126400001234,real_npy,0,1
1502,/mnt/c/Users/Chirayu/Documents/GitHub/2D-to-3D-image-reconstruction/facescape_224/fsmview_trainset_4_10_dimpler_25.jpg,0.06072113662958145,0.057457733899354935,-0.0032634027302265167,7.766278348863125,0.6740108728408813,0.38119590282440186,0.38119590282440186,103.42097999998145,98.81455900000446,real_npy,0,1
1503,/mnt/c/Users/Chirayu/Documents/GitHub/2D-to-3D-image-reconstruction/facescape_224/fsmview_trainset_14_11_chin_raiser_61.jpg,0.6463636755943298,0.6419211030006409,-0.004442572593688965,7.184125244617462,0.6040850877761841,0.4524058699607849,0.4524058699607849,96.19652399999268,101.99463099999662,real_npy,0,1
1504,/mnt/c/Users/Chirayu/Documents/GitHub/2D-to-3D-image-reconstruction/facescape_224/fsmview_trainset_2_9_mouth_right_32.jpg,0.04280722513794899,0.04723067954182625,0.004423454403877258,7.778018241748214,0.7068474888801575,0.35906270146369934,0.35906270146369934,98.22577600002091,91.11780099999578,real_npy,0,1
1505,/mnt/c/Users/Chirayu/Documents/GitHub/2D-to-3D-image-reconstruction/facescape_224/fsmview_trainset_12_1_neutral_17.jpg,0.04045797884464264,0.04302578046917915,0.0025678016245365143,8.21703102439642,0.6696487069129944,0.40483489632606506,0.40483489632606506,103.75673299998311,98.2040480000137,real_npy,0,1
1506,/mnt/c/Users/Chirayu/Documents/GitHub/2D-to-3D-image-reconstruction/facescape_224/fsmview_trainset_10_6_jaw_right_19.jpg,0.057510241866111755,0.05861518159508705,0.001104939728975296,8.14329975307919,0.6928483843803406,0.3341434597969055,0.3341434597969055,101.58597000000213,102.91729599998689,real_npy,0,1
1507,/mnt/c/Users/Chirayu/Documents/GitHub/2D-to-3D-image-reconstruction/facescape_224/fsmview_trainset_7_13_lip_funneler_37.jpg,0.050242163240909576,0.04934201017022133,-0.0009001530706882477,7.715368881821632,0.7315019369125366,0.4231659770011902,0.4231659770011902,113.96404399999938,104.76784400000838,real_npy,0,1
1508,/mnt/c/Users/Chirayu/Documents/GitHub/2D-to-3D-image-reconstruction/facescape_224/fsmview_trainset_8_10_dimpler_56.jpg,0.03518311679363251,0.03418782725930214,-0.000995289534330368,7.91775681450963,0.6958367824554443,0.2024870365858078,0.2024870365858078,100.76094799998714,104.82554999998683,real_npy,0,1
1509,/mnt/c/Users/Chirayu/Documents/GitHub/2D-to-3D-image-reconstruction/facescape_224/fsmview_trainset_20_7_jaw_forward_9.jpg,0.06615373492240906,0.06874237209558487,0.0025886371731758118,7.5236901715397835,0.6693975329399109,0.573737621307373,0.573737621307373,111.5769010000065,93.69575299999156,real_npy,0,1
1510,/mnt/c/Users/Chirayu/Documents/GitHub/2D-to-3D-image-reconstruction/facescape_224/fsmview_trainset_10_6_jaw_right_14.jpg,0.23317991197109222,0.22435607016086578,-0.00882384181022644,6.756813131272793,0.6377062201499939,0.45326709747314453,0.45326709747314453,94.8514540000076,103.71367099997997,real_npy,0,1
1511,/mnt/c/Users/Chirayu/Documents/GitHub/2D-to-3D-image-reconstruction/facescape_224/fsmview_trainset_9_8_mouth_left_35.jpg,0.04899389296770096,0.04573670029640198,-0.0032571926712989807,8.319446582347155,0.6690190434455872,0.3919174373149872,0.3919174373149872,122.59816200000273,105.60077400000978,real_npy,0,1
1512,/mnt/c/Users/Chirayu/Documents/GitHub/2D-to-3D-image-reconstruction/facescape_224/fsmview_trainset_8_9_mouth_right_33.jpg,0.038584619760513306,0.09801563620567322,0.05943101644515991,8.57713498082012,0.7474982142448425,0.2824390232563019,0.2824390232563019,103.14288999998666,98.14725199998975,real_npy,0,1
1513,/mnt/c/Users/Chirayu/Documents/GitHub/2D-to-3D-image-reconstruction/facescape_224/fsmview_trainset_13_7_jaw_forward_11.jpg,0.05500172823667526,0.0497441366314888,-0.005257591605186462,7.980214897543192,0.6669461131095886,0.4838405251502991,0.4838405251502991,104.69942600002469,96.76329900000269,real_npy,0,1
1514,/mnt/c/Users/Chirayu/Documents/GitHub/2D-to-3D-image-reconstruction/facescape_224/fsmview_trainset_4_13_lip_funneler_49.jpg,0.1855614334344864,0.1876697838306427,0.002108350396156311,6.866955298930407,0.618821918964386,0.4222801923751831,0.4222801923751831,111.17232000000854,108.40190299998653,real_npy,0,1
1515,/mnt/c/Users/Chirayu/Documents/GitHub/2D-to-3D-image-reconstruction/facescape_224/fsmview_trainset_14_9_mouth_right_10.jpg,0.13442888855934143,0.1212843731045723,-0.013144515454769135,7.737380117177963,0.6784171462059021,0.6147644519805908,0.6147644519805908,103.18159799999194,104.31793699999048,real_npy,0,1
1516,/mnt/c/Users/Chirayu/Documents/GitHub/2D-to-3D-image-reconstruction/facescape_224/fsmview_trainset_2_14_sadness_23.jpg,0.04099631309509277,1.1558573246002197,1.114861011505127,21.802678955718875,2.125640630722046,0.377947598695755,0.377947598695755,101.67377700000202,105.30641799999785,real_npy,0,1
1517,/mnt/c/Users/Chirayu/Documents/GitHub/2D-to-3D-image-reconstruction/facescape_224/fsmview_trainset_1_13_lip_funneler_33.jpg,0.25357574224472046,20.410831451416016,20.157255709171295,88.93437397480011,21.836557388305664,0.24672836065292358,0.24672836065292358,113.44690100000321,96.20743300001777,real_npy,1,1
1518,/mnt/c/Users/Chirayu/Documents/GitHub/2D-to-3D-image-reconstruction/facescape_224/fsmview_trainset_20_5_jaw_left_13.jpg,0.04758891463279724,0.05296528339385986,0.005376368761062622,8.046938195824623,0.7059144377708435,0.3776192367076874,0.3776192367076874,100.16865000000053,96.89809599998966,real_npy,0,1
1519,/mnt/c/Users/Chirayu/Documents/GitHub/2D-to-3D-image-reconstruction/facescape_224/fsmview_trainset_10_7_jaw_forward_26.jpg,0.12022466957569122,0.2224750518798828,0.10225038230419159,6.93143343180418,0.7170798778533936,0.5960940718650818,0.5960940718650818,83.09429599998452,95.59960199999296,real_npy,0,1
1520,/mnt/c/Users/Chirayu/Documents/GitHub/2D-to-3D-image-reconstruction/facescape_224/fsmview_trainset_9_5_jaw_left_11.jpg,0.6431069374084473,0.3311988413333893,-0.311908096075058,6.284993380308151,0.6931869387626648,0.5766497850418091,0.5766497850418091,92.95811199999093,89.85382500000583,real_npy,0,0
1521,/mnt/c/Users/Chirayu/Documents/GitHub/2D-to-3D-image-reconstruction/facescape_224/fsmview_trainset_3_14_sadness_10.jpg,0.035649459809064865,0.03047599457204342,-0.005173465237021446,8.252078741788864,0.7172015309333801,0.31690657138824463,0.31690657138824463,101.0252960000173,99.25716800000828,real_npy,0,1
1522,/mnt/c/Users/Chirayu/Documents/GitHub/2D-to-3D-image-reconstruction/facescape_224/fsmview_trainset_18_14_sadness_35.jpg,0.0445491224527359,0.044526003301143646,-2.311915159225464e-05,8.382568575441837,0.7004355192184448,0.42040008306503296,0.42040008306503296,110.6957470000225,92.37946199999669,real_npy,0,1
1523,/mnt/c/Users/Chirayu/Documents/GitHub/2D-to-3D-image-reconstruction/facescape_224/fsmview_trainset_16_20_brow_lower_46.jpg,0.04155762866139412,0.0432799756526947,0.0017223469913005829,8.015753611922264,0.7016252875328064,0.38605549931526184,0.38605549931526184,102.11420799998905,107.33872000000133,real_npy,0,1
1524,/mnt/c/Users/Chirayu/Documents/GitHub/2D-to-3D-image-reconstruction/facescape_224/fsmview_trainset_4_6_jaw_right_35.jpg,0.04298785701394081,0.04001495614647865,-0.002972900867462158,7.399583995342255,0.6592286825180054,0.30428391695022583,0.30428391695022583,99.63120000000458,101.36148000000844,real_npy,0,1
1525,/mnt/c/Users/Chirayu/Documents/GitHub/2D-to-3D-image-reconstruction/facescape_224/fsmview_trainset_16_2_smile_30.jpg,0.030285552144050598,0.9554317593574524,0.9251462072134018,19.981623269617558,1.9185113906860352,0.3378061354160309,0.3378061354160309,105.0258079999935,105.31600599998114,real_npy,0,1
1526,/mnt/c/Users/Chirayu/Documents/GitHub/2D-to-3D-image-reconstruction/facescape_224/fsmview_trainset_8_17_cheek_blowing_5.jpg,0.05885697901248932,0.060383137315511703,0.0015261583030223846,8.535722523927689,0.7255054712295532,0.24736471474170685,0.24736471474170685,90.56843100000833,97.06739599999992,real_npy,0,1
1527,/mnt/c/Users/Chirayu/Documents/GitHub/2D-to-3D-image-reconstruction/facescape_224/fsmview_trainset_6_2_smile_28.jpg,0.041534215211868286,0.0434931144118309,0.001958899199962616,7.874535847455263,0.6692690849304199,0.22856362164020538,0.22856362164020538,97.56942000001345,107.45193700000755,real_npy,0,1
1528,/mnt/c/Users/Chirayu/Documents/GitHub/2D-to-3D-image-reconstruction/facescape_224/fsmview_trainset_6_17_cheek_blowing_39.jpg,0.12379797548055649,0.12476061284542084,0.0009626373648643494,8.243102960288525,0.7300575375556946,0.33313846588134766,0.33313846588134766,99.14849099999401,88.89407899999924,real_npy,0,1
1529,/mnt/c/Users/Chirayu/Documents/GitHub/2D-to-3D-image-reconstruction/facescape_224/fsmview_trainset_2_3_mouth_stretch_33.jpg,0.5107076168060303,0.5806069374084473,0.06989932060241699,7.219962116330862,0.6125009059906006,0.5364996790885925,0.5364996790885925,102.2835569999927,100.98116800000412,real_npy,0,1
1530,/mnt/c/Users/Chirayu/Documents/GitHub/2D-to-3D-image-reconstruction/facescape_224/fsmview_trainset_20_5_jaw_left_5.jpg,0.22586116194725037,0.22096264362335205,-0.004898518323898315,6.801431089639664,0.6155732274055481,0.5321690440177917,0.5321690440177917,91.95366899999158,97.55111999999144,real_npy,0,1
1531,/mnt/c/Users/Chirayu/Documents/GitHub/2D-to-3D-image-reconstruction/facescape_224/fsmview_trainset_19_10_dimpler_17.jpg,0.04202745854854584,0.04380941390991211,0.001781955361366272,8.526190192438662,0.6848207712173462,0.31467175483703613,0.31467175483703613,104.31676199999629,103.71037699999874,real_npy,0,1
1532,/mnt/c/Users/Chirayu/Documents/GitHub/2D-to-3D-image-reconstruction/facescape_224/fsmview_trainset_1_3_mouth_stretch_39.jpg,0.060330431908369064,0.06724966317415237,0.00691923126578331,8.400252871215343,0.7633751034736633,0.4109250605106354,0.4109250605106354,109.78577400001654,104.99893200000088,real_npy,0,1
1533,/mnt/c/Users/Chirayu/Documents/GitHub/2D-to-3D-image-reconstruction/facescape_224/fsmview_trainset_10_13_lip_funneler_36.jpg,0.05469479039311409,0.0526374988257885,-0.002057291567325592,7.390051998198032,0.6752832531929016,0.3540962040424347,0.3540962040424347,94.9486539999782,94.41409400000111,real_npy,0,1
1534,/mnt/c/Users/Chirayu/Documents/GitHub/2D-to-3D-image-reconstruction/facescape_224/fsmview_trainset_4_19_brow_raiser_41.jpg,0.0692443698644638,0.058643586933612823,-0.010600782930850983,7.708936892449856,0.7251058220863342,0.4518306851387024,0.4518306851387024,107.902155000005,100.46938299998942,real_npy,0,1
1535,/mnt/c/Users/Chirayu/Documents/GitHub/2D-to-3D-image-reconstruction/facescape_224/fsmview_trainset_20_1_neutral_27.jpg,0.0544908307492733,0.050577323883771896,-0.003913506865501404,8.167364586144686,0.693211019039154,0.39464592933654785,0.39464592933654785,99.162481999997,94.70415000001253,real_npy,0,1
1536,/mnt/c/Users/Chirayu/Documents/GitHub/2D-to-3D-image-reconstruction/facescape_224/fsmview_trainset_7_1_neutral_5.jpg,0.03566530719399452,0.03416414186358452,-0.0015011653304100037,7.426838602870703,0.6637365221977234,0.3945688009262085,0.3945688009262085,101.4311330000055,100.33406799999511,real_npy,0,1
1537,/mnt/c/Users/Chirayu/Documents/GitHub/2D-to-3D-image-reconstruction/facescape_224/fsmview_trainset_10_20_brow_lower_43.jpg,0.027466295287013054,0.030660998076200485,0.0031947027891874313,7.466975186020136,0.6238194108009338,0.2574458718299866,0.2574458718299866,103.10380199999258,102.8343110000094,real_npy,0,1
1538,/mnt/c/Users/Chirayu/Documents/GitHub/2D-to-3D-image-reconstruction/facescape_224/fsmview_trainset_7_6_jaw_right_0.jpg,0.04571190103888512,0.04283388331532478,-0.0028780177235603333,7.665835343301296,0.6628299951553345,0.4161074161529541,0.4161074161529541,104.16717800001152,93.3287699999994,real_npy,0,1
1539,/mnt/c/Users/Chirayu/Documents/GitHub/2D-to-3D-image-reconstruction/facescape_224/fsmview_trainset_20_5_jaw_left_33.jpg,0.03878379985690117,0.03774743899703026,-0.0010363608598709106,7.631265113130212,0.6913123726844788,0.47153663635253906,0.47153663635253906,80.13849499999992,97.62926500002322,real_npy,0,1
1540,/mnt/c/Users/Chirayu/Documents/GitHub/2D-to-3D-image-reconstruction/facescape_224/fsmview_trainset_2_4_anger_19.jpg,0.060204897075891495,0.06219081953167915,0.0019859224557876587,9.32526363665238,0.7578088641166687,0.41291001439094543,0.41291001439094543,100.65769100000921,105.49133899999674,real_npy,0,1
1541,/mnt/c/Users/Chirayu/Documents/GitHub/2D-to-3D-image-reconstruction/facescape_224/fsmview_trainset_16_13_lip_funneler_8.jpg,0.06591672450304031,0.07582370936870575,0.009906984865665436,8.196834743022919,0.6986928582191467,0.28033846616744995,0.28033846616744995,111.76810299997442,92.65116500000659,real_npy,0,1
1542,/mnt/c/Users/Chirayu/Documents/GitHub/2D-to-3D-image-reconstruction/facescape_224/fsmview_trainset_11_6_jaw_right_47.jpg,0.06506288796663284,0.10628575831651688,0.04122287034988403,7.603620253503323,0.7268688678741455,0.6650977730751038,0.6650977730751038,117.47159300000476,105.25330199999416,real_npy,0,1
1543,/mnt/c/Users/Chirayu/Documents/GitHub/2D-to-3D-image-reconstruction/facescape_224/fsmview_trainset_2_20_brow_lower_33.jpg,0.5772350430488586,0.48696351051330566,-0.09027153253555298,7.37104862742126,0.6285682320594788,0.5430924892425537,0.5430924892425537,108.35768399999779,100.8399099999906,real_npy,0,1
1544,/mnt/c/Users/Chirayu/Documents/GitHub/2D-to-3D-image-reconstruction/facescape_224/fsmview_trainset_4_12_lip_puckerer_56.jpg,0.0391034260392189,0.03984469920396805,0.0007412731647491455,8.219579558819532,0.693683385848999,0.20564056932926178,0.20564056932926178,107.63752900001577,95.33567799999787,real_npy,0,1
1545,/mnt/c/Users/Chirayu/Documents/GitHub/2D-to-3D-image-reconstruction/facescape_224/fsmview_trainset_6_1_neutral_20.jpg,0.03128143772482872,0.0352117158472538,0.003930278122425079,7.924677822738886,0.6845933198928833,0.2655339539051056,0.2655339539051056,102.90623100001994,86.40366500000596,real_npy,0,1
1546,/mnt/c/Users/Chirayu/Documents/GitHub/2D-to-3D-image-reconstruction/facescape_224/fsmview_trainset_1_10_dimpler_11.jpg,0.0703553706407547,0.06580229848623276,-0.004553072154521942,7.813929855823517,0.6968138813972473,0.38255634903907776,0.38255634903907776,101.31956099999684,95.33095700001581,real_npy,0,1
1547,/mnt/c/Users/Chirayu/Documents/GitHub/2D-to-3D-image-reconstruction/facescape_224/fsmview_trainset_2_16_grin_29.jpg,0.10895103961229324,0.12505662441253662,0.016105584800243378,8.34954410418868,0.7016116976737976,0.33627620339393616,0.33627620339393616,97.7452630000073,112.2653570000125,real_npy,0,1
1548,/mnt/c/Users/Chirayu/Documents/GitHub/2D-to-3D-image-reconstruction/facescape_224/fsmview_trainset_2_1_neutral_57.jpg,0.6475582122802734,0.6700801253318787,0.022521913051605225,6.921993540599942,0.6140297651290894,0.38045379519462585,0.38045379519462585,99.21039399998222,102.55755200000749,real_npy,0,1
1549,/mnt/c/Users/Chirayu/Documents/GitHub/2D-to-3D-image-reconstruction/facescape_224/fsmview_trainset_11_7_jaw_forward_5.jpg,0.8294579982757568,0.78765869140625,-0.041799306869506836,7.196911560371518,0.6452475190162659,0.4926135838031769,0.4926135838031769,116.27457299999833,124.35580199999663,real_npy,0,1
1550,/mnt/c/Users/Chirayu/Documents/GitHub/2D-to-3D-image-reconstruction/facescape_224/fsmview_trainset_16_18_eye_closed_25.jpg,0.06013127788901329,0.06295326352119446,0.0028219856321811676,8.277836956083775,0.7278845906257629,0.4969382584095001,0.4969382584095001,99.85168700001168,95.84743599998546,real_npy,0,1
1551,/mnt/c/Users/Chirayu/Documents/GitHub/2D-to-3D-image-reconstruction/facescape_224/fsmview_trainset_14_20_brow_lower_62.jpg,0.03977798670530319,0.0455607995390892,0.005782812833786011,7.813028700649738,0.6865948438644409,0.3726253807544708,0.3726253807544708,108.39200200001642,95.87822399998913,real_npy,0,1
1552,/mnt/c/Users/Chirayu/Documents/GitHub/2D-to-3D-image-reconstruction/facescape_224/fsmview_trainset_20_20_brow_lower_59.jpg,0.04692157730460167,0.04823631793260574,0.001314740628004074,7.597758766263723,0.6246414184570312,0.35016050934791565,0.35016050934791565,94.50643599998898,109.35964500001205,real_npy,0,1
1553,/mnt/c/Users/Chirayu/Documents/GitHub/2D-to-3D-image-reconstruction/facescape_224/fsmview_trainset_16_8_mouth_left_7.jpg,0.045672643929719925,0.05478706955909729,0.009114425629377365,8.022206127643585,0.6801528334617615,0.2616017460823059,0.2616017460823059,98.33991500002526,103.34129599999642,real_npy,0,1
1554,/mnt/c/Users/Chirayu/Documents/GitHub/2D-to-3D-image-reconstruction/facescape_224/fsmview_trainset_14_1_neutral_52.jpg,0.14506065845489502,0.15417826175689697,0.009117603302001953,7.877592466771603,0.692666232585907,0.5186559557914734,0.5186559557914734,108.88098800000989,101.684726000002,real_npy,0,1
1555,/mnt/c/Users/Chirayu/Documents/GitHub/2D-to-3D-image-reconstruction/facescape_224/fsmview_trainset_14_13_lip_funneler_33.jpg,0.03367481380701065,0.03680303320288658,0.003128219395875931,7.268871963955462,0.734275221824646,0.48487916588783264,0.48487916588783264,97.7494159999992,107.24112700000887,real_npy,0,1
1556,/mnt/c/Users/Chirayu/Documents/GitHub/2D-to-3D-image-reconstruction/facescape_224/fsmview_trainset_12_18_eye_closed_0.jpg,0.1641087830066681,0.15608955919742584,-0.008019223809242249,8.287134282290936,0.69163578748703,0.5521925091743469,0.5521925091743469,97.28520300001264,99.49179899999194,real_npy,0,1
1557,/mnt/c/Users/Chirayu/Documents/GitHub/2D-to-3D-image-reconstruction/facescape_224/fsmview_trainset_6_18_eye_closed_47.jpg,0.15222619473934174,0.17964023351669312,0.02741403877735138,9.295062905177474,0.7980203628540039,0.43461206555366516,0.43461206555366516,98.74927800001387,88.54686200001538,real_npy,0,1
1558,/mnt/c/Users/Chirayu/Documents/GitHub/2D-to-3D-image-reconstruction/facescape_224/fsmview_trainset_19_3_mouth_stretch_19.jpg,0.0747908502817154,0.07529298216104507,0.0005021318793296814,8.270228845532984,0.7553657293319702,0.3260864317417145,0.3260864317417145,106.61520599998653,105.37956999999665,real_npy,0,1
1559,/mnt/c/Users/Chirayu/Documents/GitHub/2D-to-3D-image-reconstruction/facescape_224/fsmview_trainset_1_13_lip_funneler_23.jpg,0.04944484680891037,0.047760725021362305,-0.0016841217875480652,8.054051572456956,0.6927028894424438,0.37542015314102173,0.37542015314102173,114.43666700000676,103.87626599998612,real_npy,0,1
1560,/mnt/c/Users/Chirayu/Documents/GitHub/2D-to-3D-image-reconstruction/facescape_224/fsmview_trainset_18_13_lip_funneler_49.jpg,0.3358900547027588,0.27816468477249146,-0.057725369930267334,6.7283404767513275,0.6262010335922241,0.509611964225769,0.509611964225769,103.66642300002127,104.1500219999989,real_npy,0,1
1561,/mnt/c/Users/Chirayu/Documents/GitHub/2D-to-3D-image-reconstruction/facescape_224/fsmview_trainset_17_10_dimpler_7.jpg,0.11361028999090195,0.13480143249034882,0.02119114249944687,8.155518975108862,0.6621680855751038,0.28144997358322144,0.28144997358322144,104.32892800000104,115.19081299999812,real_npy,0,1
1562,/mnt/c/Users/Chirayu/Documents/GitHub/2D-to-3D-image-reconstruction/facescape_224/fsmview_trainset_18_2_smile_22.jpg,0.047646719962358475,0.0482008159160614,0.0005540959537029266,8.871805032715201,0.7185960412025452,0.44609037041664124,0.44609037041664124,93.75562899998613,101.51318500001594,real_npy,0,1
1563,/mnt/c/Users/Chirayu/Documents/GitHub/2D-to-3D-image-reconstruction/facescape_224/fsmview_trainset_12_15_lip_roll_8.jpg,0.0729554295539856,0.07388205081224442,0.0009266212582588196,8.180170752108097,0.6416366696357727,0.5376439094543457,0.5376439094543457,98.79661600001555,98.70053700001336,real_npy,0,1
1564,/mnt/c/Users/Chirayu/Documents/GitHub/2D-to-3D-image-reconstruction/facescape_224/fsmview_trainset_3_16_grin_38.jpg,0.05730949342250824,0.0610140860080719,0.0037045925855636597,7.76988885179162,0.7037717700004578,0.3796743154525757,0.3796743154525757,95.7118190000017,108.02063500000259,real_npy,0,1
1565,/mnt/c/Users/Chirayu/Documents/GitHub/2D-to-3D-image-reconstruction/facescape_224/fsmview_trainset_18_15_lip_roll_37.jpg,0.061719417572021484,0.05548050254583359,-0.006238915026187897,8.708934992551804,0.7453190684318542,0.46754127740859985,0.46754127740859985,104.0955800000063,102.6807149999911,real_npy,0,1
1566,/mnt/c/Users/Chirayu/Documents/GitHub/2D-to-3D-image-reconstruction/facescape_224/fsmview_trainset_17_13_lip_funneler_54.jpg,0.09099772572517395,0.09374446421861649,0.0027467384934425354,8.681638471782207,0.706587016582489,0.3303951919078827,0.3303951919078827,96.40664700000912,95.44756200000393,real_npy,0,1
1567,/mnt/c/Users/Chirayu/Documents/GitHub/2D-to-3D-image-reconstruction/facescape_224/fsmview_trainset_9_12_lip_puckerer_19.jpg,0.06021004542708397,0.07088595628738403,0.010675910860300064,8.800272334832698,0.7647041082382202,0.3296758532524109,0.3296758532524109,108.28499599998054,95.17447100000709,real_npy,0,1
1568,/mnt/c/Users/Chirayu/Documents/GitHub/2D-to-3D-image-reconstruction/facescape_224/fsmview_trainset_4_4_anger_23.jpg,0.03587642312049866,0.03446030616760254,-0.0014161169528961182,8.318761553615332,0.6797953248023987,0.3015141189098358,0.3015141189098358,113.57911999999715,100.19679600000586,real_npy,0,1
1569,/mnt/c/Users/Chirayu/Documents/GitHub/2D-to-3D-image-reconstruction/facescape_224/fsmview_trainset_5_7_jaw_forward_15.jpg,0.03722238913178444,0.04862520843744278,0.01140281930565834,7.607035806402564,0.6284030675888062,0.3877553641796112,0.3877553641796112,102.38425899999015,103.15713599999299,real_npy,0,1
1570,/mnt/c/Users/Chirayu/Documents/GitHub/2D-to-3D-image-reconstruction/facescape_224/fsmview_trainset_18_17_cheek_blowing_19.jpg,0.05520357936620712,0.049801792949438095,-0.005401786416769028,8.722694680094719,0.7004145979881287,0.39903563261032104,0.39903563261032104,98.62769500000468,101.44824900001481,real_npy,0,1
1571,/mnt/c/Users/Chirayu/Documents/GitHub/2D-to-3D-image-reconstruction/facescape_224/fsmview_trainset_9_18_eye_closed_57.jpg,0.5501142144203186,0.6750032901763916,0.124889075756073,7.341961754485965,0.6914724707603455,0.5312743782997131,0.5312743782997131,86.06748299999367,97.09105300001397,real_npy,0,1
1572,/mnt/c/Users/Chirayu/Documents/GitHub/2D-to-3D-image-reconstruction/facescape_224/fsmview_trainset_17_18_eye_closed_5.jpg,0.05507988855242729,0.05614113807678223,0.0010612495243549347,8.380028612911701,0.698161780834198,0.39337536692619324,0.39337536692619324,92.32326699998339,94.3925189999959,real_npy,0,1
1573,/mnt/c/Users/Chirayu/Documents/GitHub/2D-to-3D-image-reconstruction/facescape_224/fsmview_trainset_17_6_jaw_right_17.jpg,0.02727367915213108,6.691040992736816,6.663767313584685,53.047557272017,7.587199687957764,0.33464568853378296,0.33464568853378296,105.43077699998094,100.20813799999928,real_npy,1,1
1574,/mnt/c/Users/Chirayu/Documents/GitHub/2D-to-3D-image-reconstruction/facescape_224/fsmview_trainset_3_3_mouth_stretch_12.jpg,0.12677644193172455,0.17054758965969086,0.04377114772796631,7.077677808701992,0.6859907507896423,0.24192985892295837,0.24192985892295837,95.36721099999568,101.81819199999609,real_npy,0,1
1575,/mnt/c/Users/Chirayu/Documents/GitHub/2D-to-3D-image-reconstruction/facescape_224/fsmview_trainset_4_18_eye_closed_21.jpg,0.036811575293540955,0.036347195506095886,-0.00046437978744506836,8.011408403515816,0.668035089969635,0.2513265609741211,0.2513265609741211,104.65555799999038,99.31044100000008,real_npy,0,1
1576,/mnt/c/Users/Chirayu/Documents/GitHub/2D-to-3D-image-reconstruction/facescape_224/fsmview_trainset_14_5_jaw_left_43.jpg,0.056156132370233536,0.05811465531587601,0.0019585229456424713,8.909829463809729,0.7432880401611328,0.33517226576805115,0.33517226576805115,101.49811299999101,95.3407220000031,real_npy,0,1
1577,/mnt/c/Users/Chirayu/Documents/GitHub/2D-to-3D-image-reconstruction/facescape_224/fsmview_trainset_3_1_neutral_3.jpg,0.04820822924375534,0.046296197921037674,-0.0019120313227176666,7.430139549076557,0.6829607486724854,0.3756144642829895,0.3756144642829895,109.18749500001468,107.68461699998966,real_npy,0,1
1578,/mnt/c/Users/Chirayu/Documents/GitHub/2D-to-3D-image-reconstruction/facescape_224/fsmview_trainset_6_3_mouth_stretch_31.jpg,0.05299285426735878,0.05013909935951233,-0.002853754907846451,7.268159508705139,0.7602244019508362,0.4203823208808899,0.4203823208808899,95.30036199998904,103.70038000002069,real_npy,0,1
1579,/mnt/c/Users/Chirayu/Documents/GitHub/2D-to-3D-image-reconstruction/facescape_224/fsmview_trainset_2_8_mouth_left_25.jpg,0.037936680018901825,24.852800369262695,24.814863689243793,96.65072083473206,26.08329200744629,0.354766845703125,0.354766845703125,97.67293200002314,103.87142999996968,real_npy,1,1
1580,/mnt/c/Users/Chirayu/Documents/GitHub/2D-to-3D-image-reconstruction/facescape_224/fsmview_trainset_5_16_grin_5.jpg,0.03637142851948738,0.03672173619270325,0.0003503076732158661,7.5737164951860905,0.6417838931083679,0.3698415756225586,0.3698415756225586,98.6084079999614,108.86072499999955,real_npy,0,1
1581,/mnt/c/Users/Chirayu/Documents/GitHub/2D-to-3D-image-reconstruction/facescape_224/fsmview_trainset_8_3_mouth_stretch_40.jpg,0.1617843508720398,0.16514886915683746,0.0033645182847976685,6.568199530243874,0.6109865307807922,0.4759630262851715,0.4759630262851715,97.623236000004,90.37423300003411,real_npy,0,1
1582,/mnt/c/Users/Chirayu/Documents/GitHub/2D-to-3D-image-reconstruction/facescape_224/fsmview_trainset_3_18_eye_closed_28.jpg,0.044780246913433075,0.04444336146116257,-0.0003368854522705078,7.63949616253376,0.6583864092826843,0.2754780054092407,0.2754780054092407,109.91883100001587,114.17170900000428,real_npy,0,1
1583,/mnt/c/Users/Chirayu/Documents/GitHub/2D-to-3D-image-reconstruction/facescape_224/fsmview_trainset_19_20_brow_lower_44.jpg,0.16448627412319183,0.15999197959899902,-0.00449429452419281,8.666508287191391,0.7369198203086853,0.4295389950275421,0.4295389950275421,102.36630899999,101.62687600001163,real_npy,0,1
1584,/mnt/c/Users/Chirayu/Documents/GitHub/2D-to-3D-image-reconstruction/facescape_224/fsmview_trainset_8_13_lip_funneler_11.jpg,0.06647811084985733,0.07178560644388199,0.005307495594024658,7.750825624912977,0.7377190589904785,0.2983688712120056,0.2983688712120056,96.06819100002895,99.26591099997495,real_npy,0,1
1585,/mnt/c/Users/Chirayu/Documents/GitHub/2D-to-3D-image-reconstruction/facescape_224/fsmview_trainset_7_10_dimpler_14.jpg,0.034435026347637177,0.03528447449207306,0.0008494481444358826,8.237760661169887,0.6874920725822449,0.44008007645606995,0.44008007645606995,127.6334899999938,87.54842600001211,real_npy,0,1
1586,/mnt/c/Users/Chirayu/Documents/GitHub/2D-to-3D-image-reconstruction/facescape_224/fsmview_trainset_6_13_lip_funneler_21.jpg,0.037967439740896225,0.04241403937339783,0.004446599632501602,7.903578182682395,0.6897460222244263,0.2726898193359375,0.2726898193359375,118.90384600002335,105.9162159999687,real_npy,0,1
1587,/mnt/c/Users/Chirayu/Documents/GitHub/2D-to-3D-image-reconstruction/facescape_224/fsmview_trainset_4_12_lip_puckerer_16.jpg,0.1143469363451004,0.11946174502372742,0.005114808678627014,7.990754082798958,0.7090646624565125,0.4328714907169342,0.4328714907169342,99.12599400001909,118.60759199998938,real_npy,0,1
1588,/mnt/c/Users/Chirayu/Documents/GitHub/2D-to-3D-image-reconstruction/facescape_224/fsmview_trainset_14_10_dimpler_36.jpg,0.042242296040058136,0.042373690754175186,0.00013139471411705017,8.354331597685814,0.6880935430526733,0.5274338126182556,0.5274338126182556,89.61255000002666,106.99902600003952,real_npy,0,1
1589,/mnt/c/Users/Chirayu/Documents/GitHub/2D-to-3D-image-reconstruction/facescape_224/fsmview_trainset_3_7_jaw_forward_12.jpg,0.06603603810071945,0.0731184333562851,0.007082395255565643,8.240909241139889,0.7455782890319824,0.25551286339759827,0.25551286339759827,105.05272700004298,101.72603299997718,real_npy,0,1
1590,/mnt/c/Users/Chirayu/Documents/GitHub/2D-to-3D-image-reconstruction/facescape_224/fsmview_trainset_13_3_mouth_stretch_22.jpg,0.05473228543996811,0.05444178357720375,-0.0002905018627643585,8.4231340540573,0.7764341235160828,0.44694310426712036,0.44694310426712036,106.46243100001129,100.71839800002635,real_npy,0,1
1591,/mnt/c/Users/Chirayu/Documents/GitHub/2D-to-3D-image-reconstruction/facescape_224/fsmview_trainset_17_19_brow_raiser_9.jpg,0.07327193021774292,0.07526493817567825,0.0019930079579353333,8.755449829623103,0.7365466952323914,0.37326252460479736,0.37326252460479736,96.32388699998273,102.02041899998449,real_npy,0,1
1592,/mnt/c/Users/Chirayu/Documents/GitHub/2D-to-3D-image-reconstruction/facescape_224/fsmview_trainset_6_9_mouth_right_2.jpg,0.04609959200024605,0.04349731653928757,-0.002602275460958481,7.97576554492116,0.702395498752594,0.3663599491119385,0.3663599491119385,91.03308300001345,98.02595000002157,real_npy,0,1
1593,/mnt/c/Users/Chirayu/Documents/GitHub/2D-to-3D-image-reconstruction/facescape_224/fsmview_trainset_11_19_brow_raiser_43.jpg,0.04988202080130577,0.0534287765622139,0.003546755760908127,8.664073314517736,0.6781308650970459,0.5746197700500488,0.5746197700500488,107.37462200000891,89.77212400003509,real_npy,0,1
1594,/mnt/c/Users/Chirayu/Documents/GitHub/2D-to-3D-image-reconstruction/facescape_224/fsmview_trainset_4_12_lip_puckerer_12.jpg,0.0633186399936676,0.06622318923473358,0.002904549241065979,7.56634720787406,0.7003114819526672,0.2873682379722595,0.2873682379722595,102.0818250000275,94.95523999999023,real_npy,0,1
1595,/mnt/c/Users/Chirayu/Documents/GitHub/2D-to-3D-image-reconstruction/facescape_224/fsmview_trainset_5_5_jaw_left_11.jpg,0.9011961221694946,0.8264240622520447,-0.07477205991744995,6.756222903728485,0.6728655099868774,0.5127646327018738,0.5127646327018738,122.26336800000581,100.17058800002587,real_npy,0,1
1596,/mnt/c/Users/Chirayu/Documents/GitHub/2D-to-3D-image-reconstruction/facescape_224/fsmview_trainset_15_15_lip_roll_31.jpg,0.035621870309114456,0.03457248583436012,-0.0010493844747543335,7.854312390089035,0.6506212949752808,0.4926394522190094,0.4926394522190094,93.27467800000022,99.42538500001774,real_npy,0,1
1597,/mnt/c/Users/Chirayu/Documents/GitHub/2D-to-3D-image-reconstruction/facescape_224/fsmview_trainset_16_20_brow_lower_27.jpg,0.27451038360595703,0.23416081070899963,-0.0403495728969574,7.691254436969757,0.771833598613739,0.4164774715900421,0.4164774715900421,116.63103399996544,95.48876600001677,real_npy,0,1
1598,/mnt/c/Users/Chirayu/Documents/GitHub/2D-to-3D-image-reconstruction/facescape_224/fsmview_trainset_2_7_jaw_forward_24.jpg,0.05926378443837166,0.06171319633722305,0.0024494118988513947,9.074655568227172,0.7515876293182373,0.4714495539665222,0.4714495539665222,93.9773010000522,107.86761400004252,real_npy,0,1
1599,/mnt/c/Users/Chirayu/Documents/GitHub/2D-to-3D-image-reconstruction/facescape_224/fsmview_trainset_13_14_sadness_3.jpg,0.09438779950141907,0.08959981799125671,-0.0047879815101623535,7.722230777144432,0.6630917191505432,0.4224100112915039,0.4224100112915039,103.77438199998323,96.0204449999651,real_npy,0,1
1600,/mnt/c/Users/Chirayu/Documents/GitHub/2D-to-3D-image-reconstruction/facescape_224/fsmview_trainset_10_13_lip_funneler_24.jpg,0.05343427136540413,0.055727872997522354,0.002293601632118225,7.98651965893805,0.6854252219200134,0.3505365252494812,0.3505365252494812,111.4694620000023,100.79858099999228,real_npy,0,1
1601,/mnt/c/Users/Chirayu/Documents/GitHub/2D-to-3D-image-reconstruction/facescape_224/fsmview_trainset_14_18_eye_closed_60.jpg,0.2642034590244293,0.2758999764919281,0.01169651746749878,6.807723246514797,0.5917868614196777,0.4327649474143982,0.4327649474143982,92.11995099997239,98.00909300003013,real_npy,0,1
1602,/mnt/c/Users/Chirayu/Documents/GitHub/2D-to-3D-image-reconstruction/facescape_224/fsmview_trainset_17_16_grin_48.jpg,0.2227487713098526,0.22243039309978485,-0.000318378210067749,9.156937517225742,0.7707166075706482,0.347164511680603,0.347164511680603,109.65227599996297,107.20722799999294,real_npy,0,1
1603,/mnt/c/Users/Chirayu/Documents/GitHub/2D-to-3D-image-reconstruction/facescape_224/fsmview_trainset_2_11_chin_raiser_27.jpg,0.06977571547031403,0.06617167592048645,-0.0036040395498275757,9.120595889165998,0.7541875839233398,0.41885244846343994,0.41885244846343994,102.65857500002085,94.81636399999616,real_npy,0,1
1604,/mnt/c/Users/Chirayu/Documents/GitHub/2D-to-3D-image-reconstruction/facescape_224/fsmview_trainset_5_10_dimpler_23.jpg,0.04203810170292854,0.09301023185253143,0.05097213014960289,7.030887506902218,0.7220277786254883,0.3329285681247711,0.3329285681247711,101.0242739999967,98.08368299997028,real_npy,0,1
1605,/mnt/c/Users/Chirayu/Documents/GitHub/2D-to-3D-image-reconstruction/facescape_224/fsmview_trainset_20_2_smile_28.jpg,0.048117101192474365,0.04675395414233208,-0.0013631470501422882,7.814410159364343,0.6676176190376282,0.4657706916332245,0.4657706916332245,105.36244400003625,97.90502700002435,real_npy,0,1
1606,/mnt/c/Users/Chirayu/Documents/GitHub/2D-to-3D-image-reconstruction/facescape_224/fsmview_trainset_15_6_jaw_right_36.jpg,0.0695793479681015,0.08664627373218536,0.017066925764083862,9.14663890376687,0.755317747592926,0.5718561410903931,0.5718561410903931,107.77282400005106,104.16750299998512,real_npy,0,1
1607,/mnt/c/Users/Chirayu/Documents/GitHub/2D-to-3D-image-reconstruction/facescape_224/fsmview_trainset_7_1_neutral_49.jpg,0.06193525716662407,0.05903085693717003,-0.0029044002294540405,5.798570062965155,0.5115065574645996,0.48789146542549133,0.48789146542549133,103.03004099995405,101.28393799999458,real_npy,0,0
1608,/mnt/c/Users/Chirayu/Documents/GitHub/2D-to-3D-image-reconstruction/facescape_224/fsmview_trainset_9_14_sadness_1.jpg,0.08060558140277863,0.08350605517625809,0.0029004737734794617,8.075724333524704,0.7204869389533997,0.38806235790252686,0.38806235790252686,105.7714310000506,109.89217399998097,real_npy,0,1
1609,/mnt/c/Users/Chirayu/Documents/GitHub/2D-to-3D-image-reconstruction/facescape_224/fsmview_trainset_2_1_neutral_4.jpg,0.14231395721435547,0.14371134340763092,0.0013973861932754517,8.665107272565365,0.7055131196975708,0.4617512822151184,0.4617512822151184,106.93895999997949,99.38473199997588,real_npy,0,1
1610,/mnt/c/Users/Chirayu/Documents/GitHub/2D-to-3D-image-reconstruction/facescape_224/fsmview_trainset_3_6_jaw_right_3.jpg,0.045731209218502045,0.043884191662073135,-0.0018470175564289093,7.129119694232941,0.6513379812240601,0.3685101866722107,0.3685101866722107,100.59479799997462,97.5864850000221,real_npy,0,1
1611,/mnt/c/Users/Chirayu/Documents/GitHub/2D-to-3D-image-reconstruction/facescape_224/fsmview_trainset_12_12_lip_puckerer_55.jpg,0.26818573474884033,0.2821756899356842,0.013989955186843872,7.984002690762281,0.6754050850868225,0.36664682626724243,0.36664682626724243,107.14631799999097,90.35304399998267,real_npy,0,1
1612,/mnt/c/Users/Chirayu/Documents/GitHub/2D-to-3D-image-reconstruction/facescape_224/fsmview_trainset_8_2_smile_49.jpg,0.4348641633987427,0.40113842487335205,-0.033725738525390625,7.296622909605503,0.6866809129714966,0.4817695915699005,0.4817695915699005,112.95399200002976,101.72038500002145,real_npy,0,1
1613,/mnt/c/Users/Chirayu/Documents/GitHub/2D-to-3D-image-reconstruction/facescape_224/fsmview_trainset_4_18_eye_closed_36.jpg,0.04906989634037018,0.04319184273481369,-0.005878053605556488,8.091170240193605,0.694658637046814,0.32511305809020996,0.32511305809020996,103.10361000000512,121.30039700002726,real_npy,0,1
1614,/mnt/c/Users/Chirayu/Documents/GitHub/2D-to-3D-image-reconstruction/facescape_224/fsmview_trainset_17_17_cheek_blowing_25.jpg,0.03857363387942314,0.29886433482170105,0.2602907009422779,12.159105399157852,1.1469686031341553,0.29924193024635315,0.29924193024635315,95.1010509999719,100.69725299996435,real_npy,0,1
1615,/mnt/c/Users/Chirayu/Documents/GitHub/2D-to-3D-image-reconstruction/facescape_224/fsmview_trainset_11_17_cheek_blowing_29.jpg,0.19304537773132324,0.21517150104045868,0.022126123309135437,9.34685156866908,0.8442561030387878,0.4196251928806305,0.4196251928806305,98.66612299998678,99.562436000042,real_npy,0,1
1616,/mnt/c/Users/Chirayu/Documents/GitHub/2D-to-3D-image-reconstruction/facescape_224/fsmview_trainset_10_4_anger_4.jpg,0.04392267018556595,0.05328073352575302,0.009358063340187073,7.562553375959396,0.6576606631278992,0.22303320467472076,0.22303320467472076,96.59406600002285,101.97395799997366,real_npy,0,1
1617,/mnt/c/Users/Chirayu/Documents/GitHub/2D-to-3D-image-reconstruction/facescape_224/fsmview_trainset_14_18_eye_closed_49.jpg,0.9332261681556702,0.8937838077545166,-0.039442360401153564,7.692907601594925,0.728696346282959,0.5499895215034485,0.5499895215034485,92.30302000003121,95.26128399994604,real_npy,0,1
1618,/mnt/c/Users/Chirayu/Documents/GitHub/2D-to-3D-image-reconstruction/facescape_224/fsmview_trainset_15_9_mouth_right_22.jpg,0.03490405157208443,0.035459768027067184,0.0005557164549827576,7.242127753794193,0.592778742313385,0.5148334503173828,0.5148334503173828,96.16454400003249,98.66804099999626,real_npy,0,1
1619,/mnt/c/Users/Chirayu/Documents/GitHub/2D-to-3D-image-reconstruction/facescape_224/fsmview_trainset_16_4_anger_55.jpg,0.07793024182319641,0.08483091741800308,0.006900675594806671,7.283616974949837,0.6774269938468933,0.3463006019592285,0.3463006019592285,102.08102900003269,107.99039099998708,real_npy,0,1
1620,/mnt/c/Users/Chirayu/Documents/GitHub/2D-to-3D-image-reconstruction/facescape_224/fsmview_trainset_19_17_cheek_blowing_33.jpg,0.0496879480779171,0.05048390105366707,0.0007959529757499695,8.607029237318784,0.7178073525428772,0.3201824426651001,0.3201824426651001,110.62410299996372,107.00041100000135,real_npy,0,1
1621,/mnt/c/Users/Chirayu/Documents/GitHub/2D-to-3D-image-reconstruction/facescape_224/fsmview_trainset_17_11_chin_raiser_19.jpg,0.0745551660656929,0.08088254928588867,0.00632738322019577,9.334397037979215,0.8195892572402954,0.33213716745376587,0.33213716745376587,115.46197399997027,94.32255799998757,real_npy,0,1
1622,/mnt/c/Users/Chirayu/Documents/GitHub/2D-to-3D-image-reconstruction/facescape_224/fsmview_trainset_12_6_jaw_right_23.jpg,0.15840426087379456,0.15751796960830688,-0.0008862912654876709,9.43817581422627,0.7699286937713623,0.5584649443626404,0.5584649443626404,105.56269100004556,101.91005100000439,real_npy,0,1
1623,/mnt/c/Users/Chirayu/Documents/GitHub/2D-to-3D-image-reconstruction/facescape_224/fsmview_trainset_1_12_lip_puckerer_52.jpg,0.10339530557394028,0.11088879406452179,0.0074934884905815125,7.821240194141865,0.7274508476257324,0.3085983693599701,0.3085983693599701,98.82223800002521,93.76373399999238,real_npy,0,1
1624,/mnt/c/Users/Chirayu/Documents/GitHub/2D-to-3D-image-reconstruction/facescape_224/fsmview_trainset_8_7_jaw_forward_40.jpg,0.16612057387828827,0.15315762162208557,-0.012962952256202698,6.904054969549179,0.6517921686172485,0.4896450340747833,0.4896450340747833,94.98414799998045,107.24802499998987,real_npy,0,1
1625,/mnt/c/Users/Chirayu/Documents/GitHub/2D-to-3D-image-reconstruction/facescape_224/fsmview_trainset_9_16_grin_1.jpg,0.07299362868070602,0.08172958344221115,0.008735954761505127,7.911920145153999,0.7372304201126099,0.39838871359825134,0.39838871359825134,91.43061899999338,105.38620099998752,real_npy,0,1
1626,/mnt/c/Users/Chirayu/Documents/GitHub/2D-to-3D-image-reconstruction/facescape_224/fsmview_trainset_5_3_mouth_stretch_31.jpg,0.04669947549700737,0.04784103110432625,0.0011415556073188782,7.366667777299881,0.7284513711929321,0.3236612379550934,0.3236612379550934,95.18997999998646,109.06340799999725,real_npy,0,1
1627,/mnt/c/Users/Chirayu/Documents/GitHub/2D-to-3D-image-reconstruction/facescape_224/fsmview_trainset_18_20_brow_lower_14.jpg,0.19429011642932892,0.185160294175148,-0.009129822254180908,6.486679054796696,0.6026859283447266,0.5098655819892883,0.5098655819892883,59.78270999997903,119.22829200000251,real_npy,0,0
1628,/mnt/c/Users/Chirayu/Documents/GitHub/2D-to-3D-image-reconstruction/facescape_224/fsmview_trainset_12_1_neutral_45.jpg,0.05181942880153656,0.04642246663570404,-0.0053969621658325195,8.977008955553174,0.7211649417877197,0.49286049604415894,0.49286049604415894,83.13860599997724,97.20240299998295,real_npy,0,1
1629,/mnt/c/Users/Chirayu/Documents/GitHub/2D-to-3D-image-reconstruction/facescape_224/fsmview_trainset_15_11_chin_raiser_49.jpg,0.09440288692712784,0.09155052155256271,-0.0028523653745651245,8.619289219379425,0.7161716222763062,0.6072128415107727,0.6072128415107727,112.02525099997729,103.32269099995983,real_npy,0,1
1630,/mnt/c/Users/Chirayu/Documents/GitHub/2D-to-3D-image-reconstruction/facescape_224/fsmview_trainset_4_17_cheek_blowing_26.jpg,0.15856586396694183,0.1683461219072342,0.009780257940292358,6.689308866858482,0.6064305901527405,0.5355777740478516,0.5355777740478516,97.40281799997774,93.16221500000665,real_npy,0,1
1631,/mnt/c/Users/Chirayu/Documents/GitHub/2D-to-3D-image-reconstruction/facescape_224/fsmview_trainset_5_1_neutral_49.jpg,0.4964179992675781,0.4686860144138336,-0.027731984853744507,6.994753733277321,0.6755484342575073,0.49288004636764526,0.49288004636764526,113.58979699997462,98.16945000000032,real_npy,0,1
1632,/mnt/c/Users/Chirayu/Documents/GitHub/2D-to-3D-image-reconstruction/facescape_224/fsmview_trainset_16_18_eye_closed_18.jpg,0.402077317237854,0.37752389907836914,-0.024553418159484863,6.789113014936447,0.6460098624229431,0.3963455259799957,0.3963455259799957,94.46211800002402,102.83442100001139,template_fallback,0,1
1633,/mnt/c/Users/Chirayu/Documents/GitHub/2D-to-3D-image-reconstruction/facescape_224/fsmview_trainset_3_18_eye_closed_14.jpg,0.03438670560717583,0.035431526601314545,0.0010448209941387177,7.969178022816777,0.688073456287384,0.404800146818161,0.404800146818161,107.3971089999759,106.73518400000148,real_npy,0,1
1634,/mnt/c/Users/Chirayu/Documents/GitHub/2D-to-3D-image-reconstruction/facescape_224/fsmview_trainset_3_17_cheek_blowing_53.jpg,0.08199464529752731,0.08332434296607971,0.0013296976685523987,8.106608733534813,0.6634167432785034,0.5288059711456299,0.5288059711456299,94.67213099998162,100.55673699997669,real_npy,0,1
1635,/mnt/c/Users/Chirayu/Documents/GitHub/2D-to-3D-image-reconstruction/facescape_224/fsmview_trainset_4_12_lip_puckerer_26.jpg,0.06562932580709457,0.06720925867557526,0.0015799328684806824,8.015597611665726,0.6934733986854553,0.39229443669319153,0.39229443669319153,103.6567329999798,105.05009600001358,real_npy,0,1
1636,/mnt/c/Users/Chirayu/Documents/GitHub/2D-to-3D-image-reconstruction/facescape_224/fsmview_trainset_19_4_anger_49.jpg,0.49400925636291504,0.4414539933204651,-0.05255526304244995,8.150910245254636,0.7624157667160034,0.3415050208568573,0.3415050208568573,110.9012000000007,94.34784699999454,real_npy,0,1
1637,/mnt/c/Users/Chirayu/Documents/GitHub/2D-to-3D-image-reconstruction/facescape_224/fsmview_trainset_8_19_brow_raiser_56.jpg,0.060469236224889755,0.06662548333406448,0.006156247109174728,8.449050888419151,0.7553784251213074,0.26997774839401245,0.26997774839401245,104.17730299997174,101.51138899999523,real_npy,0,1
1638,/mnt/c/Users/Chirayu/Documents/GitHub/2D-to-3D-image-reconstruction/facescape_224/fsmview_trainset_7_3_mouth_stretch_30.jpg,0.050970785319805145,0.050585802644491196,-0.0003849826753139496,7.684654718264937,0.7175487279891968,0.3513740301132202,0.3513740301132202,97.91229799998291,109.79172999998354,real_npy,0,1
1639,/mnt/c/Users/Chirayu/Documents/GitHub/2D-to-3D-image-reconstruction/facescape_224/fsmview_trainset_3_10_dimpler_24.jpg,0.04870311915874481,0.1555401235818863,0.10683700442314148,9.053967681713402,0.7859419584274292,0.43974724411964417,0.43974724411964417,93.54599099998495,107.28359300003376,real_npy,0,1
1640,/mnt/c/Users/Chirayu/Documents/GitHub/2D-to-3D-image-reconstruction/facescape_224/fsmview_trainset_16_16_grin_1.jpg,0.028437282890081406,0.03206174448132515,0.003624461591243744,7.721652241423726,0.6487458348274231,0.30660730600357056,0.30660730600357056,102.1527280000214,102.04357300000311,real_npy,0,1
1641,/mnt/c/Users/Chirayu/Documents/GitHub/2D-to-3D-image-reconstruction/facescape_224/fsmview_trainset_18_2_smile_9.jpg,0.0414285883307457,0.04471757262945175,0.0032889842987060547,8.156326748430729,0.6811132431030273,0.3343932032585144,0.3343932032585144,104.08177699997623,118.9534760000015,real_npy,0,1
1642,/mnt/c/Users/Chirayu/Documents/GitHub/2D-to-3D-image-reconstruction/facescape_224/fsmview_trainset_19_13_lip_funneler_32.jpg,0.10667948424816132,0.1110311821103096,0.004351697862148285,7.69042706489563,0.7378520965576172,0.1909056454896927,0.1909056454896927,103.2037929999774,102.51252400001931,real_npy,0,1
1643,/mnt/c/Users/Chirayu/Documents/GitHub/2D-to-3D-image-reconstruction/facescape_224/fsmview_trainset_10_10_dimpler_20.jpg,0.0512293316423893,0.05196121707558632,0.0007318854331970215,8.363471983931959,0.7365909814834595,0.33765193819999695,0.33765193819999695,99.58518899998126,98.61866099998906,real_npy,0,1
1644,/mnt/c/Users/Chirayu/Documents/GitHub/2D-to-3D-image-reconstruction/facescape_224/fsmview_trainset_6_3_mouth_stretch_33.jpg,0.1088564395904541,0.11001760512590408,0.0011611655354499817,7.229475323110819,0.6398903727531433,0.4594777226448059,0.4594777226448059,107.68433199996252,98.3790390000081,real_npy,0,1
1645,/mnt/c/Users/Chirayu/Documents/GitHub/2D-to-3D-image-reconstruction/facescape_224/fsmview_trainset_2_15_lip_roll_3.jpg,0.28120389580726624,0.2781771421432495,-0.0030267536640167236,8.309681987389922,0.7014849185943604,0.4668183922767639,0.4668183922767639,95.20529099995656,100.56757099999913,real_npy,0,1
1646,/mnt/c/Users/Chirayu/Documents/GitHub/2D-to-3D-image-reconstruction/facescape_224/fsmview_trainset_19_11_chin_raiser_41.jpg,0.10442712157964706,0.09520945698022842,-0.00921766459941864,7.820458844304085,0.6717181205749512,0.4107184410095215,0.4107184410095215,106.12785600000052,97.77499599999828,real_npy,0,1
1647,/mnt/c/Users/Chirayu/Documents/GitHub/2D-to-3D-image-reconstruction/facescape_224/fsmview_trainset_7_16_grin_38.jpg,0.05244931951165199,0.051256753504276276,-0.0011925660073757172,7.928829524666071,0.7372006773948669,0.41549456119537354,0.41549456119537354,116.41756100004841,99.66574999998556,real_npy,0,1
1648,/mnt/c/Users/Chirayu/Documents/GitHub/2D-to-3D-image-reconstruction/facescape_224/fsmview_trainset_8_5_jaw_left_3.jpg,0.08646123111248016,0.08845286071300507,0.0019916296005249023,8.180875808000565,0.7778393626213074,0.30537328124046326,0.30537328124046326,99.68853100002661,98.94925699995838,real_npy,0,1
1649,/mnt/c/Users/Chirayu/Documents/GitHub/2D-to-3D-image-reconstruction/facescape_224/fsmview_trainset_15_14_sadness_27.jpg,0.11835838854312897,0.1389302909374237,0.02057190239429474,7.147310810163617,0.6475690603256226,0.5514144897460938,0.5514144897460938,116.82862699996122,109.72391999996489,real_npy,0,1
1650,/mnt/c/Users/Chirayu/Documents/GitHub/2D-to-3D-image-reconstruction/facescape_224/fsmview_trainset_20_19_brow_raiser_47.jpg,0.08518479764461517,0.13942617177963257,0.054241374135017395,6.98662175796926,0.6814335584640503,0.6443142294883728,0.6443142294883728,111.53856999999334,83.84347100002287,real_npy,0,1
1651,/mnt/c/Users/Chirayu/Documents/GitHub/2D-to-3D-image-reconstruction/facescape_224/fsmview_trainset_2_4_anger_28.jpg,0.08930613845586777,0.10160309821367264,0.01229695975780487,7.905301570892334,0.6932256817817688,0.30793139338493347,0.30793139338493347,34.49609500000861,96.91065800001297,real_npy,0,1
1652,/mnt/c/Users/Chirayu/Documents/GitHub/2D-to-3D-image-reconstruction/facescape_224/fsmview_trainset_15_4_anger_66.jpg,0.4601934850215912,0.49994754791259766,0.03975406289100647,9.26673835515976,0.7755212783813477,0.4242895245552063,0.4242895245552063,109.49046600001111,49.972122999975,real_npy,0,1
1653,/mnt/c/Users/Chirayu/Documents/GitHub/2D-to-3D-image-reconstruction/facescape_224/fsmview_trainset_13_6_jaw_right_53.jpg,0.06658238917589188,0.06573832035064697,-0.0008440688252449036,8.710262945853174,0.7146847248077393,0.3575827181339264,0.3575827181339264,101.04992200001561,94.13935599997103,real_npy,0,1
1654,/mnt/c/Users/Chirayu/Documents/GitHub/2D-to-3D-image-reconstruction/facescape_224/fsmview_trainset_6_7_jaw_forward_3.jpg,0.04901320859789848,0.04457274451851845,-0.004440464079380035,8.256333954632282,0.6947281956672668,0.3349449932575226,0.3349449932575226,98.74111900001026,101.24525599997014,real_npy,0,1
1655,/mnt/c/Users/Chirayu/Documents/GitHub/2D-to-3D-image-reconstruction/facescape_224/fsmview_trainset_18_8_mouth_left_3.jpg,0.052708402276039124,0.05408582091331482,0.0013774186372756958,8.433061316609383,0.7632824778556824,0.45629990100860596,0.45629990100860596,113.2688929999972,103.27736699997558,real_npy,0,1
1656,/mnt/c/Users/Chirayu/Documents/GitHub/2D-to-3D-image-reconstruction/facescape_224/fsmview_trainset_2_13_lip_funneler_12.jpg,0.06928343325853348,0.08382655680179596,0.014543123543262482,8.267702033743262,0.742068350315094,0.32757997512817383,0.32757997512817383,88.60986099995216,111.1572410000008,real_npy,0,1
1657,/mnt/c/Users/Chirayu/Documents/GitHub/2D-to-3D-image-reconstruction/facescape_224/fsmview_trainset_19_7_jaw_forward_18.jpg,1.2560958862304688,1.235887885093689,-0.020208001136779785,8.689759567379951,0.7062223553657532,0.3799521028995514,0.3799521028995514,107.79114999996864,110.63601400002199,real_npy,0,1
1658,/mnt/c/Users/Chirayu/Documents/GitHub/2D-to-3D-image-reconstruction/facescape_224/fsmview_trainset_2_16_grin_55.jpg,0.09965430945158005,0.10735869407653809,0.007704384624958038,8.373242057859898,0.7402054071426392,0.4645407497882843,0.4645407497882843,96.77458700002717,104.5315179999875,real_npy,0,1
1659,/mnt/c/Users/Chirayu/Documents/GitHub/2D-to-3D-image-reconstruction/facescape_224/fsmview_trainset_19_16_grin_49.jpg,0.06719733774662018,0.07182950526475906,0.0046321675181388855,8.002221751958132,0.7366836071014404,0.31740710139274597,0.31740710139274597,102.63158099996872,98.6990029999788,real_npy,0,1
1660,/mnt/c/Users/Chirayu/Documents/GitHub/2D-to-3D-image-reconstruction/facescape_224/fsmview_trainset_5_18_eye_closed_23.jpg,0.03596341237425804,0.04285120591521263,0.00688779354095459,8.447862528264523,0.7608202695846558,0.3517540991306305,0.3517540991306305,84.23598500002072,96.32347799998797,real_npy,0,1
1661,/mnt/c/Users/Chirayu/Documents/GitHub/2D-to-3D-image-reconstruction/facescape_224/fsmview_trainset_19_11_chin_raiser_21.jpg,0.05585179477930069,0.05556720495223999,-0.00028458982706069946,8.618378460407257,0.680333137512207,0.3029739558696747,0.3029739558696747,103.76066599997102,105.63458399997216,real_npy,0,1
1662,/mnt/c/Users/Chirayu/Documents/GitHub/2D-to-3D-image-reconstruction/facescape_224/fsmview_trainset_13_5_jaw_left_21.jpg,0.14439119398593903,0.1394725888967514,-0.004918605089187622,7.594710178673267,0.6437951326370239,0.5499284267425537,0.5499284267425537,98.3253719999766,82.14321700000937,real_npy,0,1
1663,/mnt/c/Users/Chirayu/Documents/GitHub/2D-to-3D-image-reconstruction/facescape_224/fsmview_trainset_19_19_brow_raiser_4.jpg,0.08923811465501785,0.1050412505865097,0.015803135931491852,8.492099765688181,0.6843753457069397,0.20945337414741516,0.20945337414741516,107.69614499997715,97.22181300003285,real_npy,0,1
1664,/mnt/c/Users/Chirayu/Documents/GitHub/2D-to-3D-image-reconstruction/facescape_224/fsmview_trainset_9_10_dimpler_0.jpg,0.2386448234319687,0.228939950466156,-0.009704872965812683,6.958456762135029,0.6660379767417908,0.44344332814216614,0.44344332814216614,92.56188500000917,102.90290599999707,real_npy,0,1
1665,/mnt/c/Users/Chirayu/Documents/GitHub/2D-to-3D-image-reconstruction/facescape_224/fsmview_trainset_19_9_mouth_right_41.jpg,0.27770406007766724,0.31974679231643677,0.04204273223876953,7.3306905291974545,0.6358935832977295,0.5136441588401794,0.5136441588401794,101.85797899998761,106.09344199997395,real_npy,0,1
1666,/mnt/c/Users/Chirayu/Documents/GitHub/2D-to-3D-image-reconstruction/facescape_224/fsmview_trainset_12_11_chin_raiser_11.jpg,0.07974176108837128,0.084648497402668,0.004906736314296722,8.736527439206839,0.6584751009941101,0.507122278213501,0.507122278213501,105.71711099998993,103.21943100001363,real_npy,0,1
1667,/mnt/c/Users/Chirayu/Documents/GitHub/2D-to-3D-image-reconstruction/facescape_224/fsmview_trainset_3_11_chin_raiser_17.jpg,0.030181797221302986,0.03069193847477436,0.0005101412534713745,7.9970183204859495,0.684134840965271,0.22127023339271545,0.22127023339271545,112.00566499996967,96.85818899998822,real_npy,0,1
1668,/mnt/c/Users/Chirayu/Documents/GitHub/2D-to-3D-image-reconstruction/facescape_224/fsmview_trainset_20_11_chin_raiser_23.jpg,0.03635125234723091,0.038566406816244125,0.002215154469013214,7.518832467496395,0.6084465980529785,0.44771477580070496,0.44771477580070496,80.06244999995715,93.30990399996608,real_npy,0,1
1669,/mnt/c/Users/Chirayu/Documents/GitHub/2D-to-3D-image-reconstruction/facescape_224/fsmview_trainset_15_8_mouth_left_10.jpg,0.13680166006088257,0.19543465971946716,0.058632999658584595,9.343142576515675,0.7524763941764832,0.5800057053565979,0.5800057053565979,111.5879669999913,102.73698000003151,real_npy,0,1
1670,/mnt/c/Users/Chirayu/Documents/GitHub/2D-to-3D-image-reconstruction/facescape_224/fsmview_trainset_6_17_cheek_blowing_46.jpg,0.1851176917552948,0.18483470380306244,-0.00028298795223236084,8.325496263802052,0.7173666954040527,0.41802865266799927,0.41802865266799927,100.12995900001442,103.47884700001941,real_npy,0,1
1671,/mnt/c/Users/Chirayu/Documents/GitHub/2D-to-3D-image-reconstruction/facescape_224/fsmview_trainset_5_6_jaw_right_22.jpg,0.10248003154993057,0.14484676718711853,0.04236673563718796,7.084644518792629,0.6690489053726196,0.6015971302986145,0.6015971302986145,108.04692799996474,103.96715600001016,real_npy,0,1
1672,/mnt/c/Users/Chirayu/Documents/GitHub/2D-to-3D-image-reconstruction/facescape_224/fsmview_trainset_10_11_chin_raiser_1.jpg,0.028559571132063866,0.029594464227557182,0.0010348930954933167,7.790879415348172,0.6477562189102173,0.26380467414855957,0.26380467414855957,97.61517300000833,106.88884400002507,real_npy,0,1
1673,/mnt/c/Users/Chirayu/Documents/GitHub/2D-to-3D-image-reconstruction/facescape_224/fsmview_trainset_3_14_sadness_18.jpg,0.03637567535042763,0.04201027750968933,0.0056346021592617035,7.433293716982007,0.6279091835021973,0.389388769865036,0.389388769865036,113.13849099997242,49.31805900002928,real_npy,0,1
1674,/mnt/c/Users/Chirayu/Documents/GitHub/2D-to-3D-image-reconstruction/facescape_224/fsmview_trainset_11_16_grin_24.jpg,0.03762856125831604,0.04003743454813957,0.002408873289823532,7.957289606332779,0.6440005302429199,0.5208953619003296,0.5208953619003296,39.00184200000467,39.20524799997338,real_npy,0,1
1675,/mnt/c/Users/Chirayu/Documents/GitHub/2D-to-3D-image-reconstruction/facescape_224/fsmview_trainset_17_3_mouth_stretch_30.jpg,0.04633885994553566,0.048060767352581024,0.0017219074070453644,8.304531594738364,0.7196473479270935,0.30001288652420044,0.30001288652420044,37.400671999989754,99.43887500003257,real_npy,0,1
1676,/mnt/c/Users/Chirayu/Documents/GitHub/2D-to-3D-image-reconstruction/facescape_224/fsmview_trainset_15_3_mouth_stretch_63.jpg,0.09255895763635635,0.09411819279193878,0.001559235155582428,9.252043018117547,0.7741283774375916,0.477437287569046,0.477437287569046,27.165495000019746,24.52554600000667,real_npy,0,1
1677,/mnt/c/Users/Chirayu/Documents/GitHub/2D-to-3D-image-reconstruction/facescape_224/fsmview_trainset_7_20_brow_lower_27.jpg,0.043784357607364655,0.04295603558421135,-0.000828322023153305,8.389833189547062,0.6977282762527466,0.4203651547431946,0.4203651547431946,67.19312100000252,24.467669999978625,real_npy,0,1
1678,/mnt/c/Users/Chirayu/Documents/GitHub/2D-to-3D-image-reconstruction/facescape_224/fsmview_trainset_20_3_mouth_stretch_10.jpg,0.15154320001602173,0.15948066115379333,0.007937461137771606,7.7146986573934555,0.6952739953994751,0.5809574127197266,0.5809574127197266,27.64305300001979,29.2699999999968,real_npy,0,1
1679,/mnt/c/Users/Chirayu/Documents/GitHub/2D-to-3D-image-reconstruction/facescape_224/fsmview_trainset_13_19_brow_raiser_53.jpg,0.034909263253211975,0.03649786487221718,0.0015886016190052032,8.66380063071847,0.7102911472320557,0.35799673199653625,0.35799673199653625,31.17828599999939,39.44672000000082,real_npy,0,1
1680,/mnt/c/Users/Chirayu/Documents/GitHub/2D-to-3D-image-reconstruction/facescape_224/fsmview_trainset_5_1_neutral_7.jpg,0.036501575261354446,0.03891272470355034,0.0024111494421958923,7.849285364151001,0.6566098928451538,0.3696383833885193,0.3696383833885193,26.22827700002972,27.159992000008515,real_npy,0,1
1681,/mnt/c/Users/Chirayu/Documents/GitHub/2D-to-3D-image-reconstruction/facescape_224/fsmview_trainset_8_19_brow_raiser_40.jpg,0.17409087717533112,0.16667473316192627,-0.007416144013404846,6.509323537349701,0.6476442813873291,0.45872044563293457,0.45872044563293457,92.9264069999931,47.116291000008914,real_npy,0,1
1682,/mnt/c/Users/Chirayu/Documents/GitHub/2D-to-3D-image-reconstruction/facescape_224/fsmview_trainset_3_14_sadness_29.jpg,0.058261752128601074,0.061368733644485474,0.0031069815158843994,8.08893721550703,0.7091289758682251,0.2841546833515167,0.2841546833515167,31.563129000005574,29.31378099998483,real_npy,0,1
1683,/mnt/c/Users/Chirayu/Documents/GitHub/2D-to-3D-image-reconstruction/facescape_224/fsmview_trainset_19_19_brow_raiser_32.jpg,0.05620739236474037,0.061344776302576065,0.005137383937835693,8.087084047496319,0.7470824122428894,0.19163399934768677,0.19163399934768677,27.095470000006117,39.331724000021495,real_npy,0,1
1684,/mnt/c/Users/Chirayu/Documents/GitHub/2D-to-3D-image-reconstruction/facescape_224/fsmview_trainset_1_19_brow_raiser_40.jpg,0.23505420982837677,0.24906915426254272,0.014014944434165955,5.850354611873627,0.5518531203269958,0.5030946135520935,0.5030946135520935,37.969985000017914,25.121702000035384,real_npy,0,0
1685,/mnt/c/Users/Chirayu/Documents/GitHub/2D-to-3D-image-reconstruction/facescape_224/fsmview_trainset_3_13_lip_funneler_2.jpg,0.08142136037349701,0.09856178611516953,0.017140425741672516,8.25408174842596,0.7269822359085083,0.43191081285476685,0.43191081285476685,37.243977000002815,43.03617200002918,real_npy,0,1
1686,/mnt/c/Users/Chirayu/Documents/GitHub/2D-to-3D-image-reconstruction/facescape_224/fsmview_trainset_8_13_lip_funneler_46.jpg,0.04627588018774986,0.047986142337322235,0.0017102621495723724,7.510211355984211,0.7100698947906494,0.31900984048843384,0.31900984048843384,47.92605199997979,44.68212999995558,real_npy,0,1
1687,/mnt/c/Users/Chirayu/Documents/GitHub/2D-to-3D-image-reconstruction/facescape_224/fsmview_trainset_13_15_lip_roll_35.jpg,0.04175553098320961,0.045414675027132034,0.0036591440439224243,8.747607938945293,0.7633593678474426,0.32408758997917175,0.32408758997917175,41.54999900003986,33.64556399998264,real_npy,0,1
1688,/mnt/c/Users/Chirayu/Documents/GitHub/2D-to-3D-image-reconstruction/facescape_224/fsmview_trainset_11_12_lip_puckerer_49.jpg,0.16197095811367035,0.14942355453968048,-0.012547403573989868,8.357106812298298,0.7389072775840759,0.5891712307929993,0.5891712307929993,42.112278000047354,25.91328099998691,real_npy,0,1
1689,/mnt/c/Users/Chirayu/Documents/GitHub/2D-to-3D-image-reconstruction/facescape_224/fsmview_trainset_17_9_mouth_right_7.jpg,0.07692933082580566,0.09662265330553055,0.019693322479724884,8.273390740156174,0.6771430373191833,0.27886486053466797,0.27886486053466797,26.61795399995981,30.913451000003533,real_npy,0,1
1690,/mnt/c/Users/Chirayu/Documents/GitHub/2D-to-3D-image-reconstruction/facescape_224/fsmview_trainset_7_3_mouth_stretch_50.jpg,0.3027065098285675,0.2830665409564972,-0.019639968872070312,6.961841426789761,0.6701363325119019,0.5319845676422119,0.5319845676422119,85.03467799999953,123.76733000002105,real_npy,0,1
1691,/mnt/c/Users/Chirayu/Documents/GitHub/2D-to-3D-image-reconstruction/facescape_224/fsmview_trainset_15_17_cheek_blowing_11.jpg,0.1319686472415924,0.19080418348312378,0.05883553624153137,7.721184730529785,0.6540698409080505,0.5746158361434937,0.5746158361434937,107.91821100002608,118.779834999998,real_npy,0,1
1692,/mnt/c/Users/Chirayu/Documents/GitHub/2D-to-3D-image-reconstruction/facescape_224/fsmview_trainset_17_7_jaw_forward_28.jpg,0.04112837091088295,0.04038219153881073,-0.0007461793720722198,8.028665157034993,0.6844251751899719,0.2425636202096939,0.2425636202096939,108.51293700000042,94.85833700000512,real_npy,0,1
1693,/mnt/c/Users/Chirayu/Documents/GitHub/2D-to-3D-image-reconstruction/facescape_224/fsmview_trainset_13_19_brow_raiser_44.jpg,0.17951317131519318,0.19097426533699036,0.01146109402179718,7.793491132557392,0.6464513540267944,0.4032863676548004,0.4032863676548004,110.01442500003122,114.77090500000031,real_npy,0,1
1694,/mnt/c/Users/Chirayu/Documents/GitHub/2D-to-3D-image-reconstruction/facescape_224/fsmview_trainset_10_6_jaw_right_34.jpg,0.03840123862028122,0.8167834877967834,0.7783822491765022,19.015507448464632,1.8535538911819458,0.34138816595077515,0.34138816595077515,124.83481599997504,102.47740099998737,real_npy,0,1
1695,/mnt/c/Users/Chirayu/Documents/GitHub/2D-to-3D-image-reconstruction/facescape_224/fsmview_trainset_1_10_dimpler_20.jpg,0.043646007776260376,0.7626039981842041,0.7189579904079437,17.384062198922038,1.6269288063049316,0.3539868891239166,0.3539868891239166,101.88396500001318,97.84074100002726,real_npy,0,1
1696,/mnt/c/Users/Chirayu/Documents/GitHub/2D-to-3D-image-reconstruction/facescape_224/fsmview_trainset_6_16_grin_28.jpg,0.03238777816295624,0.03403301164507866,0.0016452334821224213,7.76766973733902,0.656627357006073,0.22270846366882324,0.22270846366882324,118.60577099997727,94.67736499999546,real_npy,0,1
1697,/mnt/c/Users/Chirayu/Documents/GitHub/2D-to-3D-image-reconstruction/facescape_224/fsmview_trainset_2_11_chin_raiser_28.jpg,0.042436663061380386,0.047528836876153946,0.00509217381477356,7.647522330284119,0.6440219879150391,0.2951582670211792,0.2951582670211792,103.09704099995542,97.70867500003533,real_npy,0,1
1698,/mnt/c/Users/Chirayu/Documents/GitHub/2D-to-3D-image-reconstruction/facescape_224/fsmview_trainset_5_19_brow_raiser_44.jpg,0.39929449558258057,0.4262532591819763,0.026958763599395752,6.670976474881172,0.6222591400146484,0.5047935247421265,0.5047935247421265,94.72498200000246,89.29462500003638,real_npy,0,1
1699,/mnt/c/Users/Chirayu/Documents/GitHub/2D-to-3D-image-reconstruction/facescape_224/fsmview_trainset_9_20_brow_lower_23.jpg,0.03564250469207764,0.03642311319708824,0.0007806085050106049,7.820131842046976,0.648216962814331,0.3072197139263153,0.3072197139263153,101.76142699998536,85.3691949999984,real_npy,0,1
1700,/mnt/c/Users/Chirayu/Documents/GitHub/2D-to-3D-image-reconstruction/facescape_224/fsmview_trainset_1_3_mouth_stretch_19.jpg,0.0427466444671154,0.043450210243463516,0.000703565776348114,7.943041541147977,0.6819981336593628,0.36156997084617615,0.36156997084617615,111.9877350000138,83.03169300000945,real_npy,0,1
1701,/mnt/c/Users/Chirayu/Documents/GitHub/2D-to-3D-image-reconstruction/facescape_224/fsmview_trainset_18_18_eye_closed_24.jpg,0.0729072168469429,0.07527832686901093,0.0023711100220680237,8.423661090433598,0.7111449241638184,0.5526324510574341,0.5526324510574341,111.57462900001747,107.12207199998147,real_npy,0,1
1702,/mnt/c/Users/Chirayu/Documents/GitHub/2D-to-3D-image-reconstruction/facescape_224/fsmview_trainset_12_10_dimpler_47.jpg,0.12506140768527985,0.12775836884975433,0.0026969611644744873,8.32384054735303,0.7211229205131531,0.49026694893836975,0.49026694893836975,90.5325240000252,98.85838100001365,real_npy,0,1
1703,/mnt/c/Users/Chirayu/Documents/GitHub/2D-to-3D-image-reconstruction/facescape_224/fsmview_trainset_18_18_eye_closed_0.jpg,0.2053966224193573,0.21158339083194733,0.006186768412590027,7.803255256265402,0.6487381458282471,0.3869752287864685,0.3869752287864685,103.35101000003988,104.71003800000744,real_npy,0,1
1704,/mnt/c/Users/Chirayu/Documents/GitHub/2D-to-3D-image-reconstruction/facescape_224/fsmview_trainset_19_8_mouth_left_32.jpg,0.12399546056985855,0.12287206947803497,-0.0011233910918235779,8.080330956727266,0.8003119230270386,0.20614781975746155,0.20614781975746155,89.64360499999202,84.14287499999773,real_npy,0,1
1705,/mnt/c/Users/Chirayu/Documents/GitHub/2D-to-3D-image-reconstruction/facescape_224/fsmview_trainset_2_10_dimpler_37.jpg,0.05477061867713928,0.05171011760830879,-0.00306050106883049,7.895478129386902,0.6807841658592224,0.42778480052948,0.42778480052948,115.9196450000195,103.21517800002766,real_npy,0,1
1706,/mnt/c/Users/Chirayu/Documents/GitHub/2D-to-3D-image-reconstruction/facescape_224/fsmview_trainset_15_5_jaw_left_48.jpg,0.1986774057149887,0.19971786439418793,0.0010404586791992188,7.334505926817656,0.7067403793334961,0.6428672671318054,0.6428672671318054,108.64638699996476,120.09894200002691,real_npy,0,1
1707,/mnt/c/Users/Chirayu/Documents/GitHub/2D-to-3D-image-reconstruction/facescape_224/fsmview_trainset_10_4_anger_16.jpg,0.04456241801381111,0.04720829054713249,0.0026458725333213806,7.732727020978928,0.6523913741111755,0.2869178056716919,0.2869178056716919,108.24975600002062,105.23761400003195,real_npy,0,1
1708,/mnt/c/Users/Chirayu/Documents/GitHub/2D-to-3D-image-reconstruction/facescape_224/fsmview_trainset_16_3_mouth_stretch_52.jpg,0.4937068223953247,0.4348154664039612,-0.058891355991363525,6.727405093610287,0.6201542019844055,0.41983404755592346,0.41983404755592346,88.50750099998095,102.90657000001602,real_npy,0,1
1709,/mnt/c/Users/Chirayu/Documents/GitHub/2D-to-3D-image-reconstruction/facescape_224/fsmview_trainset_16_6_jaw_right_43.jpg,0.04936712607741356,0.05255826190114021,0.003191135823726654,7.226766524836421,0.6011062860488892,0.29551154375076294,0.29551154375076294,102.62601299996277,74.37906499995961,real_npy,0,1
1710,/mnt/c/Users/Chirayu/Documents/GitHub/2D-to-3D-image-reconstruction/facescape_224/fsmview_trainset_19_14_sadness_22.jpg,0.0543399453163147,0.055046115070581436,0.0007061697542667389,9.15875895973295,0.7543750405311584,0.36718371510505676,0.36718371510505676,102.05403700001625,106.90816900000755,real_npy,0,1
1711,/mnt/c/Users/Chirayu/Documents/GitHub/2D-to-3D-image-reconstruction/facescape_224/fsmview_trainset_1_2_smile_2.jpg,0.05641571059823036,0.0535554438829422,-0.0028602667152881622,8.078380659222603,0.7210202813148499,0.34569522738456726,0.34569522738456726,101.58542499999612,91.18306899995332,real_npy,0,1
1712,/mnt/c/Users/Chirayu/Documents/GitHub/2D-to-3D-image-reconstruction/facescape_224/fsmview_trainset_3_9_mouth_right_34.jpg,0.0384756438434124,0.04072820395231247,0.00225256010890007,7.4903861954808235,0.6372061371803284,0.4376243054866791,0.4376243054866791,119.6541059999845,76.65902399998004,real_npy,0,1
1713,/mnt/c/Users/Chirayu/Documents/GitHub/2D-to-3D-image-reconstruction/facescape_224/fsmview_trainset_15_9_mouth_right_36.jpg,0.042240649461746216,0.04403732717037201,0.0017966777086257935,8.996246624737978,0.7283380627632141,0.557550847530365,0.557550847530365,87.41440699998293,103.03091500003347,real_npy,0,1
1714,/mnt/c/Users/Chirayu/Documents/GitHub/2D-to-3D-image-reconstruction/facescape_224/fsmview_trainset_16_3_mouth_stretch_37.jpg,0.057639025151729584,0.0595080591738224,0.0018690340220928192,8.851510778069496,0.7396827340126038,0.38423508405685425,0.38423508405685425,118.92247200000838,113.05071999998972,real_npy,0,1
1715,/mnt/c/Users/Chirayu/Documents/GitHub/2D-to-3D-image-reconstruction/facescape_224/fsmview_trainset_4_15_lip_roll_5.jpg,0.049059055745601654,0.0561661459505558,0.007107090204954147,8.47992080450058,0.6823933720588684,0.21671873331069946,0.21671873331069946,126.37536300002239,102.4846729999922,real_npy,0,1
1716,/mnt/c/Users/Chirayu/Documents/GitHub/2D-to-3D-image-reconstruction/facescape_224/fsmview_trainset_11_12_lip_puckerer_7.jpg,0.5855804085731506,0.5334314107894897,-0.05214899778366089,8.667576380074024,0.6766756772994995,0.5187508463859558,0.5187508463859558,102.51668499995503,96.67891399999462,template_fallback,0,1
1717,/mnt/c/Users/Chirayu/Documents/GitHub/2D-to-3D-image-reconstruction/facescape_224/fsmview_trainset_20_20_brow_lower_41.jpg,0.03766230121254921,0.039935652166604996,0.002273350954055786,7.689683821052313,0.6384498476982117,0.40409788489341736,0.40409788489341736,114.77069599999368,109.44783500002586,real_npy,0,1
1718,/mnt/c/Users/Chirayu/Documents/GitHub/2D-to-3D-image-reconstruction/facescape_224/fsmview_trainset_13_15_lip_roll_25.jpg,0.045833099633455276,0.0471361018717289,0.0013030022382736206,8.181117149069905,0.6407312154769897,0.40489962697029114,0.40489962697029114,92.62861100000919,102.95363699998461,real_npy,0,1
1719,/mnt/c/Users/Chirayu/Documents/GitHub/2D-to-3D-image-reconstruction/facescape_224/fsmview_trainset_14_5_jaw_left_44.jpg,0.09565337747335434,0.1120675578713417,0.016414180397987366,8.586292892694473,0.6744511127471924,0.5864871144294739,0.5864871144294739,100.9444110000004,109.33234000003722,real_npy,0,1
1720,/mnt/c/Users/Chirayu/Documents/GitHub/2D-to-3D-image-reconstruction/facescape_224/fsmview_trainset_18_10_dimpler_5.jpg,0.04907015338540077,0.047659702599048615,-0.0014104507863521576,8.695233115926385,0.7056491374969482,0.33198410272598267,0.33198410272598267,111.57442799998307,112.53385800000615,real_npy,0,1
1721,/mnt/c/Users/Chirayu/Documents/GitHub/2D-to-3D-image-reconstruction/facescape_224/fsmview_trainset_17_19_brow_raiser_27.jpg,0.05397907271981239,0.05114598199725151,-0.0028330907225608826,8.904149197041988,0.7363563776016235,0.3589394986629486,0.3589394986629486,123.89501900003097,130.93805500000144,real_npy,0,1
1722,/mnt/c/Users/Chirayu/Documents/GitHub/2D-to-3D-image-reconstruction/facescape_224/fsmview_trainset_2_18_eye_closed_8.jpg,0.05447482317686081,0.058438580483198166,0.003963757306337357,8.954487444832921,0.7629614472389221,0.44521355628967285,0.44521355628967285,37.808685000015885,30.50016899999264,real_npy,0,1
1723,/mnt/c/Users/Chirayu/Documents/GitHub/2D-to-3D-image-reconstruction/facescape_224/fsmview_trainset_1_10_dimpler_54.jpg,0.08963945508003235,0.44199660420417786,0.3523571491241455,15.314064398407936,1.4503670930862427,0.29634371399879456,0.29634371399879456,42.22134599996252,72.85708299997395,real_npy,0,1
1724,/mnt/c/Users/Chirayu/Documents/GitHub/2D-to-3D-image-reconstruction/facescape_224/fsmview_trainset_15_17_cheek_blowing_37.jpg,0.11507730185985565,0.13362188637256622,0.01854458451271057,9.095527006778866,0.7862730622291565,0.5680983066558838,0.5680983066558838,36.30539900001395,40.31585900003165,real_npy,0,1
1725,/mnt/c/Users/Chirayu/Documents/GitHub/2D-to-3D-image-reconstruction/facescape_224/fsmview_trainset_10_4_anger_50.jpg,0.07384901493787766,0.07696319371461868,0.003114178776741028,7.624639093875885,0.6366708874702454,0.37199148535728455,0.37199148535728455,70.7805369999619,49.194005000003926,real_npy,0,1
1726,/mnt/c/Users/Chirayu/Documents/GitHub/2D-to-3D-image-reconstruction/facescape_224/fsmview_trainset_2_19_brow_raiser_25.jpg,0.03930715471506119,0.04151139035820961,0.0022042356431484222,8.257481902837753,0.686298668384552,0.3710081875324249,0.3710081875324249,42.53415800002358,62.23226299999851,real_npy,0,1
1727,/mnt/c/Users/Chirayu/Documents/GitHub/2D-to-3D-image-reconstruction/facescape_224/fsmview_trainset_15_16_grin_15.jpg,0.10652387887239456,0.22461651265621185,0.11809263378381729,7.693702090531588,0.6921107172966003,0.6304647326469421,0.6304647326469421,66.96826700004976,62.499494999997296,real_npy,0,1
1728,/mnt/c/Users/Chirayu/Documents/GitHub/2D-to-3D-image-reconstruction/facescape_224/fsmview_trainset_14_7_jaw_forward_39.jpg,0.043060239404439926,0.05269196256995201,0.009631723165512085,8.117829751223326,0.7406903505325317,0.5650570392608643,0.5650570392608643,74.30413500003397,73.68198900002199,real_npy,0,1
1729,/mnt/c/Users/Chirayu/Documents/GitHub/2D-to-3D-image-reconstruction/facescape_224/fsmview_trainset_17_12_lip_puckerer_26.jpg,0.05677753686904907,0.05641600862145424,-0.0003615282475948334,8.430459152907133,0.7115362286567688,0.29369252920150757,0.29369252920150757,94.52030699998204,77.38934700000755,real_npy,0,1
1730,/mnt/c/Users/Chirayu/Documents/GitHub/2D-to-3D-image-reconstruction/facescape_224/fsmview_trainset_14_2_smile_62.jpg,0.04622497037053108,0.046611085534095764,0.000386115163564682,8.631093800067902,0.7615959048271179,0.4344956874847412,0.4344956874847412,81.1864460000038,76.29656300002807,real_npy,0,1
1731,/mnt/c/Users/Chirayu/Documents/GitHub/2D-to-3D-image-reconstruction/facescape_224/fsmview_trainset_8_8_mouth_left_35.jpg,0.039705902338027954,0.04066566750407219,0.0009597651660442352,7.948756791651249,0.6853792071342468,0.3016250431537628,0.3016250431537628,74.80459199996403,77.88161600001331,real_npy,0,1
1732,/mnt/c/Users/Chirayu/Documents/GitHub/2D-to-3D-image-reconstruction/facescape_224/fsmview_trainset_2_15_lip_roll_4.jpg,0.21466824412345886,0.21521148085594177,0.0005432367324829102,8.201619368046522,0.6794640421867371,0.4556165337562561,0.4556165337562561,88.1807540000068,79.4122070000185,real_npy,0,1
1733,/mnt/c/Users/Chirayu/Documents/GitHub/2D-to-3D-image-reconstruction/facescape_224/fsmview_trainset_7_10_dimpler_44.jpg,0.08443004637956619,0.09247956424951553,0.00804951786994934,8.08537045121193,0.750454843044281,0.4961385726928711,0.4961385726928711,76.14768100000902,53.18273400001772,real_npy,0,1
1734,/mnt/c/Users/Chirayu/Documents/GitHub/2D-to-3D-image-reconstruction/facescape_224/fsmview_trainset_1_4_anger_49.jpg,0.04704638570547104,0.25560250878334045,0.20855612307786942,10.137824153527617,1.001063346862793,0.38678890466690063,0.38678890466690063,68.87548299999935,86.92080200000873,real_npy,0,1
1735,/mnt/c/Users/Chirayu/Documents/GitHub/2D-to-3D-image-reconstruction/facescape_224/fsmview_trainset_13_12_lip_puckerer_15.jpg,0.05514555051922798,0.056343477219343185,0.0011979267001152039,8.608765072654933,0.7291550040245056,0.38717707991600037,0.38717707991600037,82.08848499998567,74.2601769999851,real_npy,0,1
1736,/mnt/c/Users/Chirayu/Documents/GitHub/2D-to-3D-image-reconstruction/facescape_224/fsmview_trainset_17_1_neutral_18.jpg,0.04837134853005409,0.049416761845350266,0.001045413315296173,9.047731208149344,0.7346279621124268,0.38671568036079407,0.38671568036079407,76.5173880000134,69.85471699999835,real_npy,0,1
1737,/mnt/c/Users/Chirayu/Documents/GitHub/2D-to-3D-image-reconstruction/facescape_224/fsmview_trainset_16_15_lip_roll_7.jpg,0.05840197205543518,0.07284094393253326,0.014438971877098083,8.293726857751608,0.710477888584137,0.2815633714199066,0.2815633714199066,65.02439199999799,64.10024100000555,real_npy,0,1
1738,/mnt/c/Users/Chirayu/Documents/GitHub/2D-to-3D-image-reconstruction/facescape_224/fsmview_trainset_1_7_jaw_forward_27.jpg,0.18602700531482697,0.1838252693414688,-0.0022017359733581543,7.578987777233124,0.7386670112609863,0.43389272689819336,0.43389272689819336,56.82411099996898,75.67425300004516,real_npy,0,1
1739,/mnt/c/Users/Chirayu/Documents/GitHub/2D-to-3D-image-reconstruction/facescape_224/fsmview_trainset_11_13_lip_funneler_45.jpg,0.05625840276479721,0.09637201577425003,0.04011361300945282,7.729906726628542,0.7103574275970459,0.6069839000701904,0.6069839000701904,50.90414999995119,54.57285599999295,real_npy,0,1
1740,/mnt/c/Users/Chirayu/Documents/GitHub/2D-to-3D-image-reconstruction/facescape_224/fsmview_trainset_20_11_chin_raiser_37.jpg,0.10999028384685516,0.12791156768798828,0.017921283841133118,8.491550516337156,0.76011061668396,0.5497754216194153,0.5497754216194153,64.84172200003968,58.78280199999608,real_npy,0,1
1741,/mnt/c/Users/Chirayu/Documents/GitHub/2D-to-3D-image-reconstruction/facescape_224/fsmview_trainset_19_16_grin_18.jpg,0.03768111392855644,0.043632179498672485,0.005951065570116043,8.232834898866713,0.6986232995986938,0.3112598657608032,0.3112598657608032,77.87657899996248,60.888771000009,real_npy,0,1
1742,/mnt/c/Users/Chirayu/Documents/GitHub/2D-to-3D-image-reconstruction/facescape_224/fsmview_trainset_11_14_sadness_53.jpg,0.5699450373649597,0.5551714301109314,-0.01477360725402832,6.4649558290839195,0.5733235478401184,0.6349747776985168,0.6349747776985168,47.49791799997638,64.32615500000338,real_npy,0,0
1743,/mnt/c/Users/Chirayu/Documents/GitHub/2D-to-3D-image-reconstruction/facescape_224/fsmview_trainset_13_6_jaw_right_7.jpg,0.0365554504096508,0.5262159705162048,0.48966052010655403,14.99445560760796,1.4097843170166016,0.35933637619018555,0.35933637619018555,62.4069259999942,71.11344500003725,real_npy,0,1
1744,/mnt/c/Users/Chirayu/Documents/GitHub/2D-to-3D-image-reconstruction/facescape_224/fsmview_trainset_3_10_dimpler_20.jpg,0.04832504317164421,0.050638146698474884,0.0023131035268306732,8.354928154964,0.688573956489563,0.393941730260849,0.393941730260849,53.83714599997802,46.561229000019466,real_npy,0,1
1745,/mnt/c/Users/Chirayu/Documents/GitHub/2D-to-3D-image-reconstruction/facescape_224/fsmview_trainset_14_19_brow_raiser_18.jpg,0.04635242000222206,0.04961440712213516,0.003261987119913101,7.9497573636472225,0.6556606292724609,0.5178270936012268,0.5178270936012268,59.74531000003935,62.09944200003292,real_npy,0,1
1746,/mnt/c/Users/Chirayu/Documents/GitHub/2D-to-3D-image-reconstruction/facescape_224/fsmview_trainset_6_6_jaw_right_22.jpg,0.10988592356443405,0.11954086273908615,0.0096549391746521,7.336081184446812,0.6606255769729614,0.49459847807884216,0.49459847807884216,68.15677699995604,65.61467800003129,real_npy,0,1
1747,/mnt/c/Users/Chirayu/Documents/GitHub/2D-to-3D-image-reconstruction/facescape_224/fsmview_trainset_7_5_jaw_left_10.jpg,0.04040083661675453,0.044823057949543,0.004422221332788467,7.712471567094326,0.6374806761741638,0.33648058772087097,0.33648058772087097,61.820558000022174,77.18322899995655,real_npy,0,1
1748,/mnt/c/Users/Chirayu/Documents/GitHub/2D-to-3D-image-reconstruction/facescape_224/fsmview_trainset_20_14_sadness_15.jpg,0.0825304239988327,0.0871448665857315,0.004614442586898804,7.688018575310707,0.7049184441566467,0.4260733723640442,0.4260733723640442,75.31876899997769,47.62645499999962,real_npy,0,1
1749,/mnt/c/Users/Chirayu/Documents/GitHub/2D-to-3D-image-reconstruction/facescape_224/fsmview_trainset_11_11_chin_raiser_32.jpg,0.037399377673864365,0.04074198380112648,0.0033426061272621155,8.292393108829856,0.6725059747695923,0.5286610126495361,0.5286610126495361,47.64328400000295,52.56055400002424,real_npy,0,1
1750,/mnt/c/Users/Chirayu/Documents/GitHub/2D-to-3D-image-reconstruction/facescape_224/fsmview_trainset_6_2_smile_11.jpg,0.22527161240577698,0.22878408432006836,0.003512471914291382,6.522977270185947,0.6182923316955566,0.544894278049469,0.544894278049469,56.36681299995416,71.28840600000785,real_npy,0,1
1751,/mnt/c/Users/Chirayu/Documents/GitHub/2D-to-3D-image-reconstruction/facescape_224/fsmview_trainset_14_19_brow_raiser_5.jpg,0.5333129167556763,0.40442970395088196,-0.1288832128047943,7.856691028922796,0.7578727006912231,0.6049557328224182,0.6049557328224182,68.98447499997928,73.04788599998346,template_fallback,0,1
1752,/mnt/c/Users/Chirayu/Documents/GitHub/2D-to-3D-image-reconstruction/facescape_224/fsmview_trainset_12_14_sadness_34.jpg,0.08411750942468643,0.10230396687984467,0.018186457455158234,9.103880742564797,0.7457565069198608,0.4833802580833435,0.4833802580833435,72.28492100000494,56.855214000052,real_npy,0,1
1753,/mnt/c/Users/Chirayu/Documents/GitHub/2D-to-3D-image-reconstruction/facescape_224/fsmview_trainset_9_6_jaw_right_53.jpg,0.049720071256160736,0.04719702526926994,-0.002523045986890793,7.678309291601181,0.6846624612808228,0.4659293591976166,0.4659293591976166,52.42851700000983,45.81639200000609,real_npy,0,1
1754,/mnt/c/Users/Chirayu/Documents/GitHub/2D-to-3D-image-reconstruction/facescape_224/fsmview_trainset_10_15_lip_roll_49.jpg,0.13672055304050446,0.11793619394302368,-0.018784359097480774,6.528871767222881,0.6407016515731812,0.36619406938552856,0.36619406938552856,75.7281670000225,41.72919800004138,real_npy,0,1
1755,/mnt/c/Users/Chirayu/Documents/GitHub/2D-to-3D-image-reconstruction/facescape_224/fsmview_trainset_7_11_chin_raiser_25.jpg,0.04403441771864891,0.04780485853552818,0.0037704408168792725,8.00116029381752,0.6591849327087402,0.32154691219329834,0.32154691219329834,66.95913999999448,80.93276300002117,real_npy,0,1
1756,/mnt/c/Users/Chirayu/Documents/GitHub/2D-to-3D-image-reconstruction/facescape_224/fsmview_trainset_2_8_mouth_left_56.jpg,0.1497027724981308,0.13787099719047546,-0.011831775307655334,8.526898801326752,0.7240570187568665,0.44615504145622253,0.44615504145622253,62.8965270000208,65.5569389999755,real_npy,0,1
1757,/mnt/c/Users/Chirayu/Documents/GitHub/2D-to-3D-image-reconstruction/facescape_224/fsmview_trainset_6_5_jaw_left_47.jpg,0.09958594292402267,0.10307879000902176,0.0034928470849990845,9.087625173386186,0.7875328660011292,0.43792277574539185,0.43792277574539185,70.64215600001944,75.80049199998484,real_npy,0,1
1758,/mnt/c/Users/Chirayu/Documents/GitHub/2D-to-3D-image-reconstruction/facescape_224/fsmview_trainset_3_17_cheek_blowing_55.jpg,0.07419668883085251,0.07188583165407181,-0.0023108571767807007,8.226399905979633,0.6809038519859314,0.3800329566001892,0.3800329566001892,72.59744899999987,50.700019000032626,real_npy,0,1
1759,/mnt/c/Users/Chirayu/Documents/GitHub/2D-to-3D-image-reconstruction/facescape_224/fsmview_trainset_14_6_jaw_right_9.jpg,0.11621125787496567,0.11221523582935333,-0.003996022045612335,8.091639399528503,0.6847754120826721,0.6083125472068787,0.6083125472068787,60.400348999962716,81.95326600002772,real_npy,0,1
1760,/mnt/c/Users/Chirayu/Documents/GitHub/2D-to-3D-image-reconstruction/facescape_224/fsmview_trainset_17_7_jaw_forward_50.jpg,0.5867831110954285,0.5628204345703125,-0.023962676525115967,7.818030029535294,0.730114221572876,0.44740617275238037,0.44740617275238037,97.09290600000031,48.61117699999795,real_npy,0,1
1761,/mnt/c/Users/Chirayu/Documents/GitHub/2D-to-3D-image-reconstruction/facescape_224/fsmview_trainset_9_18_eye_closed_38.jpg,0.04516148194670677,0.054015908390283585,0.008854426443576813,7.807937577366829,0.6718603372573853,0.39124128222465515,0.39124128222465515,80.83423300001868,68.20334199994704,real_npy,0,1
1762,/mnt/c/Users/Chirayu/Documents/GitHub/2D-to-3D-image-reconstruction/facescape_224/fsmview_trainset_13_8_mouth_left_7.jpg,0.09737822413444519,0.1231677383184433,0.025789514183998108,9.045681960880756,0.7771066427230835,0.3828546404838562,0.3828546404838562,62.671012000009796,58.10496300000523,real_npy,0,1
1763,/mnt/c/Users/Chirayu/Documents/GitHub/2D-to-3D-image-reconstruction/facescape_224/fsmview_trainset_1_11_chin_raiser_49.jpg,0.07059183716773987,0.12113192677497864,0.05054008960723877,7.021920625120401,0.6648196578025818,0.38198021054267883,0.38198021054267883,51.04951000004121,66.33977800004232,real_npy,0,1
1764,/mnt/c/Users/Chirayu/Documents/GitHub/2D-to-3D-image-reconstruction/facescape_224/fsmview_trainset_10_12_lip_puckerer_15.jpg,0.08945905417203903,0.09521691501140594,0.005757860839366913,7.331094577908516,0.6317875981330872,0.46386000514030457,0.46386000514030457,70.02472699997497,69.3109620000314,real_npy,0,1
1765,/mnt/c/Users/Chirayu/Documents/GitHub/2D-to-3D-image-reconstruction/facescape_224/fsmview_trainset_11_16_grin_14.jpg,0.19324645400047302,0.23184740543365479,0.03860095143318176,7.421464920043945,0.6378577351570129,0.5612156391143799,0.5612156391143799,65.1005920000216,62.86041599997816,real_npy,0,1
1766,/mnt/c/Users/Chirayu/Documents/GitHub/2D-to-3D-image-reconstruction/facescape_224/fsmview_trainset_18_16_grin_50.jpg,0.058353692293167114,0.05643486976623535,-0.0019188225269317627,8.724813275039196,0.726462185382843,0.45179125666618347,0.45179125666618347,75.1212029999806,66.56744499997558,real_npy,0,1
1767,/mnt/c/Users/Chirayu/Documents/GitHub/2D-to-3D-image-reconstruction/facescape_224/fsmview_trainset_9_5_jaw_left_40.jpg,0.1484014242887497,0.1627974510192871,0.014396026730537415,7.491878379136324,0.6529297232627869,0.42433732748031616,0.42433732748031616,59.90944100000206,56.89259299998639,real_npy,0,1
1768,/mnt/c/Users/Chirayu/Documents/GitHub/2D-to-3D-image-reconstruction/facescape_224/fsmview_trainset_9_16_grin_50.jpg,0.6503722667694092,0.6609048247337341,0.010532557964324951,6.559326987713575,0.6166161894798279,0.44848325848579407,0.44848325848579407,63.44977399999152,57.690481999998156,real_npy,0,1
1769,/mnt/c/Users/Chirayu/Documents/GitHub/2D-to-3D-image-reconstruction/facescape_224/fsmview_trainset_12_5_jaw_left_39.jpg,0.37499529123306274,0.36471107602119446,-0.010284215211868286,7.13349075615406,0.6494840979576111,0.4738568961620331,0.4738568961620331,70.68332100004682,58.860542999980225,real_npy,0,1
1770,/mnt/c/Users/Chirayu/Documents/GitHub/2D-to-3D-image-reconstruction/facescape_224/fsmview_trainset_11_19_brow_raiser_7.jpg,0.4964883625507355,0.41837602853775024,-0.07811233401298523,7.259012438356876,0.6762780547142029,0.5386918187141418,0.5386918187141418,56.44244100000151,70.38277899999912,template_fallback,0,1
1771,/mnt/c/Users/Chirayu/Documents/GitHub/2D-to-3D-image-reconstruction/facescape_224/fsmview_trainset_17_20_brow_lower_19.jpg,0.04762483388185501,0.04801255837082863,0.00038772448897361755,8.77196010435,0.7302520275115967,0.3351965844631195,0.3351965844631195,74.55497000000832,70.53930099999661,real_npy,0,1
1772,/mnt/c/Users/Chirayu/Documents/GitHub/2D-to-3D-image-reconstruction/facescape_224/fsmview_trainset_4_6_jaw_right_44.jpg,0.10064835101366043,0.09618113934993744,-0.004467211663722992,8.238831669092178,0.6848986148834229,0.3582218587398529,0.3582218587398529,66.95102799994856,65.13197599997511,real_npy,0,1
1773,/mnt/c/Users/Chirayu/Documents/GitHub/2D-to-3D-image-reconstruction/facescape_224/fsmview_trainset_5_17_cheek_blowing_19.jpg,0.04713474586606026,0.04920515790581703,0.002070412039756775,8.50561847165227,0.7193025946617126,0.3548870384693146,0.3548870384693146,62.30534600001647,70.46238599997423,real_npy,0,1
1774,/mnt/c/Users/Chirayu/Documents/GitHub/2D-to-3D-image-reconstruction/facescape_224/fsmview_trainset_17_9_mouth_right_11.jpg,0.13767582178115845,0.23402263224124908,0.09634681046009064,7.691145904362202,0.7169103622436523,0.604702889919281,0.604702889919281,63.50614400002996,97.0423320000009,real_npy,0,1
1775,/mnt/c/Users/Chirayu/Documents/GitHub/2D-to-3D-image-reconstruction/facescape_224/fsmview_trainset_9_16_grin_49.jpg,0.13504239916801453,0.14518827199935913,0.010145872831344604,6.021378643810749,0.5883408784866333,0.42709338665008545,0.42709338665008545,72.04369700002644,78.19005199996809,real_npy,0,0
1776,/mnt/c/Users/Chirayu/Documents/GitHub/2D-to-3D-image-reconstruction/facescape_224/fsmview_trainset_16_11_chin_raiser_7.jpg,0.04309959337115288,0.054738983511924744,0.011639390140771866,7.97604812681675,0.6872574687004089,0.26452091336250305,0.26452091336250305,76.55184800000825,81.3454650000267,real_npy,0,1
1777,/mnt/c/Users/Chirayu/Documents/GitHub/2D-to-3D-image-reconstruction/facescape_224/fsmview_trainset_1_17_cheek_blowing_51.jpg,0.17571797966957092,0.17421399056911469,-0.0015039891004562378,6.624191448092461,0.6743444800376892,0.3664606213569641,0.3664606213569641,65.65408500000558,63.16074500000468,real_npy,0,1
1778,/mnt/c/Users/Chirayu/Documents/GitHub/2D-to-3D-image-reconstruction/facescape_224/fsmview_trainset_16_16_grin_22.jpg,0.04806949570775032,0.047229621559381485,-0.0008398741483688354,9.109816492069513,0.7443533539772034,0.4054984152317047,0.4054984152317047,66.09386100001302,55.828142999985175,real_npy,0,1
1779,/mnt/c/Users/Chirayu/Documents/GitHub/2D-to-3D-image-reconstruction/facescape_224/fsmview_trainset_8_18_eye_closed_5.jpg,0.042206112295389175,0.04214978218078613,-5.63301146030426e-05,8.213186800479889,0.6991169452667236,0.23972831666469574,0.23972831666469574,56.783839999980046,84.22716900003024,real_npy,0,1
1780,/mnt/c/Users/Chirayu/Documents/GitHub/2D-to-3D-image-reconstruction/facescape_224/fsmview_trainset_18_19_brow_raiser_55.jpg,0.06870868057012558,0.06804538518190384,-0.0006632953882217407,8.162812635302544,0.7467540502548218,0.3786905109882355,0.3786905109882355,64.07083699997429,76.47080300000653,real_npy,0,1
1781,/mnt/c/Users/Chirayu/Documents/GitHub/2D-to-3D-image-reconstruction/facescape_224/fsmview_trainset_18_14_sadness_17.jpg,0.04011603444814682,0.043869685381650925,0.0037536509335041046,8.12212648242712,0.6958820223808289,0.3848530352115631,0.3848530352115631,74.66021100003672,56.046275000028345,real_npy,0,1
1782,/mnt/c/Users/Chirayu/Documents/GitHub/2D-to-3D-image-reconstruction/facescape_224/fsmview_trainset_14_3_mouth_stretch_32.jpg,0.04024355113506317,0.03877830132842064,-0.0014652498066425323,6.908114431425929,0.7123823761940002,0.43066227436065674,0.43066227436065674,63.019746000009036,59.99148000000787,real_npy,0,1
1783,/mnt/c/Users/Chirayu/Documents/GitHub/2D-to-3D-image-reconstruction/facescape_224/fsmview_trainset_9_7_jaw_forward_33.jpg,0.18705108761787415,0.1803339272737503,-0.00671716034412384,6.954676900058985,0.6517136096954346,0.4495311379432678,0.4495311379432678,74.12441700000727,70.70955400001822,real_npy,0,1
1784,/mnt/c/Users/Chirayu/Documents/GitHub/2D-to-3D-image-reconstruction/facescape_224/fsmview_trainset_13_14_sadness_45.jpg,0.14141616225242615,0.15268737077713013,0.01127120852470398,7.796519733965397,0.651799738407135,0.40482982993125916,0.40482982993125916,67.0946729999855,55.88124199999811,real_npy,0,1
1785,/mnt/c/Users/Chirayu/Documents/GitHub/2D-to-3D-image-reconstruction/facescape_224/fsmview_trainset_13_19_brow_raiser_47.jpg,0.06879418343305588,0.07979694753885269,0.011002764105796814,8.619028005748987,0.7109444737434387,0.322360634803772,0.322360634803772,63.77027299998872,57.811641999990115,real_npy,0,1
1786,/mnt/c/Users/Chirayu/Documents/GitHub/2D-to-3D-image-reconstruction/facescape_224/fsmview_trainset_17_9_mouth_right_26.jpg,0.03658811375498772,0.03711043298244476,0.0005223192274570465,8.168313354253769,0.6829262971878052,0.2906171679496765,0.2906171679496765,57.04068400001461,44.010389999982635,real_npy,0,1
1787,/mnt/c/Users/Chirayu/Documents/GitHub/2D-to-3D-image-reconstruction/facescape_224/fsmview_trainset_14_11_chin_raiser_11.jpg,0.07991594821214676,0.12828600406646729,0.048370055854320526,7.520417295396328,0.619304895401001,0.5459933280944824,0.5459933280944824,77.93340300003138,56.417401000032896,real_npy,0,1
1788,/mnt/c/Users/Chirayu/Documents/GitHub/2D-to-3D-image-reconstruction/facescape_224/fsmview_trainset_13_12_lip_puckerer_40.jpg,0.08470005542039871,0.0796988382935524,-0.0050012171268463135,8.45519994571805,0.7178876996040344,0.3978155553340912,0.3978155553340912,70.1104419999865,59.5853350000084,real_npy,0,1
1789,/mnt/c/Users/Chirayu/Documents/GitHub/2D-to-3D-image-reconstruction/facescape_224/fsmview_trainset_19_10_dimpler_42.jpg,0.0842113345861435,0.09001167118549347,0.005800336599349976,8.384634800255299,0.7636494040489197,0.44497835636138916,0.44497835636138916,61.19008699999995,61.76126600001908,real_npy,0,1
1790,/mnt/c/Users/Chirayu/Documents/GitHub/2D-to-3D-image-reconstruction/facescape_224/fsmview_trainset_6_7_jaw_forward_36.jpg,0.10571407526731491,0.11397415399551392,0.008260078728199005,7.696688994765282,0.6953341364860535,0.31718626618385315,0.31718626618385315,77.84759700001587,54.606078000006164,real_npy,0,1
1791,/mnt/c/Users/Chirayu/Documents/GitHub/2D-to-3D-image-reconstruction/facescape_224/fsmview_trainset_10_14_sadness_43.jpg,0.027013543993234634,0.03126898407936096,0.0042554400861263275,7.500036463141441,0.6248171329498291,0.2583155632019043,0.2583155632019043,72.71884200002887,48.049542999990535,real_npy,0,1
1792,/mnt/c/Users/Chirayu/Documents/GitHub/2D-to-3D-image-reconstruction/facescape_224/fsmview_trainset_6_11_chin_raiser_6.jpg,0.03578640893101692,0.04144321382045746,0.0056568048894405365,8.285437293350697,0.7033990621566772,0.28550365567207336,0.28550365567207336,71.99221799999123,63.01811700001281,real_npy,0,1
1793,/mnt/c/Users/Chirayu/Documents/GitHub/2D-to-3D-image-reconstruction/facescape_224/fsmview_trainset_8_3_mouth_stretch_1.jpg,0.035242050886154175,0.0376664400100708,0.002424389123916626,7.40816137380898,0.6998429894447327,0.19922089576721191,0.19922089576721191,59.65563000000884,52.012294999997266,real_npy,0,1
1794,/mnt/c/Users/Chirayu/Documents/GitHub/2D-to-3D-image-reconstruction/facescape_224/fsmview_trainset_19_12_lip_puckerer_40.jpg,0.07767994701862335,0.08511260151863098,0.007432654500007629,9.263695567846298,0.7653544545173645,0.3764226734638214,0.3764226734638214,63.79019899998184,77.7450159999944,real_npy,0,1
1795,/mnt/c/Users/Chirayu/Documents/GitHub/2D-to-3D-image-reconstruction/facescape_224/fsmview_trainset_6_1_neutral_39.jpg,0.16247089207172394,0.16166454553604126,-0.0008063465356826782,7.0470390021800995,0.6634346842765808,0.40550392866134644,0.40550392866134644,60.313075000010485,60.6582400000093,real_npy,0,1
1796,/mnt/c/Users/Chirayu/Documents/GitHub/2D-to-3D-image-reconstruction/facescape_224/fsmview_trainset_3_15_lip_roll_35.jpg,0.03947446495294571,0.039555929601192474,8.146464824676514e-05,7.88914879783988,0.6373797059059143,0.4279470145702362,0.4279470145702362,70.25286200001801,59.120154000027014,real_npy,0,1
1797,/mnt/c/Users/Chirayu/Documents/GitHub/2D-to-3D-image-reconstruction/facescape_224/fsmview_trainset_14_4_anger_59.jpg,0.04385407269001007,0.04643676057457924,0.002582687884569168,7.017789393663406,0.6198065876960754,0.2830141484737396,0.2830141484737396,74.23826799998778,74.926032999997,real_npy,0,1
1798,/mnt/c/Users/Chirayu/Documents/GitHub/2D-to-3D-image-reconstruction/facescape_224/fsmview_trainset_18_20_brow_lower_52.jpg,0.27888721227645874,0.2926715016365051,0.013784289360046387,6.628108724951744,0.6710857152938843,0.4583785831928253,0.4583785831928253,68.16832900000236,62.21910800002206,real_npy,0,1
1799,/mnt/c/Users/Chirayu/Documents/GitHub/2D-to-3D-image-reconstruction/facescape_224/fsmview_trainset_20_14_sadness_25.jpg,0.05646435171365738,0.06386563181877136,0.007401280105113983,7.9951662961393595,0.7327472567558289,0.4842313230037689,0.4842313230037689,76.67483400001629,57.72502899998244,real_npy,0,1
1800,/mnt/c/Users/Chirayu/Documents/GitHub/2D-to-3D-image-reconstruction/facescape_224/fsmview_trainset_17_16_grin_7.jpg,0.08770300447940826,0.1074315533041954,0.01972854882478714,8.31524571403861,0.6944131851196289,0.28533297777175903,0.28533297777175903,52.54988000001504,50.13837300003843,real_npy,0,1
1801,/mnt/c/Users/Chirayu/Documents/GitHub/2D-to-3D-image-reconstruction/facescape_224/fsmview_trainset_12_10_dimpler_28.jpg,0.37309420108795166,0.4557343125343323,0.08264011144638062,7.389869915321469,0.7177785038948059,0.49185237288475037,0.49185237288475037,67.89602300000297,68.36119100000815,real_npy,0,1
1802,/mnt/c/Users/Chirayu/Documents/GitHub/2D-to-3D-image-reconstruction/facescape_224/fsmview_trainset_1_20_brow_lower_5.jpg,0.1005951538681984,0.11373963207006454,0.01314447820186615,7.875785514712334,0.6975508332252502,0.2747936546802521,0.2747936546802521,73.4417769999709,61.65815499997507,real_npy,0,1
1803,/mnt/c/Users/Chirayu/Documents/GitHub/2D-to-3D-image-reconstruction/facescape_224/fsmview_trainset_13_9_mouth_right_7.jpg,0.11045308411121368,0.13512232899665833,0.02466924488544464,6.554343443363905,0.5974788069725037,0.5085467100143433,0.5085467100143433,56.046091999974124,59.641354999996565,real_npy,0,1
1804,/mnt/c/Users/Chirayu/Documents/GitHub/2D-to-3D-image-reconstruction/facescape_224/fsmview_trainset_9_4_anger_55.jpg,0.06968969851732254,0.07344430685043335,0.0037546083331108093,7.73066209256649,0.6987026929855347,0.37578511238098145,0.37578511238098145,68.45782499999586,67.82375500000626,real_npy,0,1
1805,/mnt/c/Users/Chirayu/Documents/GitHub/2D-to-3D-image-reconstruction/facescape_224/fsmview_trainset_5_17_cheek_blowing_33.jpg,0.10230587422847748,0.10501163452863693,0.0027057603001594543,8.115485828369856,0.6798479557037354,0.5003518462181091,0.5003518462181091,58.21109099997557,57.54258799998979,real_npy,0,1
1806,/mnt/c/Users/Chirayu/Documents/GitHub/2D-to-3D-image-reconstruction/facescape_224/fsmview_trainset_16_17_cheek_blowing_50.jpg,0.08749622851610184,0.09297297149896622,0.00547674298286438,7.813432261347771,0.6422727108001709,0.43844151496887207,0.43844151496887207,59.82855799999243,60.51848599997811,real_npy,0,1
1807,/mnt/c/Users/Chirayu/Documents/GitHub/2D-to-3D-image-reconstruction/facescape_224/fsmview_trainset_6_17_cheek_blowing_21.jpg,0.039114054292440414,0.04308885708451271,0.003974802792072296,7.910214848816395,0.688811719417572,0.27514129877090454,0.27514129877090454,52.55808300000808,55.092199999990044,real_npy,0,1
1808,/mnt/c/Users/Chirayu/Documents/GitHub/2D-to-3D-image-reconstruction/facescape_224/fsmview_trainset_12_13_lip_funneler_19.jpg,0.038138579577207565,0.0393378920853138,0.0011993125081062317,8.048463441431522,0.6763849854469299,0.47179749608039856,0.47179749608039856,77.44507600000361,59.14978100003054,real_npy,0,1
1809,/mnt/c/Users/Chirayu/Documents/GitHub/2D-to-3D-image-reconstruction/facescape_224/fsmview_trainset_13_10_dimpler_31.jpg,0.03966363146901131,0.041692640632390976,0.002029009163379669,7.981131203472614,0.6802066564559937,0.3433820307254791,0.3433820307254791,56.72513499996512,48.13124499997912,real_npy,0,1
1810,/mnt/c/Users/Chirayu/Documents/GitHub/2D-to-3D-image-reconstruction/facescape_224/fsmview_trainset_7_12_lip_puckerer_44.jpg,0.10016197711229324,0.09405957907438278,-0.006102398037910461,7.138285428285599,0.6510663032531738,0.5162855982780457,0.5162855982780457,61.83788900000309,61.37760800004344,real_npy,0,1
1811,/mnt/c/Users/Chirayu/Documents/GitHub/2D-to-3D-image-reconstruction/facescape_224/fsmview_trainset_8_8_mouth_left_50.jpg,0.052476540207862854,0.05059995502233505,-0.0018765851855278015,8.359337218105793,0.6997756958007812,0.3246881067752838,0.3246881067752838,60.46357299999272,49.01977299999771,real_npy,0,1
1812,/mnt/c/Users/Chirayu/Documents/GitHub/2D-to-3D-image-reconstruction/facescape_224/fsmview_trainset_3_8_mouth_left_2.jpg,0.05546651780605316,0.058801159262657166,0.003334641456604004,8.753582648932934,0.7586683034896851,0.4456835687160492,0.4456835687160492,54.005122999967625,44.347892000018874,real_npy,0,1
1813,/mnt/c/Users/Chirayu/Documents/GitHub/2D-to-3D-image-reconstruction/facescape_224/fsmview_trainset_10_15_lip_roll_39.jpg,0.2167196422815323,0.20698486268520355,-0.009734779596328735,7.80746628344059,0.7221985459327698,0.4941965639591217,0.4941965639591217,72.15968999997813,57.03211600001623,real_npy,0,1
1814,/mnt/c/Users/Chirayu/Documents/GitHub/2D-to-3D-image-reconstruction/facescape_224/fsmview_trainset_12_12_lip_puckerer_47.jpg,0.11474651843309402,0.11262481659650803,-0.0021217018365859985,8.85982859134674,0.7308370471000671,0.5257537961006165,0.5257537961006165,52.15443000003006,106.88875499999995,real_npy,0,1
1815,/mnt/c/Users/Chirayu/Documents/GitHub/2D-to-3D-image-reconstruction/facescape_224/fsmview_trainset_19_20_brow_lower_0.jpg,0.05331261828541756,0.04911097511649132,-0.004201643168926239,7.7451594062149525,0.6535598039627075,0.3019801080226898,0.3019801080226898,77.04557400001022,53.474708000010196,real_npy,0,1
1816,/mnt/c/Users/Chirayu/Documents/GitHub/2D-to-3D-image-reconstruction/facescape_224/fsmview_trainset_3_7_jaw_forward_36.jpg,0.10606221109628677,0.12111406028270721,0.01505184918642044,7.7367632277309895,0.6945036053657532,0.38454052805900574,0.38454052805900574,72.09184399999913,54.9985099999617,real_npy,0,1
1817,/mnt/c/Users/Chirayu/Documents/GitHub/2D-to-3D-image-reconstruction/facescape_224/fsmview_trainset_19_11_chin_raiser_11.jpg,0.057323358952999115,0.06388628482818604,0.00656292587518692,8.467533331364393,0.7126569151878357,0.3316936194896698,0.3316936194896698,69.62638900000684,48.41442800000095,real_npy,0,1
1818,/mnt/c/Users/Chirayu/Documents/GitHub/2D-to-3D-image-reconstruction/facescape_224/fsmview_trainset_9_3_mouth_stretch_55.jpg,0.06860402226448059,0.06705672293901443,-0.001547299325466156,8.111330918967724,0.7807744145393372,0.346608430147171,0.346608430147171,56.72139000000698,48.12283699999398,real_npy,0,1
1819,/mnt/c/Users/Chirayu/Documents/GitHub/2D-to-3D-image-reconstruction/facescape_224/fsmview_trainset_13_8_mouth_left_9.jpg,0.7189648151397705,0.6598138213157654,-0.05915099382400513,6.3931998908519745,0.6144904494285583,0.4578377306461334,0.4578377306461334,60.229112000001805,59.36478299997816,real_npy,0,0
1820,/mnt/c/Users/Chirayu/Documents/GitHub/2D-to-3D-image-reconstruction/facescape_224/fsmview_trainset_20_8_mouth_left_8.jpg,0.11218401789665222,0.09515059739351273,-0.017033420503139496,8.199896428734064,0.7382506728172302,0.5416762828826904,0.5416762828826904,54.10800899994683,84.92238799999541,real_npy,0,1
1821,/mnt/c/Users/Chirayu/Documents/GitHub/2D-to-3D-image-reconstruction/facescape_224/fsmview_trainset_18_10_dimpler_10.jpg,0.09465956687927246,0.09346957504749298,-0.00118999183177948,7.943164177238941,0.7024677395820618,0.42981764674186707,0.42981764674186707,62.20608000000993,55.32419299998992,real_npy,0,1
1822,/mnt/c/Users/Chirayu/Documents/GitHub/2D-to-3D-image-reconstruction/facescape_224/fsmview_trainset_17_13_lip_funneler_36.jpg,0.22538459300994873,0.23814095556735992,0.012756362557411194,7.493893012404442,0.6494731307029724,0.358848512172699,0.358848512172699,56.29088800003501,60.72520499998291,real_npy,0,1
1823,/mnt/c/Users/Chirayu/Documents/GitHub/2D-to-3D-image-reconstruction/facescape_224/fsmview_trainset_19_19_brow_raiser_48.jpg,0.06698433309793472,0.06990338116884232,0.0029190480709075928,8.199118178337812,0.7417042851448059,0.3275727331638336,0.3275727331638336,70.61097099995095,86.58399600000166,real_npy,0,1
1824,/mnt/c/Users/Chirayu/Documents/GitHub/2D-to-3D-image-reconstruction/facescape_224/fsmview_trainset_16_12_lip_puckerer_27.jpg,0.276991069316864,0.234998419880867,-0.04199264943599701,6.862256783992052,0.6115567088127136,0.4610345959663391,0.4610345959663391,60.742687000015394,67.78938200000084,real_npy,0,1
1825,/mnt/c/Users/Chirayu/Documents/GitHub/2D-to-3D-image-reconstruction/facescape_224/fsmview_trainset_17_7_jaw_forward_14.jpg,0.03819355368614197,0.2493571639060974,0.21116361021995544,10.688219689298421,0.9190639853477478,0.37541648745536804,0.37541648745536804,66.57264099999338,55.61798200000112,real_npy,0,1
1826,/mnt/c/Users/Chirayu/Documents/GitHub/2D-to-3D-image-reconstruction/facescape_224/fsmview_trainset_19_20_brow_lower_15.jpg,0.5044734477996826,0.47411519289016724,-0.03035825490951538,7.177010577172041,0.6371660828590393,0.4349569082260132,0.4349569082260132,77.86973399998942,63.58999599996196,real_npy,0,1
1827,/mnt/c/Users/Chirayu/Documents/GitHub/2D-to-3D-image-reconstruction/facescape_224/fsmview_trainset_5_8_mouth_left_13.jpg,0.04764094203710556,0.044387705624103546,-0.003253236413002014,8.025675717741251,0.6608008146286011,0.404448539018631,0.404448539018631,88.92040399996404,61.53102799999033,real_npy,0,1
1828,/mnt/c/Users/Chirayu/Documents/GitHub/2D-to-3D-image-reconstruction/facescape_224/fsmview_trainset_7_14_sadness_14.jpg,0.029563819989562035,0.03156653046607971,0.0020027104765176773,8.252106331288815,0.6857762336730957,0.4369637072086334,0.4369637072086334,68.64407000000483,62.6419490000103,real_npy,0,1
1829,/mnt/c/Users/Chirayu/Documents/GitHub/2D-to-3D-image-reconstruction/facescape_224/fsmview_trainset_7_5_jaw_left_46.jpg,0.08030924946069717,0.07945176959037781,-0.0008574798703193665,7.680460296571255,0.6510431170463562,0.4874545633792877,0.4874545633792877,76.31406299998389,68.6969930000032,real_npy,0,1
1830,/mnt/c/Users/Chirayu/Documents/GitHub/2D-to-3D-image-reconstruction/facescape_224/fsmview_trainset_2_3_mouth_stretch_4.jpg,0.141783207654953,0.15910421311855316,0.01732100546360016,8.62264296412468,0.7283533811569214,0.4503595232963562,0.4503595232963562,59.373951999987185,74.22207299998718,real_npy,0,1
1831,/mnt/c/Users/Chirayu/Documents/GitHub/2D-to-3D-image-reconstruction/facescape_224/fsmview_trainset_12_18_eye_closed_53.jpg,0.07090938836336136,0.08247718960046768,0.011567801237106323,9.276998345274478,0.7654678821563721,0.4652829170227051,0.4652829170227051,65.92312300000458,53.21371399998043,real_npy,0,1
1832,/mnt/c/Users/Chirayu/Documents/GitHub/2D-to-3D-image-reconstruction/facescape_224/fsmview_trainset_8_7_jaw_forward_44.jpg,0.11150377243757248,0.11487695574760437,0.003373183310031891,9.236440047621727,0.7867870330810547,0.3156079053878784,0.3156079053878784,74.96181199996954,48.09986899999785,real_npy,0,1
1833,/mnt/c/Users/Chirayu/Documents/GitHub/2D-to-3D-image-reconstruction/facescape_224/fsmview_trainset_11_13_lip_funneler_40.jpg,0.040375273674726486,0.04471229016780853,0.0043370164930820465,8.105935141444206,0.6687499284744263,0.4596843123435974,0.4596843123435974,81.50454599996237,49.138381999966896,real_npy,0,1
1834,/mnt/c/Users/Chirayu/Documents/GitHub/2D-to-3D-image-reconstruction/facescape_224/fsmview_trainset_8_12_lip_puckerer_36.jpg,0.03895145282149315,0.03941977024078369,0.0004683174192905426,7.540042571723461,0.6351546049118042,0.2877025008201599,0.2877025008201599,83.95212199997104,67.44350399998211,real_npy,0,1
1835,/mnt/c/Users/Chirayu/Documents/GitHub/2D-to-3D-image-reconstruction/facescape_224/fsmview_trainset_7_2_smile_5.jpg,0.036090731620788574,0.037728652358055115,0.0016379207372665405,7.7096597626805305,0.6500091552734375,0.39298784732818604,0.39298784732818604,50.99481700000297,55.379017000007025,real_npy,0,1
1836,/mnt/c/Users/Chirayu/Documents/GitHub/2D-to-3D-image-reconstruction/facescape_224/fsmview_trainset_17_18_eye_closed_18.jpg,0.04386097937822342,0.04377379268407822,-8.718669414520264e-05,8.765388790518045,0.7216334939002991,0.38539376854896545,0.38539376854896545,62.01125600000523,54.87346899997192,real_npy,0,1
1837,/mnt/c/Users/Chirayu/Documents/GitHub/2D-to-3D-image-reconstruction/facescape_224/fsmview_trainset_7_17_cheek_blowing_1.jpg,0.06320161372423172,0.06149536743760109,-0.0017062462866306305,8.1973658464849,0.6699694395065308,0.43652063608169556,0.43652063608169556,63.59556299997848,56.41438399999288,real_npy,0,1
1838,/mnt/c/Users/Chirayu/Documents/GitHub/2D-to-3D-image-reconstruction/facescape_224/fsmview_trainset_13_2_smile_30.jpg,0.6519976258277893,0.6459791660308838,-0.006018459796905518,5.954288396984339,0.5218775272369385,0.49228936433792114,0.49228936433792114,124.81979000000365,61.678765999999996,real_npy,0,0
1839,/mnt/c/Users/Chirayu/Documents/GitHub/2D-to-3D-image-reconstruction/facescape_224/fsmview_trainset_2_13_lip_funneler_6.jpg,0.17806245386600494,0.18431366980075836,0.006251215934753418,8.380570471286774,0.7023994326591492,0.39459332823753357,0.39459332823753357,52.05901899995524,73.80347299999812,real_npy,0,1
1840,/mnt/c/Users/Chirayu/Documents/GitHub/2D-to-3D-image-reconstruction/facescape_224/fsmview_trainset_17_11_chin_raiser_29.jpg,0.06107804924249649,0.06643135100603104,0.005353301763534546,8.459575028158724,0.717995822429657,0.2520471513271332,0.2520471513271332,65.22359100000585,77.0304929999952,real_npy,0,1
1841,/mnt/c/Users/Chirayu/Documents/GitHub/2D-to-3D-image-reconstruction/facescape_224/fsmview_trainset_11_9_mouth_right_59.jpg,0.6751696467399597,0.6825357675552368,0.0073661208152771,7.211100768297911,0.6822333931922913,0.5148533582687378,0.5148533582687378,123.43806699999504,63.78385200002867,real_npy,0,1
1842,/mnt/c/Users/Chirayu/Documents/GitHub/2D-to-3D-image-reconstruction/facescape_224/fsmview_trainset_8_12_lip_puckerer_51.jpg,0.04186857491731644,0.04154577851295471,-0.00032279640436172485,8.255536649376154,0.6776596307754517,0.32468098402023315,0.32468098402023315,62.17295300001524,60.35219200003894,real_npy,0,1
1843,/mnt/c/Users/Chirayu/Documents/GitHub/2D-to-3D-image-reconstruction/facescape_224/fsmview_trainset_12_10_dimpler_18.jpg,0.1195337325334549,0.11636096984148026,-0.00317276269197464,8.009509958326817,0.7099910378456116,0.4384739100933075,0.4384739100933075,53.72744499999271,59.6037820000106,real_npy,0,1
1844,/mnt/c/Users/Chirayu/Documents/GitHub/2D-to-3D-image-reconstruction/facescape_224/fsmview_trainset_15_20_brow_lower_29.jpg,0.27219298481941223,0.3583384156227112,0.08614543080329895,7.812403824180365,0.6557350158691406,0.4058074951171875,0.4058074951171875,58.446669999966616,46.49847199999613,real_npy,0,1
1845,/mnt/c/Users/Chirayu/Documents/GitHub/2D-to-3D-image-reconstruction/facescape_224/fsmview_trainset_12_17_cheek_blowing_47.jpg,0.03225314989686012,0.03384606912732124,0.0015929192304611206,8.206009648740292,0.7009851932525635,0.435801237821579,0.435801237821579,71.39879999999721,55.39829400004237,real_npy,0,1
1846,/mnt/c/Users/Chirayu/Documents/GitHub/2D-to-3D-image-reconstruction/facescape_224/fsmview_trainset_5_18_eye_closed_45.jpg,0.24025417864322662,0.2299753874540329,-0.010278791189193726,7.218498229980469,0.6758123636245728,0.4809514582157135,0.4809514582157135,84.5624699999803,49.91187900003524,real_npy,0,1
1847,/mnt/c/Users/Chirayu/Documents/GitHub/2D-to-3D-image-reconstruction/facescape_224/fsmview_trainset_11_3_mouth_stretch_40.jpg,0.47282129526138306,0.4162445664405823,-0.05657672882080078,7.978272907435894,0.7418990731239319,0.563362717628479,0.563362717628479,66.49041800000077,67.21786700001076,real_npy,0,1
1848,/mnt/c/Users/Chirayu/Documents/GitHub/2D-to-3D-image-reconstruction/facescape_224/fsmview_trainset_14_4_anger_42.jpg,0.2503480315208435,0.2590623199939728,0.008714288473129272,7.260928377509117,0.6418979167938232,0.5037559270858765,0.5037559270858765,61.35320399999955,50.08410499999627,real_npy,0,1
1849,/mnt/c/Users/Chirayu/Documents/GitHub/2D-to-3D-image-reconstruction/facescape_224/fsmview_trainset_6_13_lip_funneler_20.jpg,0.05880264192819595,0.05979190021753311,0.0009892582893371582,9.141953678801656,0.7586336135864258,0.3867645561695099,0.3867645561695099,57.2032079999758,51.06102799999235,real_npy,0,1
1850,/mnt/c/Users/Chirayu/Documents/GitHub/2D-to-3D-image-reconstruction/facescape_224/fsmview_trainset_5_15_lip_roll_38.jpg,0.04556981474161148,0.05020805820822716,0.004638243466615677,7.3169538006186485,0.6875367760658264,0.36840102076530457,0.36840102076530457,51.963948999969034,56.99168799998233,real_npy,0,1
1851,/mnt/c/Users/Chirayu/Documents/GitHub/2D-to-3D-image-reconstruction/facescape_224/fsmview_trainset_4_19_brow_raiser_36.jpg,0.053031496703624725,0.04508723318576813,-0.007944263517856598,8.094380088150501,0.6771853566169739,0.3231187164783478,0.3231187164783478,58.49677599996994,56.78375100001176,real_npy,0,1
1852,/mnt/c/Users/Chirayu/Documents/GitHub/2D-to-3D-image-reconstruction/facescape_224/fsmview_trainset_7_6_jaw_right_11.jpg,0.2787144184112549,10.405274391174316,10.126559972763062,65.23730517178774,11.420324325561523,0.2732016444206238,0.2732016444206238,50.20207400002619,46.85384399999748,real_npy,1,1
1853,/mnt/c/Users/Chirayu/Documents/GitHub/2D-to-3D-image-reconstruction/facescape_224/fsmview_trainset_11_19_brow_raiser_41.jpg,0.04795146733522415,0.048807136714458466,0.000855669379234314,8.086396638303995,0.6496797800064087,0.46795615553855896,0.46795615553855896,49.68628799997532,45.47336500002075,real_npy,0,1
1854,/mnt/c/Users/Chirayu/Documents/GitHub/2D-to-3D-image-reconstruction/facescape_224/fsmview_trainset_11_3_mouth_stretch_52.jpg,1.00906503200531,0.9781283140182495,-0.030936717987060547,8.057789880782366,0.6550374627113342,0.49558302760124207,0.49558302760124207,54.31006699996033,58.27620500002695,real_npy,0,1
1855,/mnt/c/Users/Chirayu/Documents/GitHub/2D-to-3D-image-reconstruction/facescape_224/fsmview_trainset_19_19_brow_raiser_30.jpg,0.04064667969942093,0.04319186881184578,0.0025451891124248505,8.182892458513379,0.6609498858451843,0.27326318621635437,0.27326318621635437,48.99585200001866,56.83094499994468,real_npy,0,1
1856,/mnt/c/Users/Chirayu/Documents/GitHub/2D-to-3D-image-reconstruction/facescape_224/fsmview_trainset_11_5_jaw_left_66.jpg,0.3613590896129608,0.3917861580848694,0.03042706847190857,8.15541922301054,0.6949970126152039,0.5056476593017578,0.5056476593017578,69.61972100003777,53.044026000009126,real_npy,0,1
1857,/mnt/c/Users/Chirayu/Documents/GitHub/2D-to-3D-image-reconstruction/facescape_224/fsmview_trainset_6_19_brow_raiser_9.jpg,0.053007110953330994,0.04894443228840828,-0.004062678664922714,8.488456899300218,0.7166118621826172,0.292632520198822,0.292632520198822,63.384203999987676,60.06119800002807,real_npy,0,1
1858,/mnt/c/Users/Chirayu/Documents/GitHub/2D-to-3D-image-reconstruction/facescape_224/fsmview_trainset_7_2_smile_8.jpg,0.038258109241724014,0.040651410818099976,0.0023933015763759613,8.0874212551862,0.6582529544830322,0.3816886842250824,0.3816886842250824,53.34773200002019,54.98416500000758,real_npy,0,1
1859,/mnt/c/Users/Chirayu/Documents/GitHub/2D-to-3D-image-reconstruction/facescape_224/fsmview_trainset_11_4_anger_36.jpg,0.06935831159353256,0.07659920305013657,0.007240891456604004,9.568366534542292,0.7953283190727234,0.5406748056411743,0.5406748056411743,62.41189600001462,54.928216000007524,real_npy,0,1
1860,/mnt/c/Users/Chirayu/Documents/GitHub/2D-to-3D-image-reconstruction/facescape_224/fsmview_trainset_16_1_neutral_41.jpg,0.08983798325061798,0.07787112891674042,-0.011966854333877563,7.690058842301369,0.7298682332038879,0.4698890447616577,0.4698890447616577,53.89246400000047,53.851976000032664,real_npy,0,1
1861,/mnt/c/Users/Chirayu/Documents/GitHub/2D-to-3D-image-reconstruction/facescape_224/fsmview_trainset_18_9_mouth_right_1.jpg,0.032740555703639984,0.03393740579485893,0.0011968500912189484,7.822783324867487,0.6340334415435791,0.3324936330318451,0.3324936330318451,52.551725000000715,48.94338700000844,real_npy,0,1
1862,/mnt/c/Users/Chirayu/Documents/GitHub/2D-to-3D-image-reconstruction/facescape_224/fsmview_trainset_15_3_mouth_stretch_58.jpg,0.057429902255535126,0.058401696383953094,0.0009717941284179688,8.479245327413082,0.7786531448364258,0.47116684913635254,0.47116684913635254,56.33986800000912,54.6244370000295,real_npy,0,1
1863,/mnt/c/Users/Chirayu/Documents/GitHub/2D-to-3D-image-reconstruction/facescape_224/fsmview_trainset_14_3_mouth_stretch_11.jpg,0.11509857326745987,0.13700872659683228,0.021910153329372406,7.15732903778553,0.6197186708450317,0.5515748858451843,0.5515748858451843,48.80688499997632,54.95531700000811,real_npy,0,1
1864,/mnt/c/Users/Chirayu/Documents/GitHub/2D-to-3D-image-reconstruction/facescape_224/fsmview_trainset_4_5_jaw_left_39.jpg,0.20517243444919586,0.19795995950698853,-0.007212474942207336,8.141527578234673,0.7451271414756775,0.37953686714172363,0.37953686714172363,51.14957600000025,50.59707300000582,real_npy,0,1
1865,/mnt/c/Users/Chirayu/Documents/GitHub/2D-to-3D-image-reconstruction/facescape_224/fsmview_trainset_6_8_mouth_left_20.jpg,0.047590985894203186,0.04821627214550972,0.0006252862513065338,8.938528096303344,0.7773691415786743,0.3790956139564514,0.3790956139564514,43.38885299995354,64.94563799998332,real_npy,0,1
1866,/mnt/c/Users/Chirayu/Documents/GitHub/2D-to-3D-image-reconstruction/facescape_224/fsmview_trainset_2_5_jaw_left_8.jpg,0.04886353760957718,0.04407910630106926,-0.004784431308507919,8.967007810249925,0.7486952543258667,0.4468036890029907,0.4468036890029907,67.5706009999999,63.48015700001497,real_npy,0,1
1867,/mnt/c/Users/Chirayu/Documents/GitHub/2D-to-3D-image-reconstruction/facescape_224/fsmview_trainset_18_2_smile_0.jpg,0.15128056704998016,0.1660107672214508,0.014730200171470642,8.043083496391773,0.6712538599967957,0.38096174597740173,0.38096174597740173,82.90940899996713,76.18797499998209,real_npy,0,1
1868,/mnt/c/Users/Chirayu/Documents/GitHub/2D-to-3D-image-reconstruction/facescape_224/fsmview_trainset_3_6_jaw_right_17.jpg,0.030528251081705093,0.0311739481985569,0.0006456971168518066,8.03713770583272,0.6830922961235046,0.34381788969039917,0.34381788969039917,50.240329000018846,52.18015899998818,real_npy,0,1
1869,/mnt/c/Users/Chirayu/Documents/GitHub/2D-to-3D-image-reconstruction/facescape_224/fsmview_trainset_17_9_mouth_right_49.jpg,0.6751930117607117,0.6214455366134644,-0.053747475147247314,7.884889706969261,0.6743212342262268,0.46025052666664124,0.46025052666664124,59.044444999983625,50.61058500001536,real_npy,0,1
1870,/mnt/c/Users/Chirayu/Documents/GitHub/2D-to-3D-image-reconstruction/facescape_224/fsmview_trainset_20_5_jaw_left_7.jpg,0.6985804438591003,0.718496561050415,0.019916117191314697,6.871052414178848,0.6624712944030762,0.47712308168411255,0.47712308168411255,45.87683800002651,46.89426299995603,real_npy,0,1
1871,/mnt/c/Users/Chirayu/Documents/GitHub/2D-to-3D-image-reconstruction/facescape_224/fsmview_trainset_10_11_chin_raiser_23.jpg,0.04371226578950882,0.043914780020713806,0.00020251423120498657,8.385443020612001,0.700873613357544,0.34923213720321655,0.34923213720321655,47.644289999993816,49.47074899996551,real_npy,0,1
1872,/mnt/c/Users/Chirayu/Documents/GitHub/2D-to-3D-image-reconstruction/facescape_224/fsmview_trainset_20_19_brow_raiser_42.jpg,0.22977444529533386,0.23703418672084808,0.007259741425514221,7.7639022916555405,0.650759756565094,0.46903613209724426,0.46903613209724426,56.25890599998229,63.76908900000444,real_npy,0,1
1873,/mnt/c/Users/Chirayu/Documents/GitHub/2D-to-3D-image-reconstruction/facescape_224/fsmview_trainset_14_8_mouth_left_53.jpg,0.8826102018356323,0.8710311055183411,-0.01157909631729126,7.780674047768116,0.6685931086540222,0.5532858371734619,0.5532858371734619,51.54897099998834,50.96739600003275,real_npy,0,1
1874,/mnt/c/Users/Chirayu/Documents/GitHub/2D-to-3D-image-reconstruction/facescape_224/fsmview_trainset_11_4_anger_40.jpg,0.03998532146215439,0.94400554895401,0.9040202274918556,21.263057053089142,2.1599385738372803,0.46576693654060364,0.46576693654060364,57.54114600000548,54.09961500004101,real_npy,0,1
1875,/mnt/c/Users/Chirayu/Documents/GitHub/2D-to-3D-image-reconstruction/facescape_224/fsmview_trainset_2_12_lip_puckerer_21.jpg,0.03310922160744667,0.03388549014925957,0.0007762685418128967,8.007316634058952,0.7266567945480347,0.3468519449234009,0.3468519449234009,50.969892000011896,48.493683000003784,real_npy,0,1
1876,/mnt/c/Users/Chirayu/Documents/GitHub/2D-to-3D-image-reconstruction/facescape_224/fsmview_trainset_16_18_eye_closed_2.jpg,0.0526258610188961,0.05477432534098625,0.002148464322090149,8.112127620726824,0.697799026966095,0.350004643201828,0.350004643201828,57.43410499997026,68.00266299995883,real_npy,0,1
1877,/mnt/c/Users/Chirayu/Documents/GitHub/2D-to-3D-image-reconstruction/facescape_224/fsmview_trainset_4_2_smile_25.jpg,0.06647167354822159,0.06319072842597961,-0.003280945122241974,7.836269833147526,0.6940679550170898,0.3832114040851593,0.3832114040851593,68.68467900000041,46.57246800002213,real_npy,0,1
1878,/mnt/c/Users/Chirayu/Documents/GitHub/2D-to-3D-image-reconstruction/facescape_224/fsmview_trainset_4_4_anger_6.jpg,0.03751370683312416,0.04001356661319733,0.002499859780073166,8.292088769376278,0.6938643455505371,0.21757762134075165,0.21757762134075165,68.25042899998834,66.30608700004359,real_npy,0,1
1879,/mnt/c/Users/Chirayu/Documents/GitHub/2D-to-3D-image-reconstruction/facescape_224/fsmview_trainset_2_15_lip_roll_41.jpg,1.1542770862579346,1.042948603630066,-0.11132848262786865,7.604824023321271,0.7314072251319885,0.3957884609699249,0.3957884609699249,52.01771600002303,58.442814999978054,real_npy,0,1
1880,/mnt/c/Users/Chirayu/Documents/GitHub/2D-to-3D-image-reconstruction/facescape_224/fsmview_trainset_14_9_mouth_right_5.jpg,0.4378669857978821,0.3858601152896881,-0.05200687050819397,7.87801256030798,0.7856811881065369,0.6513743996620178,0.6513743996620178,59.281955000017206,51.89315100000158,template_fallback,0,1
1881,/mnt/c/Users/Chirayu/Documents/GitHub/2D-to-3D-image-reconstruction/facescape_224/fsmview_trainset_17_12_lip_puckerer_15.jpg,0.059919729828834534,0.0631396621465683,0.0032199323177337646,8.348212586715817,0.7006298303604126,0.3533381223678589,0.3533381223678589,60.51742599998988,48.233404999962204,real_npy,0,1
1882,/mnt/c/Users/Chirayu/Documents/GitHub/2D-to-3D-image-reconstruction/facescape_224/fsmview_trainset_12_6_jaw_right_19.jpg,0.7516602277755737,0.7843292355537415,0.032669007778167725,8.455639511346817,0.7552285194396973,0.5354450941085815,0.5354450941085815,53.69574100001273,54.99470399996653,real_npy,0,1
1883,/mnt/c/Users/Chirayu/Documents/GitHub/2D-to-3D-image-reconstruction/facescape_224/fsmview_trainset_10_18_eye_closed_50.jpg,0.05722043663263321,0.05965143069624901,0.002430994063615799,8.009416595101357,0.6646673679351807,0.37658432126045227,0.37658432126045227,66.7873930000269,65.78114799998502,real_npy,0,1
1884,/mnt/c/Users/Chirayu/Documents/GitHub/2D-to-3D-image-reconstruction/facescape_224/fsmview_trainset_6_19_brow_raiser_1.jpg,0.06366164237260818,0.06673632562160492,0.0030746832489967346,7.915800057351589,0.7366565465927124,0.37100428342819214,0.37100428342819214,51.9247670000027,47.080790999984856,real_npy,0,1
1885,/mnt/c/Users/Chirayu/Documents/GitHub/2D-to-3D-image-reconstruction/facescape_224/fsmview_trainset_11_19_brow_raiser_60.jpg,0.6483913064002991,0.6390446424484253,-0.00934666395187378,6.980333223938942,0.6469742655754089,0.5022578835487366,0.5022578835487366,45.57394400001158,47.55037000001039,real_npy,0,1
1886,/mnt/c/Users/Chirayu/Documents/GitHub/2D-to-3D-image-reconstruction/facescape_224/fsmview_trainset_12_9_mouth_right_17.jpg,0.12703837454319,0.14220789074897766,0.015169516205787659,7.751731485128403,0.6596246957778931,0.45620492100715637,0.45620492100715637,68.45762300002889,46.37255699998377,real_npy,0,1
1887,/mnt/c/Users/Chirayu/Documents/GitHub/2D-to-3D-image-reconstruction/facescape_224/fsmview_trainset_6_4_anger_7.jpg,0.04379957541823387,0.051040247082710266,0.007240671664476395,8.20120383054018,0.7417086958885193,0.25858673453330994,0.25858673453330994,51.91289599997617,62.013492999994924,real_npy,0,1
1888,/mnt/c/Users/Chirayu/Documents/GitHub/2D-to-3D-image-reconstruction/facescape_224/fsmview_trainset_3_18_eye_closed_44.jpg,0.18651126325130463,0.18710465729236603,0.0005933940410614014,7.278476886451244,0.6310383677482605,0.4503845274448395,0.4503845274448395,59.60318900002903,44.392442999992454,real_npy,0,1
1889,/mnt/c/Users/Chirayu/Documents/GitHub/2D-to-3D-image-reconstruction/facescape_224/fsmview_trainset_12_14_sadness_39.jpg,0.06553725898265839,0.06840961426496506,0.002872355282306671,8.59962497651577,0.7187119722366333,0.47808146476745605,0.47808146476745605,54.07002099997271,72.72601299996495,real_npy,0,1
1890,/mnt/c/Users/Chirayu/Documents/GitHub/2D-to-3D-image-reconstruction/facescape_224/fsmview_trainset_17_1_neutral_26.jpg,0.04199882224202156,0.040970753878355026,-0.0010280683636665344,8.711100998334587,0.7415412664413452,0.2971358895301819,0.2971358895301819,51.26201599995284,44.64888299997938,real_npy,0,1
1891,/mnt/c/Users/Chirayu/Documents/GitHub/2D-to-3D-image-reconstruction/facescape_224/fsmview_trainset_4_10_dimpler_54.jpg,0.0410747230052948,0.04213948920369148,0.0010647661983966827,8.214382782578468,0.6954866051673889,0.19823533296585083,0.19823533296585083,48.152669999979025,44.63466400000016,real_npy,0,1
1892,/mnt/c/Users/Chirayu/Documents/GitHub/2D-to-3D-image-reconstruction/facescape_224/fsmview_trainset_18_17_cheek_blowing_8.jpg,0.0470866896212101,0.0567096471786499,0.009622957557439804,8.029313743114471,0.6846818327903748,0.30006253719329834,0.30006253719329834,59.56225599999243,49.07781200000727,real_npy,0,1
1893,/mnt/c/Users/Chirayu/Documents/GitHub/2D-to-3D-image-reconstruction/facescape_224/fsmview_trainset_15_19_brow_raiser_8.jpg,1.1036169528961182,1.0687024593353271,-0.034914493560791016,8.83459909632802,0.7562596797943115,0.562049925327301,0.562049925327301,54.941281000026265,56.39294200000222,real_npy,0,1
1894,/mnt/c/Users/Chirayu/Documents/GitHub/2D-to-3D-image-reconstruction/facescape_224/fsmview_trainset_2_5_jaw_left_23.jpg,0.04260944575071335,0.07802195847034454,0.035412512719631195,7.071850882843137,0.7085735201835632,0.3599454462528229,0.3599454462528229,58.683463999955165,51.41372500003172,real_npy,0,1
1895,/mnt/c/Users/Chirayu/Documents/GitHub/2D-to-3D-image-reconstruction/facescape_224/fsmview_trainset_14_14_sadness_35.jpg,0.0412864163517952,0.04164544865489006,0.0003590323030948639,8.425701571628451,0.7163618803024292,0.5264569520950317,0.5264569520950317,72.00560999996242,67.84002000000555,real_npy,0,1
1896,/mnt/c/Users/Chirayu/Documents/GitHub/2D-to-3D-image-reconstruction/facescape_224/fsmview_trainset_3_2_smile_17.jpg,0.028004368767142296,0.030755095183849335,0.002750726416707039,7.919544223695993,0.6743175983428955,0.3312842547893524,0.3312842547893524,63.30314600000975,59.19935800000076,real_npy,0,1
1897,/mnt/c/Users/Chirayu/Documents/GitHub/2D-to-3D-image-reconstruction/facescape_224/fsmview_trainset_6_16_grin_30.jpg,0.04983673244714737,0.046788446605205536,-0.0030482858419418335,7.976302705705166,0.6684894561767578,0.30700209736824036,0.30700209736824036,50.85778399995888,50.29827399999931,real_npy,0,1
1898,/mnt/c/Users/Chirayu/Documents/GitHub/2D-to-3D-image-reconstruction/facescape_224/fsmview_trainset_15_3_mouth_stretch_67.jpg,0.03889796882867813,0.039339255541563034,0.00044128671288490295,8.322362523525953,0.7286138534545898,0.4920675456523895,0.4920675456523895,66.33693799994944,67.60061500000347,real_npy,0,1
1899,/mnt/c/Users/Chirayu/Documents/GitHub/2D-to-3D-image-reconstruction/facescape_224/fsmview_trainset_15_4_anger_59.jpg,0.037415169179439545,0.038429632782936096,0.0010144636034965515,7.698781527578831,0.6527106165885925,0.3114147484302521,0.3114147484302521,47.81721000000516,53.139337000004616,real_npy,0,1
1900,/mnt/c/Users/Chirayu/Documents/GitHub/2D-to-3D-image-reconstruction/facescape_224/fsmview_trainset_17_19_brow_raiser_41.jpg,0.11353906989097595,0.1162896677851677,0.002750597894191742,8.608408227562904,0.7087461948394775,0.40663543343544006,0.40663543343544006,53.7402399999678,43.75978400003078,real_npy,0,1
1901,/mnt/c/Users/Chirayu/Documents/GitHub/2D-to-3D-image-reconstruction/facescape_224/fsmview_trainset_13_16_grin_1.jpg,0.3842751383781433,0.3522038757801056,-0.03207126259803772,6.472845032811165,0.6555547714233398,0.5374244451522827,0.5374244451522827,65.5983340000148,50.526307000041015,real_npy,0,0
1902,/mnt/c/Users/Chirayu/Documents/GitHub/2D-to-3D-image-reconstruction/facescape_224/fsmview_trainset_1_15_lip_roll_35.jpg,0.06776218861341476,0.12061312794685364,0.05285093933343887,7.530558932572603,0.745161771774292,0.36991310119628906,0.36991310119628906,72.84899699999414,52.48814700001958,real_npy,0,1
1903,/mnt/c/Users/Chirayu/Documents/GitHub/2D-to-3D-image-reconstruction/facescape_224/fsmview_trainset_2_13_lip_funneler_2.jpg,0.3508124053478241,0.38331225514411926,0.032499849796295166,7.9598953649401665,0.753598690032959,0.49853599071502686,0.49853599071502686,50.60720399995944,48.77211199999465,real_npy,0,1
1904,/mnt/c/Users/Chirayu/Documents/GitHub/2D-to-3D-image-reconstruction/facescape_224/fsmview_trainset_11_5_jaw_left_52.jpg,1.1231954097747803,1.0856773853302002,-0.03751802444458008,8.239456448704004,0.6800636053085327,0.5086987614631653,0.5086987614631653,49.13991099999748,50.205292999976336,real_npy,0,1
1905,/mnt/c/Users/Chirayu/Documents/GitHub/2D-to-3D-image-reconstruction/facescape_224/fsmview_trainset_12_9_mouth_right_33.jpg,0.2585923671722412,0.27898770570755005,0.020395338535308838,7.027316782623529,0.5956626534461975,0.4654906690120697,0.4654906690120697,49.836481999989246,49.454613999955654,real_npy,0,1
1906,/mnt/c/Users/Chirayu/Documents/GitHub/2D-to-3D-image-reconstruction/facescape_224/fsmview_trainset_9_4_anger_27.jpg,0.048993706703186035,0.04681564122438431,-0.0021780654788017273,8.237565864808857,0.6874082088470459,0.39714351296424866,0.39714351296424866,47.8931970000076,42.510716999970555,real_npy,0,1
1907,/mnt/c/Users/Chirayu/Documents/GitHub/2D-to-3D-image-reconstruction/facescape_224/fsmview_trainset_11_20_brow_lower_8.jpg,0.5330914855003357,0.5252824425697327,-0.007809042930603027,7.273732252418995,0.6748443245887756,0.5623556971549988,0.5623556971549988,77.62353499998653,61.680156999955216,real_npy,0,1
1908,/mnt/c/Users/Chirayu/Documents/GitHub/2D-to-3D-image-reconstruction/facescape_224/fsmview_trainset_4_13_lip_funneler_38.jpg,0.1766313910484314,0.16533787548542023,-0.01129351556301117,7.530466206371784,0.74217689037323,0.37773558497428894,0.37773558497428894,50.189763999981096,56.2350820000006,real_npy,0,1
1909,/mnt/c/Users/Chirayu/Documents/GitHub/2D-to-3D-image-reconstruction/facescape_224/fsmview_trainset_2_18_eye_closed_37.jpg,0.06289535760879517,0.05745352804660797,-0.005441829562187195,8.212822072207928,0.7123878598213196,0.4384610950946808,0.4384610950946808,70.81715300000724,51.273746999981995,real_npy,0,1
1910,/mnt/c/Users/Chirayu/Documents/GitHub/2D-to-3D-image-reconstruction/facescape_224/fsmview_trainset_2_6_jaw_right_24.jpg,0.058580104261636734,0.05765673518180847,-0.0009233690798282623,8.978901504538953,0.7489055395126343,0.47887668013572693,0.47887668013572693,57.7746099999672,48.21713799998406,real_npy,0,1
1911,/mnt/c/Users/Chirayu/Documents/GitHub/2D-to-3D-image-reconstruction/facescape_224/fsmview_trainset_1_5_jaw_left_18.jpg,0.29460424184799194,0.2844410538673401,-0.010163187980651855,6.6693595461547375,0.6372112035751343,0.46903741359710693,0.46903741359710693,59.777489999987665,47.4100619999831,real_npy,0,1
1912,/mnt/c/Users/Chirayu/Documents/GitHub/2D-to-3D-image-reconstruction/facescape_224/fsmview_trainset_3_10_dimpler_9.jpg,0.04725208133459091,0.04442191123962402,-0.0028301700949668884,8.268143858760595,0.708714485168457,0.38207244873046875,0.38207244873046875,51.134842000010394,53.61632900002178,real_npy,0,1
1913,/mnt/c/Users/Chirayu/Documents/GitHub/2D-to-3D-image-reconstruction/facescape_224/fsmview_trainset_12_8_mouth_left_36.jpg,0.685413122177124,0.7830756306648254,0.09766250848770142,8.451763402670622,0.7771895527839661,0.5129961967468262,0.5129961967468262,50.16041800001858,54.59022899998445,real_npy,0,1
1914,/mnt/c/Users/Chirayu/Documents/GitHub/2D-to-3D-image-reconstruction/facescape_224/fsmview_trainset_12_6_jaw_right_52.jpg,0.07721608132123947,0.09522893279790878,0.01801285147666931,8.56758489459753,0.6961033940315247,0.3827740550041199,0.3827740550041199,47.288648999995075,56.44503500002429,real_npy,0,1
1915,/mnt/c/Users/Chirayu/Documents/GitHub/2D-to-3D-image-reconstruction/facescape_224/fsmview_trainset_15_4_anger_14.jpg,0.2287047654390335,0.2756664752960205,0.046961709856987,8.146658957004547,0.6748488545417786,0.5582138299942017,0.5582138299942017,45.47700700004498,48.07535700001608,real_npy,0,1
1916,/mnt/c/Users/Chirayu/Documents/GitHub/2D-to-3D-image-reconstruction/facescape_224/fsmview_trainset_2_16_grin_12.jpg,0.08370288461446762,0.12403947860002518,0.040336593985557556,8.30498149804771,0.7570952773094177,0.3172772526741028,0.3172772526741028,52.14304599996922,38.85566600001766,real_npy,0,1
1917,/mnt/c/Users/Chirayu/Documents/GitHub/2D-to-3D-image-reconstruction/facescape_224/fsmview_trainset_4_17_cheek_blowing_2.jpg,0.057183653116226196,0.05135929584503174,-0.005824357271194458,7.686104848980904,0.6629570722579956,0.28576451539993286,0.28576451539993286,53.60165400003325,58.01295899999559,real_npy,0,1
1918,/mnt/c/Users/Chirayu/Documents/GitHub/2D-to-3D-image-reconstruction/facescape_224/fsmview_trainset_17_16_grin_18.jpg,0.04324480518698692,0.047120094299316406,0.003875289112329483,8.722967172507197,0.7127795219421387,0.38053151965141296,0.38053151965141296,53.79142599997522,62.80595799995581,real_npy,0,1
1919,/mnt/c/Users/Chirayu/Documents/GitHub/2D-to-3D-image-reconstruction/facescape_224/fsmview_trainset_4_17_cheek_blowing_10.jpg,0.03512328118085861,0.037609852850437164,0.0024865716695785522,8.27373269572854,0.6861527562141418,0.21757067739963531,0.21757067739963531,61.4035589999844,46.93895700000894,real_npy,0,1
1920,/mnt/c/Users/Chirayu/Documents/GitHub/2D-to-3D-image-reconstruction/facescape_224/fsmview_trainset_7_20_brow_lower_16.jpg,0.026272157207131386,0.029419492930173874,0.003147335723042488,8.055392675101757,0.6793695688247681,0.35116562247276306,0.35116562247276306,61.578461999999945,51.630216000035034,real_npy,0,1
1921,/mnt/c/Users/Chirayu/Documents/GitHub/2D-to-3D-image-reconstruction/facescape_224/fsmview_trainset_7_17_cheek_blowing_52.jpg,0.06937345117330551,0.07083094120025635,0.0014574900269508362,8.036659549921751,0.6731255650520325,0.519734263420105,0.519734263420105,48.26023000003943,72.5471119999952,real_npy,0,1
1922,/mnt/c/Users/Chirayu/Documents/GitHub/2D-to-3D-image-reconstruction/facescape_224/fsmview_trainset_13_9_mouth_right_54.jpg,0.3084748089313507,0.32637038826942444,0.01789557933807373,7.773131754249334,0.6578782796859741,0.2913413941860199,0.2913413941860199,64.26733400002149,52.25399800002606,real_npy,0,1
1923,/mnt/c/Users/Chirayu/Documents/GitHub/2D-to-3D-image-reconstruction/facescape_224/fsmview_trainset_6_18_eye_closed_2.jpg,0.048879485577344894,0.0511062927544117,0.002226807177066803,8.293515760451555,0.7189828157424927,0.38723650574684143,0.38723650574684143,72.5742160000209,60.815516999980446,real_npy,0,1
1924,/mnt/c/Users/Chirayu/Documents/GitHub/2D-to-3D-image-reconstruction/facescape_224/fsmview_trainset_16_18_eye_closed_35.jpg,0.044995665550231934,0.04989197850227356,0.004896312952041626,8.260243013501167,0.7039557695388794,0.39329782128334045,0.39329782128334045,63.759976999961054,52.13143899999295,real_npy,0,1
1925,/mnt/c/Users/Chirayu/Documents/GitHub/2D-to-3D-image-reconstruction/facescape_224/fsmview_trainset_4_4_anger_49.jpg,0.18895848095417023,0.16662804782390594,-0.022330433130264282,6.948057658970356,0.6739824414253235,0.4157577455043793,0.4157577455043793,60.31614400001217,58.359606000010444,real_npy,0,1
1926,/mnt/c/Users/Chirayu/Documents/GitHub/2D-to-3D-image-reconstruction/facescape_224/fsmview_trainset_18_17_cheek_blowing_6.jpg,0.052238497883081436,0.04949268326163292,-0.002745814621448517,8.48690121434629,0.6870054602622986,0.32461151480674744,0.32461151480674744,51.20350000004237,49.80614700002661,real_npy,0,1
1927,/mnt/c/Users/Chirayu/Documents/GitHub/2D-to-3D-image-reconstruction/facescape_224/fsmview_trainset_17_13_lip_funneler_15.jpg,0.05081934854388237,0.1754552572965622,0.12463590875267982,8.955228931736201,0.8209609389305115,0.3552568852901459,0.3552568852901459,51.121343999966484,74.30637900000647,real_npy,0,1
1928,/mnt/c/Users/Chirayu/Documents/GitHub/2D-to-3D-image-reconstruction/facescape_224/fsmview_trainset_5_2_smile_4.jpg,0.043606895953416824,0.04136095941066742,-0.002245936542749405,8.129004076123238,0.6895656585693359,0.4022751748561859,0.4022751748561859,47.19664500004228,44.19793499999969,real_npy,0,1
1929,/mnt/c/Users/Chirayu/Documents/GitHub/2D-to-3D-image-reconstruction/facescape_224/fsmview_trainset_12_11_chin_raiser_42.jpg,0.06097165867686272,0.06528652459383011,0.004314865916967392,8.40319962054491,0.719517171382904,0.49909472465515137,0.49909472465515137,60.287883000000875,45.94762900001115,real_npy,0,1
1930,/mnt/c/Users/Chirayu/Documents/GitHub/2D-to-3D-image-reconstruction/facescape_224/fsmview_trainset_19_9_mouth_right_49.jpg,0.06188124790787697,0.06663888692855835,0.004757639020681381,8.155248638242483,0.7303835153579712,0.33256182074546814,0.33256182074546814,51.670127999955184,46.34257600002911,real_npy,0,1
1931,/mnt/c/Users/Chirayu/Documents/GitHub/2D-to-3D-image-reconstruction/facescape_224/fsmview_trainset_10_8_mouth_left_48.jpg,0.2598262131214142,0.2566494047641754,-0.0031768083572387695,7.588440269231796,0.6741300821304321,0.3493083417415619,0.3493083417415619,65.65963500003136,61.04532599999857,real_npy,0,1
1932,/mnt/c/Users/Chirayu/Documents/GitHub/2D-to-3D-image-reconstruction/facescape_224/fsmview_trainset_11_9_mouth_right_39.jpg,0.052686307579278946,0.07367381453514099,0.020987506955862045,8.749635245651007,0.7277501225471497,0.5993653535842896,0.5993653535842896,52.93683799999371,71.13953199996104,real_npy,0,1
1933,/mnt/c/Users/Chirayu/Documents/GitHub/2D-to-3D-image-reconstruction/facescape_224/fsmview_trainset_16_7_jaw_forward_34.jpg,0.03252376243472099,0.034777700901031494,0.002253938466310501,7.803323864005506,0.6709938049316406,0.3919045627117157,0.3919045627117157,55.596078000007765,48.23576499995852,real_npy,0,1
1934,/mnt/c/Users/Chirayu/Documents/GitHub/2D-to-3D-image-reconstruction/facescape_224/fsmview_trainset_11_4_anger_50.jpg,1.1621663570404053,1.1372839212417603,-0.02488243579864502,7.594467759132385,0.6763365864753723,0.48994868993759155,0.48994868993759155,56.35645699999259,47.41036600000825,real_npy,0,1
1935,/mnt/c/Users/Chirayu/Documents/GitHub/2D-to-3D-image-reconstruction/facescape_224/fsmview_trainset_9_14_sadness_53.jpg,0.16411519050598145,0.17268887162208557,0.008573681116104126,7.396598406136036,0.6688135862350464,0.42950716614723206,0.42950716614723206,45.88057699999126,66.79895499996746,real_npy,0,1
1936,/mnt/c/Users/Chirayu/Documents/GitHub/2D-to-3D-image-reconstruction/facescape_224/fsmview_trainset_12_11_chin_raiser_47.jpg,0.03595456853508949,0.03695539012551308,0.001000821590423584,8.391464423388243,0.7386230826377869,0.3881918489933014,0.3881918489933014,47.78203600000097,66.58764200000178,real_npy,0,1
1937,/mnt/c/Users/Chirayu/Documents/GitHub/2D-to-3D-image-reconstruction/facescape_224/fsmview_trainset_10_14_sadness_23.jpg,0.05121569707989693,0.05243420600891113,0.001218508929014206,8.322647541761398,0.6981620192527771,0.3506302833557129,0.3506302833557129,43.6622830000033,51.49267699999882,real_npy,0,1
1938,/mnt/c/Users/Chirayu/Documents/GitHub/2D-to-3D-image-reconstruction/facescape_224/fsmview_trainset_16_2_smile_20.jpg,0.04240391403436661,0.039597734808921814,-0.0028061792254447937,8.149604592472315,0.6952477097511292,0.3608784079551697,0.3608784079551697,50.040238999997655,49.082596000005196,real_npy,0,1
1939,/mnt/c/Users/Chirayu/Documents/GitHub/2D-to-3D-image-reconstruction/facescape_224/fsmview_trainset_7_8_mouth_left_47.jpg,0.06090712547302246,0.08328048884868622,0.022373363375663757,9.70220636203885,0.808574914932251,0.47731301188468933,0.47731301188468933,65.36422700003186,41.98198900002126,real_npy,0,1
1940,/mnt/c/Users/Chirayu/Documents/GitHub/2D-to-3D-image-reconstruction/facescape_224/fsmview_trainset_16_8_mouth_left_20.jpg,0.051262449473142624,0.04782047122716904,-0.003441978245973587,8.990810077637434,0.742434024810791,0.37987661361694336,0.37987661361694336,57.26144400000521,55.773854999983996,real_npy,0,1
1941,/mnt/c/Users/Chirayu/Documents/GitHub/2D-to-3D-image-reconstruction/facescape_224/fsmview_trainset_6_7_jaw_forward_15.jpg,0.04128750041127205,0.045563578605651855,0.0042760781943798065,8.356425999198109,0.6884587407112122,0.35216090083122253,0.35216090083122253,61.59134099999619,48.88673800002152,real_npy,0,1
1942,/mnt/c/Users/Chirayu/Documents/GitHub/2D-to-3D-image-reconstruction/facescape_224/fsmview_trainset_7_8_mouth_left_41.jpg,0.10070611536502838,0.09121028333902359,-0.009495832026004791,7.610550239682198,0.7108601331710815,0.48174986243247986,0.48174986243247986,55.115310000019235,58.90359500000386,real_npy,0,1
1943,/mnt/c/Users/Chirayu/Documents/GitHub/2D-to-3D-image-reconstruction/facescape_224/fsmview_trainset_10_2_smile_38.jpg,0.1727926880121231,0.16377533972263336,-0.009017348289489746,8.267947144806385,0.7902079224586487,0.4837082326412201,0.4837082326412201,59.848390000013296,57.639864999998736,real_npy,0,1
1944,/mnt/c/Users/Chirayu/Documents/GitHub/2D-to-3D-image-reconstruction/facescape_224/fsmview_trainset_1_14_sadness_46.jpg,0.0549076572060585,0.7384335398674011,0.6835258826613426,15.427315101027489,1.5261342525482178,0.34684598445892334,0.34684598445892334,47.604315999990376,52.750143999958254,real_npy,0,1
1945,/mnt/c/Users/Chirayu/Documents/GitHub/2D-to-3D-image-reconstruction/facescape_224/fsmview_trainset_11_7_jaw_forward_44.jpg,0.12154385447502136,0.11475870013237,-0.006785154342651367,9.881797580048442,0.7617384791374207,0.38731783628463745,0.38731783628463745,56.69151000000738,68.61391699999331,real_npy,0,1
1946,/mnt/c/Users/Chirayu/Documents/GitHub/2D-to-3D-image-reconstruction/facescape_224/fsmview_trainset_16_4_anger_56.jpg,0.030356792733073235,0.03231276571750641,0.001955972984433174,7.691682051867247,0.6601236462593079,0.30545568466186523,0.30545568466186523,71.34063500001275,47.51491999996915,real_npy,0,1
1947,/mnt/c/Users/Chirayu/Documents/GitHub/2D-to-3D-image-reconstruction/facescape_224/fsmview_trainset_17_19_brow_raiser_2.jpg,0.06737305223941803,0.07629666477441788,0.008923612534999847,8.896238595247269,0.7454089522361755,0.4351447522640228,0.4351447522640228,58.43913399996836,82.57336499997336,real_npy,0,1
1948,/mnt/c/Users/Chirayu/Documents/GitHub/2D-to-3D-image-reconstruction/facescape_224/fsmview_trainset_13_3_mouth_stretch_12.jpg,0.05355159565806389,0.05455572158098221,0.0010041259229183197,7.695806108415127,0.6743138432502747,0.41114604473114014,0.41114604473114014,78.9856929999928,56.841098000006696,real_npy,0,1
1949,/mnt/c/Users/Chirayu/Documents/GitHub/2D-to-3D-image-reconstruction/facescape_224/fsmview_trainset_3_3_mouth_stretch_7.jpg,0.07455063611268997,0.09139985591173172,0.016849219799041748,7.784579582512379,0.7445670366287231,0.2803044617176056,0.2803044617176056,73.62473399996361,81.57482999996546,real_npy,0,1
1950,/mnt/c/Users/Chirayu/Documents/GitHub/2D-to-3D-image-reconstruction/facescape_224/fsmview_trainset_5_4_anger_49.jpg,0.49093055725097656,0.4646014869213104,-0.026329070329666138,7.1415910795331,0.6885895729064941,0.4897661805152893,0.4897661805152893,67.69609500003071,53.95555699999477,real_npy,0,1
1951,/mnt/c/Users/Chirayu/Documents/GitHub/2D-to-3D-image-reconstruction/facescape_224/fsmview_trainset_3_15_lip_roll_32.jpg,0.04412327706813812,0.04367191717028618,-0.00045135989785194397,8.255525961518288,0.6959012150764465,0.3468591570854187,0.3468591570854187,51.102072999981374,50.59736499998735,real_npy,0,1
1952,/mnt/c/Users/Chirayu/Documents/GitHub/2D-to-3D-image-reconstruction/facescape_224/fsmview_trainset_20_16_grin_37.jpg,0.14652684330940247,0.17456944286823273,0.02804259955883026,9.342310251202434,0.828509509563446,0.5539965629577637,0.5539965629577637,61.603300999991006,59.485007000034784,real_npy,0,1
1953,/mnt/c/Users/Chirayu/Documents/GitHub/2D-to-3D-image-reconstruction/facescape_224/fsmview_trainset_2_10_dimpler_6.jpg,0.07283022999763489,0.08345720916986465,0.010626979172229767,9.001645594835281,0.7586871981620789,0.4185865521430969,0.4185865521430969,54.07376200003,57.02678300002617,real_npy,0,1
1954,/mnt/c/Users/Chirayu/Documents/GitHub/2D-to-3D-image-reconstruction/facescape_224/fsmview_trainset_19_18_eye_closed_22.jpg,0.05650876834988594,0.05644066259264946,-6.810575723648071e-05,9.324301537126303,0.7733383774757385,0.3670957684516907,0.3670957684516907,59.621436000043104,65.62524399998892,real_npy,0,1
1955,/mnt/c/Users/Chirayu/Documents/GitHub/2D-to-3D-image-reconstruction/facescape_224/fsmview_trainset_16_10_dimpler_30.jpg,0.03258291259407997,0.03585386276245117,0.0032709501683712006,7.807666044682264,0.6729933619499207,0.33321282267570496,0.33321282267570496,65.19976700002417,49.83181000000059,real_npy,0,1
1956,/mnt/c/Users/Chirayu/Documents/GitHub/2D-to-3D-image-reconstruction/facescape_224/fsmview_trainset_6_18_eye_closed_21.jpg,0.029273493215441704,0.033340711146593094,0.00406721793115139,8.085454389452934,0.7053535580635071,0.2741425037384033,0.2741425037384033,54.19771999999057,62.93711699998994,real_npy,0,1
1957,/mnt/c/Users/Chirayu/Documents/GitHub/2D-to-3D-image-reconstruction/facescape_224/fsmview_trainset_16_17_cheek_blowing_1.jpg,0.034523528069257736,0.03631754219532013,0.0017940141260623932,7.699459582567215,0.6394011974334717,0.3027978539466858,0.3027978539466858,67.06659999997555,57.943662000013774,real_npy,0,1
1958,/mnt/c/Users/Chirayu/Documents/GitHub/2D-to-3D-image-reconstruction/facescape_224/fsmview_trainset_2_6_jaw_right_11.jpg,0.21366865932941437,0.3200104534626007,0.10634179413318634,7.905853878706694,0.7623568177223206,0.6551157236099243,0.6551157236099243,56.94719799998893,63.977891000035925,real_npy,0,1
1959,/mnt/c/Users/Chirayu/Documents/GitHub/2D-to-3D-image-reconstruction/facescape_224/fsmview_trainset_8_19_brow_raiser_52.jpg,0.15323126316070557,0.15567801892757416,0.0024467557668685913,6.590610906481743,0.6527794599533081,0.3646601736545563,0.3646601736545563,73.1204570000159,58.03511900001013,real_npy,0,1
1960,/mnt/c/Users/Chirayu/Documents/GitHub/2D-to-3D-image-reconstruction/facescape_224/fsmview_trainset_6_11_chin_raiser_16.jpg,0.28317978978157043,0.2997758090496063,0.01659601926803589,8.343640921637416,0.7279595136642456,0.2573118507862091,0.2573118507862091,79.01516099997252,58.580959000039456,real_npy,0,1
1961,/mnt/c/Users/Chirayu/Documents/GitHub/2D-to-3D-image-reconstruction/facescape_224/fsmview_trainset_17_9_mouth_right_43.jpg,0.08175543695688248,0.07472879439592361,-0.007026642560958862,7.981234781444073,0.6992670297622681,0.45218122005462646,0.45218122005462646,56.098332000033224,63.10778400001027,real_npy,0,1
1962,/mnt/c/Users/Chirayu/Documents/GitHub/2D-to-3D-image-reconstruction/facescape_224/fsmview_trainset_14_9_mouth_right_12.jpg,0.06512042135000229,0.20793990790843964,0.14281948655843735,7.749111443758011,0.7378020286560059,0.6216514706611633,0.6216514706611633,75.50804599998173,73.82080700000415,real_npy,0,1
1963,/mnt/c/Users/Chirayu/Documents/GitHub/2D-to-3D-image-reconstruction/facescape_224/fsmview_trainset_6_4_anger_39.jpg,0.055421147495508194,0.05782965570688248,0.002408508211374283,8.213251922279596,0.7136480808258057,0.32339444756507874,0.32339444756507874,58.91481999998405,79.7019999999975,real_npy,0,1
1964,/mnt/c/Users/Chirayu/Documents/GitHub/2D-to-3D-image-reconstruction/facescape_224/fsmview_trainset_4_18_eye_closed_40.jpg,0.14045056700706482,0.15911123156547546,0.018660664558410645,6.425003699958324,0.6191073060035706,0.5114186406135559,0.5114186406135559,74.10724200002505,59.479437999982565,real_npy,0,0
1965,/mnt/c/Users/Chirayu/Documents/GitHub/2D-to-3D-image-reconstruction/facescape_224/fsmview_trainset_13_7_jaw_forward_36.jpg,0.0949939712882042,0.09183459728956223,-0.0031593739986419678,7.734189763665199,0.6639403104782104,0.5011633634567261,0.5011633634567261,71.15634100000534,77.47485099997675,real_npy,0,1
1966,/mnt/c/Users/Chirayu/Documents/GitHub/2D-to-3D-image-reconstruction/facescape_224/fsmview_trainset_13_5_jaw_left_56.jpg,0.6685121059417725,0.73906409740448,0.07055199146270752,8.070097025483847,0.8312742710113525,0.5587175488471985,0.5587175488471985,84.26108399999066,53.99949700000661,real_npy,0,1
1967,/mnt/c/Users/Chirayu/Documents/GitHub/2D-to-3D-image-reconstruction/facescape_224/fsmview_trainset_6_14_sadness_20.jpg,0.03275721147656441,0.03629765287041664,0.003540441393852234,8.072973392903805,0.6908702850341797,0.27000758051872253,0.27000758051872253,59.99184900002774,76.81080999998358,real_npy,0,1
1968,/mnt/c/Users/Chirayu/Documents/GitHub/2D-to-3D-image-reconstruction/facescape_224/fsmview_trainset_12_10_dimpler_40.jpg,0.05661679804325104,0.0653596743941307,0.00874287635087967,9.250722132157534,0.7583320736885071,0.4679417014122009,0.4679417014122009,48.96593900002699,73.27742100000023,real_npy,0,1
1969,/mnt/c/Users/Chirayu/Documents/GitHub/2D-to-3D-image-reconstruction/facescape_224/fsmview_trainset_4_5_jaw_left_16.jpg,0.10251693427562714,0.10408353060483932,0.0015665963292121887,7.754428498446941,0.6995302438735962,0.444850355386734,0.444850355386734,52.97072400003344,62.64188800003012,real_npy,0,1
1970,/mnt/c/Users/Chirayu/Documents/GitHub/2D-to-3D-image-reconstruction/facescape_224/fsmview_trainset_12_20_brow_lower_24.jpg,0.03509973734617233,0.03940233215689659,0.004302594810724258,8.166320122778416,0.7035613059997559,0.28193798661231995,0.28193798661231995,65.42928999999731,55.113168999980644,real_npy,0,1
1971,/mnt/c/Users/Chirayu/Documents/GitHub/2D-to-3D-image-reconstruction/facescape_224/fsmview_trainset_12_16_grin_51.jpg,0.03808329999446869,0.03951672837138176,0.0014334283769130707,8.287128750234842,0.7300489544868469,0.37789207696914673,0.37789207696914673,66.13643900004718,53.431013000022176,real_npy,0,1
1972,/mnt/c/Users/Chirayu/Documents/GitHub/2D-to-3D-image-reconstruction/facescape_224/fsmview_trainset_7_15_lip_roll_31.jpg,0.056983914226293564,0.06374625861644745,0.006762344390153885,8.161746509373188,0.6894989609718323,0.3564678728580475,0.3564678728580475,65.34157699996967,61.434635000011895,real_npy,0,1
1973,/mnt/c/Users/Chirayu/Documents/GitHub/2D-to-3D-image-reconstruction/facescape_224/fsmview_trainset_17_14_sadness_56.jpg,0.1113661602139473,0.11137363314628601,7.4729323387146e-06,8.830073334276676,0.7195931077003479,0.5298241376876831,0.5298241376876831,66.3308360000201,54.204799999979514,real_npy,0,1
1974,/mnt/c/Users/Chirayu/Documents/GitHub/2D-to-3D-image-reconstruction/facescape_224/fsmview_trainset_11_4_anger_2.jpg,0.7501922249794006,0.7334794402122498,-0.01671278476715088,7.168518777936697,0.6708064079284668,0.5174946784973145,0.5174946784973145,59.835330999987946,50.95015700004524,real_npy,0,1
1975,/mnt/c/Users/Chirayu/Documents/GitHub/2D-to-3D-image-reconstruction/facescape_224/fsmview_trainset_17_14_sadness_1.jpg,0.11754605174064636,0.11689606308937073,-0.0006499886512756348,9.068072769790888,0.722457230091095,0.42958030104637146,0.42958030104637146,64.79459500002349,57.481745000018236,real_npy,0,1
1976,/mnt/c/Users/Chirayu/Documents/GitHub/2D-to-3D-image-reconstruction/facescape_224/fsmview_trainset_19_15_lip_roll_44.jpg,0.161641463637352,0.16037143766880035,-0.0012700259685516357,8.584356978535652,0.721745491027832,0.4236827492713928,0.4236827492713928,74.60395900000094,55.73351199996068,real_npy,0,1
1977,/mnt/c/Users/Chirayu/Documents/GitHub/2D-to-3D-image-reconstruction/facescape_224/fsmview_trainset_20_10_dimpler_41.jpg,0.04009629040956497,0.04260711744427681,0.0025108270347118378,8.072458304464817,0.6624982357025146,0.4078928530216217,0.4078928530216217,55.6631620000303,54.000313000017286,real_npy,0,1
1978,/mnt/c/Users/Chirayu/Documents/GitHub/2D-to-3D-image-reconstruction/facescape_224/fsmview_trainset_13_17_cheek_blowing_41.jpg,0.06117294728755951,0.05911080911755562,-0.002062138170003891,8.534524014219642,0.7032217383384705,0.35788336396217346,0.35788336396217346,57.449904000009155,76.36178799998561,real_npy,0,1
1979,/mnt/c/Users/Chirayu/Documents/GitHub/2D-to-3D-image-reconstruction/facescape_224/fsmview_trainset_10_20_brow_lower_41.jpg,0.10094239562749863,0.09152290225028992,-0.00941949337720871,7.53506875038147,0.7183807492256165,0.47636380791664124,0.47636380791664124,68.87345799998457,77.87744899997051,real_npy,0,1
1980,/mnt/c/Users/Chirayu/Documents/GitHub/2D-to-3D-image-reconstruction/facescape_224/fsmview_trainset_4_6_jaw_right_46.jpg,0.06497115641832352,3.62689471244812,3.5619235560297966,37.16069030016661,5.14638614654541,0.34371891617774963,0.34371891617774963,62.61677599997029,56.079268000019056,real_npy,1,1
1981,/mnt/c/Users/Chirayu/Documents/GitHub/2D-to-3D-image-reconstruction/facescape_224/fsmview_trainset_19_5_jaw_left_6.jpg,0.07968693226575851,0.0821738913655281,0.0024869590997695923,8.778929041698575,0.7320465445518494,0.2681638300418854,0.2681638300418854,70.42499400000679,48.21923299999753,real_npy,0,1
1982,/mnt/c/Users/Chirayu/Documents/GitHub/2D-to-3D-image-reconstruction/facescape_224/fsmview_trainset_8_15_lip_roll_19.jpg,0.42201513051986694,0.40366294980049133,-0.01835218071937561,7.184688284993172,0.6790955662727356,0.43156465888023376,0.43156465888023376,61.729468999999426,54.313006999962,real_npy,0,1
1983,/mnt/c/Users/Chirayu/Documents/GitHub/2D-to-3D-image-reconstruction/facescape_224/fsmview_trainset_10_10_dimpler_25.jpg,0.05473995581269264,0.055067483335733414,0.0003275275230407715,7.671879976987839,0.6903063654899597,0.3998155891895294,0.3998155891895294,73.68765999996185,76.60284800005002,real_npy,0,1
1984,/mnt/c/Users/Chirayu/Documents/GitHub/2D-to-3D-image-reconstruction/facescape_224/fsmview_trainset_6_12_lip_puckerer_47.jpg,0.17482726275920868,0.19211144745349884,0.01728418469429016,8.97125357016921,0.7748045325279236,0.42965784668922424,0.42965784668922424,67.19659300000558,59.24715800000513,real_npy,0,1
1985,/mnt/c/Users/Chirayu/Documents/GitHub/2D-to-3D-image-reconstruction/facescape_224/fsmview_trainset_6_18_eye_closed_24.jpg,0.05477871000766754,0.05415569245815277,-0.0006230175495147705,9.064895452931523,0.7605214715003967,0.4111996293067932,0.4111996293067932,52.821999000002506,50.42123900000206,real_npy,0,1
1986,/mnt/c/Users/Chirayu/Documents/GitHub/2D-to-3D-image-reconstruction/facescape_224/fsmview_trainset_14_6_jaw_right_8.jpg,0.13882984220981598,0.12886029481887817,-0.009969547390937805,7.688228219747543,0.742431104183197,0.5446271896362305,0.5446271896362305,48.25793700001668,44.584552999992866,real_npy,0,1
1987,/mnt/c/Users/Chirayu/Documents/GitHub/2D-to-3D-image-reconstruction/facescape_224/fsmview_trainset_20_16_grin_54.jpg,0.8373692631721497,0.7915999889373779,-0.04576927423477173,6.205366024747491,0.6744516491889954,0.5032094120979309,0.5032094120979309,60.88241600002675,52.75440999997727,real_npy,0,0
1988,/mnt/c/Users/Chirayu/Documents/GitHub/2D-to-3D-image-reconstruction/facescape_224/fsmview_trainset_9_7_jaw_forward_44.jpg,0.13110461831092834,0.12450411915779114,-0.006600499153137207,7.13852246850729,0.6716375350952148,0.4254560172557831,0.4254560172557831,46.84492500001625,48.84990400000788,real_npy,0,1
1989,/mnt/c/Users/Chirayu/Documents/GitHub/2D-to-3D-image-reconstruction/facescape_224/fsmview_trainset_15_9_mouth_right_14.jpg,0.20783862471580505,0.23584769666194916,0.028009071946144104,8.124375343322754,0.6777883768081665,0.5563239455223083,0.5563239455223083,45.37901200001215,65.97780300000977,real_npy,0,1
1990,/mnt/c/Users/Chirayu/Documents/GitHub/2D-to-3D-image-reconstruction/facescape_224/fsmview_trainset_8_20_brow_lower_24.jpg,0.028845839202404022,0.02987898886203766,0.0010331496596336365,7.8972935564816,0.6669813990592957,0.2772314250469208,0.2772314250469208,109.27502099997355,42.575422999959756,real_npy,0,1
1991,/mnt/c/Users/Chirayu/Documents/GitHub/2D-to-3D-image-reconstruction/facescape_224/fsmview_trainset_9_7_jaw_forward_19.jpg,0.061295073479413986,0.06530056148767471,0.004005488008260727,8.867621309589595,0.7533612847328186,0.3391211926937103,0.3391211926937103,47.60160600000063,51.24629800002367,real_npy,0,1
1992,/mnt/c/Users/Chirayu/Documents/GitHub/2D-to-3D-image-reconstruction/facescape_224/fsmview_trainset_9_19_brow_raiser_46.jpg,0.11781030893325806,0.14138412475585938,0.02357381582260132,8.944951068609953,0.7375981211662292,0.48063403367996216,0.48063403367996216,53.84748700004138,54.61502999997947,real_npy,0,1
1993,/mnt/c/Users/Chirayu/Documents/GitHub/2D-to-3D-image-reconstruction/facescape_224/fsmview_trainset_19_10_dimpler_11.jpg,0.05745033547282219,0.06118791177868843,0.0037375763058662415,8.55312267690897,0.726811408996582,0.3234768807888031,0.3234768807888031,46.95649699999649,55.93826599999829,real_npy,0,1
1994,/mnt/c/Users/Chirayu/Documents/GitHub/2D-to-3D-image-reconstruction/facescape_224/fsmview_trainset_9_11_chin_raiser_23.jpg,0.057867709547281265,0.06367699056863785,0.005809281021356583,8.561079984530807,0.7460261583328247,0.3295336365699768,0.3295336365699768,64.87097799998764,45.86056200002986,real_npy,0,1
1995,/mnt/c/Users/Chirayu/Documents/GitHub/2D-to-3D-image-reconstruction/facescape_224/fsmview_trainset_13_14_sadness_24.jpg,0.063393235206604,0.06378664821386337,0.0003934130072593689,7.297519065439701,0.6031837463378906,0.42388609051704407,0.42388609051704407,55.77228300001025,45.56061400000999,real_npy,0,1
1996,/mnt/c/Users/Chirayu/Documents/GitHub/2D-to-3D-image-reconstruction/facescape_224/fsmview_trainset_5_18_eye_closed_4.jpg,0.044089414179325104,0.03893962875008583,-0.005149785429239273,7.465791843831539,0.6395184993743896,0.39624661207199097,0.39624661207199097,51.84762600003978,45.18945600000279,real_npy,0,1
1997,/mnt/c/Users/Chirayu/Documents/GitHub/2D-to-3D-image-reconstruction/facescape_224/fsmview_trainset_15_17_cheek_blowing_14.jpg,0.23180490732192993,0.2699927091598511,0.03818780183792114,8.17019870877266,0.6811699271202087,0.5573460459709167,0.5573460459709167,54.778099999964525,58.97022099998139,real_npy,0,1
1998,/mnt/c/Users/Chirayu/Documents/GitHub/2D-to-3D-image-reconstruction/facescape_224/fsmview_trainset_5_14_sadness_19.jpg,0.04152761772274971,0.0423148088157177,0.0007871910929679871,8.88231002772227,0.7452003955841064,0.362295925617218,0.362295925617218,44.77299199999152,47.447320999992826,real_npy,0,1
1999,/mnt/c/Users/Chirayu/Documents/GitHub/2D-to-3D-image-reconstruction/facescape_224/fsmview_trainset_17_8_mouth_left_42.jpg,0.13256023824214935,0.1840888410806656,0.051528602838516235,7.594270750880241,0.6751067638397217,0.423454612493515,0.423454612493515,70.63392599997087,51.33569999998144,real_npy,0,1
