idx,image_path,baseline_lmk_err,finetuned_lmk_err,lmk_err_delta_ft_minus_base,finetuned_cam_score,finetuned_lmk_abs_max,baseline_photo_l1,finetuned_photo_l1,baseline_runtime_ms,finetuned_runtime_ms,landmark_target_source,is_failure,hybrid_selective_fallback
0,/mnt/c/Users/Chirayu/Documents/GitHub/2D-to-3D-image-reconstruction/facescape_224/fsmview_trainset_11_1_neutral_25.jpg,0.039629675447940826,126.41741180419922,126.37778212875128,211.84382367134094,163.7200164794922,0.5376215577125549,0.5376215577125549,nan,nan,real_npy,1,1
1,/mnt/c/Users/Chirayu/Documents/GitHub/2D-to-3D-image-reconstruction/facescape_224/fsmview_trainset_16_6_jaw_right_42.jpg,0.08873356133699417,0.09807984530925751,0.009346283972263336,7.3546092212200165,0.6948971152305603,0.44511547684669495,0.44511547684669495,nan,nan,real_npy,0,1
2,/mnt/c/Users/Chirayu/Documents/GitHub/2D-to-3D-image-reconstruction/facescape_224/fsmview_trainset_7_2_smile_1.jpg,0.05355733633041382,0.05279858037829399,-0.0007587559521198273,8.223037332296371,0.7018531560897827,0.42115887999534607,0.42115887999534607,nan,nan,real_npy,0,1
3,/mnt/c/Users/Chirayu/Documents/GitHub/2D-to-3D-image-reconstruction/facescape_224/fsmview_trainset_7_2_smile_35.jpg,0.047125451266765594,5.120044708251953,5.0729192569851875,46.40663284808397,6.559186935424805,0.4215160310268402,0.4215160310268402,nan,nan,real_npy,1,1
4,/mnt/c/Users/Chirayu/Documents/GitHub/2D-to-3D-image-reconstruction/facescape_224/fsmview_trainset_17_9_mouth_right_9.jpg,0.05628075450658798,0.061902258545160294,0.005621504038572311,8.48657294549048,0.6678797602653503,0.3694095313549042,0.3694095313549042,nan,nan,real_npy,0,1
5,/mnt/c/Users/Chirayu/Documents/GitHub/2D-to-3D-image-reconstruction/facescape_224/fsmview_trainset_4_18_eye_closed_19.jpg,0.045294977724552155,0.04541273042559624,0.00011775270104408264,9.030941668897867,0.7376479506492615,0.2790377140045166,0.2790377140045166,20.502456999906826,19.191784999975425,real_npy,0,1
6,/mnt/c/Users/Chirayu/Documents/GitHub/2D-to-3D-image-reconstruction/facescape_224/fsmview_trainset_8_17_cheek_blowing_52.jpg,0.21302498877048492,0.20622803270816803,-0.0067969560623168945,6.266239307820797,0.6111401915550232,0.37326133251190186,0.37326133251190186,63.780496000049425,34.938807999992605,real_npy,0,0
7,/mnt/c/Users/Chirayu/Documents/GitHub/2D-to-3D-image-reconstruction/facescape_224/fsmview_trainset_19_15_lip_roll_49.jpg,0.7414618134498596,0.8050556182861328,0.0635938048362732,17.444595996756107,1.516666293144226,0.37162894010543823,0.37162894010543823,21.89886399992247,24.89172600007805,real_npy,0,1
8,/mnt/c/Users/Chirayu/Documents/GitHub/2D-to-3D-image-reconstruction/facescape_224/fsmview_trainset_7_5_jaw_left_47.jpg,0.0663343146443367,0.08482930064201355,0.01849498599767685,9.41603571176529,0.8150860071182251,0.4808140993118286,0.4808140993118286,21.01979200006099,20.15371499999219,real_npy,0,1
9,/mnt/c/Users/Chirayu/Documents/GitHub/2D-to-3D-image-reconstruction/facescape_224/fsmview_trainset_2_20_brow_lower_7.jpg,0.22605320811271667,0.20461900532245636,-0.021434202790260315,8.643254585564137,0.6972577571868896,0.37762635946273804,0.37762635946273804,21.12979699995776,19.852074000027642,real_npy,0,1
10,/mnt/c/Users/Chirayu/Documents/GitHub/2D-to-3D-image-reconstruction/facescape_224/fsmview_trainset_13_16_grin_2.jpg,0.2161332070827484,0.21444858610630035,-0.001684620976448059,6.825210198760033,0.6045221090316772,0.43702012300491333,0.43702012300491333,19.772450999994362,20.613666000031117,real_npy,0,1
11,/mnt/c/Users/Chirayu/Documents/GitHub/2D-to-3D-image-reconstruction/facescape_224/fsmview_trainset_1_10_dimpler_23.jpg,0.04108356684446335,0.03862592577934265,-0.002457641065120697,8.412700101733208,0.7046628594398499,0.3632708191871643,0.3632708191871643,20.43390999995154,20.0782460000255,real_npy,0,1
12,/mnt/c/Users/Chirayu/Documents/GitHub/2D-to-3D-image-reconstruction/facescape_224/fsmview_trainset_20_13_lip_funneler_46.jpg,0.1270533949136734,2.0383920669555664,1.911338672041893,34.68332052230835,3.4286999702453613,0.5959072709083557,0.5959072709083557,41.8558449999864,28.079802999968706,real_npy,1,1
13,/mnt/c/Users/Chirayu/Documents/GitHub/2D-to-3D-image-reconstruction/facescape_224/fsmview_trainset_10_19_brow_raiser_7.jpg,0.04175484925508499,0.04618428647518158,0.004429437220096588,7.708835773169994,0.6691167950630188,0.22483651340007782,0.22483651340007782,21.41742499998145,19.700392000004285,real_npy,0,1
14,/mnt/c/Users/Chirayu/Documents/GitHub/2D-to-3D-image-reconstruction/facescape_224/fsmview_trainset_4_18_eye_closed_29.jpg,0.07103800773620605,0.07522508502006531,0.004187077283859253,8.171710666269064,0.6937151551246643,0.33427050709724426,0.33427050709724426,21.152066000013292,20.678977999978088,real_npy,0,1
15,/mnt/c/Users/Chirayu/Documents/GitHub/2D-to-3D-image-reconstruction/facescape_224/fsmview_trainset_19_10_dimpler_6.jpg,0.05460841953754425,0.054893795400857925,0.0002853758633136749,8.8377734310925,0.7350035309791565,0.28018832206726074,0.28018832206726074,43.50593399999525,19.990288000030887,real_npy,0,1
16,/mnt/c/Users/Chirayu/Documents/GitHub/2D-to-3D-image-reconstruction/facescape_224/fsmview_trainset_7_12_lip_puckerer_40.jpg,0.18339118361473083,0.1911565214395523,0.007765337824821472,7.130651570856571,0.644231915473938,0.45004504919052124,0.45004504919052124,41.60026499994274,19.408828999985417,real_npy,0,1
17,/mnt/c/Users/Chirayu/Documents/GitHub/2D-to-3D-image-reconstruction/facescape_224/fsmview_trainset_4_7_jaw_forward_36.jpg,0.045108310878276825,0.04683994501829147,0.0017316341400146484,7.446674078702927,0.6553459167480469,0.3089570999145508,0.3089570999145508,19.958171999974184,21.12194599999384,real_npy,0,1
18,/mnt/c/Users/Chirayu/Documents/GitHub/2D-to-3D-image-reconstruction/facescape_224/fsmview_trainset_6_14_sadness_1.jpg,0.0746951550245285,0.07354636490345001,-0.0011487901210784912,7.9377672374248505,0.7331951856613159,0.3671760559082031,0.3671760559082031,21.72845099994447,19.93248400003722,real_npy,0,1
19,/mnt/c/Users/Chirayu/Documents/GitHub/2D-to-3D-image-reconstruction/facescape_224/fsmview_trainset_5_19_brow_raiser_56.jpg,0.062257178127765656,0.06135086342692375,-0.0009063147008419037,8.53242589533329,0.7418539524078369,0.399122953414917,0.399122953414917,20.168130000001838,52.10660599993844,real_npy,0,1
20,/mnt/c/Users/Chirayu/Documents/GitHub/2D-to-3D-image-reconstruction/facescape_224/fsmview_trainset_5_18_eye_closed_29.jpg,0.07839314639568329,0.0887836217880249,0.010390475392341614,8.57566948980093,0.7142373919487,0.29963529109954834,0.29963529109954834,24.520676999941315,20.57873000001109,real_npy,0,1
21,/mnt/c/Users/Chirayu/Documents/GitHub/2D-to-3D-image-reconstruction/facescape_224/fsmview_trainset_1_13_lip_funneler_41.jpg,0.11615604162216187,0.10461253672838211,-0.011543504893779755,8.294150933623314,0.7847902774810791,0.4520139992237091,0.4520139992237091,21.684746999994786,21.63506800002324,real_npy,0,1
22,/mnt/c/Users/Chirayu/Documents/GitHub/2D-to-3D-image-reconstruction/facescape_224/fsmview_trainset_19_10_dimpler_38.jpg,0.5946622490882874,0.5682104825973511,-0.02645176649093628,7.443553812801838,0.6927623152732849,0.38551872968673706,0.38551872968673706,21.804819999942993,20.38195700004053,real_npy,0,1
23,/mnt/c/Users/Chirayu/Documents/GitHub/2D-to-3D-image-reconstruction/facescape_224/fsmview_trainset_20_7_jaw_forward_31.jpg,0.03840406611561775,0.03341804817318916,-0.004986017942428589,7.830382818356156,0.6511698365211487,0.4458387494087219,0.4458387494087219,22.786965000022974,20.585215999972206,real_npy,0,1
24,/mnt/c/Users/Chirayu/Documents/GitHub/2D-to-3D-image-reconstruction/facescape_224/fsmview_trainset_9_2_smile_19.jpg,0.05439842864871025,0.05830569937825203,0.0039072707295417786,9.12004623701796,0.7439092397689819,0.3864700496196747,0.3864700496196747,23.30760300003476,20.708568999907584,real_npy,0,1
25,/mnt/c/Users/Chirayu/Documents/GitHub/2D-to-3D-image-reconstruction/facescape_224/fsmview_trainset_19_2_smile_32.jpg,0.15339115262031555,0.16541345417499542,0.01202230155467987,7.49372130818665,0.710121750831604,0.2019471824169159,0.2019471824169159,61.43614000006892,20.406230999924446,real_npy,0,1
26,/mnt/c/Users/Chirayu/Documents/GitHub/2D-to-3D-image-reconstruction/facescape_224/fsmview_trainset_19_8_mouth_left_22.jpg,0.06424038112163544,0.06828514486551285,0.004044763743877411,9.559451755136251,0.7932519912719727,0.36723706126213074,0.36723706126213074,21.199287000058575,20.68258200006312,real_npy,0,1
27,/mnt/c/Users/Chirayu/Documents/GitHub/2D-to-3D-image-reconstruction/facescape_224/fsmview_trainset_8_7_jaw_forward_0.jpg,0.1014188677072525,0.10964838415384293,0.008229516446590424,8.005856927484274,0.7073039412498474,0.2726958394050598,0.2726958394050598,21.584590999964348,21.688102999974035,real_npy,0,1
28,/mnt/c/Users/Chirayu/Documents/GitHub/2D-to-3D-image-reconstruction/facescape_224/fsmview_trainset_5_3_mouth_stretch_33.jpg,0.0454893633723259,0.14236414432525635,0.09687478095293045,7.872994042932987,0.8550929427146912,0.43496018648147583,0.43496018648147583,24.332472999958554,20.24486400000569,real_npy,0,1
29,/mnt/c/Users/Chirayu/Documents/GitHub/2D-to-3D-image-reconstruction/facescape_224/fsmview_trainset_14_19_brow_raiser_46.jpg,0.1687926948070526,0.17461706697940826,0.005824372172355652,8.908970445394516,0.6791821718215942,0.6399165987968445,0.6399165987968445,21.654025999964688,20.629396999993332,real_npy,0,1
30,/mnt/c/Users/Chirayu/Documents/GitHub/2D-to-3D-image-reconstruction/facescape_224/fsmview_trainset_3_7_jaw_forward_29.jpg,0.04071903973817825,0.04983579367399216,0.009116753935813904,8.190879225730896,0.7115290760993958,0.28798985481262207,0.28798985481262207,75.60814900000423,20.84200999991026,real_npy,0,1
31,/mnt/c/Users/Chirayu/Documents/GitHub/2D-to-3D-image-reconstruction/facescape_224/fsmview_trainset_5_5_jaw_left_58.jpg,0.6692706942558289,0.7817873954772949,0.11251670122146606,7.632566850632429,0.7619459629058838,0.455867201089859,0.455867201089859,73.16434199992727,21.28501699996832,real_npy,0,1
32,/mnt/c/Users/Chirayu/Documents/GitHub/2D-to-3D-image-reconstruction/facescape_224/fsmview_trainset_4_17_cheek_blowing_43.jpg,0.028805743902921677,0.02949736826121807,0.0006916243582963943,7.5820919796824455,0.6286314725875854,0.19434833526611328,0.19434833526611328,23.981790999982877,21.69966399992518,real_npy,0,1
33,/mnt/c/Users/Chirayu/Documents/GitHub/2D-to-3D-image-reconstruction/facescape_224/fsmview_trainset_8_20_brow_lower_3.jpg,0.05247974023222923,0.055796604603528976,0.0033168643712997437,7.99641877412796,0.7268409729003906,0.2932663559913635,0.2932663559913635,21.56370299996979,53.904609999904096,real_npy,0,1
34,/mnt/c/Users/Chirayu/Documents/GitHub/2D-to-3D-image-reconstruction/facescape_224/fsmview_trainset_14_12_lip_puckerer_44.jpg,0.07057785987854004,0.0737801343202591,0.003202274441719055,8.592320647090673,0.6911326050758362,0.3573296368122101,0.3573296368122101,21.72209399998337,23.13525700003538,real_npy,0,1
35,/mnt/c/Users/Chirayu/Documents/GitHub/2D-to-3D-image-reconstruction/facescape_224/fsmview_trainset_11_13_lip_funneler_14.jpg,0.1938556581735611,0.22980232536792755,0.035946667194366455,7.775096982717514,0.6552554368972778,0.5636483430862427,0.5636483430862427,21.776228999897285,20.169981999970332,real_npy,0,1
36,/mnt/c/Users/Chirayu/Documents/GitHub/2D-to-3D-image-reconstruction/facescape_224/fsmview_trainset_11_16_grin_60.jpg,0.0412098653614521,44.126686096191406,44.085476230829954,136.47929164767265,47.77613830566406,0.5149634480476379,0.5149634480476379,21.891582999955972,21.233292000033543,real_npy,1,1
37,/mnt/c/Users/Chirayu/Documents/GitHub/2D-to-3D-image-reconstruction/facescape_224/fsmview_trainset_9_17_cheek_blowing_28.jpg,0.041065387427806854,0.041177839040756226,0.00011245161294937134,7.547131597995758,0.6544328331947327,0.25688207149505615,0.25688207149505615,38.18570299995372,18.829638000056548,real_npy,0,1
38,/mnt/c/Users/Chirayu/Documents/GitHub/2D-to-3D-image-reconstruction/facescape_224/fsmview_trainset_5_13_lip_funneler_56.jpg,0.06694824248552322,0.06521514803171158,-0.0017330944538116455,8.362191665917635,0.7155394554138184,0.43158015608787537,0.43158015608787537,32.62787899996056,22.47834000002058,real_npy,0,1
39,/mnt/c/Users/Chirayu/Documents/GitHub/2D-to-3D-image-reconstruction/facescape_224/fsmview_trainset_2_12_lip_puckerer_31.jpg,0.10846898704767227,0.14293330907821655,0.03446432203054428,7.325057454407215,0.6570585370063782,0.4569994807243347,0.4569994807243347,24.235150999970756,55.13766799992936,real_npy,0,1
40,/mnt/c/Users/Chirayu/Documents/GitHub/2D-to-3D-image-reconstruction/facescape_224/fsmview_trainset_5_19_brow_raiser_34.jpg,0.044569164514541626,50.957008361816406,50.912439197301865,141.8942407667637,55.25772476196289,0.43452566862106323,0.43452566862106323,22.852936999925078,19.982993999974497,real_npy,1,1
41,/mnt/c/Users/Chirayu/Documents/GitHub/2D-to-3D-image-reconstruction/facescape_224/fsmview_trainset_15_9_mouth_right_19.jpg,0.07193708419799805,0.0932401642203331,0.021303080022335052,8.04564561508596,0.6761459708213806,0.5738368630409241,0.5738368630409241,21.924136000052385,22.04839399996672,real_npy,0,1
42,/mnt/c/Users/Chirayu/Documents/GitHub/2D-to-3D-image-reconstruction/facescape_224/fsmview_trainset_14_16_grin_63.jpg,0.03626100346446037,0.03255343437194824,-0.0037075690925121307,7.752123955637217,0.6944452524185181,0.3643465042114258,0.3643465042114258,40.13524000004054,28.845871999919837,real_npy,0,1
43,/mnt/c/Users/Chirayu/Documents/GitHub/2D-to-3D-image-reconstruction/facescape_224/fsmview_trainset_20_12_lip_puckerer_13.jpg,0.05699031054973602,0.05879833921790123,0.001808028668165207,8.910030450671911,0.7262620329856873,0.3965231776237488,0.3965231776237488,22.216086999947038,56.935345999932,real_npy,0,1
44,/mnt/c/Users/Chirayu/Documents/GitHub/2D-to-3D-image-reconstruction/facescape_224/fsmview_trainset_6_9_mouth_right_32.jpg,0.04959479346871376,0.05163189768791199,0.002037104219198227,7.778632029891014,0.6466240286827087,0.2980691194534302,0.2980691194534302,20.36152999994556,29.186815000002753,real_npy,0,1
45,/mnt/c/Users/Chirayu/Documents/GitHub/2D-to-3D-image-reconstruction/facescape_224/fsmview_trainset_1_15_lip_roll_29.jpg,0.07380671054124832,0.08921291679143906,0.015406206250190735,7.981178265064955,0.6668440103530884,0.42207491397857666,0.42207491397857666,32.93569900006332,20.765297999901122,real_npy,0,1
46,/mnt/c/Users/Chirayu/Documents/GitHub/2D-to-3D-image-reconstruction/facescape_224/fsmview_trainset_20_16_grin_29.jpg,0.140498548746109,1.1277005672454834,0.9872020184993744,24.426944106817245,2.358285903930664,0.34527483582496643,0.34527483582496643,20.68016699990949,26.068592000001445,real_npy,0,1
47,/mnt/c/Users/Chirayu/Documents/GitHub/2D-to-3D-image-reconstruction/facescape_224/fsmview_trainset_20_7_jaw_forward_64.jpg,0.2949202358722687,0.29714131355285645,0.0022210776805877686,7.407080374658108,0.6983867883682251,0.45648670196533203,0.45648670196533203,22.034498000039093,19.634584999948856,real_npy,0,1
48,/mnt/c/Users/Chirayu/Documents/GitHub/2D-to-3D-image-reconstruction/facescape_224/fsmview_trainset_12_8_mouth_left_29.jpg,0.04842521995306015,0.04524560645222664,-0.0031796135008335114,8.451568841934204,0.7027595639228821,0.4136093556880951,0.4136093556880951,20.361793999995825,19.6957340000381,real_npy,0,1
49,/mnt/c/Users/Chirayu/Documents/GitHub/2D-to-3D-image-reconstruction/facescape_224/fsmview_trainset_13_7_jaw_forward_44.jpg,0.04211561381816864,0.04649585857987404,0.0043802447617053986,8.632901102304459,0.7413310408592224,0.3258798122406006,0.3258798122406006,57.44834600000104,21.248901000035403,real_npy,0,1
50,/mnt/c/Users/Chirayu/Documents/GitHub/2D-to-3D-image-reconstruction/facescape_224/fsmview_trainset_13_20_brow_lower_47.jpg,0.05327756330370903,0.059682488441467285,0.006404925137758255,7.89611354470253,0.6568834781646729,0.4178984761238098,0.4178984761238098,23.106234000010772,20.92059100004917,real_npy,0,1
51,/mnt/c/Users/Chirayu/Documents/GitHub/2D-to-3D-image-reconstruction/facescape_224/fsmview_trainset_18_18_eye_closed_42.jpg,0.03486988693475723,0.03595864027738571,0.001088753342628479,7.854551404714584,0.6497817039489746,0.32483065128326416,0.32483065128326416,19.783308000000943,20.070278000048347,real_npy,0,1
52,/mnt/c/Users/Chirayu/Documents/GitHub/2D-to-3D-image-reconstruction/facescape_224/fsmview_trainset_6_4_anger_40.jpg,0.24715524911880493,0.25992050766944885,0.012765258550643921,6.885138861835003,0.6772919297218323,0.39704859256744385,0.39704859256744385,19.873265999990508,20.390863999978137,real_npy,0,1
53,/mnt/c/Users/Chirayu/Documents/GitHub/2D-to-3D-image-reconstruction/facescape_224/fsmview_trainset_3_3_mouth_stretch_21.jpg,0.03201556205749512,0.0356462225317955,0.0036306604743003845,7.842136353254318,0.7159839868545532,0.32566893100738525,0.32566893100738525,22.120616000051996,22.055301000023064,real_npy,0,1
54,/mnt/c/Users/Chirayu/Documents/GitHub/2D-to-3D-image-reconstruction/facescape_224/fsmview_trainset_5_16_grin_32.jpg,0.05919875204563141,0.0658344104886055,0.006635658442974091,7.902219511568546,0.688287079334259,0.327193021774292,0.327193021774292,22.222094999960973,22.12617500003944,real_npy,0,1
55,/mnt/c/Users/Chirayu/Documents/GitHub/2D-to-3D-image-reconstruction/facescape_224/fsmview_trainset_20_3_mouth_stretch_47.jpg,0.1339634507894516,10.090147018432617,9.956183567643166,75.24847884476185,13.661614418029785,0.6468546390533447,0.6468546390533447,21.49974300004942,21.63673600000493,real_npy,1,1
56,/mnt/c/Users/Chirayu/Documents/GitHub/2D-to-3D-image-reconstruction/facescape_224/fsmview_trainset_12_13_lip_funneler_27.jpg,0.07334200292825699,0.07621636986732483,0.0028743669390678406,9.013925226405263,0.7754518985748291,0.5505934357643127,0.5505934357643127,31.54554500008544,21.39554199993654,real_npy,0,1
57,/mnt/c/Users/Chirayu/Documents/GitHub/2D-to-3D-image-reconstruction/facescape_224/fsmview_trainset_18_3_mouth_stretch_9.jpg,0.04391631856560707,0.04306993633508682,-0.0008463822305202484,8.160364851355553,0.7432140707969666,0.32537931203842163,0.32537931203842163,30.12881600000128,19.92910700005268,real_npy,0,1
58,/mnt/c/Users/Chirayu/Documents/GitHub/2D-to-3D-image-reconstruction/facescape_224/fsmview_trainset_9_3_mouth_stretch_2.jpg,0.06888027489185333,0.0792115107178688,0.010331235826015472,8.214037083089352,0.7471179962158203,0.3780031204223633,0.3780031204223633,20.584314999950948,20.227782999995725,real_npy,0,1
59,/mnt/c/Users/Chirayu/Documents/GitHub/2D-to-3D-image-reconstruction/facescape_224/fsmview_trainset_20_10_dimpler_26.jpg,0.052755169570446014,0.062273405492305756,0.009518235921859741,8.058136850595474,0.7094124555587769,0.4767512381076813,0.4767512381076813,21.42489100003786,21.53770299992175,real_npy,0,1
60,/mnt/c/Users/Chirayu/Documents/GitHub/2D-to-3D-image-reconstruction/facescape_224/fsmview_trainset_15_6_jaw_right_42.jpg,0.04481155797839165,0.04744311794638634,0.00263155996799469,8.247044660151005,0.69621342420578,0.567866861820221,0.567866861820221,20.848818999979812,19.814567000025818,real_npy,0,1
61,/mnt/c/Users/Chirayu/Documents/GitHub/2D-to-3D-image-reconstruction/facescape_224/fsmview_trainset_7_11_chin_raiser_8.jpg,0.04512600228190422,264.9416809082031,264.8965549059212,310.0131585597992,299.2960510253906,0.3839183747768402,0.3839183747768402,21.59628200001862,18.68239399993854,real_npy,1,1
62,/mnt/c/Users/Chirayu/Documents/GitHub/2D-to-3D-image-reconstruction/facescape_224/fsmview_trainset_7_17_cheek_blowing_27.jpg,0.059847403317689896,0.0735292136669159,0.013681810349225998,8.348807545378804,0.6829115748405457,0.32437363266944885,0.32437363266944885,58.649758000001384,24.795988000050784,real_npy,0,1
63,/mnt/c/Users/Chirayu/Documents/GitHub/2D-to-3D-image-reconstruction/facescape_224/fsmview_trainset_11_1_neutral_19.jpg,0.06912530213594437,0.07186654955148697,0.0027412474155426025,8.82494043931365,0.7163251042366028,0.535876452922821,0.535876452922821,33.124530000009145,22.878727000033905,real_npy,0,1
64,/mnt/c/Users/Chirayu/Documents/GitHub/2D-to-3D-image-reconstruction/facescape_224/fsmview_trainset_2_11_chin_raiser_8.jpg,0.051243074238300323,2.130241632461548,2.0789985582232475,34.033730916678905,3.5838053226470947,0.46240171790122986,0.46240171790122986,21.91971000002013,28.51958199994442,real_npy,1,1
65,/mnt/c/Users/Chirayu/Documents/GitHub/2D-to-3D-image-reconstruction/facescape_224/fsmview_trainset_11_16_grin_59.jpg,0.0783563107252121,0.102228544652462,0.02387223392724991,8.021215446293354,0.686062216758728,0.415808767080307,0.415808767080307,20.412918000033642,19.409331000019847,real_npy,0,1
66,/mnt/c/Users/Chirayu/Documents/GitHub/2D-to-3D-image-reconstruction/facescape_224/fsmview_trainset_20_12_lip_puckerer_24.jpg,0.03806820511817932,0.040960874408483505,0.002892669290304184,7.795532565563917,0.640856921672821,0.4573996365070343,0.4573996365070343,21.2510740000198,20.13750200001141,real_npy,0,1
67,/mnt/c/Users/Chirayu/Documents/GitHub/2D-to-3D-image-reconstruction/facescape_224/fsmview_trainset_2_13_lip_funneler_38.jpg,0.0847928524017334,0.0964648425579071,0.011671990156173706,7.999909345060587,0.7110863327980042,0.3879821002483368,0.3879821002483368,55.282071999954496,21.7561869999372,real_npy,0,1
68,/mnt/c/Users/Chirayu/Documents/GitHub/2D-to-3D-image-reconstruction/facescape_224/fsmview_trainset_8_7_jaw_forward_33.jpg,0.03344448283314705,13.272107124328613,13.238662641495466,79.45066447556019,14.527006149291992,0.28824177384376526,0.28824177384376526,33.110712000052445,86.24451699995461,real_npy,1,1
69,/mnt/c/Users/Chirayu/Documents/GitHub/2D-to-3D-image-reconstruction/facescape_224/fsmview_trainset_9_3_mouth_stretch_23.jpg,0.046124860644340515,0.049937304109334946,0.0038124434649944305,7.353833731263876,0.7270787358283997,0.2986826002597809,0.2986826002597809,20.75243199999477,20.165963999943415,real_npy,0,1
70,/mnt/c/Users/Chirayu/Documents/GitHub/2D-to-3D-image-reconstruction/facescape_224/fsmview_trainset_14_10_dimpler_6.jpg,0.23105724155902863,0.7805233597755432,0.5494661182165146,19.33950430713594,1.5931354761123657,0.5996689200401306,0.5996689200401306,20.78612000002522,47.35371499998564,real_npy,0,1
71,/mnt/c/Users/Chirayu/Documents/GitHub/2D-to-3D-image-reconstruction/facescape_224/fsmview_trainset_3_10_dimpler_58.jpg,0.6394360065460205,0.6184252500534058,-0.021010756492614746,6.93526978418231,0.6508702039718628,0.3562989830970764,0.3562989830970764,32.810777000008784,20.55206900001849,real_npy,0,1
72,/mnt/c/Users/Chirayu/Documents/GitHub/2D-to-3D-image-reconstruction/facescape_224/fsmview_trainset_13_14_sadness_7.jpg,0.04226433485746384,0.04595532640814781,0.0036909915506839752,8.810215696692467,0.759461522102356,0.40943455696105957,0.40943455696105957,89.35439800006861,37.211737000006906,real_npy,0,1
73,/mnt/c/Users/Chirayu/Documents/GitHub/2D-to-3D-image-reconstruction/facescape_224/fsmview_trainset_10_14_sadness_54.jpg,0.04615836590528488,0.04882599413394928,0.002667628228664398,8.29642747854814,0.7073806524276733,0.28871238231658936,0.28871238231658936,21.357915999942634,20.439296000063223,real_npy,0,1
74,/mnt/c/Users/Chirayu/Documents/GitHub/2D-to-3D-image-reconstruction/facescape_224/fsmview_trainset_6_16_grin_42.jpg,0.2051938772201538,0.21135859191417694,0.006164714694023132,6.397937618196011,0.6517249941825867,0.4100187420845032,0.4100187420845032,21.833896999964963,22.543277000067974,real_npy,0,0
75,/mnt/c/Users/Chirayu/Documents/GitHub/2D-to-3D-image-reconstruction/facescape_224/fsmview_trainset_18_2_smile_23.jpg,0.04213762283325195,0.041723720729351044,-0.0004139021039009094,8.943476685788482,0.7410044074058533,0.433594673871994,0.433594673871994,46.70216800002436,20.585742000093887,real_npy,0,1
76,/mnt/c/Users/Chirayu/Documents/GitHub/2D-to-3D-image-reconstruction/facescape_224/fsmview_trainset_4_15_lip_roll_47.jpg,0.03837903216481209,50.06556701660156,50.02718798443675,140.7391680777073,54.718528747558594,0.2912098169326782,0.2912098169326782,22.048632000064572,18.58530399999836,real_npy,1,1
77,/mnt/c/Users/Chirayu/Documents/GitHub/2D-to-3D-image-reconstruction/facescape_224/fsmview_trainset_5_10_dimpler_39.jpg,0.2670011520385742,0.29615098237991333,0.02914983034133911,7.740332558751106,0.7030572295188904,0.42076393961906433,0.42076393961906433,44.429905000015424,45.03790300009314,real_npy,0,1
78,/mnt/c/Users/Chirayu/Documents/GitHub/2D-to-3D-image-reconstruction/facescape_224/fsmview_trainset_18_19_brow_raiser_42.jpg,0.10247814655303955,0.0947226956486702,-0.007755450904369354,8.843261897563934,0.8240828514099121,0.4893304705619812,0.4893304705619812,22.476839999967524,21.559678000016902,real_npy,0,1
79,/mnt/c/Users/Chirayu/Documents/GitHub/2D-to-3D-image-reconstruction/facescape_224/fsmview_trainset_11_19_brow_raiser_6.jpg,0.20789967477321625,8.650276184082031,8.442376509308815,65.22795391082764,10.782588005065918,0.6263300776481628,0.6263300776481628,20.589381000036155,18.621071999973537,real_npy,1,1
80,/mnt/c/Users/Chirayu/Documents/GitHub/2D-to-3D-image-reconstruction/facescape_224/fsmview_trainset_11_18_eye_closed_51.jpg,0.7994818091392517,13.012307167053223,12.212825357913971,81.94745403528214,16.553068161010742,0.645382821559906,0.645382821559906,55.87077099994531,19.443083000055594,real_npy,1,1
81,/mnt/c/Users/Chirayu/Documents/GitHub/2D-to-3D-image-reconstruction/facescape_224/fsmview_trainset_1_4_anger_22.jpg,0.032559361308813095,1353.561279296875,1353.5287199355662,690.2524974346161,1454.5574951171875,0.3814079165458679,0.3814079165458679,21.84805999991113,21.02782399992975,real_npy,1,1
82,/mnt/c/Users/Chirayu/Documents/GitHub/2D-to-3D-image-reconstruction/facescape_224/fsmview_trainset_7_5_jaw_left_36.jpg,0.10658285021781921,0.11527949571609497,0.008696645498275757,7.828771710395813,0.7123762369155884,0.3903273046016693,0.3903273046016693,22.427922000019862,21.445433999929264,real_npy,0,1
83,/mnt/c/Users/Chirayu/Documents/GitHub/2D-to-3D-image-reconstruction/facescape_224/fsmview_trainset_8_3_mouth_stretch_19.jpg,0.04016159474849701,0.039185792207717896,-0.0009758025407791138,7.570784858427942,0.7416374087333679,0.25972944498062134,0.25972944498062134,21.12067999996725,21.3456540000152,real_npy,0,1
84,/mnt/c/Users/Chirayu/Documents/GitHub/2D-to-3D-image-reconstruction/facescape_224/fsmview_trainset_17_14_sadness_49.jpg,0.20972003042697906,0.19107691943645477,-0.018643110990524292,8.017110828310251,0.6553537845611572,0.43081820011138916,0.43081820011138916,21.755054000095697,21.322699999927863,real_npy,0,1
85,/mnt/c/Users/Chirayu/Documents/GitHub/2D-to-3D-image-reconstruction/facescape_224/fsmview_trainset_9_3_mouth_stretch_53.jpg,0.06974474340677261,0.06892173737287521,-0.0008230060338973999,7.878434766083956,0.7668938040733337,0.45970505475997925,0.45970505475997925,21.441224999989572,20.11871499996687,real_npy,0,1
86,/mnt/c/Users/Chirayu/Documents/GitHub/2D-to-3D-image-reconstruction/facescape_224/fsmview_trainset_5_17_cheek_blowing_2.jpg,0.047176484018564224,0.045136190950870514,-0.0020402930676937103,8.209791325032711,0.6669399738311768,0.4266803562641144,0.4266803562641144,20.27834000000439,20.481205999999474,real_npy,0,1
87,/mnt/c/Users/Chirayu/Documents/GitHub/2D-to-3D-image-reconstruction/facescape_224/fsmview_trainset_20_7_jaw_forward_4.jpg,0.5260580778121948,0.4159853756427765,-0.11007270216941833,10.763132290914655,0.9916861057281494,0.5671112537384033,0.5671112537384033,55.07115299997167,21.27394199999344,real_npy,0,1
88,/mnt/c/Users/Chirayu/Documents/GitHub/2D-to-3D-image-reconstruction/facescape_224/fsmview_trainset_12_4_anger_14.jpg,0.05726105347275734,0.05604106932878494,-0.0012199841439723969,9.275211619213223,0.7597612738609314,0.5405752658843994,0.5405752658843994,20.366502000001674,20.906816999968214,real_npy,0,1
89,/mnt/c/Users/Chirayu/Documents/GitHub/2D-to-3D-image-reconstruction/facescape_224/fsmview_trainset_10_3_mouth_stretch_53.jpg,0.1590970903635025,0.16852498054504395,0.009427890181541443,7.169244974851608,0.6850372552871704,0.28949108719825745,0.28949108719825745,24.10706300008769,21.039236999968125,real_npy,0,1
90,/mnt/c/Users/Chirayu/Documents/GitHub/2D-to-3D-image-reconstruction/facescape_224/fsmview_trainset_5_12_lip_puckerer_18.jpg,0.03345566987991333,4.95008659362793,4.916630923748016,49.43433998525143,6.045115947723389,0.40577077865600586,0.40577077865600586,22.157687000003534,31.056247999913467,real_npy,1,1
91,/mnt/c/Users/Chirayu/Documents/GitHub/2D-to-3D-image-reconstruction/facescape_224/fsmview_trainset_19_16_grin_26.jpg,0.05871189385652542,0.05498514324426651,-0.003726750612258911,9.085995770990849,0.7637441754341125,0.44511106610298157,0.44511106610298157,21.738050000067233,22.767143000010037,real_npy,0,1
92,/mnt/c/Users/Chirayu/Documents/GitHub/2D-to-3D-image-reconstruction/facescape_224/fsmview_trainset_5_13_lip_funneler_12.jpg,0.05855727568268776,0.06165941432118416,0.003102138638496399,8.272807259112597,0.7044641375541687,0.41037556529045105,0.41037556529045105,22.181658000022253,21.86987900006443,real_npy,0,1
93,/mnt/c/Users/Chirayu/Documents/GitHub/2D-to-3D-image-reconstruction/facescape_224/fsmview_trainset_4_13_lip_funneler_31.jpg,0.03592554107308388,9.31217098236084,9.276245441287756,66.66275770962238,10.503433227539062,0.2567184567451477,0.2567184567451477,20.755179000047974,20.877344999917113,real_npy,1,1
94,/mnt/c/Users/Chirayu/Documents/GitHub/2D-to-3D-image-reconstruction/facescape_224/fsmview_trainset_5_2_smile_9.jpg,0.05049770325422287,0.04882730543613434,-0.0016703978180885315,7.982551287859678,0.6563557982444763,0.3599402904510498,0.3599402904510498,20.960700000046018,20.783014999892657,real_npy,0,1
95,/mnt/c/Users/Chirayu/Documents/GitHub/2D-to-3D-image-reconstruction/facescape_224/fsmview_trainset_5_12_lip_puckerer_47.jpg,0.08044765889644623,0.10437502712011337,0.023927368223667145,9.196719063445926,0.7851344347000122,0.46147456765174866,0.46147456765174866,21.959815999935017,19.726439999999457,real_npy,0,1
96,/mnt/c/Users/Chirayu/Documents/GitHub/2D-to-3D-image-reconstruction/facescape_224/fsmview_trainset_14_5_jaw_left_49.jpg,0.759168267250061,0.6972737312316895,-0.06189453601837158,7.405028626322746,0.7103431224822998,0.5768978595733643,0.5768978595733643,20.51020300007167,21.32181500007846,real_npy,0,1
97,/mnt/c/Users/Chirayu/Documents/GitHub/2D-to-3D-image-reconstruction/facescape_224/fsmview_trainset_15_3_mouth_stretch_49.jpg,0.08391997218132019,0.09087438881397247,0.006954416632652283,8.44728109240532,0.7269731760025024,0.6070230603218079,0.6070230603218079,32.04450300006556,32.27546999994502,real_npy,0,1
98,/mnt/c/Users/Chirayu/Documents/GitHub/2D-to-3D-image-reconstruction/facescape_224/fsmview_trainset_19_18_eye_closed_54.jpg,0.0588606521487236,0.0712306872010231,0.0123700350522995,9.16239906521514,0.7839773893356323,0.28122466802597046,0.28122466802597046,23.77907600009621,21.652684999935445,real_npy,0,1
99,/mnt/c/Users/Chirayu/Documents/GitHub/2D-to-3D-image-reconstruction/facescape_224/fsmview_trainset_7_2_smile_11.jpg,0.3024848401546478,22.945539474487305,22.643054634332657,103.86040538549423,29.124780654907227,0.591524600982666,0.591524600982666,23.37130800003706,20.503240000039114,real_npy,1,1
100,/mnt/c/Users/Chirayu/Documents/GitHub/2D-to-3D-image-reconstruction/facescape_224/fsmview_trainset_19_7_jaw_forward_7.jpg,0.06320352852344513,0.08639974892139435,0.02319622039794922,8.450226908549666,0.6889721155166626,0.20117506384849548,0.20117506384849548,23.569111000028897,20.210874999975204,real_npy,0,1
101,/mnt/c/Users/Chirayu/Documents/GitHub/2D-to-3D-image-reconstruction/facescape_224/fsmview_trainset_14_5_jaw_left_64.jpg,0.061451807618141174,0.06193120405077934,0.00047939643263816833,8.115562550723553,0.777996838092804,0.415963351726532,0.415963351726532,23.22806900008345,21.995664999963083,real_npy,0,1
102,/mnt/c/Users/Chirayu/Documents/GitHub/2D-to-3D-image-reconstruction/facescape_224/fsmview_trainset_17_19_brow_raiser_30.jpg,0.05125506967306137,0.047152578830718994,-0.004102490842342377,8.844341617077589,0.7189651131629944,0.29127731919288635,0.29127731919288635,20.96755500008385,20.736010999939936,real_npy,0,1
103,/mnt/c/Users/Chirayu/Documents/GitHub/2D-to-3D-image-reconstruction/facescape_224/fsmview_trainset_2_2_smile_6.jpg,0.07536900788545609,0.09016501158475876,0.014796003699302673,8.761041954159737,0.7691994309425354,0.38911545276641846,0.38911545276641846,24.69634400006271,32.94476200005647,real_npy,0,1
104,/mnt/c/Users/Chirayu/Documents/GitHub/2D-to-3D-image-reconstruction/facescape_224/fsmview_trainset_20_2_smile_33.jpg,0.04168079048395157,0.04741446301341057,0.005733672529459,7.57990163937211,0.7090132832527161,0.479145884513855,0.479145884513855,21.304444000065814,20.651802000088537,real_npy,0,1
105,/mnt/c/Users/Chirayu/Documents/GitHub/2D-to-3D-image-reconstruction/facescape_224/fsmview_trainset_18_4_anger_7.jpg,0.05223175510764122,0.05776110291481018,0.005529347807168961,8.027778536081314,0.6969159245491028,0.2918267846107483,0.2918267846107483,40.642573000013726,35.95001799999409,real_npy,0,1
106,/mnt/c/Users/Chirayu/Documents/GitHub/2D-to-3D-image-reconstruction/facescape_224/fsmview_trainset_11_19_brow_raiser_61.jpg,0.813043475151062,0.8386393189430237,0.02559584379196167,7.911617062985897,0.6600459218025208,0.5321911573410034,0.5321911573410034,23.64818400008062,20.688033999931577,real_npy,0,1
107,/mnt/c/Users/Chirayu/Documents/GitHub/2D-to-3D-image-reconstruction/facescape_224/fsmview_trainset_12_8_mouth_left_32.jpg,0.31259047985076904,0.2987035810947418,-0.013886898756027222,7.796267956495285,0.7847267985343933,0.5071002840995789,0.5071002840995789,70.25963800003865,19.497677000003932,real_npy,0,1
108,/mnt/c/Users/Chirayu/Documents/GitHub/2D-to-3D-image-reconstruction/facescape_224/fsmview_trainset_14_14_sadness_62.jpg,0.3682540953159332,0.35516786575317383,-0.0130862295627594,7.279300048947334,0.6037614345550537,0.5168671011924744,0.5168671011924744,31.66853400000491,23.04470699993999,real_npy,0,1
109,/mnt/c/Users/Chirayu/Documents/GitHub/2D-to-3D-image-reconstruction/facescape_224/fsmview_trainset_9_6_jaw_right_23.jpg,0.05212855339050293,0.05366755276918411,0.0015389993786811829,8.728308469988406,0.7301198840141296,0.42426565289497375,0.42426565289497375,20.5750900000794,19.469176999905358,real_npy,0,1
110,/mnt/c/Users/Chirayu/Documents/GitHub/2D-to-3D-image-reconstruction/facescape_224/fsmview_trainset_3_2_smile_47.jpg,0.07933472096920013,0.10079360753297806,0.021458886563777924,9.151720764115453,0.737251877784729,0.4756621718406677,0.4756621718406677,58.919779999996535,21.00439399998777,real_npy,0,1
111,/mnt/c/Users/Chirayu/Documents/GitHub/2D-to-3D-image-reconstruction/facescape_224/fsmview_trainset_18_11_chin_raiser_19.jpg,0.055309731513261795,0.12196189165115356,0.06665216013789177,9.094783566892147,0.7484736442565918,0.4180615544319153,0.4180615544319153,22.111443000085274,20.196080000005168,real_npy,0,1
112,/mnt/c/Users/Chirayu/Documents/GitHub/2D-to-3D-image-reconstruction/facescape_224/fsmview_trainset_13_3_mouth_stretch_8.jpg,0.04441079869866371,0.044443074613809586,3.2275915145874023e-05,7.583224218338728,0.6824615597724915,0.32488664984703064,0.32488664984703064,22.388392000038948,20.649453000032736,real_npy,0,1
113,/mnt/c/Users/Chirayu/Documents/GitHub/2D-to-3D-image-reconstruction/facescape_224/fsmview_trainset_4_13_lip_funneler_20.jpg,0.03715170919895172,5.211765289306641,5.174613580107689,50.12736192345619,6.550501823425293,0.2686648666858673,0.2686648666858673,20.254135000072893,57.530953999958,real_npy,1,1
114,/mnt/c/Users/Chirayu/Documents/GitHub/2D-to-3D-image-reconstruction/facescape_224/fsmview_trainset_17_15_lip_roll_3.jpg,0.06289989501237869,0.06165647506713867,-0.0012434199452400208,7.766842193901539,0.6620659232139587,0.39266979694366455,0.39266979694366455,21.692232999953376,19.84314500009532,real_npy,0,1
115,/mnt/c/Users/Chirayu/Documents/GitHub/2D-to-3D-image-reconstruction/facescape_224/fsmview_trainset_19_2_smile_50.jpg,0.05452077463269234,0.054307710379362106,-0.0002130642533302307,8.856370916590095,0.6828626990318298,0.3927384912967682,0.3927384912967682,23.108780000029583,52.21611299998585,real_npy,0,1
116,/mnt/c/Users/Chirayu/Documents/GitHub/2D-to-3D-image-reconstruction/facescape_224/fsmview_trainset_13_14_sadness_18.jpg,0.04318294674158096,0.043511662632226944,0.00032871589064598083,9.01649983227253,0.7939644455909729,0.32346799969673157,0.32346799969673157,34.70595700002832,20.235221000007186,real_npy,0,1
117,/mnt/c/Users/Chirayu/Documents/GitHub/2D-to-3D-image-reconstruction/facescape_224/fsmview_trainset_8_14_sadness_24.jpg,0.0317285992205143,0.03177222982048988,4.363059997558594e-05,7.716305086389184,0.6556546092033386,0.27247345447540283,0.27247345447540283,21.724427000094693,20.661734999976034,real_npy,0,1
118,/mnt/c/Users/Chirayu/Documents/GitHub/2D-to-3D-image-reconstruction/facescape_224/fsmview_trainset_5_3_mouth_stretch_16.jpg,0.03210318088531494,320.8249206542969,320.79281747341156,345.46931678056717,373.6446838378906,0.29223939776420593,0.29223939776420593,21.61929700002929,17.925228999956744,real_npy,1,1
119,/mnt/c/Users/Chirayu/Documents/GitHub/2D-to-3D-image-reconstruction/facescape_224/fsmview_trainset_8_6_jaw_right_38.jpg,0.16493278741836548,0.14937318861484528,-0.015559598803520203,8.163853161036968,0.8441294431686401,0.48668181896209717,0.48668181896209717,20.32091799992486,20.852614999967045,real_npy,0,1
120,/mnt/c/Users/Chirayu/Documents/GitHub/2D-to-3D-image-reconstruction/facescape_224/fsmview_trainset_13_8_mouth_left_57.jpg,0.6641355156898499,0.7515037655830383,0.08736824989318848,6.946414198726416,0.709835946559906,0.42964106798171997,0.42964106798171997,32.59273399999074,19.65554200000952,real_npy,0,1
121,/mnt/c/Users/Chirayu/Documents/GitHub/2D-to-3D-image-reconstruction/facescape_224/fsmview_trainset_8_4_anger_35.jpg,0.03366708755493164,0.03864743560552597,0.00498034805059433,7.816837161779404,0.6504501700401306,0.2984746992588043,0.2984746992588043,21.82764600001974,22.861242999965725,real_npy,0,1
122,/mnt/c/Users/Chirayu/Documents/GitHub/2D-to-3D-image-reconstruction/facescape_224/fsmview_trainset_1_19_brow_raiser_31.jpg,0.03894825652241707,107.79120635986328,107.75225810334086,198.03485357761383,131.1923370361328,0.3074721097946167,0.3074721097946167,70.15470200008167,19.65925399997559,real_npy,1,1
123,/mnt/c/Users/Chirayu/Documents/GitHub/2D-to-3D-image-reconstruction/facescape_224/fsmview_trainset_19_2_smile_7.jpg,0.0358644537627697,0.04238327592611313,0.0065188221633434296,8.320141980424523,0.7047308683395386,0.19844448566436768,0.19844448566436768,21.316528000056678,19.864170000005288,real_npy,0,1
124,/mnt/c/Users/Chirayu/Documents/GitHub/2D-to-3D-image-reconstruction/facescape_224/fsmview_trainset_19_18_eye_closed_49.jpg,0.45412477850914,2.3266870975494385,1.8725623190402985,34.16243514418602,3.55698823928833,0.3674760162830353,0.3674760162830353,21.068222000053538,31.489814999986265,real_npy,1,1
125,/mnt/c/Users/Chirayu/Documents/GitHub/2D-to-3D-image-reconstruction/facescape_224/fsmview_trainset_14_16_grin_38.jpg,0.05861203745007515,0.048585765063762665,-0.010026272386312485,7.883458528667688,0.6775665283203125,0.3453919589519501,0.3453919589519501,22.154935000003206,21.3917850001053,real_npy,0,1
126,/mnt/c/Users/Chirayu/Documents/GitHub/2D-to-3D-image-reconstruction/facescape_224/fsmview_trainset_1_16_grin_12.jpg,0.05236782878637314,0.057111550122499466,0.0047437213361263275,7.722885496914387,0.7363298535346985,0.3341594934463501,0.3341594934463501,21.63668499997584,21.507967000047756,real_npy,0,1
127,/mnt/c/Users/Chirayu/Documents/GitHub/2D-to-3D-image-reconstruction/facescape_224/fsmview_trainset_16_12_lip_puckerer_19.jpg,0.06888481974601746,0.06856141239404678,-0.0003234073519706726,8.559370692819357,0.7169466614723206,0.37460312247276306,0.37460312247276306,21.08192200000758,22.535025999900427,real_npy,0,1
128,/mnt/c/Users/Chirayu/Documents/GitHub/2D-to-3D-image-reconstruction/facescape_224/fsmview_trainset_4_12_lip_puckerer_0.jpg,0.12795530259609222,0.1306132972240448,0.0026579946279525757,8.453269217163324,0.7459313273429871,0.2667295038700104,0.2667295038700104,22.081956000079117,22.872271999972327,real_npy,0,1
129,/mnt/c/Users/Chirayu/Documents/GitHub/2D-to-3D-image-reconstruction/facescape_224/fsmview_trainset_4_4_anger_12.jpg,0.057735562324523926,0.0921298936009407,0.03439433127641678,7.514705199748278,0.7044792175292969,0.28307652473449707,0.28307652473449707,25.277651000010337,26.326113999971312,real_npy,0,1
130,/mnt/c/Users/Chirayu/Documents/GitHub/2D-to-3D-image-reconstruction/facescape_224/fsmview_trainset_2_20_brow_lower_29.jpg,0.09954163432121277,0.12105447053909302,0.02151283621788025,8.178429674357176,0.6796837449073792,0.32357504963874817,0.32357504963874817,24.33113000006415,23.823763999985204,real_npy,0,1
131,/mnt/c/Users/Chirayu/Documents/GitHub/2D-to-3D-image-reconstruction/facescape_224/fsmview_trainset_3_16_grin_3.jpg,0.04859765246510506,0.04785812646150589,-0.0007395260035991669,7.12218614295125,0.6790422201156616,0.3760710060596466,0.3760710060596466,23.797149999950307,21.733534999953008,real_npy,0,1
132,/mnt/c/Users/Chirayu/Documents/GitHub/2D-to-3D-image-reconstruction/facescape_224/fsmview_trainset_14_4_anger_8.jpg,0.47619280219078064,0.5318665504455566,0.055673748254776,8.479241397231817,0.7339565753936768,0.5535610318183899,0.5535610318183899,22.286543999939568,30.54581700007475,real_npy,0,1
133,/mnt/c/Users/Chirayu/Documents/GitHub/2D-to-3D-image-reconstruction/facescape_224/fsmview_trainset_11_5_jaw_left_27.jpg,0.03250204771757126,201.65623474121094,201.62373269349337,265.7948985695839,260.7001647949219,0.5232556462287903,0.5232556462287903,24.435631999949692,21.830512000065028,real_npy,1,1
134,/mnt/c/Users/Chirayu/Documents/GitHub/2D-to-3D-image-reconstruction/facescape_224/fsmview_trainset_12_13_lip_funneler_10.jpg,0.4882369339466095,0.44150570034980774,-0.04673123359680176,6.716712668538094,0.6052160859107971,0.5487250089645386,0.5487250089645386,22.7498880000212,21.056392999980744,real_npy,0,1
135,/mnt/c/Users/Chirayu/Documents/GitHub/2D-to-3D-image-reconstruction/facescape_224/fsmview_trainset_3_5_jaw_left_2.jpg,0.08088884502649307,0.09893498569726944,0.018046140670776367,7.700841650366783,0.7230704426765442,0.4267158806324005,0.4267158806324005,19.928446999983862,21.969710999997005,real_npy,0,1
136,/mnt/c/Users/Chirayu/Documents/GitHub/2D-to-3D-image-reconstruction/facescape_224/fsmview_trainset_18_9_mouth_right_32.jpg,0.2282050997018814,1438.337158203125,1438.1089531034231,708.449311375618,1521.3819580078125,0.25222504138946533,0.25222504138946533,21.611001999986,20.642398000063622,real_npy,1,1
137,/mnt/c/Users/Chirayu/Documents/GitHub/2D-to-3D-image-reconstruction/facescape_224/fsmview_trainset_9_1_neutral_36.jpg,0.1637682020664215,0.18050746619701385,0.016739264130592346,7.56510167568922,0.6599400639533997,0.3627096116542816,0.3627096116542816,48.958083999991686,45.48343500005103,real_npy,0,1
138,/mnt/c/Users/Chirayu/Documents/GitHub/2D-to-3D-image-reconstruction/facescape_224/fsmview_trainset_9_9_mouth_right_57.jpg,0.6391578316688538,0.7326245307922363,0.09346669912338257,9.430906128138304,0.8236684799194336,0.4303637742996216,0.4303637742996216,50.48090500008584,23.41833200000565,real_npy,0,1
139,/mnt/c/Users/Chirayu/Documents/GitHub/2D-to-3D-image-reconstruction/facescape_224/fsmview_trainset_4_3_mouth_stretch_23.jpg,0.03782095015048981,0.03755730763077736,-0.0002636425197124481,8.140517570078373,0.6803330183029175,0.2932663857936859,0.2932663857936859,59.92969199996878,20.63273199996729,real_npy,0,1
140,/mnt/c/Users/Chirayu/Documents/GitHub/2D-to-3D-image-reconstruction/facescape_224/fsmview_trainset_8_8_mouth_left_40.jpg,0.2746836841106415,0.27600333094596863,0.0013196468353271484,6.590708762407303,0.6705240607261658,0.471128910779953,0.471128910779953,23.40931699995963,21.98005800005376,real_npy,0,1
141,/mnt/c/Users/Chirayu/Documents/GitHub/2D-to-3D-image-reconstruction/facescape_224/fsmview_trainset_18_4_anger_40.jpg,0.14390523731708527,0.1543213427066803,0.010416105389595032,7.082300126552582,0.6542322039604187,0.5798562169075012,0.5798562169075012,21.16101499996148,21.119448000035845,real_npy,0,1
142,/mnt/c/Users/Chirayu/Documents/GitHub/2D-to-3D-image-reconstruction/facescape_224/fsmview_trainset_9_2_smile_39.jpg,0.1744932234287262,0.19420671463012695,0.019713491201400757,7.361408140510321,0.641566276550293,0.4482518434524536,0.4482518434524536,20.602119999921342,22.161661000041022,real_npy,0,1
143,/mnt/c/Users/Chirayu/Documents/GitHub/2D-to-3D-image-reconstruction/facescape_224/fsmview_trainset_5_12_lip_puckerer_39.jpg,0.07553862780332565,0.07758189737796783,0.0020432695746421814,8.245982378721237,0.767164945602417,0.43376246094703674,0.43376246094703674,24.429363999956877,71.52148000000125,real_npy,0,1
144,/mnt/c/Users/Chirayu/Documents/GitHub/2D-to-3D-image-reconstruction/facescape_224/fsmview_trainset_10_8_mouth_left_13.jpg,0.08274287730455399,0.08728126436471939,0.004538387060165405,7.100781947374344,0.6350880861282349,0.45663774013519287,0.45663774013519287,59.67697699998098,24.617496000018946,real_npy,0,1
145,/mnt/c/Users/Chirayu/Documents/GitHub/2D-to-3D-image-reconstruction/facescape_224/fsmview_trainset_8_16_grin_49.jpg,0.38880249857902527,0.3379848301410675,-0.050817668437957764,7.403549924492836,0.6578401923179626,0.48483899235725403,0.48483899235725403,22.275384999943526,21.865000000047985,real_npy,0,1
146,/mnt/c/Users/Chirayu/Documents/GitHub/2D-to-3D-image-reconstruction/facescape_224/fsmview_trainset_7_18_eye_closed_36.jpg,0.10098888725042343,0.10973698645830154,0.008748099207878113,7.809537626802921,0.6962749361991882,0.4068131446838379,0.4068131446838379,39.72313999997823,25.911447999988013,real_npy,0,1
147,/mnt/c/Users/Chirayu/Documents/GitHub/2D-to-3D-image-reconstruction/facescape_224/fsmview_trainset_16_16_grin_29.jpg,0.03277481719851494,3.4482085704803467,3.4154337532818317,40.78489854186773,4.629272937774658,0.3376433253288269,0.3376433253288269,22.955214000035085,30.770713000038086,real_npy,1,1
148,/mnt/c/Users/Chirayu/Documents/GitHub/2D-to-3D-image-reconstruction/facescape_224/fsmview_trainset_17_9_mouth_right_31.jpg,0.04289822280406952,0.046249084174633026,0.003350861370563507,8.677502393722534,0.7062278389930725,0.4191829562187195,0.4191829562187195,30.291132000002108,30.511133999993945,real_npy,0,1
149,/mnt/c/Users/Chirayu/Documents/GitHub/2D-to-3D-image-reconstruction/facescape_224/fsmview_trainset_7_20_brow_lower_32.jpg,0.05464645475149155,0.0590447261929512,0.004398271441459656,7.979309510439634,0.6807119250297546,0.3549964427947998,0.3549964427947998,20.282780000002276,19.89230399999542,real_npy,0,1
150,/mnt/c/Users/Chirayu/Documents/GitHub/2D-to-3D-image-reconstruction/facescape_224/fsmview_trainset_11_16_grin_65.jpg,0.0580647736787796,0.68515545129776,0.6270906776189804,18.127526629716158,1.545202374458313,0.4806336760520935,0.4806336760520935,20.767686999988655,23.72544399997878,real_npy,0,1
151,/mnt/c/Users/Chirayu/Documents/GitHub/2D-to-3D-image-reconstruction/facescape_224/fsmview_trainset_12_18_eye_closed_29.jpg,0.05429557338356972,0.05509450286626816,0.0007989294826984406,9.161008598282933,0.7581775784492493,0.5501218438148499,0.5501218438148499,20.319496000070103,19.59101299996746,real_npy,0,1
152,/mnt/c/Users/Chirayu/Documents/GitHub/2D-to-3D-image-reconstruction/facescape_224/fsmview_trainset_10_6_jaw_right_7.jpg,0.04721158742904663,0.05268443375825882,0.005472846329212189,7.373111225664616,0.6477903127670288,0.23040005564689636,0.23040005564689636,22.294609000027776,19.798422999997456,real_npy,0,1
153,/mnt/c/Users/Chirayu/Documents/GitHub/2D-to-3D-image-reconstruction/facescape_224/fsmview_trainset_11_14_sadness_31.jpg,0.03371432051062584,0.03880509361624718,0.005090773105621338,8.0830809623003,0.6515301465988159,0.4771769940853119,0.4771769940853119,46.92092599998432,27.031810000039513,real_npy,0,1
154,/mnt/c/Users/Chirayu/Documents/GitHub/2D-to-3D-image-reconstruction/facescape_224/fsmview_trainset_7_13_lip_funneler_14.jpg,0.03983663395047188,0.03980542719364166,-3.1206756830215454e-05,8.074479434639215,0.6949982047080994,0.43016529083251953,0.43016529083251953,21.59241499998643,20.36740699998063,real_npy,0,1
155,/mnt/c/Users/Chirayu/Documents/GitHub/2D-to-3D-image-reconstruction/facescape_224/fsmview_trainset_1_14_sadness_32.jpg,0.3029589056968689,654.0066528320312,653.7036939263344,475.6763801574707,704.5863037109375,0.23917536437511444,0.23917536437511444,35.890180000023975,19.578065000018796,real_npy,1,1
156,/mnt/c/Users/Chirayu/Documents/GitHub/2D-to-3D-image-reconstruction/facescape_224/fsmview_trainset_15_12_lip_puckerer_43.jpg,0.057551175355911255,0.061106037348508835,0.00355486199259758,8.322148993611336,0.6741383075714111,0.5713145732879639,0.5713145732879639,21.132669000053284,22.500410000020565,real_npy,0,1
157,/mnt/c/Users/Chirayu/Documents/GitHub/2D-to-3D-image-reconstruction/facescape_224/fsmview_trainset_14_2_smile_47.jpg,0.06942475587129593,8.642130851745605,8.57270609587431,68.94910863041878,12.095366477966309,0.6600844860076904,0.6600844860076904,22.19758199998978,20.704905000002327,real_npy,1,1
158,/mnt/c/Users/Chirayu/Documents/GitHub/2D-to-3D-image-reconstruction/facescape_224/fsmview_trainset_7_3_mouth_stretch_54.jpg,0.0760042816400528,0.0765964686870575,0.0005921870470046997,7.9016273021698,0.7477312684059143,0.5117875337600708,0.5117875337600708,25.73726700006773,33.756559999915225,real_npy,0,1
159,/mnt/c/Users/Chirayu/Documents/GitHub/2D-to-3D-image-reconstruction/facescape_224/fsmview_trainset_8_10_dimpler_53.jpg,0.049993179738521576,0.05226999893784523,0.002276819199323654,8.1327461078763,0.7167298197746277,0.2640915513038635,0.2640915513038635,24.106072999984463,22.25354500001231,real_npy,0,1
160,/mnt/c/Users/Chirayu/Documents/GitHub/2D-to-3D-image-reconstruction/facescape_224/fsmview_trainset_15_11_chin_raiser_14.jpg,0.22666095197200775,0.5476378798484802,0.3209769278764725,16.16917056404054,1.4184949398040771,0.5614816546440125,0.5614816546440125,26.552630999958637,41.349226999955135,real_npy,0,1
161,/mnt/c/Users/Chirayu/Documents/GitHub/2D-to-3D-image-reconstruction/facescape_224/fsmview_trainset_5_15_lip_roll_3.jpg,0.37882906198501587,0.37765932083129883,-0.001169741153717041,7.153857104480267,0.6339628100395203,0.362200528383255,0.362200528383255,40.8673040000167,24.11464099998284,real_npy,0,1
162,/mnt/c/Users/Chirayu/Documents/GitHub/2D-to-3D-image-reconstruction/facescape_224/fsmview_trainset_12_6_jaw_right_24.jpg,0.12165145576000214,0.13447122275829315,0.012819766998291016,8.237025454640388,0.7072004675865173,0.45315665006637573,0.45315665006637573,23.585656000022936,22.46967799999311,real_npy,0,1
163,/mnt/c/Users/Chirayu/Documents/GitHub/2D-to-3D-image-reconstruction/facescape_224/fsmview_trainset_6_14_sadness_44.jpg,0.16959862411022186,0.15322071313858032,-0.01637791097164154,7.38730426132679,0.6946593523025513,0.4048716127872467,0.4048716127872467,20.571039999936147,20.503108999946562,real_npy,0,1
164,/mnt/c/Users/Chirayu/Documents/GitHub/2D-to-3D-image-reconstruction/facescape_224/fsmview_trainset_8_1_neutral_47.jpg,0.038763199001550674,0.03854844719171524,-0.00021475180983543396,7.962593540549278,0.6610409021377563,0.3082064688205719,0.3082064688205719,20.64353699995536,19.894753000016863,real_npy,0,1
165,/mnt/c/Users/Chirayu/Documents/GitHub/2D-to-3D-image-reconstruction/facescape_224/fsmview_trainset_13_5_jaw_left_39.jpg,0.2929457426071167,0.31341099739074707,0.02046525478363037,7.947901375591755,0.6920118927955627,0.3057522773742676,0.3057522773742676,39.20427700006712,21.173889000010604,real_npy,0,1
166,/mnt/c/Users/Chirayu/Documents/GitHub/2D-to-3D-image-reconstruction/facescape_224/fsmview_trainset_18_15_lip_roll_32.jpg,0.03449762612581253,385.3813781738281,385.3468805477023,380.4884209036827,455.4403076171875,0.4282306432723999,0.4282306432723999,20.933179000053315,18.22296099999221,real_npy,1,1
167,/mnt/c/Users/Chirayu/Documents/GitHub/2D-to-3D-image-reconstruction/facescape_224/fsmview_trainset_9_11_chin_raiser_20.jpg,0.08159203082323074,0.09101225435733795,0.009420223534107208,9.734669482335448,0.8024685978889465,0.38894668221473694,0.38894668221473694,22.14507499991214,21.077018000028147,real_npy,0,1
168,/mnt/c/Users/Chirayu/Documents/GitHub/2D-to-3D-image-reconstruction/facescape_224/fsmview_trainset_15_7_jaw_forward_41.jpg,0.3034481406211853,0.32134827971458435,0.017900139093399048,8.058920729905367,0.6924823522567749,0.5076743364334106,0.5076743364334106,21.715384999993148,21.310803000005762,real_npy,0,1
169,/mnt/c/Users/Chirayu/Documents/GitHub/2D-to-3D-image-reconstruction/facescape_224/fsmview_trainset_17_1_neutral_56.jpg,0.06995553523302078,0.07901749014854431,0.009061954915523529,8.988560028374195,0.7532148957252502,0.41640201210975647,0.41640201210975647,21.120663000033346,22.774609000066448,real_npy,0,1
170,/mnt/c/Users/Chirayu/Documents/GitHub/2D-to-3D-image-reconstruction/facescape_224/fsmview_trainset_12_16_grin_55.jpg,0.03843165189027786,0.04306718707084656,0.004635535180568695,8.55234581977129,0.7570456266403198,0.3993988335132599,0.3993988335132599,20.23157300004641,29.88085799995588,real_npy,0,1
171,/mnt/c/Users/Chirayu/Documents/GitHub/2D-to-3D-image-reconstruction/facescape_224/fsmview_trainset_18_20_brow_lower_21.jpg,0.04189899563789368,0.4633760452270508,0.4214770495891571,15.578159300610423,1.3996869325637817,0.36455392837524414,0.36455392837524414,24.055911000004926,24.037232999944536,real_npy,0,1
172,/mnt/c/Users/Chirayu/Documents/GitHub/2D-to-3D-image-reconstruction/facescape_224/fsmview_trainset_5_5_jaw_left_40.jpg,0.15941748023033142,0.16117817163467407,0.0017606914043426514,7.713183671236038,0.6898778080940247,0.4378482401371002,0.4378482401371002,22.487035000040123,20.54001099998004,real_npy,0,1
173,/mnt/c/Users/Chirayu/Documents/GitHub/2D-to-3D-image-reconstruction/facescape_224/fsmview_trainset_1_19_brow_raiser_52.jpg,0.0365724116563797,0.0368511900305748,0.0002787783741950989,8.221135772764683,0.6925577521324158,0.3034045100212097,0.3034045100212097,20.17476200001056,23.26056900005824,real_npy,0,1
174,/mnt/c/Users/Chirayu/Documents/GitHub/2D-to-3D-image-reconstruction/facescape_224/fsmview_trainset_16_5_jaw_left_3.jpg,0.0642586201429367,0.06748837977647781,0.003229759633541107,7.950809992849827,0.7447629570960999,0.39737433195114136,0.39737433195114136,20.549542000026122,46.74789900002452,real_npy,0,1
175,/mnt/c/Users/Chirayu/Documents/GitHub/2D-to-3D-image-reconstruction/facescape_224/fsmview_trainset_19_5_jaw_left_1.jpg,0.04251940920948982,0.04257264733314514,5.3238123655319214e-05,8.271015800535679,0.6997271180152893,0.23397429287433624,0.23397429287433624,20.746355000028416,100.59936899995137,real_npy,0,1
176,/mnt/c/Users/Chirayu/Documents/GitHub/2D-to-3D-image-reconstruction/facescape_224/fsmview_trainset_14_7_jaw_forward_22.jpg,0.03372487053275108,0.03309279680252075,-0.0006320737302303314,6.906587852165103,0.6218684315681458,0.4333280026912689,0.4333280026912689,21.5192290000914,20.178917000066576,real_npy,0,1
177,/mnt/c/Users/Chirayu/Documents/GitHub/2D-to-3D-image-reconstruction/facescape_224/fsmview_trainset_14_8_mouth_left_58.jpg,0.053938161581754684,0.052449267357587814,-0.0014888942241668701,8.202088359743357,0.7496346831321716,0.35005784034729004,0.35005784034729004,75.51918100000421,21.92448199991759,real_npy,0,1
178,/mnt/c/Users/Chirayu/Documents/GitHub/2D-to-3D-image-reconstruction/facescape_224/fsmview_trainset_19_13_lip_funneler_4.jpg,0.09503883868455887,0.10553015023469925,0.01049131155014038,8.425888698548079,0.719157874584198,0.21039991080760956,0.21039991080760956,21.95098599997891,20.848187999945367,real_npy,0,1
179,/mnt/c/Users/Chirayu/Documents/GitHub/2D-to-3D-image-reconstruction/facescape_224/fsmview_trainset_14_2_smile_10.jpg,0.08609282225370407,0.08634787797927856,0.0002550557255744934,7.869838654994965,0.6547451019287109,0.606490433216095,0.606490433216095,21.69093999998495,20.1363080000192,real_npy,0,1
180,/mnt/c/Users/Chirayu/Documents/GitHub/2D-to-3D-image-reconstruction/facescape_224/fsmview_trainset_5_5_jaw_left_16.jpg,0.03447747975587845,0.20551300048828125,0.1710355207324028,10.53669491223991,0.9016907811164856,0.31592002511024475,0.31592002511024475,21.18861500002822,21.546336000028532,real_npy,0,1
181,/mnt/c/Users/Chirayu/Documents/GitHub/2D-to-3D-image-reconstruction/facescape_224/fsmview_trainset_13_4_anger_6.jpg,0.14434868097305298,0.13101522624492645,-0.013333454728126526,8.36529541760683,0.6880517601966858,0.46374231576919556,0.46374231576919556,79.9527169999692,27.78376499998103,real_npy,0,1
182,/mnt/c/Users/Chirayu/Documents/GitHub/2D-to-3D-image-reconstruction/facescape_224/fsmview_trainset_11_2_smile_48.jpg,0.8808531165122986,1.1974103450775146,0.31655722856521606,18.34509834786877,1.5853211879730225,0.5795509219169617,0.5795509219169617,21.72236800004157,23.305938000021342,real_npy,0,1
183,/mnt/c/Users/Chirayu/Documents/GitHub/2D-to-3D-image-reconstruction/facescape_224/fsmview_trainset_9_4_anger_35.jpg,0.05535157397389412,0.05232301354408264,-0.0030285604298114777,8.232246570289135,0.6344683170318604,0.388292521238327,0.388292521238327,33.83089699991615,37.698689000080776,real_npy,0,1
184,/mnt/c/Users/Chirayu/Documents/GitHub/2D-to-3D-image-reconstruction/facescape_224/fsmview_trainset_3_12_lip_puckerer_1.jpg,0.08085820078849792,0.07846952974796295,-0.002388671040534973,8.584960140287876,0.7189762592315674,0.4295082688331604,0.4295082688331604,24.453392999930657,22.330354000018815,real_npy,0,1
185,/mnt/c/Users/Chirayu/Documents/GitHub/2D-to-3D-image-reconstruction/facescape_224/fsmview_trainset_13_7_jaw_forward_55.jpg,0.048659373074769974,0.05737963691353798,0.008720263838768005,8.612233250867575,0.7473359107971191,0.35551226139068604,0.35551226139068604,21.78061600000092,41.713541999911286,real_npy,0,1
186,/mnt/c/Users/Chirayu/Documents/GitHub/2D-to-3D-image-reconstruction/facescape_224/fsmview_trainset_15_19_brow_raiser_12.jpg,0.08261219412088394,11.372584342956543,11.289972148835659,74.43212734162807,14.743768692016602,0.6005553603172302,0.6005553603172302,21.97264900007667,19.090096000013546,real_npy,1,1
187,/mnt/c/Users/Chirayu/Documents/GitHub/2D-to-3D-image-reconstruction/facescape_224/fsmview_trainset_7_8_mouth_left_26.jpg,0.04368530958890915,0.04744807258248329,0.0037627629935741425,8.158619549125433,0.6612372398376465,0.35146886110305786,0.35146886110305786,65.76294199999211,80.59987100000399,real_npy,0,1
188,/mnt/c/Users/Chirayu/Documents/GitHub/2D-to-3D-image-reconstruction/facescape_224/fsmview_trainset_6_5_jaw_left_35.jpg,0.03571419045329094,0.24930988252162933,0.2135956920683384,10.40381671115756,0.9862545728683472,0.3788807988166809,0.3788807988166809,22.220026000013604,23.898900999938633,real_npy,0,1
189,/mnt/c/Users/Chirayu/Documents/GitHub/2D-to-3D-image-reconstruction/facescape_224/fsmview_trainset_13_7_jaw_forward_34.jpg,0.8456851840019226,0.8190981149673462,-0.026587069034576416,6.8358278051018715,0.6834692358970642,0.355803906917572,0.355803906917572,20.177760000024136,26.66359200009083,real_npy,0,1
190,/mnt/c/Users/Chirayu/Documents/GitHub/2D-to-3D-image-reconstruction/facescape_224/fsmview_trainset_1_18_eye_closed_55.jpg,0.04662780463695526,0.0500740148127079,0.0034462101757526398,8.210914514958858,0.7425045371055603,0.3233789801597595,0.3233789801597595,28.585582999994585,20.266601000002993,real_npy,0,1
191,/mnt/c/Users/Chirayu/Documents/GitHub/2D-to-3D-image-reconstruction/facescape_224/fsmview_trainset_5_4_anger_40.jpg,0.1415737420320511,0.14239755272865295,0.0008238106966018677,7.939181741327047,0.7235275506973267,0.4678478538990021,0.4678478538990021,23.867629000051238,35.29332700009036,real_npy,0,1
192,/mnt/c/Users/Chirayu/Documents/GitHub/2D-to-3D-image-reconstruction/facescape_224/fsmview_trainset_4_12_lip_puckerer_52.jpg,0.212886244058609,0.18953444063663483,-0.023351803421974182,6.635259971022606,0.6446880102157593,0.36544090509414673,0.36544090509414673,21.95662099995843,21.701853999957166,real_npy,0,1
193,/mnt/c/Users/Chirayu/Documents/GitHub/2D-to-3D-image-reconstruction/facescape_224/fsmview_trainset_3_2_smile_9.jpg,0.051261935383081436,47.17913055419922,47.12786861881614,139.5798440873623,50.92184829711914,0.3849935829639435,0.3849935829639435,21.668093000016597,19.363080000061927,real_npy,1,1
194,/mnt/c/Users/Chirayu/Documents/GitHub/2D-to-3D-image-reconstruction/facescape_224/fsmview_trainset_12_13_lip_funneler_49.jpg,0.05795887112617493,0.05596425384283066,-0.001994617283344269,8.037227548658848,0.7004557251930237,0.4671745002269745,0.4671745002269745,20.831881999924917,41.6346079999812,real_npy,0,1
195,/mnt/c/Users/Chirayu/Documents/GitHub/2D-to-3D-image-reconstruction/facescape_224/fsmview_trainset_19_20_brow_lower_36.jpg,0.06213422492146492,0.0571223683655262,-0.005011856555938721,8.805930271744728,0.7049839496612549,0.3613568842411041,0.3613568842411041,23.395456999992348,22.746254000026056,real_npy,0,1
196,/mnt/c/Users/Chirayu/Documents/GitHub/2D-to-3D-image-reconstruction/facescape_224/fsmview_trainset_13_5_jaw_left_43.jpg,0.10613846033811569,0.10361412912607193,-0.002524331212043762,8.321300975978374,0.7037848234176636,0.40942302346229553,0.40942302346229553,69.48318599995673,30.485670000075515,real_npy,0,1
197,/mnt/c/Users/Chirayu/Documents/GitHub/2D-to-3D-image-reconstruction/facescape_224/fsmview_trainset_12_13_lip_funneler_34.jpg,0.22926245629787445,0.24694766104221344,0.01768520474433899,7.228200413286686,0.6316658854484558,0.4897729754447937,0.4897729754447937,40.40579599995908,21.02875100001711,real_npy,0,1
198,/mnt/c/Users/Chirayu/Documents/GitHub/2D-to-3D-image-reconstruction/facescape_224/fsmview_trainset_7_1_neutral_25.jpg,0.037023335695266724,0.037973493337631226,0.000950157642364502,7.8724703043699265,0.6671817898750305,0.36237916350364685,0.36237916350364685,85.44186900007844,21.448856000006344,real_npy,0,1
199,/mnt/c/Users/Chirayu/Documents/GitHub/2D-to-3D-image-reconstruction/facescape_224/fsmview_trainset_2_17_cheek_blowing_35.jpg,0.08975248783826828,0.08548255264759064,-0.004269935190677643,8.586911611258984,0.6923490762710571,0.43438899517059326,0.43438899517059326,54.00279799994223,21.130253000023913,real_npy,0,1
200,/mnt/c/Users/Chirayu/Documents/GitHub/2D-to-3D-image-reconstruction/facescape_224/fsmview_trainset_9_10_dimpler_20.jpg,0.04735603183507919,0.04815022274851799,0.000794190913438797,8.897555730305612,0.7254274487495422,0.37213006615638733,0.37213006615638733,22.526257999970767,21.965563000094335,real_npy,0,1
201,/mnt/c/Users/Chirayu/Documents/GitHub/2D-to-3D-image-reconstruction/facescape_224/fsmview_trainset_5_9_mouth_right_55.jpg,0.622506320476532,0.7060235142707825,0.08351719379425049,8.596589118242264,0.7185819149017334,0.4256982207298279,0.4256982207298279,23.574201999963407,26.155368999980055,real_npy,0,1
202,/mnt/c/Users/Chirayu/Documents/GitHub/2D-to-3D-image-reconstruction/facescape_224/fsmview_trainset_4_1_neutral_42.jpg,0.06993082165718079,0.07147598266601562,0.0015451610088348389,7.8136847242712975,0.6968294382095337,0.373017281293869,0.373017281293869,20.920007999961854,20.22279899995283,real_npy,0,1
203,/mnt/c/Users/Chirayu/Documents/GitHub/2D-to-3D-image-reconstruction/facescape_224/fsmview_trainset_8_6_jaw_right_27.jpg,0.06816019862890244,0.0690615177154541,0.0009013190865516663,7.503503143787384,0.695377767086029,0.34254953265190125,0.34254953265190125,20.29702099991937,21.471016000077725,real_npy,0,1
204,/mnt/c/Users/Chirayu/Documents/GitHub/2D-to-3D-image-reconstruction/facescape_224/fsmview_trainset_9_1_neutral_5.jpg,0.03910748288035393,131.81649780273438,131.77739031985402,216.1508082151413,170.8865203857422,0.3614563047885895,0.3614563047885895,20.302084000036302,19.558419999953003,real_npy,1,1
205,/mnt/c/Users/Chirayu/Documents/GitHub/2D-to-3D-image-reconstruction/facescape_224/fsmview_trainset_11_8_mouth_left_40.jpg,0.09793803095817566,0.14916975796222687,0.05123172700405121,8.33984188362956,0.7102410197257996,0.596910297870636,0.596910297870636,22.990589999949407,28.874889000007897,real_npy,0,1
206,/mnt/c/Users/Chirayu/Documents/GitHub/2D-to-3D-image-reconstruction/facescape_224/fsmview_trainset_12_20_brow_lower_43.jpg,0.04729258269071579,0.046019673347473145,-0.0012729093432426453,8.970825839787722,0.711749792098999,0.48728713393211365,0.48728713393211365,27.40840699993896,22.720497999898726,real_npy,0,1
207,/mnt/c/Users/Chirayu/Documents/GitHub/2D-to-3D-image-reconstruction/facescape_224/fsmview_trainset_13_8_mouth_left_24.jpg,0.5192158818244934,12.631182670593262,12.111966788768768,79.54945524036884,15.951605796813965,0.5096208453178406,0.5096208453178406,135.4184990000249,21.13569899995582,real_npy,1,1
208,/mnt/c/Users/Chirayu/Documents/GitHub/2D-to-3D-image-reconstruction/facescape_224/fsmview_trainset_6_5_jaw_left_46.jpg,0.12688888609409332,0.10972980409860611,-0.017159081995487213,8.947283864021301,0.7676537036895752,0.4375445246696472,0.4375445246696472,22.42169399994509,21.172493999984,real_npy,0,1
209,/mnt/c/Users/Chirayu/Documents/GitHub/2D-to-3D-image-reconstruction/facescape_224/fsmview_trainset_9_18_eye_closed_11.jpg,0.2552713453769684,5.046689987182617,4.791418641805649,54.54186461120844,7.536978721618652,0.606285035610199,0.606285035610199,68.47290100006376,20.527647999983856,real_npy,1,1
210,/mnt/c/Users/Chirayu/Documents/GitHub/2D-to-3D-image-reconstruction/facescape_224/fsmview_trainset_20_13_lip_funneler_65.jpg,0.05232200399041176,0.05334363877773285,0.0010216347873210907,8.870406498201191,0.7755476236343384,0.4414450228214264,0.4414450228214264,22.293115000024954,20.003041999984816,real_npy,0,1
211,/mnt/c/Users/Chirayu/Documents/GitHub/2D-to-3D-image-reconstruction/facescape_224/fsmview_trainset_7_18_eye_closed_40.jpg,0.15221579372882843,0.15996859967708588,0.007752805948257446,7.040040377527475,0.6468192934989929,0.35108840465545654,0.35108840465545654,21.907788000021355,22.136189999969247,real_npy,0,1
212,/mnt/c/Users/Chirayu/Documents/GitHub/2D-to-3D-image-reconstruction/facescape_224/fsmview_trainset_6_7_jaw_forward_19.jpg,0.044598184525966644,0.04815961793065071,0.0035614334046840668,8.591767456848174,0.7083254456520081,0.3216087520122528,0.3216087520122528,24.252079000007143,21.384249999982785,real_npy,0,1
213,/mnt/c/Users/Chirayu/Documents/GitHub/2D-to-3D-image-reconstruction/facescape_224/fsmview_trainset_9_14_sadness_43.jpg,0.8570595383644104,0.7541160583496094,-0.10294348001480103,7.736718539148569,0.6753439903259277,0.37954676151275635,0.37954676151275635,20.249970999998368,19.887831999994887,real_npy,0,1
214,/mnt/c/Users/Chirayu/Documents/GitHub/2D-to-3D-image-reconstruction/facescape_224/fsmview_trainset_10_5_jaw_left_45.jpg,0.09435374289751053,0.10173933953046799,0.0073855966329574585,8.960353948175907,0.7779134511947632,0.3801308274269104,0.3801308274269104,51.30245300006209,22.115999999982705,real_npy,0,1
215,/mnt/c/Users/Chirayu/Documents/GitHub/2D-to-3D-image-reconstruction/facescape_224/fsmview_trainset_5_10_dimpler_12.jpg,0.40804174542427063,133.6970672607422,133.28902551531792,215.86863893270493,175.94149780273438,0.2794714570045471,0.2794714570045471,24.636809999947218,19.786469999985457,real_npy,1,1
216,/mnt/c/Users/Chirayu/Documents/GitHub/2D-to-3D-image-reconstruction/facescape_224/fsmview_trainset_9_2_smile_2.jpg,0.06634760648012161,0.0741976723074913,0.00785006582736969,8.012481227517128,0.7240220904350281,0.3786717653274536,0.3786717653274536,19.79423799991764,22.109107999995103,real_npy,0,1
217,/mnt/c/Users/Chirayu/Documents/GitHub/2D-to-3D-image-reconstruction/facescape_224/fsmview_trainset_14_13_lip_funneler_49.jpg,0.07984434068202972,0.08449593931436539,0.004651598632335663,8.644319877028465,0.7379889488220215,0.5448146462440491,0.5448146462440491,27.538389000028474,31.60426399995231,real_npy,0,1
218,/mnt/c/Users/Chirayu/Documents/GitHub/2D-to-3D-image-reconstruction/facescape_224/fsmview_trainset_16_10_dimpler_24.jpg,0.035027433186769485,0.03774319589138031,0.0027157627046108246,8.459486601408571,0.707277774810791,0.3644515573978424,0.3644515573978424,47.57419999998547,29.007994999915354,real_npy,0,1
219,/mnt/c/Users/Chirayu/Documents/GitHub/2D-to-3D-image-reconstruction/facescape_224/fsmview_trainset_9_19_brow_raiser_32.jpg,0.2330167442560196,0.1965814232826233,-0.0364353209733963,7.256311297416687,0.642622172832489,0.47047215700149536,0.47047215700149536,20.808948000080818,20.880163000015273,real_npy,0,1
220,/mnt/c/Users/Chirayu/Documents/GitHub/2D-to-3D-image-reconstruction/facescape_224/fsmview_trainset_9_17_cheek_blowing_3.jpg,0.04887576028704643,0.05165283754467964,0.0027770772576332092,7.3044218942523,0.6016466021537781,0.3503273129463196,0.3503273129463196,20.915468999987752,19.445627999971293,real_npy,0,1
221,/mnt/c/Users/Chirayu/Documents/GitHub/2D-to-3D-image-reconstruction/facescape_224/fsmview_trainset_5_19_brow_raiser_23.jpg,0.029428258538246155,16.735782623291016,16.70635436475277,88.09360401332378,17.960880279541016,0.3420640826225281,0.3420640826225281,60.72828000003483,19.400927999981832,real_npy,1,1
222,/mnt/c/Users/Chirayu/Documents/GitHub/2D-to-3D-image-reconstruction/facescape_224/fsmview_trainset_1_9_mouth_right_43.jpg,0.03372016176581383,0.032153449952602386,-0.001566711813211441,7.701373320072889,0.6598594784736633,0.2822452783584595,0.2822452783584595,23.436222999976053,21.45580500007327,real_npy,0,1
223,/mnt/c/Users/Chirayu/Documents/GitHub/2D-to-3D-image-reconstruction/facescape_224/fsmview_trainset_15_14_sadness_29.jpg,0.26678112149238586,0.34398800134658813,0.07720687985420227,7.788316804915667,0.6517705917358398,0.4045591354370117,0.4045591354370117,20.92444400000204,29.227061000028698,real_npy,0,1
224,/mnt/c/Users/Chirayu/Documents/GitHub/2D-to-3D-image-reconstruction/facescape_224/fsmview_trainset_14_4_anger_45.jpg,0.10884925723075867,0.11936555057764053,0.010516293346881866,9.179826214909554,0.7104567289352417,0.590469241142273,0.590469241142273,22.474570999975185,58.07261400002517,real_npy,0,1
225,/mnt/c/Users/Chirayu/Documents/GitHub/2D-to-3D-image-reconstruction/facescape_224/fsmview_trainset_19_11_chin_raiser_1.jpg,0.036968786269426346,0.03683245927095413,-0.00013632699847221375,8.13239324465394,0.6665676832199097,0.2347998321056366,0.2347998321056366,66.05301199999758,20.760919999929683,real_npy,0,1
226,/mnt/c/Users/Chirayu/Documents/GitHub/2D-to-3D-image-reconstruction/facescape_224/fsmview_trainset_18_5_jaw_left_10.jpg,0.030528033152222633,0.03468189015984535,0.004153857007622719,7.973990634083748,0.6788641810417175,0.3249754011631012,0.3249754011631012,44.886320999921736,20.29922099995929,real_npy,0,1
227,/mnt/c/Users/Chirayu/Documents/GitHub/2D-to-3D-image-reconstruction/facescape_224/fsmview_trainset_6_19_brow_raiser_8.jpg,0.04367537796497345,0.044778674840927124,0.0011032968759536743,8.102346658706665,0.6819190979003906,0.3417123258113861,0.3417123258113861,22.019355999987056,22.022113000048193,real_npy,0,1
228,/mnt/c/Users/Chirayu/Documents/GitHub/2D-to-3D-image-reconstruction/facescape_224/fsmview_trainset_6_4_anger_45.jpg,0.1687999963760376,0.1554276943206787,-0.013372302055358887,7.930186994373798,0.7498019337654114,0.40034064650535583,0.40034064650535583,21.264766000058444,19.922699000062494,real_npy,0,1
229,/mnt/c/Users/Chirayu/Documents/GitHub/2D-to-3D-image-reconstruction/facescape_224/fsmview_trainset_11_8_mouth_left_14.jpg,0.08557238429784775,13.539681434631348,13.4541090503335,75.49940422177315,14.94495677947998,0.5510371327400208,0.5510371327400208,23.813285999949585,20.393178999938755,real_npy,1,1
230,/mnt/c/Users/Chirayu/Documents/GitHub/2D-to-3D-image-reconstruction/facescape_224/fsmview_trainset_1_1_neutral_48.jpg,0.04117825999855995,0.22701072692871094,0.18583246693015099,10.134197223931551,0.9403105974197388,0.3976896107196808,0.3976896107196808,33.82433700005549,21.72026599998844,real_npy,0,1
231,/mnt/c/Users/Chirayu/Documents/GitHub/2D-to-3D-image-reconstruction/facescape_224/fsmview_trainset_19_3_mouth_stretch_15.jpg,0.8687671422958374,0.8740536570549011,0.005286514759063721,6.927717860788107,0.5873281359672546,0.4361310601234436,0.4361310601234436,21.390815000017938,20.686953999984325,real_npy,0,1
232,/mnt/c/Users/Chirayu/Documents/GitHub/2D-to-3D-image-reconstruction/facescape_224/fsmview_trainset_12_2_smile_41.jpg,0.05737653747200966,0.07218775898218155,0.01481122151017189,9.25020640855655,0.7711754441261292,0.4549639821052551,0.4549639821052551,23.051698000017495,88.58815700000378,real_npy,0,1
233,/mnt/c/Users/Chirayu/Documents/GitHub/2D-to-3D-image-reconstruction/facescape_224/fsmview_trainset_3_19_brow_raiser_6.jpg,0.05040568485856056,0.03991284221410751,-0.010492842644453049,8.466192219406366,0.7291750907897949,0.32586419582366943,0.32586419582366943,20.679552999922635,20.349686999907135,real_npy,0,1
234,/mnt/c/Users/Chirayu/Documents/GitHub/2D-to-3D-image-reconstruction/facescape_224/fsmview_trainset_15_13_lip_funneler_36.jpg,0.07860144227743149,0.10536488145589828,0.026763439178466797,9.25221138028428,0.7974663376808167,0.5494956374168396,0.5494956374168396,27.432610000005297,21.776741000053335,real_npy,0,1
235,/mnt/c/Users/Chirayu/Documents/GitHub/2D-to-3D-image-reconstruction/facescape_224/fsmview_trainset_3_4_anger_24.jpg,0.04773716256022453,0.04864614084362984,0.000908978283405304,8.758173531852663,0.7243130207061768,0.44569551944732666,0.44569551944732666,112.74932399999216,79.58868800005803,real_npy,0,1
236,/mnt/c/Users/Chirayu/Documents/GitHub/2D-to-3D-image-reconstruction/facescape_224/fsmview_trainset_12_13_lip_funneler_45.jpg,0.049424003809690475,0.049103252589702606,-0.00032075121998786926,8.764687690883875,0.7334684133529663,0.37994521856307983,0.37994521856307983,92.21421999995982,67.07425300010073,real_npy,0,1
237,/mnt/c/Users/Chirayu/Documents/GitHub/2D-to-3D-image-reconstruction/facescape_224/fsmview_trainset_14_11_chin_raiser_62.jpg,0.38206008076667786,0.3680020570755005,-0.014058023691177368,7.607812747359276,0.6302089095115662,0.5090100765228271,0.5090100765228271,20.52247599999646,19.630788999961624,real_npy,0,1
238,/mnt/c/Users/Chirayu/Documents/GitHub/2D-to-3D-image-reconstruction/facescape_224/fsmview_trainset_13_4_anger_10.jpg,0.04333573579788208,0.044320911169052124,0.000985175371170044,8.764158702455461,0.73209148645401,0.4189307391643524,0.4189307391643524,20.84217100002661,20.615730000031363,real_npy,0,1
239,/mnt/c/Users/Chirayu/Documents/GitHub/2D-to-3D-image-reconstruction/facescape_224/fsmview_trainset_15_9_mouth_right_61.jpg,0.25993162393569946,0.2739931643009186,0.014061540365219116,8.094598926603794,0.662684977054596,0.4677474796772003,0.4677474796772003,20.420175000026575,22.917367999980343,real_npy,0,1
240,/mnt/c/Users/Chirayu/Documents/GitHub/2D-to-3D-image-reconstruction/facescape_224/fsmview_trainset_4_8_mouth_left_25.jpg,0.057184480130672455,0.05860273912549019,0.0014182589948177338,7.921433225274086,0.6935167908668518,0.3869987428188324,0.3869987428188324,21.45170100004634,21.163064999996095,real_npy,0,1
241,/mnt/c/Users/Chirayu/Documents/GitHub/2D-to-3D-image-reconstruction/facescape_224/fsmview_trainset_18_2_smile_18.jpg,0.3035045564174652,0.28222036361694336,-0.02128419280052185,7.056872844696045,0.6500556468963623,0.5312390327453613,0.5312390327453613,20.359543000040503,82.43091100007405,real_npy,0,1
242,/mnt/c/Users/Chirayu/Documents/GitHub/2D-to-3D-image-reconstruction/facescape_224/fsmview_trainset_16_18_eye_closed_45.jpg,0.10423544049263,0.11754005402326584,0.013304613530635834,8.642181050032377,0.7110937833786011,0.42259714007377625,0.42259714007377625,22.872037000070122,24.155689000053826,real_npy,0,1
243,/mnt/c/Users/Chirayu/Documents/GitHub/2D-to-3D-image-reconstruction/facescape_224/fsmview_trainset_3_1_neutral_40.jpg,0.14926375448703766,0.15250122547149658,0.0032374709844589233,7.609222713857889,0.6847385764122009,0.4673062264919281,0.4673062264919281,35.24554499995247,24.192272000050252,real_npy,0,1
244,/mnt/c/Users/Chirayu/Documents/GitHub/2D-to-3D-image-reconstruction/facescape_224/fsmview_trainset_17_6_jaw_right_50.jpg,0.5582226514816284,0.5009871125221252,-0.057235538959503174,8.107735455036163,0.6592929363250732,0.4746691584587097,0.4746691584587097,31.16275599995788,20.579448000034972,real_npy,0,1
245,/mnt/c/Users/Chirayu/Documents/GitHub/2D-to-3D-image-reconstruction/facescape_224/fsmview_trainset_17_7_jaw_forward_44.jpg,0.11434075981378555,0.1120835468173027,-0.002257212996482849,7.944333627820015,0.6427912712097168,0.4460009038448334,0.4460009038448334,20.634487999927842,25.404225999977825,real_npy,0,1
246,/mnt/c/Users/Chirayu/Documents/GitHub/2D-to-3D-image-reconstruction/facescape_224/fsmview_trainset_13_20_brow_lower_14.jpg,0.04633722081780434,4.354856014251709,4.308518793433905,43.25590563938022,5.761305809020996,0.4419771432876587,0.4419771432876587,76.78581199991186,43.6978980000049,real_npy,1,1
247,/mnt/c/Users/Chirayu/Documents/GitHub/2D-to-3D-image-reconstruction/facescape_224/fsmview_trainset_7_11_chin_raiser_53.jpg,0.05918596684932709,0.057599686086177826,-0.0015862807631492615,7.9061689376831055,0.6830838322639465,0.5026848912239075,0.5026848912239075,78.52076399990437,20.42990299992198,real_npy,0,1
248,/mnt/c/Users/Chirayu/Documents/GitHub/2D-to-3D-image-reconstruction/facescape_224/fsmview_trainset_20_4_anger_1.jpg,0.6962806582450867,0.7165817022323608,0.02030104398727417,5.8698070384562016,0.5702362060546875,0.4460088312625885,0.4460088312625885,20.435985999938566,20.35434099991562,real_npy,0,0
249,/mnt/c/Users/Chirayu/Documents/GitHub/2D-to-3D-image-reconstruction/facescape_224/fsmview_trainset_5_4_anger_58.jpg,0.6422517895698547,0.770140528678894,0.1278887391090393,7.652871605008841,0.7174160480499268,0.49486222863197327,0.49486222863197327,20.379977000061444,20.949309999991783,real_npy,0,1
250,/mnt/c/Users/Chirayu/Documents/GitHub/2D-to-3D-image-reconstruction/facescape_224/fsmview_trainset_5_13_lip_funneler_20.jpg,0.03414718434214592,0.03689339756965637,0.0027462132275104523,7.515757687389851,0.6258322596549988,0.304169237613678,0.304169237613678,23.410108999996737,21.483176000060666,real_npy,0,1
251,/mnt/c/Users/Chirayu/Documents/GitHub/2D-to-3D-image-reconstruction/facescape_224/fsmview_trainset_15_20_brow_lower_36.jpg,0.04569511115550995,0.04381481185555458,-0.001880299299955368,9.012576358392835,0.7432906627655029,0.561180591583252,0.561180591583252,21.41579199997068,26.291643000035947,real_npy,0,1
252,/mnt/c/Users/Chirayu/Documents/GitHub/2D-to-3D-image-reconstruction/facescape_224/fsmview_trainset_10_5_jaw_left_34.jpg,0.03997919708490372,0.5213995575904846,0.4814203605055809,15.681846301537007,1.434061884880066,0.3362162411212921,0.3362162411212921,29.39154899991081,47.78337800007648,real_npy,0,1
253,/mnt/c/Users/Chirayu/Documents/GitHub/2D-to-3D-image-reconstruction/facescape_224/fsmview_trainset_9_11_chin_raiser_15.jpg,0.06034935265779495,0.07904970645904541,0.018700353801250458,9.190526561811566,0.7644457221031189,0.37552329897880554,0.37552329897880554,20.5860930000199,22.66900799997984,real_npy,0,1
254,/mnt/c/Users/Chirayu/Documents/GitHub/2D-to-3D-image-reconstruction/facescape_224/fsmview_trainset_17_1_neutral_20.jpg,0.07785038650035858,0.08635716140270233,0.00850677490234375,9.329677786678076,0.7634711861610413,0.3577939569950104,0.3577939569950104,21.540990000062266,23.018342000000303,real_npy,0,1
255,/mnt/c/Users/Chirayu/Documents/GitHub/2D-to-3D-image-reconstruction/facescape_224/fsmview_trainset_18_18_eye_closed_11.jpg,0.10095496475696564,0.09185853600502014,-0.009096428751945496,8.130000561475754,0.7191299796104431,0.43073517084121704,0.43073517084121704,35.3301540000075,28.172355999913634,real_npy,0,1
256,/mnt/c/Users/Chirayu/Documents/GitHub/2D-to-3D-image-reconstruction/facescape_224/fsmview_trainset_19_19_brow_raiser_55.jpg,0.289443701505661,0.3074212074279785,0.017977505922317505,7.513115990906954,0.6670801043510437,0.27586010098457336,0.27586010098457336,22.758751999958804,19.543681000072866,real_npy,0,1
257,/mnt/c/Users/Chirayu/Documents/GitHub/2D-to-3D-image-reconstruction/facescape_224/fsmview_trainset_2_10_dimpler_24.jpg,0.06222208961844444,0.06798744201660156,0.00576535239815712,9.6159111186862,0.7651689648628235,0.48760461807250977,0.48760461807250977,24.36121699997784,20.827128000064477,real_npy,0,1
258,/mnt/c/Users/Chirayu/Documents/GitHub/2D-to-3D-image-reconstruction/facescape_224/fsmview_trainset_20_12_lip_puckerer_6.jpg,0.30324336886405945,0.2927662432193756,-0.010477125644683838,10.046781830489635,1.021911859512329,0.5800445079803467,0.5800445079803467,21.147448999954577,21.107477999976254,real_npy,0,1
259,/mnt/c/Users/Chirayu/Documents/GitHub/2D-to-3D-image-reconstruction/facescape_224/fsmview_trainset_6_12_lip_puckerer_20.jpg,0.057192426174879074,0.06216324120759964,0.004970815032720566,8.954047797247767,0.7561298608779907,0.380533903837204,0.380533903837204,43.30616100003226,58.31302800004323,real_npy,0,1
260,/mnt/c/Users/Chirayu/Documents/GitHub/2D-to-3D-image-reconstruction/facescape_224/fsmview_trainset_14_13_lip_funneler_10.jpg,0.08642099797725677,0.08878609538078308,0.002365097403526306,7.988845121115446,0.7244969606399536,0.621976375579834,0.621976375579834,22.691516999998385,22.43973100007679,real_npy,0,1
261,/mnt/c/Users/Chirayu/Documents/GitHub/2D-to-3D-image-reconstruction/facescape_224/fsmview_trainset_7_19_brow_raiser_42.jpg,0.16475336253643036,0.38377049565315247,0.2190171331167221,9.606883285567164,0.9633955955505371,0.4810997545719147,0.4810997545719147,20.462650000013127,21.88566899997113,real_npy,0,1
262,/mnt/c/Users/Chirayu/Documents/GitHub/2D-to-3D-image-reconstruction/facescape_224/fsmview_trainset_12_15_lip_roll_40.jpg,0.07882029563188553,0.09661151468753815,0.01779121905565262,8.468250170350075,0.6908117532730103,0.3822232186794281,0.3822232186794281,21.502628999996887,20.25181200008319,real_npy,0,1
263,/mnt/c/Users/Chirayu/Documents/GitHub/2D-to-3D-image-reconstruction/facescape_224/fsmview_trainset_3_19_brow_raiser_2.jpg,0.07344268262386322,0.0884210392832756,0.014978356659412384,8.424127392470837,0.7330970168113708,0.4292225241661072,0.4292225241661072,22.173553000016,21.368637000023227,real_npy,0,1
264,/mnt/c/Users/Chirayu/Documents/GitHub/2D-to-3D-image-reconstruction/facescape_224/fsmview_trainset_20_15_lip_roll_47.jpg,0.09974236786365509,0.6361990571022034,0.5364566892385483,17.917075127363205,1.7161484956741333,0.6189622282981873,0.6189622282981873,72.77084299994385,30.893767000065964,real_npy,0,1
265,/mnt/c/Users/Chirayu/Documents/GitHub/2D-to-3D-image-reconstruction/facescape_224/fsmview_trainset_20_15_lip_roll_12.jpg,0.06356017291545868,1.1506774425506592,1.0871172696352005,21.69357456639409,2.136216402053833,0.5712980031967163,0.5712980031967163,61.35413399999834,38.01073700003599,real_npy,0,1
266,/mnt/c/Users/Chirayu/Documents/GitHub/2D-to-3D-image-reconstruction/facescape_224/fsmview_trainset_3_2_smile_8.jpg,0.045276809483766556,2.8135483264923096,2.768271517008543,38.64049245044589,4.2508649826049805,0.366894006729126,0.366894006729126,21.58347199997479,29.739133000020956,real_npy,1,1
267,/mnt/c/Users/Chirayu/Documents/GitHub/2D-to-3D-image-reconstruction/facescape_224/fsmview_trainset_14_2_smile_22.jpg,0.040254220366477966,0.04008493572473526,-0.0001692846417427063,7.474069841206074,0.6302521228790283,0.39650607109069824,0.39650607109069824,21.54665299997305,21.699945000023035,real_npy,0,1
268,/mnt/c/Users/Chirayu/Documents/GitHub/2D-to-3D-image-reconstruction/facescape_224/fsmview_trainset_10_9_mouth_right_26.jpg,0.13653653860092163,30.752620697021484,30.616084158420563,118.58703127503395,37.778038024902344,0.5905819535255432,0.5905819535255432,29.864717999998902,19.636625000089225,real_npy,1,1
269,/mnt/c/Users/Chirayu/Documents/GitHub/2D-to-3D-image-reconstruction/facescape_224/fsmview_trainset_7_15_lip_roll_28.jpg,0.06418579071760178,6.021528244018555,5.957342453300953,51.58860041201115,7.317619800567627,0.3186362087726593,0.3186362087726593,26.613605999955325,74.90912299999763,real_npy,1,1
270,/mnt/c/Users/Chirayu/Documents/GitHub/2D-to-3D-image-reconstruction/facescape_224/fsmview_trainset_20_20_brow_lower_50.jpg,0.5082517266273499,0.48435452580451965,-0.0238972008228302,6.89219755679369,0.6918395161628723,0.5657190680503845,0.5657190680503845,21.167144999935772,20.000365999976566,template_fallback,0,1
271,/mnt/c/Users/Chirayu/Documents/GitHub/2D-to-3D-image-reconstruction/facescape_224/fsmview_trainset_20_10_dimpler_13.jpg,0.05828380584716797,0.056587863713502884,-0.0016959421336650848,8.479445971548557,0.7253767251968384,0.391445130109787,0.391445130109787,22.33966300002521,20.165233999932752,real_npy,0,1
272,/mnt/c/Users/Chirayu/Documents/GitHub/2D-to-3D-image-reconstruction/facescape_224/fsmview_trainset_20_12_lip_puckerer_36.jpg,0.051088977605104446,0.04820306599140167,-0.002885911613702774,8.448939519003034,0.7189456820487976,0.523152768611908,0.523152768611908,22.113486999955967,20.559356000035223,real_npy,0,1
273,/mnt/c/Users/Chirayu/Documents/GitHub/2D-to-3D-image-reconstruction/facescape_224/fsmview_trainset_17_11_chin_raiser_56.jpg,0.08502933382987976,0.09274926036596298,0.0077199265360832214,8.51552134938538,0.7112676501274109,0.3583064079284668,0.3583064079284668,25.50969100002476,27.599317000067458,real_npy,0,1
274,/mnt/c/Users/Chirayu/Documents/GitHub/2D-to-3D-image-reconstruction/facescape_224/fsmview_trainset_11_9_mouth_right_34.jpg,0.0472436361014843,0.04790816828608513,0.0006645321846008301,8.642907042987645,0.7108652591705322,0.5942273736000061,0.5942273736000061,23.27731100001529,21.641423999994913,real_npy,0,1
275,/mnt/c/Users/Chirayu/Documents/GitHub/2D-to-3D-image-reconstruction/facescape_224/fsmview_trainset_9_10_dimpler_12.jpg,0.03976723924279213,0.04038374498486519,0.0006165057420730591,8.196920678019524,0.6821709275245667,0.2303553968667984,0.2303553968667984,23.014708000005157,20.157979999908093,real_npy,0,1
276,/mnt/c/Users/Chirayu/Documents/GitHub/2D-to-3D-image-reconstruction/facescape_224/fsmview_trainset_11_10_dimpler_51.jpg,0.5275156497955322,0.5342549681663513,0.006739318370819092,6.9081312492489815,0.6712227463722229,0.619712233543396,0.619712233543396,22.22740199999862,20.82917899997483,real_npy,0,1
277,/mnt/c/Users/Chirayu/Documents/GitHub/2D-to-3D-image-reconstruction/facescape_224/fsmview_trainset_9_3_mouth_stretch_32.jpg,0.04146040603518486,0.04631064832210541,0.0048502422869205475,7.587636072188616,0.7139706611633301,0.3116810619831085,0.3116810619831085,21.35227099995518,22.269097000048532,real_npy,0,1
278,/mnt/c/Users/Chirayu/Documents/GitHub/2D-to-3D-image-reconstruction/facescape_224/fsmview_trainset_14_15_lip_roll_9.jpg,0.17124682664871216,0.16500224173069,-0.006244584918022156,7.3028087094426155,0.7604207992553711,0.5624945163726807,0.5624945163726807,20.85115600004883,22.297468999909142,real_npy,0,1
279,/mnt/c/Users/Chirayu/Documents/GitHub/2D-to-3D-image-reconstruction/facescape_224/fsmview_trainset_8_5_jaw_left_2.jpg,0.0635652020573616,0.05811023712158203,-0.0054549649357795715,7.991756789386272,0.7285016775131226,0.27148377895355225,0.27148377895355225,21.00714000005155,20.807196999953703,real_npy,0,1
280,/mnt/c/Users/Chirayu/Documents/GitHub/2D-to-3D-image-reconstruction/facescape_224/fsmview_trainset_9_7_jaw_forward_42.jpg,0.1378156840801239,0.23867610096931458,0.10086041688919067,6.819766115397215,0.6472991704940796,0.4419816732406616,0.4419816732406616,21.109981999984484,21.710347000066577,real_npy,0,1
281,/mnt/c/Users/Chirayu/Documents/GitHub/2D-to-3D-image-reconstruction/facescape_224/fsmview_trainset_5_20_brow_lower_7.jpg,0.046193867921829224,0.04353789612650871,-0.002655971795320511,8.185051716864109,0.7272293567657471,0.27351367473602295,0.27351367473602295,29.282012999942708,55.78842499994607,real_npy,0,1
282,/mnt/c/Users/Chirayu/Documents/GitHub/2D-to-3D-image-reconstruction/facescape_224/fsmview_trainset_20_10_dimpler_50.jpg,0.4317305088043213,0.29288384318351746,-0.13884666562080383,6.911376535892487,0.6965423226356506,0.5685679912567139,0.5685679912567139,22.777622999910818,22.404092999977365,real_npy,0,1
283,/mnt/c/Users/Chirayu/Documents/GitHub/2D-to-3D-image-reconstruction/facescape_224/fsmview_trainset_2_15_lip_roll_34.jpg,0.04265191778540611,0.04717417433857918,0.004522256553173065,8.432295123115182,0.7125288248062134,0.4772498607635498,0.4772498607635498,20.793125000068358,20.672521000051347,real_npy,0,1
284,/mnt/c/Users/Chirayu/Documents/GitHub/2D-to-3D-image-reconstruction/facescape_224/fsmview_trainset_12_14_sadness_28.jpg,0.9752641320228577,0.9296578764915466,-0.045606255531311035,8.67365001514554,0.6859644651412964,0.5293877720832825,0.5293877720832825,22.02523900007236,20.504132000041864,real_npy,0,1
285,/mnt/c/Users/Chirayu/Documents/GitHub/2D-to-3D-image-reconstruction/facescape_224/fsmview_trainset_11_3_mouth_stretch_62.jpg,0.8332319855690002,0.8499332070350647,0.016701221466064453,7.873769976198673,0.6645827889442444,0.5158084630966187,0.5158084630966187,20.57854600002429,21.363179999980275,real_npy,0,1
286,/mnt/c/Users/Chirayu/Documents/GitHub/2D-to-3D-image-reconstruction/facescape_224/fsmview_trainset_18_15_lip_roll_35.jpg,0.04614386707544327,0.04880693182349205,0.0026630647480487823,9.278232490643859,0.7858632802963257,0.480735719203949,0.480735719203949,21.81232500004171,22.320398000033492,real_npy,0,1
287,/mnt/c/Users/Chirayu/Documents/GitHub/2D-to-3D-image-reconstruction/facescape_224/fsmview_trainset_3_13_lip_funneler_32.jpg,0.045869216322898865,0.0487900972366333,0.002920880913734436,7.712908543646336,0.6949108242988586,0.3597484827041626,0.3597484827041626,24.178606999953445,22.92406900005517,real_npy,0,1
288,/mnt/c/Users/Chirayu/Documents/GitHub/2D-to-3D-image-reconstruction/facescape_224/fsmview_trainset_1_4_anger_11.jpg,0.09036695212125778,0.07889779657125473,-0.011469155550003052,7.980052478611469,0.7303770780563354,0.38508448004722595,0.38508448004722595,21.503859999938868,20.045351000021583,real_npy,0,1
289,/mnt/c/Users/Chirayu/Documents/GitHub/2D-to-3D-image-reconstruction/facescape_224/fsmview_trainset_11_15_lip_roll_12.jpg,0.06308238953351974,0.06404725462198257,0.0009648650884628296,7.968000624328852,0.6480682492256165,0.48082077503204346,0.48082077503204346,19.965372999990905,20.614595999973062,real_npy,0,1
290,/mnt/c/Users/Chirayu/Documents/GitHub/2D-to-3D-image-reconstruction/facescape_224/fsmview_trainset_3_20_brow_lower_19.jpg,0.03450644016265869,0.03381853178143501,-0.0006879083812236786,8.029837004840374,0.6820976734161377,0.32400766015052795,0.32400766015052795,27.77756600005432,47.18185199999425,real_npy,0,1
291,/mnt/c/Users/Chirayu/Documents/GitHub/2D-to-3D-image-reconstruction/facescape_224/fsmview_trainset_1_3_mouth_stretch_32.jpg,0.19648827612400055,73.8796615600586,73.6831732839346,168.06874400377274,77.78837585449219,0.2312060445547104,0.2312060445547104,34.970587000088926,19.443085000034444,real_npy,1,1
292,/mnt/c/Users/Chirayu/Documents/GitHub/2D-to-3D-image-reconstruction/facescape_224/fsmview_trainset_3_19_brow_raiser_18.jpg,0.04425295069813728,0.04463624954223633,0.0003832988440990448,8.368973197415471,0.6968742609024048,0.399167537689209,0.399167537689209,22.260300999960236,22.929687999976522,real_npy,0,1
293,/mnt/c/Users/Chirayu/Documents/GitHub/2D-to-3D-image-reconstruction/facescape_224/fsmview_trainset_14_9_mouth_right_64.jpg,0.03612460941076279,0.03487763553857803,-0.0012469738721847534,7.749261453747749,0.6883054971694946,0.36109164357185364,0.36109164357185364,40.470255999935034,20.715475999963928,real_npy,0,1
294,/mnt/c/Users/Chirayu/Documents/GitHub/2D-to-3D-image-reconstruction/facescape_224/fsmview_trainset_2_7_jaw_forward_55.jpg,0.2782325744628906,0.2643996477127075,-0.013832926750183105,7.363335955888033,0.6377362012863159,0.42019185423851013,0.42019185423851013,21.61720799995237,21.46042199990461,real_npy,0,1
295,/mnt/c/Users/Chirayu/Documents/GitHub/2D-to-3D-image-reconstruction/facescape_224/fsmview_trainset_9_19_brow_raiser_2.jpg,0.07197657972574234,0.08858993649482727,0.01661335676908493,8.35058343410492,0.7205156087875366,0.3874259889125824,0.3874259889125824,42.45315900004698,20.689337000021624,real_npy,0,1
296,/mnt/c/Users/Chirayu/Documents/GitHub/2D-to-3D-image-reconstruction/facescape_224/fsmview_trainset_19_15_lip_roll_12.jpg,0.26690399646759033,0.28188639879226685,0.014982402324676514,7.467633880674839,0.6634268164634705,0.303756445646286,0.303756445646286,20.811003999938293,20.871465000027456,real_npy,0,1
297,/mnt/c/Users/Chirayu/Documents/GitHub/2D-to-3D-image-reconstruction/facescape_224/fsmview_trainset_18_8_mouth_left_29.jpg,0.057484839111566544,0.060104940086603165,0.002620100975036621,8.838509541004896,0.6921539902687073,0.45608681440353394,0.45608681440353394,22.491593000040666,20.664750000037202,real_npy,0,1
298,/mnt/c/Users/Chirayu/Documents/GitHub/2D-to-3D-image-reconstruction/facescape_224/fsmview_trainset_19_8_mouth_left_21.jpg,0.04719756543636322,0.044593971222639084,-0.0026035942137241364,8.846479095518589,0.7015517950057983,0.31539008021354675,0.31539008021354675,22.05121000008603,22.309866999989936,real_npy,0,1
299,/mnt/c/Users/Chirayu/Documents/GitHub/2D-to-3D-image-reconstruction/facescape_224/fsmview_trainset_12_17_cheek_blowing_45.jpg,0.05117259919643402,0.06219479814171791,0.01102219894528389,9.025044048205018,0.765384316444397,0.49000340700149536,0.49000340700149536,21.48548800005301,21.761255000001256,real_npy,0,1
300,/mnt/c/Users/Chirayu/Documents/GitHub/2D-to-3D-image-reconstruction/facescape_224/fsmview_trainset_8_18_eye_closed_16.jpg,0.08884825557470322,0.0906553566455841,0.00180710107088089,8.087947592139244,0.7249854803085327,0.40274956822395325,0.40274956822395325,26.854264999997213,22.35636200009594,real_npy,0,1
301,/mnt/c/Users/Chirayu/Documents/GitHub/2D-to-3D-image-reconstruction/facescape_224/fsmview_trainset_19_4_anger_16.jpg,0.052680645138025284,0.05140494555234909,-0.0012756995856761932,9.162526361644268,0.7645724415779114,0.28716781735420227,0.28716781735420227,44.471992000012506,56.37204200002088,real_npy,0,1
302,/mnt/c/Users/Chirayu/Documents/GitHub/2D-to-3D-image-reconstruction/facescape_224/fsmview_trainset_18_7_jaw_forward_19.jpg,0.06255447119474411,0.06334791332483292,0.0007934421300888062,9.323194986209273,0.7599995136260986,0.41850385069847107,0.41850385069847107,83.94314600002417,20.194908999997097,real_npy,0,1
303,/mnt/c/Users/Chirayu/Documents/GitHub/2D-to-3D-image-reconstruction/facescape_224/fsmview_trainset_6_2_smile_0.jpg,0.3804723024368286,0.3667750656604767,-0.013697236776351929,6.392423123121262,0.6363519430160522,0.4231325089931488,0.4231325089931488,20.525761999920178,21.93667500000629,real_npy,0,0
304,/mnt/c/Users/Chirayu/Documents/GitHub/2D-to-3D-image-reconstruction/facescape_224/fsmview_trainset_15_18_eye_closed_18.jpg,0.048223961144685745,0.06339213997125626,0.01516817882657051,8.313394274562597,0.7131166458129883,0.5484738945960999,0.5484738945960999,90.22418100005325,21.675800000025447,real_npy,0,1
305,/mnt/c/Users/Chirayu/Documents/GitHub/2D-to-3D-image-reconstruction/facescape_224/fsmview_trainset_3_10_dimpler_46.jpg,0.13172197341918945,0.13985325396060944,0.008131280541419983,8.354700043797493,0.7146148085594177,0.5110867023468018,0.5110867023468018,21.356637000053524,19.915803000003507,real_npy,0,1
306,/mnt/c/Users/Chirayu/Documents/GitHub/2D-to-3D-image-reconstruction/facescape_224/fsmview_trainset_12_16_grin_6.jpg,0.08217476308345795,0.07968327403068542,-0.002491489052772522,8.651326961815357,0.751776933670044,0.595248281955719,0.595248281955719,38.19255099995189,20.4737420000356,real_npy,0,1
307,/mnt/c/Users/Chirayu/Documents/GitHub/2D-to-3D-image-reconstruction/facescape_224/fsmview_trainset_2_6_jaw_right_56.jpg,0.0859227180480957,0.08563832193613052,-0.00028439611196517944,8.477866306900978,0.7539322376251221,0.4139948785305023,0.4139948785305023,21.857184000054986,21.28400200001579,real_npy,0,1
308,/mnt/c/Users/Chirayu/Documents/GitHub/2D-to-3D-image-reconstruction/facescape_224/fsmview_trainset_12_19_brow_raiser_27.jpg,0.061009008437395096,0.06718341261148453,0.006174404174089432,9.160631073638797,0.7539747357368469,0.4970698952674866,0.4970698952674866,31.654750000029708,19.776282000066203,real_npy,0,1
309,/mnt/c/Users/Chirayu/Documents/GitHub/2D-to-3D-image-reconstruction/facescape_224/fsmview_trainset_18_10_dimpler_47.jpg,0.04619062691926956,0.04501478746533394,-0.0011758394539356232,8.415596343576908,0.672650158405304,0.41209492087364197,0.41209492087364197,22.188028999948983,22.863281000013558,real_npy,0,1
310,/mnt/c/Users/Chirayu/Documents/GitHub/2D-to-3D-image-reconstruction/facescape_224/fsmview_trainset_5_5_jaw_left_56.jpg,0.10200940072536469,0.09797665476799011,-0.004032745957374573,8.330497808754444,0.7262665033340454,0.43866100907325745,0.43866100907325745,95.40462400002525,19.24982799994268,real_npy,0,1
311,/mnt/c/Users/Chirayu/Documents/GitHub/2D-to-3D-image-reconstruction/facescape_224/fsmview_trainset_20_13_lip_funneler_13.jpg,0.09557647258043289,0.10549095273017883,0.009914480149745941,8.547627203166485,0.7417635917663574,0.45947176218032837,0.45947176218032837,22.615328000028967,21.960358999990603,real_npy,0,1
312,/mnt/c/Users/Chirayu/Documents/GitHub/2D-to-3D-image-reconstruction/facescape_224/fsmview_trainset_5_12_lip_puckerer_23.jpg,0.03417960926890373,71.44656372070312,71.41238411143422,167.237959086895,76.05537414550781,0.3363340198993683,0.3363340198993683,21.07589599995663,20.87393199997223,real_npy,1,1
313,/mnt/c/Users/Chirayu/Documents/GitHub/2D-to-3D-image-reconstruction/facescape_224/fsmview_trainset_5_11_chin_raiser_31.jpg,0.048573072999715805,0.043754179030656815,-0.0048188939690589905,8.175583466887474,0.6729958057403564,0.4385364353656769,0.4385364353656769,22.509637999974075,20.142623000083404,real_npy,0,1
314,/mnt/c/Users/Chirayu/Documents/GitHub/2D-to-3D-image-reconstruction/facescape_224/fsmview_trainset_15_20_brow_lower_65.jpg,0.05950196459889412,0.059916552156209946,0.0004145875573158264,8.50786117836833,0.7882245182991028,0.4783177077770233,0.4783177077770233,20.29541900003551,19.988011000009465,real_npy,0,1
315,/mnt/c/Users/Chirayu/Documents/GitHub/2D-to-3D-image-reconstruction/facescape_224/fsmview_trainset_1_15_lip_roll_25.jpg,0.07298500090837479,0.07781358063220978,0.0048285797238349915,8.3282290995121,0.7637621760368347,0.4877466559410095,0.4877466559410095,22.010489999956917,21.157680999976947,real_npy,0,1
316,/mnt/c/Users/Chirayu/Documents/GitHub/2D-to-3D-image-reconstruction/facescape_224/fsmview_trainset_20_3_mouth_stretch_60.jpg,0.054616086184978485,0.11670811474323273,0.06209202855825424,7.800036296248436,0.7090724110603333,0.4581228196620941,0.4581228196620941,20.685727999989467,21.079434999933255,real_npy,0,1
317,/mnt/c/Users/Chirayu/Documents/GitHub/2D-to-3D-image-reconstruction/facescape_224/fsmview_trainset_3_16_grin_34.jpg,0.043744660913944244,0.04639685899019241,0.002652198076248169,7.8450709246098995,0.6664561629295349,0.4230189323425293,0.4230189323425293,22.163490000025377,30.242934000057176,real_npy,0,1
318,/mnt/c/Users/Chirayu/Documents/GitHub/2D-to-3D-image-reconstruction/facescape_224/fsmview_trainset_2_11_chin_raiser_38.jpg,0.08299349248409271,0.09539539366960526,0.012401901185512543,8.303578464314342,0.6750160455703735,0.3115585148334503,0.3115585148334503,22.513627999956043,22.916503000033117,real_npy,0,1
319,/mnt/c/Users/Chirayu/Documents/GitHub/2D-to-3D-image-reconstruction/facescape_224/fsmview_trainset_3_14_sadness_47.jpg,0.06321736425161362,0.09074579179286957,0.02752842754125595,9.00204304419458,0.7546935081481934,0.47971898317337036,0.47971898317337036,22.23921400002382,23.373676000005617,real_npy,0,1
320,/mnt/c/Users/Chirayu/Documents/GitHub/2D-to-3D-image-reconstruction/facescape_224/fsmview_trainset_20_13_lip_funneler_35.jpg,0.055753182619810104,0.05609750747680664,0.00034432485699653625,8.43946822360158,0.712155818939209,0.5090314149856567,0.5090314149856567,43.229101000065384,30.694858999936514,real_npy,0,1
321,/mnt/c/Users/Chirayu/Documents/GitHub/2D-to-3D-image-reconstruction/facescape_224/fsmview_trainset_13_5_jaw_left_15.jpg,0.15893584489822388,26.670875549316406,26.511939704418182,108.66891457140446,33.8187255859375,0.5243456363677979,0.5243456363677979,49.84477699997569,20.992206000073566,real_npy,1,1
322,/mnt/c/Users/Chirayu/Documents/GitHub/2D-to-3D-image-reconstruction/facescape_224/fsmview_trainset_18_14_sadness_43.jpg,0.03339656814932823,0.03114173747599125,-0.0022548306733369827,7.8009083196520805,0.6515048742294312,0.32818713784217834,0.32818713784217834,24.247013000035622,21.714621999990413,real_npy,0,1
323,/mnt/c/Users/Chirayu/Documents/GitHub/2D-to-3D-image-reconstruction/facescape_224/fsmview_trainset_1_10_dimpler_45.jpg,0.03866243362426758,80.53327178955078,80.49460935592651,170.913933634758,89.7638931274414,0.3543740510940552,0.3543740510940552,22.693297000046186,34.69558100005088,real_npy,1,1
324,/mnt/c/Users/Chirayu/Documents/GitHub/2D-to-3D-image-reconstruction/facescape_224/fsmview_trainset_11_18_eye_closed_23.jpg,0.048004668205976486,0.04543163254857063,-0.0025730356574058533,8.230455569922924,0.6442151069641113,0.5327277183532715,0.5327277183532715,20.807419999982812,22.07648099999915,real_npy,0,1
325,/mnt/c/Users/Chirayu/Documents/GitHub/2D-to-3D-image-reconstruction/facescape_224/fsmview_trainset_1_6_jaw_right_50.jpg,0.04146451875567436,43.57686996459961,43.535405445843935,132.02077585458755,47.807559967041016,0.39048445224761963,0.39048445224761963,21.528338999928565,66.9419650000691,real_npy,1,1
326,/mnt/c/Users/Chirayu/Documents/GitHub/2D-to-3D-image-reconstruction/facescape_224/fsmview_trainset_18_2_smile_35.jpg,0.04363686591386795,67.22615051269531,67.18251364678144,163.48949724435806,71.2855224609375,0.41648104786872864,0.41648104786872864,23.373586000047908,19.94813700002851,real_npy,1,1
327,/mnt/c/Users/Chirayu/Documents/GitHub/2D-to-3D-image-reconstruction/facescape_224/fsmview_trainset_15_4_anger_37.jpg,0.08301036804914474,0.11021663248538971,0.027206264436244965,9.199340153485537,0.7955295443534851,0.5669615864753723,0.5669615864753723,25.116185999991103,22.85673900007623,real_npy,0,1
328,/mnt/c/Users/Chirayu/Documents/GitHub/2D-to-3D-image-reconstruction/facescape_224/fsmview_trainset_11_11_chin_raiser_56.jpg,0.06659132242202759,0.06348659843206406,-0.0031047239899635315,9.151329526677728,0.7956439852714539,0.4657000005245209,0.4657000005245209,19.99114299997018,20.54140199993526,real_npy,0,1
329,/mnt/c/Users/Chirayu/Documents/GitHub/2D-to-3D-image-reconstruction/facescape_224/fsmview_trainset_17_2_smile_37.jpg,0.05414543300867081,0.06031239777803421,0.006166964769363403,7.773530542850494,0.6481395959854126,0.3879675567150116,0.3879675567150116,61.88213000007181,24.457245999997212,real_npy,0,1
330,/mnt/c/Users/Chirayu/Documents/GitHub/2D-to-3D-image-reconstruction/facescape_224/fsmview_trainset_4_17_cheek_blowing_33.jpg,0.03118959628045559,480.3493957519531,480.31820615567267,423.5004599094391,557.1808471679688,0.2820451557636261,0.2820451557636261,26.159053000014865,18.40478400004031,real_npy,1,1
331,/mnt/c/Users/Chirayu/Documents/GitHub/2D-to-3D-image-reconstruction/facescape_224/fsmview_trainset_6_1_neutral_33.jpg,0.042975034564733505,16.897172927856445,16.854197893291712,85.51930892467499,18.503934860229492,0.38378608226776123,0.38378608226776123,20.548797000060404,21.00905099996453,real_npy,1,1
332,/mnt/c/Users/Chirayu/Documents/GitHub/2D-to-3D-image-reconstruction/facescape_224/fsmview_trainset_2_10_dimpler_30.jpg,0.05006050318479538,0.049384310841560364,-0.0006761923432350159,8.961560610681772,0.7392631769180298,0.3763578534126282,0.3763578534126282,22.057520999965163,21.252242000059596,real_npy,0,1
333,/mnt/c/Users/Chirayu/Documents/GitHub/2D-to-3D-image-reconstruction/facescape_224/fsmview_trainset_5_3_mouth_stretch_3.jpg,0.24658475816249847,0.2529812753200531,0.0063965171575546265,7.64650696888566,0.6324931383132935,0.36733728647232056,0.36733728647232056,21.770226999933584,21.266474000071867,real_npy,0,1
334,/mnt/c/Users/Chirayu/Documents/GitHub/2D-to-3D-image-reconstruction/facescape_224/fsmview_trainset_19_17_cheek_blowing_22.jpg,0.06223651394248009,0.07123693078756332,0.009000416845083237,9.302111848257482,0.7674940824508667,0.36304378509521484,0.36304378509521484,22.17979199997444,21.629282999924726,real_npy,0,1
335,/mnt/c/Users/Chirayu/Documents/GitHub/2D-to-3D-image-reconstruction/facescape_224/fsmview_trainset_19_1_neutral_42.jpg,0.08850023150444031,0.10324935615062714,0.014749124646186829,8.331261284649372,0.7427808046340942,0.40786996483802795,0.40786996483802795,22.198574999947596,22.340017000033185,real_npy,0,1
336,/mnt/c/Users/Chirayu/Documents/GitHub/2D-to-3D-image-reconstruction/facescape_224/fsmview_trainset_11_14_sadness_6.jpg,0.6950638890266418,3.816032886505127,3.120968997478485,46.44062326848507,5.5888352394104,0.6077684164047241,0.6077684164047241,30.98453799998424,79.1605739999568,real_npy,1,1
337,/mnt/c/Users/Chirayu/Documents/GitHub/2D-to-3D-image-reconstruction/facescape_224/fsmview_trainset_15_9_mouth_right_33.jpg,0.06236496940255165,0.08152821660041809,0.01916324719786644,7.918416040018201,0.7295111417770386,0.5549266338348389,0.5549266338348389,32.469216000095,35.56300100001408,real_npy,0,1
338,/mnt/c/Users/Chirayu/Documents/GitHub/2D-to-3D-image-reconstruction/facescape_224/fsmview_trainset_11_15_lip_roll_64.jpg,0.4236402213573456,0.47058358788490295,0.04694336652755737,8.125253818929195,0.6764663457870483,0.5116760730743408,0.5116760730743408,20.3812879999532,21.316021000075125,real_npy,0,1
339,/mnt/c/Users/Chirayu/Documents/GitHub/2D-to-3D-image-reconstruction/facescape_224/fsmview_trainset_16_10_dimpler_43.jpg,0.033712536096572876,0.03396723046898842,0.0002546943724155426,7.621933080255985,0.6383653283119202,0.30304354429244995,0.30304354429244995,20.553376000066237,21.1906890000364,real_npy,0,1
340,/mnt/c/Users/Chirayu/Documents/GitHub/2D-to-3D-image-reconstruction/facescape_224/fsmview_trainset_18_6_jaw_right_8.jpg,0.04063944146037102,0.7460548281669617,0.7054153867065907,19.49807541258633,1.8400623798370361,0.29853421449661255,0.29853421449661255,22.50885000000835,25.1138930000252,real_npy,0,1
341,/mnt/c/Users/Chirayu/Documents/GitHub/2D-to-3D-image-reconstruction/facescape_224/fsmview_trainset_11_11_chin_raiser_8.jpg,0.44404852390289307,0.4607812464237213,0.016732722520828247,6.869344919919968,0.6198076605796814,0.5798762440681458,0.5798762440681458,22.061072999917997,20.099792999985766,real_npy,0,1
342,/mnt/c/Users/Chirayu/Documents/GitHub/2D-to-3D-image-reconstruction/facescape_224/fsmview_trainset_3_7_jaw_forward_50.jpg,0.20311543345451355,0.1991184651851654,-0.0039969682693481445,7.348276916891336,0.6673727035522461,0.5307843089103699,0.5307843089103699,26.181781999980558,37.08572400000776,real_npy,0,1
343,/mnt/c/Users/Chirayu/Documents/GitHub/2D-to-3D-image-reconstruction/facescape_224/fsmview_trainset_11_7_jaw_forward_13.jpg,0.06756789237260818,0.06853099167346954,0.0009630993008613586,7.5347534120082855,0.6432110071182251,0.45826804637908936,0.45826804637908936,20.11425099999542,19.29840399998284,real_npy,0,1
344,/mnt/c/Users/Chirayu/Documents/GitHub/2D-to-3D-image-reconstruction/facescape_224/fsmview_trainset_14_11_chin_raiser_29.jpg,0.1321905106306076,4.2755656242370605,4.143375113606453,46.870095141232014,5.458218574523926,0.32444021105766296,0.32444021105766296,23.22171299999809,34.11445400001867,real_npy,1,1
345,/mnt/c/Users/Chirayu/Documents/GitHub/2D-to-3D-image-reconstruction/facescape_224/fsmview_trainset_15_19_brow_raiser_22.jpg,0.037692293524742126,0.03885912895202637,0.0011668354272842407,7.143894609063864,0.6124762892723083,0.45958495140075684,0.45958495140075684,21.99425699996027,41.543729999943935,real_npy,0,1
346,/mnt/c/Users/Chirayu/Documents/GitHub/2D-to-3D-image-reconstruction/facescape_224/fsmview_trainset_4_1_neutral_39.jpg,0.053224850445985794,0.047544121742248535,-0.005680728703737259,8.23768074810505,0.7154437303543091,0.3332628905773163,0.3332628905773163,20.29231599999548,21.383865000075275,real_npy,0,1
347,/mnt/c/Users/Chirayu/Documents/GitHub/2D-to-3D-image-reconstruction/facescape_224/fsmview_trainset_4_12_lip_puckerer_15.jpg,0.23123158514499664,0.2254534810781479,-0.005778104066848755,6.084366478025913,0.5871195793151855,0.43098679184913635,0.43098679184913635,22.672414999988177,19.42857299991374,real_npy,0,0
348,/mnt/c/Users/Chirayu/Documents/GitHub/2D-to-3D-image-reconstruction/facescape_224/fsmview_trainset_15_14_sadness_66.jpg,0.38577932119369507,0.46899133920669556,0.08321201801300049,9.739669878035784,0.8206942677497864,0.4715571999549866,0.4715571999549866,20.555668000042715,20.601037999995242,real_npy,0,1
349,/mnt/c/Users/Chirayu/Documents/GitHub/2D-to-3D-image-reconstruction/facescape_224/fsmview_trainset_8_9_mouth_right_49.jpg,0.17063486576080322,0.24313007295131683,0.07249520719051361,7.659785561263561,0.7513501048088074,0.4868529438972473,0.4868529438972473,21.476041999903828,20.73356000005333,real_npy,0,1
350,/mnt/c/Users/Chirayu/Documents/GitHub/2D-to-3D-image-reconstruction/facescape_224/fsmview_trainset_6_2_smile_24.jpg,0.048270083963871,0.047303859144449234,-0.0009662248194217682,8.337271474301815,0.7140865921974182,0.3994881212711334,0.3994881212711334,21.821903000045495,21.796025000071495,real_npy,0,1
351,/mnt/c/Users/Chirayu/Documents/GitHub/2D-to-3D-image-reconstruction/facescape_224/fsmview_trainset_8_8_mouth_left_18.jpg,0.1182030662894249,0.12914405763149261,0.010940991342067719,7.8435782343149185,0.7477331161499023,0.44735774397850037,0.44735774397850037,21.37755000001107,20.926991000010275,real_npy,0,1
352,/mnt/c/Users/Chirayu/Documents/GitHub/2D-to-3D-image-reconstruction/facescape_224/fsmview_trainset_11_16_grin_22.jpg,0.04294177517294884,0.043994735926389694,0.001052960753440857,7.980653706938028,0.656582772731781,0.4783419966697693,0.4783419966697693,22.881676999986666,21.10634200005279,real_npy,0,1
353,/mnt/c/Users/Chirayu/Documents/GitHub/2D-to-3D-image-reconstruction/facescape_224/fsmview_trainset_14_10_dimpler_38.jpg,0.06696408987045288,0.05246197432279587,-0.014502115547657013,7.736051149666309,0.6381368637084961,0.33879420161247253,0.33879420161247253,20.685971000034442,27.65865699996084,real_npy,0,1
354,/mnt/c/Users/Chirayu/Documents/GitHub/2D-to-3D-image-reconstruction/facescape_224/fsmview_trainset_1_11_chin_raiser_13.jpg,0.08648974448442459,0.09032828360795975,0.0038385391235351562,7.393561705946922,0.6552745699882507,0.498416930437088,0.498416930437088,21.055532000104904,20.869586999992862,real_npy,0,1
355,/mnt/c/Users/Chirayu/Documents/GitHub/2D-to-3D-image-reconstruction/facescape_224/fsmview_trainset_7_4_anger_40.jpg,0.15085773169994354,0.16141311824321747,0.010555386543273926,6.662414006888866,0.6014281511306763,0.27548661828041077,0.27548661828041077,82.2823480000352,73.40213300005871,real_npy,0,1
356,/mnt/c/Users/Chirayu/Documents/GitHub/2D-to-3D-image-reconstruction/facescape_224/fsmview_trainset_13_12_lip_puckerer_43.jpg,0.07554957270622253,47.7421875,47.66663792729378,137.2635059952736,52.00297546386719,0.41578465700149536,0.41578465700149536,22.9669189999413,20.622645000003104,real_npy,1,1
357,/mnt/c/Users/Chirayu/Documents/GitHub/2D-to-3D-image-reconstruction/facescape_224/fsmview_trainset_17_15_lip_roll_10.jpg,0.048817228525877,0.887019693851471,0.838202465325594,21.06655292585492,2.0023622512817383,0.3012450039386749,0.3012450039386749,24.156421000043338,24.831691000031242,real_npy,0,1
358,/mnt/c/Users/Chirayu/Documents/GitHub/2D-to-3D-image-reconstruction/facescape_224/fsmview_trainset_1_19_brow_raiser_11.jpg,0.09501845389604568,0.08256859332323074,-0.012449860572814941,8.350074879825115,0.7541959285736084,0.3817848563194275,0.3817848563194275,22.182349999980033,20.446102999926552,real_npy,0,1
359,/mnt/c/Users/Chirayu/Documents/GitHub/2D-to-3D-image-reconstruction/facescape_224/fsmview_trainset_11_9_mouth_right_44.jpg,0.12743310630321503,0.1481500267982483,0.020716920495033264,8.004817754030228,0.780960202217102,0.5733210444450378,0.5733210444450378,24.9212589999388,24.574746999974195,real_npy,0,1
360,/mnt/c/Users/Chirayu/Documents/GitHub/2D-to-3D-image-reconstruction/facescape_224/fsmview_trainset_1_6_jaw_right_54.jpg,0.07558927685022354,0.08934973180294037,0.013760454952716827,7.710842967033386,0.7544336318969727,0.32279807329177856,0.32279807329177856,27.443026999890208,23.95962100001725,real_npy,0,1
361,/mnt/c/Users/Chirayu/Documents/GitHub/2D-to-3D-image-reconstruction/facescape_224/fsmview_trainset_10_19_brow_raiser_46.jpg,0.11339724063873291,0.1245051696896553,0.011107929050922394,9.437184827402234,0.7749025821685791,0.3834877014160156,0.3834877014160156,24.120465999999396,22.42727999998806,real_npy,0,1
362,/mnt/c/Users/Chirayu/Documents/GitHub/2D-to-3D-image-reconstruction/facescape_224/fsmview_trainset_17_2_smile_48.jpg,0.2833535969257355,0.27693286538124084,-0.006420731544494629,7.384030841290951,0.6050508618354797,0.41824087500572205,0.41824087500572205,20.392297999933362,20.156005999979243,real_npy,0,1
363,/mnt/c/Users/Chirayu/Documents/GitHub/2D-to-3D-image-reconstruction/facescape_224/fsmview_trainset_20_16_grin_33.jpg,0.030765565112233162,64.7229232788086,64.69215771369636,160.33112940192223,68.73640441894531,0.4676646590232849,0.4676646590232849,20.4587599999968,18.96907199989073,real_npy,1,1
364,/mnt/c/Users/Chirayu/Documents/GitHub/2D-to-3D-image-reconstruction/facescape_224/fsmview_trainset_20_3_mouth_stretch_7.jpg,1.08323073387146,1.0290316343307495,-0.05419909954071045,6.303725153207779,0.598053514957428,0.46431803703308105,0.46431803703308105,22.461814000052982,20.82968799993523,real_npy,0,0
365,/mnt/c/Users/Chirayu/Documents/GitHub/2D-to-3D-image-reconstruction/facescape_224/fsmview_trainset_11_15_lip_roll_56.jpg,0.05179070681333542,0.05193062499165535,0.00013991817831993103,9.25455286540091,0.7970218658447266,0.4518694579601288,0.4518694579601288,22.35723900002995,39.391924000028666,real_npy,0,1
366,/mnt/c/Users/Chirayu/Documents/GitHub/2D-to-3D-image-reconstruction/facescape_224/fsmview_trainset_4_15_lip_roll_33.jpg,0.02935251221060753,776.7357788085938,776.7064262963831,516.9550125598907,932.4103393554688,0.28584328293800354,0.28584328293800354,21.823139999924024,21.468371000082698,real_npy,1,1
367,/mnt/c/Users/Chirayu/Documents/GitHub/2D-to-3D-image-reconstruction/facescape_224/fsmview_trainset_20_5_jaw_left_8.jpg,0.13852065801620483,0.12726503610610962,-0.011255621910095215,8.523992136120796,0.7851164937019348,0.5357789397239685,0.5357789397239685,22.225231999982498,20.94103100000666,real_npy,0,1
368,/mnt/c/Users/Chirayu/Documents/GitHub/2D-to-3D-image-reconstruction/facescape_224/fsmview_trainset_10_2_smile_16.jpg,0.03773248940706253,0.040153346955776215,0.002420857548713684,7.749656558036804,0.6607120633125305,0.2809250056743622,0.2809250056743622,21.630737999998928,19.903354999996736,real_npy,0,1
369,/mnt/c/Users/Chirayu/Documents/GitHub/2D-to-3D-image-reconstruction/facescape_224/fsmview_trainset_6_7_jaw_forward_22.jpg,0.3425346910953522,0.36050304770469666,0.017968356609344482,6.6607929319143295,0.5927233695983887,0.541290819644928,0.541290819644928,23.27107500002512,20.632873999943513,real_npy,0,1
370,/mnt/c/Users/Chirayu/Documents/GitHub/2D-to-3D-image-reconstruction/facescape_224/fsmview_trainset_5_18_eye_closed_38.jpg,0.04725433886051178,0.04997948929667473,0.0027251504361629486,7.6170400977134705,0.6759285926818848,0.38077786564826965,0.38077786564826965,21.86065899991263,56.67429799996171,real_npy,0,1
371,/mnt/c/Users/Chirayu/Documents/GitHub/2D-to-3D-image-reconstruction/facescape_224/fsmview_trainset_8_1_neutral_42.jpg,0.062148578464984894,0.06544489413499832,0.0032963156700134277,8.208228819072247,0.7427821755409241,0.3662024140357971,0.3662024140357971,20.469849000051,21.33867200006989,real_npy,0,1
372,/mnt/c/Users/Chirayu/Documents/GitHub/2D-to-3D-image-reconstruction/facescape_224/fsmview_trainset_6_20_brow_lower_16.jpg,0.1516498178243637,0.16919803619384766,0.017548218369483948,8.0225894972682,0.7205488085746765,0.24736744165420532,0.24736744165420532,55.5672800001048,19.794260000026043,real_npy,0,1
373,/mnt/c/Users/Chirayu/Documents/GitHub/2D-to-3D-image-reconstruction/facescape_224/fsmview_trainset_6_10_dimpler_16.jpg,0.029820764437317848,244.35195922851562,244.3221384640783,296.6771243214607,269.8655700683594,0.28283917903900146,0.28283917903900146,23.935646000040833,20.26252099994963,real_npy,1,1
374,/mnt/c/Users/Chirayu/Documents/GitHub/2D-to-3D-image-reconstruction/facescape_224/fsmview_trainset_11_9_mouth_right_48.jpg,0.7548563480377197,0.6330412030220032,-0.12181514501571655,7.7780821323394775,0.6626126766204834,0.5383922457695007,0.5383922457695007,20.03918100001556,20.83069900004375,real_npy,0,1
375,/mnt/c/Users/Chirayu/Documents/GitHub/2D-to-3D-image-reconstruction/facescape_224/fsmview_trainset_1_9_mouth_right_15.jpg,0.18290673196315765,0.17744381725788116,-0.005462914705276489,7.662761747837067,0.6511551141738892,0.4921194911003113,0.4921194911003113,60.60183599993252,27.157710000096813,real_npy,0,1
376,/mnt/c/Users/Chirayu/Documents/GitHub/2D-to-3D-image-reconstruction/facescape_224/fsmview_trainset_5_8_mouth_left_35.jpg,0.051407091319561005,0.049478549510240555,-0.0019285418093204498,8.308064633980393,0.7004267573356628,0.39867767691612244,0.39867767691612244,42.624064999927214,75.70818099998178,real_npy,0,1
377,/mnt/c/Users/Chirayu/Documents/GitHub/2D-to-3D-image-reconstruction/facescape_224/fsmview_trainset_9_15_lip_roll_40.jpg,0.1742798388004303,0.17409572005271912,-0.00018411874771118164,7.589127328246832,0.6589479446411133,0.46144700050354004,0.46144700050354004,19.795762999933686,50.044970000044486,real_npy,0,1
378,/mnt/c/Users/Chirayu/Documents/GitHub/2D-to-3D-image-reconstruction/facescape_224/fsmview_trainset_15_2_smile_20.jpg,0.10533736646175385,0.12133663147687912,0.015999265015125275,7.3836699873209,0.6368730664253235,0.42274951934814453,0.42274951934814453,21.398548999968625,21.97193699998934,real_npy,0,1
379,/mnt/c/Users/Chirayu/Documents/GitHub/2D-to-3D-image-reconstruction/facescape_224/fsmview_trainset_2_20_brow_lower_8.jpg,0.05154765397310257,93.76956939697266,93.71802174299955,187.056711435318,106.20741271972656,0.4464970827102661,0.4464970827102661,23.513342000001103,19.325931000025776,real_npy,1,1
380,/mnt/c/Users/Chirayu/Documents/GitHub/2D-to-3D-image-reconstruction/facescape_224/fsmview_trainset_7_17_cheek_blowing_39.jpg,0.22008781135082245,0.19559600949287415,-0.024491801857948303,7.165106259286404,0.620459794998169,0.5047426819801331,0.5047426819801331,23.158064999961425,20.39235299992015,real_npy,0,1
381,/mnt/c/Users/Chirayu/Documents/GitHub/2D-to-3D-image-reconstruction/facescape_224/fsmview_trainset_17_14_sadness_42.jpg,0.11369676887989044,57.20875549316406,57.09505872428417,152.78201335668564,63.842140197753906,0.43646955490112305,0.43646955490112305,20.75175400000262,18.154759000026388,real_npy,1,1
382,/mnt/c/Users/Chirayu/Documents/GitHub/2D-to-3D-image-reconstruction/facescape_224/fsmview_trainset_1_4_anger_20.jpg,0.041236575692892075,18.898435592651367,18.857199016958475,92.24856205284595,20.879159927368164,0.35333871841430664,0.35333871841430664,24.055751999981112,21.26330000010057,real_npy,1,1
383,/mnt/c/Users/Chirayu/Documents/GitHub/2D-to-3D-image-reconstruction/facescape_224/fsmview_trainset_10_10_dimpler_7.jpg,0.04051297903060913,0.046678002923727036,0.006165023893117905,7.495560221374035,0.6487898230552673,0.22376170754432678,0.22376170754432678,21.437372000036703,22.174910999979147,real_npy,0,1
384,/mnt/c/Users/Chirayu/Documents/GitHub/2D-to-3D-image-reconstruction/facescape_224/fsmview_trainset_2_9_mouth_right_54.jpg,0.08396080136299133,0.08862224966287613,0.004661448299884796,8.76518016308546,0.7736750841140747,0.4743451774120331,0.4743451774120331,21.29320500000631,42.51890100010769,real_npy,0,1
385,/mnt/c/Users/Chirayu/Documents/GitHub/2D-to-3D-image-reconstruction/facescape_224/fsmview_trainset_18_5_jaw_left_41.jpg,0.10298383980989456,0.10720319300889969,0.004219353199005127,7.866887792944908,0.7041512727737427,0.49274033308029175,0.49274033308029175,21.02488599996377,19.856893999985914,real_npy,0,1
386,/mnt/c/Users/Chirayu/Documents/GitHub/2D-to-3D-image-reconstruction/facescape_224/fsmview_trainset_14_16_grin_35.jpg,0.047879960387945175,0.052225444465875626,0.0043454840779304504,8.682321329135448,0.7243061065673828,0.5433282852172852,0.5433282852172852,31.428654000023926,18.88092699994104,real_npy,0,1
387,/mnt/c/Users/Chirayu/Documents/GitHub/2D-to-3D-image-reconstruction/facescape_224/fsmview_trainset_17_15_lip_roll_35.jpg,0.05233773961663246,0.05391139164566994,0.0015736520290374756,8.102267485111952,0.6944612264633179,0.39107444882392883,0.39107444882392883,47.210433000032026,37.436170999967544,real_npy,0,1
388,/mnt/c/Users/Chirayu/Documents/GitHub/2D-to-3D-image-reconstruction/facescape_224/fsmview_trainset_7_1_neutral_3.jpg,0.056664545089006424,11.25442123413086,11.197756689041853,72.72654186189175,12.300816535949707,0.38797545433044434,0.38797545433044434,20.327951000012945,28.356005999967238,real_npy,1,1
389,/mnt/c/Users/Chirayu/Documents/GitHub/2D-to-3D-image-reconstruction/facescape_224/fsmview_trainset_5_3_mouth_stretch_29.jpg,0.04362858831882477,0.04508034512400627,0.0014517568051815033,7.947453882545233,0.7152049541473389,0.331966370344162,0.331966370344162,22.13137299997925,22.14481600003637,real_npy,0,1
390,/mnt/c/Users/Chirayu/Documents/GitHub/2D-to-3D-image-reconstruction/facescape_224/fsmview_trainset_10_19_brow_raiser_51.jpg,0.0626525953412056,4.533207893371582,4.470555298030376,43.505925465375185,5.943440914154053,0.37581896781921387,0.37581896781921387,22.50998800002435,36.71525099991868,real_npy,1,1
391,/mnt/c/Users/Chirayu/Documents/GitHub/2D-to-3D-image-reconstruction/facescape_224/fsmview_trainset_6_16_grin_23.jpg,0.04190877452492714,21.811609268188477,21.76970049366355,98.90859584510326,23.361312866210938,0.29240792989730835,0.29240792989730835,21.338146999937635,17.667720999952508,real_npy,1,1
392,/mnt/c/Users/Chirayu/Documents/GitHub/2D-to-3D-image-reconstruction/facescape_224/fsmview_trainset_8_13_lip_funneler_50.jpg,0.04690049588680267,0.04903455078601837,0.0021340548992156982,7.772308077663183,0.6975710988044739,0.32296326756477356,0.32296326756477356,22.20700499992745,21.07633299999634,real_npy,0,1
393,/mnt/c/Users/Chirayu/Documents/GitHub/2D-to-3D-image-reconstruction/facescape_224/fsmview_trainset_5_13_lip_funneler_45.jpg,0.15470224618911743,0.1286063939332962,-0.026095852255821228,8.089846223592758,0.682556688785553,0.49051955342292786,0.49051955342292786,20.33410699993965,19.27751999994598,real_npy,0,1
394,/mnt/c/Users/Chirayu/Documents/GitHub/2D-to-3D-image-reconstruction/facescape_224/fsmview_trainset_13_16_grin_9.jpg,0.10597468912601471,0.09381978213787079,-0.012154906988143921,8.020009033381939,0.6812548041343689,0.4167385697364807,0.4167385697364807,42.03880099998969,20.584074999987934,real_npy,0,1
395,/mnt/c/Users/Chirayu/Documents/GitHub/2D-to-3D-image-reconstruction/facescape_224/fsmview_trainset_11_6_jaw_right_65.jpg,0.05059200897812843,921.54736328125,921.4967712722719,560.9774825572968,1004.4611206054688,0.4843273460865021,0.4843273460865021,21.16820200001257,43.845945000043685,real_npy,1,1
396,/mnt/c/Users/Chirayu/Documents/GitHub/2D-to-3D-image-reconstruction/facescape_224/fsmview_trainset_3_7_jaw_forward_32.jpg,0.04731909930706024,0.05111050605773926,0.003791406750679016,8.079823054373264,0.6683334112167358,0.35414090752601624,0.35414090752601624,20.371127000089473,20.57463699998152,real_npy,0,1
397,/mnt/c/Users/Chirayu/Documents/GitHub/2D-to-3D-image-reconstruction/facescape_224/fsmview_trainset_2_3_mouth_stretch_9.jpg,0.07393359392881393,0.08196878433227539,0.008035190403461456,8.684194762259722,0.7836964726448059,0.41245704889297485,0.41245704889297485,27.419307000059234,19.964275000006637,real_npy,0,1
398,/mnt/c/Users/Chirayu/Documents/GitHub/2D-to-3D-image-reconstruction/facescape_224/fsmview_trainset_17_13_lip_funneler_29.jpg,0.06675641983747482,0.06855664402246475,0.0018002241849899292,8.233535695821047,0.717694878578186,0.2316301316022873,0.2316301316022873,38.16448599991418,19.80997699990894,real_npy,0,1
399,/mnt/c/Users/Chirayu/Documents/GitHub/2D-to-3D-image-reconstruction/facescape_224/fsmview_trainset_11_18_eye_closed_21.jpg,0.27427220344543457,5.286248207092285,5.011976003646851,52.373244136571884,6.710715293884277,0.44286367297172546,0.44286367297172546,20.93589800006157,32.64368299994658,real_npy,1,1
400,/mnt/c/Users/Chirayu/Documents/GitHub/2D-to-3D-image-reconstruction/facescape_224/fsmview_trainset_13_3_mouth_stretch_40.jpg,0.03397520259022713,0.03450412675738335,0.0005289241671562195,7.2217836156487465,0.6613097786903381,0.2729777693748474,0.2729777693748474,21.036560999959875,21.438948999957574,real_npy,0,1
401,/mnt/c/Users/Chirayu/Documents/GitHub/2D-to-3D-image-reconstruction/facescape_224/fsmview_trainset_19_11_chin_raiser_48.jpg,0.05617678165435791,0.056338485330343246,0.0001617036759853363,7.861200511455536,0.6729056239128113,0.3327157199382782,0.3327157199382782,31.224558000076286,71.0684850000689,real_npy,0,1
402,/mnt/c/Users/Chirayu/Documents/GitHub/2D-to-3D-image-reconstruction/facescape_224/fsmview_trainset_17_12_lip_puckerer_57.jpg,0.13419930636882782,0.1417631208896637,0.0075638145208358765,8.712671928107738,0.721667468547821,0.36601266264915466,0.36601266264915466,42.1218520000366,21.466600000053404,real_npy,0,1
403,/mnt/c/Users/Chirayu/Documents/GitHub/2D-to-3D-image-reconstruction/facescape_224/fsmview_trainset_9_13_lip_funneler_2.jpg,0.09327264130115509,0.10549044609069824,0.012217804789543152,8.672084856778383,0.7262871861457825,0.39435040950775146,0.39435040950775146,20.84482999998727,20.79661200002647,real_npy,0,1
404,/mnt/c/Users/Chirayu/Documents/GitHub/2D-to-3D-image-reconstruction/facescape_224/fsmview_trainset_13_17_cheek_blowing_2.jpg,0.07869661599397659,0.08158404380083084,0.002887427806854248,7.815898764878511,0.6378567218780518,0.4751998782157898,0.4751998782157898,21.518538000009357,21.65101000002778,real_npy,0,1
405,/mnt/c/Users/Chirayu/Documents/GitHub/2D-to-3D-image-reconstruction/facescape_224/fsmview_trainset_2_6_jaw_right_15.jpg,0.04536667466163635,0.04904504865407944,0.0036783739924430847,8.613616289570928,0.7096055746078491,0.4291512668132782,0.4291512668132782,20.094182999969235,19.400687000029393,real_npy,0,1
406,/mnt/c/Users/Chirayu/Documents/GitHub/2D-to-3D-image-reconstruction/facescape_224/fsmview_trainset_6_11_chin_raiser_2.jpg,0.05255434289574623,0.05692892149090767,0.004374578595161438,8.518035359680653,0.7254830002784729,0.38796454668045044,0.38796454668045044,20.719791000033183,23.00690000004124,real_npy,0,1
407,/mnt/c/Users/Chirayu/Documents/GitHub/2D-to-3D-image-reconstruction/facescape_224/fsmview_trainset_6_4_anger_1.jpg,0.06018228456377983,0.0588354654610157,-0.0013468191027641296,7.852140128612518,0.7183718681335449,0.36813560128211975,0.36813560128211975,20.549030000097446,21.926329000052647,real_npy,0,1
408,/mnt/c/Users/Chirayu/Documents/GitHub/2D-to-3D-image-reconstruction/facescape_224/fsmview_trainset_14_1_neutral_10.jpg,0.09977950900793076,0.11673424392938614,0.016954734921455383,7.9891776368021965,0.6738154292106628,0.6043975353240967,0.6043975353240967,21.775320999950054,19.78651499996431,real_npy,0,1
409,/mnt/c/Users/Chirayu/Documents/GitHub/2D-to-3D-image-reconstruction/facescape_224/fsmview_trainset_16_19_brow_raiser_27.jpg,1.0408374071121216,1.002212643623352,-0.03862476348876953,7.974189534783363,0.6833665370941162,0.4407268166542053,0.4407268166542053,23.29472499991425,20.558983000000808,real_npy,0,1
410,/mnt/c/Users/Chirayu/Documents/GitHub/2D-to-3D-image-reconstruction/facescape_224/fsmview_trainset_17_4_anger_18.jpg,0.04299195483326912,0.045833613723516464,0.002841658890247345,8.830153409857303,0.7235676050186157,0.3727159798145294,0.3727159798145294,20.430842999985543,19.707067000013012,real_npy,0,1
411,/mnt/c/Users/Chirayu/Documents/GitHub/2D-to-3D-image-reconstruction/facescape_224/fsmview_trainset_10_20_brow_lower_26.jpg,0.18034951388835907,17.563007354736328,17.38265784084797,94.46762213110924,22.87558937072754,0.6248012185096741,0.6248012185096741,21.2268390000645,18.4314099999483,real_npy,1,1
412,/mnt/c/Users/Chirayu/Documents/GitHub/2D-to-3D-image-reconstruction/facescape_224/fsmview_trainset_12_17_cheek_blowing_15.jpg,0.04405786097049713,0.04303298890590668,-0.001024872064590454,8.978045426309109,0.7784520983695984,0.3956418037414551,0.3956418037414551,20.503831000041828,20.064800000000105,real_npy,0,1
413,/mnt/c/Users/Chirayu/Documents/GitHub/2D-to-3D-image-reconstruction/facescape_224/fsmview_trainset_10_13_lip_funneler_16.jpg,0.05648652836680412,0.05871087312698364,0.0022243447601795197,7.572930246591568,0.6723663806915283,0.2840769290924072,0.2840769290924072,24.806362000049376,21.808899999996356,real_npy,0,1
414,/mnt/c/Users/Chirayu/Documents/GitHub/2D-to-3D-image-reconstruction/facescape_224/fsmview_trainset_3_2_smile_16.jpg,0.06742703169584274,0.06713181734085083,-0.00029521435499191284,8.391855839639902,0.7184345126152039,0.33039653301239014,0.33039653301239014,19.961690999934945,19.501289999993787,real_npy,0,1
415,/mnt/c/Users/Chirayu/Documents/GitHub/2D-to-3D-image-reconstruction/facescape_224/fsmview_trainset_4_14_sadness_50.jpg,0.043311022222042084,7.962225437164307,7.918914414942265,58.98486493527889,9.251564979553223,0.3232268989086151,0.3232268989086151,42.482317999997576,18.07289300006687,real_npy,1,1
416,/mnt/c/Users/Chirayu/Documents/GitHub/2D-to-3D-image-reconstruction/facescape_224/fsmview_trainset_14_13_lip_funneler_46.jpg,0.18017852306365967,0.1833503395318985,0.0031718164682388306,8.427792817354202,0.6451885104179382,0.6414470076560974,0.6414470076560974,21.541245000094023,22.36109699992994,real_npy,0,1
417,/mnt/c/Users/Chirayu/Documents/GitHub/2D-to-3D-image-reconstruction/facescape_224/fsmview_trainset_4_16_grin_54.jpg,0.03846467658877373,0.039386194199323654,0.0009215176105499268,8.130873940885067,0.684559166431427,0.19953884184360504,0.19953884184360504,20.872013000030165,19.159857000090597,real_npy,0,1
418,/mnt/c/Users/Chirayu/Documents/GitHub/2D-to-3D-image-reconstruction/facescape_224/fsmview_trainset_18_2_smile_8.jpg,0.044978998601436615,76.08601379394531,76.04103479534388,172.26191264390945,80.02263641357422,0.30695798993110657,0.30695798993110657,20.703818000015417,21.050526000067293,real_npy,1,1
419,/mnt/c/Users/Chirayu/Documents/GitHub/2D-to-3D-image-reconstruction/facescape_224/fsmview_trainset_11_12_lip_puckerer_52.jpg,0.4562506377696991,0.34631094336509705,-0.10993969440460205,7.335399746894836,0.6706928014755249,0.5204474925994873,0.5204474925994873,21.55478600002425,20.54196899996441,real_npy,0,1
420,/mnt/c/Users/Chirayu/Documents/GitHub/2D-to-3D-image-reconstruction/facescape_224/fsmview_trainset_14_12_lip_puckerer_67.jpg,0.03888438269495964,0.03949011117219925,0.0006057284772396088,8.362497058697045,0.6888145804405212,0.46781712770462036,0.46781712770462036,20.665094000037243,18.831814000009217,real_npy,0,1
421,/mnt/c/Users/Chirayu/Documents/GitHub/2D-to-3D-image-reconstruction/facescape_224/fsmview_trainset_14_17_cheek_blowing_66.jpg,0.8645138740539551,0.874379575252533,0.00986570119857788,7.604040652513504,0.6821074485778809,0.466621071100235,0.466621071100235,22.525896999923134,19.851977000030274,real_npy,0,1
422,/mnt/c/Users/Chirayu/Documents/GitHub/2D-to-3D-image-reconstruction/facescape_224/fsmview_trainset_1_12_lip_puckerer_55.jpg,0.09537511318922043,26.996599197387695,26.901224084198475,109.97830227017403,29.20804786682129,0.29128560423851013,0.29128560423851013,22.198494000008395,20.198232999973698,real_npy,1,1
423,/mnt/c/Users/Chirayu/Documents/GitHub/2D-to-3D-image-reconstruction/facescape_224/fsmview_trainset_12_9_mouth_right_54.jpg,0.05370771884918213,0.050507694482803345,-0.003200024366378784,8.942956425249577,0.7485891580581665,0.484336793422699,0.484336793422699,25.206441000023005,22.778962999950636,real_npy,0,1
424,/mnt/c/Users/Chirayu/Documents/GitHub/2D-to-3D-image-reconstruction/facescape_224/fsmview_trainset_19_2_smile_37.jpg,0.12448219954967499,0.16136951744556427,0.03688731789588928,8.888685755431652,0.7556654214859009,0.40821054577827454,0.40821054577827454,20.783504999940305,20.15156400000251,real_npy,0,1
425,/mnt/c/Users/Chirayu/Documents/GitHub/2D-to-3D-image-reconstruction/facescape_224/fsmview_trainset_10_6_jaw_right_52.jpg,0.12372328341007233,0.12163723260164261,-0.002086050808429718,6.944915506988764,0.633533775806427,0.4109300971031189,0.4109300971031189,23.47748700003649,20.20983200009141,real_npy,0,1
426,/mnt/c/Users/Chirayu/Documents/GitHub/2D-to-3D-image-reconstruction/facescape_224/fsmview_trainset_16_4_anger_50.jpg,0.047082409262657166,0.04822004213929176,0.0011376328766345978,8.093321211636066,0.6786391139030457,0.4240606427192688,0.4240606427192688,21.498541000028126,20.68437200000517,real_npy,0,1
427,/mnt/c/Users/Chirayu/Documents/GitHub/2D-to-3D-image-reconstruction/facescape_224/fsmview_trainset_20_17_cheek_blowing_3.jpg,0.5459924340248108,0.31642335653305054,-0.22956907749176025,11.772659236565232,1.2479286193847656,0.5751022100448608,0.5751022100448608,20.25952100007089,22.236506000012923,template_fallback,0,1
428,/mnt/c/Users/Chirayu/Documents/GitHub/2D-to-3D-image-reconstruction/facescape_224/fsmview_trainset_12_18_eye_closed_42.jpg,0.039998650550842285,0.03969908133149147,-0.0002995692193508148,8.263886377215385,0.697132408618927,0.3253357708454132,0.3253357708454132,21.29442500006462,21.8306259999963,real_npy,0,1
429,/mnt/c/Users/Chirayu/Documents/GitHub/2D-to-3D-image-reconstruction/facescape_224/fsmview_trainset_20_3_mouth_stretch_41.jpg,0.04085797443985939,0.044100794941186905,0.0032428205013275146,7.544313915073872,0.7047237753868103,0.3967735767364502,0.3967735767364502,21.303214999988995,19.730564999917988,real_npy,0,1
430,/mnt/c/Users/Chirayu/Documents/GitHub/2D-to-3D-image-reconstruction/facescape_224/fsmview_trainset_17_11_chin_raiser_46.jpg,0.6765697002410889,0.6765309572219849,-3.8743019104003906e-05,7.625352248549461,0.6417990326881409,0.45976340770721436,0.45976340770721436,20.118624000019736,21.030978999988292,real_npy,0,1
431,/mnt/c/Users/Chirayu/Documents/GitHub/2D-to-3D-image-reconstruction/facescape_224/fsmview_trainset_20_16_grin_58.jpg,0.04961240291595459,0.05080452561378479,0.0011921226978302002,8.987917736172676,0.8048220276832581,0.39453205466270447,0.39453205466270447,22.435395000002245,19.914629000027162,real_npy,0,1
432,/mnt/c/Users/Chirayu/Documents/GitHub/2D-to-3D-image-reconstruction/facescape_224/fsmview_trainset_5_15_lip_roll_11.jpg,0.5482129454612732,25.921354293823242,25.37314134836197,111.36869676411152,30.6690673828125,0.5640919208526611,0.5640919208526611,23.156786000072316,20.17201199998908,real_npy,1,1
433,/mnt/c/Users/Chirayu/Documents/GitHub/2D-to-3D-image-reconstruction/facescape_224/fsmview_trainset_20_9_mouth_right_30.jpg,0.06330569833517075,1.650517225265503,1.5872115269303322,28.558100394904613,2.8475000858306885,0.3150187134742737,0.3150187134742737,52.65929099994082,27.63216599998941,real_npy,0,1
434,/mnt/c/Users/Chirayu/Documents/GitHub/2D-to-3D-image-reconstruction/facescape_224/fsmview_trainset_11_20_brow_lower_34.jpg,0.03360382840037346,80.72000885009766,80.68640502169728,176.1375539302826,84.46277618408203,0.5707105398178101,0.5707105398178101,21.262211000021125,19.256591000043954,real_npy,1,1
435,/mnt/c/Users/Chirayu/Documents/GitHub/2D-to-3D-image-reconstruction/facescape_224/fsmview_trainset_2_1_neutral_6.jpg,0.0899490937590599,0.10636178404092789,0.01641269028186798,8.74071641266346,0.7478918433189392,0.3931867480278015,0.3931867480278015,22.817775000021356,19.7997379999606,real_npy,0,1
436,/mnt/c/Users/Chirayu/Documents/GitHub/2D-to-3D-image-reconstruction/facescape_224/fsmview_trainset_10_5_jaw_left_6.jpg,0.049032337963581085,0.15454337000846863,0.10551103204488754,9.010633351281285,0.8362297415733337,0.25825661420822144,0.25825661420822144,23.53436700002476,20.712766000087868,real_npy,0,1
437,/mnt/c/Users/Chirayu/Documents/GitHub/2D-to-3D-image-reconstruction/facescape_224/fsmview_trainset_1_2_smile_18.jpg,0.0392448827624321,0.03933808580040932,9.320303797721863e-05,8.370210797060281,0.6895763874053955,0.36477816104888916,0.36477816104888916,19.797761999939212,20.702624000023206,real_npy,0,1
438,/mnt/c/Users/Chirayu/Documents/GitHub/2D-to-3D-image-reconstruction/facescape_224/fsmview_trainset_3_3_mouth_stretch_46.jpg,0.1193605586886406,0.11168843507766724,-0.007672123610973358,8.234321646392345,0.7102819681167603,0.5117491483688354,0.5117491483688354,22.57453599997916,21.470120999993014,real_npy,0,1
439,/mnt/c/Users/Chirayu/Documents/GitHub/2D-to-3D-image-reconstruction/facescape_224/fsmview_trainset_16_3_mouth_stretch_24.jpg,0.040412988513708115,0.041579946875572205,0.00116695836186409,7.715468622744083,0.6731314659118652,0.3543473184108734,0.3543473184108734,20.11070599996856,19.392674999949122,real_npy,0,1
440,/mnt/c/Users/Chirayu/Documents/GitHub/2D-to-3D-image-reconstruction/facescape_224/fsmview_trainset_12_5_jaw_left_18.jpg,0.05457938089966774,0.052573297172784805,-0.0020060837268829346,8.879024976864457,0.7251321077346802,0.5446250438690186,0.5446250438690186,21.99487500001851,19.7217529999989,real_npy,0,1
441,/mnt/c/Users/Chirayu/Documents/GitHub/2D-to-3D-image-reconstruction/facescape_224/fsmview_trainset_3_15_lip_roll_13.jpg,0.05905579775571823,0.05845151096582413,-0.000604286789894104,8.353830065578222,0.7162676453590393,0.42553797364234924,0.42553797364234924,22.586697000065215,20.903845999896475,real_npy,0,1
442,/mnt/c/Users/Chirayu/Documents/GitHub/2D-to-3D-image-reconstruction/facescape_224/fsmview_trainset_9_1_neutral_1.jpg,0.07496225833892822,0.07705292850732803,0.002090670168399811,8.568031448870897,0.6862866878509521,0.40183931589126587,0.40183931589126587,21.0132249999333,21.00933500003066,real_npy,0,1
443,/mnt/c/Users/Chirayu/Documents/GitHub/2D-to-3D-image-reconstruction/facescape_224/fsmview_trainset_5_2_smile_15.jpg,0.03503776341676712,1.482776403427124,1.447738640010357,27.171081744134426,2.5931310653686523,0.38428184390068054,0.38428184390068054,23.57468399998197,27.671051999959673,real_npy,0,1
444,/mnt/c/Users/Chirayu/Documents/GitHub/2D-to-3D-image-reconstruction/facescape_224/fsmview_trainset_3_2_smile_38.jpg,0.054419633001089096,0.06113859638571739,0.006718963384628296,7.99263047426939,0.7291104793548584,0.41943129897117615,0.41943129897117615,78.00453400000151,22.50564000007671,real_npy,0,1
445,/mnt/c/Users/Chirayu/Documents/GitHub/2D-to-3D-image-reconstruction/facescape_224/fsmview_trainset_18_14_sadness_30.jpg,0.16891394555568695,16.58324432373047,16.414330378174782,87.15329997241497,18.116540908813477,0.35737594962120056,0.35737594962120056,19.908836000013252,19.555593999939447,real_npy,1,1
446,/mnt/c/Users/Chirayu/Documents/GitHub/2D-to-3D-image-reconstruction/facescape_224/fsmview_trainset_14_6_jaw_right_24.jpg,0.03454152122139931,0.032927725464105606,-0.0016137957572937012,7.135019585490227,0.6094188094139099,0.44072696566581726,0.44072696566581726,21.46521700001358,21.83105599999635,real_npy,0,1
447,/mnt/c/Users/Chirayu/Documents/GitHub/2D-to-3D-image-reconstruction/facescape_224/fsmview_trainset_12_1_neutral_15.jpg,0.05460415780544281,0.05156918987631798,-0.003034967929124832,8.88951314613223,0.7254826426506042,0.5001314282417297,0.5001314282417297,24.290231000009044,21.361004000027606,real_npy,0,1
448,/mnt/c/Users/Chirayu/Documents/GitHub/2D-to-3D-image-reconstruction/facescape_224/fsmview_trainset_18_20_brow_lower_54.jpg,0.036408767104148865,0.036591917276382446,0.00018315017223358154,8.54223158583045,0.7108407020568848,0.3662188947200775,0.3662188947200775,22.7792830000908,21.846121000066887,real_npy,0,1
449,/mnt/c/Users/Chirayu/Documents/GitHub/2D-to-3D-image-reconstruction/facescape_224/fsmview_trainset_13_5_jaw_left_23.jpg,0.041822466999292374,0.03893439099192619,-0.0028880760073661804,8.649646695703268,0.6830344796180725,0.42399314045906067,0.42399314045906067,59.63275800002066,21.897091000028013,real_npy,0,1
450,/mnt/c/Users/Chirayu/Documents/GitHub/2D-to-3D-image-reconstruction/facescape_224/fsmview_trainset_5_3_mouth_stretch_47.jpg,0.07041554898023605,0.07657153159379959,0.006155982613563538,9.064634069800377,0.7371236681938171,0.460392028093338,0.460392028093338,20.823982000024444,23.400623000043197,real_npy,0,1
451,/mnt/c/Users/Chirayu/Documents/GitHub/2D-to-3D-image-reconstruction/facescape_224/fsmview_trainset_9_14_sadness_30.jpg,0.0524921752512455,0.05131230130791664,-0.0011798739433288574,8.120218684896827,0.6738954186439514,0.3368051052093506,0.3368051052093506,23.538597999959165,22.500764999904277,real_npy,0,1
452,/mnt/c/Users/Chirayu/Documents/GitHub/2D-to-3D-image-reconstruction/facescape_224/fsmview_trainset_6_7_jaw_forward_34.jpg,0.043389055877923965,25.67067527770996,25.627286221832037,104.74432243406773,27.934993743896484,0.37545740604400635,0.37545740604400635,22.223573000019314,18.236019999903874,real_npy,1,1
453,/mnt/c/Users/Chirayu/Documents/GitHub/2D-to-3D-image-reconstruction/facescape_224/fsmview_trainset_20_15_lip_roll_20.jpg,0.25926047563552856,0.29983893036842346,0.0405784547328949,7.490460369735956,0.6345828175544739,0.34921538829803467,0.34921538829803467,22.265193999942312,21.48519499996837,real_npy,0,1
454,/mnt/c/Users/Chirayu/Documents/GitHub/2D-to-3D-image-reconstruction/facescape_224/fsmview_trainset_4_20_brow_lower_51.jpg,0.14988885819911957,0.13467063009738922,-0.015218228101730347,7.071999400854111,0.7108941674232483,0.36281028389930725,0.36281028389930725,21.123153999951683,20.700259999898662,real_npy,0,1
455,/mnt/c/Users/Chirayu/Documents/GitHub/2D-to-3D-image-reconstruction/facescape_224/fsmview_trainset_11_1_neutral_59.jpg,0.04443947598338127,1.5118584632873535,1.4674189873039722,24.909873330965638,2.5727107524871826,0.4157955050468445,0.4157955050468445,21.2431209999977,26.771238999913294,real_npy,0,1
456,/mnt/c/Users/Chirayu/Documents/GitHub/2D-to-3D-image-reconstruction/facescape_224/fsmview_trainset_17_1_neutral_32.jpg,0.047248389571905136,0.051685791462659836,0.0044374018907547,8.296286914497614,0.7076655030250549,0.32235783338546753,0.32235783338546753,27.105682000069464,22.71641099991939,real_npy,0,1
457,/mnt/c/Users/Chirayu/Documents/GitHub/2D-to-3D-image-reconstruction/facescape_224/fsmview_trainset_14_13_lip_funneler_34.jpg,0.04413463920354843,0.27598920464515686,0.23185456544160843,12.255520588252693,1.2040857076644897,0.5101891756057739,0.5101891756057739,20.89544900002238,20.407628000043587,real_npy,0,1
458,/mnt/c/Users/Chirayu/Documents/GitHub/2D-to-3D-image-reconstruction/facescape_224/fsmview_trainset_15_9_mouth_right_40.jpg,0.05588174983859062,0.25602784752845764,0.20014609768986702,12.715606302022934,1.0885767936706543,0.6110203862190247,0.6110203862190247,24.69065299999329,21.822911000072054,real_npy,0,1
459,/mnt/c/Users/Chirayu/Documents/GitHub/2D-to-3D-image-reconstruction/facescape_224/fsmview_trainset_14_7_jaw_forward_25.jpg,0.03529714047908783,223.29945373535156,223.26415659487247,279.00795686244965,266.9499816894531,0.4829610586166382,0.4829610586166382,20.790942999951767,59.438758000055714,real_npy,1,1
460,/mnt/c/Users/Chirayu/Documents/GitHub/2D-to-3D-image-reconstruction/facescape_224/fsmview_trainset_2_3_mouth_stretch_22.jpg,0.8299100399017334,3.32193660736084,2.4920265674591064,41.18015672266483,4.703678131103516,0.5800930857658386,0.5800930857658386,20.696744000019862,31.146601000045848,real_npy,1,1
461,/mnt/c/Users/Chirayu/Documents/GitHub/2D-to-3D-image-reconstruction/facescape_224/fsmview_trainset_6_11_chin_raiser_1.jpg,0.07466617971658707,0.08049221336841583,0.005826033651828766,8.408861745148897,0.713247537612915,0.38675522804260254,0.38675522804260254,21.564922000038678,21.20741300007012,real_npy,0,1
462,/mnt/c/Users/Chirayu/Documents/GitHub/2D-to-3D-image-reconstruction/facescape_224/fsmview_trainset_5_15_lip_roll_4.jpg,0.05760461464524269,0.048974115401506424,-0.008630499243736267,7.920923464000225,0.7160559892654419,0.29607126116752625,0.29607126116752625,83.28485099991667,28.704899999979716,real_npy,0,1
463,/mnt/c/Users/Chirayu/Documents/GitHub/2D-to-3D-image-reconstruction/facescape_224/fsmview_trainset_20_20_brow_lower_19.jpg,0.04171854630112648,0.042261753231287,0.0005432069301605225,7.7912094630301,0.650569498538971,0.4896034598350525,0.4896034598350525,70.01605700008895,21.142810000014833,real_npy,0,1
464,/mnt/c/Users/Chirayu/Documents/GitHub/2D-to-3D-image-reconstruction/facescape_224/fsmview_trainset_18_19_brow_raiser_56.jpg,0.06126738339662552,0.07522580027580261,0.013958416879177094,8.26672649756074,0.7258839011192322,0.3188028633594513,0.3188028633594513,20.353559999989557,20.22593300000608,real_npy,0,1
465,/mnt/c/Users/Chirayu/Documents/GitHub/2D-to-3D-image-reconstruction/facescape_224/fsmview_trainset_9_17_cheek_blowing_5.jpg,0.04804480820894241,0.05152099207043648,0.0034761838614940643,7.702149044722319,0.6910433769226074,0.35522815585136414,0.35522815585136414,21.718587999998817,21.525309000026027,real_npy,0,1
466,/mnt/c/Users/Chirayu/Documents/GitHub/2D-to-3D-image-reconstruction/facescape_224/fsmview_trainset_3_17_cheek_blowing_13.jpg,0.06404545903205872,0.059804487973451614,-0.0042409710586071014,8.618835337460041,0.7131275534629822,0.4319021701812744,0.4319021701812744,45.534962000033374,32.949142999996184,real_npy,0,1
467,/mnt/c/Users/Chirayu/Documents/GitHub/2D-to-3D-image-reconstruction/facescape_224/fsmview_trainset_7_17_cheek_blowing_31.jpg,0.11815312504768372,0.11763931810855865,-0.000513806939125061,7.769878853112459,0.6636850237846375,0.4911363422870636,0.4911363422870636,21.158673000059025,21.05630799997016,real_npy,0,1
468,/mnt/c/Users/Chirayu/Documents/GitHub/2D-to-3D-image-reconstruction/facescape_224/fsmview_trainset_20_13_lip_funneler_29.jpg,0.0679253488779068,0.0809847041964531,0.013059355318546295,7.923159912228584,0.6980525255203247,0.32081013917922974,0.32081013917922974,20.582662000038,19.493767999961165,real_npy,0,1
469,/mnt/c/Users/Chirayu/Documents/GitHub/2D-to-3D-image-reconstruction/facescape_224/fsmview_trainset_15_6_jaw_right_22.jpg,0.03464014083147049,0.035024046897888184,0.0003839060664176941,7.089470691978931,0.5915157198905945,0.513390839099884,0.513390839099884,23.7316440000086,21.897566999996343,real_npy,0,1
470,/mnt/c/Users/Chirayu/Documents/GitHub/2D-to-3D-image-reconstruction/facescape_224/fsmview_trainset_4_14_sadness_48.jpg,0.09136725217103958,0.09387348592281342,0.0025062337517738342,7.9094549007713795,0.7627735137939453,0.30598610639572144,0.30598610639572144,29.983580000020993,20.579788999953053,real_npy,0,1
471,/mnt/c/Users/Chirayu/Documents/GitHub/2D-to-3D-image-reconstruction/facescape_224/fsmview_trainset_19_16_grin_57.jpg,0.30339062213897705,0.3183857798576355,0.014995157718658447,7.200161959975958,0.6372250318527222,0.269451379776001,0.269451379776001,21.470238999995672,19.032761000062237,real_npy,0,1
472,/mnt/c/Users/Chirayu/Documents/GitHub/2D-to-3D-image-reconstruction/facescape_224/fsmview_trainset_17_13_lip_funneler_52.jpg,0.28607991337776184,0.2768622934818268,-0.009217619895935059,7.5687925443053246,0.6672549843788147,0.4326638877391815,0.4326638877391815,20.825990999924215,20.43503699997018,real_npy,0,1
473,/mnt/c/Users/Chirayu/Documents/GitHub/2D-to-3D-image-reconstruction/facescape_224/fsmview_trainset_6_15_lip_roll_11.jpg,0.312834769487381,0.305183470249176,-0.007651299238204956,6.222699165344238,0.5702248811721802,0.5274311304092407,0.5274311304092407,27.873493000015515,25.575110999966455,real_npy,0,0
474,/mnt/c/Users/Chirayu/Documents/GitHub/2D-to-3D-image-reconstruction/facescape_224/fsmview_trainset_17_10_dimpler_4.jpg,0.09221251308917999,0.10041815787553787,0.00820564478635788,9.161577368155122,0.7376886010169983,0.40572527050971985,0.40572527050971985,58.98410399993281,55.619560999957685,real_npy,0,1
475,/mnt/c/Users/Chirayu/Documents/GitHub/2D-to-3D-image-reconstruction/facescape_224/fsmview_trainset_3_2_smile_26.jpg,0.034440986812114716,0.03562283515930176,0.0011818483471870422,7.942380398511887,0.6660717725753784,0.33476126194000244,0.33476126194000244,21.933885000066766,21.91330299990568,real_npy,0,1
476,/mnt/c/Users/Chirayu/Documents/GitHub/2D-to-3D-image-reconstruction/facescape_224/fsmview_trainset_18_20_brow_lower_5.jpg,0.054908543825149536,0.05925104394555092,0.0043425001204013824,8.321347691118717,0.6922622919082642,0.3360166549682617,0.3360166549682617,42.37136999995528,22.416791999944508,real_npy,0,1
477,/mnt/c/Users/Chirayu/Documents/GitHub/2D-to-3D-image-reconstruction/facescape_224/fsmview_trainset_3_19_brow_raiser_28.jpg,0.03601336479187012,0.034893251955509186,-0.0011201128363609314,7.664869301021099,0.648561418056488,0.2784073054790497,0.2784073054790497,21.2743549999459,31.72450299996399,real_npy,0,1
478,/mnt/c/Users/Chirayu/Documents/GitHub/2D-to-3D-image-reconstruction/facescape_224/fsmview_trainset_17_12_lip_puckerer_54.jpg,0.35011330246925354,0.3342183828353882,-0.015894919633865356,7.765927005559206,0.687138557434082,0.4240695834159851,0.4240695834159851,26.10182499995517,51.644219999957386,real_npy,0,1
479,/mnt/c/Users/Chirayu/Documents/GitHub/2D-to-3D-image-reconstruction/facescape_224/fsmview_trainset_20_11_chin_raiser_26.jpg,0.03512685000896454,0.2130131721496582,0.17788632214069366,11.499182640109211,1.016160011291504,0.4331682026386261,0.4331682026386261,20.923011999911978,21.645446999968954,real_npy,0,1
480,/mnt/c/Users/Chirayu/Documents/GitHub/2D-to-3D-image-reconstruction/facescape_224/fsmview_trainset_2_18_eye_closed_30.jpg,0.08135983347892761,0.08560509234666824,0.004245258867740631,8.989593468606472,0.7552897930145264,0.38011112809181213,0.38011112809181213,31.87003100003949,31.77437400006511,real_npy,0,1
481,/mnt/c/Users/Chirayu/Documents/GitHub/2D-to-3D-image-reconstruction/facescape_224/fsmview_trainset_11_15_lip_roll_60.jpg,0.6516009569168091,0.6824855804443359,0.030884623527526855,8.03636983036995,0.6903724074363708,0.5231847763061523,0.5231847763061523,21.657088999972984,21.560511000075167,real_npy,0,1
482,/mnt/c/Users/Chirayu/Documents/GitHub/2D-to-3D-image-reconstruction/facescape_224/fsmview_trainset_3_15_lip_roll_19.jpg,0.051853157579898834,0.055819641798734665,0.003966484218835831,8.244748519733548,0.6976953148841858,0.35077589750289917,0.35077589750289917,44.226191999996445,52.95872800002144,real_npy,0,1
483,/mnt/c/Users/Chirayu/Documents/GitHub/2D-to-3D-image-reconstruction/facescape_224/fsmview_trainset_14_9_mouth_right_26.jpg,0.05026142671704292,0.06257186084985733,0.012310434132814407,7.885922122746706,0.7267277240753174,0.48394638299942017,0.48394638299942017,25.418560000048274,26.278113999978814,real_npy,0,1
484,/mnt/c/Users/Chirayu/Documents/GitHub/2D-to-3D-image-reconstruction/facescape_224/fsmview_trainset_15_18_eye_closed_30.jpg,0.1271030753850937,0.144474059343338,0.017370983958244324,7.908733326941729,0.6494296193122864,0.4221703112125397,0.4221703112125397,25.312001999964195,22.78045499997461,real_npy,0,1
485,/mnt/c/Users/Chirayu/Documents/GitHub/2D-to-3D-image-reconstruction/facescape_224/fsmview_trainset_14_7_jaw_forward_31.jpg,0.031310487538576126,333.0384826660156,333.00717217847705,351.19447070360184,389.75067138671875,0.43383410573005676,0.43383410573005676,21.326166999983798,20.509392999997544,real_npy,1,1
486,/mnt/c/Users/Chirayu/Documents/GitHub/2D-to-3D-image-reconstruction/facescape_224/fsmview_trainset_14_2_smile_49.jpg,0.8261305689811707,0.7034714818000793,-0.12265908718109131,7.963206980377436,0.6985988616943359,0.578789234161377,0.578789234161377,22.203895999950873,20.633129000088957,real_npy,0,1
487,/mnt/c/Users/Chirayu/Documents/GitHub/2D-to-3D-image-reconstruction/facescape_224/fsmview_trainset_20_18_eye_closed_29.jpg,0.166983500123024,0.1748119741678238,0.007828474044799805,7.722379598766565,0.6395218372344971,0.3341212868690491,0.3341212868690491,62.12062599990986,22.733422999976938,real_npy,0,1
488,/mnt/c/Users/Chirayu/Documents/GitHub/2D-to-3D-image-reconstruction/facescape_224/fsmview_trainset_8_14_sadness_15.jpg,0.16318517923355103,0.1531471610069275,-0.010038018226623535,7.995274111628532,0.6601011753082275,0.4165508449077606,0.4165508449077606,42.02954300001238,20.769316000041727,real_npy,0,1
489,/mnt/c/Users/Chirayu/Documents/GitHub/2D-to-3D-image-reconstruction/facescape_224/fsmview_trainset_13_9_mouth_right_13.jpg,0.050344858318567276,298.1947937011719,298.1444488428533,323.7354215979576,337.2521057128906,0.46335259079933167,0.46335259079933167,22.498848999930487,22.011299999917355,real_npy,1,1
490,/mnt/c/Users/Chirayu/Documents/GitHub/2D-to-3D-image-reconstruction/facescape_224/fsmview_trainset_1_13_lip_funneler_6.jpg,0.03770576789975166,0.04016164317727089,0.002455875277519226,7.941716216504574,0.7129253149032593,0.2709927260875702,0.2709927260875702,67.57500499998059,20.228051999993113,real_npy,0,1
491,/mnt/c/Users/Chirayu/Documents/GitHub/2D-to-3D-image-reconstruction/facescape_224/fsmview_trainset_11_12_lip_puckerer_33.jpg,0.0366709865629673,182.66297912597656,182.6263081394136,253.85448467731476,244.95880126953125,0.5236365795135498,0.5236365795135498,36.76406900001439,36.57445200008169,real_npy,1,1
492,/mnt/c/Users/Chirayu/Documents/GitHub/2D-to-3D-image-reconstruction/facescape_224/fsmview_trainset_6_10_dimpler_30.jpg,0.048334285616874695,0.042745254933834076,-0.005589030683040619,8.145044717937708,0.6756902933120728,0.41863951086997986,0.41863951086997986,20.83766900000228,44.17150500000844,real_npy,0,1
493,/mnt/c/Users/Chirayu/Documents/GitHub/2D-to-3D-image-reconstruction/facescape_224/fsmview_trainset_6_18_eye_closed_36.jpg,0.09266923367977142,0.10371522605419159,0.011045992374420166,8.104671001434326,0.6939687132835388,0.34383225440979004,0.34383225440979004,22.787444000073265,20.81135399998857,real_npy,0,1
494,/mnt/c/Users/Chirayu/Documents/GitHub/2D-to-3D-image-reconstruction/facescape_224/fsmview_trainset_9_7_jaw_forward_14.jpg,0.03749416023492813,8.444634437561035,8.407140277326107,64.05393667519093,9.447153091430664,0.3597376048564911,0.3597376048564911,19.967409000059888,20.65402899995661,real_npy,1,1
495,/mnt/c/Users/Chirayu/Documents/GitHub/2D-to-3D-image-reconstruction/facescape_224/fsmview_trainset_13_11_chin_raiser_15.jpg,0.04366377368569374,0.05050613731145859,0.006842363625764847,8.553749227430671,0.718605101108551,0.3886965811252594,0.3886965811252594,64.56018300002597,21.47386000001461,real_npy,0,1
496,/mnt/c/Users/Chirayu/Documents/GitHub/2D-to-3D-image-reconstruction/facescape_224/fsmview_trainset_18_8_mouth_left_33.jpg,0.03677387163043022,0.47042879462242126,0.43365492299199104,15.387391884345561,1.3526549339294434,0.41223883628845215,0.41223883628845215,66.27953800000341,24.38404500003344,real_npy,0,1
497,/mnt/c/Users/Chirayu/Documents/GitHub/2D-to-3D-image-reconstruction/facescape_224/fsmview_trainset_12_15_lip_roll_49.jpg,0.21899865567684174,0.24180692434310913,0.022808268666267395,7.317785948514938,0.6365228295326233,0.4690704345703125,0.4690704345703125,22.122261000049548,19.72582100006548,real_npy,0,1
498,/mnt/c/Users/Chirayu/Documents/GitHub/2D-to-3D-image-reconstruction/facescape_224/fsmview_trainset_14_3_mouth_stretch_16.jpg,0.0873458981513977,0.12888330221176147,0.04153740406036377,8.107522521167994,0.8209446668624878,0.4626448154449463,0.4626448154449463,33.432793999963906,22.97414999998182,real_npy,0,1
499,/mnt/c/Users/Chirayu/Documents/GitHub/2D-to-3D-image-reconstruction/facescape_224/fsmview_trainset_14_12_lip_puckerer_65.jpg,0.0564100407063961,0.05821964517235756,0.0018096044659614563,9.105090111494064,0.8199985027313232,0.4432125389575958,0.4432125389575958,20.653191999940645,22.348727000007784,real_npy,0,1
500,/mnt/c/Users/Chirayu/Documents/GitHub/2D-to-3D-image-reconstruction/facescape_224/fsmview_trainset_16_6_jaw_right_10.jpg,0.031140152364969254,0.032366037368774414,0.0012258850038051605,7.806972481310368,0.6536996364593506,0.3067227900028229,0.3067227900028229,22.14353299996219,22.832599000025766,real_npy,0,1
501,/mnt/c/Users/Chirayu/Documents/GitHub/2D-to-3D-image-reconstruction/facescape_224/fsmview_trainset_15_5_jaw_left_11.jpg,0.1334146112203598,1.1794761419296265,1.0460615307092667,23.930088782683015,2.0823116302490234,0.5511730909347534,0.5511730909347534,47.47535000001335,25.617198000077224,real_npy,0,1
502,/mnt/c/Users/Chirayu/Documents/GitHub/2D-to-3D-image-reconstruction/facescape_224/fsmview_trainset_4_5_jaw_left_25.jpg,0.037034280598163605,37.86296463012695,37.82593034952879,127.51773652434349,41.03831100463867,0.2990436851978302,0.2990436851978302,22.804972000017187,18.87045500006934,real_npy,1,1
503,/mnt/c/Users/Chirayu/Documents/GitHub/2D-to-3D-image-reconstruction/facescape_224/fsmview_trainset_1_17_cheek_blowing_11.jpg,0.10114274173974991,0.08889295160770416,-0.012249790132045746,8.142168276011944,0.745529055595398,0.3878903090953827,0.3878903090953827,21.557252999969023,19.58643700004359,real_npy,0,1
504,/mnt/c/Users/Chirayu/Documents/GitHub/2D-to-3D-image-reconstruction/facescape_224/fsmview_trainset_16_18_eye_closed_33.jpg,0.03679798170924187,0.03799887374043465,0.0012008920311927795,8.322903625667095,0.6880092024803162,0.3876514434814453,0.3876514434814453,20.89842200007297,57.62703799996416,real_npy,0,1
505,/mnt/c/Users/Chirayu/Documents/GitHub/2D-to-3D-image-reconstruction/facescape_224/fsmview_trainset_15_18_eye_closed_11.jpg,0.11644937098026276,0.7560201287269592,0.6395707577466965,17.41136336326599,1.535778522491455,0.5699161291122437,0.5699161291122437,25.42211499996938,27.241347999961363,real_npy,0,1
506,/mnt/c/Users/Chirayu/Documents/GitHub/2D-to-3D-image-reconstruction/facescape_224/fsmview_trainset_19_16_grin_36.jpg,0.037222862243652344,0.04224017262458801,0.005017310380935669,8.381953906267881,0.7298204302787781,0.3353250026702881,0.3353250026702881,26.663800000051197,23.936983999988115,real_npy,0,1
507,/mnt/c/Users/Chirayu/Documents/GitHub/2D-to-3D-image-reconstruction/facescape_224/fsmview_trainset_20_10_dimpler_28.jpg,0.08706483989953995,0.09118075668811798,0.0041159167885780334,8.20745761319995,0.671474039554596,0.4883582592010498,0.4883582592010498,31.286504999911813,21.47934999993595,real_npy,0,1
508,/mnt/c/Users/Chirayu/Documents/GitHub/2D-to-3D-image-reconstruction/facescape_224/fsmview_trainset_10_1_neutral_55.jpg,0.11468996852636337,0.1246611624956131,0.009971193969249725,7.455523766577244,0.6953215003013611,0.30659323930740356,0.30659323930740356,23.763503000054698,112.2427789999847,real_npy,0,1
509,/mnt/c/Users/Chirayu/Documents/GitHub/2D-to-3D-image-reconstruction/facescape_224/fsmview_trainset_1_9_mouth_right_54.jpg,0.03465810790657997,139.4268035888672,139.3921454809606,222.7452867627144,185.8580780029297,0.3046026825904846,0.3046026825904846,29.018119000056686,17.782242000066617,real_npy,1,1
510,/mnt/c/Users/Chirayu/Documents/GitHub/2D-to-3D-image-reconstruction/facescape_224/fsmview_trainset_5_19_brow_raiser_15.jpg,0.03306606411933899,98.53714752197266,98.50408145785332,190.90866374969482,115.4745864868164,0.38292524218559265,0.38292524218559265,23.69933599993601,19.765053000014632,real_npy,1,1
511,/mnt/c/Users/Chirayu/Documents/GitHub/2D-to-3D-image-reconstruction/facescape_224/fsmview_trainset_2_6_jaw_right_2.jpg,0.2133561372756958,0.1995958387851715,-0.013760298490524292,8.390062689781189,0.7695029377937317,0.4783596992492676,0.4783596992492676,72.66513600006874,21.984756000051675,real_npy,0,1
512,/mnt/c/Users/Chirayu/Documents/GitHub/2D-to-3D-image-reconstruction/facescape_224/fsmview_trainset_12_6_jaw_right_25.jpg,0.8033844828605652,0.7198553681373596,-0.08352911472320557,8.248322649858892,0.7308961749076843,0.5277134776115417,0.5277134776115417,21.65231499998299,21.113699000011366,real_npy,0,1
513,/mnt/c/Users/Chirayu/Documents/GitHub/2D-to-3D-image-reconstruction/facescape_224/fsmview_trainset_6_10_dimpler_26.jpg,0.0480845682322979,0.047270290553569794,-0.0008142776787281036,8.093414359726012,0.6847881078720093,0.3674190044403076,0.3674190044403076,20.65795300006812,19.738058000029923,real_npy,0,1
514,/mnt/c/Users/Chirayu/Documents/GitHub/2D-to-3D-image-reconstruction/facescape_224/fsmview_trainset_13_7_jaw_forward_16.jpg,0.05313524976372719,0.05217210575938225,-0.0009631440043449402,8.611289519816637,0.725773811340332,0.4147831201553345,0.4147831201553345,60.02276800006712,32.47715899999548,real_npy,0,1
515,/mnt/c/Users/Chirayu/Documents/GitHub/2D-to-3D-image-reconstruction/facescape_224/fsmview_trainset_19_8_mouth_left_39.jpg,0.10316470265388489,0.10693846642971039,0.0037737637758255005,8.90838585048914,0.7562932968139648,0.37238335609436035,0.37238335609436035,67.84209700003885,32.287097999983416,real_npy,0,1
516,/mnt/c/Users/Chirayu/Documents/GitHub/2D-to-3D-image-reconstruction/facescape_224/fsmview_trainset_20_18_eye_closed_28.jpg,0.07887299358844757,0.08785068243741989,0.00897768884897232,8.053156614303589,0.6691145300865173,0.48619887232780457,0.48619887232780457,23.609128999964923,22.474276000025384,real_npy,0,1
517,/mnt/c/Users/Chirayu/Documents/GitHub/2D-to-3D-image-reconstruction/facescape_224/fsmview_trainset_9_19_brow_raiser_28.jpg,0.059095874428749084,0.0746631994843483,0.015567325055599213,8.399115601554513,0.6831068992614746,0.2716761827468872,0.2716761827468872,21.07867500001248,21.09461400004875,real_npy,0,1
518,/mnt/c/Users/Chirayu/Documents/GitHub/2D-to-3D-image-reconstruction/facescape_224/fsmview_trainset_19_16_grin_8.jpg,0.04256661608815193,0.055207863450050354,0.012641247361898422,8.785847052931786,0.7773808240890503,0.22704382240772247,0.22704382240772247,22.65289800004666,21.689838000042982,real_npy,0,1
519,/mnt/c/Users/Chirayu/Documents/GitHub/2D-to-3D-image-reconstruction/facescape_224/fsmview_trainset_12_1_neutral_43.jpg,0.12932182848453522,0.13709776103496552,0.007775932550430298,7.682606089860201,0.6584964394569397,0.47617223858833313,0.47617223858833313,22.777965000045697,23.218860000042696,real_npy,0,1
520,/mnt/c/Users/Chirayu/Documents/GitHub/2D-to-3D-image-reconstruction/facescape_224/fsmview_trainset_9_12_lip_puckerer_54.jpg,0.07233911752700806,0.07234392315149307,4.805624485015869e-06,7.844120219349861,0.6732118129730225,0.4572223424911499,0.4572223424911499,28.335719999972753,36.61069800000405,real_npy,0,1
521,/mnt/c/Users/Chirayu/Documents/GitHub/2D-to-3D-image-reconstruction/facescape_224/fsmview_trainset_13_7_jaw_forward_52.jpg,0.07399864494800568,0.07139237970113754,-0.0026062652468681335,8.643659017980099,0.7106230854988098,0.38808730244636536,0.38808730244636536,43.25476500002878,39.34463899997809,real_npy,0,1
522,/mnt/c/Users/Chirayu/Documents/GitHub/2D-to-3D-image-reconstruction/facescape_224/fsmview_trainset_20_6_jaw_right_6.jpg,0.40044623613357544,3.9010283946990967,3.5005821585655212,43.45887607708573,5.572023868560791,0.5939916372299194,0.5939916372299194,20.155940999984523,31.40059800000472,real_npy,1,1
523,/mnt/c/Users/Chirayu/Documents/GitHub/2D-to-3D-image-reconstruction/facescape_224/fsmview_trainset_19_17_cheek_blowing_27.jpg,0.7868900895118713,0.6984686255455017,-0.08842146396636963,8.292557526379824,0.7579365372657776,0.38959434628486633,0.38959434628486633,43.50619700005609,20.57322500002101,real_npy,0,1
524,/mnt/c/Users/Chirayu/Documents/GitHub/2D-to-3D-image-reconstruction/facescape_224/fsmview_trainset_1_2_smile_24.jpg,0.06687059253454208,0.0717853233218193,0.004914730787277222,8.145966425538063,0.7390706539154053,0.48433855175971985,0.48433855175971985,24.808832999951846,26.273914999933368,real_npy,0,1
525,/mnt/c/Users/Chirayu/Documents/GitHub/2D-to-3D-image-reconstruction/facescape_224/fsmview_trainset_14_15_lip_roll_20.jpg,0.051068469882011414,0.05201597884297371,0.0009475089609622955,7.295820623636246,0.6438376903533936,0.3034943640232086,0.3034943640232086,58.118934000049194,20.422119000045313,real_npy,0,1
526,/mnt/c/Users/Chirayu/Documents/GitHub/2D-to-3D-image-reconstruction/facescape_224/fsmview_trainset_7_5_jaw_left_18.jpg,0.03513071686029434,0.03495157137513161,-0.00017914548516273499,8.10907220095396,0.6638842225074768,0.41949185729026794,0.41949185729026794,20.70717800006605,22.010931000068013,real_npy,0,1
527,/mnt/c/Users/Chirayu/Documents/GitHub/2D-to-3D-image-reconstruction/facescape_224/fsmview_trainset_12_18_eye_closed_39.jpg,0.0727253258228302,0.0765562653541565,0.003830939531326294,8.352673571556807,0.7069080471992493,0.46277081966400146,0.46277081966400146,22.003481999945507,20.469966000064233,real_npy,0,1
528,/mnt/c/Users/Chirayu/Documents/GitHub/2D-to-3D-image-reconstruction/facescape_224/fsmview_trainset_1_11_chin_raiser_42.jpg,0.10999149829149246,0.1073266938328743,-0.002664804458618164,8.263280350714922,0.7108644247055054,0.4522884488105774,0.4522884488105774,21.72679699992841,21.125658999949337,real_npy,0,1
529,/mnt/c/Users/Chirayu/Documents/GitHub/2D-to-3D-image-reconstruction/facescape_224/fsmview_trainset_14_1_neutral_38.jpg,0.054710179567337036,0.05222694203257561,-0.002483237534761429,7.5183329582214355,0.6194090843200684,0.3317272663116455,0.3317272663116455,66.44747099994674,20.54721999991216,real_npy,0,1
530,/mnt/c/Users/Chirayu/Documents/GitHub/2D-to-3D-image-reconstruction/facescape_224/fsmview_trainset_8_17_cheek_blowing_33.jpg,0.03040260076522827,41.49199676513672,41.46159416437149,132.99817784130573,44.9442253112793,0.2874932885169983,0.2874932885169983,20.728885000039554,18.391244999975243,real_npy,1,1
531,/mnt/c/Users/Chirayu/Documents/GitHub/2D-to-3D-image-reconstruction/facescape_224/fsmview_trainset_17_20_brow_lower_46.jpg,0.14465531706809998,0.14978352189064026,0.005128204822540283,8.5038682539016,0.7583022713661194,0.4333338439464569,0.4333338439464569,20.57544299998426,20.325657000057618,real_npy,0,1
532,/mnt/c/Users/Chirayu/Documents/GitHub/2D-to-3D-image-reconstruction/facescape_224/fsmview_trainset_18_20_brow_lower_24.jpg,0.034994445741176605,0.03446191921830177,-0.0005325265228748322,8.252322662621737,0.7058736085891724,0.4116453230381012,0.4116453230381012,20.19032500004414,19.779626999934408,real_npy,0,1
533,/mnt/c/Users/Chirayu/Documents/GitHub/2D-to-3D-image-reconstruction/facescape_224/fsmview_trainset_20_3_mouth_stretch_58.jpg,0.07664693146944046,0.07139711081981659,-0.005249820649623871,8.415457040071487,0.7675735354423523,0.3718288242816925,0.3718288242816925,21.220357999936823,22.53242400001909,real_npy,0,1
534,/mnt/c/Users/Chirayu/Documents/GitHub/2D-to-3D-image-reconstruction/facescape_224/fsmview_trainset_6_9_mouth_right_36.jpg,0.10868041962385178,0.1175413653254509,0.008860945701599121,7.711949363350868,0.6610786318778992,0.3382125198841095,0.3382125198841095,77.10062900002868,21.713288999990255,real_npy,0,1
535,/mnt/c/Users/Chirayu/Documents/GitHub/2D-to-3D-image-reconstruction/facescape_224/fsmview_trainset_12_6_jaw_right_8.jpg,0.06100539490580559,0.07417068630456924,0.013165291398763657,8.932117320597172,0.7464771866798401,0.5085646510124207,0.5085646510124207,21.400160999974105,21.558092000077522,real_npy,0,1
536,/mnt/c/Users/Chirayu/Documents/GitHub/2D-to-3D-image-reconstruction/facescape_224/fsmview_trainset_19_9_mouth_right_26.jpg,0.0640643835067749,0.0578475221991539,-0.006216861307621002,9.18084442615509,0.7544309496879578,0.43291208148002625,0.43291208148002625,22.33766500000911,19.77076900004704,real_npy,0,1
537,/mnt/c/Users/Chirayu/Documents/GitHub/2D-to-3D-image-reconstruction/facescape_224/fsmview_trainset_11_8_mouth_left_45.jpg,0.819438099861145,0.8270450234413147,0.007606923580169678,8.00618951022625,0.6556719541549683,0.556919276714325,0.556919276714325,21.972237999989375,20.628186000067217,real_npy,0,1
538,/mnt/c/Users/Chirayu/Documents/GitHub/2D-to-3D-image-reconstruction/facescape_224/fsmview_trainset_1_12_lip_puckerer_33.jpg,0.03583415970206261,1724.236083984375,1724.200249824673,763.0885761976242,1849.8731689453125,0.37233251333236694,0.37233251333236694,22.79164900005526,29.35045499998523,real_npy,1,1
539,/mnt/c/Users/Chirayu/Documents/GitHub/2D-to-3D-image-reconstruction/facescape_224/fsmview_trainset_11_1_neutral_64.jpg,0.20746663212776184,0.2119797021150589,0.004513069987297058,8.093107864260674,0.7267385125160217,0.4333241879940033,0.4333241879940033,21.665202999997746,21.104722000018228,real_npy,0,1
540,/mnt/c/Users/Chirayu/Documents/GitHub/2D-to-3D-image-reconstruction/facescape_224/fsmview_trainset_8_14_sadness_36.jpg,0.05395621433854103,0.045728858560323715,-0.008227355778217316,7.92161713168025,0.6705446839332581,0.3118177652359009,0.3118177652359009,23.26294199997392,39.62665900007778,real_npy,0,1
541,/mnt/c/Users/Chirayu/Documents/GitHub/2D-to-3D-image-reconstruction/facescape_224/fsmview_trainset_1_14_sadness_55.jpg,0.120282843708992,291.4772644042969,291.3569815605879,327.98149317502975,334.5348815917969,0.28756198287010193,0.28756198287010193,47.81456499995329,20.882987999925717,real_npy,1,1
542,/mnt/c/Users/Chirayu/Documents/GitHub/2D-to-3D-image-reconstruction/facescape_224/fsmview_trainset_2_17_cheek_blowing_14.jpg,0.03807293251156807,0.03751950338482857,-0.000553429126739502,7.940245646983385,0.7015483975410461,0.43426740169525146,0.43426740169525146,22.80317899999318,24.43374799997855,real_npy,0,1
543,/mnt/c/Users/Chirayu/Documents/GitHub/2D-to-3D-image-reconstruction/facescape_224/fsmview_trainset_20_4_anger_23.jpg,0.029774105176329613,0.029249973595142365,-0.0005241315811872482,7.496815234422684,0.6037715077400208,0.428470253944397,0.428470253944397,21.24520699999266,19.491915000003246,real_npy,0,1
544,/mnt/c/Users/Chirayu/Documents/GitHub/2D-to-3D-image-reconstruction/facescape_224/fsmview_trainset_18_1_neutral_39.jpg,0.15472820401191711,0.1507989466190338,-0.003929257392883301,8.441155284643173,0.8036133050918579,0.5385992527008057,0.5385992527008057,23.421704000043064,19.9948869999389,real_npy,0,1
545,/mnt/c/Users/Chirayu/Documents/GitHub/2D-to-3D-image-reconstruction/facescape_224/fsmview_trainset_20_16_grin_18.jpg,0.04394707456231117,0.04053014889359474,-0.0034169256687164307,7.778661673888564,0.6393153071403503,0.49556970596313477,0.49556970596313477,24.450601000012284,21.151863999989473,real_npy,0,1
546,/mnt/c/Users/Chirayu/Documents/GitHub/2D-to-3D-image-reconstruction/facescape_224/fsmview_trainset_20_11_chin_raiser_13.jpg,0.0534522570669651,0.052366193383932114,-0.0010860636830329895,8.39915581047535,0.7035127282142639,0.3882107436656952,0.3882107436656952,21.360303999927055,21.33495900000071,real_npy,0,1
547,/mnt/c/Users/Chirayu/Documents/GitHub/2D-to-3D-image-reconstruction/facescape_224/fsmview_trainset_14_5_jaw_left_30.jpg,0.043495893478393555,0.2553069293498993,0.21181103587150574,9.127392524853349,0.8489970564842224,0.27721816301345825,0.27721816301345825,20.428100000003724,23.122114999978294,real_npy,0,1
548,/mnt/c/Users/Chirayu/Documents/GitHub/2D-to-3D-image-reconstruction/facescape_224/fsmview_trainset_5_8_mouth_left_12.jpg,0.38780972361564636,0.40770816802978516,0.019898444414138794,7.349642854183912,0.6192589998245239,0.2783668041229248,0.2783668041229248,23.356145999969158,21.064768000087497,real_npy,0,1
549,/mnt/c/Users/Chirayu/Documents/GitHub/2D-to-3D-image-reconstruction/facescape_224/fsmview_trainset_5_8_mouth_left_57.jpg,0.07412996888160706,0.07349181175231934,-0.0006381571292877197,8.451574824750423,0.7373215556144714,0.4203137159347534,0.4203137159347534,23.343928000031156,22.279592000018056,real_npy,0,1
550,/mnt/c/Users/Chirayu/Documents/GitHub/2D-to-3D-image-reconstruction/facescape_224/fsmview_trainset_3_16_grin_24.jpg,0.03868136182427406,0.03858760744333267,-9.375438094139099e-05,7.237838581204414,0.6503143310546875,0.3063829839229584,0.3063829839229584,21.338506999995843,19.942659000093954,real_npy,0,1
551,/mnt/c/Users/Chirayu/Documents/GitHub/2D-to-3D-image-reconstruction/facescape_224/fsmview_trainset_9_12_lip_puckerer_40.jpg,0.276877224445343,0.2904067933559418,0.013529568910598755,6.735336571931839,0.6191543340682983,0.44121307134628296,0.44121307134628296,52.70663299995704,19.521510999993552,real_npy,0,1
552,/mnt/c/Users/Chirayu/Documents/GitHub/2D-to-3D-image-reconstruction/facescape_224/fsmview_trainset_17_19_brow_raiser_15.jpg,0.04787205532193184,0.09479442983865738,0.04692237451672554,7.8212668634951115,0.638911247253418,0.3597918152809143,0.3597918152809143,20.369346000052246,19.77633399997103,real_npy,0,1
553,/mnt/c/Users/Chirayu/Documents/GitHub/2D-to-3D-image-reconstruction/facescape_224/fsmview_trainset_11_13_lip_funneler_21.jpg,0.04305257275700569,0.04553716257214546,0.0024845898151397705,7.951273389160633,0.6490688323974609,0.486493319272995,0.486493319272995,21.366940999996586,21.439122000060706,real_npy,0,1
554,/mnt/c/Users/Chirayu/Documents/GitHub/2D-to-3D-image-reconstruction/facescape_224/fsmview_trainset_15_13_lip_funneler_33.jpg,0.12175830453634262,0.1403292715549469,0.01857096701860428,7.517712673172355,0.6497376561164856,0.5843969583511353,0.5843969583511353,23.563803000001826,20.190636999927847,real_npy,0,1
555,/mnt/c/Users/Chirayu/Documents/GitHub/2D-to-3D-image-reconstruction/facescape_224/fsmview_trainset_5_16_grin_41.jpg,0.11472637206315994,0.11728303879499435,0.0025566667318344116,7.788890555500984,0.6867954134941101,0.4667949080467224,0.4667949080467224,24.47307800002818,22.87785700002587,real_npy,0,1
556,/mnt/c/Users/Chirayu/Documents/GitHub/2D-to-3D-image-reconstruction/facescape_224/fsmview_trainset_12_1_neutral_30.jpg,0.05733058229088783,0.0571477971971035,-0.00018278509378433228,9.31210657954216,0.7687135934829712,0.5492187142372131,0.5492187142372131,26.99085599999762,71.81751500002065,real_npy,0,1
557,/mnt/c/Users/Chirayu/Documents/GitHub/2D-to-3D-image-reconstruction/facescape_224/fsmview_trainset_1_18_eye_closed_19.jpg,0.4312328100204468,0.40410247445106506,-0.027130335569381714,6.461005676537752,0.6015608310699463,0.4621879756450653,0.4621879756450653,21.697277999919606,21.326609999960056,real_npy,0,0
558,/mnt/c/Users/Chirayu/Documents/GitHub/2D-to-3D-image-reconstruction/facescape_224/fsmview_trainset_13_12_lip_puckerer_37.jpg,0.037202779203653336,7.1884541511535645,7.151251371949911,59.985342025756836,8.219937324523926,0.3233707845211029,0.3233707845211029,23.277719000020625,18.948044000012487,real_npy,1,1
559,/mnt/c/Users/Chirayu/Documents/GitHub/2D-to-3D-image-reconstruction/facescape_224/fsmview_trainset_9_9_mouth_right_1.jpg,0.06802719086408615,0.07218119502067566,0.004154004156589508,7.966033689677715,0.7074434757232666,0.3832211196422577,0.3832211196422577,22.13399900006152,85.39206000000377,real_npy,0,1
560,/mnt/c/Users/Chirayu/Documents/GitHub/2D-to-3D-image-reconstruction/facescape_224/fsmview_trainset_11_6_jaw_right_34.jpg,0.0380202941596508,177.3396453857422,177.30162509158254,250.50768387317657,239.84320068359375,0.5696970224380493,0.5696970224380493,22.36147400003574,20.933431999992536,real_npy,1,1
561,/mnt/c/Users/Chirayu/Documents/GitHub/2D-to-3D-image-reconstruction/facescape_224/fsmview_trainset_14_1_neutral_53.jpg,0.37511327862739563,0.423602432012558,0.048489153385162354,7.936942480504513,0.6771126389503479,0.563467264175415,0.563467264175415,41.7569400000275,30.025758000078895,real_npy,0,1
562,/mnt/c/Users/Chirayu/Documents/GitHub/2D-to-3D-image-reconstruction/facescape_224/fsmview_trainset_5_14_sadness_41.jpg,0.11291152983903885,0.11430997401475906,0.0013984441757202148,7.929913178086281,0.6997939348220825,0.47746971249580383,0.47746971249580383,20.174965000023803,20.27076499996383,real_npy,0,1
563,/mnt/c/Users/Chirayu/Documents/GitHub/2D-to-3D-image-reconstruction/facescape_224/fsmview_trainset_4_18_eye_closed_50.jpg,0.045710597187280655,0.05109389126300812,0.005383294075727463,8.653653282672167,0.7233659029006958,0.31921878457069397,0.31921878457069397,21.386316000075567,20.57036300004711,real_npy,0,1
564,/mnt/c/Users/Chirayu/Documents/GitHub/2D-to-3D-image-reconstruction/facescape_224/fsmview_trainset_8_18_eye_closed_56.jpg,0.03930166736245155,0.04065902903676033,0.0013573616743087769,8.263883333653212,0.7029917240142822,0.24128125607967377,0.24128125607967377,20.613916000002064,20.368830999927923,real_npy,0,1
565,/mnt/c/Users/Chirayu/Documents/GitHub/2D-to-3D-image-reconstruction/facescape_224/fsmview_trainset_19_4_anger_25.jpg,0.08099986612796783,0.07392223179340363,-0.007077634334564209,9.396505132317543,0.7533701658248901,0.4530054032802582,0.4530054032802582,21.330303000013373,21.497984999996333,real_npy,0,1
566,/mnt/c/Users/Chirayu/Documents/GitHub/2D-to-3D-image-reconstruction/facescape_224/fsmview_trainset_15_2_smile_58.jpg,0.060400232672691345,0.06330738216638565,0.0029071494936943054,8.597280167043209,0.7785375714302063,0.4610586166381836,0.4610586166381836,20.69805400003588,20.45554199992239,real_npy,0,1
567,/mnt/c/Users/Chirayu/Documents/GitHub/2D-to-3D-image-reconstruction/facescape_224/fsmview_trainset_7_18_eye_closed_22.jpg,0.24388010799884796,0.9098143577575684,0.6659342497587204,18.20184638351202,1.7050472497940063,0.6120597720146179,0.6120597720146179,21.88875599995299,21.755496999958268,real_npy,0,1
568,/mnt/c/Users/Chirayu/Documents/GitHub/2D-to-3D-image-reconstruction/facescape_224/fsmview_trainset_3_2_smile_52.jpg,0.15278002619743347,0.15741096436977386,0.004630938172340393,8.04897291213274,0.7260728478431702,0.4561603367328644,0.4561603367328644,22.653863999948953,22.59867200007193,real_npy,0,1
569,/mnt/c/Users/Chirayu/Documents/GitHub/2D-to-3D-image-reconstruction/facescape_224/fsmview_trainset_11_14_sadness_26.jpg,0.06450602412223816,0.08348982036113739,0.01898379623889923,8.386298686265945,0.7377269864082336,0.48332685232162476,0.48332685232162476,24.09024500002488,22.761232999982894,real_npy,0,1
570,/mnt/c/Users/Chirayu/Documents/GitHub/2D-to-3D-image-reconstruction/facescape_224/fsmview_trainset_6_7_jaw_forward_27.jpg,0.04960283264517784,0.04688623547554016,-0.00271659716963768,8.403740145266056,0.6938560605049133,0.37269988656044006,0.37269988656044006,22.153032000005624,21.881154999960017,real_npy,0,1
571,/mnt/c/Users/Chirayu/Documents/GitHub/2D-to-3D-image-reconstruction/facescape_224/fsmview_trainset_7_3_mouth_stretch_41.jpg,0.09556713700294495,0.09441066533327103,-0.0011564716696739197,8.038462415337563,0.7662086486816406,0.48061904311180115,0.48061904311180115,22.912141999995583,26.614967000000433,real_npy,0,1
572,/mnt/c/Users/Chirayu/Documents/GitHub/2D-to-3D-image-reconstruction/facescape_224/fsmview_trainset_4_10_dimpler_8.jpg,0.04122408106923103,0.03789660707116127,-0.003327473998069763,7.71665596216917,0.669940710067749,0.1804199367761612,0.1804199367761612,26.11170700004095,20.406182999977318,real_npy,0,1
573,/mnt/c/Users/Chirayu/Documents/GitHub/2D-to-3D-image-reconstruction/facescape_224/fsmview_trainset_20_2_smile_44.jpg,0.08769643306732178,0.09770185500383377,0.010005421936511993,9.722420990467072,0.7668593525886536,0.4214431643486023,0.4214431643486023,21.726879999960147,23.11810499998046,real_npy,0,1
574,/mnt/c/Users/Chirayu/Documents/GitHub/2D-to-3D-image-reconstruction/facescape_224/fsmview_trainset_5_18_eye_closed_20.jpg,0.055272702127695084,0.05529884248971939,2.614036202430725e-05,8.733639255166054,0.7421868443489075,0.3837125599384308,0.3837125599384308,24.500677999981235,21.60068399996362,real_npy,0,1
575,/mnt/c/Users/Chirayu/Documents/GitHub/2D-to-3D-image-reconstruction/facescape_224/fsmview_trainset_8_12_lip_puckerer_20.jpg,0.042057909071445465,0.042821869254112244,0.0007639601826667786,8.517910641618073,0.7001216411590576,0.2873433232307434,0.2873433232307434,21.32709900001828,22.320024999999077,real_npy,0,1
576,/mnt/c/Users/Chirayu/Documents/GitHub/2D-to-3D-image-reconstruction/facescape_224/fsmview_trainset_12_4_anger_22.jpg,0.16938287019729614,0.1599007248878479,-0.009482145309448242,8.959214024245739,0.6942881345748901,0.5559110045433044,0.5559110045433044,23.166199999991477,22.913086000016847,real_npy,0,1
577,/mnt/c/Users/Chirayu/Documents/GitHub/2D-to-3D-image-reconstruction/facescape_224/fsmview_trainset_12_15_lip_roll_36.jpg,0.042532309889793396,27.086706161499023,27.04417385160923,110.16425988078117,29.113229751586914,0.3813866674900055,0.3813866674900055,47.3528320000014,73.77782000003208,real_npy,1,1
578,/mnt/c/Users/Chirayu/Documents/GitHub/2D-to-3D-image-reconstruction/facescape_224/fsmview_trainset_18_3_mouth_stretch_12.jpg,0.04836152493953705,0.05110955983400345,0.0027480348944664,7.969048921018839,0.7566215395927429,0.4047447741031647,0.4047447741031647,33.698738999987654,23.532154999998056,real_npy,0,1
579,/mnt/c/Users/Chirayu/Documents/GitHub/2D-to-3D-image-reconstruction/facescape_224/fsmview_trainset_20_13_lip_funneler_59.jpg,0.6706582307815552,0.6474084854125977,-0.02324974536895752,7.56778360158205,0.6785842180252075,0.461026668548584,0.461026668548584,20.49909699996988,22.396467000021403,real_npy,0,1
580,/mnt/c/Users/Chirayu/Documents/GitHub/2D-to-3D-image-reconstruction/facescape_224/fsmview_trainset_11_3_mouth_stretch_41.jpg,0.046356406062841415,0.04366176947951317,-0.002694636583328247,7.982849285006523,0.7397860884666443,0.4480973184108734,0.4480973184108734,21.748110000089582,19.5271430000048,real_npy,0,1
581,/mnt/c/Users/Chirayu/Documents/GitHub/2D-to-3D-image-reconstruction/facescape_224/fsmview_trainset_11_12_lip_puckerer_29.jpg,0.17109403014183044,72.87879180908203,72.7076977789402,168.46638667583466,76.58688354492188,0.41843947768211365,0.41843947768211365,34.327275999999074,44.15061899999273,real_npy,1,1
582,/mnt/c/Users/Chirayu/Documents/GitHub/2D-to-3D-image-reconstruction/facescape_224/fsmview_trainset_3_4_anger_2.jpg,0.04915061593055725,0.054176125675439835,0.005025509744882584,8.45537431538105,0.7440071105957031,0.43584001064300537,0.43584001064300537,21.595692999994753,20.739064999929724,real_npy,0,1
583,/mnt/c/Users/Chirayu/Documents/GitHub/2D-to-3D-image-reconstruction/facescape_224/fsmview_trainset_4_10_dimpler_27.jpg,0.07918901741504669,0.08149842172861099,0.0023094043135643005,7.788984388113022,0.6979872584342957,0.3588310182094574,0.3588310182094574,21.546000999933312,20.487348000074235,real_npy,0,1
584,/mnt/c/Users/Chirayu/Documents/GitHub/2D-to-3D-image-reconstruction/facescape_224/fsmview_trainset_9_1_neutral_12.jpg,0.03299328312277794,4.977318286895752,4.944325003772974,50.082178965210915,6.0364532470703125,0.23448629677295685,0.23448629677295685,24.05584500002078,32.4870759999385,real_npy,1,1
585,/mnt/c/Users/Chirayu/Documents/GitHub/2D-to-3D-image-reconstruction/facescape_224/fsmview_trainset_12_13_lip_funneler_5.jpg,0.4342440366744995,0.4352271854877472,0.0009831488132476807,6.7349876537919044,0.630492627620697,0.5006036758422852,0.5006036758422852,24.603053999953772,22.110938999958307,real_npy,0,1
586,/mnt/c/Users/Chirayu/Documents/GitHub/2D-to-3D-image-reconstruction/facescape_224/fsmview_trainset_5_18_eye_closed_3.jpg,0.3179333209991455,0.3249017596244812,0.006968438625335693,7.90393028408289,0.6817498207092285,0.3763418197631836,0.3763418197631836,54.487491999907434,19.97760599999765,real_npy,0,1
587,/mnt/c/Users/Chirayu/Documents/GitHub/2D-to-3D-image-reconstruction/facescape_224/fsmview_trainset_1_3_mouth_stretch_44.jpg,0.11617972701787949,0.11962974816560745,0.0034500211477279663,7.9675136134028435,0.6814008355140686,0.4969756305217743,0.4969756305217743,24.756441000022278,22.29071599992949,real_npy,0,1
588,/mnt/c/Users/Chirayu/Documents/GitHub/2D-to-3D-image-reconstruction/facescape_224/fsmview_trainset_11_3_mouth_stretch_17.jpg,0.04793671518564224,0.052779946476221085,0.004843231290578842,7.651681482791901,0.7264798283576965,0.5002537965774536,0.5002537965774536,21.70828100008748,21.757719999982328,real_npy,0,1
589,/mnt/c/Users/Chirayu/Documents/GitHub/2D-to-3D-image-reconstruction/facescape_224/fsmview_trainset_8_10_dimpler_40.jpg,0.25551292300224304,0.277777761220932,0.022264838218688965,6.392812684178352,0.6158297657966614,0.43297427892684937,0.43297427892684937,29.578308999930414,19.849760999932187,real_npy,0,0
590,/mnt/c/Users/Chirayu/Documents/GitHub/2D-to-3D-image-reconstruction/facescape_224/fsmview_trainset_18_15_lip_roll_39.jpg,0.10349888354539871,0.09531034529209137,-0.008188538253307343,7.864173136651516,0.7075920104980469,0.5248039960861206,0.5248039960861206,21.832848000030936,20.488345999979174,real_npy,0,1
591,/mnt/c/Users/Chirayu/Documents/GitHub/2D-to-3D-image-reconstruction/facescape_224/fsmview_trainset_19_12_lip_puckerer_5.jpg,0.05690103396773338,0.06534629315137863,0.008445259183645248,8.292886056005955,0.6824947595596313,0.2442668378353119,0.2442668378353119,21.61096700001508,22.570130999952198,real_npy,0,1
592,/mnt/c/Users/Chirayu/Documents/GitHub/2D-to-3D-image-reconstruction/facescape_224/fsmview_trainset_9_12_lip_puckerer_22.jpg,0.28842678666114807,0.5509899258613586,0.26256313920021057,11.640753669664264,1.07215416431427,0.6099624633789062,0.6099624633789062,20.84083800002645,21.09485300002234,real_npy,0,1
593,/mnt/c/Users/Chirayu/Documents/GitHub/2D-to-3D-image-reconstruction/facescape_224/fsmview_trainset_4_14_sadness_45.jpg,0.11685854941606522,0.14674875140190125,0.02989020198583603,9.651174694299698,0.8022580742835999,0.3023150861263275,0.3023150861263275,23.513141999956133,22.651224000014736,real_npy,0,1
594,/mnt/c/Users/Chirayu/Documents/GitHub/2D-to-3D-image-reconstruction/facescape_224/fsmview_trainset_12_10_dimpler_0.jpg,0.04251962527632713,9.555595397949219,9.513075772672892,67.55590559542179,10.928388595581055,0.40273210406303406,0.40273210406303406,24.570920000087426,21.4626040000212,real_npy,1,1
595,/mnt/c/Users/Chirayu/Documents/GitHub/2D-to-3D-image-reconstruction/facescape_224/fsmview_trainset_3_16_grin_35.jpg,0.11133729666471481,0.12769833207130432,0.016361035406589508,7.655999183654785,0.7000281810760498,0.3745650053024292,0.3745650053024292,24.018121000040082,20.071602000029998,real_npy,0,1
596,/mnt/c/Users/Chirayu/Documents/GitHub/2D-to-3D-image-reconstruction/facescape_224/fsmview_trainset_14_1_neutral_59.jpg,0.04687922075390816,0.050668563693761826,0.003789342939853668,7.3658716827631,0.6392104029655457,0.35642388463020325,0.35642388463020325,21.654097000009642,21.089733999929194,real_npy,0,1
597,/mnt/c/Users/Chirayu/Documents/GitHub/2D-to-3D-image-reconstruction/facescape_224/fsmview_trainset_19_1_neutral_9.jpg,0.06241858750581741,0.07443103939294815,0.012012451887130737,8.992062106728554,0.7544153928756714,0.2641943395137787,0.2641943395137787,21.49941499999386,21.453258000065034,real_npy,0,1
598,/mnt/c/Users/Chirayu/Documents/GitHub/2D-to-3D-image-reconstruction/facescape_224/fsmview_trainset_19_5_jaw_left_27.jpg,0.6684048771858215,0.6098033785820007,-0.0586014986038208,8.131575092673302,0.7310898303985596,0.38147464394569397,0.38147464394569397,21.245311000029687,20.041236999986722,real_npy,0,1
599,/mnt/c/Users/Chirayu/Documents/GitHub/2D-to-3D-image-reconstruction/facescape_224/fsmview_trainset_7_13_lip_funneler_40.jpg,0.18964815139770508,0.1979573518037796,0.008309200406074524,6.752868138253689,0.6419219374656677,0.4355403780937195,0.4355403780937195,20.2251600001091,19.400920999942173,real_npy,0,1
600,/mnt/c/Users/Chirayu/Documents/GitHub/2D-to-3D-image-reconstruction/facescape_224/fsmview_trainset_3_2_smile_25.jpg,0.03501082956790924,0.03596844896674156,0.0009576193988323212,7.735140778124332,0.6628498435020447,0.32926955819129944,0.32926955819129944,21.764800000028117,20.267015000058564,real_npy,0,1
601,/mnt/c/Users/Chirayu/Documents/GitHub/2D-to-3D-image-reconstruction/facescape_224/fsmview_trainset_7_3_mouth_stretch_16.jpg,0.04487501084804535,62.925357818603516,62.88048280775547,158.93987560272217,66.97288513183594,0.35120680928230286,0.35120680928230286,21.341281000104573,20.79654399994979,real_npy,1,1
602,/mnt/c/Users/Chirayu/Documents/GitHub/2D-to-3D-image-reconstruction/facescape_224/fsmview_trainset_7_13_lip_funneler_18.jpg,0.041217777878046036,0.04054589942097664,-0.000671878457069397,8.392818986438215,0.6883607506752014,0.42149871587753296,0.42149871587753296,23.705689999928836,21.418651999965732,real_npy,0,1
603,/mnt/c/Users/Chirayu/Documents/GitHub/2D-to-3D-image-reconstruction/facescape_224/fsmview_trainset_4_11_chin_raiser_44.jpg,0.1061616912484169,0.10067597776651382,-0.005485713481903076,8.455671235918999,0.7099811434745789,0.3701329529285431,0.3701329529285431,22.202146000040557,47.66245499990873,real_npy,0,1
604,/mnt/c/Users/Chirayu/Documents/GitHub/2D-to-3D-image-reconstruction/facescape_224/fsmview_trainset_5_10_dimpler_15.jpg,0.03746899589896202,1.913256287574768,1.875787291675806,30.73204654455185,2.973456621170044,0.38586440682411194,0.38586440682411194,87.74768000000677,35.87946200002534,real_npy,0,1
605,/mnt/c/Users/Chirayu/Documents/GitHub/2D-to-3D-image-reconstruction/facescape_224/fsmview_trainset_15_16_grin_18.jpg,0.04665794223546982,0.05357196927070618,0.006914027035236359,8.046860497444868,0.7371835708618164,0.5432904958724976,0.5432904958724976,55.057541999985915,21.525563999944097,real_npy,0,1
606,/mnt/c/Users/Chirayu/Documents/GitHub/2D-to-3D-image-reconstruction/facescape_224/fsmview_trainset_12_14_sadness_38.jpg,0.03290658816695213,1.6882705688476562,1.6553639806807041,29.350104585289955,2.7846953868865967,0.43636980652809143,0.43636980652809143,23.912727000038103,30.90726599998561,real_npy,0,1
607,/mnt/c/Users/Chirayu/Documents/GitHub/2D-to-3D-image-reconstruction/facescape_224/fsmview_trainset_14_20_brow_lower_64.jpg,0.46804118156433105,0.46073678135871887,-0.007304400205612183,7.017519649118185,0.6123252511024475,0.46292486786842346,0.46292486786842346,22.327246000031664,22.122559999957048,real_npy,0,1
608,/mnt/c/Users/Chirayu/Documents/GitHub/2D-to-3D-image-reconstruction/facescape_224/fsmview_trainset_8_17_cheek_blowing_22.jpg,0.04524044319987297,0.04511331021785736,-0.00012713298201560974,8.050905203446746,0.6656044125556946,0.2935929596424103,0.2935929596424103,54.59193700005471,30.187863999913134,real_npy,0,1
609,/mnt/c/Users/Chirayu/Documents/GitHub/2D-to-3D-image-reconstruction/facescape_224/fsmview_trainset_15_14_sadness_10.jpg,0.20982909202575684,0.25844046473503113,0.04861137270927429,8.145253710448742,0.7408179640769958,0.5904510021209717,0.5904510021209717,22.997724999981983,23.86900000010428,real_npy,0,1
610,/mnt/c/Users/Chirayu/Documents/GitHub/2D-to-3D-image-reconstruction/facescape_224/fsmview_trainset_15_8_mouth_left_18.jpg,0.04113615304231644,0.04270358756184578,0.0015674345195293427,7.94290678948164,0.6514666676521301,0.5479838848114014,0.5479838848114014,22.68245699997351,21.179899999992813,real_npy,0,1
611,/mnt/c/Users/Chirayu/Documents/GitHub/2D-to-3D-image-reconstruction/facescape_224/fsmview_trainset_17_4_anger_19.jpg,0.057377852499485016,0.0626695305109024,0.005291678011417389,9.107364002149552,0.7771064639091492,0.33018627762794495,0.33018627762794495,70.09091499992337,21.509830000013608,real_npy,0,1
612,/mnt/c/Users/Chirayu/Documents/GitHub/2D-to-3D-image-reconstruction/facescape_224/fsmview_trainset_14_18_eye_closed_19.jpg,0.04264751076698303,0.04685301333665848,0.0042055025696754456,7.331547576934099,0.6443578004837036,0.5449700355529785,0.5449700355529785,21.33105899997645,19.867989999966085,real_npy,0,1
613,/mnt/c/Users/Chirayu/Documents/GitHub/2D-to-3D-image-reconstruction/facescape_224/fsmview_trainset_9_2_smile_25.jpg,0.045015327632427216,0.04520616680383682,0.00019083917140960693,8.520620092749596,0.7036170363426208,0.3313310146331787,0.3313310146331787,22.47304599995914,21.238299999936316,real_npy,0,1
614,/mnt/c/Users/Chirayu/Documents/GitHub/2D-to-3D-image-reconstruction/facescape_224/fsmview_trainset_17_12_lip_puckerer_12.jpg,0.15200410783290863,3.1361355781555176,2.984131470322609,39.772952415049076,4.3849945068359375,0.24646049737930298,0.24646049737930298,22.034327999904235,29.295825999952285,real_npy,1,1
615,/mnt/c/Users/Chirayu/Documents/GitHub/2D-to-3D-image-reconstruction/facescape_224/fsmview_trainset_14_18_eye_closed_64.jpg,0.06763909757137299,0.06915438920259476,0.0015152916312217712,9.04322949424386,0.8289958238601685,0.43885770440101624,0.43885770440101624,22.96815299996524,21.180612999955883,real_npy,0,1
616,/mnt/c/Users/Chirayu/Documents/GitHub/2D-to-3D-image-reconstruction/facescape_224/fsmview_trainset_1_3_mouth_stretch_17.jpg,0.04573974013328552,286.3970642089844,286.3513244688511,324.3517200946808,329.32244873046875,0.3351636230945587,0.3351636230945587,59.24864400003571,100.23891099990578,real_npy,1,1
617,/mnt/c/Users/Chirayu/Documents/GitHub/2D-to-3D-image-reconstruction/facescape_224/fsmview_trainset_1_2_smile_10.jpg,0.03252836689352989,0.03456438332796097,0.002036016434431076,8.340297665446997,0.739530622959137,0.3085261285305023,0.3085261285305023,23.51025699999809,21.55939599992962,real_npy,0,1
618,/mnt/c/Users/Chirayu/Documents/GitHub/2D-to-3D-image-reconstruction/facescape_224/fsmview_trainset_15_6_jaw_right_18.jpg,0.05074085295200348,0.05202874913811684,0.0012878961861133575,8.082342322915792,0.7035547494888306,0.546326756477356,0.546326756477356,21.124544000031165,21.36525100002018,real_npy,0,1
619,/mnt/c/Users/Chirayu/Documents/GitHub/2D-to-3D-image-reconstruction/facescape_224/fsmview_trainset_5_1_neutral_10.jpg,0.24417893588542938,6.257985591888428,6.013806656002998,61.90415200591087,9.0509033203125,0.5788794755935669,0.5788794755935669,20.294102999969255,19.047117000013714,real_npy,1,1
620,/mnt/c/Users/Chirayu/Documents/GitHub/2D-to-3D-image-reconstruction/facescape_224/fsmview_trainset_6_12_lip_puckerer_56.jpg,0.08689670264720917,0.08458077162504196,-0.002315931022167206,8.517351239919662,0.7400553226470947,0.36923345923423767,0.36923345923423767,20.400257000005695,20.96652800003085,real_npy,0,1
621,/mnt/c/Users/Chirayu/Documents/GitHub/2D-to-3D-image-reconstruction/facescape_224/fsmview_trainset_13_18_eye_closed_56.jpg,0.155198872089386,0.16597580909729004,0.010776937007904053,7.981064047664404,0.6599363088607788,0.41399815678596497,0.41399815678596497,21.19298799993885,21.358576000011453,real_npy,0,1
622,/mnt/c/Users/Chirayu/Documents/GitHub/2D-to-3D-image-reconstruction/facescape_224/fsmview_trainset_5_1_neutral_27.jpg,0.04168945178389549,0.04694963991641998,0.00526018813252449,7.683219887316227,0.6415514349937439,0.28012198209762573,0.28012198209762573,21.486043999971116,21.935934000111956,real_npy,0,1
623,/mnt/c/Users/Chirayu/Documents/GitHub/2D-to-3D-image-reconstruction/facescape_224/fsmview_trainset_12_15_lip_roll_20.jpg,0.8452836871147156,0.7155523896217346,-0.12973129749298096,7.7983395997434855,0.6573289632797241,0.4954589009284973,0.4954589009284973,23.31192999997711,76.3711480000211,real_npy,0,1
624,/mnt/c/Users/Chirayu/Documents/GitHub/2D-to-3D-image-reconstruction/facescape_224/fsmview_trainset_15_10_dimpler_59.jpg,0.03972328454256058,0.044329021126031876,0.004605736583471298,7.918289478868246,0.6444239616394043,0.40469881892204285,0.40469881892204285,20.9186109999564,20.986483999990924,real_npy,0,1
625,/mnt/c/Users/Chirayu/Documents/GitHub/2D-to-3D-image-reconstruction/facescape_224/fsmview_trainset_1_11_chin_raiser_32.jpg,0.27276724576950073,1889.9791259765625,1889.706358730793,791.485148191452,2190.71533203125,0.24136222898960114,0.24136222898960114,21.22590199996921,19.344509000006838,real_npy,1,1
626,/mnt/c/Users/Chirayu/Documents/GitHub/2D-to-3D-image-reconstruction/facescape_224/fsmview_trainset_16_3_mouth_stretch_10.jpg,0.028866427019238472,0.032128188759088516,0.0032617617398500443,7.197633698582649,0.6398621797561646,0.30968430638313293,0.30968430638313293,20.38466699991659,21.968014999970364,real_npy,0,1
627,/mnt/c/Users/Chirayu/Documents/GitHub/2D-to-3D-image-reconstruction/facescape_224/fsmview_trainset_1_15_lip_roll_42.jpg,0.1447363942861557,0.11838604509830475,-0.026350349187850952,7.93759685754776,0.7574994564056396,0.44607818126678467,0.44607818126678467,22.915182999895478,40.496728999983134,real_npy,0,1
628,/mnt/c/Users/Chirayu/Documents/GitHub/2D-to-3D-image-reconstruction/facescape_224/fsmview_trainset_19_17_cheek_blowing_3.jpg,0.07626393437385559,0.07233422249555588,-0.003929711878299713,9.456568516790867,0.7595973610877991,0.35662177205085754,0.35662177205085754,47.049169000047186,21.43046300000151,real_npy,0,1
629,/mnt/c/Users/Chirayu/Documents/GitHub/2D-to-3D-image-reconstruction/facescape_224/fsmview_trainset_20_8_mouth_left_7.jpg,0.9830068945884705,0.9609771966934204,-0.02202969789505005,7.374207936227322,0.6747385859489441,0.5077872276306152,0.5077872276306152,20.200455000008333,20.87586800007557,real_npy,0,1
630,/mnt/c/Users/Chirayu/Documents/GitHub/2D-to-3D-image-reconstruction/facescape_224/fsmview_trainset_12_16_grin_49.jpg,0.05264773219823837,0.050193894654512405,-0.0024538375437259674,7.979776509106159,0.6918101906776428,0.4624752104282379,0.4624752104282379,57.98578400003862,46.76364299996294,real_npy,0,1
631,/mnt/c/Users/Chirayu/Documents/GitHub/2D-to-3D-image-reconstruction/facescape_224/fsmview_trainset_5_8_mouth_left_54.jpg,0.268133282661438,0.2259121537208557,-0.042221128940582275,8.047098278999329,0.7541578412055969,0.5084623694419861,0.5084623694419861,45.3764000000092,22.608726000044044,real_npy,0,1
632,/mnt/c/Users/Chirayu/Documents/GitHub/2D-to-3D-image-reconstruction/facescape_224/fsmview_trainset_2_11_chin_raiser_54.jpg,0.17337001860141754,0.17140376567840576,-0.00196625292301178,8.521570783108473,0.7063387632369995,0.49403151869773865,0.49403151869773865,21.442083000010825,22.869129000014254,real_npy,0,1
633,/mnt/c/Users/Chirayu/Documents/GitHub/2D-to-3D-image-reconstruction/facescape_224/fsmview_trainset_7_9_mouth_right_10.jpg,0.030798789113759995,0.03481164202094078,0.004012852907180786,7.512289229780436,0.6384961009025574,0.3365754187107086,0.3365754187107086,63.551942999993116,20.62079100005576,real_npy,0,1
634,/mnt/c/Users/Chirayu/Documents/GitHub/2D-to-3D-image-reconstruction/facescape_224/fsmview_trainset_3_13_lip_funneler_6.jpg,0.05403977259993553,0.05260524898767471,-0.0014345236122608185,8.250528387725353,0.74709552526474,0.3253061771392822,0.3253061771392822,20.992424000041865,19.81521499999417,real_npy,0,1
635,/mnt/c/Users/Chirayu/Documents/GitHub/2D-to-3D-image-reconstruction/facescape_224/fsmview_trainset_9_15_lip_roll_28.jpg,0.0465208999812603,0.043172307312488556,-0.0033485926687717438,7.7019738256931305,0.6368929743766785,0.24663875997066498,0.24663875997066498,20.69870599996193,23.594053000010717,real_npy,0,1
636,/mnt/c/Users/Chirayu/Documents/GitHub/2D-to-3D-image-reconstruction/facescape_224/fsmview_trainset_13_13_lip_funneler_9.jpg,0.065974660217762,0.07100199162960052,0.0050273314118385315,8.218853333964944,0.7008405923843384,0.4180554747581482,0.4180554747581482,20.552209000015864,20.65292899999349,real_npy,0,1
637,/mnt/c/Users/Chirayu/Documents/GitHub/2D-to-3D-image-reconstruction/facescape_224/fsmview_trainset_3_14_sadness_39.jpg,0.04943400248885155,0.05199052020907402,0.002556517720222473,7.814400672912598,0.6972205638885498,0.38110002875328064,0.38110002875328064,21.382576999940284,29.067615000030855,real_npy,0,1
638,/mnt/c/Users/Chirayu/Documents/GitHub/2D-to-3D-image-reconstruction/facescape_224/fsmview_trainset_12_2_smile_52.jpg,0.052944615483284,0.050758253782987595,-0.002186361700296402,7.822174079716206,0.6418879628181458,0.4765028655529022,0.4765028655529022,21.27918899998349,22.583664999956454,real_npy,0,1
639,/mnt/c/Users/Chirayu/Documents/GitHub/2D-to-3D-image-reconstruction/facescape_224/fsmview_trainset_1_9_mouth_right_55.jpg,0.055020999163389206,1.6951637268066406,1.6401427276432514,23.782687790691853,2.7171761989593506,0.3305267095565796,0.3305267095565796,23.05057199998828,29.68191200000092,real_npy,0,1
640,/mnt/c/Users/Chirayu/Documents/GitHub/2D-to-3D-image-reconstruction/facescape_224/fsmview_trainset_3_9_mouth_right_28.jpg,0.03695490583777428,0.03734501451253891,0.0003901086747646332,7.623755838721991,0.6453357338905334,0.2812926769256592,0.2812926769256592,71.45071100001132,19.98103000005358,real_npy,0,1
641,/mnt/c/Users/Chirayu/Documents/GitHub/2D-to-3D-image-reconstruction/facescape_224/fsmview_trainset_15_13_lip_funneler_10.jpg,0.1444525122642517,0.1866115778684616,0.0421590656042099,7.6885030046105385,0.6668063402175903,0.5664705038070679,0.5664705038070679,20.54520199999388,20.03288900004918,real_npy,0,1
642,/mnt/c/Users/Chirayu/Documents/GitHub/2D-to-3D-image-reconstruction/facescape_224/fsmview_trainset_19_6_jaw_right_24.jpg,0.06987667083740234,0.08193041384220123,0.01205374300479889,9.437887530308217,0.7875725626945496,0.33272045850753784,0.33272045850753784,21.508945000050517,20.74629100002312,real_npy,0,1
643,/mnt/c/Users/Chirayu/Documents/GitHub/2D-to-3D-image-reconstruction/facescape_224/fsmview_trainset_10_2_smile_32.jpg,0.25038814544677734,1348.6260986328125,1348.3757104873657,689.4238939285278,1453.3594970703125,0.21470031142234802,0.21470031142234802,69.68484799995167,70.83031700005904,real_npy,1,1
644,/mnt/c/Users/Chirayu/Documents/GitHub/2D-to-3D-image-reconstruction/facescape_224/fsmview_trainset_2_14_sadness_46.jpg,0.43325603008270264,0.44047701358795166,0.0072209835052490234,6.504945084452629,0.5967285633087158,0.5112932920455933,0.5112932920455933,107.83335999997234,50.20811600002162,template_fallback,0,1
645,/mnt/c/Users/Chirayu/Documents/GitHub/2D-to-3D-image-reconstruction/facescape_224/fsmview_trainset_13_19_brow_raiser_4.jpg,0.05867082253098488,0.058404065668582916,-0.0002667568624019623,9.197056660428643,0.7548342943191528,0.39463010430336,0.39463010430336,25.33471300000656,22.745583000073566,real_npy,0,1
646,/mnt/c/Users/Chirayu/Documents/GitHub/2D-to-3D-image-reconstruction/facescape_224/fsmview_trainset_18_4_anger_36.jpg,0.05250672623515129,8.296058654785156,8.243551928550005,63.61915449798107,9.18765926361084,0.4332020580768585,0.4332020580768585,20.510489000002963,18.72981599990453,real_npy,1,1
647,/mnt/c/Users/Chirayu/Documents/GitHub/2D-to-3D-image-reconstruction/facescape_224/fsmview_trainset_2_2_smile_41.jpg,0.8137795925140381,0.7135211825370789,-0.10025840997695923,7.771593140438199,0.7116507291793823,0.40586578845977783,0.40586578845977783,22.523371000033876,20.826591000059125,real_npy,0,1
648,/mnt/c/Users/Chirayu/Documents/GitHub/2D-to-3D-image-reconstruction/facescape_224/fsmview_trainset_2_14_sadness_27.jpg,0.06344381719827652,0.06417433172464371,0.0007305145263671875,9.303237745538354,0.7730984687805176,0.4302729368209839,0.4302729368209839,35.7030280000572,21.847759999900518,real_npy,0,1
649,/mnt/c/Users/Chirayu/Documents/GitHub/2D-to-3D-image-reconstruction/facescape_224/fsmview_trainset_7_19_brow_raiser_27.jpg,0.056283943355083466,0.05154411867260933,-0.004739824682474136,8.814708076417446,0.7314626574516296,0.42359185218811035,0.42359185218811035,22.445005999998102,21.141047000014623,real_npy,0,1
650,/mnt/c/Users/Chirayu/Documents/GitHub/2D-to-3D-image-reconstruction/facescape_224/fsmview_trainset_2_9_mouth_right_55.jpg,0.11028683185577393,0.1085304543375969,-0.0017563775181770325,8.706303551793098,0.7647335529327393,0.42509400844573975,0.42509400844573975,21.1455849999993,21.1729780000951,real_npy,0,1
651,/mnt/c/Users/Chirayu/Documents/GitHub/2D-to-3D-image-reconstruction/facescape_224/fsmview_trainset_7_1_neutral_53.jpg,0.09892924129962921,0.09473872184753418,-0.004190519452095032,8.203019432723522,0.7118735909461975,0.43653008341789246,0.43653008341789246,33.1350310000289,66.25968399998783,real_npy,0,1
652,/mnt/c/Users/Chirayu/Documents/GitHub/2D-to-3D-image-reconstruction/facescape_224/fsmview_trainset_19_19_brow_raiser_12.jpg,0.25992250442504883,0.27722010016441345,0.017297595739364624,7.593121692538261,0.6490378379821777,0.305603951215744,0.305603951215744,23.11445600003026,21.072635999985323,real_npy,0,1
653,/mnt/c/Users/Chirayu/Documents/GitHub/2D-to-3D-image-reconstruction/facescape_224/fsmview_trainset_12_16_grin_21.jpg,0.060405366122722626,0.0673307478427887,0.0069253817200660706,9.175575576722622,0.7396343946456909,0.5503809452056885,0.5503809452056885,21.18441199991139,63.67792300000019,real_npy,0,1
654,/mnt/c/Users/Chirayu/Documents/GitHub/2D-to-3D-image-reconstruction/facescape_224/fsmview_trainset_3_9_mouth_right_17.jpg,0.03321436420083046,18.311033248901367,18.277818884700537,92.43869669735432,19.844482421875,0.34022974967956543,0.34022974967956543,30.035196999961045,56.30847100007941,real_npy,1,1
655,/mnt/c/Users/Chirayu/Documents/GitHub/2D-to-3D-image-reconstruction/facescape_224/fsmview_trainset_10_20_brow_lower_19.jpg,0.04939534515142441,0.05306915566325188,0.003673810511827469,8.542654454242438,0.720769464969635,0.34271878004074097,0.34271878004074097,35.139877999995406,21.913579999932153,real_npy,0,1
656,/mnt/c/Users/Chirayu/Documents/GitHub/2D-to-3D-image-reconstruction/facescape_224/fsmview_trainset_3_14_sadness_24.jpg,0.0449797548353672,0.8759990334510803,0.8310192786157131,20.176495872437954,1.8369120359420776,0.4445990025997162,0.4445990025997162,22.773432999997567,37.29897899995649,real_npy,0,1
657,/mnt/c/Users/Chirayu/Documents/GitHub/2D-to-3D-image-reconstruction/facescape_224/fsmview_trainset_11_15_lip_roll_11.jpg,0.08171455562114716,1.2199900150299072,1.13827545940876,22.516942098736763,2.1210129261016846,0.5791813731193542,0.5791813731193542,21.318511000004037,28.60796500010565,real_npy,0,1
658,/mnt/c/Users/Chirayu/Documents/GitHub/2D-to-3D-image-reconstruction/facescape_224/fsmview_trainset_20_9_mouth_right_52.jpg,0.16377101838588715,0.1824597865343094,0.01868876814842224,8.042339444160461,0.7017898559570312,0.5087763071060181,0.5087763071060181,20.47218600000633,21.21669899997869,real_npy,0,1
659,/mnt/c/Users/Chirayu/Documents/GitHub/2D-to-3D-image-reconstruction/facescape_224/fsmview_trainset_12_12_lip_puckerer_32.jpg,0.0374663770198822,166.73690795898438,166.6994415819645,241.06311655044556,225.28216552734375,0.44356340169906616,0.44356340169906616,21.91208599992933,19.373696999991807,real_npy,1,1
660,/mnt/c/Users/Chirayu/Documents/GitHub/2D-to-3D-image-reconstruction/facescape_224/fsmview_trainset_1_5_jaw_left_13.jpg,0.21167781949043274,0.20500090718269348,-0.006676912307739258,6.918905928730965,0.6191324591636658,0.5029977560043335,0.5029977560043335,42.821873999969284,23.277808999978333,real_npy,0,1
661,/mnt/c/Users/Chirayu/Documents/GitHub/2D-to-3D-image-reconstruction/facescape_224/fsmview_trainset_7_10_dimpler_0.jpg,0.23112280666828156,0.8707553148269653,0.6396325081586838,19.69811649620533,1.763539433479309,0.4833834171295166,0.4833834171295166,24.343585999986317,25.061009000069134,real_npy,0,1
662,/mnt/c/Users/Chirayu/Documents/GitHub/2D-to-3D-image-reconstruction/facescape_224/fsmview_trainset_5_13_lip_funneler_9.jpg,0.038064684718847275,0.04184974357485771,0.003785058856010437,8.074458740651608,0.6831348538398743,0.30542418360710144,0.30542418360710144,37.5398360000645,36.048766000021715,real_npy,0,1
663,/mnt/c/Users/Chirayu/Documents/GitHub/2D-to-3D-image-reconstruction/facescape_224/fsmview_trainset_8_8_mouth_left_2.jpg,0.05144225060939789,0.05002068728208542,-0.0014215633273124695,7.721352204680443,0.6674992442131042,0.2701028287410736,0.2701028287410736,21.781771999940247,21.532561999947575,real_npy,0,1
664,/mnt/c/Users/Chirayu/Documents/GitHub/2D-to-3D-image-reconstruction/facescape_224/fsmview_trainset_6_14_sadness_17.jpg,0.039573054760694504,0.04107963666319847,0.0015065819025039673,8.33481189981103,0.6948158740997314,0.37111902236938477,0.37111902236938477,38.36552100005974,40.42198299998745,real_npy,0,1
665,/mnt/c/Users/Chirayu/Documents/GitHub/2D-to-3D-image-reconstruction/facescape_224/fsmview_trainset_20_1_neutral_21.jpg,0.034200046211481094,0.033566396683454514,-0.0006336495280265808,7.739573962986469,0.6347614526748657,0.39892831444740295,0.39892831444740295,46.03178099989691,31.352657999946132,real_npy,0,1
666,/mnt/c/Users/Chirayu/Documents/GitHub/2D-to-3D-image-reconstruction/facescape_224/fsmview_trainset_13_7_jaw_forward_8.jpg,0.040207259356975555,1050.7242431640625,1050.6840359047055,607.9583344459534,1065.541259765625,0.3988213837146759,0.3988213837146759,32.43487199995343,61.04971599995679,real_npy,1,1
667,/mnt/c/Users/Chirayu/Documents/GitHub/2D-to-3D-image-reconstruction/facescape_224/fsmview_trainset_15_15_lip_roll_25.jpg,0.027459751814603806,0.026948440819978714,-0.0005113109946250916,7.1302550826221704,0.5864408612251282,0.5494062304496765,0.5494062304496765,22.222012000042923,19.171131000007335,real_npy,0,1
668,/mnt/c/Users/Chirayu/Documents/GitHub/2D-to-3D-image-reconstruction/facescape_224/fsmview_trainset_3_10_dimpler_47.jpg,0.04484805092215538,0.05386064201593399,0.00901259109377861,8.984193414449692,0.745050311088562,0.4816135764122009,0.4816135764122009,84.8771900000429,21.298770000043987,real_npy,0,1
669,/mnt/c/Users/Chirayu/Documents/GitHub/2D-to-3D-image-reconstruction/facescape_224/fsmview_trainset_5_12_lip_puckerer_19.jpg,0.04307020455598831,0.044394008815288544,0.001323804259300232,8.522958705667406,0.7139580845832825,0.35808104276657104,0.35808104276657104,20.61102999994091,20.07711900000686,real_npy,0,1
670,/mnt/c/Users/Chirayu/Documents/GitHub/2D-to-3D-image-reconstruction/facescape_224/fsmview_trainset_10_14_sadness_40.jpg,0.135382741689682,0.15831167995929718,0.022928938269615173,7.013981595635414,0.6312655210494995,0.5299487113952637,0.5299487113952637,55.576985000016066,19.076699999914126,real_npy,0,1
671,/mnt/c/Users/Chirayu/Documents/GitHub/2D-to-3D-image-reconstruction/facescape_224/fsmview_trainset_13_2_smile_33.jpg,0.1327139288187027,0.12807762622833252,-0.004636302590370178,7.970751583576202,0.7091136574745178,0.41534608602523804,0.41534608602523804,22.88936900004046,19.969591000062792,real_npy,0,1
672,/mnt/c/Users/Chirayu/Documents/GitHub/2D-to-3D-image-reconstruction/facescape_224/fsmview_trainset_19_8_mouth_left_27.jpg,0.5293720364570618,0.4828418791294098,-0.04653015732765198,7.946380853652954,0.7066622972488403,0.40189361572265625,0.40189361572265625,22.171296999999868,19.670345999998062,real_npy,0,1
673,/mnt/c/Users/Chirayu/Documents/GitHub/2D-to-3D-image-reconstruction/facescape_224/fsmview_trainset_18_4_anger_34.jpg,0.03109225444495678,1288.4271240234375,1288.3960317689925,678.5452513694763,1386.5489501953125,0.4224729537963867,0.4224729537963867,25.557048999985454,21.114721000003556,real_npy,1,1
674,/mnt/c/Users/Chirayu/Documents/GitHub/2D-to-3D-image-reconstruction/facescape_224/fsmview_trainset_17_3_mouth_stretch_56.jpg,0.7421814203262329,18.329496383666992,17.58731496334076,94.33167530596256,20.778675079345703,0.29213815927505493,0.29213815927505493,21.260062999999718,39.80639000008068,real_npy,1,1
675,/mnt/c/Users/Chirayu/Documents/GitHub/2D-to-3D-image-reconstruction/facescape_224/fsmview_trainset_14_12_lip_puckerer_5.jpg,0.5328850746154785,9.198464393615723,8.665579319000244,69.15980337560177,12.699865341186523,0.6031820178031921,0.6031820178031921,26.193587999955525,17.61599799999658,template_fallback,1,1
676,/mnt/c/Users/Chirayu/Documents/GitHub/2D-to-3D-image-reconstruction/facescape_224/fsmview_trainset_16_16_grin_41.jpg,0.09574954211711884,0.08804908394813538,-0.0077004581689834595,8.302780464291573,0.7739464044570923,0.4477621614933014,0.4477621614933014,23.01517800003694,20.651687000054153,real_npy,0,1
677,/mnt/c/Users/Chirayu/Documents/GitHub/2D-to-3D-image-reconstruction/facescape_224/fsmview_trainset_19_11_chin_raiser_6.jpg,0.07450003921985626,0.07930664718151093,0.004806607961654663,8.539557600393891,0.705542802810669,0.262211412191391,0.262211412191391,25.765111000055185,24.826351000001523,real_npy,0,1
678,/mnt/c/Users/Chirayu/Documents/GitHub/2D-to-3D-image-reconstruction/facescape_224/fsmview_trainset_16_12_lip_puckerer_31.jpg,0.0441371351480484,0.045821163803339005,0.0016840286552906036,8.64811120647937,0.7250134348869324,0.2996973693370819,0.2996973693370819,23.13262699999541,23.059530000068662,real_npy,0,1
679,/mnt/c/Users/Chirayu/Documents/GitHub/2D-to-3D-image-reconstruction/facescape_224/fsmview_trainset_10_14_sadness_39.jpg,0.0473104789853096,0.046023234724998474,-0.0012872442603111267,7.8938888274133205,0.675758957862854,0.38315874338150024,0.38315874338150024,21.335767999971722,41.29924599999413,real_npy,0,1
680,/mnt/c/Users/Chirayu/Documents/GitHub/2D-to-3D-image-reconstruction/facescape_224/fsmview_trainset_11_2_smile_28.jpg,0.13673798739910126,0.13670243322849274,-3.555417060852051e-05,9.22577721066773,0.737080454826355,0.5667174458503723,0.5667174458503723,22.440738999989662,23.206087000062325,real_npy,0,1
681,/mnt/c/Users/Chirayu/Documents/GitHub/2D-to-3D-image-reconstruction/facescape_224/fsmview_trainset_8_15_lip_roll_31.jpg,0.11051034182310104,0.13225997984409332,0.02174963802099228,7.552275277674198,0.6454110741615295,0.26135560870170593,0.26135560870170593,21.82490300003792,21.25731099999939,real_npy,0,1
682,/mnt/c/Users/Chirayu/Documents/GitHub/2D-to-3D-image-reconstruction/facescape_224/fsmview_trainset_20_8_mouth_left_47.jpg,0.06358040869235992,67.01373291015625,66.95015250146389,164.44448283314705,71.54499053955078,0.668083667755127,0.668083667755127,22.887792999995327,21.69017000005624,real_npy,1,1
683,/mnt/c/Users/Chirayu/Documents/GitHub/2D-to-3D-image-reconstruction/facescape_224/fsmview_trainset_16_2_smile_3.jpg,0.057842280715703964,0.07300089299678802,0.01515861228108406,7.61132849752903,0.7074242830276489,0.4029715955257416,0.4029715955257416,23.235117000012906,22.144776999994065,real_npy,0,1
684,/mnt/c/Users/Chirayu/Documents/GitHub/2D-to-3D-image-reconstruction/facescape_224/fsmview_trainset_11_16_grin_64.jpg,0.07495077699422836,0.08131902664899826,0.0063682496547698975,8.924205057322979,0.804167628288269,0.433687299489975,0.433687299489975,21.03566400001,20.763795999982904,real_npy,0,1
685,/mnt/c/Users/Chirayu/Documents/GitHub/2D-to-3D-image-reconstruction/facescape_224/fsmview_trainset_19_16_grin_22.jpg,0.03955904021859169,0.040144920349121094,0.0005858801305294037,8.515829782932997,0.7142379283905029,0.30552175641059875,0.30552175641059875,21.030647999964458,29.51320400006807,real_npy,0,1
686,/mnt/c/Users/Chirayu/Documents/GitHub/2D-to-3D-image-reconstruction/facescape_224/fsmview_trainset_6_10_dimpler_42.jpg,0.31313303112983704,0.2996528446674347,-0.013480186462402344,6.891871929168701,0.6950409412384033,0.40089738368988037,0.40089738368988037,47.815050999929554,20.296680999990713,real_npy,0,1
687,/mnt/c/Users/Chirayu/Documents/GitHub/2D-to-3D-image-reconstruction/facescape_224/fsmview_trainset_4_5_jaw_left_37.jpg,0.07166126370429993,0.06869203597307205,-0.0029692277312278748,8.23578454181552,0.7085087895393372,0.3230222165584564,0.3230222165584564,21.6806619999943,22.923972000057802,real_npy,0,1
688,/mnt/c/Users/Chirayu/Documents/GitHub/2D-to-3D-image-reconstruction/facescape_224/fsmview_trainset_8_11_chin_raiser_43.jpg,0.031551964581012726,0.03576073795557022,0.004208773374557495,7.635131247341633,0.6398718953132629,0.20634442567825317,0.20634442567825317,21.192198999983702,30.938781000031668,real_npy,0,1
689,/mnt/c/Users/Chirayu/Documents/GitHub/2D-to-3D-image-reconstruction/facescape_224/fsmview_trainset_18_1_neutral_5.jpg,0.051153626292943954,0.05740710720419884,0.006253480911254883,8.305392734706402,0.7192642092704773,0.33650028705596924,0.33650028705596924,32.84082300001501,22.883636999949886,real_npy,0,1
690,/mnt/c/Users/Chirayu/Documents/GitHub/2D-to-3D-image-reconstruction/facescape_224/fsmview_trainset_13_17_cheek_blowing_0.jpg,0.03431851044297218,1335.34765625,1335.313337739557,689.2592821121216,1438.337890625,0.39141422510147095,0.39141422510147095,22.463090999963242,21.36989899997843,real_npy,1,1
691,/mnt/c/Users/Chirayu/Documents/GitHub/2D-to-3D-image-reconstruction/facescape_224/fsmview_trainset_3_10_dimpler_25.jpg,0.03350333869457245,131.5856170654297,131.55211372673512,216.17287629842758,172.086181640625,0.3211786150932312,0.3211786150932312,21.417032000044856,21.756575999916095,real_npy,1,1
692,/mnt/c/Users/Chirayu/Documents/GitHub/2D-to-3D-image-reconstruction/facescape_224/fsmview_trainset_1_19_brow_raiser_23.jpg,0.03664330020546913,0.44691434502601624,0.4102710448205471,14.904697250574827,1.2200429439544678,0.36637425422668457,0.36637425422668457,40.96556899992265,22.95588299989504,real_npy,0,1
693,/mnt/c/Users/Chirayu/Documents/GitHub/2D-to-3D-image-reconstruction/facescape_224/fsmview_trainset_13_18_eye_closed_5.jpg,0.05346306040883064,0.05333578586578369,-0.0001272745430469513,8.573353927582502,0.6711012721061707,0.4459347724914551,0.4459347724914551,47.86536400001751,20.25420600000416,real_npy,0,1
694,/mnt/c/Users/Chirayu/Documents/GitHub/2D-to-3D-image-reconstruction/facescape_224/fsmview_trainset_5_20_brow_lower_34.jpg,0.04810195043683052,55.09562301635742,55.04752106592059,146.7442345917225,59.61192321777344,0.433559775352478,0.433559775352478,59.53944499992758,27.933441999948627,real_npy,1,1
695,/mnt/c/Users/Chirayu/Documents/GitHub/2D-to-3D-image-reconstruction/facescape_224/fsmview_trainset_16_19_brow_raiser_24.jpg,0.04110081121325493,0.04456675797700882,0.003465946763753891,8.520612803753465,0.7148159742355347,0.3674924075603485,0.3674924075603485,21.04396499998984,21.699453999985963,real_npy,0,1
696,/mnt/c/Users/Chirayu/Documents/GitHub/2D-to-3D-image-reconstruction/facescape_224/fsmview_trainset_18_14_sadness_42.jpg,0.08378062397241592,0.07919156551361084,-0.004589058458805084,8.485979981720448,0.7582871913909912,0.49920424818992615,0.49920424818992615,21.648261999985152,23.63372900003924,real_npy,0,1
697,/mnt/c/Users/Chirayu/Documents/GitHub/2D-to-3D-image-reconstruction/facescape_224/fsmview_trainset_2_1_neutral_31.jpg,0.0582096092402935,0.059563081711530685,0.0013534724712371826,8.756080877035856,0.6976935267448425,0.47356730699539185,0.47356730699539185,24.671081000064987,21.979664000014054,real_npy,0,1
698,/mnt/c/Users/Chirayu/Documents/GitHub/2D-to-3D-image-reconstruction/facescape_224/fsmview_trainset_9_11_chin_raiser_34.jpg,0.040604401379823685,0.04729669913649559,0.0066922977566719055,8.008880767971277,0.6650343537330627,0.42865923047065735,0.42865923047065735,22.139059000096495,25.874254000086694,real_npy,0,1
699,/mnt/c/Users/Chirayu/Documents/GitHub/2D-to-3D-image-reconstruction/facescape_224/fsmview_trainset_8_8_mouth_left_19.jpg,0.03980329632759094,0.04173047095537186,0.0019271746277809143,8.634037555195391,0.7288249731063843,0.2894468903541565,0.2894468903541565,37.894260000030044,20.88376300002892,real_npy,0,1
700,/mnt/c/Users/Chirayu/Documents/GitHub/2D-to-3D-image-reconstruction/facescape_224/fsmview_trainset_4_4_anger_7.jpg,0.03901917487382889,0.04448248818516731,0.005463313311338425,7.950797691941261,0.6735279560089111,0.18942205607891083,0.18942205607891083,22.0810989999336,27.539175000015348,real_npy,0,1
701,/mnt/c/Users/Chirayu/Documents/GitHub/2D-to-3D-image-reconstruction/facescape_224/fsmview_trainset_2_6_jaw_right_38.jpg,0.08684346079826355,0.12186776846647263,0.035024307668209076,7.210468884557486,0.6971932053565979,0.386805921792984,0.386805921792984,20.632866999903854,31.097044000034657,real_npy,0,1
702,/mnt/c/Users/Chirayu/Documents/GitHub/2D-to-3D-image-reconstruction/facescape_224/fsmview_trainset_3_18_eye_closed_43.jpg,0.6364513635635376,0.4067404568195343,-0.2297109067440033,6.793228805065155,0.6551944613456726,0.4385756850242615,0.4385756850242615,21.490847999984908,19.91169500001888,real_npy,0,1
703,/mnt/c/Users/Chirayu/Documents/GitHub/2D-to-3D-image-reconstruction/facescape_224/fsmview_trainset_18_14_sadness_1.jpg,0.02839370258152485,0.7762148380279541,0.7478211354464293,19.10079266363755,1.7559725046157837,0.33399060368537903,0.33399060368537903,20.56099499998254,24.411988999986534,real_npy,0,1
704,/mnt/c/Users/Chirayu/Documents/GitHub/2D-to-3D-image-reconstruction/facescape_224/fsmview_trainset_12_18_eye_closed_41.jpg,0.04883858188986778,0.04685213416814804,-0.001986447721719742,8.735368616878986,0.7627570629119873,0.3767728805541992,0.3767728805541992,20.2937069999507,20.243084999947314,real_npy,0,1
705,/mnt/c/Users/Chirayu/Documents/GitHub/2D-to-3D-image-reconstruction/facescape_224/fsmview_trainset_11_19_brow_raiser_29.jpg,0.19986267387866974,24.856216430664062,24.656353756785393,105.97008961439133,26.82623291015625,0.4291144609451294,0.4291144609451294,20.99259399994935,18.438250000031076,real_npy,1,1
706,/mnt/c/Users/Chirayu/Documents/GitHub/2D-to-3D-image-reconstruction/facescape_224/fsmview_trainset_9_4_anger_33.jpg,0.09945715963840485,0.10134360194206238,0.0018864423036575317,7.8913319632411,0.6685459613800049,0.45197436213493347,0.45197436213493347,21.69818699996995,20.499439999980495,real_npy,0,1
707,/mnt/c/Users/Chirayu/Documents/GitHub/2D-to-3D-image-reconstruction/facescape_224/fsmview_trainset_14_3_mouth_stretch_37.jpg,0.09116847068071365,0.09990797191858292,0.008739501237869263,9.026095882058144,0.768740713596344,0.5244734287261963,0.5244734287261963,30.851444000063566,20.12828800002353,real_npy,0,1
708,/mnt/c/Users/Chirayu/Documents/GitHub/2D-to-3D-image-reconstruction/facescape_224/fsmview_trainset_11_20_brow_lower_12.jpg,0.06358451396226883,0.6355065703392029,0.571922056376934,16.219783522188663,1.4983340501785278,0.5902206301689148,0.5902206301689148,23.30866900001638,27.181374999941,real_npy,0,1
709,/mnt/c/Users/Chirayu/Documents/GitHub/2D-to-3D-image-reconstruction/facescape_224/fsmview_trainset_12_1_neutral_50.jpg,0.0323033407330513,106.00843048095703,105.97612714022398,197.71763545274734,127.21607208251953,0.44100916385650635,0.44100916385650635,23.59749400000055,21.070856000051208,real_npy,1,1
710,/mnt/c/Users/Chirayu/Documents/GitHub/2D-to-3D-image-reconstruction/facescape_224/fsmview_trainset_8_13_lip_funneler_36.jpg,0.057597946375608444,0.049424778670072556,-0.008173167705535889,7.70435893535614,0.7244877219200134,0.30059337615966797,0.30059337615966797,23.13131699997939,51.801074000081826,real_npy,0,1
711,/mnt/c/Users/Chirayu/Documents/GitHub/2D-to-3D-image-reconstruction/facescape_224/fsmview_trainset_7_15_lip_roll_38.jpg,0.08347916603088379,0.08295146375894547,-0.000527702271938324,7.855526372790337,0.7328648567199707,0.41199737787246704,0.41199737787246704,24.93828600006509,23.30036499995458,real_npy,0,1
712,/mnt/c/Users/Chirayu/Documents/GitHub/2D-to-3D-image-reconstruction/facescape_224/fsmview_trainset_8_9_mouth_right_25.jpg,0.054122667759656906,0.05385679379105568,-0.0002658739686012268,7.2892255038022995,0.6533247232437134,0.3547350764274597,0.3547350764274597,20.90832599992609,97.70935399990321,real_npy,0,1
713,/mnt/c/Users/Chirayu/Documents/GitHub/2D-to-3D-image-reconstruction/facescape_224/fsmview_trainset_19_18_eye_closed_2.jpg,0.0625273659825325,0.058327823877334595,-0.0041995421051979065,9.412121396511793,0.7634572982788086,0.30484896898269653,0.30484896898269653,52.09467700001369,47.44164399994588,real_npy,0,1
714,/mnt/c/Users/Chirayu/Documents/GitHub/2D-to-3D-image-reconstruction/facescape_224/fsmview_trainset_20_14_sadness_42.jpg,0.047942519187927246,0.04781608656048775,-0.0001264326274394989,8.51897063292563,0.6748169660568237,0.5265964865684509,0.5265964865684509,35.880085000030704,29.642198000033204,real_npy,0,1
715,/mnt/c/Users/Chirayu/Documents/GitHub/2D-to-3D-image-reconstruction/facescape_224/fsmview_trainset_14_4_anger_41.jpg,0.031304508447647095,0.08070182055234909,0.049397312104701996,7.254598867148161,0.6502044796943665,0.41101840138435364,0.41101840138435364,20.75089199990998,33.59575199999654,real_npy,0,1
716,/mnt/c/Users/Chirayu/Documents/GitHub/2D-to-3D-image-reconstruction/facescape_224/fsmview_trainset_1_16_grin_35.jpg,0.05792543664574623,0.08783148974180222,0.029906053096055984,7.842503607273102,0.7248996496200562,0.36559823155403137,0.36559823155403137,21.39023699999143,23.486671999989994,real_npy,0,1
717,/mnt/c/Users/Chirayu/Documents/GitHub/2D-to-3D-image-reconstruction/facescape_224/fsmview_trainset_3_5_jaw_left_24.jpg,0.03273450583219528,72.83777618408203,72.80504167824984,167.74973464012146,76.63179016113281,0.32231083512306213,0.32231083512306213,21.153829000013502,18.92548400007854,real_npy,1,1
718,/mnt/c/Users/Chirayu/Documents/GitHub/2D-to-3D-image-reconstruction/facescape_224/fsmview_trainset_2_4_anger_1.jpg,0.12216497957706451,0.11971697956323624,-0.0024480000138282776,8.851765777915716,0.765766978263855,0.4818607270717621,0.4818607270717621,28.450859000031414,25.462724000021808,real_npy,0,1
719,/mnt/c/Users/Chirayu/Documents/GitHub/2D-to-3D-image-reconstruction/facescape_224/fsmview_trainset_20_18_eye_closed_12.jpg,0.06466788798570633,12.885377883911133,12.820709995925426,78.52993500232697,16.263952255249023,0.5843247175216675,0.5843247175216675,21.485525999992205,22.564766000073178,real_npy,1,1
720,/mnt/c/Users/Chirayu/Documents/GitHub/2D-to-3D-image-reconstruction/facescape_224/fsmview_trainset_16_19_brow_raiser_11.jpg,0.08962125331163406,0.09648804366588593,0.006866790354251862,8.200691625475883,0.7387030720710754,0.3656708598136902,0.3656708598136902,24.11723099999108,22.201145000053657,real_npy,0,1
721,/mnt/c/Users/Chirayu/Documents/GitHub/2D-to-3D-image-reconstruction/facescape_224/fsmview_trainset_6_12_lip_puckerer_50.jpg,0.3289785385131836,0.3026846647262573,-0.02629387378692627,6.719842433929443,0.624557614326477,0.4145434498786926,0.4145434498786926,24.994346999960726,53.8152630000468,real_npy,0,1
722,/mnt/c/Users/Chirayu/Documents/GitHub/2D-to-3D-image-reconstruction/facescape_224/fsmview_trainset_12_5_jaw_left_19.jpg,0.04310987889766693,1.461609125137329,1.4184992462396622,28.132438242435455,2.873486280441284,0.3873852789402008,0.3873852789402008,21.94962900000519,27.581166000004487,real_npy,0,1
723,/mnt/c/Users/Chirayu/Documents/GitHub/2D-to-3D-image-reconstruction/facescape_224/fsmview_trainset_10_8_mouth_left_24.jpg,0.03900649771094322,57.76838302612305,57.729376528412104,152.53809660673141,61.74850845336914,0.3370824158191681,0.3370824158191681,22.67187899997225,19.98219600000084,real_npy,1,1
724,/mnt/c/Users/Chirayu/Documents/GitHub/2D-to-3D-image-reconstruction/facescape_224/fsmview_trainset_14_15_lip_roll_34.jpg,0.0658344179391861,18.996265411376953,18.930430993437767,93.38391003012657,20.472118377685547,0.5175021290779114,0.5175021290779114,20.950787999936438,22.137870999927145,real_npy,1,1
725,/mnt/c/Users/Chirayu/Documents/GitHub/2D-to-3D-image-reconstruction/facescape_224/fsmview_trainset_12_10_dimpler_53.jpg,0.06217047944664955,0.064701147377491,0.002530667930841446,8.411222502589226,0.704237163066864,0.5071947574615479,0.5071947574615479,21.802579999985028,20.768995000025825,real_npy,0,1
726,/mnt/c/Users/Chirayu/Documents/GitHub/2D-to-3D-image-reconstruction/facescape_224/fsmview_trainset_2_12_lip_puckerer_13.jpg,0.07575245201587677,0.08169788867235184,0.005945436656475067,8.976631322875619,0.7522677183151245,0.4569122791290283,0.4569122791290283,23.461206999968454,20.456587000012405,real_npy,0,1
727,/mnt/c/Users/Chirayu/Documents/GitHub/2D-to-3D-image-reconstruction/facescape_224/fsmview_trainset_7_14_sadness_49.jpg,0.08265510946512222,0.08350329846143723,0.0008481889963150024,6.174538113176823,0.5365451574325562,0.4944019317626953,0.4944019317626953,19.82666399999289,20.931302000008145,real_npy,0,0
728,/mnt/c/Users/Chirayu/Documents/GitHub/2D-to-3D-image-reconstruction/facescape_224/fsmview_trainset_14_16_grin_25.jpg,0.03766026347875595,48.65827560424805,48.62061534076929,141.6239788532257,52.434547424316406,0.4546268880367279,0.4546268880367279,24.441794000040318,18.51727199994002,real_npy,1,1
729,/mnt/c/Users/Chirayu/Documents/GitHub/2D-to-3D-image-reconstruction/facescape_224/fsmview_trainset_15_18_eye_closed_49.jpg,0.08500005304813385,0.09855666756629944,0.013556614518165588,8.57943806797266,0.7494282722473145,0.6016882658004761,0.6016882658004761,21.10114300000987,21.15485899992109,real_npy,0,1
730,/mnt/c/Users/Chirayu/Documents/GitHub/2D-to-3D-image-reconstruction/facescape_224/fsmview_trainset_10_13_lip_funneler_42.jpg,0.0787620022892952,0.07897880673408508,0.00021680444478988647,7.022011462599039,0.6756740212440491,0.4621885120868683,0.4621885120868683,33.99014100000386,21.770725000010316,real_npy,0,1
731,/mnt/c/Users/Chirayu/Documents/GitHub/2D-to-3D-image-reconstruction/facescape_224/fsmview_trainset_1_3_mouth_stretch_15.jpg,0.10148098319768906,0.10372640937566757,0.0022454261779785156,7.732823811471462,0.68468177318573,0.48174139857292175,0.48174139857292175,23.6613380000108,27.128534999974363,real_npy,0,1
732,/mnt/c/Users/Chirayu/Documents/GitHub/2D-to-3D-image-reconstruction/facescape_224/fsmview_trainset_1_15_lip_roll_52.jpg,0.12434449046850204,0.1241229847073555,-0.0002215057611465454,8.211074694991112,0.739999532699585,0.3119288980960846,0.3119288980960846,25.781296000104703,20.664770999928805,real_npy,0,1
733,/mnt/c/Users/Chirayu/Documents/GitHub/2D-to-3D-image-reconstruction/facescape_224/fsmview_trainset_19_16_grin_4.jpg,0.07553508877754211,0.08873564004898071,0.013200551271438599,8.398499730974436,0.6934860944747925,0.21181635558605194,0.21181635558605194,20.607899999959045,22.559082000043418,real_npy,0,1
734,/mnt/c/Users/Chirayu/Documents/GitHub/2D-to-3D-image-reconstruction/facescape_224/fsmview_trainset_18_14_sadness_45.jpg,0.10799851268529892,0.13923639059066772,0.031237877905368805,9.773448018357158,0.7905536890029907,0.46648940443992615,0.46648940443992615,22.150747000068804,20.459642999981043,real_npy,0,1
735,/mnt/c/Users/Chirayu/Documents/GitHub/2D-to-3D-image-reconstruction/facescape_224/fsmview_trainset_15_18_eye_closed_16.jpg,0.21692821383476257,1.3415237665176392,1.1245955526828766,23.678586591035128,2.3343982696533203,0.48660483956336975,0.48660483956336975,21.891002999950615,29.268086999991283,real_npy,0,1
736,/mnt/c/Users/Chirayu/Documents/GitHub/2D-to-3D-image-reconstruction/facescape_224/fsmview_trainset_8_9_mouth_right_29.jpg,0.06245606020092964,0.06566383689641953,0.0032077766954898834,8.130218617618084,0.6693878173828125,0.3482059836387634,0.3482059836387634,22.09819500001231,22.27104700000382,real_npy,0,1
737,/mnt/c/Users/Chirayu/Documents/GitHub/2D-to-3D-image-reconstruction/facescape_224/fsmview_trainset_18_11_chin_raiser_18.jpg,0.3265129625797272,0.32413890957832336,-0.0023740530014038086,7.152113374322653,0.6327693462371826,0.5224876403808594,0.5224876403808594,20.502505000081328,19.811766999964675,real_npy,0,1
738,/mnt/c/Users/Chirayu/Documents/GitHub/2D-to-3D-image-reconstruction/facescape_224/fsmview_trainset_8_20_brow_lower_25.jpg,0.050731975585222244,0.050203029066324234,-0.0005289465188980103,7.994249194860458,0.7108339071273804,0.3684101104736328,0.3684101104736328,23.413040000036744,21.406740999964313,real_npy,0,1
739,/mnt/c/Users/Chirayu/Documents/GitHub/2D-to-3D-image-reconstruction/facescape_224/fsmview_trainset_10_5_jaw_left_44.jpg,0.11052203178405762,0.10199250280857086,-0.008529528975486755,7.757486179471016,0.6350298523902893,0.462413489818573,0.462413489818573,23.71278100008567,22.289664000027187,real_npy,0,1
740,/mnt/c/Users/Chirayu/Documents/GitHub/2D-to-3D-image-reconstruction/facescape_224/fsmview_trainset_6_8_mouth_left_5.jpg,0.034394387155771255,106.67882537841797,106.6444309912622,198.03668761253357,126.31702423095703,0.36663028597831726,0.36663028597831726,22.02768899996954,20.26979400000073,real_npy,1,1
741,/mnt/c/Users/Chirayu/Documents/GitHub/2D-to-3D-image-reconstruction/facescape_224/fsmview_trainset_7_11_chin_raiser_27.jpg,0.05107469856739044,6.695555210113525,6.644480511546135,53.86133570969105,7.941429615020752,0.3602512776851654,0.3602512776851654,22.500715999967724,20.8396210000501,real_npy,1,1
742,/mnt/c/Users/Chirayu/Documents/GitHub/2D-to-3D-image-reconstruction/facescape_224/fsmview_trainset_2_9_mouth_right_49.jpg,0.5059736967086792,0.48856908082962036,-0.017404615879058838,6.8476391434669495,0.5939791798591614,0.45768558979034424,0.45768558979034424,20.74035099997218,19.59636699996281,real_npy,0,1
743,/mnt/c/Users/Chirayu/Documents/GitHub/2D-to-3D-image-reconstruction/facescape_224/fsmview_trainset_16_5_jaw_left_5.jpg,0.04924742504954338,0.053881749510765076,0.004634324461221695,7.743902571499348,0.6670677065849304,0.3032377362251282,0.3032377362251282,23.373739000021487,22.68544399998973,real_npy,0,1
744,/mnt/c/Users/Chirayu/Documents/GitHub/2D-to-3D-image-reconstruction/facescape_224/fsmview_trainset_7_19_brow_raiser_5.jpg,0.039472080767154694,0.037398967891931534,-0.00207311287522316,7.6563451718539,0.6585386991500854,0.38517287373542786,0.38517287373542786,23.404177999964304,21.02737799998522,real_npy,0,1
745,/mnt/c/Users/Chirayu/Documents/GitHub/2D-to-3D-image-reconstruction/facescape_224/fsmview_trainset_18_17_cheek_blowing_9.jpg,0.05386284366250038,0.058829165995121,0.004966322332620621,8.345614194869995,0.722438633441925,0.3288955092430115,0.3288955092430115,68.38833200004046,22.536846999969384,real_npy,0,1
746,/mnt/c/Users/Chirayu/Documents/GitHub/2D-to-3D-image-reconstruction/facescape_224/fsmview_trainset_13_19_brow_raiser_30.jpg,0.06572768837213516,0.07970049977302551,0.01397281140089035,8.973387312144041,0.7422807216644287,0.29883304238319397,0.29883304238319397,21.02688799993757,28.473203999965335,real_npy,0,1
747,/mnt/c/Users/Chirayu/Documents/GitHub/2D-to-3D-image-reconstruction/facescape_224/fsmview_trainset_20_13_lip_funneler_20.jpg,0.2452591210603714,0.26171061396598816,0.01645149290561676,7.635631177574396,0.644394040107727,0.3514942526817322,0.3514942526817322,23.346174000039355,21.137044999932186,real_npy,0,1
748,/mnt/c/Users/Chirayu/Documents/GitHub/2D-to-3D-image-reconstruction/facescape_224/fsmview_trainset_6_8_mouth_left_35.jpg,0.03686050698161125,0.9839184880256653,0.947057981044054,18.81140934675932,1.780815839767456,0.3748590648174286,0.3748590648174286,22.54158199991707,26.275070999986383,real_npy,0,1
749,/mnt/c/Users/Chirayu/Documents/GitHub/2D-to-3D-image-reconstruction/facescape_224/fsmview_trainset_1_2_smile_35.jpg,0.05110839009284973,0.04641088470816612,-0.004697505384683609,8.336758956313133,0.7225839495658875,0.3792344629764557,0.3792344629764557,20.95624899993709,20.89622899995902,real_npy,0,1
750,/mnt/c/Users/Chirayu/Documents/GitHub/2D-to-3D-image-reconstruction/facescape_224/fsmview_trainset_13_15_lip_roll_29.jpg,0.04220474883913994,0.04910888895392418,0.006904140114784241,8.070723753422499,0.6328800320625305,0.36408570408821106,0.36408570408821106,39.49258700004066,21.068552999963686,real_npy,0,1
751,/mnt/c/Users/Chirayu/Documents/GitHub/2D-to-3D-image-reconstruction/facescape_224/fsmview_trainset_16_4_anger_42.jpg,0.06807605177164078,0.08010557293891907,0.01202952116727829,7.73151957988739,0.7217637300491333,0.4344162046909332,0.4344162046909332,20.76309099993523,32.282748999932664,real_npy,0,1
752,/mnt/c/Users/Chirayu/Documents/GitHub/2D-to-3D-image-reconstruction/facescape_224/fsmview_trainset_4_2_smile_50.jpg,0.04444299638271332,0.12388180196285248,0.07943880558013916,7.44020427390933,0.6547287106513977,0.3279253840446472,0.3279253840446472,22.807552000017495,19.653587999982847,real_npy,0,1
753,/mnt/c/Users/Chirayu/Documents/GitHub/2D-to-3D-image-reconstruction/facescape_224/fsmview_trainset_14_2_smile_9.jpg,0.17113523185253143,0.16002769768238068,-0.011107534170150757,7.908906642347574,0.7677984237670898,0.5380061268806458,0.5380061268806458,21.51763800009121,20.837335999999596,real_npy,0,1
754,/mnt/c/Users/Chirayu/Documents/GitHub/2D-to-3D-image-reconstruction/facescape_224/fsmview_trainset_16_17_cheek_blowing_39.jpg,0.08727306872606277,0.09904447942972183,0.011771410703659058,8.620052695274353,0.6997731924057007,0.434609055519104,0.434609055519104,22.446857999966596,21.6283670000621,real_npy,0,1
755,/mnt/c/Users/Chirayu/Documents/GitHub/2D-to-3D-image-reconstruction/facescape_224/fsmview_trainset_5_18_eye_closed_31.jpg,0.049514446407556534,0.0524296835064888,0.0029152370989322662,8.509437140077353,0.7062556147575378,0.44612976908683777,0.44612976908683777,22.246697000014137,26.268677000075513,real_npy,0,1
756,/mnt/c/Users/Chirayu/Documents/GitHub/2D-to-3D-image-reconstruction/facescape_224/fsmview_trainset_7_2_smile_19.jpg,0.034910138696432114,0.037037406116724014,0.0021272674202919006,8.695279128849506,0.7138088345527649,0.38084617257118225,0.38084617257118225,21.799653999892143,20.40884999996706,real_npy,0,1
757,/mnt/c/Users/Chirayu/Documents/GitHub/2D-to-3D-image-reconstruction/facescape_224/fsmview_trainset_9_3_mouth_stretch_25.jpg,0.03576214984059334,0.03689619526267052,0.001134045422077179,6.881363905966282,0.6856313943862915,0.2901475429534912,0.2901475429534912,20.282073999965178,19.308371999954943,real_npy,0,1
758,/mnt/c/Users/Chirayu/Documents/GitHub/2D-to-3D-image-reconstruction/facescape_224/fsmview_trainset_1_3_mouth_stretch_35.jpg,0.04383057728409767,1898.063232421875,1898.019401844591,796.989985704422,2153.84228515625,0.36652398109436035,0.36652398109436035,20.579987000019173,29.238917999919067,real_npy,1,1
759,/mnt/c/Users/Chirayu/Documents/GitHub/2D-to-3D-image-reconstruction/facescape_224/fsmview_trainset_19_18_eye_closed_45.jpg,0.18600578606128693,0.20623540878295898,0.020229622721672058,9.147836165502667,0.7582084536552429,0.36949172616004944,0.36949172616004944,39.583262999940416,37.87755400003334,real_npy,0,1
760,/mnt/c/Users/Chirayu/Documents/GitHub/2D-to-3D-image-reconstruction/facescape_224/fsmview_trainset_9_16_grin_44.jpg,0.17713510990142822,0.173502579331398,-0.0036325305700302124,8.275732234120369,0.7638565301895142,0.4131529927253723,0.4131529927253723,23.004710000009254,20.627943000022242,real_npy,0,1
761,/mnt/c/Users/Chirayu/Documents/GitHub/2D-to-3D-image-reconstruction/facescape_224/fsmview_trainset_9_3_mouth_stretch_47.jpg,0.09896785765886307,0.11129426956176758,0.01232641190290451,8.795119190588593,0.7198454141616821,0.45704323053359985,0.45704323053359985,22.570359000042117,21.54779900001813,real_npy,0,1
762,/mnt/c/Users/Chirayu/Documents/GitHub/2D-to-3D-image-reconstruction/facescape_224/fsmview_trainset_11_1_neutral_28.jpg,0.11411405354738235,0.12013812363147736,0.006024070084095001,8.89553091302514,0.7108851671218872,0.5702133774757385,0.5702133774757385,22.080354999957308,20.398045999968417,real_npy,0,1
763,/mnt/c/Users/Chirayu/Documents/GitHub/2D-to-3D-image-reconstruction/facescape_224/fsmview_trainset_2_5_jaw_left_57.jpg,0.6715406179428101,0.7014369368553162,0.029896318912506104,7.410178439691663,0.629976212978363,0.41581279039382935,0.41581279039382935,21.748768999941603,23.04083100000298,real_npy,0,1
764,/mnt/c/Users/Chirayu/Documents/GitHub/2D-to-3D-image-reconstruction/facescape_224/fsmview_trainset_1_4_anger_46.jpg,0.04467271268367767,161.57196044921875,161.52728773653507,233.71331298351288,215.1555633544922,0.3540792763233185,0.3540792763233185,24.930105999942498,20.151740000073914,real_npy,1,1
765,/mnt/c/Users/Chirayu/Documents/GitHub/2D-to-3D-image-reconstruction/facescape_224/fsmview_trainset_2_18_eye_closed_29.jpg,0.10334775596857071,0.12932424247264862,0.02597648650407791,8.572240773588419,0.7016361355781555,0.3376842737197876,0.3376842737197876,25.657106999915413,21.94581100002324,real_npy,0,1
766,/mnt/c/Users/Chirayu/Documents/GitHub/2D-to-3D-image-reconstruction/facescape_224/fsmview_trainset_13_3_mouth_stretch_53.jpg,0.051140617579221725,0.05337860435247421,0.002237986773252487,7.81239643227309,0.682013213634491,0.33256393671035767,0.33256393671035767,21.608773000025394,20.432179000067663,real_npy,0,1
767,/mnt/c/Users/Chirayu/Documents/GitHub/2D-to-3D-image-reconstruction/facescape_224/fsmview_trainset_19_9_mouth_right_24.jpg,0.05661226436495781,0.06240752339363098,0.005795259028673172,9.358730548992753,0.7897892594337463,0.3574247360229492,0.3574247360229492,20.48962499998197,32.86329699994894,real_npy,0,1
768,/mnt/c/Users/Chirayu/Documents/GitHub/2D-to-3D-image-reconstruction/facescape_224/fsmview_trainset_7_11_chin_raiser_54.jpg,0.064029760658741,0.06375419348478317,-0.0002755671739578247,8.010053407400846,0.6987636685371399,0.417485773563385,0.417485773563385,22.98959699999159,20.701915000017834,real_npy,0,1
769,/mnt/c/Users/Chirayu/Documents/GitHub/2D-to-3D-image-reconstruction/facescape_224/fsmview_trainset_7_11_chin_raiser_5.jpg,0.03669489547610283,0.03696377947926521,0.00026888400316238403,8.062593787908554,0.6662750840187073,0.3535841405391693,0.3535841405391693,21.715476000053968,20.44670899999801,real_npy,0,1
770,/mnt/c/Users/Chirayu/Documents/GitHub/2D-to-3D-image-reconstruction/facescape_224/fsmview_trainset_7_7_jaw_forward_34.jpg,0.06423415243625641,3.0667614936828613,3.002527341246605,35.488511353731155,4.455430507659912,0.4486370384693146,0.4486370384693146,33.75202799998078,59.75969299993267,real_npy,1,1
771,/mnt/c/Users/Chirayu/Documents/GitHub/2D-to-3D-image-reconstruction/facescape_224/fsmview_trainset_11_5_jaw_left_29.jpg,0.28685081005096436,262.7005310058594,262.4136801958084,306.53305208683014,291.1376647949219,0.44208765029907227,0.44208765029907227,20.826452999926914,18.731423999952312,real_npy,1,1
772,/mnt/c/Users/Chirayu/Documents/GitHub/2D-to-3D-image-reconstruction/facescape_224/fsmview_trainset_6_8_mouth_left_39.jpg,0.06762360781431198,0.06632383167743683,-0.0012997761368751526,8.445134788751602,0.7180617451667786,0.31498438119888306,0.31498438119888306,21.607463000009375,21.398234000002958,real_npy,0,1
773,/mnt/c/Users/Chirayu/Documents/GitHub/2D-to-3D-image-reconstruction/facescape_224/fsmview_trainset_13_8_mouth_left_38.jpg,0.10699017345905304,0.09815574437379837,-0.00883442908525467,7.448789183050394,0.6479461789131165,0.4103967547416687,0.4103967547416687,23.43880499995521,22.985273000017514,real_npy,0,1
774,/mnt/c/Users/Chirayu/Documents/GitHub/2D-to-3D-image-reconstruction/facescape_224/fsmview_trainset_20_16_grin_11.jpg,0.08293937146663666,3.88018536567688,3.7972459942102432,42.27729186415672,5.274375915527344,0.5406946539878845,0.5406946539878845,54.77711499997895,34.29763700000876,real_npy,1,1
775,/mnt/c/Users/Chirayu/Documents/GitHub/2D-to-3D-image-reconstruction/facescape_224/fsmview_trainset_12_8_mouth_left_25.jpg,0.03218802437186241,9.517574310302734,9.485386285930872,67.58618342876434,10.654963493347168,0.48155808448791504,0.48155808448791504,22.7170880000358,18.474923999974635,real_npy,1,1
776,/mnt/c/Users/Chirayu/Documents/GitHub/2D-to-3D-image-reconstruction/facescape_224/fsmview_trainset_3_11_chin_raiser_35.jpg,0.039287880063056946,0.04050366207957268,0.0012157820165157318,7.99929091706872,0.638515830039978,0.4249761998653412,0.4249761998653412,22.393791000013152,21.74554500004433,real_npy,0,1
777,/mnt/c/Users/Chirayu/Documents/GitHub/2D-to-3D-image-reconstruction/facescape_224/fsmview_trainset_9_11_chin_raiser_17.jpg,0.047870706766843796,0.04875537380576134,0.0008846670389175415,8.66031969198957,0.7102667093276978,0.29898807406425476,0.29898807406425476,46.644733999983146,21.317747000011877,real_npy,0,1
778,/mnt/c/Users/Chirayu/Documents/GitHub/2D-to-3D-image-reconstruction/facescape_224/fsmview_trainset_12_20_brow_lower_13.jpg,0.03217432647943497,15.858007431030273,15.825833104550838,86.06971175968647,17.157915115356445,0.4750092625617981,0.4750092625617981,20.83686100002069,19.387298999959057,real_npy,1,1
779,/mnt/c/Users/Chirayu/Documents/GitHub/2D-to-3D-image-reconstruction/facescape_224/fsmview_trainset_9_12_lip_puckerer_17.jpg,0.036663103848695755,52.80838394165039,52.771720837801695,147.24300214648247,56.66311264038086,0.3093951344490051,0.3093951344490051,21.966620999933184,21.343465999962064,real_npy,1,1
780,/mnt/c/Users/Chirayu/Documents/GitHub/2D-to-3D-image-reconstruction/facescape_224/fsmview_trainset_11_9_mouth_right_30.jpg,0.03875741735100746,217.97312927246094,217.93437185510993,278.85636073350906,270.7198791503906,0.4802728593349457,0.4802728593349457,22.62059200006661,19.961252000030072,real_npy,1,1
781,/mnt/c/Users/Chirayu/Documents/GitHub/2D-to-3D-image-reconstruction/facescape_224/fsmview_trainset_4_18_eye_closed_0.jpg,0.16210037469863892,0.1740013062953949,0.011900931596755981,8.139615722000599,0.6961612105369568,0.26896488666534424,0.26896488666534424,23.695191000001614,22.38502700004119,real_npy,0,1
782,/mnt/c/Users/Chirayu/Documents/GitHub/2D-to-3D-image-reconstruction/facescape_224/fsmview_trainset_14_20_brow_lower_56.jpg,0.05627744272351265,0.04982089251279831,-0.00645655021071434,8.015623446553946,0.7496272921562195,0.3559594750404358,0.3559594750404358,57.73199899999781,28.641070999924523,real_npy,0,1
783,/mnt/c/Users/Chirayu/Documents/GitHub/2D-to-3D-image-reconstruction/facescape_224/fsmview_trainset_20_17_cheek_blowing_10.jpg,0.08142831921577454,6.726781845092773,6.645353525876999,56.025840401649475,8.41600227355957,0.49489882588386536,0.49489882588386536,23.313007000069774,19.137878000037745,real_npy,1,1
784,/mnt/c/Users/Chirayu/Documents/GitHub/2D-to-3D-image-reconstruction/facescape_224/fsmview_trainset_17_3_mouth_stretch_36.jpg,0.2166408896446228,0.22897979617118835,0.012338906526565552,7.679662100970745,0.6531924605369568,0.34991225600242615,0.34991225600242615,21.027408000009018,21.20804000003318,real_npy,0,1
785,/mnt/c/Users/Chirayu/Documents/GitHub/2D-to-3D-image-reconstruction/facescape_224/fsmview_trainset_19_18_eye_closed_47.jpg,0.05507408082485199,0.05560106411576271,0.0005269832909107208,8.827457375824451,0.7071303725242615,0.3438256084918976,0.3438256084918976,22.56936699996004,22.61628999997356,real_npy,0,1
786,/mnt/c/Users/Chirayu/Documents/GitHub/2D-to-3D-image-reconstruction/facescape_224/fsmview_trainset_2_8_mouth_left_26.jpg,0.0369965061545372,0.7478222250938416,0.7108257189393044,18.627709362655878,1.6916671991348267,0.343899667263031,0.343899667263031,22.653741999988597,24.734307000016997,real_npy,0,1
787,/mnt/c/Users/Chirayu/Documents/GitHub/2D-to-3D-image-reconstruction/facescape_224/fsmview_trainset_19_18_eye_closed_48.jpg,0.06749755144119263,0.07543479651212692,0.007937245070934296,8.311772182583809,0.7165637612342834,0.3252069652080536,0.3252069652080536,34.06661399992572,22.628229999895666,real_npy,0,1
788,/mnt/c/Users/Chirayu/Documents/GitHub/2D-to-3D-image-reconstruction/facescape_224/fsmview_trainset_12_7_jaw_forward_28.jpg,0.04975013807415962,0.0641799122095108,0.014429774135351181,9.003313828259706,0.7386932373046875,0.4929535388946533,0.4929535388946533,20.679287000007207,24.011694000023454,real_npy,0,1
789,/mnt/c/Users/Chirayu/Documents/GitHub/2D-to-3D-image-reconstruction/facescape_224/fsmview_trainset_2_20_brow_lower_4.jpg,0.18829719722270966,0.18762503564357758,-0.0006721615791320801,8.990449875593185,0.7247137427330017,0.46353235840797424,0.46353235840797424,49.36008100003164,23.07092000000921,real_npy,0,1
790,/mnt/c/Users/Chirayu/Documents/GitHub/2D-to-3D-image-reconstruction/facescape_224/fsmview_trainset_2_10_dimpler_48.jpg,0.16346608102321625,0.17533327639102936,0.01186719536781311,9.219952583312988,0.7748405337333679,0.49096736311912537,0.49096736311912537,48.69541499999741,24.375239999926634,real_npy,0,1
791,/mnt/c/Users/Chirayu/Documents/GitHub/2D-to-3D-image-reconstruction/facescape_224/fsmview_trainset_3_5_jaw_left_19.jpg,0.05362478271126747,0.05583137646317482,0.0022065937519073486,8.40807642089203,0.6860640048980713,0.39582669734954834,0.39582669734954834,85.2620199999592,20.462261000034232,real_npy,0,1
792,/mnt/c/Users/Chirayu/Documents/GitHub/2D-to-3D-image-reconstruction/facescape_224/fsmview_trainset_1_15_lip_roll_22.jpg,0.03469100594520569,529.6234130859375,529.5887220799923,435.9927531480789,597.353759765625,0.3719750940799713,0.3719750940799713,22.061444999962987,29.476954999950067,real_npy,1,1
793,/mnt/c/Users/Chirayu/Documents/GitHub/2D-to-3D-image-reconstruction/facescape_224/fsmview_trainset_2_1_neutral_20.jpg,0.06881863623857498,0.08139846473932266,0.01257982850074768,9.649472216144204,0.7821123600006104,0.4262562394142151,0.4262562394142151,22.861952999960522,21.13459999998213,real_npy,0,1
794,/mnt/c/Users/Chirayu/Documents/GitHub/2D-to-3D-image-reconstruction/facescape_224/fsmview_trainset_16_7_jaw_forward_20.jpg,0.05548864230513573,0.0551644042134285,-0.0003242380917072296,8.72641159594059,0.7344152331352234,0.37862852215766907,0.37862852215766907,21.17038800008686,21.06577400002152,real_npy,0,1
795,/mnt/c/Users/Chirayu/Documents/GitHub/2D-to-3D-image-reconstruction/facescape_224/fsmview_trainset_3_3_mouth_stretch_9.jpg,0.04480331763625145,0.04600470885634422,0.0012013912200927734,7.600242808461189,0.7078880071640015,0.36929386854171753,0.36929386854171753,53.871795999953065,61.26030799998716,real_npy,0,1
796,/mnt/c/Users/Chirayu/Documents/GitHub/2D-to-3D-image-reconstruction/facescape_224/fsmview_trainset_3_10_dimpler_3.jpg,0.04803762212395668,0.0446840263903141,-0.003353595733642578,7.423532351851463,0.6537958979606628,0.3729389011859894,0.3729389011859894,25.4025219999221,21.048061999977108,real_npy,0,1
797,/mnt/c/Users/Chirayu/Documents/GitHub/2D-to-3D-image-reconstruction/facescape_224/fsmview_trainset_16_18_eye_closed_9.jpg,0.04439227655529976,0.05082852020859718,0.006436243653297424,8.4124411419034,0.739510178565979,0.33470407128334045,0.33470407128334045,30.976287000044067,68.266374000018,real_npy,0,1
798,/mnt/c/Users/Chirayu/Documents/GitHub/2D-to-3D-image-reconstruction/facescape_224/fsmview_trainset_6_5_jaw_left_36.jpg,0.13020116090774536,0.1420600712299347,0.011858910322189331,7.537167422473431,0.692012369632721,0.31715142726898193,0.31715142726898193,79.98567300001014,21.98964399997294,real_npy,0,1
799,/mnt/c/Users/Chirayu/Documents/GitHub/2D-to-3D-image-reconstruction/facescape_224/fsmview_trainset_13_19_brow_raiser_14.jpg,0.06646662950515747,0.06732700765132904,0.0008603781461715698,9.155674999579787,0.783972442150116,0.46205028891563416,0.46205028891563416,21.952844999987065,67.47536199998194,real_npy,0,1
800,/mnt/c/Users/Chirayu/Documents/GitHub/2D-to-3D-image-reconstruction/facescape_224/fsmview_trainset_12_9_mouth_right_6.jpg,0.06265007704496384,0.06521465629339218,0.0025645792484283447,8.681695982813835,0.7299742698669434,0.5988399982452393,0.5988399982452393,23.44391999997697,20.107427999960237,real_npy,0,1
801,/mnt/c/Users/Chirayu/Documents/GitHub/2D-to-3D-image-reconstruction/facescape_224/fsmview_trainset_3_10_dimpler_33.jpg,0.20015354454517365,0.21846403181552887,0.018310487270355225,6.667510911822319,0.6521432399749756,0.5181901454925537,0.5181901454925537,21.111855999947693,19.683073000010154,real_npy,0,1
802,/mnt/c/Users/Chirayu/Documents/GitHub/2D-to-3D-image-reconstruction/facescape_224/fsmview_trainset_8_19_brow_raiser_15.jpg,0.14069543778896332,0.14766272902488708,0.006967291235923767,8.050707936286926,0.6655713319778442,0.40599364042282104,0.40599364042282104,54.03015900003538,20.405953000022237,real_npy,0,1
803,/mnt/c/Users/Chirayu/Documents/GitHub/2D-to-3D-image-reconstruction/facescape_224/fsmview_trainset_5_17_cheek_blowing_23.jpg,0.036536090075969696,200.50634765625,200.46981156617403,264.6250061392784,261.0600891113281,0.3428521752357483,0.3428521752357483,49.96511499996359,32.89338900003713,real_npy,1,1
804,/mnt/c/Users/Chirayu/Documents/GitHub/2D-to-3D-image-reconstruction/facescape_224/fsmview_trainset_9_7_jaw_forward_23.jpg,0.03897542133927345,139.041015625,139.00204020366073,220.66243451833725,184.3327178955078,0.31111472845077515,0.31111472845077515,37.71617299992158,24.435981000010543,real_npy,1,1
805,/mnt/c/Users/Chirayu/Documents/GitHub/2D-to-3D-image-reconstruction/facescape_224/fsmview_trainset_18_7_jaw_forward_54.jpg,0.070157989859581,0.06873992085456848,-0.0014180690050125122,8.232831738889217,0.7197062969207764,0.3733169436454773,0.3733169436454773,21.112954000045647,21.573914999976296,real_npy,0,1
806,/mnt/c/Users/Chirayu/Documents/GitHub/2D-to-3D-image-reconstruction/facescape_224/fsmview_trainset_6_12_lip_puckerer_55.jpg,0.06159280240535736,0.06541331857442856,0.0038205161690711975,8.368713106960058,0.7160759568214417,0.397098571062088,0.397098571062088,24.41980399999011,21.565867999925104,real_npy,0,1
807,/mnt/c/Users/Chirayu/Documents/GitHub/2D-to-3D-image-reconstruction/facescape_224/fsmview_trainset_8_14_sadness_2.jpg,0.05333581939339638,0.05114531144499779,-0.00219050794839859,7.679269753396511,0.6801079511642456,0.27665093541145325,0.27665093541145325,110.96794299999146,31.522589000019252,real_npy,0,1
808,/mnt/c/Users/Chirayu/Documents/GitHub/2D-to-3D-image-reconstruction/facescape_224/fsmview_trainset_20_1_neutral_43.jpg,0.07922305911779404,0.08341613411903381,0.004193075001239777,8.327087640762329,0.6990236043930054,0.5506426095962524,0.5506426095962524,24.37927700009368,20.741954999948575,real_npy,0,1
809,/mnt/c/Users/Chirayu/Documents/GitHub/2D-to-3D-image-reconstruction/facescape_224/fsmview_trainset_19_6_jaw_right_37.jpg,0.13717316091060638,0.18568457663059235,0.04851141571998596,9.471093311905861,0.7686571478843689,0.4060257375240326,0.4060257375240326,22.409018999951513,21.636202999957277,real_npy,0,1
810,/mnt/c/Users/Chirayu/Documents/GitHub/2D-to-3D-image-reconstruction/facescape_224/fsmview_trainset_6_3_mouth_stretch_46.jpg,0.12180064618587494,0.11491788178682327,-0.006882764399051666,8.123047843575478,0.7510283589363098,0.3971138298511505,0.3971138298511505,32.80685999993693,21.11282199996367,real_npy,0,1
811,/mnt/c/Users/Chirayu/Documents/GitHub/2D-to-3D-image-reconstruction/facescape_224/fsmview_trainset_7_6_jaw_right_5.jpg,0.04107983782887459,0.03512699529528618,-0.005952842533588409,7.869998350739479,0.6707263588905334,0.3494514226913452,0.3494514226913452,21.498272000030738,21.289593999995304,real_npy,0,1
812,/mnt/c/Users/Chirayu/Documents/GitHub/2D-to-3D-image-reconstruction/facescape_224/fsmview_trainset_18_15_lip_roll_5.jpg,0.042055822908878326,0.15661625564098358,0.11456043273210526,9.219538290053606,0.9221708178520203,0.338261216878891,0.338261216878891,21.689250999997967,22.831790000054752,real_npy,0,1
813,/mnt/c/Users/Chirayu/Documents/GitHub/2D-to-3D-image-reconstruction/facescape_224/fsmview_trainset_13_6_jaw_right_19.jpg,0.14167219400405884,0.14990553259849548,0.008233338594436646,8.116372279822826,0.6611039042472839,0.32488134503364563,0.32488134503364563,109.58280399995601,20.59678500006612,real_npy,0,1
814,/mnt/c/Users/Chirayu/Documents/GitHub/2D-to-3D-image-reconstruction/facescape_224/fsmview_trainset_11_8_mouth_left_39.jpg,0.2814788818359375,0.2789576053619385,-0.0025212764739990234,7.984412968158722,0.728469967842102,0.5550031661987305,0.5550031661987305,21.873217999996086,21.281980000026124,real_npy,0,1
815,/mnt/c/Users/Chirayu/Documents/GitHub/2D-to-3D-image-reconstruction/facescape_224/fsmview_trainset_14_19_brow_raiser_26.jpg,0.04670776426792145,7.982738018035889,7.936030253767967,61.71749420464039,9.364748001098633,0.4956153333187103,0.4956153333187103,22.269206000032682,32.00844599996344,real_npy,1,1
816,/mnt/c/Users/Chirayu/Documents/GitHub/2D-to-3D-image-reconstruction/facescape_224/fsmview_trainset_8_1_neutral_55.jpg,0.04931316524744034,0.05426967144012451,0.004956506192684174,7.854773104190826,0.7127124667167664,0.2679924964904785,0.2679924964904785,23.200202999987596,22.78925399991749,real_npy,0,1
817,/mnt/c/Users/Chirayu/Documents/GitHub/2D-to-3D-image-reconstruction/facescape_224/fsmview_trainset_19_4_anger_44.jpg,0.6582677364349365,0.5790876746177673,-0.07918006181716919,7.643798638135195,0.7137410044670105,0.44136425852775574,0.44136425852775574,20.278174999930343,20.4394529999945,real_npy,0,1
818,/mnt/c/Users/Chirayu/Documents/GitHub/2D-to-3D-image-reconstruction/facescape_224/fsmview_trainset_12_18_eye_closed_16.jpg,0.050543252378702164,0.04670966789126396,-0.003833584487438202,8.930266821756959,0.7386350631713867,0.5039554834365845,0.5039554834365845,32.53368900004716,21.106834999955026,real_npy,0,1
819,/mnt/c/Users/Chirayu/Documents/GitHub/2D-to-3D-image-reconstruction/facescape_224/fsmview_trainset_12_13_lip_funneler_26.jpg,0.5272365212440491,0.49257901310920715,-0.03465750813484192,7.681377869099379,0.6933370232582092,0.5514529347419739,0.5514529347419739,21.493009999971946,35.94197500001428,template_fallback,0,1
820,/mnt/c/Users/Chirayu/Documents/GitHub/2D-to-3D-image-reconstruction/facescape_224/fsmview_trainset_3_18_eye_closed_7.jpg,0.06460585445165634,0.07567603141069412,0.01107017695903778,8.347887206822634,0.7108055353164673,0.29073479771614075,0.29073479771614075,23.21228499999961,22.86968800001432,real_npy,0,1
821,/mnt/c/Users/Chirayu/Documents/GitHub/2D-to-3D-image-reconstruction/facescape_224/fsmview_trainset_4_7_jaw_forward_49.jpg,0.08304152637720108,0.0891609862446785,0.006119459867477417,8.133586548268795,0.7766113877296448,0.30279919505119324,0.30279919505119324,22.18550299994604,21.104011999909744,real_npy,0,1
822,/mnt/c/Users/Chirayu/Documents/GitHub/2D-to-3D-image-reconstruction/facescape_224/fsmview_trainset_13_15_lip_roll_2.jpg,1.1470696926116943,1.104222297668457,-0.042847394943237305,6.318672738969326,0.6595523357391357,0.35604485869407654,0.35604485869407654,61.61829799998486,20.40911500000675,real_npy,0,0
823,/mnt/c/Users/Chirayu/Documents/GitHub/2D-to-3D-image-reconstruction/facescape_224/fsmview_trainset_2_8_mouth_left_1.jpg,0.19661547243595123,0.18852390348911285,-0.008091568946838379,8.080957666039467,0.6964403390884399,0.49299007654190063,0.49299007654190063,21.942981999927724,19.953888999907576,real_npy,0,1
824,/mnt/c/Users/Chirayu/Documents/GitHub/2D-to-3D-image-reconstruction/facescape_224/fsmview_trainset_2_12_lip_puckerer_39.jpg,0.11298488080501556,0.11674732714891434,0.003762446343898773,8.10002102702856,0.710002601146698,0.43704965710639954,0.43704965710639954,23.673669999993763,52.91934299998502,real_npy,0,1
825,/mnt/c/Users/Chirayu/Documents/GitHub/2D-to-3D-image-reconstruction/facescape_224/fsmview_trainset_4_1_neutral_52.jpg,0.037605542689561844,0.03806306794285774,0.00045752525329589844,9.03525918489322,0.7635788321495056,0.21823973953723907,0.21823973953723907,22.623783999961233,29.788506000045345,real_npy,0,1
826,/mnt/c/Users/Chirayu/Documents/GitHub/2D-to-3D-image-reconstruction/facescape_224/fsmview_trainset_11_5_jaw_left_62.jpg,0.47008946537971497,0.4784986972808838,0.008409231901168823,8.224109221249819,0.7658653259277344,0.5306856036186218,0.5306856036186218,31.480740000006335,20.127219999949375,real_npy,0,1
827,/mnt/c/Users/Chirayu/Documents/GitHub/2D-to-3D-image-reconstruction/facescape_224/fsmview_trainset_10_8_mouth_left_4.jpg,0.04280177131295204,0.04814866557717323,0.005346894264221191,7.584809273481369,0.6490936875343323,0.22105072438716888,0.22105072438716888,32.425170999999864,36.12930999997843,real_npy,0,1
828,/mnt/c/Users/Chirayu/Documents/GitHub/2D-to-3D-image-reconstruction/facescape_224/fsmview_trainset_3_8_mouth_left_12.jpg,0.09117378294467926,0.11798429489135742,0.02681051194667816,7.82060169428587,0.697224497795105,0.24961692094802856,0.24961692094802856,21.752424999931463,21.579562000056285,real_npy,0,1
829,/mnt/c/Users/Chirayu/Documents/GitHub/2D-to-3D-image-reconstruction/facescape_224/fsmview_trainset_19_12_lip_puckerer_11.jpg,0.07279699295759201,0.07666638493537903,0.003869391977787018,8.749271854758263,0.7307466864585876,0.3277492821216583,0.3277492821216583,20.016478999991705,19.1676679999091,real_npy,0,1
830,/mnt/c/Users/Chirayu/Documents/GitHub/2D-to-3D-image-reconstruction/facescape_224/fsmview_trainset_5_7_jaw_forward_2.jpg,0.06331189721822739,0.05914267525076866,-0.004169221967458725,8.639974370598793,0.6857120394706726,0.44452786445617676,0.44452786445617676,21.49487400004091,19.88200899995718,real_npy,0,1
831,/mnt/c/Users/Chirayu/Documents/GitHub/2D-to-3D-image-reconstruction/facescape_224/fsmview_trainset_11_15_lip_roll_45.jpg,0.05724390968680382,7.124520778656006,7.067276868969202,64.80753929913044,10.658313751220703,0.6428841948509216,0.6428841948509216,55.045042999950056,18.338715999902888,real_npy,1,1
832,/mnt/c/Users/Chirayu/Documents/GitHub/2D-to-3D-image-reconstruction/facescape_224/fsmview_trainset_8_5_jaw_left_15.jpg,0.08967070281505585,0.09107337892055511,0.0014026761054992676,7.892652966082096,0.6235922574996948,0.40998750925064087,0.40998750925064087,21.654205000004367,20.796752000023844,real_npy,0,1
833,/mnt/c/Users/Chirayu/Documents/GitHub/2D-to-3D-image-reconstruction/facescape_224/fsmview_trainset_16_3_mouth_stretch_1.jpg,0.028944453224539757,34.22311782836914,34.1941733751446,121.99746784567833,37.0753288269043,0.3042123317718506,0.3042123317718506,36.68464899999435,21.98372499992729,real_npy,1,1
834,/mnt/c/Users/Chirayu/Documents/GitHub/2D-to-3D-image-reconstruction/facescape_224/fsmview_trainset_5_16_grin_19.jpg,0.04296819865703583,0.04696410149335861,0.003995902836322784,8.859697941225022,0.7424408197402954,0.3534547984600067,0.3534547984600067,21.4327039999489,19.508626999936496,real_npy,0,1
835,/mnt/c/Users/Chirayu/Documents/GitHub/2D-to-3D-image-reconstruction/facescape_224/fsmview_trainset_3_4_anger_23.jpg,0.029982702806591988,55.14213943481445,55.11215673200786,149.63634437322617,59.070377349853516,0.33128562569618225,0.33128562569618225,21.498118000067734,19.366455000067617,real_npy,1,1
836,/mnt/c/Users/Chirayu/Documents/GitHub/2D-to-3D-image-reconstruction/facescape_224/fsmview_trainset_13_15_lip_roll_55.jpg,0.07643254101276398,0.09362015128135681,0.017187610268592834,8.162825621664524,0.693548321723938,0.3074433207511902,0.3074433207511902,20.01571700009208,20.35634100002426,real_npy,0,1
837,/mnt/c/Users/Chirayu/Documents/GitHub/2D-to-3D-image-reconstruction/facescape_224/fsmview_trainset_8_11_chin_raiser_9.jpg,0.045009173452854156,0.03912607207894325,-0.005883101373910904,8.10196028277278,0.6628487706184387,0.22955112159252167,0.22955112159252167,22.258890999978576,21.508819000018775,real_npy,0,1
838,/mnt/c/Users/Chirayu/Documents/GitHub/2D-to-3D-image-reconstruction/facescape_224/fsmview_trainset_5_2_smile_11.jpg,0.23861268162727356,5.808076858520508,5.569464176893234,59.6815018504858,8.512687683105469,0.5780972838401794,0.5780972838401794,22.2598929999549,22.09071800007223,real_npy,1,1
839,/mnt/c/Users/Chirayu/Documents/GitHub/2D-to-3D-image-reconstruction/facescape_224/fsmview_trainset_20_10_dimpler_10.jpg,0.08573497831821442,0.4808034300804138,0.3950684517621994,13.140401300042868,1.235472321510315,0.570749044418335,0.570749044418335,22.405779999985498,24.113960000022416,real_npy,0,1
840,/mnt/c/Users/Chirayu/Documents/GitHub/2D-to-3D-image-reconstruction/facescape_224/fsmview_trainset_3_20_brow_lower_7.jpg,0.05329247936606407,0.0684228464961052,0.015130367130041122,8.20421202108264,0.7145183086395264,0.2863719165325165,0.2863719165325165,22.43389299997034,21.236977000057777,real_npy,0,1
841,/mnt/c/Users/Chirayu/Documents/GitHub/2D-to-3D-image-reconstruction/facescape_224/fsmview_trainset_4_19_brow_raiser_19.jpg,0.040165070444345474,0.040423452854156494,0.0002583824098110199,8.935568079352379,0.7353412508964539,0.27928292751312256,0.27928292751312256,20.677684000020236,19.974606000005224,real_npy,0,1
842,/mnt/c/Users/Chirayu/Documents/GitHub/2D-to-3D-image-reconstruction/facescape_224/fsmview_trainset_11_7_jaw_forward_28.jpg,0.0835069790482521,0.08117403835058212,-0.002332940697669983,9.142545118927956,0.7325013875961304,0.5489073991775513,0.5489073991775513,22.226999000054093,20.15643199990791,real_npy,0,1
843,/mnt/c/Users/Chirayu/Documents/GitHub/2D-to-3D-image-reconstruction/facescape_224/fsmview_trainset_13_18_eye_closed_45.jpg,0.06839129328727722,0.070282481610775,0.0018911883234977722,8.402280032634735,0.6941571235656738,0.40348172187805176,0.40348172187805176,20.45608900004936,19.2950490001067,real_npy,0,1
844,/mnt/c/Users/Chirayu/Documents/GitHub/2D-to-3D-image-reconstruction/facescape_224/fsmview_trainset_6_10_dimpler_17.jpg,0.04059906676411629,0.042072225362062454,0.001473158597946167,8.209425834938884,0.6952448487281799,0.3702225387096405,0.3702225387096405,19.59010500002023,21.35501700001896,real_npy,0,1
845,/mnt/c/Users/Chirayu/Documents/GitHub/2D-to-3D-image-reconstruction/facescape_224/fsmview_trainset_2_4_anger_44.jpg,0.5318555235862732,0.5018631815910339,-0.029992341995239258,7.122417964041233,0.6629831790924072,0.49110960960388184,0.49110960960388184,20.070185999998102,21.037568999986433,real_npy,0,1
846,/mnt/c/Users/Chirayu/Documents/GitHub/2D-to-3D-image-reconstruction/facescape_224/fsmview_trainset_13_6_jaw_right_38.jpg,0.051856134086847305,0.05073094367980957,-0.001125190407037735,7.9764991365373135,0.7083288431167603,0.3451143801212311,0.3451143801212311,21.21830700002647,21.11899799990624,real_npy,0,1
847,/mnt/c/Users/Chirayu/Documents/GitHub/2D-to-3D-image-reconstruction/facescape_224/fsmview_trainset_11_1_neutral_66.jpg,0.2429751306772232,0.23596236109733582,-0.00701276957988739,7.622955031692982,0.6432148218154907,0.5062687397003174,0.5062687397003174,45.202769000070475,49.572757999953865,real_npy,0,1
848,/mnt/c/Users/Chirayu/Documents/GitHub/2D-to-3D-image-reconstruction/facescape_224/fsmview_trainset_17_9_mouth_right_55.jpg,0.06259918212890625,0.06561997532844543,0.0030207931995391846,8.432006809860468,0.6991671919822693,0.3769940435886383,0.3769940435886383,21.128175000058036,25.761743999964892,real_npy,0,1
849,/mnt/c/Users/Chirayu/Documents/GitHub/2D-to-3D-image-reconstruction/facescape_224/fsmview_trainset_15_14_sadness_34.jpg,0.16472342610359192,0.1811586618423462,0.016435235738754272,7.837488770484924,0.6477048993110657,0.5756279826164246,0.5756279826164246,23.687601000005998,91.12329800007046,real_npy,0,1
850,/mnt/c/Users/Chirayu/Documents/GitHub/2D-to-3D-image-reconstruction/facescape_224/fsmview_trainset_10_19_brow_raiser_32.jpg,0.041689712554216385,0.04424092918634415,0.002551216632127762,7.669469499960542,0.6689914464950562,0.29583609104156494,0.29583609104156494,21.949156000005132,21.513000999902943,real_npy,0,1
851,/mnt/c/Users/Chirayu/Documents/GitHub/2D-to-3D-image-reconstruction/facescape_224/fsmview_trainset_19_5_jaw_left_45.jpg,0.17683576047420502,0.2164740264415741,0.03963826596736908,9.134458020329475,0.8117130994796753,0.3715129792690277,0.3715129792690277,54.09857600000123,37.90286100002049,real_npy,0,1
852,/mnt/c/Users/Chirayu/Documents/GitHub/2D-to-3D-image-reconstruction/facescape_224/fsmview_trainset_7_9_mouth_right_1.jpg,0.0582154206931591,0.06094978004693985,0.0027343593537807465,8.11134858429432,0.7024135589599609,0.41748732328414917,0.41748732328414917,23.123681000015495,26.358524999977817,real_npy,0,1
853,/mnt/c/Users/Chirayu/Documents/GitHub/2D-to-3D-image-reconstruction/facescape_224/fsmview_trainset_17_13_lip_funneler_13.jpg,0.0664510577917099,0.07142473012208939,0.004973672330379486,8.441413691267371,0.7001017928123474,0.39738038182258606,0.39738038182258606,30.732057000022905,77.02557000004617,real_npy,0,1
854,/mnt/c/Users/Chirayu/Documents/GitHub/2D-to-3D-image-reconstruction/facescape_224/fsmview_trainset_1_7_jaw_forward_41.jpg,0.1313248574733734,0.12845471501350403,-0.0028701424598693848,8.034988150000572,0.7434823513031006,0.44199734926223755,0.44199734926223755,21.623215999966305,23.05108099994868,real_npy,0,1
855,/mnt/c/Users/Chirayu/Documents/GitHub/2D-to-3D-image-reconstruction/facescape_224/fsmview_trainset_10_18_eye_closed_55.jpg,0.04834185168147087,0.04930046573281288,0.0009586140513420105,8.253879419527948,0.7010206580162048,0.29219305515289307,0.29219305515289307,21.17580200001612,20.59140199992271,real_npy,0,1
856,/mnt/c/Users/Chirayu/Documents/GitHub/2D-to-3D-image-reconstruction/facescape_224/fsmview_trainset_13_9_mouth_right_37.jpg,0.07557617127895355,0.07450850307941437,-0.0010676681995391846,8.126815471798182,0.7010161280632019,0.4041873514652252,0.4041873514652252,23.967795999965347,21.878610999920056,real_npy,0,1
857,/mnt/c/Users/Chirayu/Documents/GitHub/2D-to-3D-image-reconstruction/facescape_224/fsmview_trainset_10_5_jaw_left_3.jpg,0.05849725380539894,0.05839366093277931,-0.0001035928726196289,7.825961224734783,0.7145890593528748,0.33603864908218384,0.33603864908218384,56.47163300000102,19.55904199996894,real_npy,0,1
858,/mnt/c/Users/Chirayu/Documents/GitHub/2D-to-3D-image-reconstruction/facescape_224/fsmview_trainset_13_16_grin_3.jpg,0.044433753937482834,0.042366575449705124,-0.00206717848777771,8.321566808968782,0.6574140191078186,0.43899664282798767,0.43899664282798767,20.804049000048508,20.536796999977014,real_npy,0,1
859,/mnt/c/Users/Chirayu/Documents/GitHub/2D-to-3D-image-reconstruction/facescape_224/fsmview_trainset_15_14_sadness_42.jpg,0.31333670020103455,0.321233332157135,0.007896631956100464,8.493913128972054,0.7505781054496765,0.49940863251686096,0.49940863251686096,20.472294000001057,20.80031900004542,real_npy,0,1
860,/mnt/c/Users/Chirayu/Documents/GitHub/2D-to-3D-image-reconstruction/facescape_224/fsmview_trainset_17_1_neutral_58.jpg,0.8589931726455688,0.8614019751548767,0.0024088025093078613,6.612717039883137,0.6578316688537598,0.19829216599464417,0.19829216599464417,19.881734000023243,20.647938000024624,real_npy,0,1
861,/mnt/c/Users/Chirayu/Documents/GitHub/2D-to-3D-image-reconstruction/facescape_224/fsmview_trainset_8_6_jaw_right_48.jpg,0.1440681517124176,0.14474405348300934,0.0006759017705917358,7.561565518379211,0.6802936792373657,0.3030596375465393,0.3030596375465393,21.37276700000257,37.76363400004357,real_npy,0,1
862,/mnt/c/Users/Chirayu/Documents/GitHub/2D-to-3D-image-reconstruction/facescape_224/fsmview_trainset_13_8_mouth_left_32.jpg,0.039262209087610245,0.03811151161789894,-0.0011506974697113037,8.87691780924797,0.7270340323448181,0.4317830204963684,0.4317830204963684,47.81885600004898,20.856894000075954,real_npy,0,1
863,/mnt/c/Users/Chirayu/Documents/GitHub/2D-to-3D-image-reconstruction/facescape_224/fsmview_trainset_14_17_cheek_blowing_18.jpg,0.0693506971001625,0.13912826776504517,0.06977757066488266,8.222077459096909,0.7881624102592468,0.5182579755783081,0.5182579755783081,20.823643000085212,20.948074999978417,real_npy,0,1
864,/mnt/c/Users/Chirayu/Documents/GitHub/2D-to-3D-image-reconstruction/facescape_224/fsmview_trainset_18_17_cheek_blowing_18.jpg,0.05724178999662399,0.06027156487107277,0.0030297748744487762,9.115745822899044,0.7391043305397034,0.41484832763671875,0.41484832763671875,22.60447399999066,29.948439000008875,real_npy,0,1
865,/mnt/c/Users/Chirayu/Documents/GitHub/2D-to-3D-image-reconstruction/facescape_224/fsmview_trainset_10_11_chin_raiser_44.jpg,0.13239343464374542,0.11265312880277634,-0.019740305840969086,8.167280986905098,0.6745355725288391,0.45228829979896545,0.45228829979896545,58.27781700008927,19.773267000005035,real_npy,0,1
866,/mnt/c/Users/Chirayu/Documents/GitHub/2D-to-3D-image-reconstruction/facescape_224/fsmview_trainset_8_13_lip_funneler_29.jpg,0.05469755828380585,0.05974242463707924,0.005044866353273392,7.844597525894642,0.6791666150093079,0.36754560470581055,0.36754560470581055,53.792195999903925,21.628207999924598,real_npy,0,1
867,/mnt/c/Users/Chirayu/Documents/GitHub/2D-to-3D-image-reconstruction/facescape_224/fsmview_trainset_9_19_brow_raiser_43.jpg,0.1250205636024475,0.11801730841398239,-0.007003255188465118,7.234398424625397,0.6282228827476501,0.4200142025947571,0.4200142025947571,34.03740999999627,33.14745299996957,real_npy,0,1
868,/mnt/c/Users/Chirayu/Documents/GitHub/2D-to-3D-image-reconstruction/facescape_224/fsmview_trainset_8_9_mouth_right_46.jpg,0.05967453122138977,0.0650128647685051,0.005338333547115326,7.846941754221916,0.7017092108726501,0.33456727862358093,0.33456727862358093,21.080603999962477,19.804537000027267,real_npy,0,1
869,/mnt/c/Users/Chirayu/Documents/GitHub/2D-to-3D-image-reconstruction/facescape_224/fsmview_trainset_17_10_dimpler_1.jpg,0.19260036945343018,0.19743159413337708,0.004831224679946899,9.669169686734676,0.7477278709411621,0.4024462401866913,0.4024462401866913,20.821770999987166,19.800892000034764,real_npy,0,1
870,/mnt/c/Users/Chirayu/Documents/GitHub/2D-to-3D-image-reconstruction/facescape_224/fsmview_trainset_16_19_brow_raiser_37.jpg,0.0911240428686142,0.12315643578767776,0.03203239291906357,9.180281119421124,0.7603647112846375,0.4407002925872803,0.4407002925872803,22.202144999937445,21.281621999946765,real_npy,0,1
871,/mnt/c/Users/Chirayu/Documents/GitHub/2D-to-3D-image-reconstruction/facescape_224/fsmview_trainset_7_7_jaw_forward_31.jpg,0.06436919420957565,8.028697967529297,7.964328773319721,58.478447169065475,9.342703819274902,0.47378891706466675,0.47378891706466675,51.46105500000431,18.022009999981492,real_npy,1,1
872,/mnt/c/Users/Chirayu/Documents/GitHub/2D-to-3D-image-reconstruction/facescape_224/fsmview_trainset_16_14_sadness_17.jpg,0.03685956448316574,15.647318840026855,15.61045927554369,85.3116335272789,16.976716995239258,0.36293739080429077,0.36293739080429077,62.00801700003922,19.412685000020247,real_npy,1,1
873,/mnt/c/Users/Chirayu/Documents/GitHub/2D-to-3D-image-reconstruction/facescape_224/fsmview_trainset_6_7_jaw_forward_24.jpg,0.056716687977313995,0.05758922919631004,0.000872541218996048,8.463194338604808,0.7043079137802124,0.39124706387519836,0.39124706387519836,34.078765999993266,21.61660900003426,real_npy,0,1
874,/mnt/c/Users/Chirayu/Documents/GitHub/2D-to-3D-image-reconstruction/facescape_224/fsmview_trainset_9_17_cheek_blowing_29.jpg,0.051211848855018616,0.05851227417588234,0.007300425320863724,8.080632627010345,0.7022209167480469,0.2719251215457916,0.2719251215457916,20.106225000063205,21.310072000005675,real_npy,0,1
875,/mnt/c/Users/Chirayu/Documents/GitHub/2D-to-3D-image-reconstruction/facescape_224/fsmview_trainset_16_12_lip_puckerer_7.jpg,0.06593608111143112,0.07908625900745392,0.013150177896022797,8.208726298063993,0.6730120182037354,0.2682947516441345,0.2682947516441345,21.492864000038026,20.173513000031562,real_npy,0,1
876,/mnt/c/Users/Chirayu/Documents/GitHub/2D-to-3D-image-reconstruction/facescape_224/fsmview_trainset_7_13_lip_funneler_44.jpg,0.11412062495946884,0.12044736742973328,0.006326742470264435,7.50513556599617,0.6886523365974426,0.5003924369812012,0.5003924369812012,21.61129000000983,19.185353000011673,real_npy,0,1
877,/mnt/c/Users/Chirayu/Documents/GitHub/2D-to-3D-image-reconstruction/facescape_224/fsmview_trainset_13_6_jaw_right_1.jpg,0.044187989085912704,0.04388123005628586,-0.0003067590296268463,8.392282228916883,0.7015055418014526,0.41713669896125793,0.41713669896125793,20.932893000008335,20.692778000011458,real_npy,0,1
878,/mnt/c/Users/Chirayu/Documents/GitHub/2D-to-3D-image-reconstruction/facescape_224/fsmview_trainset_17_16_grin_35.jpg,0.057930245995521545,0.06231808662414551,0.004387840628623962,8.783699341118336,0.7419817447662354,0.385345458984375,0.385345458984375,24.38758699997834,22.554399999989982,real_npy,0,1
879,/mnt/c/Users/Chirayu/Documents/GitHub/2D-to-3D-image-reconstruction/facescape_224/fsmview_trainset_1_11_chin_raiser_47.jpg,0.19852200150489807,0.1838333010673523,-0.014688700437545776,7.093469809740782,0.6824685335159302,0.3660784661769867,0.3660784661769867,45.26330999999573,46.08145699990018,real_npy,0,1
880,/mnt/c/Users/Chirayu/Documents/GitHub/2D-to-3D-image-reconstruction/facescape_224/fsmview_trainset_9_5_jaw_left_18.jpg,0.043550532311201096,0.042344652116298676,-0.00120588019490242,8.321503037586808,0.6976101994514465,0.38807329535484314,0.38807329535484314,22.448597999982667,27.377593999972305,real_npy,0,1
881,/mnt/c/Users/Chirayu/Documents/GitHub/2D-to-3D-image-reconstruction/facescape_224/fsmview_trainset_10_2_smile_47.jpg,0.051747918128967285,331.3761291503906,331.32438123226166,342.1735563278198,379.3582763671875,0.33744943141937256,0.33744943141937256,90.82962599995881,18.801489999987098,real_npy,1,1
882,/mnt/c/Users/Chirayu/Documents/GitHub/2D-to-3D-image-reconstruction/facescape_224/fsmview_trainset_8_14_sadness_12.jpg,0.045960932970047,0.04796293005347252,0.002001997083425522,7.993919692933559,0.7201083302497864,0.2905504107475281,0.2905504107475281,21.46922499991888,20.046764000085204,real_npy,0,1
883,/mnt/c/Users/Chirayu/Documents/GitHub/2D-to-3D-image-reconstruction/facescape_224/fsmview_trainset_9_15_lip_roll_55.jpg,0.18025140464305878,0.18571758270263672,0.005466178059577942,7.211801879107952,0.6347604990005493,0.4276222288608551,0.4276222288608551,21.51925400005439,22.161251000056836,real_npy,0,1
884,/mnt/c/Users/Chirayu/Documents/GitHub/2D-to-3D-image-reconstruction/facescape_224/fsmview_trainset_12_5_jaw_left_16.jpg,0.05007925257086754,0.46795833110809326,0.4178790785372257,16.16530978679657,1.4251055717468262,0.47407519817352295,0.47407519817352295,20.08058500007337,23.234060000049794,real_npy,0,1
885,/mnt/c/Users/Chirayu/Documents/GitHub/2D-to-3D-image-reconstruction/facescape_224/fsmview_trainset_3_5_jaw_left_8.jpg,0.042279504239559174,26.64305305480957,26.60077355057001,108.39229778945446,28.781478881835938,0.3758045434951782,0.3758045434951782,54.39493999995193,19.169314000009763,real_npy,1,1
886,/mnt/c/Users/Chirayu/Documents/GitHub/2D-to-3D-image-reconstruction/facescape_224/fsmview_trainset_13_3_mouth_stretch_50.jpg,0.04874776303768158,0.048372890800237656,-0.00037487223744392395,7.32407807931304,0.6827430129051208,0.36406028270721436,0.36406028270721436,20.478388000015002,21.309457000029397,real_npy,0,1
887,/mnt/c/Users/Chirayu/Documents/GitHub/2D-to-3D-image-reconstruction/facescape_224/fsmview_trainset_15_3_mouth_stretch_48.jpg,0.21922506392002106,3.35345721244812,3.134232148528099,44.11890474706888,5.181362628936768,0.6327422857284546,0.6327422857284546,83.53073399996447,32.46325300005992,real_npy,1,1
888,/mnt/c/Users/Chirayu/Documents/GitHub/2D-to-3D-image-reconstruction/facescape_224/fsmview_trainset_18_16_grin_26.jpg,0.24062223732471466,0.25470879673957825,0.014086559414863586,6.213300906121731,0.5619081258773804,0.6018533110618591,0.6018533110618591,24.47085500000412,21.275881000065056,real_npy,0,0
889,/mnt/c/Users/Chirayu/Documents/GitHub/2D-to-3D-image-reconstruction/facescape_224/fsmview_trainset_2_10_dimpler_28.jpg,0.0379650741815567,0.04041183739900589,0.0024467632174491882,7.424627987667918,0.6735961437225342,0.28225070238113403,0.28225070238113403,21.0892339999873,19.477543999983027,real_npy,0,1
890,/mnt/c/Users/Chirayu/Documents/GitHub/2D-to-3D-image-reconstruction/facescape_224/fsmview_trainset_11_5_jaw_left_48.jpg,1.0171529054641724,3.1574642658233643,2.140311360359192,37.255603132769465,3.8289082050323486,0.5680316686630249,0.5680316686630249,22.22448899999563,47.807912000052966,real_npy,1,1
891,/mnt/c/Users/Chirayu/Documents/GitHub/2D-to-3D-image-reconstruction/facescape_224/fsmview_trainset_1_7_jaw_forward_56.jpg,0.0917188823223114,146.29701232910156,146.20529344677925,227.6406569480896,194.598388671875,0.2902890145778656,0.2902890145778656,29.176200000051722,18.387544000006528,real_npy,1,1
892,/mnt/c/Users/Chirayu/Documents/GitHub/2D-to-3D-image-reconstruction/facescape_224/fsmview_trainset_6_20_brow_lower_28.jpg,0.04022281989455223,0.04624461382627487,0.006021793931722641,7.764961078763008,0.6600797176361084,0.22931338846683502,0.22931338846683502,20.40944100008346,20.631429999980355,real_npy,0,1
893,/mnt/c/Users/Chirayu/Documents/GitHub/2D-to-3D-image-reconstruction/facescape_224/fsmview_trainset_20_13_lip_funneler_12.jpg,0.046768102794885635,0.05046355351805687,0.003695450723171234,8.574451517313719,0.7068769335746765,0.38685429096221924,0.38685429096221924,19.836593000036373,20.829483999932563,real_npy,0,1
894,/mnt/c/Users/Chirayu/Documents/GitHub/2D-to-3D-image-reconstruction/facescape_224/fsmview_trainset_13_10_dimpler_10.jpg,0.09298951178789139,0.13579578697681427,0.04280627518892288,9.147985690739006,0.7893456220626831,0.48380428552627563,0.48380428552627563,48.782730000084484,41.83138600001257,real_npy,0,1
895,/mnt/c/Users/Chirayu/Documents/GitHub/2D-to-3D-image-reconstruction/facescape_224/fsmview_trainset_20_10_dimpler_31.jpg,0.03399888798594475,0.031947460025548935,-0.002051427960395813,7.702796787023544,0.6514499187469482,0.41889169812202454,0.41889169812202454,20.89421300001959,20.327393999991727,real_npy,0,1
896,/mnt/c/Users/Chirayu/Documents/GitHub/2D-to-3D-image-reconstruction/facescape_224/fsmview_trainset_17_11_chin_raiser_7.jpg,0.08099411427974701,0.09512104839086533,0.014126934111118317,8.854390680789948,0.6964172720909119,0.28045907616615295,0.28045907616615295,22.66111999995246,43.958513999996285,real_npy,0,1
897,/mnt/c/Users/Chirayu/Documents/GitHub/2D-to-3D-image-reconstruction/facescape_224/fsmview_trainset_3_19_brow_raiser_42.jpg,0.23915605247020721,2.0624632835388184,1.8233072310686111,30.740721445530653,3.231829881668091,0.4571093022823334,0.4571093022823334,21.659795999994458,29.4542269999738,real_npy,1,1
898,/mnt/c/Users/Chirayu/Documents/GitHub/2D-to-3D-image-reconstruction/facescape_224/fsmview_trainset_3_18_eye_closed_53.jpg,0.6607145071029663,0.5280312895774841,-0.13268321752548218,7.988040454685688,0.6868264675140381,0.43323349952697754,0.43323349952697754,20.245084000066527,19.16310900003282,real_npy,0,1
899,/mnt/c/Users/Chirayu/Documents/GitHub/2D-to-3D-image-reconstruction/facescape_224/fsmview_trainset_16_1_neutral_29.jpg,0.049909207969903946,0.055606525391340256,0.00569731742143631,7.862986944615841,0.651188850402832,0.4228871166706085,0.4228871166706085,21.158915999990313,21.922191000044222,real_npy,0,1
900,/mnt/c/Users/Chirayu/Documents/GitHub/2D-to-3D-image-reconstruction/facescape_224/fsmview_trainset_20_14_sadness_6.jpg,0.4847535490989685,0.4205516278743744,-0.06420192122459412,6.23017281293869,0.651975691318512,0.49191734194755554,0.49191734194755554,20.215724999957274,33.91508700008217,template_fallback,0,0
901,/mnt/c/Users/Chirayu/Documents/GitHub/2D-to-3D-image-reconstruction/facescape_224/fsmview_trainset_10_9_mouth_right_37.jpg,0.056540194898843765,0.0732169970870018,0.016676802188158035,8.74575106613338,0.7282111048698425,0.40712857246398926,0.40712857246398926,20.63204500007032,71.77325099996779,real_npy,0,1
902,/mnt/c/Users/Chirayu/Documents/GitHub/2D-to-3D-image-reconstruction/facescape_224/fsmview_trainset_18_18_eye_closed_43.jpg,0.0825311467051506,0.08431563526391983,0.001784488558769226,8.00606981664896,0.6459043025970459,0.5030818581581116,0.5030818581581116,19.859936999978345,31.21966200001225,real_npy,0,1
903,/mnt/c/Users/Chirayu/Documents/GitHub/2D-to-3D-image-reconstruction/facescape_224/fsmview_trainset_2_16_grin_45.jpg,1.0207490921020508,0.8473551869392395,-0.17339390516281128,6.413725070655346,0.5734902620315552,0.4987034201622009,0.4987034201622009,20.373193999944306,22.82607800009373,real_npy,0,0
904,/mnt/c/Users/Chirayu/Documents/GitHub/2D-to-3D-image-reconstruction/facescape_224/fsmview_trainset_8_5_jaw_left_33.jpg,0.031111327931284904,4.059993743896484,4.0288824159651995,45.13550176471472,5.229905128479004,0.2832782566547394,0.2832782566547394,24.361806000001707,40.84170799990261,real_npy,1,1
905,/mnt/c/Users/Chirayu/Documents/GitHub/2D-to-3D-image-reconstruction/facescape_224/fsmview_trainset_4_7_jaw_forward_2.jpg,0.06296024471521378,0.05665192753076553,-0.006308317184448242,7.5243303924798965,0.6785656809806824,0.27488112449645996,0.27488112449645996,27.902415999960795,21.47778300002301,real_npy,0,1
906,/mnt/c/Users/Chirayu/Documents/GitHub/2D-to-3D-image-reconstruction/facescape_224/fsmview_trainset_12_9_mouth_right_52.jpg,0.12352616339921951,0.13139842450618744,0.007872261106967926,7.955451108515263,0.6745868921279907,0.4912307560443878,0.4912307560443878,32.64837799997622,33.47061899989967,real_npy,0,1
907,/mnt/c/Users/Chirayu/Documents/GitHub/2D-to-3D-image-reconstruction/facescape_224/fsmview_trainset_9_18_eye_closed_42.jpg,0.13874250650405884,7.288053035736084,7.149310529232025,58.32993897795677,9.260069847106934,0.4432443082332611,0.4432443082332611,20.860373000004984,58.94883200005552,real_npy,1,1
908,/mnt/c/Users/Chirayu/Documents/GitHub/2D-to-3D-image-reconstruction/facescape_224/fsmview_trainset_14_2_smile_61.jpg,0.4495338201522827,0.44765546917915344,-0.0018783509731292725,7.558737821877003,0.6065249443054199,0.5059278607368469,0.5059278607368469,21.154877000071792,32.37761399998362,real_npy,0,1
909,/mnt/c/Users/Chirayu/Documents/GitHub/2D-to-3D-image-reconstruction/facescape_224/fsmview_trainset_7_8_mouth_left_12.jpg,0.29093697667121887,1333.827880859375,1333.5369438827038,685.3251143693924,1438.9437255859375,0.2750994563102722,0.2750994563102722,22.758345999932317,46.44839399998091,real_npy,1,1
910,/mnt/c/Users/Chirayu/Documents/GitHub/2D-to-3D-image-reconstruction/facescape_224/fsmview_trainset_2_3_mouth_stretch_36.jpg,0.3356300890445709,0.3510202467441559,0.015390157699584961,7.006040692329407,0.6010775566101074,0.3872579038143158,0.3872579038143158,63.85385600003701,20.24003500002891,real_npy,0,1
911,/mnt/c/Users/Chirayu/Documents/GitHub/2D-to-3D-image-reconstruction/facescape_224/fsmview_trainset_6_18_eye_closed_49.jpg,0.13104932010173798,0.11154236644506454,-0.01950695365667343,7.356942508369684,0.6492466330528259,0.43022623658180237,0.43022623658180237,33.13670499994714,21.180787999924178,real_npy,0,1
912,/mnt/c/Users/Chirayu/Documents/GitHub/2D-to-3D-image-reconstruction/facescape_224/fsmview_trainset_20_15_lip_roll_14.jpg,0.14224259555339813,0.1513538509607315,0.009111255407333374,8.093525748699903,0.6931165456771851,0.4812876880168915,0.4812876880168915,21.539238000059413,68.40104299999439,real_npy,0,1
913,/mnt/c/Users/Chirayu/Documents/GitHub/2D-to-3D-image-reconstruction/facescape_224/fsmview_trainset_3_5_jaw_left_23.jpg,0.04488883167505264,0.045681945979595184,0.0007931143045425415,8.204944534227252,0.6671355366706848,0.4426657259464264,0.4426657259464264,24.08794799998759,23.986886999978196,real_npy,0,1
914,/mnt/c/Users/Chirayu/Documents/GitHub/2D-to-3D-image-reconstruction/facescape_224/fsmview_trainset_20_4_anger_66.jpg,0.25870710611343384,0.266592413187027,0.00788530707359314,6.910907357931137,0.6593179702758789,0.4504334330558777,0.4504334330558777,56.74067400002514,22.61981099991317,real_npy,0,1
915,/mnt/c/Users/Chirayu/Documents/GitHub/2D-to-3D-image-reconstruction/facescape_224/fsmview_trainset_14_11_chin_raiser_60.jpg,0.04022748023271561,0.03958102688193321,-0.0006464533507823944,8.6281149238348,0.7404994964599609,0.45520642399787903,0.45520642399787903,26.963701999989098,20.86380100001861,real_npy,0,1
916,/mnt/c/Users/Chirayu/Documents/GitHub/2D-to-3D-image-reconstruction/facescape_224/fsmview_trainset_6_17_cheek_blowing_19.jpg,0.05185361206531525,0.06314534693956375,0.011291734874248505,8.697809578850865,0.7729440927505493,0.3266463279724121,0.3266463279724121,25.29751400004443,22.906402999979036,real_npy,0,1
917,/mnt/c/Users/Chirayu/Documents/GitHub/2D-to-3D-image-reconstruction/facescape_224/fsmview_trainset_17_11_chin_raiser_16.jpg,0.046536993235349655,368.37603759765625,368.3295006044209,371.635316491127,434.7090148925781,0.31121495366096497,0.31121495366096497,21.651855999948566,20.94181400002526,real_npy,1,1
918,/mnt/c/Users/Chirayu/Documents/GitHub/2D-to-3D-image-reconstruction/facescape_224/fsmview_trainset_12_8_mouth_left_44.jpg,0.043345145881175995,0.043381620198488235,3.64743173122406e-05,7.56259498000145,0.6212151646614075,0.46108847856521606,0.46108847856521606,21.715116999985185,23.55755799999315,real_npy,0,1
919,/mnt/c/Users/Chirayu/Documents/GitHub/2D-to-3D-image-reconstruction/facescape_224/fsmview_trainset_13_1_neutral_18.jpg,0.3393682539463043,0.3724098205566406,0.033041566610336304,7.326393384486437,0.6418012380599976,0.4166359007358551,0.4166359007358551,36.16225099995063,22.11379899995336,real_npy,0,1
920,/mnt/c/Users/Chirayu/Documents/GitHub/2D-to-3D-image-reconstruction/facescape_224/fsmview_trainset_4_9_mouth_right_19.jpg,0.039029560983181,0.038018107414245605,-0.0010114535689353943,8.892349023837596,0.7267535328865051,0.2760600447654724,0.2760600447654724,58.46587099995304,23.552164999955494,real_npy,0,1
921,/mnt/c/Users/Chirayu/Documents/GitHub/2D-to-3D-image-reconstruction/facescape_224/fsmview_trainset_19_13_lip_funneler_47.jpg,0.07758878916501999,0.07489363104104996,-0.0026951581239700317,8.231521144509315,0.717271089553833,0.34393393993377686,0.34393393993377686,27.31634299993857,29.998105000004216,real_npy,0,1
922,/mnt/c/Users/Chirayu/Documents/GitHub/2D-to-3D-image-reconstruction/facescape_224/fsmview_trainset_11_12_lip_puckerer_16.jpg,0.05415220186114311,0.06327075511217117,0.009118553251028061,7.749281726777554,0.6488931179046631,0.4807364344596863,0.4807364344596863,24.72343500005536,29.591680000066845,real_npy,0,1
923,/mnt/c/Users/Chirayu/Documents/GitHub/2D-to-3D-image-reconstruction/facescape_224/fsmview_trainset_11_16_grin_61.jpg,0.5364366173744202,0.5270659327507019,-0.009370684623718262,7.208059273660183,0.6531032919883728,0.5014179944992065,0.5014179944992065,40.99614499989457,25.56371399998625,real_npy,0,1
924,/mnt/c/Users/Chirayu/Documents/GitHub/2D-to-3D-image-reconstruction/facescape_224/fsmview_trainset_14_14_sadness_22.jpg,0.041189778596162796,0.040919527411460876,-0.00027025118470191956,7.318955905735493,0.6107603907585144,0.3925381600856781,0.3925381600856781,23.890922999953546,23.873951000041416,real_npy,0,1
925,/mnt/c/Users/Chirayu/Documents/GitHub/2D-to-3D-image-reconstruction/facescape_224/fsmview_trainset_13_1_neutral_34.jpg,0.31911590695381165,0.24586458504199982,-0.07325132191181183,10.565536313690245,0.9198945760726929,0.4506545066833496,0.4506545066833496,23.728437000045233,62.74609900003725,real_npy,0,1
926,/mnt/c/Users/Chirayu/Documents/GitHub/2D-to-3D-image-reconstruction/facescape_224/fsmview_trainset_2_16_grin_50.jpg,0.43970245122909546,0.48757821321487427,0.04787576198577881,7.06052696146071,0.6425300240516663,0.47697651386260986,0.47697651386260986,22.389240999928006,19.734330000005684,template_fallback,0,1
927,/mnt/c/Users/Chirayu/Documents/GitHub/2D-to-3D-image-reconstruction/facescape_224/fsmview_trainset_19_12_lip_puckerer_31.jpg,0.04084070771932602,0.04311353713274002,0.0022728294134140015,8.396023519337177,0.68900066614151,0.28158730268478394,0.28158730268478394,21.581681000043318,21.939172999964285,real_npy,0,1
928,/mnt/c/Users/Chirayu/Documents/GitHub/2D-to-3D-image-reconstruction/facescape_224/fsmview_trainset_4_11_chin_raiser_54.jpg,0.03665361553430557,0.03639878332614899,-0.0002548322081565857,8.108356967568398,0.6939570903778076,0.19850708544254303,0.19850708544254303,22.329732999992302,40.164813000046706,real_npy,0,1
929,/mnt/c/Users/Chirayu/Documents/GitHub/2D-to-3D-image-reconstruction/facescape_224/fsmview_trainset_11_7_jaw_forward_17.jpg,0.06372395902872086,0.07693570107221603,0.013211742043495178,7.962546057999134,0.6895883083343506,0.499267041683197,0.499267041683197,23.62128599997959,22.637083999939023,real_npy,0,1
930,/mnt/c/Users/Chirayu/Documents/GitHub/2D-to-3D-image-reconstruction/facescape_224/fsmview_trainset_16_2_smile_56.jpg,0.02861187420785427,0.03365170210599899,0.005039827898144722,7.862254090607166,0.6816823482513428,0.3132737874984741,0.3132737874984741,54.096791000006306,20.287163000034525,real_npy,0,1
931,/mnt/c/Users/Chirayu/Documents/GitHub/2D-to-3D-image-reconstruction/facescape_224/fsmview_trainset_8_2_smile_10.jpg,0.038716621696949005,0.04012487456202507,0.001408252865076065,8.425640851259232,0.7078930139541626,0.22912117838859558,0.22912117838859558,23.164197000028253,49.29176899997856,real_npy,0,1
932,/mnt/c/Users/Chirayu/Documents/GitHub/2D-to-3D-image-reconstruction/facescape_224/fsmview_trainset_19_8_mouth_left_24.jpg,0.05319516733288765,0.056142814457416534,0.002947647124528885,9.02603817684576,0.7637448310852051,0.33367303013801575,0.33367303013801575,34.236642999985634,23.399942999958512,real_npy,0,1
933,/mnt/c/Users/Chirayu/Documents/GitHub/2D-to-3D-image-reconstruction/facescape_224/fsmview_trainset_7_11_chin_raiser_41.jpg,0.08247757703065872,0.08552604913711548,0.0030484721064567566,7.947212144732475,0.6727821230888367,0.5020990967750549,0.5020990967750549,20.91035799992369,22.34015300007286,real_npy,0,1
934,/mnt/c/Users/Chirayu/Documents/GitHub/2D-to-3D-image-reconstruction/facescape_224/fsmview_trainset_10_4_anger_8.jpg,0.03595903143286705,0.03512568399310112,-0.0008333474397659302,7.622939400374889,0.6536141037940979,0.2287251502275467,0.2287251502275467,23.488232999966385,22.049264000088442,real_npy,0,1
935,/mnt/c/Users/Chirayu/Documents/GitHub/2D-to-3D-image-reconstruction/facescape_224/fsmview_trainset_4_16_grin_23.jpg,0.04061746597290039,0.039545513689517975,-0.0010719522833824158,8.522138465195894,0.6909098029136658,0.2976384162902832,0.2976384162902832,23.012181000012788,23.685755000087738,real_npy,0,1
936,/mnt/c/Users/Chirayu/Documents/GitHub/2D-to-3D-image-reconstruction/facescape_224/fsmview_trainset_17_10_dimpler_34.jpg,0.043829385191202164,0.050289083272218704,0.0064596980810165405,8.014681607484818,0.6641995906829834,0.42465516924858093,0.42465516924858093,49.42787199991017,68.4578859999192,real_npy,0,1
937,/mnt/c/Users/Chirayu/Documents/GitHub/2D-to-3D-image-reconstruction/facescape_224/fsmview_trainset_13_15_lip_roll_32.jpg,0.14541666209697723,5.855872631072998,5.710455968976021,57.154941380023956,8.074145317077637,0.518656313419342,0.518656313419342,41.522947999965254,21.159874999966632,real_npy,1,1
938,/mnt/c/Users/Chirayu/Documents/GitHub/2D-to-3D-image-reconstruction/facescape_224/fsmview_trainset_20_15_lip_roll_29.jpg,0.07607321441173553,0.08806551247835159,0.011992298066616058,8.042257312685251,0.6797959208488464,0.3258541226387024,0.3258541226387024,30.346202000032463,34.368172000085906,real_npy,0,1
939,/mnt/c/Users/Chirayu/Documents/GitHub/2D-to-3D-image-reconstruction/facescape_224/fsmview_trainset_20_1_neutral_47.jpg,0.07365647703409195,0.07101405411958694,-0.002642422914505005,7.421661280095577,0.6951512098312378,0.4931551218032837,0.4931551218032837,21.717599999988124,21.102979000033883,real_npy,0,1
940,/mnt/c/Users/Chirayu/Documents/GitHub/2D-to-3D-image-reconstruction/facescape_224/fsmview_trainset_7_6_jaw_right_22.jpg,0.03778471797704697,281.5286560058594,281.4908712878823,318.539695084095,319.1759033203125,0.37488237023353577,0.37488237023353577,119.82664799995746,23.707440999942264,real_npy,1,1
941,/mnt/c/Users/Chirayu/Documents/GitHub/2D-to-3D-image-reconstruction/facescape_224/fsmview_trainset_17_7_jaw_forward_6.jpg,0.055287282913923264,62.04199981689453,61.98671253398061,157.65229254961014,66.14448547363281,0.32014110684394836,0.32014110684394836,22.95706000006703,19.800464000013562,real_npy,1,1
942,/mnt/c/Users/Chirayu/Documents/GitHub/2D-to-3D-image-reconstruction/facescape_224/fsmview_trainset_20_13_lip_funneler_52.jpg,0.5357717871665955,0.5856204628944397,0.04984867572784424,7.272180814296007,0.6551535129547119,0.5010544061660767,0.5010544061660767,89.00232300004518,20.29956299998048,real_npy,0,1
943,/mnt/c/Users/Chirayu/Documents/GitHub/2D-to-3D-image-reconstruction/facescape_224/fsmview_trainset_3_6_jaw_right_1.jpg,0.0715385153889656,0.07569972425699234,0.004161208868026733,8.303417600691319,0.7526862621307373,0.41301271319389343,0.41301271319389343,69.25946000001204,27.697222000028887,real_npy,0,1
944,/mnt/c/Users/Chirayu/Documents/GitHub/2D-to-3D-image-reconstruction/facescape_224/fsmview_trainset_13_4_anger_40.jpg,0.05272841453552246,0.07276642322540283,0.02003800868988037,6.88622160628438,0.5816172957420349,0.42209988832473755,0.42209988832473755,23.725863999970898,23.125911000079213,real_npy,0,1
945,/mnt/c/Users/Chirayu/Documents/GitHub/2D-to-3D-image-reconstruction/facescape_224/fsmview_trainset_6_16_grin_39.jpg,0.07065211981534958,0.07149253040552139,0.000840410590171814,8.204581074416637,0.743363618850708,0.3176040053367615,0.3176040053367615,22.08890099996097,21.76249999990887,real_npy,0,1
946,/mnt/c/Users/Chirayu/Documents/GitHub/2D-to-3D-image-reconstruction/facescape_224/fsmview_trainset_17_9_mouth_right_25.jpg,0.0338752381503582,267.7059326171875,267.67205737903714,309.23872995376587,299.86688232421875,0.29532742500305176,0.29532742500305176,21.045178999997916,20.14585300003091,real_npy,1,1
947,/mnt/c/Users/Chirayu/Documents/GitHub/2D-to-3D-image-reconstruction/facescape_224/fsmview_trainset_10_18_eye_closed_25.jpg,0.05928123742341995,0.059978093951940536,0.0006968565285205841,7.896926365792751,0.7335928678512573,0.4271896779537201,0.4271896779537201,86.26817599997594,30.17474300008871,real_npy,0,1
948,/mnt/c/Users/Chirayu/Documents/GitHub/2D-to-3D-image-reconstruction/facescape_224/fsmview_trainset_20_8_mouth_left_27.jpg,0.03185966983437538,0.032792069017887115,0.000932399183511734,7.814660128206015,0.6606725454330444,0.48383647203445435,0.48383647203445435,20.831009000062295,21.719836999977815,real_npy,0,1
949,/mnt/c/Users/Chirayu/Documents/GitHub/2D-to-3D-image-reconstruction/facescape_224/fsmview_trainset_12_4_anger_23.jpg,0.13677658140659332,17.04348373413086,16.906707152724266,91.31403064727783,22.64081573486328,0.6197326183319092,0.6197326183319092,47.55031899992446,19.400840000002972,real_npy,1,1
950,/mnt/c/Users/Chirayu/Documents/GitHub/2D-to-3D-image-reconstruction/facescape_224/fsmview_trainset_20_12_lip_puckerer_18.jpg,0.05465208739042282,0.050701119005680084,-0.003950968384742737,7.829002290964127,0.62868732213974,0.4915401339530945,0.4915401339530945,21.549574000005123,22.964179999917178,real_npy,0,1
951,/mnt/c/Users/Chirayu/Documents/GitHub/2D-to-3D-image-reconstruction/facescape_224/fsmview_trainset_6_9_mouth_right_17.jpg,0.038972917944192886,0.4188539683818817,0.3798810504376888,14.373761811759323,1.243539810180664,0.28097596764564514,0.28097596764564514,22.88126899998133,21.974402999944687,real_npy,0,1
952,/mnt/c/Users/Chirayu/Documents/GitHub/2D-to-3D-image-reconstruction/facescape_224/fsmview_trainset_20_9_mouth_right_65.jpg,0.06578827649354935,0.06609982997179031,0.0003115534782409668,8.779536183923483,0.832118034362793,0.43904176354408264,0.43904176354408264,24.782417999972495,25.083694000045398,real_npy,0,1
953,/mnt/c/Users/Chirayu/Documents/GitHub/2D-to-3D-image-reconstruction/facescape_224/fsmview_trainset_16_5_jaw_left_33.jpg,0.03529134765267372,0.0365869477391243,0.0012956000864505768,8.076911678537726,0.6729068756103516,0.3744714856147766,0.3744714856147766,21.693116999927042,66.20439100004205,real_npy,0,1
954,/mnt/c/Users/Chirayu/Documents/GitHub/2D-to-3D-image-reconstruction/facescape_224/fsmview_trainset_14_14_sadness_59.jpg,0.04145773500204086,0.04178782179951668,0.0003300867974758148,7.447705462574959,0.6239177584648132,0.36656105518341064,0.36656105518341064,23.146806999989167,23.08045300003414,real_npy,0,1
955,/mnt/c/Users/Chirayu/Documents/GitHub/2D-to-3D-image-reconstruction/facescape_224/fsmview_trainset_12_14_sadness_36.jpg,0.05428451672196388,0.05573810636997223,0.0014535896480083466,8.535396475344896,0.7256264090538025,0.3749639093875885,0.3749639093875885,28.70553600007497,19.6297830000276,real_npy,0,1
956,/mnt/c/Users/Chirayu/Documents/GitHub/2D-to-3D-image-reconstruction/facescape_224/fsmview_trainset_4_14_sadness_27.jpg,0.08216764777898788,0.08232924342155457,0.0001615956425666809,8.073058784008026,0.7232145667076111,0.37607255578041077,0.37607255578041077,72.65849500004151,20.582318000037958,real_npy,0,1
957,/mnt/c/Users/Chirayu/Documents/GitHub/2D-to-3D-image-reconstruction/facescape_224/fsmview_trainset_13_19_brow_raiser_39.jpg,0.06946868449449539,0.06306799501180649,-0.006400689482688904,8.8296614959836,0.7232925295829773,0.4763682782649994,0.4763682782649994,21.091049000006024,21.968051000044397,real_npy,0,1
958,/mnt/c/Users/Chirayu/Documents/GitHub/2D-to-3D-image-reconstruction/facescape_224/fsmview_trainset_1_15_lip_roll_16.jpg,0.042002201080322266,10.63463306427002,10.592630863189697,70.78828001022339,12.099764823913574,0.2827872633934021,0.2827872633934021,38.478980000036245,40.51491600000645,real_npy,1,1
959,/mnt/c/Users/Chirayu/Documents/GitHub/2D-to-3D-image-reconstruction/facescape_224/fsmview_trainset_18_8_mouth_left_10.jpg,0.03365200757980347,0.8506672978401184,0.8170152902603149,20.080753960181028,1.8452692031860352,0.3456035852432251,0.3456035852432251,24.586212000031082,24.959887000022718,real_npy,0,1
960,/mnt/c/Users/Chirayu/Documents/GitHub/2D-to-3D-image-reconstruction/facescape_224/fsmview_trainset_4_2_smile_40.jpg,0.16605235636234283,0.15662908554077148,-0.00942327082157135,7.03061930090189,0.6753546595573425,0.5209238529205322,0.5209238529205322,20.08193599999686,20.510594999905152,real_npy,0,1
961,/mnt/c/Users/Chirayu/Documents/GitHub/2D-to-3D-image-reconstruction/facescape_224/fsmview_trainset_17_4_anger_5.jpg,0.05545870587229729,0.05936436727643013,0.003905661404132843,8.6610575504601,0.6947596669197083,0.37974813580513,0.37974813580513,66.5194309999606,20.6867129999182,real_npy,0,1
962,/mnt/c/Users/Chirayu/Documents/GitHub/2D-to-3D-image-reconstruction/facescape_224/fsmview_trainset_14_8_mouth_left_49.jpg,0.08674484491348267,0.0918969213962555,0.005152076482772827,8.687133051455021,0.7581786513328552,0.5533139109611511,0.5533139109611511,23.2190179999634,23.59580500001357,real_npy,0,1
963,/mnt/c/Users/Chirayu/Documents/GitHub/2D-to-3D-image-reconstruction/facescape_224/fsmview_trainset_18_14_sadness_22.jpg,0.05633506551384926,0.0564543791115284,0.00011931359767913818,8.905233260244131,0.7320998907089233,0.44459086656570435,0.44459086656570435,26.103182999918317,21.905803000095148,real_npy,0,1
964,/mnt/c/Users/Chirayu/Documents/GitHub/2D-to-3D-image-reconstruction/facescape_224/fsmview_trainset_5_14_sadness_59.jpg,0.595958948135376,0.6209338903427124,0.024974942207336426,7.1189129538834095,0.6553119421005249,0.4088655114173889,0.4088655114173889,24.03436999998121,23.671315000001414,real_npy,0,1
965,/mnt/c/Users/Chirayu/Documents/GitHub/2D-to-3D-image-reconstruction/facescape_224/fsmview_trainset_6_13_lip_funneler_12.jpg,0.220846027135849,0.23719698190689087,0.01635095477104187,7.23745658621192,0.6922668814659119,0.24556733667850494,0.24556733667850494,77.14042000009158,34.949020999988534,real_npy,0,1
966,/mnt/c/Users/Chirayu/Documents/GitHub/2D-to-3D-image-reconstruction/facescape_224/fsmview_trainset_20_12_lip_puckerer_21.jpg,0.24866168200969696,0.267066091299057,0.018404409289360046,7.573422789573669,0.6387010812759399,0.34944015741348267,0.34944015741348267,24.833967999938977,50.78829700005372,real_npy,0,1
967,/mnt/c/Users/Chirayu/Documents/GitHub/2D-to-3D-image-reconstruction/facescape_224/fsmview_trainset_9_17_cheek_blowing_32.jpg,0.047333262860774994,0.05271479859948158,0.005381535738706589,7.137036960572004,0.608652651309967,0.3055931329727173,0.3055931329727173,22.65855600001032,34.249259000034726,real_npy,0,1
968,/mnt/c/Users/Chirayu/Documents/GitHub/2D-to-3D-image-reconstruction/facescape_224/fsmview_trainset_13_9_mouth_right_5.jpg,0.059948500245809555,4.874967575073242,4.815019074827433,45.31542230024934,6.4022216796875,0.4544704556465149,0.4544704556465149,25.79839199995604,32.00048799999422,real_npy,1,1
969,/mnt/c/Users/Chirayu/Documents/GitHub/2D-to-3D-image-reconstruction/facescape_224/fsmview_trainset_16_10_dimpler_19.jpg,0.0525677353143692,0.057551026344299316,0.004983291029930115,9.147278495132923,0.7648549675941467,0.3871486186981201,0.3871486186981201,43.50692200000594,23.10841500002425,real_npy,0,1
970,/mnt/c/Users/Chirayu/Documents/GitHub/2D-to-3D-image-reconstruction/facescape_224/fsmview_trainset_15_15_lip_roll_23.jpg,0.0312078557908535,0.030905695632100105,-0.0003021601587533951,7.0121509581804276,0.5631781816482544,0.5456572771072388,0.5456572771072388,21.174918000042453,28.871511000033934,real_npy,0,1
971,/mnt/c/Users/Chirayu/Documents/GitHub/2D-to-3D-image-reconstruction/facescape_224/fsmview_trainset_2_20_brow_lower_25.jpg,0.03248477354645729,0.03650766238570213,0.0040228888392448425,7.991137783974409,0.6651045680046082,0.3580128252506256,0.3580128252506256,22.15302000001884,37.596214000018335,real_npy,0,1
972,/mnt/c/Users/Chirayu/Documents/GitHub/2D-to-3D-image-reconstruction/facescape_224/fsmview_trainset_19_7_jaw_forward_34.jpg,0.0457008071243763,0.045443080365657806,-0.0002577267587184906,8.671318501234055,0.7505395412445068,0.3227134644985199,0.3227134644985199,22.222331999955713,21.989686999972946,real_npy,0,1
973,/mnt/c/Users/Chirayu/Documents/GitHub/2D-to-3D-image-reconstruction/facescape_224/fsmview_trainset_18_8_mouth_left_1.jpg,0.030114293098449707,1193.380615234375,1193.3505009412766,653.2590799331665,1269.4571533203125,0.34701526165008545,0.34701526165008545,21.760983000035594,21.005663999972057,real_npy,1,1
974,/mnt/c/Users/Chirayu/Documents/GitHub/2D-to-3D-image-reconstruction/facescape_224/fsmview_trainset_12_4_anger_18.jpg,0.052075982093811035,0.05286969989538193,0.0007937178015708923,8.75857536867261,0.7181293368339539,0.5159387588500977,0.5159387588500977,22.292492000019593,23.596838999992542,real_npy,0,1
975,/mnt/c/Users/Chirayu/Documents/GitHub/2D-to-3D-image-reconstruction/facescape_224/fsmview_trainset_13_9_mouth_right_25.jpg,0.04312930256128311,0.055116407573223114,0.011987105011940002,8.949474588502198,0.7322272658348083,0.41617411375045776,0.41617411375045776,35.13483999995515,60.51829000000453,real_npy,0,1
976,/mnt/c/Users/Chirayu/Documents/GitHub/2D-to-3D-image-reconstruction/facescape_224/fsmview_trainset_20_11_chin_raiser_44.jpg,0.16880203783512115,0.19031932950019836,0.02151729166507721,9.010764287784696,0.7204328179359436,0.3246297836303711,0.3246297836303711,23.951658999976644,23.674610000057328,real_npy,0,1
977,/mnt/c/Users/Chirayu/Documents/GitHub/2D-to-3D-image-reconstruction/facescape_224/fsmview_trainset_7_3_mouth_stretch_19.jpg,0.045114561915397644,0.044253356754779816,-0.0008612051606178284,7.891785096377134,0.7460567951202393,0.36540013551712036,0.36540013551712036,22.243440000011105,46.173327000019526,real_npy,0,1
978,/mnt/c/Users/Chirayu/Documents/GitHub/2D-to-3D-image-reconstruction/facescape_224/fsmview_trainset_10_9_mouth_right_6.jpg,0.03876343369483948,0.041842587292194366,0.003079153597354889,7.742137160152197,0.6686857342720032,0.26284080743789673,0.26284080743789673,25.863665999963814,25.525323000010758,real_npy,0,1
979,/mnt/c/Users/Chirayu/Documents/GitHub/2D-to-3D-image-reconstruction/facescape_224/fsmview_trainset_3_17_cheek_blowing_2.jpg,0.0848422572016716,0.08419151604175568,-0.0006507411599159241,8.790573343634605,0.7612767815589905,0.4395935535430908,0.4395935535430908,44.407098000078804,45.41517899997416,real_npy,0,1
980,/mnt/c/Users/Chirayu/Documents/GitHub/2D-to-3D-image-reconstruction/facescape_224/fsmview_trainset_19_16_grin_39.jpg,0.5445536375045776,0.5244497060775757,-0.020103931427001953,7.320938192307949,0.692059338092804,0.3796253204345703,0.3796253204345703,26.211374000013166,38.13849699997718,real_npy,0,1
981,/mnt/c/Users/Chirayu/Documents/GitHub/2D-to-3D-image-reconstruction/facescape_224/fsmview_trainset_11_13_lip_funneler_3.jpg,0.4969581067562103,7.174986362457275,6.678028255701065,59.94891278445721,9.113969802856445,0.6385740041732788,0.6385740041732788,23.872014000062336,22.219374999963293,real_npy,1,1
982,/mnt/c/Users/Chirayu/Documents/GitHub/2D-to-3D-image-reconstruction/facescape_224/fsmview_trainset_12_8_mouth_left_43.jpg,0.043888576328754425,0.04660592973232269,0.002717353403568268,7.881636328995228,0.639948844909668,0.32739436626434326,0.32739436626434326,34.883606999983385,20.891402999950515,real_npy,0,1
983,/mnt/c/Users/Chirayu/Documents/GitHub/2D-to-3D-image-reconstruction/facescape_224/fsmview_trainset_14_12_lip_puckerer_35.jpg,0.043199967592954636,0.0455341599881649,0.002334192395210266,8.714220163412392,0.732629656791687,0.5515480637550354,0.5515480637550354,21.49379900004078,20.668376000003263,real_npy,0,1
984,/mnt/c/Users/Chirayu/Documents/GitHub/2D-to-3D-image-reconstruction/facescape_224/fsmview_trainset_17_1_neutral_57.jpg,0.07899903506040573,0.08367951959371567,0.0046804845333099365,8.558150816708803,0.7191007137298584,0.36412185430526733,0.36412185430526733,20.988901999999143,21.93978100001459,real_npy,0,1
985,/mnt/c/Users/Chirayu/Documents/GitHub/2D-to-3D-image-reconstruction/facescape_224/fsmview_trainset_15_3_mouth_stretch_65.jpg,0.05254755914211273,0.05230041965842247,-0.00024713948369026184,8.639106389135122,0.8189809918403625,0.47750476002693176,0.47750476002693176,21.202974999937396,24.838726999973915,real_npy,0,1
986,/mnt/c/Users/Chirayu/Documents/GitHub/2D-to-3D-image-reconstruction/facescape_224/fsmview_trainset_16_20_brow_lower_33.jpg,0.036223236471414566,0.03646637126803398,0.00024313479661941528,8.198460344225168,0.670997679233551,0.37575897574424744,0.37575897574424744,61.760327999991205,26.549174000024323,real_npy,0,1
987,/mnt/c/Users/Chirayu/Documents/GitHub/2D-to-3D-image-reconstruction/facescape_224/fsmview_trainset_1_3_mouth_stretch_55.jpg,0.05646805092692375,7.982152462005615,7.9256844110786915,62.3789676874876,8.807372093200684,0.27875593304634094,0.27875593304634094,23.73169100007999,20.81640000005791,real_npy,1,1
988,/mnt/c/Users/Chirayu/Documents/GitHub/2D-to-3D-image-reconstruction/facescape_224/fsmview_trainset_8_1_neutral_16.jpg,0.03383095934987068,0.03455685079097748,0.0007258914411067963,7.966829609125853,0.6721794605255127,0.2440134584903717,0.2440134584903717,50.821039999959794,48.71874899993145,real_npy,0,1
989,/mnt/c/Users/Chirayu/Documents/GitHub/2D-to-3D-image-reconstruction/facescape_224/fsmview_trainset_9_6_jaw_right_17.jpg,0.04390903189778328,0.04405902326107025,0.00014999136328697205,8.405335195362568,0.7061399817466736,0.38517698645591736,0.38517698645591736,44.24131000007492,49.34803899993767,real_npy,0,1
990,/mnt/c/Users/Chirayu/Documents/GitHub/2D-to-3D-image-reconstruction/facescape_224/fsmview_trainset_18_2_smile_38.jpg,0.1492234468460083,0.14467966556549072,-0.004543781280517578,8.616239033639431,0.8415672183036804,0.5406137108802795,0.5406137108802795,22.794078999936573,23.818469999923764,real_npy,0,1
991,/mnt/c/Users/Chirayu/Documents/GitHub/2D-to-3D-image-reconstruction/facescape_224/fsmview_trainset_5_11_chin_raiser_49.jpg,0.10033499449491501,0.09663081169128418,-0.003704182803630829,7.745095696300268,0.6511823534965515,0.44015979766845703,0.44015979766845703,22.63716300001306,47.057867000035,real_npy,0,1
992,/mnt/c/Users/Chirayu/Documents/GitHub/2D-to-3D-image-reconstruction/facescape_224/fsmview_trainset_8_19_brow_raiser_46.jpg,0.052214186638593674,0.05980052053928375,0.007586333900690079,7.894268959760666,0.6814205646514893,0.32639431953430176,0.32639431953430176,21.859189999986484,56.257680000044274,real_npy,0,1
993,/mnt/c/Users/Chirayu/Documents/GitHub/2D-to-3D-image-reconstruction/facescape_224/fsmview_trainset_11_18_eye_closed_67.jpg,0.06326412409543991,0.07176033407449722,0.008496209979057312,9.127503286581486,0.7417677640914917,0.4969986379146576,0.4969986379146576,43.02129999996396,32.180272999994486,real_npy,0,1
994,/mnt/c/Users/Chirayu/Documents/GitHub/2D-to-3D-image-reconstruction/facescape_224/fsmview_trainset_8_9_mouth_right_16.jpg,0.03855258598923683,0.03877446800470352,0.00022188201546669006,7.807943433523178,0.6652149558067322,0.23826871812343597,0.23826871812343597,54.46895099998983,65.84061099999872,real_npy,0,1
995,/mnt/c/Users/Chirayu/Documents/GitHub/2D-to-3D-image-reconstruction/facescape_224/fsmview_trainset_10_14_sadness_52.jpg,0.3706229031085968,0.2924603223800659,-0.07816258072853088,6.77910578250885,0.6738224625587463,0.3911406099796295,0.3911406099796295,21.894499000040923,19.854000000009364,real_npy,0,1
996,/mnt/c/Users/Chirayu/Documents/GitHub/2D-to-3D-image-reconstruction/facescape_224/fsmview_trainset_18_15_lip_roll_33.jpg,0.045141227543354034,0.04229695722460747,-0.0028442703187465668,8.468973115086555,0.7053370475769043,0.43040308356285095,0.43040308356285095,24.39978899997186,21.101025000007212,real_npy,0,1
997,/mnt/c/Users/Chirayu/Documents/GitHub/2D-to-3D-image-reconstruction/facescape_224/fsmview_trainset_9_3_mouth_stretch_6.jpg,0.0444612018764019,0.04635845869779587,0.0018972568213939667,7.636366195976734,0.696929395198822,0.2605609893798828,0.2605609893798828,21.399873000063963,23.950882000008278,real_npy,0,1
998,/mnt/c/Users/Chirayu/Documents/GitHub/2D-to-3D-image-reconstruction/facescape_224/fsmview_trainset_10_3_mouth_stretch_13.jpg,0.13290420174598694,0.12892667949199677,-0.003977522253990173,7.162016153335571,0.6772869229316711,0.46673256158828735,0.46673256158828735,21.842041000013523,22.70788500004528,real_npy,0,1
999,/mnt/c/Users/Chirayu/Documents/GitHub/2D-to-3D-image-reconstruction/facescape_224/fsmview_trainset_18_8_mouth_left_13.jpg,0.22124508023262024,0.21714167296886444,-0.004103407263755798,7.490286726504564,0.6129039525985718,0.5979489684104919,0.5979489684104919,57.16502099994614,46.6271710000683,real_npy,0,1
