idx,image_path,baseline_lmk_err,finetuned_lmk_err,lmk_err_delta_ft_minus_base,finetuned_cam_score,finetuned_lmk_abs_max,baseline_photo_l1,finetuned_photo_l1,baseline_runtime_ms,finetuned_runtime_ms,landmark_target_source,is_failure,hybrid_selective_fallback
0,/mnt/c/Users/Chirayu/Documents/GitHub/2D-to-3D-image-reconstruction/facescape_224/fsmview_trainset_11_1_neutral_25.jpg,0.03962906077504158,0.6104240417480469,0.5707949809730053,17.4317823741585,1.551449179649353,0.5376215577125549,0.5376215577125549,nan,nan,real_npy,0,1
1,/mnt/c/Users/Chirayu/Documents/GitHub/2D-to-3D-image-reconstruction/facescape_224/fsmview_trainset_16_6_jaw_right_42.jpg,0.0887361392378807,0.1020730659365654,0.013336926698684692,7.351385913789272,0.6922926306724548,0.44511547684669495,0.44511547684669495,nan,nan,real_npy,0,1
2,/mnt/c/Users/Chirayu/Documents/GitHub/2D-to-3D-image-reconstruction/facescape_224/fsmview_trainset_7_2_smile_1.jpg,0.05356051027774811,0.051159851253032684,-0.0024006590247154236,8.3388567045331,0.7094635367393494,0.42115887999534607,0.42115887999534607,nan,nan,real_npy,0,1
3,/mnt/c/Users/Chirayu/Documents/GitHub/2D-to-3D-image-reconstruction/facescape_224/fsmview_trainset_7_2_smile_35.jpg,0.04712393507361412,0.05050117149949074,0.0033772364258766174,8.489806599915028,0.6878474950790405,0.4215160310268402,0.4215160310268402,nan,nan,real_npy,0,1
4,/mnt/c/Users/Chirayu/Documents/GitHub/2D-to-3D-image-reconstruction/facescape_224/fsmview_trainset_17_9_mouth_right_9.jpg,0.056280381977558136,0.05951368808746338,0.003233306109905243,8.583951288834214,0.675676167011261,0.3694095313549042,0.3694095313549042,nan,nan,real_npy,0,1
5,/mnt/c/Users/Chirayu/Documents/GitHub/2D-to-3D-image-reconstruction/facescape_224/fsmview_trainset_4_18_eye_closed_19.jpg,0.04529518634080887,0.04563133418560028,0.00033614784479141235,9.15341754630208,0.742106556892395,0.2790377140045166,0.2790377140045166,20.441532000006646,22.23728100000244,real_npy,0,1
6,/mnt/c/Users/Chirayu/Documents/GitHub/2D-to-3D-image-reconstruction/facescape_224/fsmview_trainset_8_17_cheek_blowing_52.jpg,0.21304307878017426,0.21425513923168182,0.0012120604515075684,6.333299156278372,0.6120597124099731,0.37326133251190186,0.37326133251190186,19.908743000030427,35.05551099999593,real_npy,0,0
7,/mnt/c/Users/Chirayu/Documents/GitHub/2D-to-3D-image-reconstruction/facescape_224/fsmview_trainset_19_15_lip_roll_49.jpg,0.7414179444313049,0.5601725578308105,-0.18124538660049438,8.784757999703288,0.7391291856765747,0.37162894010543823,0.37162894010543823,20.40336799996112,20.88479299999335,real_npy,0,1
8,/mnt/c/Users/Chirayu/Documents/GitHub/2D-to-3D-image-reconstruction/facescape_224/fsmview_trainset_7_5_jaw_left_47.jpg,0.06633426994085312,0.08122558891773224,0.01489131897687912,9.482519026845694,0.8161582946777344,0.4808140993118286,0.4808140993118286,20.040444000017033,20.548053000027267,real_npy,0,1
9,/mnt/c/Users/Chirayu/Documents/GitHub/2D-to-3D-image-reconstruction/facescape_224/fsmview_trainset_2_20_brow_lower_7.jpg,0.22607438266277313,0.20197902619838715,-0.024095356464385986,8.66075487807393,0.7035237550735474,0.37762635946273804,0.37762635946273804,20.619754999984252,20.667610999964836,real_npy,0,1
10,/mnt/c/Users/Chirayu/Documents/GitHub/2D-to-3D-image-reconstruction/facescape_224/fsmview_trainset_13_16_grin_2.jpg,0.2161247432231903,0.22009241580963135,0.00396767258644104,6.8677019737660885,0.6153131127357483,0.43702012300491333,0.43702012300491333,52.98390599995173,20.61245599998074,real_npy,0,1
11,/mnt/c/Users/Chirayu/Documents/GitHub/2D-to-3D-image-reconstruction/facescape_224/fsmview_trainset_1_10_dimpler_23.jpg,0.04108318313956261,0.039256807416677475,-0.0018263757228851318,8.516512559726834,0.7148463129997253,0.3632708191871643,0.3632708191871643,21.9141300000274,22.801273000027322,real_npy,0,1
12,/mnt/c/Users/Chirayu/Documents/GitHub/2D-to-3D-image-reconstruction/facescape_224/fsmview_trainset_20_13_lip_funneler_46.jpg,0.1270563155412674,0.13365675508975983,0.006600439548492432,8.601481892168522,0.7321164011955261,0.5959072709083557,0.5959072709083557,33.95695300002899,55.957513999999264,real_npy,0,1
13,/mnt/c/Users/Chirayu/Documents/GitHub/2D-to-3D-image-reconstruction/facescape_224/fsmview_trainset_10_19_brow_raiser_7.jpg,0.04175974801182747,0.04576897993683815,0.004009231925010681,7.785936299711466,0.6746178269386292,0.22483651340007782,0.22483651340007782,22.21159000004036,22.545929999978398,real_npy,0,1
14,/mnt/c/Users/Chirayu/Documents/GitHub/2D-to-3D-image-reconstruction/facescape_224/fsmview_trainset_4_18_eye_closed_29.jpg,0.07103974372148514,0.07218939810991287,0.0011496543884277344,8.252271957695484,0.6894804835319519,0.33427050709724426,0.33427050709724426,25.439108000000488,21.5026660000035,real_npy,0,1
15,/mnt/c/Users/Chirayu/Documents/GitHub/2D-to-3D-image-reconstruction/facescape_224/fsmview_trainset_19_10_dimpler_6.jpg,0.054604243487119675,0.05385633185505867,-0.0007479116320610046,8.999747421592474,0.7423738241195679,0.28018832206726074,0.28018832206726074,51.434485000015684,20.34611699997413,real_npy,0,1
16,/mnt/c/Users/Chirayu/Documents/GitHub/2D-to-3D-image-reconstruction/facescape_224/fsmview_trainset_7_12_lip_puckerer_40.jpg,0.18341359496116638,0.197433203458786,0.014019608497619629,7.2200964242219925,0.6534526348114014,0.45004504919052124,0.45004504919052124,22.102372999995623,22.410573000001932,real_npy,0,1
17,/mnt/c/Users/Chirayu/Documents/GitHub/2D-to-3D-image-reconstruction/facescape_224/fsmview_trainset_4_7_jaw_forward_36.jpg,0.04511112719774246,0.04552282392978668,0.00041169673204421997,7.512622751295567,0.6614339351654053,0.3089570999145508,0.3089570999145508,20.099426000001586,20.337856999958603,real_npy,0,1
18,/mnt/c/Users/Chirayu/Documents/GitHub/2D-to-3D-image-reconstruction/facescape_224/fsmview_trainset_6_14_sadness_1.jpg,0.07469551265239716,0.07134491950273514,-0.003350593149662018,8.06265689432621,0.7424793243408203,0.3671760559082031,0.3671760559082031,20.056103000001713,63.961032999998224,real_npy,0,1
19,/mnt/c/Users/Chirayu/Documents/GitHub/2D-to-3D-image-reconstruction/facescape_224/fsmview_trainset_5_19_brow_raiser_56.jpg,0.06225789338350296,0.05872553959488869,-0.003532353788614273,8.661778971552849,0.7511424422264099,0.399122953414917,0.399122953414917,22.394818999998733,35.81586900003231,real_npy,0,1
20,/mnt/c/Users/Chirayu/Documents/GitHub/2D-to-3D-image-reconstruction/facescape_224/fsmview_trainset_5_18_eye_closed_29.jpg,0.07839355617761612,0.08881170302629471,0.010418146848678589,8.665069755166769,0.7123226523399353,0.29963529109954834,0.29963529109954834,23.260733000029177,20.101779000015085,real_npy,0,1
21,/mnt/c/Users/Chirayu/Documents/GitHub/2D-to-3D-image-reconstruction/facescape_224/fsmview_trainset_1_13_lip_funneler_41.jpg,0.11615154147148132,0.10871341824531555,-0.0074381232261657715,8.396426390856504,0.7943585515022278,0.4520139992237091,0.4520139992237091,34.37349899996889,80.18656399997326,real_npy,0,1
22,/mnt/c/Users/Chirayu/Documents/GitHub/2D-to-3D-image-reconstruction/facescape_224/fsmview_trainset_19_10_dimpler_38.jpg,0.5946799516677856,0.5319852828979492,-0.06269466876983643,7.426825262606144,0.7276495695114136,0.38551872968673706,0.38551872968673706,20.2154009999731,19.063503000040782,real_npy,0,1
23,/mnt/c/Users/Chirayu/Documents/GitHub/2D-to-3D-image-reconstruction/facescape_224/fsmview_trainset_20_7_jaw_forward_31.jpg,0.03840257227420807,0.03492172062397003,-0.003480851650238037,7.905396228656173,0.6542190313339233,0.4458387494087219,0.4458387494087219,22.09254699999974,20.52281400000311,real_npy,0,1
24,/mnt/c/Users/Chirayu/Documents/GitHub/2D-to-3D-image-reconstruction/facescape_224/fsmview_trainset_9_2_smile_19.jpg,0.05439731106162071,0.057263247668743134,0.0028659366071224213,9.23966584354639,0.7475979328155518,0.3864700496196747,0.3864700496196747,22.223977999999533,52.75287299997444,real_npy,0,1
25,/mnt/c/Users/Chirayu/Documents/GitHub/2D-to-3D-image-reconstruction/facescape_224/fsmview_trainset_19_2_smile_32.jpg,0.1533810943365097,0.16178709268569946,0.008405998349189758,7.596379172056913,0.7182883620262146,0.2019471824169159,0.2019471824169159,19.487292999997408,56.40075799999522,real_npy,0,1
26,/mnt/c/Users/Chirayu/Documents/GitHub/2D-to-3D-image-reconstruction/facescape_224/fsmview_trainset_19_8_mouth_left_22.jpg,0.06423913687467575,0.06625509262084961,0.0020159557461738586,9.67619446478784,0.7987578511238098,0.36723706126213074,0.36723706126213074,21.696964000000207,20.621527999992395,real_npy,0,1
27,/mnt/c/Users/Chirayu/Documents/GitHub/2D-to-3D-image-reconstruction/facescape_224/fsmview_trainset_8_7_jaw_forward_0.jpg,0.10142601281404495,0.10711688548326492,0.005690872669219971,8.155103959143162,0.7218930721282959,0.2726958394050598,0.2726958394050598,20.469674999958443,31.17282499999874,real_npy,0,1
28,/mnt/c/Users/Chirayu/Documents/GitHub/2D-to-3D-image-reconstruction/facescape_224/fsmview_trainset_5_3_mouth_stretch_33.jpg,0.04548918455839157,0.04541698470711708,-7.219985127449036e-05,7.782559253275394,0.7468339204788208,0.43496018648147583,0.43496018648147583,20.805710000047384,19.44087600003286,real_npy,0,1
29,/mnt/c/Users/Chirayu/Documents/GitHub/2D-to-3D-image-reconstruction/facescape_224/fsmview_trainset_14_19_brow_raiser_46.jpg,0.16879723966121674,0.1791243851184845,0.010327145457267761,8.880574576556683,0.692970335483551,0.6399165987968445,0.6399165987968445,22.545793999995567,55.52652200003649,real_npy,0,1
30,/mnt/c/Users/Chirayu/Documents/GitHub/2D-to-3D-image-reconstruction/facescape_224/fsmview_trainset_3_7_jaw_forward_29.jpg,0.04072047770023346,0.0477578230202198,0.007037345319986343,8.289477683603764,0.7158345580101013,0.28798985481262207,0.28798985481262207,40.93501799997057,20.307511999988037,real_npy,0,1
31,/mnt/c/Users/Chirayu/Documents/GitHub/2D-to-3D-image-reconstruction/facescape_224/fsmview_trainset_5_5_jaw_left_58.jpg,0.6692964434623718,0.7877292037010193,0.11843276023864746,7.673654280602932,0.7852436304092407,0.455867201089859,0.455867201089859,21.01211200005082,20.57633800001213,real_npy,0,1
32,/mnt/c/Users/Chirayu/Documents/GitHub/2D-to-3D-image-reconstruction/facescape_224/fsmview_trainset_4_17_cheek_blowing_43.jpg,0.028805719688534737,0.028395259752869606,-0.0004104599356651306,7.686377767473459,0.6387749910354614,0.19434833526611328,0.19434833526611328,55.82379800000581,21.886229000017465,real_npy,0,1
33,/mnt/c/Users/Chirayu/Documents/GitHub/2D-to-3D-image-reconstruction/facescape_224/fsmview_trainset_8_20_brow_lower_3.jpg,0.05248061940073967,0.052941225469112396,0.00046060606837272644,8.121607348322868,0.7393544912338257,0.2932663559913635,0.2932663559913635,20.995535999986714,22.117564999973638,real_npy,0,1
34,/mnt/c/Users/Chirayu/Documents/GitHub/2D-to-3D-image-reconstruction/facescape_224/fsmview_trainset_14_12_lip_puckerer_44.jpg,0.07057617604732513,0.07018323987722397,-0.00039293617010116577,8.689248852431774,0.7037473917007446,0.3573296368122101,0.3573296368122101,22.294504000001325,18.637495999996645,real_npy,0,1
35,/mnt/c/Users/Chirayu/Documents/GitHub/2D-to-3D-image-reconstruction/facescape_224/fsmview_trainset_11_13_lip_funneler_14.jpg,0.19385194778442383,0.2197667360305786,0.025914788246154785,7.938524022698402,0.6611818671226501,0.5636483430862427,0.5636483430862427,23.776603999976942,59.82981500000051,real_npy,0,1
36,/mnt/c/Users/Chirayu/Documents/GitHub/2D-to-3D-image-reconstruction/facescape_224/fsmview_trainset_11_16_grin_60.jpg,0.041210826486349106,0.07254411280155182,0.03133328631520271,8.372682936489582,0.7261999845504761,0.5149634480476379,0.5149634480476379,66.16121299998667,34.08738400003131,real_npy,0,1
37,/mnt/c/Users/Chirayu/Documents/GitHub/2D-to-3D-image-reconstruction/facescape_224/fsmview_trainset_9_17_cheek_blowing_28.jpg,0.0410664826631546,0.04125971347093582,0.00019323080778121948,7.606279529631138,0.6527421474456787,0.25688207149505615,0.25688207149505615,32.82297999999173,21.339738999984093,real_npy,0,1
38,/mnt/c/Users/Chirayu/Documents/GitHub/2D-to-3D-image-reconstruction/facescape_224/fsmview_trainset_5_13_lip_funneler_56.jpg,0.06694582849740982,0.065117247402668,-0.0018285810947418213,8.480247117578983,0.7226939797401428,0.43158015608787537,0.43158015608787537,30.683181999961562,22.26463300002024,real_npy,0,1
39,/mnt/c/Users/Chirayu/Documents/GitHub/2D-to-3D-image-reconstruction/facescape_224/fsmview_trainset_2_12_lip_puckerer_31.jpg,0.10846477746963501,0.12015407532453537,0.01168929785490036,8.399333102628589,0.6623180508613586,0.4569994807243347,0.4569994807243347,60.74608500000522,27.309859000013148,real_npy,0,1
40,/mnt/c/Users/Chirayu/Documents/GitHub/2D-to-3D-image-reconstruction/facescape_224/fsmview_trainset_5_19_brow_raiser_34.jpg,0.04457077756524086,0.0629434734582901,0.01837269589304924,7.994399927556515,0.7027922868728638,0.43452566862106323,0.43452566862106323,46.66557999996712,25.02891400001772,real_npy,0,1
41,/mnt/c/Users/Chirayu/Documents/GitHub/2D-to-3D-image-reconstruction/facescape_224/fsmview_trainset_15_9_mouth_right_19.jpg,0.07193709909915924,0.08526765555143356,0.013330556452274323,8.060727687552571,0.673096239566803,0.5738368630409241,0.5738368630409241,20.631066000021292,19.92344900003218,real_npy,0,1
42,/mnt/c/Users/Chirayu/Documents/GitHub/2D-to-3D-image-reconstruction/facescape_224/fsmview_trainset_14_16_grin_63.jpg,0.03625901788473129,0.03291548788547516,-0.003343529999256134,7.837510913610458,0.7031310796737671,0.3643465042114258,0.3643465042114258,21.408077999979014,36.76710100000946,real_npy,0,1
43,/mnt/c/Users/Chirayu/Documents/GitHub/2D-to-3D-image-reconstruction/facescape_224/fsmview_trainset_20_12_lip_puckerer_13.jpg,0.05698958784341812,0.05787977576255798,0.0008901879191398621,9.014630910009146,0.7337771058082581,0.3965231776237488,0.3965231776237488,21.83349299997417,39.770810000050005,real_npy,0,1
44,/mnt/c/Users/Chirayu/Documents/GitHub/2D-to-3D-image-reconstruction/facescape_224/fsmview_trainset_6_9_mouth_right_32.jpg,0.049596045166254044,0.052813705056905746,0.003217659890651703,7.904467359185219,0.6492558717727661,0.2980691194534302,0.2980691194534302,20.988847000012356,19.578619000014896,real_npy,0,1
45,/mnt/c/Users/Chirayu/Documents/GitHub/2D-to-3D-image-reconstruction/facescape_224/fsmview_trainset_1_15_lip_roll_29.jpg,0.07381975650787354,0.08498736470937729,0.011167608201503754,8.056234553456306,0.6758074760437012,0.42207491397857666,0.42207491397857666,20.5857569999921,20.42187299997522,real_npy,0,1
46,/mnt/c/Users/Chirayu/Documents/GitHub/2D-to-3D-image-reconstruction/facescape_224/fsmview_trainset_20_16_grin_29.jpg,0.1404988020658493,0.14770661294460297,0.007207810878753662,7.790744267404079,0.6464139819145203,0.34527483582496643,0.34527483582496643,22.065482000016345,22.147332000031383,real_npy,0,1
47,/mnt/c/Users/Chirayu/Documents/GitHub/2D-to-3D-image-reconstruction/facescape_224/fsmview_trainset_20_7_jaw_forward_64.jpg,0.29494529962539673,0.29445385932922363,-0.0004914402961730957,7.47109942138195,0.7028130888938904,0.45648670196533203,0.45648670196533203,21.731461999991097,31.50429800001575,real_npy,0,1
48,/mnt/c/Users/Chirayu/Documents/GitHub/2D-to-3D-image-reconstruction/facescape_224/fsmview_trainset_12_8_mouth_left_29.jpg,0.048424750566482544,0.04501083120703697,-0.003413919359445572,8.56952471844852,0.7073872089385986,0.4136093556880951,0.4136093556880951,22.701581999967857,21.247138000035193,real_npy,0,1
49,/mnt/c/Users/Chirayu/Documents/GitHub/2D-to-3D-image-reconstruction/facescape_224/fsmview_trainset_13_7_jaw_forward_44.jpg,0.042117491364479065,0.043991681188344955,0.0018741898238658905,8.729163903743029,0.749811053276062,0.3258798122406006,0.3258798122406006,23.230758000011065,23.754928000016662,real_npy,0,1
50,/mnt/c/Users/Chirayu/Documents/GitHub/2D-to-3D-image-reconstruction/facescape_224/fsmview_trainset_13_20_brow_lower_47.jpg,0.05327796936035156,0.05978946015238762,0.0065114907920360565,8.010112419724464,0.6599970459938049,0.4178984761238098,0.4178984761238098,22.10554499998807,22.022499999991396,real_npy,0,1
51,/mnt/c/Users/Chirayu/Documents/GitHub/2D-to-3D-image-reconstruction/facescape_224/fsmview_trainset_18_18_eye_closed_42.jpg,0.03486839309334755,0.035185497254133224,0.00031710416078567505,7.950778763741255,0.6523450613021851,0.32483065128326416,0.32483065128326416,22.59402599997884,20.026436999955877,real_npy,0,1
52,/mnt/c/Users/Chirayu/Documents/GitHub/2D-to-3D-image-reconstruction/facescape_224/fsmview_trainset_6_4_anger_40.jpg,0.24716977775096893,0.27683281898498535,0.02966304123401642,6.916632257401943,0.6811012029647827,0.39704859256744385,0.39704859256744385,22.055152000007183,22.248606999994536,real_npy,0,1
53,/mnt/c/Users/Chirayu/Documents/GitHub/2D-to-3D-image-reconstruction/facescape_224/fsmview_trainset_3_3_mouth_stretch_21.jpg,0.03201480209827423,0.03377372398972511,0.001758921891450882,7.951149549335241,0.722068190574646,0.32566893100738525,0.32566893100738525,21.00388200000225,33.50884300004964,real_npy,0,1
54,/mnt/c/Users/Chirayu/Documents/GitHub/2D-to-3D-image-reconstruction/facescape_224/fsmview_trainset_5_16_grin_32.jpg,0.05919497087597847,0.06866326183080673,0.009468290954828262,7.977120690047741,0.6919867396354675,0.327193021774292,0.327193021774292,20.88725300001215,21.482519999949545,real_npy,0,1
55,/mnt/c/Users/Chirayu/Documents/GitHub/2D-to-3D-image-reconstruction/facescape_224/fsmview_trainset_20_3_mouth_stretch_47.jpg,0.1339665651321411,1.0188730955123901,0.884906530380249,21.50932415574789,2.1540305614471436,0.6468546390533447,0.6468546390533447,35.652040000002216,23.048697999968226,real_npy,0,1
56,/mnt/c/Users/Chirayu/Documents/GitHub/2D-to-3D-image-reconstruction/facescape_224/fsmview_trainset_12_13_lip_funneler_27.jpg,0.07334206998348236,0.07494422793388367,0.0016021579504013062,9.103534184396267,0.7798320651054382,0.5505934357643127,0.5505934357643127,20.937383999978465,20.73599599998488,real_npy,0,1
57,/mnt/c/Users/Chirayu/Documents/GitHub/2D-to-3D-image-reconstruction/facescape_224/fsmview_trainset_18_3_mouth_stretch_9.jpg,0.04391816258430481,0.04134942218661308,-0.0025687403976917267,8.280732665210962,0.7523162364959717,0.32537931203842163,0.32537931203842163,21.608060999994905,44.16066299995691,real_npy,0,1
58,/mnt/c/Users/Chirayu/Documents/GitHub/2D-to-3D-image-reconstruction/facescape_224/fsmview_trainset_9_3_mouth_stretch_2.jpg,0.0688764899969101,0.07455474883317947,0.005678258836269379,8.331908099353313,0.7546074986457825,0.3780031204223633,0.3780031204223633,84.59508900000401,19.142242000043552,real_npy,0,1
59,/mnt/c/Users/Chirayu/Documents/GitHub/2D-to-3D-image-reconstruction/facescape_224/fsmview_trainset_20_10_dimpler_26.jpg,0.052755266427993774,0.058274924755096436,0.005519658327102661,8.175934463739395,0.7197880744934082,0.4767512381076813,0.4767512381076813,23.389952000002268,21.85373599996865,real_npy,0,1
60,/mnt/c/Users/Chirayu/Documents/GitHub/2D-to-3D-image-reconstruction/facescape_224/fsmview_trainset_15_6_jaw_right_42.jpg,0.04481562599539757,0.04589679464697838,0.0010811686515808105,8.293993532657623,0.7019109725952148,0.567866861820221,0.567866861820221,53.064736999999695,19.62967200000776,real_npy,0,1
61,/mnt/c/Users/Chirayu/Documents/GitHub/2D-to-3D-image-reconstruction/facescape_224/fsmview_trainset_7_11_chin_raiser_8.jpg,0.04513144493103027,5.7662248611450195,5.721093416213989,54.83377556502819,6.927229404449463,0.3839183747768402,0.3839183747768402,21.407416999977613,28.176627000050303,real_npy,1,1
62,/mnt/c/Users/Chirayu/Documents/GitHub/2D-to-3D-image-reconstruction/facescape_224/fsmview_trainset_7_17_cheek_blowing_27.jpg,0.05984611436724663,0.07236751914024353,0.012521404772996902,8.446953766047955,0.6819738149642944,0.32437363266944885,0.32437363266944885,46.2408549999509,19.910719999984394,real_npy,0,1
63,/mnt/c/Users/Chirayu/Documents/GitHub/2D-to-3D-image-reconstruction/facescape_224/fsmview_trainset_11_1_neutral_19.jpg,0.06912782788276672,0.07382006198167801,0.004692234098911285,8.943545116111636,0.7161609530448914,0.535876452922821,0.535876452922821,23.31221800000094,24.310882999998285,real_npy,0,1
64,/mnt/c/Users/Chirayu/Documents/GitHub/2D-to-3D-image-reconstruction/facescape_224/fsmview_trainset_2_11_chin_raiser_8.jpg,0.051242779940366745,0.04887758195400238,-0.0023651979863643646,9.534191478043795,0.7785894870758057,0.46240171790122986,0.46240171790122986,20.40678699995624,31.801932000007582,real_npy,0,1
65,/mnt/c/Users/Chirayu/Documents/GitHub/2D-to-3D-image-reconstruction/facescape_224/fsmview_trainset_11_16_grin_59.jpg,0.07835134118795395,0.1027851328253746,0.024433791637420654,8.106306955218315,0.6848360300064087,0.415808767080307,0.415808767080307,19.690948999993907,19.483429999979762,real_npy,0,1
66,/mnt/c/Users/Chirayu/Documents/GitHub/2D-to-3D-image-reconstruction/facescape_224/fsmview_trainset_20_12_lip_puckerer_24.jpg,0.03806878253817558,0.04005248844623566,0.001983705908060074,7.888357575982809,0.6446064114570618,0.4573996365070343,0.4573996365070343,19.094735000010132,18.381650999970134,real_npy,0,1
67,/mnt/c/Users/Chirayu/Documents/GitHub/2D-to-3D-image-reconstruction/facescape_224/fsmview_trainset_2_13_lip_funneler_38.jpg,0.08479069173336029,0.0935869812965393,0.008796289563179016,8.066198408603668,0.720833420753479,0.3879821002483368,0.3879821002483368,23.941016000037507,19.59500800001024,real_npy,0,1
68,/mnt/c/Users/Chirayu/Documents/GitHub/2D-to-3D-image-reconstruction/facescape_224/fsmview_trainset_8_7_jaw_forward_33.jpg,0.033443666994571686,0.0333935022354126,-5.0164759159088135e-05,7.926658039912581,0.6651393175125122,0.28824177384376526,0.28824177384376526,25.78950000003033,40.2701070000262,real_npy,0,1
69,/mnt/c/Users/Chirayu/Documents/GitHub/2D-to-3D-image-reconstruction/facescape_224/fsmview_trainset_9_3_mouth_stretch_23.jpg,0.04612615704536438,0.048942387104034424,0.002816230058670044,7.437770519405603,0.7321343421936035,0.2986826002597809,0.2986826002597809,32.08708299996488,51.51017599996521,real_npy,0,1
70,/mnt/c/Users/Chirayu/Documents/GitHub/2D-to-3D-image-reconstruction/facescape_224/fsmview_trainset_14_10_dimpler_6.jpg,0.23112277686595917,0.4077829420566559,0.17666016519069672,7.896828319877386,0.8245133757591248,0.5996689200401306,0.5996689200401306,23.061132000009366,79.33927600004154,real_npy,0,1
71,/mnt/c/Users/Chirayu/Documents/GitHub/2D-to-3D-image-reconstruction/facescape_224/fsmview_trainset_3_10_dimpler_58.jpg,0.6394591331481934,0.6400625705718994,0.0006034374237060547,6.623918294906616,0.6086416244506836,0.3562989830970764,0.3562989830970764,19.8793039999714,20.710122999958003,real_npy,0,1
72,/mnt/c/Users/Chirayu/Documents/GitHub/2D-to-3D-image-reconstruction/facescape_224/fsmview_trainset_13_14_sadness_7.jpg,0.04226205497980118,0.041119202971458435,-0.001142852008342743,8.93595975637436,0.766792356967926,0.40943455696105957,0.40943455696105957,20.06003700000747,59.77750799996784,real_npy,0,1
73,/mnt/c/Users/Chirayu/Documents/GitHub/2D-to-3D-image-reconstruction/facescape_224/fsmview_trainset_10_14_sadness_54.jpg,0.04615764319896698,0.04904547706246376,0.0028878338634967804,8.388062451034784,0.7101576328277588,0.28871238231658936,0.28871238231658936,20.434640000019044,19.420141999944462,real_npy,0,1
74,/mnt/c/Users/Chirayu/Documents/GitHub/2D-to-3D-image-reconstruction/facescape_224/fsmview_trainset_6_16_grin_42.jpg,0.20520995557308197,0.21606676280498505,0.010856807231903076,6.441457111388445,0.6334871053695679,0.4100187420845032,0.4100187420845032,21.058734000007462,19.247983000013846,real_npy,0,0
75,/mnt/c/Users/Chirayu/Documents/GitHub/2D-to-3D-image-reconstruction/facescape_224/fsmview_trainset_18_2_smile_23.jpg,0.04213760793209076,0.041835714131593704,-0.00030189380049705505,9.053139386698604,0.7469450831413269,0.433594673871994,0.433594673871994,20.370204000016656,19.5792499999925,real_npy,0,1
76,/mnt/c/Users/Chirayu/Documents/GitHub/2D-to-3D-image-reconstruction/facescape_224/fsmview_trainset_4_15_lip_roll_47.jpg,0.03837868943810463,0.07194549590349197,0.033566806465387344,7.455580271780491,0.6905502080917358,0.2912098169326782,0.2912098169326782,22.006021000038345,19.55371799999739,real_npy,0,1
77,/mnt/c/Users/Chirayu/Documents/GitHub/2D-to-3D-image-reconstruction/facescape_224/fsmview_trainset_5_10_dimpler_39.jpg,0.26697009801864624,0.3438490033149719,0.07687890529632568,7.846824862062931,0.6985180974006653,0.42076393961906433,0.42076393961906433,19.22426600003746,18.362353999975767,real_npy,0,1
78,/mnt/c/Users/Chirayu/Documents/GitHub/2D-to-3D-image-reconstruction/facescape_224/fsmview_trainset_18_19_brow_raiser_42.jpg,0.10247767716646194,0.09880334138870239,-0.003674335777759552,8.88240684568882,0.8292765617370605,0.4893304705619812,0.4893304705619812,20.04591600001504,19.073541000011573,real_npy,0,1
79,/mnt/c/Users/Chirayu/Documents/GitHub/2D-to-3D-image-reconstruction/facescape_224/fsmview_trainset_11_19_brow_raiser_6.jpg,0.2078775316476822,0.3064010739326477,0.09852354228496552,8.385194707661867,0.7755225896835327,0.6263300776481628,0.6263300776481628,21.83141099999375,20.732295999948747,real_npy,0,1
80,/mnt/c/Users/Chirayu/Documents/GitHub/2D-to-3D-image-reconstruction/facescape_224/fsmview_trainset_11_18_eye_closed_51.jpg,0.7995133996009827,1.584911584854126,0.7853981852531433,27.028951479122043,2.5041720867156982,0.645382821559906,0.645382821559906,20.128201999966677,28.995068999961404,real_npy,0,1
81,/mnt/c/Users/Chirayu/Documents/GitHub/2D-to-3D-image-reconstruction/facescape_224/fsmview_trainset_1_4_anger_22.jpg,0.03255866840481758,141.87342834472656,141.84086967632174,232.3674907386303,169.9153289794922,0.3814079165458679,0.3814079165458679,21.055907999993906,18.77969800000301,real_npy,1,1
82,/mnt/c/Users/Chirayu/Documents/GitHub/2D-to-3D-image-reconstruction/facescape_224/fsmview_trainset_7_5_jaw_left_36.jpg,0.10658580809831619,0.11658848822116852,0.010002680122852325,7.940164029598236,0.7198655605316162,0.3903273046016693,0.3903273046016693,67.75740099999439,52.68092599999363,real_npy,0,1
83,/mnt/c/Users/Chirayu/Documents/GitHub/2D-to-3D-image-reconstruction/facescape_224/fsmview_trainset_8_3_mouth_stretch_19.jpg,0.040160171687603,0.03951551020145416,-0.0006446614861488342,7.666838030330837,0.749069333076477,0.25972944498062134,0.25972944498062134,19.29083699997136,18.81522399997948,real_npy,0,1
84,/mnt/c/Users/Chirayu/Documents/GitHub/2D-to-3D-image-reconstruction/facescape_224/fsmview_trainset_17_14_sadness_49.jpg,0.20969966053962708,0.19231769442558289,-0.01738196611404419,8.076300453394651,0.6514312028884888,0.43081820011138916,0.43081820011138916,56.620035000037205,19.064627000034307,real_npy,0,1
85,/mnt/c/Users/Chirayu/Documents/GitHub/2D-to-3D-image-reconstruction/facescape_224/fsmview_trainset_9_3_mouth_stretch_53.jpg,0.0697437971830368,0.07008994370698929,0.00034614652395248413,8.0207408554852,0.7750692963600159,0.45970505475997925,0.45970505475997925,113.78273999997646,45.745626999973865,real_npy,0,1
86,/mnt/c/Users/Chirayu/Documents/GitHub/2D-to-3D-image-reconstruction/facescape_224/fsmview_trainset_5_17_cheek_blowing_2.jpg,0.04717359319329262,0.04333120211958885,-0.003842391073703766,8.334957730025053,0.6759198904037476,0.4266803562641144,0.4266803562641144,20.306640000001153,20.619536000026528,real_npy,0,1
87,/mnt/c/Users/Chirayu/Documents/GitHub/2D-to-3D-image-reconstruction/facescape_224/fsmview_trainset_20_7_jaw_forward_4.jpg,0.5262984037399292,0.28323492407798767,-0.24306347966194153,7.534858636558056,0.7153835892677307,0.5671112537384033,0.5671112537384033,21.08606100000543,18.681949000040277,real_npy,0,1
88,/mnt/c/Users/Chirayu/Documents/GitHub/2D-to-3D-image-reconstruction/facescape_224/fsmview_trainset_12_4_anger_14.jpg,0.057259175926446915,0.05708155781030655,-0.0001776181161403656,9.36455525457859,0.7637186050415039,0.5405752658843994,0.5405752658843994,41.421992999971735,22.414281000010305,real_npy,0,1
89,/mnt/c/Users/Chirayu/Documents/GitHub/2D-to-3D-image-reconstruction/facescape_224/fsmview_trainset_10_3_mouth_stretch_53.jpg,0.15909256041049957,0.1681746393442154,0.00908207893371582,7.243705600500107,0.690575897693634,0.28949108719825745,0.28949108719825745,71.73948400003383,21.092705999990358,real_npy,0,1
90,/mnt/c/Users/Chirayu/Documents/GitHub/2D-to-3D-image-reconstruction/facescape_224/fsmview_trainset_5_12_lip_puckerer_18.jpg,0.033455777913331985,0.03366145119071007,0.00020567327737808228,8.297662239521742,0.688888669013977,0.40577077865600586,0.40577077865600586,24.08358500002805,21.826072999999724,real_npy,0,1
91,/mnt/c/Users/Chirayu/Documents/GitHub/2D-to-3D-image-reconstruction/facescape_224/fsmview_trainset_19_16_grin_26.jpg,0.05871082842350006,0.054199013859033585,-0.0045118145644664764,9.205755099654198,0.7727743983268738,0.44511106610298157,0.44511106610298157,21.363531999952556,22.46578699998736,real_npy,0,1
92,/mnt/c/Users/Chirayu/Documents/GitHub/2D-to-3D-image-reconstruction/facescape_224/fsmview_trainset_5_13_lip_funneler_12.jpg,0.058558329939842224,0.061998400837183,0.0034400708973407745,8.383217683061957,0.7121394872665405,0.41037556529045105,0.41037556529045105,21.51277000001528,22.755525999968995,real_npy,0,1
93,/mnt/c/Users/Chirayu/Documents/GitHub/2D-to-3D-image-reconstruction/facescape_224/fsmview_trainset_4_13_lip_funneler_31.jpg,0.035926397889852524,0.04142691195011139,0.005500514060258865,8.560587517917156,0.7171097993850708,0.2567184567451477,0.2567184567451477,23.269389999995838,21.911148000015146,real_npy,0,1
94,/mnt/c/Users/Chirayu/Documents/GitHub/2D-to-3D-image-reconstruction/facescape_224/fsmview_trainset_5_2_smile_9.jpg,0.050495415925979614,0.050339214503765106,-0.00015620142221450806,8.066909078508615,0.6616330742835999,0.3599402904510498,0.3599402904510498,20.323718000042845,19.802335000008497,real_npy,0,1
95,/mnt/c/Users/Chirayu/Documents/GitHub/2D-to-3D-image-reconstruction/facescape_224/fsmview_trainset_5_12_lip_puckerer_47.jpg,0.0804433822631836,0.09583565592765808,0.015392273664474487,9.285510091111064,0.7876412868499756,0.46147456765174866,0.46147456765174866,22.18900999997686,22.263355000006868,real_npy,0,1
96,/mnt/c/Users/Chirayu/Documents/GitHub/2D-to-3D-image-reconstruction/facescape_224/fsmview_trainset_14_5_jaw_left_49.jpg,0.7592232823371887,0.6537610292434692,-0.10546225309371948,7.300387382507324,0.736170768737793,0.5768978595733643,0.5768978595733643,22.036404999994375,22.95130599998174,real_npy,0,1
97,/mnt/c/Users/Chirayu/Documents/GitHub/2D-to-3D-image-reconstruction/facescape_224/fsmview_trainset_15_3_mouth_stretch_49.jpg,0.08391732722520828,0.09038092941045761,0.006463602185249329,8.591006636619568,0.7381430864334106,0.6070230603218079,0.6070230603218079,20.405559999971956,23.580302000027586,real_npy,0,1
98,/mnt/c/Users/Chirayu/Documents/GitHub/2D-to-3D-image-reconstruction/facescape_224/fsmview_trainset_19_18_eye_closed_54.jpg,0.0588630847632885,0.06690443307161331,0.008041348308324814,9.260820120573044,0.787440299987793,0.28122466802597046,0.28122466802597046,22.40735800000948,19.52330599999641,real_npy,0,1
99,/mnt/c/Users/Chirayu/Documents/GitHub/2D-to-3D-image-reconstruction/facescape_224/fsmview_trainset_7_2_smile_11.jpg,0.302481085062027,1.3157784938812256,1.0132974088191986,20.79460220783949,2.1200640201568604,0.591524600982666,0.591524600982666,20.79209300001139,25.176086999977088,real_npy,0,1
100,/mnt/c/Users/Chirayu/Documents/GitHub/2D-to-3D-image-reconstruction/facescape_224/fsmview_trainset_19_7_jaw_forward_7.jpg,0.0631989911198616,0.08115018904209137,0.017951197922229767,8.59463126026094,0.6988276243209839,0.20117506384849548,0.20117506384849548,20.72640900001943,20.28494500001443,real_npy,0,1
101,/mnt/c/Users/Chirayu/Documents/GitHub/2D-to-3D-image-reconstruction/facescape_224/fsmview_trainset_14_5_jaw_left_64.jpg,0.06145239621400833,0.06088890880346298,-0.0005634874105453491,8.21644908376038,0.7858898043632507,0.415963351726532,0.415963351726532,21.114774000011494,20.0704490000021,real_npy,0,1
102,/mnt/c/Users/Chirayu/Documents/GitHub/2D-to-3D-image-reconstruction/facescape_224/fsmview_trainset_17_19_brow_raiser_30.jpg,0.05124911665916443,0.04776271805167198,-0.003486398607492447,8.942704804241657,0.7194099426269531,0.29127731919288635,0.29127731919288635,23.752170999955524,53.77247199999147,real_npy,0,1
103,/mnt/c/Users/Chirayu/Documents/GitHub/2D-to-3D-image-reconstruction/facescape_224/fsmview_trainset_2_2_smile_6.jpg,0.0753604844212532,0.08037282526493073,0.005012340843677521,8.896855555474758,0.7793512940406799,0.38911545276641846,0.38911545276641846,21.97186299997611,20.090622999987318,real_npy,0,1
104,/mnt/c/Users/Chirayu/Documents/GitHub/2D-to-3D-image-reconstruction/facescape_224/fsmview_trainset_20_2_smile_33.jpg,0.04168032854795456,0.04521672800183296,0.0035363994538784027,7.672758214175701,0.7180643677711487,0.479145884513855,0.479145884513855,19.915189000016653,20.330957999988186,real_npy,0,1
105,/mnt/c/Users/Chirayu/Documents/GitHub/2D-to-3D-image-reconstruction/facescape_224/fsmview_trainset_18_4_anger_7.jpg,0.052233852446079254,0.05806756764650345,0.005833715200424194,8.1574343778193,0.7051233649253845,0.2918267846107483,0.2918267846107483,19.562957999994524,24.912416999995912,real_npy,0,1
106,/mnt/c/Users/Chirayu/Documents/GitHub/2D-to-3D-image-reconstruction/facescape_224/fsmview_trainset_11_19_brow_raiser_61.jpg,0.813056468963623,0.8309251070022583,0.017868638038635254,7.914141148328781,0.6633827686309814,0.5321911573410034,0.5321911573410034,62.782184000013785,18.74153099998921,real_npy,0,1
107,/mnt/c/Users/Chirayu/Documents/GitHub/2D-to-3D-image-reconstruction/facescape_224/fsmview_trainset_12_8_mouth_left_32.jpg,0.3125944435596466,0.3033652603626251,-0.009229183197021484,7.840529650449753,0.7937175631523132,0.5071002840995789,0.5071002840995789,20.499918999973943,21.731721000037396,real_npy,0,1
108,/mnt/c/Users/Chirayu/Documents/GitHub/2D-to-3D-image-reconstruction/facescape_224/fsmview_trainset_14_14_sadness_62.jpg,0.3682492673397064,0.36631155014038086,-0.0019377171993255615,7.353154592216015,0.6112020015716553,0.5168671011924744,0.5168671011924744,21.117658999969535,81.84589299997924,real_npy,0,1
109,/mnt/c/Users/Chirayu/Documents/GitHub/2D-to-3D-image-reconstruction/facescape_224/fsmview_trainset_9_6_jaw_right_23.jpg,0.052128635346889496,0.05385713651776314,0.001728501170873642,8.830344652757049,0.7357864379882812,0.42426565289497375,0.42426565289497375,55.91719599999578,20.775040999978955,real_npy,0,1
110,/mnt/c/Users/Chirayu/Documents/GitHub/2D-to-3D-image-reconstruction/facescape_224/fsmview_trainset_3_2_smile_47.jpg,0.07933454215526581,0.09322713315486908,0.013892590999603271,9.258784520439804,0.7418350577354431,0.4756621718406677,0.4756621718406677,41.83709800003044,21.445096999968882,real_npy,0,1
111,/mnt/c/Users/Chirayu/Documents/GitHub/2D-to-3D-image-reconstruction/facescape_224/fsmview_trainset_18_11_chin_raiser_19.jpg,0.05531183257699013,0.05895534157752991,0.0036435090005397797,9.374547118321061,0.7381816506385803,0.4180615544319153,0.4180615544319153,52.67019699999764,21.319983000012144,real_npy,0,1
112,/mnt/c/Users/Chirayu/Documents/GitHub/2D-to-3D-image-reconstruction/facescape_224/fsmview_trainset_13_3_mouth_stretch_8.jpg,0.04441099241375923,0.045274488627910614,0.0008634962141513824,7.653498459607363,0.688727080821991,0.32488664984703064,0.32488664984703064,21.63846299998795,21.496749999982967,real_npy,0,1
113,/mnt/c/Users/Chirayu/Documents/GitHub/2D-to-3D-image-reconstruction/facescape_224/fsmview_trainset_4_13_lip_funneler_20.jpg,0.03715067729353905,0.03716762736439705,1.695007085800171e-05,8.407347060739994,0.7078757882118225,0.2686648666858673,0.2686648666858673,20.062843999994584,20.123506000004454,real_npy,0,1
114,/mnt/c/Users/Chirayu/Documents/GitHub/2D-to-3D-image-reconstruction/facescape_224/fsmview_trainset_17_15_lip_roll_3.jpg,0.0629020407795906,0.06168719753623009,-0.0012148432433605194,7.843207497149706,0.6689825654029846,0.39266979694366455,0.39266979694366455,88.18575899999814,22.98661300000049,real_npy,0,1
115,/mnt/c/Users/Chirayu/Documents/GitHub/2D-to-3D-image-reconstruction/facescape_224/fsmview_trainset_19_2_smile_50.jpg,0.05451707914471626,0.055614445358514786,0.001097366213798523,8.935757981613278,0.6849272847175598,0.3927384912967682,0.3927384912967682,21.899939000036284,20.71140500004276,real_npy,0,1
116,/mnt/c/Users/Chirayu/Documents/GitHub/2D-to-3D-image-reconstruction/facescape_224/fsmview_trainset_13_14_sadness_18.jpg,0.04318247362971306,0.04299303516745567,-0.00018943846225738525,9.143970642238855,0.8083468675613403,0.32346799969673157,0.32346799969673157,20.434231000024283,18.871536999995442,real_npy,0,1
117,/mnt/c/Users/Chirayu/Documents/GitHub/2D-to-3D-image-reconstruction/facescape_224/fsmview_trainset_8_14_sadness_24.jpg,0.03172740340232849,0.03149058297276497,-0.00023682042956352234,7.771167641505599,0.656677782535553,0.27247345447540283,0.27247345447540283,27.7891220000015,31.74884699996028,real_npy,0,1
118,/mnt/c/Users/Chirayu/Documents/GitHub/2D-to-3D-image-reconstruction/facescape_224/fsmview_trainset_5_3_mouth_stretch_16.jpg,0.0321027897298336,10.796819686889648,10.764716897159815,73.90500090271235,12.17201042175293,0.29223939776420593,0.29223939776420593,21.639374000017142,17.92926000001671,real_npy,1,1
119,/mnt/c/Users/Chirayu/Documents/GitHub/2D-to-3D-image-reconstruction/facescape_224/fsmview_trainset_8_6_jaw_right_38.jpg,0.16493229568004608,0.1512106955051422,-0.01372160017490387,8.251181058585644,0.8655366897583008,0.48668181896209717,0.48668181896209717,23.681119999992006,22.18437700003051,real_npy,0,1
120,/mnt/c/Users/Chirayu/Documents/GitHub/2D-to-3D-image-reconstruction/facescape_224/fsmview_trainset_13_8_mouth_left_57.jpg,0.6641585230827332,0.7470189332962036,0.08286041021347046,6.77154566347599,0.7002043128013611,0.42964106798171997,0.42964106798171997,20.143533000009484,41.53200199999674,real_npy,0,1
121,/mnt/c/Users/Chirayu/Documents/GitHub/2D-to-3D-image-reconstruction/facescape_224/fsmview_trainset_8_4_anger_35.jpg,0.033668309450149536,0.03511672094464302,0.0014484114944934845,7.913756493479013,0.6581197381019592,0.2984746992588043,0.2984746992588043,86.07263300001478,20.238920999986476,real_npy,0,1
122,/mnt/c/Users/Chirayu/Documents/GitHub/2D-to-3D-image-reconstruction/facescape_224/fsmview_trainset_1_19_brow_raiser_31.jpg,0.0389481857419014,0.6745824217796326,0.6356342360377312,17.636274190619588,1.5949420928955078,0.3074721097946167,0.3074721097946167,19.852823999997327,21.694208999974762,real_npy,0,1
123,/mnt/c/Users/Chirayu/Documents/GitHub/2D-to-3D-image-reconstruction/facescape_224/fsmview_trainset_19_2_smile_7.jpg,0.03586580976843834,0.0405074767768383,0.004641667008399963,8.437219379469752,0.7112366557121277,0.19844448566436768,0.19844448566436768,34.22659699998576,21.65591499999664,real_npy,0,1
124,/mnt/c/Users/Chirayu/Documents/GitHub/2D-to-3D-image-reconstruction/facescape_224/fsmview_trainset_19_18_eye_closed_49.jpg,0.4540591239929199,0.3943628966808319,-0.05969622731208801,7.992128178477287,0.714089572429657,0.3674760162830353,0.3674760162830353,20.51157900001499,18.564376999961496,real_npy,0,1
125,/mnt/c/Users/Chirayu/Documents/GitHub/2D-to-3D-image-reconstruction/facescape_224/fsmview_trainset_14_16_grin_38.jpg,0.058613020926713943,0.049989692866802216,-0.008623328059911728,8.01308248564601,0.6896867752075195,0.3453919589519501,0.3453919589519501,19.776319000015974,19.988425999997617,real_npy,0,1
126,/mnt/c/Users/Chirayu/Documents/GitHub/2D-to-3D-image-reconstruction/facescape_224/fsmview_trainset_1_16_grin_12.jpg,0.052370741963386536,0.05533692613244057,0.0029661841690540314,7.828736782073975,0.7430830597877502,0.3341594934463501,0.3341594934463501,34.933559000023706,27.97071300000198,real_npy,0,1
127,/mnt/c/Users/Chirayu/Documents/GitHub/2D-to-3D-image-reconstruction/facescape_224/fsmview_trainset_16_12_lip_puckerer_19.jpg,0.0688847154378891,0.07022815197706223,0.0013434365391731262,8.684210719540715,0.716610848903656,0.37460312247276306,0.37460312247276306,85.80383700001448,68.69687700003624,real_npy,0,1
128,/mnt/c/Users/Chirayu/Documents/GitHub/2D-to-3D-image-reconstruction/facescape_224/fsmview_trainset_4_12_lip_puckerer_0.jpg,0.1279647797346115,0.131770521402359,0.0038057416677474976,8.599125884473324,0.7569741010665894,0.2667295038700104,0.2667295038700104,24.573723000003156,45.717754999998306,real_npy,0,1
129,/mnt/c/Users/Chirayu/Documents/GitHub/2D-to-3D-image-reconstruction/facescape_224/fsmview_trainset_4_4_anger_12.jpg,0.05773250386118889,0.06589873880147934,0.008166234940290451,8.00209505110979,0.7385493516921997,0.28307652473449707,0.28307652473449707,20.792373000006137,21.167866999974194,real_npy,0,1
130,/mnt/c/Users/Chirayu/Documents/GitHub/2D-to-3D-image-reconstruction/facescape_224/fsmview_trainset_2_20_brow_lower_29.jpg,0.09953051060438156,0.11977038532495499,0.020239874720573425,8.281087838113308,0.6778798699378967,0.32357504963874817,0.32357504963874817,21.41862800004901,22.03262999995559,real_npy,0,1
131,/mnt/c/Users/Chirayu/Documents/GitHub/2D-to-3D-image-reconstruction/facescape_224/fsmview_trainset_3_16_grin_3.jpg,0.048601020127534866,0.04760661721229553,-0.000994402915239334,7.18778720125556,0.6847593784332275,0.3760710060596466,0.3760710060596466,21.376186999987112,47.687092999979086,real_npy,0,1
132,/mnt/c/Users/Chirayu/Documents/GitHub/2D-to-3D-image-reconstruction/facescape_224/fsmview_trainset_14_4_anger_8.jpg,0.47626304626464844,0.5903208255767822,0.11405777931213379,8.36427167057991,0.7372506260871887,0.5535610318183899,0.5535610318183899,24.066001999983655,26.517232999992757,real_npy,0,1
133,/mnt/c/Users/Chirayu/Documents/GitHub/2D-to-3D-image-reconstruction/facescape_224/fsmview_trainset_11_5_jaw_left_27.jpg,0.03250182420015335,2.1264028549194336,2.0939010307192802,32.896197797730565,3.2328121662139893,0.5232556462287903,0.5232556462287903,24.879279000003862,31.39589399995657,real_npy,1,1
134,/mnt/c/Users/Chirayu/Documents/GitHub/2D-to-3D-image-reconstruction/facescape_224/fsmview_trainset_12_13_lip_funneler_10.jpg,0.48824113607406616,0.4748183488845825,-0.013422787189483643,6.739948078989983,0.6243042945861816,0.5487250089645386,0.5487250089645386,26.216438000005837,18.54270199999064,real_npy,0,1
135,/mnt/c/Users/Chirayu/Documents/GitHub/2D-to-3D-image-reconstruction/facescape_224/fsmview_trainset_3_5_jaw_left_2.jpg,0.08088521659374237,0.08972657471895218,0.008841358125209808,7.842498600482941,0.7293903827667236,0.4267158806324005,0.4267158806324005,72.67475000003287,20.6280649999826,real_npy,0,1
136,/mnt/c/Users/Chirayu/Documents/GitHub/2D-to-3D-image-reconstruction/facescape_224/fsmview_trainset_18_9_mouth_right_32.jpg,0.22820843756198883,157.8357391357422,157.6075306981802,243.03435668349266,195.4588165283203,0.25222504138946533,0.25222504138946533,20.938539999974637,31.428136999977596,real_npy,1,1
137,/mnt/c/Users/Chirayu/Documents/GitHub/2D-to-3D-image-reconstruction/facescape_224/fsmview_trainset_9_1_neutral_36.jpg,0.1637669801712036,0.17954006791114807,0.015773087739944458,7.679372917860746,0.6626377105712891,0.3627096116542816,0.3627096116542816,60.79789500000743,19.026904000043032,real_npy,0,1
138,/mnt/c/Users/Chirayu/Documents/GitHub/2D-to-3D-image-reconstruction/facescape_224/fsmview_trainset_9_9_mouth_right_57.jpg,0.6391383409500122,0.683428168296814,0.04428982734680176,6.968820460140705,0.6515371203422546,0.4303637742996216,0.4303637742996216,44.205559999966226,26.986528000009002,real_npy,0,1
139,/mnt/c/Users/Chirayu/Documents/GitHub/2D-to-3D-image-reconstruction/facescape_224/fsmview_trainset_4_3_mouth_stretch_23.jpg,0.03782113268971443,0.037649717181921005,-0.00017141550779342651,8.212909191846848,0.6830064058303833,0.2932663857936859,0.2932663857936859,24.362022000048,21.787854999956835,real_npy,0,1
140,/mnt/c/Users/Chirayu/Documents/GitHub/2D-to-3D-image-reconstruction/facescape_224/fsmview_trainset_8_8_mouth_left_40.jpg,0.274676114320755,0.2734124958515167,-0.0012636184692382812,6.555733278393745,0.6737270951271057,0.471128910779953,0.471128910779953,20.584644999985358,19.191723000005823,real_npy,0,1
141,/mnt/c/Users/Chirayu/Documents/GitHub/2D-to-3D-image-reconstruction/facescape_224/fsmview_trainset_18_4_anger_40.jpg,0.1438964158296585,0.15468594431877136,0.010789528489112854,7.223147943615913,0.6527205109596252,0.5798562169075012,0.5798562169075012,56.454580999968584,19.907209999985298,real_npy,0,1
142,/mnt/c/Users/Chirayu/Documents/GitHub/2D-to-3D-image-reconstruction/facescape_224/fsmview_trainset_9_2_smile_39.jpg,0.17448584735393524,0.19453203678131104,0.020046189427375793,7.483912814408541,0.6499853730201721,0.4482518434524536,0.4482518434524536,20.957667000004676,20.648837999999614,real_npy,0,1
143,/mnt/c/Users/Chirayu/Documents/GitHub/2D-to-3D-image-reconstruction/facescape_224/fsmview_trainset_5_12_lip_puckerer_39.jpg,0.0755334198474884,0.07881445437669754,0.003281034529209137,8.334132544696331,0.7697959542274475,0.43376246094703674,0.43376246094703674,37.32081100002915,71.17616100003943,real_npy,0,1
144,/mnt/c/Users/Chirayu/Documents/GitHub/2D-to-3D-image-reconstruction/facescape_224/fsmview_trainset_10_8_mouth_left_13.jpg,0.08274316042661667,0.08405701071023941,0.0013138502836227417,7.223718479275703,0.6392015218734741,0.45663774013519287,0.45663774013519287,70.17514700004313,19.69696600002635,real_npy,0,1
145,/mnt/c/Users/Chirayu/Documents/GitHub/2D-to-3D-image-reconstruction/facescape_224/fsmview_trainset_8_16_grin_49.jpg,0.38879793882369995,0.3619898855686188,-0.026808053255081177,7.755760759115219,0.6759244799613953,0.48483899235725403,0.48483899235725403,50.884268999993765,31.189780000033807,real_npy,0,1
146,/mnt/c/Users/Chirayu/Documents/GitHub/2D-to-3D-image-reconstruction/facescape_224/fsmview_trainset_7_18_eye_closed_36.jpg,0.10098826140165329,0.11124564707279205,0.010257385671138763,7.872963979840279,0.7001803517341614,0.4068131446838379,0.4068131446838379,22.013789999959954,57.30617400001847,real_npy,0,1
147,/mnt/c/Users/Chirayu/Documents/GitHub/2D-to-3D-image-reconstruction/facescape_224/fsmview_trainset_16_16_grin_29.jpg,0.032775990664958954,0.03426029533147812,0.001484304666519165,7.945017404854298,0.6928251385688782,0.3376433253288269,0.3376433253288269,35.845939000012095,90.95674400003873,real_npy,0,1
148,/mnt/c/Users/Chirayu/Documents/GitHub/2D-to-3D-image-reconstruction/facescape_224/fsmview_trainset_17_9_mouth_right_31.jpg,0.0428955964744091,0.045806337147951126,0.0029107406735420227,8.779040683060884,0.7086678147315979,0.4191829562187195,0.4191829562187195,43.72932900002979,67.34527100002197,real_npy,0,1
149,/mnt/c/Users/Chirayu/Documents/GitHub/2D-to-3D-image-reconstruction/facescape_224/fsmview_trainset_7_20_brow_lower_32.jpg,0.05464879795908928,0.060744158923625946,0.006095360964536667,8.1034363694489,0.6860218048095703,0.3549964427947998,0.3549964427947998,20.54268699998829,26.889944000004107,real_npy,0,1
150,/mnt/c/Users/Chirayu/Documents/GitHub/2D-to-3D-image-reconstruction/facescape_224/fsmview_trainset_11_16_grin_65.jpg,0.05806310474872589,0.05603013187646866,-0.0020329728722572327,8.975506033748388,0.7774677872657776,0.4806336760520935,0.4806336760520935,28.082411000013963,25.28819700000895,real_npy,0,1
151,/mnt/c/Users/Chirayu/Documents/GitHub/2D-to-3D-image-reconstruction/facescape_224/fsmview_trainset_12_18_eye_closed_29.jpg,0.05429164320230484,0.054468315094709396,0.00017667189240455627,9.262310774996877,0.7642068862915039,0.5501218438148499,0.5501218438148499,85.20067000000608,22.536222999974598,real_npy,0,1
152,/mnt/c/Users/Chirayu/Documents/GitHub/2D-to-3D-image-reconstruction/facescape_224/fsmview_trainset_10_6_jaw_right_7.jpg,0.04721193015575409,0.05361213535070419,0.006400205194950104,7.4641457721591,0.6532434821128845,0.23040005564689636,0.23040005564689636,19.543695999971078,19.631497000034415,real_npy,0,1
153,/mnt/c/Users/Chirayu/Documents/GitHub/2D-to-3D-image-reconstruction/facescape_224/fsmview_trainset_11_14_sadness_31.jpg,0.03371409326791763,0.035803552716970444,0.0020894594490528107,8.15210198611021,0.6532654762268066,0.4771769940853119,0.4771769940853119,20.5476160000444,20.273911000003864,real_npy,0,1
154,/mnt/c/Users/Chirayu/Documents/GitHub/2D-to-3D-image-reconstruction/facescape_224/fsmview_trainset_7_13_lip_funneler_14.jpg,0.03983668237924576,0.03924398496747017,-0.000592697411775589,8.166854013688862,0.6981745958328247,0.43016529083251953,0.43016529083251953,22.091260000024704,24.524384000017108,real_npy,0,1
155,/mnt/c/Users/Chirayu/Documents/GitHub/2D-to-3D-image-reconstruction/facescape_224/fsmview_trainset_1_14_sadness_32.jpg,0.3029589354991913,35.74946594238281,35.44650700688362,128.79076570272446,39.984039306640625,0.23917536437511444,0.23917536437511444,35.91599599997153,19.749994000051174,real_npy,1,1
156,/mnt/c/Users/Chirayu/Documents/GitHub/2D-to-3D-image-reconstruction/facescape_224/fsmview_trainset_15_12_lip_puckerer_43.jpg,0.05755125731229782,0.058184780180454254,0.0006335228681564331,8.40034968405962,0.6793925762176514,0.5713145732879639,0.5713145732879639,20.138072000008833,27.222462999986874,real_npy,0,1
157,/mnt/c/Users/Chirayu/Documents/GitHub/2D-to-3D-image-reconstruction/facescape_224/fsmview_trainset_14_2_smile_47.jpg,0.06942752003669739,0.7469311952590942,0.6775036752223969,17.633705463260412,1.7436023950576782,0.6600844860076904,0.6600844860076904,21.182817000010346,24.257964000014454,real_npy,0,1
158,/mnt/c/Users/Chirayu/Documents/GitHub/2D-to-3D-image-reconstruction/facescape_224/fsmview_trainset_7_3_mouth_stretch_54.jpg,0.07600820809602737,0.07537230104207993,-0.0006359070539474487,8.030234050005674,0.759386420249939,0.5117875337600708,0.5117875337600708,96.00565900001357,19.913540999993984,real_npy,0,1
159,/mnt/c/Users/Chirayu/Documents/GitHub/2D-to-3D-image-reconstruction/facescape_224/fsmview_trainset_8_10_dimpler_53.jpg,0.04999280720949173,0.051003191620111465,0.0010103844106197357,8.230792857706547,0.7244133353233337,0.2640915513038635,0.2640915513038635,35.99559799999952,33.992833000013434,real_npy,0,1
160,/mnt/c/Users/Chirayu/Documents/GitHub/2D-to-3D-image-reconstruction/facescape_224/fsmview_trainset_15_11_chin_raiser_14.jpg,0.2266613394021988,0.27879244089126587,0.05213110148906708,8.654081016778946,0.7347614765167236,0.5614816546440125,0.5614816546440125,52.00660899998866,21.555202999991252,real_npy,0,1
161,/mnt/c/Users/Chirayu/Documents/GitHub/2D-to-3D-image-reconstruction/facescape_224/fsmview_trainset_5_15_lip_roll_3.jpg,0.3788364827632904,0.3804199695587158,0.001583486795425415,7.2646447494626045,0.6438067555427551,0.362200528383255,0.362200528383255,20.0265090000471,20.894968999982666,real_npy,0,1
162,/mnt/c/Users/Chirayu/Documents/GitHub/2D-to-3D-image-reconstruction/facescape_224/fsmview_trainset_12_6_jaw_right_24.jpg,0.12165918201208115,0.13898566365242004,0.017326481640338898,8.308943167328835,0.711578905582428,0.45315665006637573,0.45315665006637573,21.965195000007043,19.704521999983626,real_npy,0,1
163,/mnt/c/Users/Chirayu/Documents/GitHub/2D-to-3D-image-reconstruction/facescape_224/fsmview_trainset_6_14_sadness_44.jpg,0.16960427165031433,0.14939908683300018,-0.020205184817314148,7.4801498502492905,0.6921760439872742,0.4048716127872467,0.4048716127872467,21.2878439999713,21.395600999994713,real_npy,0,1
164,/mnt/c/Users/Chirayu/Documents/GitHub/2D-to-3D-image-reconstruction/facescape_224/fsmview_trainset_8_1_neutral_47.jpg,0.038762520998716354,0.03823014348745346,-0.0005323775112628937,8.057859592139721,0.6677230596542358,0.3082064688205719,0.3082064688205719,23.485429000004387,22.87054599997873,real_npy,0,1
165,/mnt/c/Users/Chirayu/Documents/GitHub/2D-to-3D-image-reconstruction/facescape_224/fsmview_trainset_13_5_jaw_left_39.jpg,0.2929447293281555,0.30817630887031555,0.015231579542160034,7.977227419614792,0.69866544008255,0.3057522773742676,0.3057522773742676,31.432865999988735,25.730734999967808,real_npy,0,1
166,/mnt/c/Users/Chirayu/Documents/GitHub/2D-to-3D-image-reconstruction/facescape_224/fsmview_trainset_18_15_lip_roll_32.jpg,0.03449784964323044,11.88070011138916,11.84620226174593,77.61113326996565,13.311891555786133,0.4282306432723999,0.4282306432723999,35.80574099999012,21.212138999999297,real_npy,1,1
167,/mnt/c/Users/Chirayu/Documents/GitHub/2D-to-3D-image-reconstruction/facescape_224/fsmview_trainset_9_11_chin_raiser_20.jpg,0.08159343898296356,0.08554379642009735,0.003950357437133789,9.820807106327266,0.8050201535224915,0.38894668221473694,0.38894668221473694,21.96105699999862,72.9851880000183,real_npy,0,1
168,/mnt/c/Users/Chirayu/Documents/GitHub/2D-to-3D-image-reconstruction/facescape_224/fsmview_trainset_15_7_jaw_forward_41.jpg,0.3034454882144928,0.31625309586524963,0.012807607650756836,8.144903935492039,0.7002316117286682,0.5076743364334106,0.5076743364334106,78.72372299999597,23.506096000005527,real_npy,0,1
169,/mnt/c/Users/Chirayu/Documents/GitHub/2D-to-3D-image-reconstruction/facescape_224/fsmview_trainset_17_1_neutral_56.jpg,0.0699566975235939,0.07588726282119751,0.005930565297603607,9.136829698458314,0.7613047361373901,0.41640201210975647,0.41640201210975647,21.47196199996415,23.0874780000363,real_npy,0,1
170,/mnt/c/Users/Chirayu/Documents/GitHub/2D-to-3D-image-reconstruction/facescape_224/fsmview_trainset_12_16_grin_55.jpg,0.03843318298459053,0.04001851752400398,0.0015853345394134521,8.662948928773403,0.7704653739929199,0.3993988335132599,0.3993988335132599,55.73172300000806,70.42550699998174,real_npy,0,1
171,/mnt/c/Users/Chirayu/Documents/GitHub/2D-to-3D-image-reconstruction/facescape_224/fsmview_trainset_18_20_brow_lower_21.jpg,0.04189734160900116,0.04301007464528084,0.0011127330362796783,8.137076092883945,0.660739541053772,0.36455392837524414,0.36455392837524414,20.651417000010497,19.150746000036634,real_npy,0,1
172,/mnt/c/Users/Chirayu/Documents/GitHub/2D-to-3D-image-reconstruction/facescape_224/fsmview_trainset_5_5_jaw_left_40.jpg,0.15942054986953735,0.16358181834220886,0.004161268472671509,7.8018258810043335,0.6952949166297913,0.4378482401371002,0.4378482401371002,21.205312000006415,20.547233000002052,real_npy,0,1
173,/mnt/c/Users/Chirayu/Documents/GitHub/2D-to-3D-image-reconstruction/facescape_224/fsmview_trainset_1_19_brow_raiser_52.jpg,0.03657481074333191,0.03686467185616493,0.00028986111283302307,8.31302019674331,0.7008991837501526,0.3034045100212097,0.3034045100212097,38.50596699999187,47.386293999977624,real_npy,0,1
174,/mnt/c/Users/Chirayu/Documents/GitHub/2D-to-3D-image-reconstruction/facescape_224/fsmview_trainset_16_5_jaw_left_3.jpg,0.064259372651577,0.06471064686775208,0.00045127421617507935,8.061368703842163,0.7529075741767883,0.39737433195114136,0.39737433195114136,24.054750000004788,31.918666000024132,real_npy,0,1
175,/mnt/c/Users/Chirayu/Documents/GitHub/2D-to-3D-image-reconstruction/facescape_224/fsmview_trainset_19_5_jaw_left_1.jpg,0.04251968115568161,0.04205379635095596,-0.00046588480472564697,8.388102985918522,0.7052079439163208,0.23397429287433624,0.23397429287433624,128.14607199999273,34.13290599996799,real_npy,0,1
176,/mnt/c/Users/Chirayu/Documents/GitHub/2D-to-3D-image-reconstruction/facescape_224/fsmview_trainset_14_7_jaw_forward_22.jpg,0.03372487425804138,0.03274349495768547,-0.0009813793003559113,6.963468419387937,0.6262699961662292,0.4333280026912689,0.4333280026912689,20.762527999977465,20.879296999964936,real_npy,0,1
177,/mnt/c/Users/Chirayu/Documents/GitHub/2D-to-3D-image-reconstruction/facescape_224/fsmview_trainset_14_8_mouth_left_58.jpg,0.05393775925040245,0.050695307552814484,-0.003242451697587967,8.315278328955173,0.7613401412963867,0.35005784034729004,0.35005784034729004,77.38103200000523,29.23760900000616,real_npy,0,1
178,/mnt/c/Users/Chirayu/Documents/GitHub/2D-to-3D-image-reconstruction/facescape_224/fsmview_trainset_19_13_lip_funneler_4.jpg,0.09504179656505585,0.10360801964998245,0.008566223084926605,8.536837946623564,0.7293460369110107,0.21039991080760956,0.21039991080760956,82.77242899998782,81.35323900000913,real_npy,0,1
179,/mnt/c/Users/Chirayu/Documents/GitHub/2D-to-3D-image-reconstruction/facescape_224/fsmview_trainset_14_2_smile_10.jpg,0.0860874280333519,0.08482404798269272,-0.0012633800506591797,8.047219678759575,0.6647147536277771,0.606490433216095,0.606490433216095,22.029186999986905,44.72021100002621,real_npy,0,1
180,/mnt/c/Users/Chirayu/Documents/GitHub/2D-to-3D-image-reconstruction/facescape_224/fsmview_trainset_5_5_jaw_left_16.jpg,0.03447854146361351,0.03621320053935051,0.0017346590757369995,8.251472540199757,0.6922491192817688,0.31592002511024475,0.31592002511024475,28.385596999953577,20.126348000019334,real_npy,0,1
181,/mnt/c/Users/Chirayu/Documents/GitHub/2D-to-3D-image-reconstruction/facescape_224/fsmview_trainset_13_4_anger_6.jpg,0.14434584975242615,0.13206815719604492,-0.012277692556381226,8.505505792796612,0.6944565176963806,0.46374231576919556,0.46374231576919556,21.61612999998397,20.53911499996275,real_npy,0,1
182,/mnt/c/Users/Chirayu/Documents/GitHub/2D-to-3D-image-reconstruction/facescape_224/fsmview_trainset_11_2_smile_48.jpg,0.8807446956634521,0.6913876533508301,-0.18935704231262207,7.408451307564974,0.7073085904121399,0.5795509219169617,0.5795509219169617,22.110579000013786,20.327498999961335,real_npy,0,1
183,/mnt/c/Users/Chirayu/Documents/GitHub/2D-to-3D-image-reconstruction/facescape_224/fsmview_trainset_9_4_anger_35.jpg,0.055352263152599335,0.05439336597919464,-0.0009588971734046936,8.30331202968955,0.6397695541381836,0.388292521238327,0.388292521238327,20.62923400001182,19.49225999999271,real_npy,0,1
184,/mnt/c/Users/Chirayu/Documents/GitHub/2D-to-3D-image-reconstruction/facescape_224/fsmview_trainset_3_12_lip_puckerer_1.jpg,0.08085473626852036,0.07888343930244446,-0.001971296966075897,8.70162046700716,0.7228753566741943,0.4295082688331604,0.4295082688331604,20.188494000024093,19.13311200001999,real_npy,0,1
185,/mnt/c/Users/Chirayu/Documents/GitHub/2D-to-3D-image-reconstruction/facescape_224/fsmview_trainset_13_7_jaw_forward_55.jpg,0.04866183549165726,0.05579996854066849,0.0071381330490112305,8.697663327679038,0.7492508888244629,0.35551226139068604,0.35551226139068604,21.003524000036577,22.339035000015883,real_npy,0,1
186,/mnt/c/Users/Chirayu/Documents/GitHub/2D-to-3D-image-reconstruction/facescape_224/fsmview_trainset_15_19_brow_raiser_12.jpg,0.08261550217866898,0.9916263222694397,0.9090108200907707,21.37447177246213,1.9893162250518799,0.6005553603172302,0.6005553603172302,21.386651000000256,58.64680800004862,real_npy,0,1
187,/mnt/c/Users/Chirayu/Documents/GitHub/2D-to-3D-image-reconstruction/facescape_224/fsmview_trainset_7_8_mouth_left_26.jpg,0.04368755966424942,0.044969525188207626,0.0012819655239582062,8.244230326265097,0.6654253602027893,0.35146886110305786,0.35146886110305786,21.87924899999416,22.827900999971007,real_npy,0,1
188,/mnt/c/Users/Chirayu/Documents/GitHub/2D-to-3D-image-reconstruction/facescape_224/fsmview_trainset_6_5_jaw_left_35.jpg,0.035714149475097656,0.03817408159375191,0.002459932118654251,8.195485308766365,0.6676312685012817,0.3788807988166809,0.3788807988166809,20.54495200002293,20.374992000029124,real_npy,0,1
189,/mnt/c/Users/Chirayu/Documents/GitHub/2D-to-3D-image-reconstruction/facescape_224/fsmview_trainset_13_7_jaw_forward_34.jpg,0.8456661105155945,0.81581711769104,-0.029848992824554443,6.821323052048683,0.6824685335159302,0.355803906917572,0.355803906917572,22.662067999988267,21.781045000011545,real_npy,0,1
190,/mnt/c/Users/Chirayu/Documents/GitHub/2D-to-3D-image-reconstruction/facescape_224/fsmview_trainset_1_18_eye_closed_55.jpg,0.04662485793232918,0.04702873155474663,0.00040387362241744995,8.320459559559822,0.7543150186538696,0.3233789801597595,0.3233789801597595,26.77367299997968,21.663417000013396,real_npy,0,1
191,/mnt/c/Users/Chirayu/Documents/GitHub/2D-to-3D-image-reconstruction/facescape_224/fsmview_trainset_5_4_anger_40.jpg,0.14156129956245422,0.14616326987743378,0.004601970314979553,8.074394449591637,0.7377437353134155,0.4678478538990021,0.4678478538990021,23.612183000011555,20.10559600000761,real_npy,0,1
192,/mnt/c/Users/Chirayu/Documents/GitHub/2D-to-3D-image-reconstruction/facescape_224/fsmview_trainset_4_12_lip_puckerer_52.jpg,0.21290422976016998,0.195862278342247,-0.017041951417922974,6.676403198391199,0.6616551280021667,0.36544090509414673,0.36544090509414673,20.38678400003846,22.415501000011773,real_npy,0,1
193,/mnt/c/Users/Chirayu/Documents/GitHub/2D-to-3D-image-reconstruction/facescape_224/fsmview_trainset_3_2_smile_9.jpg,0.0512627512216568,0.13617877662181854,0.08491602540016174,9.424548923037946,0.8168948292732239,0.3849935829639435,0.3849935829639435,19.89621999996416,19.441076000020985,real_npy,0,1
194,/mnt/c/Users/Chirayu/Documents/GitHub/2D-to-3D-image-reconstruction/facescape_224/fsmview_trainset_12_13_lip_funneler_49.jpg,0.05796154960989952,0.05623828247189522,-0.001723267138004303,8.123951315879822,0.7074180245399475,0.4671745002269745,0.4671745002269745,23.228172000017366,21.19600300000002,real_npy,0,1
195,/mnt/c/Users/Chirayu/Documents/GitHub/2D-to-3D-image-reconstruction/facescape_224/fsmview_trainset_19_20_brow_lower_36.jpg,0.06212867051362991,0.05899931490421295,-0.0031293556094169617,8.925044648349285,0.7181464433670044,0.3613568842411041,0.3613568842411041,20.26307600004884,33.277690000034,real_npy,0,1
196,/mnt/c/Users/Chirayu/Documents/GitHub/2D-to-3D-image-reconstruction/facescape_224/fsmview_trainset_13_5_jaw_left_43.jpg,0.10612817853689194,0.10224110633134842,-0.003887072205543518,8.423145398497581,0.7131425738334656,0.40942302346229553,0.40942302346229553,21.503461999998308,21.14093700004105,real_npy,0,1
197,/mnt/c/Users/Chirayu/Documents/GitHub/2D-to-3D-image-reconstruction/facescape_224/fsmview_trainset_12_13_lip_funneler_34.jpg,0.22925017774105072,0.25357767939567566,0.02432750165462494,7.309739124029875,0.63503497838974,0.4897729754447937,0.4897729754447937,35.72612199997138,80.39660399998638,real_npy,0,1
198,/mnt/c/Users/Chirayu/Documents/GitHub/2D-to-3D-image-reconstruction/facescape_224/fsmview_trainset_7_1_neutral_25.jpg,0.037022653967142105,0.037271030247211456,0.0002483762800693512,7.940123446285725,0.6716943383216858,0.36237916350364685,0.36237916350364685,52.727077000042755,19.155655000020033,real_npy,0,1
199,/mnt/c/Users/Chirayu/Documents/GitHub/2D-to-3D-image-reconstruction/facescape_224/fsmview_trainset_2_17_cheek_blowing_35.jpg,0.08975645899772644,0.09133607149124146,0.0015796124935150146,8.658638609573245,0.6968653202056885,0.43438899517059326,0.43438899517059326,22.513311000011527,64.94690099998479,real_npy,0,1
200,/mnt/c/Users/Chirayu/Documents/GitHub/2D-to-3D-image-reconstruction/facescape_224/fsmview_trainset_9_10_dimpler_20.jpg,0.04735766351222992,0.048338115215301514,0.0009804517030715942,9.001938354223967,0.7274496555328369,0.37213006615638733,0.37213006615638733,23.052948999975342,61.52656599999773,real_npy,0,1
201,/mnt/c/Users/Chirayu/Documents/GitHub/2D-to-3D-image-reconstruction/facescape_224/fsmview_trainset_5_9_mouth_right_55.jpg,0.622525155544281,0.6999593377113342,0.07743418216705322,8.527075570076704,0.7216686606407166,0.4256982207298279,0.4256982207298279,19.924434000017754,19.506330000012895,real_npy,0,1
202,/mnt/c/Users/Chirayu/Documents/GitHub/2D-to-3D-image-reconstruction/facescape_224/fsmview_trainset_4_1_neutral_42.jpg,0.0699283629655838,0.07272615283727646,0.0027977898716926575,7.870511706918478,0.6994633674621582,0.373017281293869,0.373017281293869,23.363838999955533,22.38342600003307,real_npy,0,1
203,/mnt/c/Users/Chirayu/Documents/GitHub/2D-to-3D-image-reconstruction/facescape_224/fsmview_trainset_8_6_jaw_right_27.jpg,0.06815659999847412,0.06719926744699478,-0.0009573325514793396,7.622761234641075,0.707406759262085,0.34254953265190125,0.34254953265190125,50.74470699997846,19.502618999979404,real_npy,0,1
204,/mnt/c/Users/Chirayu/Documents/GitHub/2D-to-3D-image-reconstruction/facescape_224/fsmview_trainset_9_1_neutral_5.jpg,0.039105042815208435,1.3769440650939941,1.3378390222787857,27.568423308432102,2.727273464202881,0.3614563047885895,0.3614563047885895,30.951196999978947,71.20269299997517,real_npy,0,1
205,/mnt/c/Users/Chirayu/Documents/GitHub/2D-to-3D-image-reconstruction/facescape_224/fsmview_trainset_11_8_mouth_left_40.jpg,0.09794406592845917,0.11905353516340256,0.02110946923494339,8.788479875773191,0.7596755623817444,0.596910297870636,0.596910297870636,24.653529000033814,24.063866999995298,real_npy,0,1
206,/mnt/c/Users/Chirayu/Documents/GitHub/2D-to-3D-image-reconstruction/facescape_224/fsmview_trainset_12_20_brow_lower_43.jpg,0.047291919589042664,0.04684453457593918,-0.0004473850131034851,9.06391168013215,0.7191711664199829,0.48728713393211365,0.48728713393211365,20.25497599998971,19.345872999963376,real_npy,0,1
207,/mnt/c/Users/Chirayu/Documents/GitHub/2D-to-3D-image-reconstruction/facescape_224/fsmview_trainset_13_8_mouth_left_24.jpg,0.5192269086837769,2.3579976558685303,1.8387707471847534,34.0325465798378,3.286911964416504,0.5096208453178406,0.5096208453178406,19.979047999981958,35.08796300002359,real_npy,1,1
208,/mnt/c/Users/Chirayu/Documents/GitHub/2D-to-3D-image-reconstruction/facescape_224/fsmview_trainset_6_5_jaw_left_46.jpg,0.12687186896800995,0.11334919184446335,-0.0135226771235466,9.101268038153648,0.7805078029632568,0.4375445246696472,0.4375445246696472,20.957925000004707,21.605280000017046,real_npy,0,1
209,/mnt/c/Users/Chirayu/Documents/GitHub/2D-to-3D-image-reconstruction/facescape_224/fsmview_trainset_9_18_eye_closed_11.jpg,0.25527501106262207,1.0842750072479248,0.8289999961853027,19.541284762322903,1.8660662174224854,0.606285035610199,0.606285035610199,19.96696100002282,55.05492399998957,real_npy,0,1
210,/mnt/c/Users/Chirayu/Documents/GitHub/2D-to-3D-image-reconstruction/facescape_224/fsmview_trainset_20_13_lip_funneler_65.jpg,0.052322469651699066,0.05354182794690132,0.0012193582952022552,8.993071706034243,0.789572536945343,0.4414450228214264,0.4414450228214264,24.13008799999261,21.65313199998309,real_npy,0,1
211,/mnt/c/Users/Chirayu/Documents/GitHub/2D-to-3D-image-reconstruction/facescape_224/fsmview_trainset_7_18_eye_closed_40.jpg,0.15221430361270905,0.17128756642341614,0.019073262810707092,7.159398842602968,0.6487307548522949,0.35108840465545654,0.35108840465545654,20.48184099999162,20.396707999964292,real_npy,0,1
212,/mnt/c/Users/Chirayu/Documents/GitHub/2D-to-3D-image-reconstruction/facescape_224/fsmview_trainset_6_7_jaw_forward_19.jpg,0.04460079222917557,0.04775065556168556,0.0031498633325099945,8.690260167233646,0.7114257216453552,0.3216087520122528,0.3216087520122528,65.61160600000449,23.045081000020673,real_npy,0,1
213,/mnt/c/Users/Chirayu/Documents/GitHub/2D-to-3D-image-reconstruction/facescape_224/fsmview_trainset_9_14_sadness_43.jpg,0.857038140296936,0.7952900528907776,-0.06174808740615845,7.773782758042216,0.6815629005432129,0.37954676151275635,0.37954676151275635,20.853053999985605,19.877389999976458,real_npy,0,1
214,/mnt/c/Users/Chirayu/Documents/GitHub/2D-to-3D-image-reconstruction/facescape_224/fsmview_trainset_10_5_jaw_left_45.jpg,0.0943559780716896,0.09959454089403152,0.005238562822341919,9.068717517890036,0.7808417677879333,0.3801308274269104,0.3801308274269104,23.95926599996301,20.07620599999882,real_npy,0,1
215,/mnt/c/Users/Chirayu/Documents/GitHub/2D-to-3D-image-reconstruction/facescape_224/fsmview_trainset_5_10_dimpler_12.jpg,0.4080544710159302,0.9640154242515564,0.5559609532356262,22.54815188422799,2.102907419204712,0.2794714570045471,0.2794714570045471,23.102822999987893,23.74340600005098,real_npy,0,1
216,/mnt/c/Users/Chirayu/Documents/GitHub/2D-to-3D-image-reconstruction/facescape_224/fsmview_trainset_9_2_smile_2.jpg,0.06634850800037384,0.06834769248962402,0.001999184489250183,8.149911478161812,0.7294245362281799,0.3786717653274536,0.3786717653274536,22.060010000018337,21.020152999994934,real_npy,0,1
217,/mnt/c/Users/Chirayu/Documents/GitHub/2D-to-3D-image-reconstruction/facescape_224/fsmview_trainset_14_13_lip_funneler_49.jpg,0.07984832674264908,0.08516538888216019,0.005317062139511108,8.720029912889004,0.7409782409667969,0.5448146462440491,0.5448146462440491,20.3602269999692,22.01888100000815,real_npy,0,1
218,/mnt/c/Users/Chirayu/Documents/GitHub/2D-to-3D-image-reconstruction/facescape_224/fsmview_trainset_16_10_dimpler_24.jpg,0.03502688556909561,0.03691704198718071,0.0018901564180850983,8.528330494184047,0.7100757360458374,0.3644515573978424,0.3644515573978424,20.93464000000722,21.156699000016488,real_npy,0,1
219,/mnt/c/Users/Chirayu/Documents/GitHub/2D-to-3D-image-reconstruction/facescape_224/fsmview_trainset_9_19_brow_raiser_32.jpg,0.23299403488636017,0.1869773119688034,-0.04601672291755676,7.23591160774231,0.6697129011154175,0.47047215700149536,0.47047215700149536,20.150601000011648,19.453661999989436,real_npy,0,1
220,/mnt/c/Users/Chirayu/Documents/GitHub/2D-to-3D-image-reconstruction/facescape_224/fsmview_trainset_9_17_cheek_blowing_3.jpg,0.04887627810239792,0.04896767809987068,9.139999747276306e-05,7.358297489583492,0.6056999564170837,0.3503273129463196,0.3503273129463196,20.363795999969625,32.40453600000137,real_npy,0,1
221,/mnt/c/Users/Chirayu/Documents/GitHub/2D-to-3D-image-reconstruction/facescape_224/fsmview_trainset_5_19_brow_raiser_23.jpg,0.029429689049720764,0.03370656818151474,0.004276879131793976,8.355481639504433,0.7608984112739563,0.3420640826225281,0.3420640826225281,21.00938699999233,22.876750000023094,real_npy,0,1
222,/mnt/c/Users/Chirayu/Documents/GitHub/2D-to-3D-image-reconstruction/facescape_224/fsmview_trainset_1_9_mouth_right_43.jpg,0.03371891751885414,0.03179058060050011,-0.0019283369183540344,7.784083504229784,0.6704609394073486,0.2822452783584595,0.2822452783584595,24.063501000000542,21.298200999979144,real_npy,0,1
223,/mnt/c/Users/Chirayu/Documents/GitHub/2D-to-3D-image-reconstruction/facescape_224/fsmview_trainset_15_14_sadness_29.jpg,0.26677897572517395,0.32266607880592346,0.05588710308074951,7.763671539723873,0.6442427039146423,0.4045591354370117,0.4045591354370117,21.848333000036746,25.806118999980754,real_npy,0,1
224,/mnt/c/Users/Chirayu/Documents/GitHub/2D-to-3D-image-reconstruction/facescape_224/fsmview_trainset_14_4_anger_45.jpg,0.10883107036352158,0.12304264307022095,0.014211572706699371,9.17470932006836,0.7047814726829529,0.590469241142273,0.590469241142273,21.102743000028568,20.585181000001285,real_npy,0,1
225,/mnt/c/Users/Chirayu/Documents/GitHub/2D-to-3D-image-reconstruction/facescape_224/fsmview_trainset_19_11_chin_raiser_1.jpg,0.036969345062971115,0.0373476967215538,0.0003783516585826874,8.239890974014997,0.67275470495224,0.2347998321056366,0.2347998321056366,21.627765999994608,19.620189000022492,real_npy,0,1
226,/mnt/c/Users/Chirayu/Documents/GitHub/2D-to-3D-image-reconstruction/facescape_224/fsmview_trainset_18_5_jaw_left_10.jpg,0.03052939474582672,0.03241752088069916,0.0018881261348724365,8.083406306803226,0.6851757764816284,0.3249754011631012,0.3249754011631012,20.695298000021012,20.36894600001915,real_npy,0,1
227,/mnt/c/Users/Chirayu/Documents/GitHub/2D-to-3D-image-reconstruction/facescape_224/fsmview_trainset_6_19_brow_raiser_8.jpg,0.043675027787685394,0.044184714555740356,0.0005096867680549622,8.204725597053766,0.6872308850288391,0.3417123258113861,0.3417123258113861,21.13937699999724,20.52233500000966,real_npy,0,1
228,/mnt/c/Users/Chirayu/Documents/GitHub/2D-to-3D-image-reconstruction/facescape_224/fsmview_trainset_6_4_anger_45.jpg,0.16879217326641083,0.15106430649757385,-0.017727866768836975,8.09241807460785,0.7580291032791138,0.40034064650535583,0.40034064650535583,23.744769000018096,56.013937000045644,real_npy,0,1
229,/mnt/c/Users/Chirayu/Documents/GitHub/2D-to-3D-image-reconstruction/facescape_224/fsmview_trainset_11_8_mouth_left_14.jpg,0.08556593209505081,0.1400623619556427,0.05449642986059189,9.976612728089094,0.9398224949836731,0.5510371327400208,0.5510371327400208,22.902849000047354,69.1676850000249,real_npy,0,1
230,/mnt/c/Users/Chirayu/Documents/GitHub/2D-to-3D-image-reconstruction/facescape_224/fsmview_trainset_1_1_neutral_48.jpg,0.04117761552333832,0.04238724708557129,0.0012096315622329712,8.13694504648447,0.6721919178962708,0.3976896107196808,0.3976896107196808,20.955224000033468,20.73153599997113,real_npy,0,1
231,/mnt/c/Users/Chirayu/Documents/GitHub/2D-to-3D-image-reconstruction/facescape_224/fsmview_trainset_19_3_mouth_stretch_15.jpg,0.8687754273414612,0.8610876798629761,-0.007687747478485107,6.885946080088615,0.5882716774940491,0.4361310601234436,0.4361310601234436,22.90225699999837,20.965055000033317,real_npy,0,1
232,/mnt/c/Users/Chirayu/Documents/GitHub/2D-to-3D-image-reconstruction/facescape_224/fsmview_trainset_12_2_smile_41.jpg,0.05737597867846489,0.06688887625932693,0.009512897580862045,9.338915499858558,0.7758265137672424,0.4549639821052551,0.4549639821052551,56.676539000022785,20.27333199998793,real_npy,0,1
233,/mnt/c/Users/Chirayu/Documents/GitHub/2D-to-3D-image-reconstruction/facescape_224/fsmview_trainset_3_19_brow_raiser_6.jpg,0.050401318818330765,0.04427080973982811,-0.006130509078502655,8.627836558967829,0.7389259934425354,0.32586419582366943,0.32586419582366943,20.42652100004716,20.50004599999511,real_npy,0,1
234,/mnt/c/Users/Chirayu/Documents/GitHub/2D-to-3D-image-reconstruction/facescape_224/fsmview_trainset_15_13_lip_funneler_36.jpg,0.0786038413643837,0.09837957471609116,0.01977573335170746,9.336295465007424,0.8025381565093994,0.5494956374168396,0.5494956374168396,24.265716000002158,20.18356999997195,real_npy,0,1
235,/mnt/c/Users/Chirayu/Documents/GitHub/2D-to-3D-image-reconstruction/facescape_224/fsmview_trainset_3_4_anger_24.jpg,0.04773641377687454,0.04884815216064453,0.001111738383769989,8.857629957608879,0.7300559878349304,0.44569551944732666,0.44569551944732666,22.039745999961724,41.26720300001807,real_npy,0,1
236,/mnt/c/Users/Chirayu/Documents/GitHub/2D-to-3D-image-reconstruction/facescape_224/fsmview_trainset_12_13_lip_funneler_45.jpg,0.04942411556839943,0.0492415651679039,-0.00018255040049552917,8.883542757481337,0.7417688369750977,0.37994521856307983,0.37994521856307983,20.881423999981052,19.85315899997886,real_npy,0,1
237,/mnt/c/Users/Chirayu/Documents/GitHub/2D-to-3D-image-reconstruction/facescape_224/fsmview_trainset_14_11_chin_raiser_62.jpg,0.3820669949054718,0.37856560945510864,-0.003501385450363159,7.654861990362406,0.6400657892227173,0.5090100765228271,0.5090100765228271,22.80764899995802,49.77646599996888,real_npy,0,1
238,/mnt/c/Users/Chirayu/Documents/GitHub/2D-to-3D-image-reconstruction/facescape_224/fsmview_trainset_13_4_anger_10.jpg,0.04333489388227463,0.04406740888953209,0.0007325150072574615,8.86325902491808,0.7437168955802917,0.4189307391643524,0.4189307391643524,22.559386000011727,26.429076999988865,real_npy,0,1
239,/mnt/c/Users/Chirayu/Documents/GitHub/2D-to-3D-image-reconstruction/facescape_224/fsmview_trainset_15_9_mouth_right_61.jpg,0.2599380612373352,0.29679960012435913,0.036861538887023926,8.098854023963213,0.6725981831550598,0.4677474796772003,0.4677474796772003,21.630376000018714,19.720690000042396,real_npy,0,1
240,/mnt/c/Users/Chirayu/Documents/GitHub/2D-to-3D-image-reconstruction/facescape_224/fsmview_trainset_4_8_mouth_left_25.jpg,0.05718725919723511,0.0571153499186039,-7.190927863121033e-05,8.031697146594524,0.7013964056968689,0.3869987428188324,0.3869987428188324,37.113223000005746,19.466199000021334,real_npy,0,1
241,/mnt/c/Users/Chirayu/Documents/GitHub/2D-to-3D-image-reconstruction/facescape_224/fsmview_trainset_18_2_smile_18.jpg,0.30349770188331604,0.284890353679657,-0.018607348203659058,7.068725444376469,0.650643527507782,0.5312390327453613,0.5312390327453613,21.5754170000082,21.836781000047267,real_npy,0,1
242,/mnt/c/Users/Chirayu/Documents/GitHub/2D-to-3D-image-reconstruction/facescape_224/fsmview_trainset_16_18_eye_closed_45.jpg,0.10423479229211807,0.11048460006713867,0.006249807775020599,8.773611303418875,0.7153472900390625,0.42259714007377625,0.42259714007377625,33.81707099998721,20.42458800002578,real_npy,0,1
243,/mnt/c/Users/Chirayu/Documents/GitHub/2D-to-3D-image-reconstruction/facescape_224/fsmview_trainset_3_1_neutral_40.jpg,0.14925716817378998,0.15586508810520172,0.006607919931411743,7.6301971189677715,0.6759963035583496,0.4673062264919281,0.4673062264919281,20.931023000002824,20.986761000017395,real_npy,0,1
244,/mnt/c/Users/Chirayu/Documents/GitHub/2D-to-3D-image-reconstruction/facescape_224/fsmview_trainset_17_6_jaw_right_50.jpg,0.5581956505775452,0.5190750360488892,-0.039120614528656006,8.133096128702164,0.6742359399795532,0.4746691584587097,0.4746691584587097,21.455690999971466,20.41688700001032,real_npy,0,1
245,/mnt/c/Users/Chirayu/Documents/GitHub/2D-to-3D-image-reconstruction/facescape_224/fsmview_trainset_17_7_jaw_forward_44.jpg,0.11433903127908707,0.11373402923345566,-0.0006050020456314087,8.020332001149654,0.6488086581230164,0.4460009038448334,0.4460009038448334,20.26041199997053,22.358343000007608,real_npy,0,1
246,/mnt/c/Users/Chirayu/Documents/GitHub/2D-to-3D-image-reconstruction/facescape_224/fsmview_trainset_13_20_brow_lower_14.jpg,0.046339742839336395,0.053084515035152435,0.00674477219581604,8.045106809586287,0.6488280296325684,0.4419771432876587,0.4419771432876587,21.479390999957104,20.07011699998884,real_npy,0,1
247,/mnt/c/Users/Chirayu/Documents/GitHub/2D-to-3D-image-reconstruction/facescape_224/fsmview_trainset_7_11_chin_raiser_53.jpg,0.059185728430747986,0.05669422075152397,-0.0024915076792240143,8.017309233546257,0.6870349049568176,0.5026848912239075,0.5026848912239075,91.78254200003266,19.875329999990754,real_npy,0,1
248,/mnt/c/Users/Chirayu/Documents/GitHub/2D-to-3D-image-reconstruction/facescape_224/fsmview_trainset_20_4_anger_1.jpg,0.6962801218032837,0.71036297082901,0.014082849025726318,5.963119700551033,0.6023126840591431,0.4460088312625885,0.4460088312625885,20.268673000032322,47.32628700003261,real_npy,0,0
249,/mnt/c/Users/Chirayu/Documents/GitHub/2D-to-3D-image-reconstruction/facescape_224/fsmview_trainset_5_4_anger_58.jpg,0.6422563195228577,0.7709997296333313,0.12874341011047363,7.5792774222791195,0.6878467202186584,0.49486222863197327,0.49486222863197327,20.91962899999089,20.669852999958493,real_npy,0,1
250,/mnt/c/Users/Chirayu/Documents/GitHub/2D-to-3D-image-reconstruction/facescape_224/fsmview_trainset_5_13_lip_funneler_20.jpg,0.03414575010538101,0.034878361970186234,0.0007326118648052216,7.62926996126771,0.6303681135177612,0.304169237613678,0.304169237613678,56.00948800002925,18.76890800002684,real_npy,0,1
251,/mnt/c/Users/Chirayu/Documents/GitHub/2D-to-3D-image-reconstruction/facescape_224/fsmview_trainset_15_20_brow_lower_36.jpg,0.04569748044013977,0.043354492634534836,-0.0023429878056049347,9.03059097006917,0.7462958693504333,0.561180591583252,0.561180591583252,25.39718200000607,33.419386999980816,real_npy,0,1
252,/mnt/c/Users/Chirayu/Documents/GitHub/2D-to-3D-image-reconstruction/facescape_224/fsmview_trainset_10_5_jaw_left_34.jpg,0.039979711174964905,0.03905510902404785,-0.0009246021509170532,7.904380479827523,0.6891074776649475,0.3362162411212921,0.3362162411212921,50.79777699995702,25.698662999957378,real_npy,0,1
253,/mnt/c/Users/Chirayu/Documents/GitHub/2D-to-3D-image-reconstruction/facescape_224/fsmview_trainset_9_11_chin_raiser_15.jpg,0.060356028378009796,0.07402122765779495,0.013665199279785156,9.269593447446823,0.7674564123153687,0.37552329897880554,0.37552329897880554,40.88407200003985,20.763673000033123,real_npy,0,1
254,/mnt/c/Users/Chirayu/Documents/GitHub/2D-to-3D-image-reconstruction/facescape_224/fsmview_trainset_17_1_neutral_20.jpg,0.07786485552787781,0.0834895446896553,0.005624689161777496,9.482130813412368,0.7711637020111084,0.3577939569950104,0.3577939569950104,21.990166000023237,36.73971799997844,real_npy,0,1
255,/mnt/c/Users/Chirayu/Documents/GitHub/2D-to-3D-image-reconstruction/facescape_224/fsmview_trainset_18_18_eye_closed_11.jpg,0.1009526252746582,0.09402844309806824,-0.006924182176589966,8.203736014664173,0.7239460349082947,0.43073517084121704,0.43073517084121704,21.75132500002519,20.926728999995703,real_npy,0,1
256,/mnt/c/Users/Chirayu/Documents/GitHub/2D-to-3D-image-reconstruction/facescape_224/fsmview_trainset_19_19_brow_raiser_55.jpg,0.28943920135498047,0.3084883391857147,0.019049137830734253,7.655012801289558,0.6853687763214111,0.27586010098457336,0.27586010098457336,22.96127800002523,22.24114899996721,real_npy,0,1
257,/mnt/c/Users/Chirayu/Documents/GitHub/2D-to-3D-image-reconstruction/facescape_224/fsmview_trainset_2_10_dimpler_24.jpg,0.06222241744399071,0.06782951205968857,0.005607094615697861,9.68165311217308,0.7726300954818726,0.48760461807250977,0.48760461807250977,21.805803999995987,21.13283100004537,real_npy,0,1
258,/mnt/c/Users/Chirayu/Documents/GitHub/2D-to-3D-image-reconstruction/facescape_224/fsmview_trainset_20_12_lip_puckerer_6.jpg,0.30323097109794617,0.32582417130470276,0.022593200206756592,6.807335967198014,0.685896635055542,0.5800445079803467,0.5800445079803467,20.76892599995972,41.712148000044635,real_npy,0,1
259,/mnt/c/Users/Chirayu/Documents/GitHub/2D-to-3D-image-reconstruction/facescape_224/fsmview_trainset_6_12_lip_puckerer_20.jpg,0.05719408765435219,0.06224575638771057,0.005051668733358383,9.06928257085383,0.760049045085907,0.380533903837204,0.380533903837204,22.27418999996189,22.876091999989967,real_npy,0,1
260,/mnt/c/Users/Chirayu/Documents/GitHub/2D-to-3D-image-reconstruction/facescape_224/fsmview_trainset_14_13_lip_funneler_10.jpg,0.08642099797725677,0.08844883739948273,0.002027839422225952,8.086626000702381,0.7339716553688049,0.621976375579834,0.621976375579834,24.111142000037944,22.212670000044454,real_npy,0,1
261,/mnt/c/Users/Chirayu/Documents/GitHub/2D-to-3D-image-reconstruction/facescape_224/fsmview_trainset_7_19_brow_raiser_42.jpg,0.16475161910057068,0.1759607195854187,0.011209100484848022,6.842589039355516,0.6580884456634521,0.4810997545719147,0.4810997545719147,23.61664799997243,21.512929999971675,real_npy,0,1
262,/mnt/c/Users/Chirayu/Documents/GitHub/2D-to-3D-image-reconstruction/facescape_224/fsmview_trainset_12_15_lip_roll_40.jpg,0.07881469279527664,0.09682141989469528,0.01800672709941864,8.562922481447458,0.6881439089775085,0.3822232186794281,0.3822232186794281,20.970468000029996,55.20920899999737,real_npy,0,1
263,/mnt/c/Users/Chirayu/Documents/GitHub/2D-to-3D-image-reconstruction/facescape_224/fsmview_trainset_3_19_brow_raiser_2.jpg,0.07344149798154831,0.0823778361082077,0.008936338126659393,8.557491816580296,0.7461843490600586,0.4292225241661072,0.4292225241661072,59.04256499997018,21.067645000016455,real_npy,0,1
264,/mnt/c/Users/Chirayu/Documents/GitHub/2D-to-3D-image-reconstruction/facescape_224/fsmview_trainset_20_15_lip_roll_47.jpg,0.09973140060901642,0.14046433568000793,0.040732935070991516,7.983100086450577,0.7250605821609497,0.6189622282981873,0.6189622282981873,22.86221999997906,21.22398199998088,real_npy,0,1
265,/mnt/c/Users/Chirayu/Documents/GitHub/2D-to-3D-image-reconstruction/facescape_224/fsmview_trainset_20_15_lip_roll_12.jpg,0.06356044858694077,0.20085155963897705,0.13729111105203629,7.413188967853785,0.679595947265625,0.5712980031967163,0.5712980031967163,20.963811999990867,22.31284700002334,real_npy,0,1
266,/mnt/c/Users/Chirayu/Documents/GitHub/2D-to-3D-image-reconstruction/facescape_224/fsmview_trainset_3_2_smile_8.jpg,0.04527778550982475,0.04363951086997986,-0.0016382746398448944,8.159802183508873,0.7110347151756287,0.366894006729126,0.366894006729126,20.34362599999895,20.21697499998254,real_npy,0,1
267,/mnt/c/Users/Chirayu/Documents/GitHub/2D-to-3D-image-reconstruction/facescape_224/fsmview_trainset_14_2_smile_22.jpg,0.04025508463382721,0.04075540974736214,0.0005003251135349274,7.521799352020025,0.633380651473999,0.39650607109069824,0.39650607109069824,21.032208999997692,20.305163999978504,real_npy,0,1
268,/mnt/c/Users/Chirayu/Documents/GitHub/2D-to-3D-image-reconstruction/facescape_224/fsmview_trainset_10_9_mouth_right_26.jpg,0.13652794063091278,2.360206127166748,2.2236781865358353,35.58165841549635,3.66709041595459,0.5905819535255432,0.5905819535255432,20.08724200004508,32.73739899998418,real_npy,1,1
269,/mnt/c/Users/Chirayu/Documents/GitHub/2D-to-3D-image-reconstruction/facescape_224/fsmview_trainset_7_15_lip_roll_28.jpg,0.06418550759553909,0.0813622698187828,0.017176762223243713,8.218561258167028,0.6923633217811584,0.3186362087726593,0.3186362087726593,61.70601900004158,32.51185900001019,real_npy,0,1
270,/mnt/c/Users/Chirayu/Documents/GitHub/2D-to-3D-image-reconstruction/facescape_224/fsmview_trainset_20_20_brow_lower_50.jpg,0.5082205533981323,0.4857466220855713,-0.022473931312561035,6.818444766104221,0.6922425031661987,0.5657190680503845,0.5657190680503845,28.28096899997945,22.149391000027663,template_fallback,0,1
271,/mnt/c/Users/Chirayu/Documents/GitHub/2D-to-3D-image-reconstruction/facescape_224/fsmview_trainset_20_10_dimpler_13.jpg,0.05828245356678963,0.05775929242372513,-0.0005231611430644989,8.580713510513306,0.7278655767440796,0.391445130109787,0.391445130109787,39.71604000003026,20.513175000019146,real_npy,0,1
272,/mnt/c/Users/Chirayu/Documents/GitHub/2D-to-3D-image-reconstruction/facescape_224/fsmview_trainset_20_12_lip_puckerer_36.jpg,0.05108794942498207,0.04999106749892235,-0.001096881926059723,8.530406000092626,0.7229649424552917,0.523152768611908,0.523152768611908,22.18593200001351,71.1285959999941,real_npy,0,1
273,/mnt/c/Users/Chirayu/Documents/GitHub/2D-to-3D-image-reconstruction/facescape_224/fsmview_trainset_17_11_chin_raiser_56.jpg,0.08502320945262909,0.08743710070848465,0.0024138912558555603,8.686063170433044,0.7292618751525879,0.3583064079284668,0.3583064079284668,60.996821000003365,54.399465000017244,real_npy,0,1
274,/mnt/c/Users/Chirayu/Documents/GitHub/2D-to-3D-image-reconstruction/facescape_224/fsmview_trainset_11_9_mouth_right_34.jpg,0.04724260792136192,0.04875379428267479,0.0015111863613128662,8.737851551733911,0.7167572379112244,0.5942273736000061,0.5942273736000061,19.867379000004348,20.805103999975927,real_npy,0,1
275,/mnt/c/Users/Chirayu/Documents/GitHub/2D-to-3D-image-reconstruction/facescape_224/fsmview_trainset_9_10_dimpler_12.jpg,0.03976777568459511,0.039378609508275986,-0.0003891661763191223,8.305090364068747,0.6873018741607666,0.2303553968667984,0.2303553968667984,62.6617069999611,20.608460999994804,real_npy,0,1
276,/mnt/c/Users/Chirayu/Documents/GitHub/2D-to-3D-image-reconstruction/facescape_224/fsmview_trainset_11_10_dimpler_51.jpg,0.5275207757949829,0.5383414030075073,0.010820627212524414,6.866906717419624,0.6997740268707275,0.619712233543396,0.619712233543396,20.35682299998598,21.484543999974903,real_npy,0,1
277,/mnt/c/Users/Chirayu/Documents/GitHub/2D-to-3D-image-reconstruction/facescape_224/fsmview_trainset_9_3_mouth_stretch_32.jpg,0.0414605550467968,0.04537948966026306,0.003918934613466263,7.6829202100634575,0.7198067903518677,0.3116810619831085,0.3116810619831085,36.05052699998623,53.35695000002261,real_npy,0,1
278,/mnt/c/Users/Chirayu/Documents/GitHub/2D-to-3D-image-reconstruction/facescape_224/fsmview_trainset_14_15_lip_roll_9.jpg,0.1712380349636078,0.18520048260688782,0.01396244764328003,7.360212713479996,0.7731665968894958,0.5624945163726807,0.5624945163726807,20.470522999971763,22.162210999965737,real_npy,0,1
279,/mnt/c/Users/Chirayu/Documents/GitHub/2D-to-3D-image-reconstruction/facescape_224/fsmview_trainset_8_5_jaw_left_2.jpg,0.06356655806303024,0.05837758257985115,-0.005188975483179092,8.100832059979439,0.7351707220077515,0.27148377895355225,0.27148377895355225,23.473151000018788,21.36612600003218,real_npy,0,1
280,/mnt/c/Users/Chirayu/Documents/GitHub/2D-to-3D-image-reconstruction/facescape_224/fsmview_trainset_9_7_jaw_forward_42.jpg,0.13780425488948822,0.20844751596450806,0.07064326107501984,6.6876121163368225,0.6430127620697021,0.4419816732406616,0.4419816732406616,21.129818000019895,22.05185100001472,real_npy,0,1
281,/mnt/c/Users/Chirayu/Documents/GitHub/2D-to-3D-image-reconstruction/facescape_224/fsmview_trainset_5_20_brow_lower_7.jpg,0.046198271214962006,0.04361986741423607,-0.002578403800725937,8.341466635465622,0.7395148277282715,0.27351367473602295,0.27351367473602295,23.600514000008843,50.46865000002754,real_npy,0,1
282,/mnt/c/Users/Chirayu/Documents/GitHub/2D-to-3D-image-reconstruction/facescape_224/fsmview_trainset_20_10_dimpler_50.jpg,0.4318598210811615,0.2801864743232727,-0.1516733467578888,6.804080359637737,0.7002512812614441,0.5685679912567139,0.5685679912567139,22.344985000017914,73.2144550000271,real_npy,0,1
283,/mnt/c/Users/Chirayu/Documents/GitHub/2D-to-3D-image-reconstruction/facescape_224/fsmview_trainset_2_15_lip_roll_34.jpg,0.04265313223004341,0.04633491113781929,0.003681778907775879,8.522307503968477,0.7212158441543579,0.4772498607635498,0.4772498607635498,25.178265000022293,19.59108900001638,real_npy,0,1
284,/mnt/c/Users/Chirayu/Documents/GitHub/2D-to-3D-image-reconstruction/facescape_224/fsmview_trainset_12_14_sadness_28.jpg,0.975261926651001,0.9224079251289368,-0.05285400152206421,8.632999211549759,0.7010090351104736,0.5293877720832825,0.5293877720832825,23.39646600000833,20.89180800004442,real_npy,0,1
285,/mnt/c/Users/Chirayu/Documents/GitHub/2D-to-3D-image-reconstruction/facescape_224/fsmview_trainset_11_3_mouth_stretch_62.jpg,0.8332295417785645,0.8466783165931702,0.013448774814605713,7.855796780437231,0.6636636853218079,0.5158084630966187,0.5158084630966187,20.183869999982562,48.65537999995695,real_npy,0,1
286,/mnt/c/Users/Chirayu/Documents/GitHub/2D-to-3D-image-reconstruction/facescape_224/fsmview_trainset_18_15_lip_roll_35.jpg,0.0461435541510582,0.04668157920241356,0.0005380250513553619,9.381465182639658,0.7904372215270996,0.480735719203949,0.480735719203949,41.387855999971634,45.87467000004608,real_npy,0,1
287,/mnt/c/Users/Chirayu/Documents/GitHub/2D-to-3D-image-reconstruction/facescape_224/fsmview_trainset_3_13_lip_funneler_32.jpg,0.04586779326200485,0.047864872962236404,0.001997079700231552,7.824922144412994,0.7026357054710388,0.3597484827041626,0.3597484827041626,20.828870999991977,21.554633999983253,real_npy,0,1
288,/mnt/c/Users/Chirayu/Documents/GitHub/2D-to-3D-image-reconstruction/facescape_224/fsmview_trainset_1_4_anger_11.jpg,0.0903647392988205,0.08193494379520416,-0.008429795503616333,8.124239966273308,0.7373278737068176,0.38508448004722595,0.38508448004722595,22.599302999992688,21.903968000003715,real_npy,0,1
289,/mnt/c/Users/Chirayu/Documents/GitHub/2D-to-3D-image-reconstruction/facescape_224/fsmview_trainset_11_15_lip_roll_12.jpg,0.06308329850435257,0.06331837922334671,0.00023508071899414062,8.072592206299305,0.6572040319442749,0.48082077503204346,0.48082077503204346,21.082007000018166,19.907768999985365,real_npy,0,1
290,/mnt/c/Users/Chirayu/Documents/GitHub/2D-to-3D-image-reconstruction/facescape_224/fsmview_trainset_3_20_brow_lower_19.jpg,0.03450687229633331,0.0345667339861393,5.98616898059845e-05,8.14961002022028,0.6955348253250122,0.32400766015052795,0.32400766015052795,34.4671789999893,20.775393999997505,real_npy,0,1
291,/mnt/c/Users/Chirayu/Documents/GitHub/2D-to-3D-image-reconstruction/facescape_224/fsmview_trainset_1_3_mouth_stretch_32.jpg,0.1964852511882782,0.5395705103874207,0.34308525919914246,17.726219064556062,1.5819188356399536,0.2312060445547104,0.2312060445547104,24.894232000008287,53.3301390000247,real_npy,0,1
292,/mnt/c/Users/Chirayu/Documents/GitHub/2D-to-3D-image-reconstruction/facescape_224/fsmview_trainset_3_19_brow_raiser_18.jpg,0.04425334557890892,0.04410204663872719,-0.00015129894018173218,8.462441605515778,0.7025396227836609,0.399167537689209,0.399167537689209,20.54041599996026,23.794468999994933,real_npy,0,1
293,/mnt/c/Users/Chirayu/Documents/GitHub/2D-to-3D-image-reconstruction/facescape_224/fsmview_trainset_14_9_mouth_right_64.jpg,0.03612274304032326,0.03337213397026062,-0.0027506090700626373,7.859444685280323,0.6974306702613831,0.36109164357185364,0.36109164357185364,20.470321999994212,32.25011400002131,real_npy,0,1
294,/mnt/c/Users/Chirayu/Documents/GitHub/2D-to-3D-image-reconstruction/facescape_224/fsmview_trainset_2_7_jaw_forward_55.jpg,0.27824345231056213,0.2553396224975586,-0.02290382981300354,7.460054308176041,0.638329267501831,0.42019185423851013,0.42019185423851013,21.22932699995772,21.23686900000621,real_npy,0,1
295,/mnt/c/Users/Chirayu/Documents/GitHub/2D-to-3D-image-reconstruction/facescape_224/fsmview_trainset_9_19_brow_raiser_2.jpg,0.07196862250566483,0.08228853344917297,0.010319910943508148,8.505426499992609,0.7351091504096985,0.3874259889125824,0.3874259889125824,20.043859999987035,20.19730699998945,real_npy,0,1
296,/mnt/c/Users/Chirayu/Documents/GitHub/2D-to-3D-image-reconstruction/facescape_224/fsmview_trainset_19_15_lip_roll_12.jpg,0.2669065296649933,0.2971673905849457,0.030260860919952393,7.602029353380203,0.6764654517173767,0.303756445646286,0.303756445646286,22.250824000025204,22.218941000005543,real_npy,0,1
297,/mnt/c/Users/Chirayu/Documents/GitHub/2D-to-3D-image-reconstruction/facescape_224/fsmview_trainset_18_8_mouth_left_29.jpg,0.0574876107275486,0.05890309065580368,0.0014154799282550812,8.957544803619385,0.694533109664917,0.45608681440353394,0.45608681440353394,23.638366000000133,23.065483000038967,real_npy,0,1
298,/mnt/c/Users/Chirayu/Documents/GitHub/2D-to-3D-image-reconstruction/facescape_224/fsmview_trainset_19_8_mouth_left_21.jpg,0.04719727113842964,0.04595980420708656,-0.0012374669313430786,8.979923106729984,0.714566707611084,0.31539008021354675,0.31539008021354675,22.7938279999762,20.268256000008478,real_npy,0,1
299,/mnt/c/Users/Chirayu/Documents/GitHub/2D-to-3D-image-reconstruction/facescape_224/fsmview_trainset_12_17_cheek_blowing_45.jpg,0.051172465085983276,0.05843925476074219,0.007266789674758911,9.117016765289009,0.7684639096260071,0.49000340700149536,0.49000340700149536,24.118573000009746,21.69710399999758,real_npy,0,1
300,/mnt/c/Users/Chirayu/Documents/GitHub/2D-to-3D-image-reconstruction/facescape_224/fsmview_trainset_8_18_eye_closed_16.jpg,0.08885175734758377,0.08738015592098236,-0.00147160142660141,8.210478574037552,0.7297937870025635,0.40274956822395325,0.40274956822395325,57.679042000017944,20.523428999979387,real_npy,0,1
301,/mnt/c/Users/Chirayu/Documents/GitHub/2D-to-3D-image-reconstruction/facescape_224/fsmview_trainset_19_4_anger_16.jpg,0.05268091335892677,0.05130064859986305,-0.0013802647590637207,9.29410236235708,0.7688121199607849,0.28716781735420227,0.28716781735420227,21.411144000012428,19.939650999958758,real_npy,0,1
302,/mnt/c/Users/Chirayu/Documents/GitHub/2D-to-3D-image-reconstruction/facescape_224/fsmview_trainset_18_7_jaw_forward_19.jpg,0.06255563348531723,0.06407001614570618,0.0015143826603889465,9.435004364699125,0.7609899640083313,0.41850385069847107,0.41850385069847107,24.260927000000265,19.938908000028732,real_npy,0,1
303,/mnt/c/Users/Chirayu/Documents/GitHub/2D-to-3D-image-reconstruction/facescape_224/fsmview_trainset_6_2_smile_0.jpg,0.380471795797348,0.37170925736427307,-0.008762538433074951,6.5652194917202,0.646806001663208,0.4231325089931488,0.4231325089931488,23.075793999964844,21.44700400003785,real_npy,0,1
304,/mnt/c/Users/Chirayu/Documents/GitHub/2D-to-3D-image-reconstruction/facescape_224/fsmview_trainset_15_18_eye_closed_18.jpg,0.048221405595541,0.06183112412691116,0.013609718531370163,8.439102184027433,0.7234244346618652,0.5484738945960999,0.5484738945960999,23.84931400001733,68.96078500000158,real_npy,0,1
305,/mnt/c/Users/Chirayu/Documents/GitHub/2D-to-3D-image-reconstruction/facescape_224/fsmview_trainset_3_10_dimpler_46.jpg,0.13171802461147308,0.13708406686782837,0.005366042256355286,8.462204895913601,0.7202412486076355,0.5110867023468018,0.5110867023468018,21.417888000030416,19.778504999976576,real_npy,0,1
306,/mnt/c/Users/Chirayu/Documents/GitHub/2D-to-3D-image-reconstruction/facescape_224/fsmview_trainset_12_16_grin_6.jpg,0.08217242360115051,0.08034445345401764,-0.0018279701471328735,8.720231655985117,0.7587170600891113,0.595248281955719,0.595248281955719,55.471479999994244,21.02138600002945,real_npy,0,1
307,/mnt/c/Users/Chirayu/Documents/GitHub/2D-to-3D-image-reconstruction/facescape_224/fsmview_trainset_2_6_jaw_right_56.jpg,0.08591928333044052,0.08384472876787186,-0.0020745545625686646,8.591873232275248,0.7680785655975342,0.4139948785305023,0.4139948785305023,21.569406999958574,23.90802000002168,real_npy,0,1
308,/mnt/c/Users/Chirayu/Documents/GitHub/2D-to-3D-image-reconstruction/facescape_224/fsmview_trainset_12_19_brow_raiser_27.jpg,0.0610060840845108,0.06425274163484573,0.0032466575503349304,9.28523204382509,0.7601635456085205,0.4970698952674866,0.4970698952674866,20.40044500000704,19.743522999988272,real_npy,0,1
309,/mnt/c/Users/Chirayu/Documents/GitHub/2D-to-3D-image-reconstruction/facescape_224/fsmview_trainset_18_10_dimpler_47.jpg,0.04618653282523155,0.04486961290240288,-0.0013169199228286743,8.512193940579891,0.6778843998908997,0.41209492087364197,0.41209492087364197,23.406980000004296,23.400883000022077,real_npy,0,1
310,/mnt/c/Users/Chirayu/Documents/GitHub/2D-to-3D-image-reconstruction/facescape_224/fsmview_trainset_5_5_jaw_left_56.jpg,0.10200751572847366,0.09807294607162476,-0.0039345696568489075,8.450564801692963,0.7336274981498718,0.43866100907325745,0.43866100907325745,21.272671000019727,21.673221999947145,real_npy,0,1
311,/mnt/c/Users/Chirayu/Documents/GitHub/2D-to-3D-image-reconstruction/facescape_224/fsmview_trainset_20_13_lip_funneler_13.jpg,0.0955784022808075,0.10395128279924393,0.008372880518436432,8.642475605010986,0.7493140697479248,0.45947176218032837,0.45947176218032837,74.34197100002393,31.4153930000316,real_npy,0,1
312,/mnt/c/Users/Chirayu/Documents/GitHub/2D-to-3D-image-reconstruction/facescape_224/fsmview_trainset_5_12_lip_puckerer_23.jpg,0.03418172895908356,0.33145785331726074,0.2972761243581772,13.060628178529441,1.3204160928726196,0.3363340198993683,0.3363340198993683,20.412534999991294,22.631345999968744,real_npy,0,1
313,/mnt/c/Users/Chirayu/Documents/GitHub/2D-to-3D-image-reconstruction/facescape_224/fsmview_trainset_5_11_chin_raiser_31.jpg,0.048572640866041183,0.04463503137230873,-0.003937609493732452,8.260022766888142,0.678097128868103,0.4385364353656769,0.4385364353656769,21.914405000018178,21.7519650000213,real_npy,0,1
314,/mnt/c/Users/Chirayu/Documents/GitHub/2D-to-3D-image-reconstruction/facescape_224/fsmview_trainset_15_20_brow_lower_65.jpg,0.05950203910470009,0.058612678200006485,-0.0008893609046936035,8.593947503715754,0.7973088622093201,0.4783177077770233,0.4783177077770233,21.458148000021993,20.228766999991876,real_npy,0,1
315,/mnt/c/Users/Chirayu/Documents/GitHub/2D-to-3D-image-reconstruction/facescape_224/fsmview_trainset_1_15_lip_roll_25.jpg,0.07299245148897171,0.07456615567207336,0.001573704183101654,8.447215534746647,0.7739881277084351,0.4877466559410095,0.4877466559410095,21.377934999975423,19.53707199999144,real_npy,0,1
316,/mnt/c/Users/Chirayu/Documents/GitHub/2D-to-3D-image-reconstruction/facescape_224/fsmview_trainset_20_3_mouth_stretch_60.jpg,0.054617006331682205,0.05333035811781883,-0.0012866482138633728,8.666184983216226,0.8012999296188354,0.4581228196620941,0.4581228196620941,20.564245000002757,20.220154000014645,real_npy,0,1
317,/mnt/c/Users/Chirayu/Documents/GitHub/2D-to-3D-image-reconstruction/facescape_224/fsmview_trainset_3_16_grin_34.jpg,0.043745849281549454,0.04436430707573891,0.0006184577941894531,7.934897303581238,0.6756171584129333,0.4230189323425293,0.4230189323425293,21.075284999994892,19.811709000009614,real_npy,0,1
318,/mnt/c/Users/Chirayu/Documents/GitHub/2D-to-3D-image-reconstruction/facescape_224/fsmview_trainset_2_11_chin_raiser_38.jpg,0.08299480378627777,0.09419597685337067,0.011201173067092896,8.39285864122212,0.6739451289176941,0.3115585148334503,0.3115585148334503,21.90338799999836,21.71180200002709,real_npy,0,1
319,/mnt/c/Users/Chirayu/Documents/GitHub/2D-to-3D-image-reconstruction/facescape_224/fsmview_trainset_3_14_sadness_47.jpg,0.0632091835141182,0.08200470358133316,0.018795520067214966,9.070500241592526,0.7586587071418762,0.47971898317337036,0.47971898317337036,21.31112500001109,18.990779999967344,real_npy,0,1
320,/mnt/c/Users/Chirayu/Documents/GitHub/2D-to-3D-image-reconstruction/facescape_224/fsmview_trainset_20_13_lip_funneler_35.jpg,0.05575229227542877,0.05629704147577286,0.0005447492003440857,8.529320003464818,0.7172565460205078,0.5090314149856567,0.5090314149856567,39.8435220000124,22.8994390000139,real_npy,0,1
321,/mnt/c/Users/Chirayu/Documents/GitHub/2D-to-3D-image-reconstruction/facescape_224/fsmview_trainset_13_5_jaw_left_15.jpg,0.15894082188606262,4.113076210021973,3.95413538813591,47.800916381180286,6.303589820861816,0.5243456363677979,0.5243456363677979,39.11279200002582,51.93209700001944,real_npy,1,1
322,/mnt/c/Users/Chirayu/Documents/GitHub/2D-to-3D-image-reconstruction/facescape_224/fsmview_trainset_18_14_sadness_43.jpg,0.033395878970623016,0.03225097432732582,-0.0011449046432971954,7.909948229789734,0.656586766242981,0.32818713784217834,0.32818713784217834,45.546873999967374,43.15349000000879,real_npy,0,1
323,/mnt/c/Users/Chirayu/Documents/GitHub/2D-to-3D-image-reconstruction/facescape_224/fsmview_trainset_1_10_dimpler_45.jpg,0.03866204991936684,0.15304933488368988,0.11438728496432304,9.162562865763903,0.9014618396759033,0.3543740510940552,0.3543740510940552,22.025422000012895,20.360052000000906,real_npy,0,1
324,/mnt/c/Users/Chirayu/Documents/GitHub/2D-to-3D-image-reconstruction/facescape_224/fsmview_trainset_11_18_eye_closed_23.jpg,0.048000842332839966,0.04650432989001274,-0.0014965124428272247,8.333350446075201,0.6490274667739868,0.5327277183532715,0.5327277183532715,20.330881000006684,21.590774999992846,real_npy,0,1
325,/mnt/c/Users/Chirayu/Documents/GitHub/2D-to-3D-image-reconstruction/facescape_224/fsmview_trainset_1_6_jaw_right_50.jpg,0.041463468223810196,0.047568179666996,0.006104711443185806,7.706998977810144,0.6997260451316833,0.39048445224761963,0.39048445224761963,21.360971000035534,56.78567899997233,real_npy,0,1
326,/mnt/c/Users/Chirayu/Documents/GitHub/2D-to-3D-image-reconstruction/facescape_224/fsmview_trainset_18_2_smile_35.jpg,0.043638117611408234,0.2847427427768707,0.2411046251654625,12.512545693665743,1.1253554821014404,0.41648104786872864,0.41648104786872864,21.69259400000101,23.26344099998323,real_npy,0,1
327,/mnt/c/Users/Chirayu/Documents/GitHub/2D-to-3D-image-reconstruction/facescape_224/fsmview_trainset_15_4_anger_37.jpg,0.08299021422863007,0.10177031904459,0.01878010481595993,9.241082478314638,0.7934715151786804,0.5669615864753723,0.5669615864753723,21.965980999993917,20.116221000023415,real_npy,0,1
328,/mnt/c/Users/Chirayu/Documents/GitHub/2D-to-3D-image-reconstruction/facescape_224/fsmview_trainset_11_11_chin_raiser_56.jpg,0.0665946677327156,0.06298323720693588,-0.003611430525779724,9.245508508756757,0.8034069538116455,0.4657000005245209,0.4657000005245209,20.456206999995175,21.331266000004234,real_npy,0,1
329,/mnt/c/Users/Chirayu/Documents/GitHub/2D-to-3D-image-reconstruction/facescape_224/fsmview_trainset_17_2_smile_37.jpg,0.05414779856801033,0.059314027428627014,0.005166228860616684,7.866470070555806,0.6536813378334045,0.3879675567150116,0.3879675567150116,71.34820099997796,24.971026000002894,real_npy,0,1
330,/mnt/c/Users/Chirayu/Documents/GitHub/2D-to-3D-image-reconstruction/facescape_224/fsmview_trainset_4_17_cheek_blowing_33.jpg,0.03118904121220112,23.137271881103516,23.106082839891315,105.99578401446342,25.973617553710938,0.2820451557636261,0.2820451557636261,48.72013499999639,19.004241999994065,real_npy,1,1
331,/mnt/c/Users/Chirayu/Documents/GitHub/2D-to-3D-image-reconstruction/facescape_224/fsmview_trainset_6_1_neutral_33.jpg,0.042973581701517105,0.0487181581556797,0.005744576454162598,8.107822872698307,0.7208392024040222,0.38378608226776123,0.38378608226776123,48.64195100003599,43.814988999997695,real_npy,0,1
332,/mnt/c/Users/Chirayu/Documents/GitHub/2D-to-3D-image-reconstruction/facescape_224/fsmview_trainset_2_10_dimpler_30.jpg,0.050066057592630386,0.050620608031749725,0.000554550439119339,9.081662006676197,0.7404438853263855,0.3763578534126282,0.3763578534126282,21.76380200000949,21.08026400003382,real_npy,0,1
333,/mnt/c/Users/Chirayu/Documents/GitHub/2D-to-3D-image-reconstruction/facescape_224/fsmview_trainset_5_3_mouth_stretch_3.jpg,0.24658960103988647,0.25273841619491577,0.006148815155029297,7.832319408655167,0.6410428285598755,0.36733728647232056,0.36733728647232056,24.41304600000649,48.93867999999202,real_npy,0,1
334,/mnt/c/Users/Chirayu/Documents/GitHub/2D-to-3D-image-reconstruction/facescape_224/fsmview_trainset_19_17_cheek_blowing_22.jpg,0.0622374452650547,0.0687713772058487,0.006533931940793991,9.406780753284693,0.7703410387039185,0.36304378509521484,0.36304378509521484,58.25176100000817,22.153112000012243,real_npy,0,1
335,/mnt/c/Users/Chirayu/Documents/GitHub/2D-to-3D-image-reconstruction/facescape_224/fsmview_trainset_19_1_neutral_42.jpg,0.08849529176950455,0.10290559381246567,0.01441030204296112,8.472516253590584,0.7486147880554199,0.40786996483802795,0.40786996483802795,24.141030999999202,19.6951839999997,real_npy,0,1
336,/mnt/c/Users/Chirayu/Documents/GitHub/2D-to-3D-image-reconstruction/facescape_224/fsmview_trainset_11_14_sadness_6.jpg,0.6949498057365417,0.6521520018577576,-0.04279780387878418,8.543185240589082,0.735852837562561,0.6077684164047241,0.6077684164047241,34.43806799998583,76.07266299999083,real_npy,0,1
337,/mnt/c/Users/Chirayu/Documents/GitHub/2D-to-3D-image-reconstruction/facescape_224/fsmview_trainset_15_9_mouth_right_33.jpg,0.06236379221081734,0.07661939412355423,0.014255601912736893,8.028481006622314,0.7411428093910217,0.5549266338348389,0.5549266338348389,43.33609399998295,19.241675000046143,real_npy,0,1
338,/mnt/c/Users/Chirayu/Documents/GitHub/2D-to-3D-image-reconstruction/facescape_224/fsmview_trainset_11_15_lip_roll_64.jpg,0.423634797334671,0.4622631072998047,0.03862830996513367,8.196254272013903,0.6845510601997375,0.5116760730743408,0.5116760730743408,20.227073999990353,58.23135399998591,real_npy,0,1
339,/mnt/c/Users/Chirayu/Documents/GitHub/2D-to-3D-image-reconstruction/facescape_224/fsmview_trainset_16_10_dimpler_43.jpg,0.033711135387420654,0.03367653861641884,-3.4596771001815796e-05,7.710627609863877,0.6489055156707764,0.30304354429244995,0.30304354429244995,20.58086700003514,24.661116000004313,real_npy,0,1
340,/mnt/c/Users/Chirayu/Documents/GitHub/2D-to-3D-image-reconstruction/facescape_224/fsmview_trainset_18_6_jaw_right_8.jpg,0.040641900151968,0.03828338161110878,-0.0023585185408592224,8.868996983394027,0.7691922783851624,0.29853421449661255,0.29853421449661255,20.046908999972857,19.81683700000758,real_npy,0,1
341,/mnt/c/Users/Chirayu/Documents/GitHub/2D-to-3D-image-reconstruction/facescape_224/fsmview_trainset_11_11_chin_raiser_8.jpg,0.44401291012763977,0.5116506218910217,0.06763771176338196,6.992616947740316,0.6176323294639587,0.5798762440681458,0.5798762440681458,21.16011300000764,27.703834000021743,real_npy,0,1
342,/mnt/c/Users/Chirayu/Documents/GitHub/2D-to-3D-image-reconstruction/facescape_224/fsmview_trainset_3_7_jaw_forward_50.jpg,0.20311428606510162,0.20217618346214294,-0.0009381026029586792,7.382096894085407,0.6720317602157593,0.5307843089103699,0.5307843089103699,22.725938000007773,22.61433199998919,real_npy,0,1
343,/mnt/c/Users/Chirayu/Documents/GitHub/2D-to-3D-image-reconstruction/facescape_224/fsmview_trainset_11_7_jaw_forward_13.jpg,0.06757000088691711,0.0690993145108223,0.0015293136239051819,7.605033904314041,0.6432101130485535,0.45826804637908936,0.45826804637908936,39.56932199997709,21.24883400000499,real_npy,0,1
344,/mnt/c/Users/Chirayu/Documents/GitHub/2D-to-3D-image-reconstruction/facescape_224/fsmview_trainset_14_11_chin_raiser_29.jpg,0.13218694925308228,0.1417607218027115,0.009573772549629211,7.966174133121967,0.6617964506149292,0.32444021105766296,0.32444021105766296,35.78378599996768,19.963279999956285,real_npy,0,1
345,/mnt/c/Users/Chirayu/Documents/GitHub/2D-to-3D-image-reconstruction/facescape_224/fsmview_trainset_15_19_brow_raiser_22.jpg,0.037692222744226456,0.038441870361566544,0.0007496476173400879,7.226437382400036,0.6193292737007141,0.45958495140075684,0.45958495140075684,58.022397000002,20.174693000001298,real_npy,0,1
346,/mnt/c/Users/Chirayu/Documents/GitHub/2D-to-3D-image-reconstruction/facescape_224/fsmview_trainset_4_1_neutral_39.jpg,0.05322692170739174,0.04829220101237297,-0.004934720695018768,8.352291282266378,0.7246001958847046,0.3332628905773163,0.3332628905773163,51.93809400003602,19.844482000053176,real_npy,0,1
347,/mnt/c/Users/Chirayu/Documents/GitHub/2D-to-3D-image-reconstruction/facescape_224/fsmview_trainset_4_12_lip_puckerer_15.jpg,0.23122699558734894,0.2254326194524765,-0.0057943761348724365,6.15695196390152,0.5831316113471985,0.43098679184913635,0.43098679184913635,19.726260000027196,18.55882299997802,real_npy,0,0
348,/mnt/c/Users/Chirayu/Documents/GitHub/2D-to-3D-image-reconstruction/facescape_224/fsmview_trainset_15_14_sadness_66.jpg,0.3859100043773651,0.45631757378578186,0.07040756940841675,9.81315079703927,0.8359043598175049,0.4715571999549866,0.4715571999549866,21.35326500001611,22.01824100001204,real_npy,0,1
349,/mnt/c/Users/Chirayu/Documents/GitHub/2D-to-3D-image-reconstruction/facescape_224/fsmview_trainset_8_9_mouth_right_49.jpg,0.17063017189502716,0.21563804149627686,0.045007869601249695,7.740302752703428,0.7126621603965759,0.4868529438972473,0.4868529438972473,23.080250000020897,22.70014999999148,real_npy,0,1
350,/mnt/c/Users/Chirayu/Documents/GitHub/2D-to-3D-image-reconstruction/facescape_224/fsmview_trainset_6_2_smile_24.jpg,0.048266761004924774,0.04664263501763344,-0.001624125987291336,8.423963708803058,0.7190340161323547,0.3994881212711334,0.3994881212711334,34.783381000011104,22.17161099997611,real_npy,0,1
351,/mnt/c/Users/Chirayu/Documents/GitHub/2D-to-3D-image-reconstruction/facescape_224/fsmview_trainset_8_8_mouth_left_18.jpg,0.11821222305297852,0.1215703934431076,0.0033581703901290894,7.937229730188847,0.771511971950531,0.44735774397850037,0.44735774397850037,21.242160999975113,20.33798999997316,real_npy,0,1
352,/mnt/c/Users/Chirayu/Documents/GitHub/2D-to-3D-image-reconstruction/facescape_224/fsmview_trainset_11_16_grin_22.jpg,0.042939573526382446,0.04418244957923889,0.0012428760528564453,8.060958832502365,0.6562306880950928,0.4783419966697693,0.4783419966697693,21.28521299999875,22.843018999992637,real_npy,0,1
353,/mnt/c/Users/Chirayu/Documents/GitHub/2D-to-3D-image-reconstruction/facescape_224/fsmview_trainset_14_10_dimpler_38.jpg,0.06696414947509766,0.05510509014129639,-0.01185905933380127,7.82237883657217,0.6478252410888672,0.33879420161247253,0.33879420161247253,21.29008200000726,52.11074700002882,real_npy,0,1
354,/mnt/c/Users/Chirayu/Documents/GitHub/2D-to-3D-image-reconstruction/facescape_224/fsmview_trainset_1_11_chin_raiser_13.jpg,0.08648679405450821,0.09195362776517868,0.005466833710670471,7.50121696293354,0.6551845669746399,0.498416930437088,0.498416930437088,21.376166999971247,23.27063000001317,real_npy,0,1
355,/mnt/c/Users/Chirayu/Documents/GitHub/2D-to-3D-image-reconstruction/facescape_224/fsmview_trainset_7_4_anger_40.jpg,0.15085259079933167,0.15761861205101013,0.006766021251678467,6.763082720339298,0.6145625710487366,0.27548661828041077,0.27548661828041077,21.54722599999559,81.74209099996688,real_npy,0,1
356,/mnt/c/Users/Chirayu/Documents/GitHub/2D-to-3D-image-reconstruction/facescape_224/fsmview_trainset_13_12_lip_puckerer_43.jpg,0.07554536312818527,0.08269782364368439,0.007152460515499115,7.51221489161253,0.6759993433952332,0.41578465700149536,0.41578465700149536,21.4549440000269,20.36192499997469,real_npy,0,1
357,/mnt/c/Users/Chirayu/Documents/GitHub/2D-to-3D-image-reconstruction/facescape_224/fsmview_trainset_17_15_lip_roll_10.jpg,0.048818379640579224,0.050291940569877625,0.0014735609292984009,8.468308493494987,0.7400742769241333,0.3012450039386749,0.3012450039386749,53.4004600000344,30.94021600003316,real_npy,0,1
358,/mnt/c/Users/Chirayu/Documents/GitHub/2D-to-3D-image-reconstruction/facescape_224/fsmview_trainset_1_19_brow_raiser_11.jpg,0.09501595050096512,0.08521123975515366,-0.009804710745811462,8.484272949397564,0.7637271881103516,0.3817848563194275,0.3817848563194275,53.882564000048205,35.643347000018366,real_npy,0,1
359,/mnt/c/Users/Chirayu/Documents/GitHub/2D-to-3D-image-reconstruction/facescape_224/fsmview_trainset_11_9_mouth_right_44.jpg,0.12742964923381805,0.138173446059227,0.010743796825408936,8.078639335930347,0.7921337485313416,0.5733210444450378,0.5733210444450378,120.26763000000074,20.902025999987472,real_npy,0,1
360,/mnt/c/Users/Chirayu/Documents/GitHub/2D-to-3D-image-reconstruction/facescape_224/fsmview_trainset_1_6_jaw_right_54.jpg,0.07558546215295792,0.0777718648314476,0.002186402678489685,8.158943951129913,0.7841007113456726,0.32279807329177856,0.32279807329177856,20.291573999998036,47.90127700005087,real_npy,0,1
361,/mnt/c/Users/Chirayu/Documents/GitHub/2D-to-3D-image-reconstruction/facescape_224/fsmview_trainset_10_19_brow_raiser_46.jpg,0.11339015513658524,0.12117700278759003,0.007786847651004791,9.574150572530925,0.778218150138855,0.3834877014160156,0.3834877014160156,21.30182300004435,113.07905600000367,real_npy,0,1
362,/mnt/c/Users/Chirayu/Documents/GitHub/2D-to-3D-image-reconstruction/facescape_224/fsmview_trainset_17_2_smile_48.jpg,0.28336644172668457,0.2776215970516205,-0.005744844675064087,7.446140995249152,0.6053200364112854,0.41824087500572205,0.41824087500572205,20.914384000036534,19.123910000018896,real_npy,0,1
363,/mnt/c/Users/Chirayu/Documents/GitHub/2D-to-3D-image-reconstruction/facescape_224/fsmview_trainset_20_16_grin_33.jpg,0.030765993520617485,0.4233921766281128,0.3926261831074953,14.718469126150012,1.3105418682098389,0.4676646590232849,0.4676646590232849,57.52629099998785,21.01437999999689,real_npy,0,1
364,/mnt/c/Users/Chirayu/Documents/GitHub/2D-to-3D-image-reconstruction/facescape_224/fsmview_trainset_20_3_mouth_stretch_7.jpg,1.0832575559616089,1.0420862436294556,-0.04117131233215332,6.3876300901174545,0.6193464398384094,0.46431803703308105,0.46431803703308105,19.638047000000824,19.944248999991032,real_npy,0,0
365,/mnt/c/Users/Chirayu/Documents/GitHub/2D-to-3D-image-reconstruction/facescape_224/fsmview_trainset_11_15_lip_roll_56.jpg,0.05179085582494736,0.04916555806994438,-0.0026252977550029755,9.378178762272,0.8096886277198792,0.4518694579601288,0.4518694579601288,20.451841999999942,59.165287999974225,real_npy,0,1
366,/mnt/c/Users/Chirayu/Documents/GitHub/2D-to-3D-image-reconstruction/facescape_224/fsmview_trainset_4_15_lip_roll_33.jpg,0.02935160882771015,51.97407531738281,51.9447237085551,152.4700627028942,56.34267044067383,0.28584328293800354,0.28584328293800354,21.845460000008643,21.264008000002832,real_npy,1,1
367,/mnt/c/Users/Chirayu/Documents/GitHub/2D-to-3D-image-reconstruction/facescape_224/fsmview_trainset_20_5_jaw_left_8.jpg,0.13851574063301086,0.13402310013771057,-0.004492640495300293,8.635968372225761,0.7982041239738464,0.5357789397239685,0.5357789397239685,57.53777399996807,21.418797000023915,real_npy,0,1
368,/mnt/c/Users/Chirayu/Documents/GitHub/2D-to-3D-image-reconstruction/facescape_224/fsmview_trainset_10_2_smile_16.jpg,0.03773031383752823,0.0396079458296299,0.0018776319921016693,7.822943594306707,0.6629107594490051,0.2809250056743622,0.2809250056743622,30.68291599998929,61.72687800000176,real_npy,0,1
369,/mnt/c/Users/Chirayu/Documents/GitHub/2D-to-3D-image-reconstruction/facescape_224/fsmview_trainset_6_7_jaw_forward_22.jpg,0.34251347184181213,0.3643859326839447,0.02187246084213257,6.779594801366329,0.5997586846351624,0.541290819644928,0.541290819644928,20.059003000028497,22.86068900002647,real_npy,0,1
370,/mnt/c/Users/Chirayu/Documents/GitHub/2D-to-3D-image-reconstruction/facescape_224/fsmview_trainset_5_18_eye_closed_38.jpg,0.04725494980812073,0.04775440692901611,0.0004994571208953857,7.733899317681789,0.6863513588905334,0.38077786564826965,0.38077786564826965,44.83224899996685,20.978045999981987,real_npy,0,1
371,/mnt/c/Users/Chirayu/Documents/GitHub/2D-to-3D-image-reconstruction/facescape_224/fsmview_trainset_8_1_neutral_42.jpg,0.06215238571166992,0.06510467827320099,0.002952292561531067,8.294947251677513,0.7454620599746704,0.3662024140357971,0.3662024140357971,32.98972200002481,21.882970000035584,real_npy,0,1
372,/mnt/c/Users/Chirayu/Documents/GitHub/2D-to-3D-image-reconstruction/facescape_224/fsmview_trainset_6_20_brow_lower_16.jpg,0.15164920687675476,0.16091325879096985,0.009264051914215088,8.120561189949512,0.7329865097999573,0.24736744165420532,0.24736744165420532,47.69667299996172,39.8865210000281,real_npy,0,1
373,/mnt/c/Users/Chirayu/Documents/GitHub/2D-to-3D-image-reconstruction/facescape_224/fsmview_trainset_6_10_dimpler_16.jpg,0.029820701107382774,7.678310871124268,7.648490170016885,63.26511115580797,8.959912300109863,0.28283917903900146,0.28283917903900146,91.22764699998243,18.009142000039446,real_npy,1,1
374,/mnt/c/Users/Chirayu/Documents/GitHub/2D-to-3D-image-reconstruction/facescape_224/fsmview_trainset_11_9_mouth_right_48.jpg,0.7548997402191162,0.652895987033844,-0.10200375318527222,7.499828394502401,0.6667128205299377,0.5383922457695007,0.5383922457695007,20.451101999981347,20.13806799999429,real_npy,0,1
375,/mnt/c/Users/Chirayu/Documents/GitHub/2D-to-3D-image-reconstruction/facescape_224/fsmview_trainset_1_9_mouth_right_15.jpg,0.18289756774902344,0.17916816473007202,-0.003729403018951416,7.773363709449768,0.6512189507484436,0.4921194911003113,0.4921194911003113,23.952959999974155,21.61604200000511,real_npy,0,1
376,/mnt/c/Users/Chirayu/Documents/GitHub/2D-to-3D-image-reconstruction/facescape_224/fsmview_trainset_5_8_mouth_left_35.jpg,0.0514066219329834,0.04881436377763748,-0.0025922581553459167,8.384857553988695,0.7036246657371521,0.39867767691612244,0.39867767691612244,43.04237700000613,73.96335600003567,real_npy,0,1
377,/mnt/c/Users/Chirayu/Documents/GitHub/2D-to-3D-image-reconstruction/facescape_224/fsmview_trainset_9_15_lip_roll_40.jpg,0.17428015172481537,0.18015561997890472,0.0058754682540893555,7.6957733780145645,0.6628720164299011,0.46144700050354004,0.46144700050354004,20.349318999990373,22.61819400001741,real_npy,0,1
378,/mnt/c/Users/Chirayu/Documents/GitHub/2D-to-3D-image-reconstruction/facescape_224/fsmview_trainset_15_2_smile_20.jpg,0.10533556342124939,0.11925254017114639,0.013916976749897003,7.437404558062553,0.6382534503936768,0.42274951934814453,0.42274951934814453,22.186349999969934,20.874872999968375,real_npy,0,1
379,/mnt/c/Users/Chirayu/Documents/GitHub/2D-to-3D-image-reconstruction/facescape_224/fsmview_trainset_2_20_brow_lower_8.jpg,0.051547978073358536,0.5268387794494629,0.47529080137610435,17.47858977690339,1.5200916528701782,0.4464970827102661,0.4464970827102661,20.883690999994542,60.90122299997347,real_npy,0,1
380,/mnt/c/Users/Chirayu/Documents/GitHub/2D-to-3D-image-reconstruction/facescape_224/fsmview_trainset_7_17_cheek_blowing_39.jpg,0.22009322047233582,0.20172324776649475,-0.018369972705841064,7.213845953345299,0.632811963558197,0.5047426819801331,0.5047426819801331,21.025156999996852,41.552966999972796,real_npy,0,1
381,/mnt/c/Users/Chirayu/Documents/GitHub/2D-to-3D-image-reconstruction/facescape_224/fsmview_trainset_17_14_sadness_42.jpg,0.11369551718235016,2.6413252353668213,2.527629718184471,34.87679047137499,3.9953668117523193,0.43646955490112305,0.43646955490112305,20.228184000018246,37.78858200001878,real_npy,1,1
382,/mnt/c/Users/Chirayu/Documents/GitHub/2D-to-3D-image-reconstruction/facescape_224/fsmview_trainset_1_4_anger_20.jpg,0.04123661667108536,0.04098338261246681,-0.00025323405861854553,8.612432405352592,0.7191426157951355,0.35333871841430664,0.35333871841430664,76.92518700002893,22.807233000037286,real_npy,0,1
383,/mnt/c/Users/Chirayu/Documents/GitHub/2D-to-3D-image-reconstruction/facescape_224/fsmview_trainset_10_10_dimpler_7.jpg,0.0405128076672554,0.04657286778092384,0.006060060113668442,7.566720254719257,0.6494770050048828,0.22376170754432678,0.22376170754432678,19.98152599998093,35.502931000053195,real_npy,0,1
384,/mnt/c/Users/Chirayu/Documents/GitHub/2D-to-3D-image-reconstruction/facescape_224/fsmview_trainset_2_9_mouth_right_54.jpg,0.08394977450370789,0.08271366357803345,-0.0012361109256744385,8.914883568882942,0.7875174880027771,0.4743451774120331,0.4743451774120331,55.91738499998655,22.813973000040733,real_npy,0,1
385,/mnt/c/Users/Chirayu/Documents/GitHub/2D-to-3D-image-reconstruction/facescape_224/fsmview_trainset_18_5_jaw_left_41.jpg,0.1029888167977333,0.10736904293298721,0.004380226135253906,7.96444658190012,0.7132434248924255,0.49274033308029175,0.49274033308029175,22.022214999992684,47.80296699999553,real_npy,0,1
386,/mnt/c/Users/Chirayu/Documents/GitHub/2D-to-3D-image-reconstruction/facescape_224/fsmview_trainset_14_16_grin_35.jpg,0.0478801503777504,0.05136357247829437,0.003483422100543976,8.754426691215485,0.7299237251281738,0.5433282852172852,0.5433282852172852,44.809156999974675,19.003194999982043,real_npy,0,1
387,/mnt/c/Users/Chirayu/Documents/GitHub/2D-to-3D-image-reconstruction/facescape_224/fsmview_trainset_17_15_lip_roll_35.jpg,0.052335433661937714,0.054307352751493454,0.0019719190895557404,8.182307249866426,0.6953969597816467,0.39107444882392883,0.39107444882392883,20.185589999982767,19.93404299997792,real_npy,0,1
388,/mnt/c/Users/Chirayu/Documents/GitHub/2D-to-3D-image-reconstruction/facescape_224/fsmview_trainset_7_1_neutral_3.jpg,0.05666227266192436,0.05370984226465225,-0.00295243039727211,8.357950750738382,0.7837170958518982,0.38797545433044434,0.38797545433044434,60.73781899999631,18.565692000038325,real_npy,0,1
389,/mnt/c/Users/Chirayu/Documents/GitHub/2D-to-3D-image-reconstruction/facescape_224/fsmview_trainset_5_3_mouth_stretch_29.jpg,0.043628185987472534,0.04448915272951126,0.0008609667420387268,8.026737213134766,0.7245839238166809,0.331966370344162,0.331966370344162,21.96490400001494,22.215686999970785,real_npy,0,1
390,/mnt/c/Users/Chirayu/Documents/GitHub/2D-to-3D-image-reconstruction/facescape_224/fsmview_trainset_10_19_brow_raiser_51.jpg,0.06265632808208466,0.06425580382347107,0.0015994757413864136,7.907837875187397,0.6801515221595764,0.37581896781921387,0.37581896781921387,20.851096000001235,55.186292000030335,real_npy,0,1
391,/mnt/c/Users/Chirayu/Documents/GitHub/2D-to-3D-image-reconstruction/facescape_224/fsmview_trainset_6_16_grin_23.jpg,0.04190978407859802,0.043536845594644547,0.001627061516046524,7.778566608205438,0.6389380097389221,0.29240792989730835,0.29240792989730835,20.07396900000913,19.347396999989996,real_npy,0,1
392,/mnt/c/Users/Chirayu/Documents/GitHub/2D-to-3D-image-reconstruction/facescape_224/fsmview_trainset_8_13_lip_funneler_50.jpg,0.046901192516088486,0.04857730120420456,0.0016761086881160736,7.867289002984762,0.7077221274375916,0.32296326756477356,0.32296326756477356,20.320370000035837,25.338885999985905,real_npy,0,1
393,/mnt/c/Users/Chirayu/Documents/GitHub/2D-to-3D-image-reconstruction/facescape_224/fsmview_trainset_5_13_lip_funneler_45.jpg,0.154696524143219,0.1313321441411972,-0.02336438000202179,8.171865120530128,0.6850157380104065,0.49051955342292786,0.49051955342292786,20.71021900002279,19.850250000047254,real_npy,0,1
394,/mnt/c/Users/Chirayu/Documents/GitHub/2D-to-3D-image-reconstruction/facescape_224/fsmview_trainset_13_16_grin_9.jpg,0.1059664711356163,0.0961609035730362,-0.009805567562580109,8.119297370314598,0.6838089823722839,0.4167385697364807,0.4167385697364807,34.42438799999081,23.871577999955207,real_npy,0,1
395,/mnt/c/Users/Chirayu/Documents/GitHub/2D-to-3D-image-reconstruction/facescape_224/fsmview_trainset_11_6_jaw_right_65.jpg,0.050592079758644104,52.090576171875,52.039984092116356,151.94290313124657,56.57490158081055,0.4843273460865021,0.4843273460865021,35.47201499998209,20.07902899998726,real_npy,1,1
396,/mnt/c/Users/Chirayu/Documents/GitHub/2D-to-3D-image-reconstruction/facescape_224/fsmview_trainset_3_7_jaw_forward_32.jpg,0.047319356352090836,0.05018007010221481,0.0028607137501239777,8.171089734882116,0.6736661195755005,0.35414090752601624,0.35414090752601624,23.04570900003,57.1830670000395,real_npy,0,1
397,/mnt/c/Users/Chirayu/Documents/GitHub/2D-to-3D-image-reconstruction/facescape_224/fsmview_trainset_2_3_mouth_stretch_9.jpg,0.07392480969429016,0.0752531960606575,0.00132838636636734,8.827782552689314,0.791222095489502,0.41245704889297485,0.41245704889297485,34.266136999974606,21.5407149999578,real_npy,0,1
398,/mnt/c/Users/Chirayu/Documents/GitHub/2D-to-3D-image-reconstruction/facescape_224/fsmview_trainset_17_13_lip_funneler_29.jpg,0.06675630807876587,0.0695439875125885,0.002787679433822632,8.309724293649197,0.7153511047363281,0.2316301316022873,0.2316301316022873,38.20256699998481,19.254092999972272,real_npy,0,1
399,/mnt/c/Users/Chirayu/Documents/GitHub/2D-to-3D-image-reconstruction/facescape_224/fsmview_trainset_11_18_eye_closed_21.jpg,0.27427932620048523,0.28724405169487,0.012964725494384766,8.515617951750755,0.69904625415802,0.44286367297172546,0.44286367297172546,21.033044000034806,21.857527999998183,real_npy,0,1
400,/mnt/c/Users/Chirayu/Documents/GitHub/2D-to-3D-image-reconstruction/facescape_224/fsmview_trainset_13_3_mouth_stretch_40.jpg,0.03397522121667862,0.03458132967352867,0.0006061084568500519,7.279314823448658,0.6660158634185791,0.2729777693748474,0.2729777693748474,53.53192500001569,26.48592399998506,real_npy,0,1
401,/mnt/c/Users/Chirayu/Documents/GitHub/2D-to-3D-image-reconstruction/facescape_224/fsmview_trainset_19_11_chin_raiser_48.jpg,0.05617881566286087,0.05762305483222008,0.0014442391693592072,7.973727315664291,0.6784579157829285,0.3327157199382782,0.3327157199382782,21.53322500004151,19.934460000001764,real_npy,0,1
402,/mnt/c/Users/Chirayu/Documents/GitHub/2D-to-3D-image-reconstruction/facescape_224/fsmview_trainset_17_12_lip_puckerer_57.jpg,0.13419371843338013,0.1381789594888687,0.003985241055488586,8.853537805378437,0.7371209859848022,0.36601266264915466,0.36601266264915466,57.1956399999749,21.345182999993995,real_npy,0,1
403,/mnt/c/Users/Chirayu/Documents/GitHub/2D-to-3D-image-reconstruction/facescape_224/fsmview_trainset_9_13_lip_funneler_2.jpg,0.0932689979672432,0.09667045623064041,0.003401458263397217,8.802598934620619,0.7419832944869995,0.39435040950775146,0.39435040950775146,22.286003999965942,20.121616999972503,real_npy,0,1
404,/mnt/c/Users/Chirayu/Documents/GitHub/2D-to-3D-image-reconstruction/facescape_224/fsmview_trainset_13_17_cheek_blowing_2.jpg,0.07870475202798843,0.08383504301309586,0.005130290985107422,7.898156099021435,0.6333696246147156,0.4751998782157898,0.4751998782157898,42.14900300002,19.85326599998416,real_npy,0,1
405,/mnt/c/Users/Chirayu/Documents/GitHub/2D-to-3D-image-reconstruction/facescape_224/fsmview_trainset_2_6_jaw_right_15.jpg,0.04536658152937889,0.04809529334306717,0.002728711813688278,8.711349291726947,0.7131069898605347,0.4291512668132782,0.4291512668132782,21.580782999990333,21.74776900000097,real_npy,0,1
406,/mnt/c/Users/Chirayu/Documents/GitHub/2D-to-3D-image-reconstruction/facescape_224/fsmview_trainset_6_11_chin_raiser_2.jpg,0.052552636712789536,0.05404853820800781,0.001495901495218277,8.634566642343998,0.7412279844284058,0.38796454668045044,0.38796454668045044,20.653733000017382,19.897712999977557,real_npy,0,1
407,/mnt/c/Users/Chirayu/Documents/GitHub/2D-to-3D-image-reconstruction/facescape_224/fsmview_trainset_6_4_anger_1.jpg,0.060186244547367096,0.05716855451464653,-0.003017690032720566,7.952391028404236,0.727595865726471,0.36813560128211975,0.36813560128211975,20.677048000038667,22.175234999963322,real_npy,0,1
408,/mnt/c/Users/Chirayu/Documents/GitHub/2D-to-3D-image-reconstruction/facescape_224/fsmview_trainset_14_1_neutral_10.jpg,0.09977375715970993,0.11583873629570007,0.016064979135990143,8.180231258273125,0.6881760358810425,0.6043975353240967,0.6043975353240967,30.738632999998572,21.562542000026497,real_npy,0,1
409,/mnt/c/Users/Chirayu/Documents/GitHub/2D-to-3D-image-reconstruction/facescape_224/fsmview_trainset_16_19_brow_raiser_27.jpg,1.040815830230713,0.9466813206672668,-0.09413450956344604,7.872878380119801,0.7032708525657654,0.4407268166542053,0.4407268166542053,21.77102900003547,19.712577999996483,real_npy,0,1
410,/mnt/c/Users/Chirayu/Documents/GitHub/2D-to-3D-image-reconstruction/facescape_224/fsmview_trainset_17_4_anger_18.jpg,0.04299271106719971,0.04637644812464714,0.0033837370574474335,8.888199964538217,0.7230786085128784,0.3727159798145294,0.3727159798145294,20.807983000054264,19.358463000003212,real_npy,0,1
411,/mnt/c/Users/Chirayu/Documents/GitHub/2D-to-3D-image-reconstruction/facescape_224/fsmview_trainset_10_20_brow_lower_26.jpg,0.18034136295318604,1.0220909118652344,0.8417495489120483,19.377521079033613,1.768304467201233,0.6248012185096741,0.6248012185096741,34.04273800003921,77.99273599999879,real_npy,0,1
412,/mnt/c/Users/Chirayu/Documents/GitHub/2D-to-3D-image-reconstruction/facescape_224/fsmview_trainset_12_17_cheek_blowing_15.jpg,0.04405863210558891,0.041698046028614044,-0.0023605860769748688,9.092803224921227,0.7924664616584778,0.3956418037414551,0.3956418037414551,53.78231299999925,20.26052600001549,real_npy,0,1
413,/mnt/c/Users/Chirayu/Documents/GitHub/2D-to-3D-image-reconstruction/facescape_224/fsmview_trainset_10_13_lip_funneler_16.jpg,0.056484684348106384,0.05874740332365036,0.002262718975543976,7.653581868857145,0.6768792867660522,0.2840769290924072,0.2840769290924072,19.849802000010186,19.586954000033074,real_npy,0,1
414,/mnt/c/Users/Chirayu/Documents/GitHub/2D-to-3D-image-reconstruction/facescape_224/fsmview_trainset_3_2_smile_16.jpg,0.06742920726537704,0.0670415461063385,-0.0003876611590385437,8.506367690861225,0.7263877391815186,0.33039653301239014,0.33039653301239014,21.077932999958193,22.77310499999885,real_npy,0,1
415,/mnt/c/Users/Chirayu/Documents/GitHub/2D-to-3D-image-reconstruction/facescape_224/fsmview_trainset_4_14_sadness_50.jpg,0.04331451654434204,0.045857690274715424,0.0025431737303733826,8.49982175603509,0.6811815500259399,0.3232268989086151,0.3232268989086151,72.11313400000563,19.801348999976653,real_npy,0,1
416,/mnt/c/Users/Chirayu/Documents/GitHub/2D-to-3D-image-reconstruction/facescape_224/fsmview_trainset_14_13_lip_funneler_46.jpg,0.18017877638339996,0.18696226179599762,0.006783485412597656,8.389573112130165,0.6551279425621033,0.6414470076560974,0.6414470076560974,20.373105000032865,19.75205100001176,real_npy,0,1
417,/mnt/c/Users/Chirayu/Documents/GitHub/2D-to-3D-image-reconstruction/facescape_224/fsmview_trainset_4_16_grin_54.jpg,0.03846372663974762,0.03783506155014038,-0.0006286650896072388,8.247629098594189,0.6977951526641846,0.19953884184360504,0.19953884184360504,22.17651600000181,19.9615139999878,real_npy,0,1
418,/mnt/c/Users/Chirayu/Documents/GitHub/2D-to-3D-image-reconstruction/facescape_224/fsmview_trainset_18_2_smile_8.jpg,0.04497833922505379,0.3471597135066986,0.3021813742816448,13.834722185507417,1.2249209880828857,0.30695798993110657,0.30695798993110657,20.499442000016188,22.53847299999734,real_npy,0,1
419,/mnt/c/Users/Chirayu/Documents/GitHub/2D-to-3D-image-reconstruction/facescape_224/fsmview_trainset_11_12_lip_puckerer_52.jpg,0.45641130208969116,0.3074471950531006,-0.14896410703659058,7.341644171625376,0.7068495750427246,0.5204474925994873,0.5204474925994873,21.54377299996213,22.324573999981112,real_npy,0,1
420,/mnt/c/Users/Chirayu/Documents/GitHub/2D-to-3D-image-reconstruction/facescape_224/fsmview_trainset_14_12_lip_puckerer_67.jpg,0.038885410875082016,0.04062420874834061,0.0017387978732585907,8.460326556116343,0.6934547424316406,0.46781712770462036,0.46781712770462036,20.333404000041355,20.557555999971555,real_npy,0,1
421,/mnt/c/Users/Chirayu/Documents/GitHub/2D-to-3D-image-reconstruction/facescape_224/fsmview_trainset_14_17_cheek_blowing_66.jpg,0.8645187020301819,0.8734862208366394,0.00896751880645752,7.592667527496815,0.6812751889228821,0.466621071100235,0.466621071100235,21.374550999951225,22.560616000021128,real_npy,0,1
422,/mnt/c/Users/Chirayu/Documents/GitHub/2D-to-3D-image-reconstruction/facescape_224/fsmview_trainset_1_12_lip_puckerer_55.jpg,0.0953715518116951,0.11569356173276901,0.020322009921073914,8.662397973239422,0.7632644772529602,0.29128560423851013,0.29128560423851013,24.294118000000253,20.410592000018823,real_npy,0,1
423,/mnt/c/Users/Chirayu/Documents/GitHub/2D-to-3D-image-reconstruction/facescape_224/fsmview_trainset_12_9_mouth_right_54.jpg,0.05370530113577843,0.052233561873435974,-0.001471739262342453,9.032964197918773,0.7526431679725647,0.484336793422699,0.484336793422699,20.613319999995383,20.553030000030503,real_npy,0,1
424,/mnt/c/Users/Chirayu/Documents/GitHub/2D-to-3D-image-reconstruction/facescape_224/fsmview_trainset_19_2_smile_37.jpg,0.1244739219546318,0.1476093828678131,0.023135460913181305,9.002208793535829,0.7622016668319702,0.40821054577827454,0.40821054577827454,23.13994299998967,36.195249999991574,real_npy,0,1
425,/mnt/c/Users/Chirayu/Documents/GitHub/2D-to-3D-image-reconstruction/facescape_224/fsmview_trainset_10_6_jaw_right_52.jpg,0.123721182346344,0.12524212896823883,0.0015209466218948364,7.008628819137812,0.6439909934997559,0.4109300971031189,0.4109300971031189,22.522188000039023,23.087651000025744,real_npy,0,1
426,/mnt/c/Users/Chirayu/Documents/GitHub/2D-to-3D-image-reconstruction/facescape_224/fsmview_trainset_16_4_anger_50.jpg,0.047082941979169846,0.04951389133930206,0.0024309493601322174,8.188950326293707,0.6886047720909119,0.4240606427192688,0.4240606427192688,20.480402000032427,33.89336899999762,real_npy,0,1
427,/mnt/c/Users/Chirayu/Documents/GitHub/2D-to-3D-image-reconstruction/facescape_224/fsmview_trainset_20_17_cheek_blowing_3.jpg,0.5459697246551514,0.40681520104408264,-0.13915452361106873,7.65102569386363,0.7173013687133789,0.5751022100448608,0.5751022100448608,23.197694000032243,20.772402000034162,template_fallback,0,1
428,/mnt/c/Users/Chirayu/Documents/GitHub/2D-to-3D-image-reconstruction/facescape_224/fsmview_trainset_12_18_eye_closed_42.jpg,0.039998896420001984,0.04014374688267708,0.0001448504626750946,8.377007853239775,0.7037606239318848,0.3253357708454132,0.3253357708454132,21.70101999996632,49.6760539999741,real_npy,0,1
429,/mnt/c/Users/Chirayu/Documents/GitHub/2D-to-3D-image-reconstruction/facescape_224/fsmview_trainset_20_3_mouth_stretch_41.jpg,0.04085678234696388,0.04349830746650696,0.0026415251195430756,7.624993298202753,0.7109171748161316,0.3967735767364502,0.3967735767364502,71.87440400002743,30.8693790000234,real_npy,0,1
430,/mnt/c/Users/Chirayu/Documents/GitHub/2D-to-3D-image-reconstruction/facescape_224/fsmview_trainset_17_11_chin_raiser_46.jpg,0.6765670776367188,0.6810844540596008,0.00451737642288208,7.695186324417591,0.6531898379325867,0.45976340770721436,0.45976340770721436,21.725581999987753,23.774547000016355,real_npy,0,1
431,/mnt/c/Users/Chirayu/Documents/GitHub/2D-to-3D-image-reconstruction/facescape_224/fsmview_trainset_20_16_grin_58.jpg,0.049612682312726974,0.0473678819835186,-0.002244800329208374,9.10403510183096,0.8158369660377502,0.39453205466270447,0.39453205466270447,38.42526099998622,22.81567299996823,real_npy,0,1
432,/mnt/c/Users/Chirayu/Documents/GitHub/2D-to-3D-image-reconstruction/facescape_224/fsmview_trainset_5_15_lip_roll_11.jpg,0.5480924248695374,1.5457462072372437,0.9976537823677063,28.224237397313118,2.4966790676116943,0.5640919208526611,0.5640919208526611,20.343789999969886,26.656391999949847,real_npy,0,1
433,/mnt/c/Users/Chirayu/Documents/GitHub/2D-to-3D-image-reconstruction/facescape_224/fsmview_trainset_20_9_mouth_right_30.jpg,0.0633045956492424,0.07278105616569519,0.00947646051645279,7.777104660868645,0.6935933828353882,0.3150187134742737,0.3150187134742737,58.76849499998116,70.74345700004869,real_npy,0,1
434,/mnt/c/Users/Chirayu/Documents/GitHub/2D-to-3D-image-reconstruction/facescape_224/fsmview_trainset_11_20_brow_lower_34.jpg,0.033603865653276443,0.4473751485347748,0.41377128288149834,15.002628853544593,1.37423837184906,0.5707105398178101,0.5707105398178101,63.72926000000234,52.01417000000674,real_npy,0,1
435,/mnt/c/Users/Chirayu/Documents/GitHub/2D-to-3D-image-reconstruction/facescape_224/fsmview_trainset_2_1_neutral_6.jpg,0.08995048701763153,0.0972285121679306,0.007278025150299072,8.873838879168034,0.7571683526039124,0.3931867480278015,0.3931867480278015,21.924514000033923,19.611892999989777,real_npy,0,1
436,/mnt/c/Users/Chirayu/Documents/GitHub/2D-to-3D-image-reconstruction/facescape_224/fsmview_trainset_10_5_jaw_left_6.jpg,0.04903184622526169,0.05202438682317734,0.0029925405979156494,7.915222205221653,0.6825563907623291,0.25825661420822144,0.25825661420822144,21.294967000017095,20.130676000007952,real_npy,0,1
437,/mnt/c/Users/Chirayu/Documents/GitHub/2D-to-3D-image-reconstruction/facescape_224/fsmview_trainset_1_2_smile_18.jpg,0.039244912564754486,0.039686188101768494,0.00044127553701400757,8.473138959612697,0.6993607878684998,0.36477816104888916,0.36477816104888916,23.30260299999054,21.221878000005745,real_npy,0,1
438,/mnt/c/Users/Chirayu/Documents/GitHub/2D-to-3D-image-reconstruction/facescape_224/fsmview_trainset_3_3_mouth_stretch_46.jpg,0.11935769766569138,0.11393207311630249,-0.0054256245493888855,8.363654091954231,0.7176837921142578,0.5117491483688354,0.5117491483688354,53.50032900003043,64.07298600004196,real_npy,0,1
439,/mnt/c/Users/Chirayu/Documents/GitHub/2D-to-3D-image-reconstruction/facescape_224/fsmview_trainset_16_3_mouth_stretch_24.jpg,0.04041314125061035,0.04130067676305771,0.0008875355124473572,7.780587676912546,0.6762820482254028,0.3543473184108734,0.3543473184108734,89.0691600000082,18.79500000001144,real_npy,0,1
440,/mnt/c/Users/Chirayu/Documents/GitHub/2D-to-3D-image-reconstruction/facescape_224/fsmview_trainset_12_5_jaw_left_18.jpg,0.05458180233836174,0.05345331132411957,-0.0011284910142421722,8.976476024836302,0.7320062518119812,0.5446250438690186,0.5446250438690186,20.285831999956372,19.461195000019416,real_npy,0,1
441,/mnt/c/Users/Chirayu/Documents/GitHub/2D-to-3D-image-reconstruction/facescape_224/fsmview_trainset_3_15_lip_roll_13.jpg,0.05905672535300255,0.05963820591568947,0.0005814805626869202,8.435339692980051,0.7197555303573608,0.42553797364234924,0.42553797364234924,20.30655700002626,20.469493000007333,real_npy,0,1
442,/mnt/c/Users/Chirayu/Documents/GitHub/2D-to-3D-image-reconstruction/facescape_224/fsmview_trainset_9_1_neutral_1.jpg,0.07495719939470291,0.07562566548585892,0.0006684660911560059,8.697307527065277,0.6926286220550537,0.40183931589126587,0.40183931589126587,32.48279299998558,56.08243900002208,real_npy,0,1
443,/mnt/c/Users/Chirayu/Documents/GitHub/2D-to-3D-image-reconstruction/facescape_224/fsmview_trainset_5_2_smile_15.jpg,0.03503982350230217,0.03681167587637901,0.0017718523740768433,8.310481201857328,0.701664388179779,0.38428184390068054,0.38428184390068054,21.153923999975177,22.638216999951055,real_npy,0,1
444,/mnt/c/Users/Chirayu/Documents/GitHub/2D-to-3D-image-reconstruction/facescape_224/fsmview_trainset_3_2_smile_38.jpg,0.05442341789603233,0.06035462021827698,0.005931202322244644,8.105447590351105,0.7408945560455322,0.41943129897117615,0.41943129897117615,22.193864000030317,27.91917900003682,real_npy,0,1
445,/mnt/c/Users/Chirayu/Documents/GitHub/2D-to-3D-image-reconstruction/facescape_224/fsmview_trainset_18_14_sadness_30.jpg,0.16891756653785706,0.1841931790113449,0.015275612473487854,7.795623939484358,0.6539028882980347,0.35737594962120056,0.35737594962120056,21.208137999963128,22.034975999986273,real_npy,0,1
446,/mnt/c/Users/Chirayu/Documents/GitHub/2D-to-3D-image-reconstruction/facescape_224/fsmview_trainset_14_6_jaw_right_24.jpg,0.03454345464706421,0.03348951414227486,-0.0010539405047893524,7.19455436244607,0.6155250668525696,0.44072696566581726,0.44072696566581726,20.994660999974712,19.459310000002006,real_npy,0,1
447,/mnt/c/Users/Chirayu/Documents/GitHub/2D-to-3D-image-reconstruction/facescape_224/fsmview_trainset_12_1_neutral_15.jpg,0.05460508540272713,0.05144563689827919,-0.003159448504447937,8.972518296912313,0.7290313839912415,0.5001314282417297,0.5001314282417297,25.83723499998314,22.485442999993666,real_npy,0,1
448,/mnt/c/Users/Chirayu/Documents/GitHub/2D-to-3D-image-reconstruction/facescape_224/fsmview_trainset_18_20_brow_lower_54.jpg,0.036408644169569016,0.03678605332970619,0.0003774091601371765,8.63358105532825,0.7131751179695129,0.3662188947200775,0.3662188947200775,21.453528000051847,19.41776699999309,real_npy,0,1
449,/mnt/c/Users/Chirayu/Documents/GitHub/2D-to-3D-image-reconstruction/facescape_224/fsmview_trainset_13_5_jaw_left_23.jpg,0.04182128980755806,0.03951484337449074,-0.0023064464330673218,8.73928463831544,0.6881016492843628,0.42399314045906067,0.42399314045906067,21.73744099997066,20.849898999983907,real_npy,0,1
450,/mnt/c/Users/Chirayu/Documents/GitHub/2D-to-3D-image-reconstruction/facescape_224/fsmview_trainset_5_3_mouth_stretch_47.jpg,0.07042083889245987,0.07474339753389359,0.004322558641433716,9.166496466845274,0.7416255474090576,0.460392028093338,0.460392028093338,24.16197400003739,21.900554000012562,real_npy,0,1
451,/mnt/c/Users/Chirayu/Documents/GitHub/2D-to-3D-image-reconstruction/facescape_224/fsmview_trainset_9_14_sadness_30.jpg,0.052491411566734314,0.05241817608475685,-7.323548197746277e-05,8.230212023481727,0.6815881729125977,0.3368051052093506,0.3368051052093506,38.12647199998764,20.008883000002697,real_npy,0,1
452,/mnt/c/Users/Chirayu/Documents/GitHub/2D-to-3D-image-reconstruction/facescape_224/fsmview_trainset_6_7_jaw_forward_34.jpg,0.04339068755507469,0.04804720729589462,0.004656519740819931,8.255879752337933,0.6660678386688232,0.37545740604400635,0.37545740604400635,25.220998000008876,23.55449000003773,real_npy,0,1
453,/mnt/c/Users/Chirayu/Documents/GitHub/2D-to-3D-image-reconstruction/facescape_224/fsmview_trainset_20_15_lip_roll_20.jpg,0.2592656910419464,0.2898295223712921,0.030563831329345703,7.553999062627554,0.6361773610115051,0.34921538829803467,0.34921538829803467,55.84908500003394,21.75211000002264,real_npy,0,1
454,/mnt/c/Users/Chirayu/Documents/GitHub/2D-to-3D-image-reconstruction/facescape_224/fsmview_trainset_4_20_brow_lower_51.jpg,0.1499091237783432,0.13822154700756073,-0.01168757677078247,7.10892727971077,0.7137994170188904,0.36281028389930725,0.36281028389930725,20.680975000004764,21.741361000010784,real_npy,0,1
455,/mnt/c/Users/Chirayu/Documents/GitHub/2D-to-3D-image-reconstruction/facescape_224/fsmview_trainset_11_1_neutral_59.jpg,0.04444338381290436,0.0574052669107914,0.01296188309788704,8.38570400327444,0.68338942527771,0.4157955050468445,0.4157955050468445,23.171513000022514,22.58945900001663,real_npy,0,1
456,/mnt/c/Users/Chirayu/Documents/GitHub/2D-to-3D-image-reconstruction/facescape_224/fsmview_trainset_17_1_neutral_32.jpg,0.047249991446733475,0.0493941456079483,0.0021441541612148285,8.4398336969316,0.7181309461593628,0.32235783338546753,0.32235783338546753,20.533932000034838,20.367125000007036,real_npy,0,1
457,/mnt/c/Users/Chirayu/Documents/GitHub/2D-to-3D-image-reconstruction/facescape_224/fsmview_trainset_14_13_lip_funneler_34.jpg,0.044135842472314835,0.05038470774888992,0.0062488652765750885,7.929168771952391,0.774596095085144,0.5101891756057739,0.5101891756057739,21.411334999982046,19.04609299998583,real_npy,0,1
458,/mnt/c/Users/Chirayu/Documents/GitHub/2D-to-3D-image-reconstruction/facescape_224/fsmview_trainset_15_9_mouth_right_40.jpg,0.05588093400001526,0.06651771813631058,0.010636784136295319,8.692814700305462,0.7230564951896667,0.6110203862190247,0.6110203862190247,21.058729000003495,19.910704000039914,real_npy,0,1
459,/mnt/c/Users/Chirayu/Documents/GitHub/2D-to-3D-image-reconstruction/facescape_224/fsmview_trainset_14_7_jaw_forward_25.jpg,0.03529791161417961,2.74344539642334,2.7081474848091602,36.31547262892127,3.974957227706909,0.4829610586166382,0.4829610586166382,23.698849000027167,32.33859400000938,real_npy,1,1
460,/mnt/c/Users/Chirayu/Documents/GitHub/2D-to-3D-image-reconstruction/facescape_224/fsmview_trainset_2_3_mouth_stretch_22.jpg,0.8299388289451599,0.41816529631614685,-0.41177353262901306,7.514938207343221,0.6850998401641846,0.5800930857658386,0.5800930857658386,20.920046000014736,19.13250499995911,real_npy,0,1
461,/mnt/c/Users/Chirayu/Documents/GitHub/2D-to-3D-image-reconstruction/facescape_224/fsmview_trainset_6_11_chin_raiser_1.jpg,0.07466042041778564,0.0777294933795929,0.003069072961807251,8.508550703525543,0.7216019630432129,0.38675522804260254,0.38675522804260254,21.251868999968337,22.46700399996371,real_npy,0,1
462,/mnt/c/Users/Chirayu/Documents/GitHub/2D-to-3D-image-reconstruction/facescape_224/fsmview_trainset_5_15_lip_roll_4.jpg,0.05760983005166054,0.051417138427495956,-0.006192691624164581,8.032955851405859,0.7227586507797241,0.29607126116752625,0.29607126116752625,24.185916000021734,20.327387999998336,real_npy,0,1
463,/mnt/c/Users/Chirayu/Documents/GitHub/2D-to-3D-image-reconstruction/facescape_224/fsmview_trainset_20_20_brow_lower_19.jpg,0.04171907529234886,0.04239761829376221,0.0006785430014133453,7.873962368816137,0.6511666774749756,0.4896034598350525,0.4896034598350525,20.612065000022994,21.008599000026607,real_npy,0,1
464,/mnt/c/Users/Chirayu/Documents/GitHub/2D-to-3D-image-reconstruction/facescape_224/fsmview_trainset_18_19_brow_raiser_56.jpg,0.06126377359032631,0.07191317528486252,0.010649401694536209,8.425855845212936,0.7371267676353455,0.3188028633594513,0.3188028633594513,22.057066999991548,21.877883999991354,real_npy,0,1
465,/mnt/c/Users/Chirayu/Documents/GitHub/2D-to-3D-image-reconstruction/facescape_224/fsmview_trainset_9_17_cheek_blowing_5.jpg,0.048045285046100616,0.04880407452583313,0.0007587894797325134,7.793469071388245,0.6982541084289551,0.35522815585136414,0.35522815585136414,22.958981999977368,22.568038000031265,real_npy,0,1
466,/mnt/c/Users/Chirayu/Documents/GitHub/2D-to-3D-image-reconstruction/facescape_224/fsmview_trainset_3_17_cheek_blowing_13.jpg,0.06404539942741394,0.06238691881299019,-0.0016584806144237518,8.72887818235904,0.719706118106842,0.4319021701812744,0.4319021701812744,20.22431699998606,19.583694000004925,real_npy,0,1
467,/mnt/c/Users/Chirayu/Documents/GitHub/2D-to-3D-image-reconstruction/facescape_224/fsmview_trainset_7_17_cheek_blowing_31.jpg,0.11814972758293152,0.11800449341535568,-0.00014523416757583618,7.816759392619133,0.6662856340408325,0.4911363422870636,0.4911363422870636,21.47515699999758,21.356634000028407,real_npy,0,1
468,/mnt/c/Users/Chirayu/Documents/GitHub/2D-to-3D-image-reconstruction/facescape_224/fsmview_trainset_20_13_lip_funneler_29.jpg,0.06791909784078598,0.07609974592924118,0.0081806480884552,8.06544916704297,0.7087565660476685,0.32081013917922974,0.32081013917922974,21.70160800000076,23.79956099997571,real_npy,0,1
469,/mnt/c/Users/Chirayu/Documents/GitHub/2D-to-3D-image-reconstruction/facescape_224/fsmview_trainset_15_6_jaw_right_22.jpg,0.034640368074178696,0.03474234789609909,0.0001019798219203949,7.133197568356991,0.5914492011070251,0.513390839099884,0.513390839099884,19.929199999978664,20.052197999973487,real_npy,0,1
470,/mnt/c/Users/Chirayu/Documents/GitHub/2D-to-3D-image-reconstruction/facescape_224/fsmview_trainset_4_14_sadness_48.jpg,0.09137317538261414,0.09632381051778793,0.004950635135173798,7.985443111509085,0.7706112861633301,0.30598610639572144,0.30598610639572144,23.44122899995682,21.541366999997535,real_npy,0,1
471,/mnt/c/Users/Chirayu/Documents/GitHub/2D-to-3D-image-reconstruction/facescape_224/fsmview_trainset_19_16_grin_57.jpg,0.3033895194530487,0.31577420234680176,0.012384682893753052,7.311743959784508,0.6532227993011475,0.269451379776001,0.269451379776001,24.364972999990187,21.37198200000512,real_npy,0,1
472,/mnt/c/Users/Chirayu/Documents/GitHub/2D-to-3D-image-reconstruction/facescape_224/fsmview_trainset_17_13_lip_funneler_52.jpg,0.2860948443412781,0.2731158435344696,-0.012979000806808472,7.652711018919945,0.661311686038971,0.4326638877391815,0.4326638877391815,20.088671999985763,45.4046309999967,real_npy,0,1
473,/mnt/c/Users/Chirayu/Documents/GitHub/2D-to-3D-image-reconstruction/facescape_224/fsmview_trainset_6_15_lip_roll_11.jpg,0.3128267228603363,0.3123476803302765,-0.00047904253005981445,6.342927701771259,0.5728170275688171,0.5274311304092407,0.5274311304092407,21.13215899998977,21.665334000033454,real_npy,0,0
474,/mnt/c/Users/Chirayu/Documents/GitHub/2D-to-3D-image-reconstruction/facescape_224/fsmview_trainset_17_10_dimpler_4.jpg,0.09220859408378601,0.0968838483095169,0.004675254225730896,9.288456879556179,0.7474835515022278,0.40572527050971985,0.40572527050971985,23.48536000005197,57.258554999975786,real_npy,0,1
475,/mnt/c/Users/Chirayu/Documents/GitHub/2D-to-3D-image-reconstruction/facescape_224/fsmview_trainset_3_2_smile_26.jpg,0.03443999961018562,0.03435748443007469,-8.25151801109314e-05,8.025975625962019,0.6675747632980347,0.33476126194000244,0.33476126194000244,21.135608000008688,33.741367999994054,real_npy,0,1
476,/mnt/c/Users/Chirayu/Documents/GitHub/2D-to-3D-image-reconstruction/facescape_224/fsmview_trainset_18_20_brow_lower_5.jpg,0.05491024628281593,0.059028029441833496,0.004117783159017563,8.459340140223503,0.6986255049705505,0.3360166549682617,0.3360166549682617,22.221281000042836,20.145049999996445,real_npy,0,1
477,/mnt/c/Users/Chirayu/Documents/GitHub/2D-to-3D-image-reconstruction/facescape_224/fsmview_trainset_3_19_brow_raiser_28.jpg,0.036013420671224594,0.03516658395528793,-0.0008468367159366608,7.7415201887488365,0.6525960564613342,0.2784073054790497,0.2784073054790497,21.704004000014265,19.03350300000284,real_npy,0,1
478,/mnt/c/Users/Chirayu/Documents/GitHub/2D-to-3D-image-reconstruction/facescape_224/fsmview_trainset_17_12_lip_puckerer_54.jpg,0.3501126170158386,0.32608357071876526,-0.024029046297073364,7.8969567604362965,0.6987665891647339,0.4240695834159851,0.4240695834159851,20.88590400001067,32.92590199998813,real_npy,0,1
479,/mnt/c/Users/Chirayu/Documents/GitHub/2D-to-3D-image-reconstruction/facescape_224/fsmview_trainset_20_11_chin_raiser_26.jpg,0.035124771296978,0.036384254693984985,0.0012594833970069885,8.118844611570239,0.6791691184043884,0.4331682026386261,0.4331682026386261,19.507930999964174,19.185194999977284,real_npy,0,1
480,/mnt/c/Users/Chirayu/Documents/GitHub/2D-to-3D-image-reconstruction/facescape_224/fsmview_trainset_2_18_eye_closed_30.jpg,0.08135788142681122,0.0844976156949997,0.0031397342681884766,9.11183712258935,0.75663822889328,0.38011112809181213,0.38011112809181213,56.507837000026484,23.251201999983095,real_npy,0,1
481,/mnt/c/Users/Chirayu/Documents/GitHub/2D-to-3D-image-reconstruction/facescape_224/fsmview_trainset_11_15_lip_roll_60.jpg,0.6516196131706238,0.6762808561325073,0.024661242961883545,8.04455116391182,0.6963831782341003,0.5231847763061523,0.5231847763061523,22.0167740000079,21.28311000001304,real_npy,0,1
482,/mnt/c/Users/Chirayu/Documents/GitHub/2D-to-3D-image-reconstruction/facescape_224/fsmview_trainset_3_15_lip_roll_19.jpg,0.05185266211628914,0.055126361548900604,0.0032736994326114655,8.341948326677084,0.7025324106216431,0.35077589750289917,0.35077589750289917,21.471070000018244,58.93701200000123,real_npy,0,1
483,/mnt/c/Users/Chirayu/Documents/GitHub/2D-to-3D-image-reconstruction/facescape_224/fsmview_trainset_14_9_mouth_right_26.jpg,0.050261568278074265,0.05840737000107765,0.008145801723003387,8.00195537507534,0.7387980222702026,0.48394638299942017,0.48394638299942017,20.55621599998858,18.920798999999988,real_npy,0,1
484,/mnt/c/Users/Chirayu/Documents/GitHub/2D-to-3D-image-reconstruction/facescape_224/fsmview_trainset_15_18_eye_closed_30.jpg,0.12710969150066376,0.14075206220149994,0.013642370700836182,8.01805068179965,0.6609339714050293,0.4221703112125397,0.4221703112125397,21.327539000026263,20.12995900003034,real_npy,0,1
485,/mnt/c/Users/Chirayu/Documents/GitHub/2D-to-3D-image-reconstruction/facescape_224/fsmview_trainset_14_7_jaw_forward_31.jpg,0.03131019324064255,8.792848587036133,8.76153839379549,67.60400460660458,10.129810333251953,0.43383410573005676,0.43383410573005676,19.884873000023617,16.90374000003203,real_npy,1,1
486,/mnt/c/Users/Chirayu/Documents/GitHub/2D-to-3D-image-reconstruction/facescape_224/fsmview_trainset_14_2_smile_49.jpg,0.8261329531669617,0.7295144200325012,-0.09661853313446045,8.033323220908642,0.6978294849395752,0.578789234161377,0.578789234161377,20.701412999983404,22.237998999969477,real_npy,0,1
487,/mnt/c/Users/Chirayu/Documents/GitHub/2D-to-3D-image-reconstruction/facescape_224/fsmview_trainset_20_18_eye_closed_29.jpg,0.16698159277439117,0.17177028954029083,0.004788696765899658,7.84685580804944,0.6437395215034485,0.3341212868690491,0.3341212868690491,85.52573700001176,25.536455999997543,real_npy,0,1
488,/mnt/c/Users/Chirayu/Documents/GitHub/2D-to-3D-image-reconstruction/facescape_224/fsmview_trainset_8_14_sadness_15.jpg,0.16318288445472717,0.15670670568943024,-0.006476178765296936,8.09779953956604,0.6680154800415039,0.4165508449077606,0.4165508449077606,21.67364600001065,22.818988000040008,real_npy,0,1
489,/mnt/c/Users/Chirayu/Documents/GitHub/2D-to-3D-image-reconstruction/facescape_224/fsmview_trainset_13_9_mouth_right_13.jpg,0.050340812653303146,5.574615001678467,5.524274189025164,49.85024344921112,6.999173164367676,0.46335259079933167,0.46335259079933167,21.24497900001643,50.632710000002135,real_npy,1,1
490,/mnt/c/Users/Chirayu/Documents/GitHub/2D-to-3D-image-reconstruction/facescape_224/fsmview_trainset_1_13_lip_funneler_6.jpg,0.03770604357123375,0.03944709524512291,0.0017410516738891602,8.026482313871384,0.7209367752075195,0.2709927260875702,0.2709927260875702,39.42040499998711,26.510813000015787,real_npy,0,1
491,/mnt/c/Users/Chirayu/Documents/GitHub/2D-to-3D-image-reconstruction/facescape_224/fsmview_trainset_11_12_lip_puckerer_33.jpg,0.036669760942459106,2.1013705730438232,2.064700812101364,33.3507157638669,3.3381428718566895,0.5236365795135498,0.5236365795135498,22.770764000028976,32.52847699997119,real_npy,1,1
492,/mnt/c/Users/Chirayu/Documents/GitHub/2D-to-3D-image-reconstruction/facescape_224/fsmview_trainset_6_10_dimpler_30.jpg,0.04833318665623665,0.04510094225406647,-0.0032322444021701813,8.251833491027355,0.684654951095581,0.41863951086997986,0.41863951086997986,22.41189099999019,23.386948999984725,real_npy,0,1
493,/mnt/c/Users/Chirayu/Documents/GitHub/2D-to-3D-image-reconstruction/facescape_224/fsmview_trainset_6_18_eye_closed_36.jpg,0.09266576170921326,0.10453961789608002,0.01187385618686676,8.217992532998323,0.697681725025177,0.34383225440979004,0.34383225440979004,25.22187599998915,77.25559400000748,real_npy,0,1
494,/mnt/c/Users/Chirayu/Documents/GitHub/2D-to-3D-image-reconstruction/facescape_224/fsmview_trainset_9_7_jaw_forward_14.jpg,0.037493929266929626,0.036015868186950684,-0.0014780610799789429,7.9572265855968,0.6925652027130127,0.3597376048564911,0.3597376048564911,21.274672000004102,21.392124000044532,real_npy,0,1
495,/mnt/c/Users/Chirayu/Documents/GitHub/2D-to-3D-image-reconstruction/facescape_224/fsmview_trainset_13_11_chin_raiser_15.jpg,0.04365985840559006,0.04860756918787956,0.004947710782289505,8.619439266622066,0.7214269042015076,0.3886965811252594,0.3886965811252594,22.69485899995516,23.18616299999121,real_npy,0,1
496,/mnt/c/Users/Chirayu/Documents/GitHub/2D-to-3D-image-reconstruction/facescape_224/fsmview_trainset_18_8_mouth_left_33.jpg,0.03677333891391754,0.036310017108917236,-0.0004633218050003052,8.762690380215645,0.7271876931190491,0.41223883628845215,0.41223883628845215,36.68119900004285,20.845726999993985,real_npy,0,1
497,/mnt/c/Users/Chirayu/Documents/GitHub/2D-to-3D-image-reconstruction/facescape_224/fsmview_trainset_12_15_lip_roll_49.jpg,0.21900252997875214,0.23877912759780884,0.0197765976190567,7.380705546587706,0.6382708549499512,0.4690704345703125,0.4690704345703125,22.079177999955846,21.643589999996493,real_npy,0,1
498,/mnt/c/Users/Chirayu/Documents/GitHub/2D-to-3D-image-reconstruction/facescape_224/fsmview_trainset_14_3_mouth_stretch_16.jpg,0.0873432457447052,0.14354310929775238,0.05619986355304718,7.40972875058651,0.6800798177719116,0.4626448154449463,0.4626448154449463,23.612167999999656,54.43771300002709,real_npy,0,1
499,/mnt/c/Users/Chirayu/Documents/GitHub/2D-to-3D-image-reconstruction/facescape_224/fsmview_trainset_14_12_lip_puckerer_65.jpg,0.056410204619169235,0.05681972578167915,0.0004095211625099182,9.22682567499578,0.8323192596435547,0.4432125389575958,0.4432125389575958,20.880551999994168,20.22914999997738,real_npy,0,1
500,/mnt/c/Users/Chirayu/Documents/GitHub/2D-to-3D-image-reconstruction/facescape_224/fsmview_trainset_16_6_jaw_right_10.jpg,0.0311405211687088,0.031891804188489914,0.0007512830197811127,7.8888282254338264,0.6547865867614746,0.3067227900028229,0.3067227900028229,23.69785299998739,21.58339700002898,real_npy,0,1
501,/mnt/c/Users/Chirayu/Documents/GitHub/2D-to-3D-image-reconstruction/facescape_224/fsmview_trainset_15_5_jaw_left_11.jpg,0.13341443240642548,0.18282252550125122,0.049408093094825745,8.423530351370573,0.749328076839447,0.5511730909347534,0.5511730909347534,23.250969000002897,21.355801000026986,real_npy,0,1
502,/mnt/c/Users/Chirayu/Documents/GitHub/2D-to-3D-image-reconstruction/facescape_224/fsmview_trainset_4_5_jaw_left_25.jpg,0.0370330736041069,0.1533350944519043,0.1163020208477974,10.230864794459194,0.8516282439231873,0.2990436851978302,0.2990436851978302,20.492624000041815,20.77318499999592,real_npy,0,1
503,/mnt/c/Users/Chirayu/Documents/GitHub/2D-to-3D-image-reconstruction/facescape_224/fsmview_trainset_1_17_cheek_blowing_11.jpg,0.10114270448684692,0.09266996383666992,-0.008472740650177002,8.254087764769793,0.7525553703308105,0.3878903090953827,0.3878903090953827,40.98464399999102,21.30166500000996,real_npy,0,1
504,/mnt/c/Users/Chirayu/Documents/GitHub/2D-to-3D-image-reconstruction/facescape_224/fsmview_trainset_16_18_eye_closed_33.jpg,0.03679885342717171,0.03667611628770828,-0.00012273713946342468,8.409385355189443,0.6981003284454346,0.3876514434814453,0.3876514434814453,35.704847000033624,20.275971999978992,real_npy,0,1
505,/mnt/c/Users/Chirayu/Documents/GitHub/2D-to-3D-image-reconstruction/facescape_224/fsmview_trainset_15_18_eye_closed_11.jpg,0.11645548790693283,0.20166407525539398,0.08520858734846115,8.716436989605427,0.726050615310669,0.5699161291122437,0.5699161291122437,20.520112999975026,56.39315199999828,real_npy,0,1
506,/mnt/c/Users/Chirayu/Documents/GitHub/2D-to-3D-image-reconstruction/facescape_224/fsmview_trainset_19_16_grin_36.jpg,0.03722211346030235,0.03841874748468399,0.0011966340243816376,8.476404346525669,0.7371618151664734,0.3353250026702881,0.3353250026702881,62.56930699998975,22.052117000043836,real_npy,0,1
507,/mnt/c/Users/Chirayu/Documents/GitHub/2D-to-3D-image-reconstruction/facescape_224/fsmview_trainset_20_10_dimpler_28.jpg,0.08706167340278625,0.09121657907962799,0.004154905676841736,8.292316440492868,0.6761932373046875,0.4883582592010498,0.4883582592010498,23.683030000029248,23.528155000008155,real_npy,0,1
508,/mnt/c/Users/Chirayu/Documents/GitHub/2D-to-3D-image-reconstruction/facescape_224/fsmview_trainset_10_1_neutral_55.jpg,0.11468831449747086,0.12188182026147842,0.007193505764007568,7.5647724233567715,0.706707239151001,0.30659323930740356,0.30659323930740356,20.84486499995819,21.327769000038188,real_npy,0,1
509,/mnt/c/Users/Chirayu/Documents/GitHub/2D-to-3D-image-reconstruction/facescape_224/fsmview_trainset_1_9_mouth_right_54.jpg,0.03465886414051056,1.6286839246749878,1.5940250605344772,28.948241285979748,2.70029616355896,0.3046026825904846,0.3046026825904846,20.59316200001149,27.869008999971356,real_npy,0,1
510,/mnt/c/Users/Chirayu/Documents/GitHub/2D-to-3D-image-reconstruction/facescape_224/fsmview_trainset_5_19_brow_raiser_15.jpg,0.033067408949136734,0.8693932890892029,0.8363258801400661,21.05291936174035,1.8611959218978882,0.38292524218559265,0.38292524218559265,20.984526000006554,23.28826600000866,real_npy,0,1
511,/mnt/c/Users/Chirayu/Documents/GitHub/2D-to-3D-image-reconstruction/facescape_224/fsmview_trainset_2_6_jaw_right_2.jpg,0.21336020529270172,0.19385914504528046,-0.019501060247421265,8.448185257613659,0.7695388197898865,0.4783596992492676,0.4783596992492676,20.241935000001376,21.225917000037953,real_npy,0,1
512,/mnt/c/Users/Chirayu/Documents/GitHub/2D-to-3D-image-reconstruction/facescape_224/fsmview_trainset_12_6_jaw_right_25.jpg,0.8033974766731262,0.710690438747406,-0.09270703792572021,8.146660178899765,0.6988535523414612,0.5277134776115417,0.5277134776115417,23.34224699995957,20.76750699995955,real_npy,0,1
513,/mnt/c/Users/Chirayu/Documents/GitHub/2D-to-3D-image-reconstruction/facescape_224/fsmview_trainset_6_10_dimpler_26.jpg,0.04808593541383743,0.04748254641890526,-0.0006033889949321747,8.17980254907161,0.6892010569572449,0.3674190044403076,0.3674190044403076,20.208857999989505,21.08052599999155,real_npy,0,1
514,/mnt/c/Users/Chirayu/Documents/GitHub/2D-to-3D-image-reconstruction/facescape_224/fsmview_trainset_13_7_jaw_forward_16.jpg,0.053132254630327225,0.05372212082147598,0.0005898661911487579,8.683783585205674,0.7296785712242126,0.4147831201553345,0.4147831201553345,53.461273000039,31.801991999998336,real_npy,0,1
515,/mnt/c/Users/Chirayu/Documents/GitHub/2D-to-3D-image-reconstruction/facescape_224/fsmview_trainset_19_8_mouth_left_39.jpg,0.10316451638936996,0.10055003315210342,-0.0026144832372665405,9.042560245841742,0.7726195454597473,0.37238335609436035,0.37238335609436035,31.77985500002478,25.233711999987918,real_npy,0,1
516,/mnt/c/Users/Chirayu/Documents/GitHub/2D-to-3D-image-reconstruction/facescape_224/fsmview_trainset_20_18_eye_closed_28.jpg,0.0788763165473938,0.08645173907279968,0.007575422525405884,8.123345769941807,0.6693353652954102,0.48619887232780457,0.48619887232780457,20.820189000005485,21.65063000001055,real_npy,0,1
517,/mnt/c/Users/Chirayu/Documents/GitHub/2D-to-3D-image-reconstruction/facescape_224/fsmview_trainset_9_19_brow_raiser_28.jpg,0.05909518525004387,0.07227009534835815,0.013174910098314285,8.511574812233448,0.6867784261703491,0.2716761827468872,0.2716761827468872,25.03184200003261,24.119145999975444,real_npy,0,1
518,/mnt/c/Users/Chirayu/Documents/GitHub/2D-to-3D-image-reconstruction/facescape_224/fsmview_trainset_19_16_grin_8.jpg,0.0425645112991333,0.045919306576251984,0.003354795277118683,8.95127758383751,0.7931548357009888,0.22704382240772247,0.22704382240772247,21.863674999963223,22.738564000007955,real_npy,0,1
519,/mnt/c/Users/Chirayu/Documents/GitHub/2D-to-3D-image-reconstruction/facescape_224/fsmview_trainset_12_1_neutral_43.jpg,0.12931697070598602,0.13995638489723206,0.010639414191246033,7.719126768410206,0.6655851602554321,0.47617223858833313,0.47617223858833313,59.70352100001719,23.685157999977946,real_npy,0,1
520,/mnt/c/Users/Chirayu/Documents/GitHub/2D-to-3D-image-reconstruction/facescape_224/fsmview_trainset_9_12_lip_puckerer_54.jpg,0.07234326004981995,0.07207832485437393,-0.0002649351954460144,7.954477455466986,0.6742525100708008,0.4572223424911499,0.4572223424911499,56.54067099999338,21.196657000018604,real_npy,0,1
521,/mnt/c/Users/Chirayu/Documents/GitHub/2D-to-3D-image-reconstruction/facescape_224/fsmview_trainset_13_7_jaw_forward_52.jpg,0.07400202006101608,0.07123429328203201,-0.00276772677898407,8.726424746215343,0.7182024121284485,0.38808730244636536,0.38808730244636536,63.721028999964346,21.699202000036166,real_npy,0,1
522,/mnt/c/Users/Chirayu/Documents/GitHub/2D-to-3D-image-reconstruction/facescape_224/fsmview_trainset_20_6_jaw_right_6.jpg,0.400492787361145,0.4126995801925659,0.012206792831420898,8.758439181372523,0.8626114726066589,0.5939916372299194,0.5939916372299194,20.518238000022393,20.896769999978915,real_npy,0,1
523,/mnt/c/Users/Chirayu/Documents/GitHub/2D-to-3D-image-reconstruction/facescape_224/fsmview_trainset_19_17_cheek_blowing_27.jpg,0.7869033813476562,0.6525203585624695,-0.13438302278518677,8.305608812719584,0.7713215947151184,0.38959434628486633,0.38959434628486633,25.781246000008196,24.133188999996946,real_npy,0,1
524,/mnt/c/Users/Chirayu/Documents/GitHub/2D-to-3D-image-reconstruction/facescape_224/fsmview_trainset_1_2_smile_24.jpg,0.0668695867061615,0.06896747648715973,0.00209788978099823,8.262812033295631,0.748696506023407,0.48433855175971985,0.48433855175971985,20.15791700000591,32.85730400000375,real_npy,0,1
525,/mnt/c/Users/Chirayu/Documents/GitHub/2D-to-3D-image-reconstruction/facescape_224/fsmview_trainset_14_15_lip_roll_20.jpg,0.05107291415333748,0.051546961069107056,0.000474046915769577,7.369891256093979,0.6442897915840149,0.3034943640232086,0.3034943640232086,30.526487999964047,22.153613000000405,real_npy,0,1
526,/mnt/c/Users/Chirayu/Documents/GitHub/2D-to-3D-image-reconstruction/facescape_224/fsmview_trainset_7_5_jaw_left_18.jpg,0.0351315476000309,0.034752245992422104,-0.00037930160760879517,8.202756121754646,0.6696048378944397,0.41949185729026794,0.41949185729026794,51.551850000009836,21.416421000026276,real_npy,0,1
527,/mnt/c/Users/Chirayu/Documents/GitHub/2D-to-3D-image-reconstruction/facescape_224/fsmview_trainset_12_18_eye_closed_39.jpg,0.0727270320057869,0.07356072962284088,0.0008336976170539856,8.488500356674194,0.7186211347579956,0.46277081966400146,0.46277081966400146,20.27974200001381,37.84726600002841,real_npy,0,1
528,/mnt/c/Users/Chirayu/Documents/GitHub/2D-to-3D-image-reconstruction/facescape_224/fsmview_trainset_1_11_chin_raiser_42.jpg,0.10998255759477615,0.1089126393198967,-0.0010699182748794556,8.329749912023544,0.7199837565422058,0.4522884488105774,0.4522884488105774,21.16245499996694,22.34665799994673,real_npy,0,1
529,/mnt/c/Users/Chirayu/Documents/GitHub/2D-to-3D-image-reconstruction/facescape_224/fsmview_trainset_14_1_neutral_38.jpg,0.05470839515328407,0.05193992331624031,-0.002768471837043762,7.620141699910164,0.6266359090805054,0.3317272663116455,0.3317272663116455,59.14135900002293,20.66991300000609,real_npy,0,1
530,/mnt/c/Users/Chirayu/Documents/GitHub/2D-to-3D-image-reconstruction/facescape_224/fsmview_trainset_8_17_cheek_blowing_33.jpg,0.030403470620512962,0.12462744861841202,0.09422397799789906,9.791951411403716,0.8325522541999817,0.2874932885169983,0.2874932885169983,23.775272999955632,20.44133999999076,real_npy,0,1
531,/mnt/c/Users/Chirayu/Documents/GitHub/2D-to-3D-image-reconstruction/facescape_224/fsmview_trainset_17_20_brow_lower_46.jpg,0.1446390300989151,0.1477770209312439,0.0031379908323287964,8.53194646537304,0.7580165863037109,0.4333338439464569,0.4333338439464569,21.390445999998065,21.14603700005091,real_npy,0,1
532,/mnt/c/Users/Chirayu/Documents/GitHub/2D-to-3D-image-reconstruction/facescape_224/fsmview_trainset_18_20_brow_lower_24.jpg,0.03499392420053482,0.03446593135595322,-0.000527992844581604,8.323474103584886,0.7078255414962769,0.4116453230381012,0.4116453230381012,43.124089999992066,31.095049999976254,real_npy,0,1
533,/mnt/c/Users/Chirayu/Documents/GitHub/2D-to-3D-image-reconstruction/facescape_224/fsmview_trainset_20_3_mouth_stretch_58.jpg,0.07664358615875244,0.0718555897474289,-0.004787996411323547,8.51814479380846,0.7763012647628784,0.3718288242816925,0.3718288242816925,20.77251499997601,22.620903000017734,real_npy,0,1
534,/mnt/c/Users/Chirayu/Documents/GitHub/2D-to-3D-image-reconstruction/facescape_224/fsmview_trainset_6_9_mouth_right_36.jpg,0.10867391526699066,0.11805890500545502,0.009384989738464355,7.8310055658221245,0.6668170094490051,0.3382125198841095,0.3382125198841095,20.547410999995463,25.393828999995094,real_npy,0,1
535,/mnt/c/Users/Chirayu/Documents/GitHub/2D-to-3D-image-reconstruction/facescape_224/fsmview_trainset_12_6_jaw_right_8.jpg,0.06100740283727646,0.06882857531309128,0.00782117247581482,9.04292806610465,0.7584578990936279,0.5085646510124207,0.5085646510124207,24.6418940000126,22.40920899998855,real_npy,0,1
536,/mnt/c/Users/Chirayu/Documents/GitHub/2D-to-3D-image-reconstruction/facescape_224/fsmview_trainset_19_9_mouth_right_26.jpg,0.0640612319111824,0.058419886976480484,-0.0056413449347019196,9.309790793806314,0.7597150802612305,0.43291208148002625,0.43291208148002625,57.17699699999912,23.353670999995302,real_npy,0,1
537,/mnt/c/Users/Chirayu/Documents/GitHub/2D-to-3D-image-reconstruction/facescape_224/fsmview_trainset_11_8_mouth_left_45.jpg,0.819414496421814,0.8311797380447388,0.011765241622924805,7.97084453701973,0.6610406041145325,0.556919276714325,0.556919276714325,49.1018540000141,20.885222999993402,real_npy,0,1
538,/mnt/c/Users/Chirayu/Documents/GitHub/2D-to-3D-image-reconstruction/facescape_224/fsmview_trainset_1_12_lip_puckerer_33.jpg,0.03583212196826935,176.20022583007812,176.16439370810986,258.34556490182877,225.0016632080078,0.37233251333236694,0.37233251333236694,90.56684099999757,22.0342819999928,real_npy,1,1
539,/mnt/c/Users/Chirayu/Documents/GitHub/2D-to-3D-image-reconstruction/facescape_224/fsmview_trainset_11_1_neutral_64.jpg,0.20745819807052612,0.2038739174604416,-0.0035842806100845337,8.215342700481415,0.7274277806282043,0.4333241879940033,0.4333241879940033,21.340277000035712,30.773892000013348,real_npy,0,1
540,/mnt/c/Users/Chirayu/Documents/GitHub/2D-to-3D-image-reconstruction/facescape_224/fsmview_trainset_8_14_sadness_36.jpg,0.05395917966961861,0.04756505414843559,-0.006394125521183014,8.01907230168581,0.6798096895217896,0.3118177652359009,0.3118177652359009,24.20606499998712,23.378181999987646,real_npy,0,1
541,/mnt/c/Users/Chirayu/Documents/GitHub/2D-to-3D-image-reconstruction/facescape_224/fsmview_trainset_1_14_sadness_55.jpg,0.12027830630540848,6.438397407531738,6.31811910122633,59.092667639255524,8.272706985473633,0.28756198287010193,0.28756198287010193,22.627300000010564,67.96941699997205,real_npy,1,1
542,/mnt/c/Users/Chirayu/Documents/GitHub/2D-to-3D-image-reconstruction/facescape_224/fsmview_trainset_2_17_cheek_blowing_14.jpg,0.038072049617767334,0.03708580508828163,-0.0009862445294857025,8.00482024718076,0.7054685950279236,0.43426740169525146,0.43426740169525146,51.95723600002111,31.18515299996716,real_npy,0,1
543,/mnt/c/Users/Chirayu/Documents/GitHub/2D-to-3D-image-reconstruction/facescape_224/fsmview_trainset_20_4_anger_23.jpg,0.029774419963359833,0.02960091456770897,-0.00017350539565086365,7.582906492054462,0.613545298576355,0.428470253944397,0.428470253944397,26.394927000012558,32.87821999998641,real_npy,0,1
544,/mnt/c/Users/Chirayu/Documents/GitHub/2D-to-3D-image-reconstruction/facescape_224/fsmview_trainset_18_1_neutral_39.jpg,0.15471111238002777,0.14630447328090668,-0.008406639099121094,8.605510525405407,0.8201372027397156,0.5385992527008057,0.5385992527008057,32.920908000050986,22.739047000015944,real_npy,0,1
545,/mnt/c/Users/Chirayu/Documents/GitHub/2D-to-3D-image-reconstruction/facescape_224/fsmview_trainset_20_16_grin_18.jpg,0.04394349828362465,0.04230901226401329,-0.0016344860196113586,7.858685459941626,0.6463121175765991,0.49556970596313477,0.49556970596313477,22.590105000006133,59.93380400002479,real_npy,0,1
546,/mnt/c/Users/Chirayu/Documents/GitHub/2D-to-3D-image-reconstruction/facescape_224/fsmview_trainset_20_11_chin_raiser_13.jpg,0.0534520298242569,0.052820391952991486,-0.0006316378712654114,8.520144775509834,0.7073706388473511,0.3882107436656952,0.3882107436656952,22.9151629999933,21.591262000015377,real_npy,0,1
547,/mnt/c/Users/Chirayu/Documents/GitHub/2D-to-3D-image-reconstruction/facescape_224/fsmview_trainset_14_5_jaw_left_30.jpg,0.043494582176208496,0.04838999733328819,0.004895415157079697,7.117531638592482,0.6202532649040222,0.27721816301345825,0.27721816301345825,20.877877000032186,22.722870999984934,real_npy,0,1
548,/mnt/c/Users/Chirayu/Documents/GitHub/2D-to-3D-image-reconstruction/facescape_224/fsmview_trainset_5_8_mouth_left_12.jpg,0.3878135681152344,0.4025499224662781,0.014736354351043701,7.443508706986904,0.6299254894256592,0.2783668041229248,0.2783668041229248,19.8072100000104,19.751073000009,real_npy,0,1
549,/mnt/c/Users/Chirayu/Documents/GitHub/2D-to-3D-image-reconstruction/facescape_224/fsmview_trainset_5_8_mouth_left_57.jpg,0.0741245448589325,0.07229514420032501,-0.001829400658607483,8.609343469142914,0.7482165694236755,0.4203137159347534,0.4203137159347534,23.174485000026834,31.778853999981038,real_npy,0,1
550,/mnt/c/Users/Chirayu/Documents/GitHub/2D-to-3D-image-reconstruction/facescape_224/fsmview_trainset_3_16_grin_24.jpg,0.03868277743458748,0.03811851516366005,-0.0005642622709274292,7.283207591623068,0.6550589799880981,0.3063829839229584,0.3063829839229584,20.766278999985843,20.693694999977197,real_npy,0,1
551,/mnt/c/Users/Chirayu/Documents/GitHub/2D-to-3D-image-reconstruction/facescape_224/fsmview_trainset_9_12_lip_puckerer_40.jpg,0.27687451243400574,0.30841949582099915,0.03154498338699341,6.822638541460037,0.6293591260910034,0.44121307134628296,0.44121307134628296,21.90337100000761,20.758770000043114,real_npy,0,1
552,/mnt/c/Users/Chirayu/Documents/GitHub/2D-to-3D-image-reconstruction/facescape_224/fsmview_trainset_17_19_brow_raiser_15.jpg,0.047872528433799744,0.04944751411676407,0.001574985682964325,8.74391856789589,0.7139965295791626,0.3597918152809143,0.3597918152809143,20.047047999980805,30.84097999999358,real_npy,0,1
553,/mnt/c/Users/Chirayu/Documents/GitHub/2D-to-3D-image-reconstruction/facescape_224/fsmview_trainset_11_13_lip_funneler_21.jpg,0.04305018112063408,0.045370541512966156,0.002320360392332077,8.03109834715724,0.6488401293754578,0.486493319272995,0.486493319272995,20.045005999975274,32.02488599998787,real_npy,0,1
554,/mnt/c/Users/Chirayu/Documents/GitHub/2D-to-3D-image-reconstruction/facescape_224/fsmview_trainset_15_13_lip_funneler_33.jpg,0.12175790220499039,0.13539819419384003,0.01364029198884964,7.608077801764011,0.6607151627540588,0.5843969583511353,0.5843969583511353,87.8040110000029,19.019586000013078,real_npy,0,1
555,/mnt/c/Users/Chirayu/Documents/GitHub/2D-to-3D-image-reconstruction/facescape_224/fsmview_trainset_5_16_grin_41.jpg,0.1147245243191719,0.11761783063411713,0.002893306314945221,7.8698107451200485,0.6970996856689453,0.4667949080467224,0.4667949080467224,42.96462399997836,19.966576000001623,real_npy,0,1
556,/mnt/c/Users/Chirayu/Documents/GitHub/2D-to-3D-image-reconstruction/facescape_224/fsmview_trainset_12_1_neutral_30.jpg,0.05733102560043335,0.05733482167124748,3.7960708141326904e-06,9.39851968921721,0.7736151218414307,0.5492187142372131,0.5492187142372131,67.30439299997215,22.77538399999912,real_npy,0,1
557,/mnt/c/Users/Chirayu/Documents/GitHub/2D-to-3D-image-reconstruction/facescape_224/fsmview_trainset_1_18_eye_closed_19.jpg,0.4312279224395752,0.41580554842948914,-0.01542237401008606,6.53244162350893,0.61379474401474,0.4621879756450653,0.4621879756450653,21.636291999982404,22.367199999962395,real_npy,0,1
558,/mnt/c/Users/Chirayu/Documents/GitHub/2D-to-3D-image-reconstruction/facescape_224/fsmview_trainset_13_12_lip_puckerer_37.jpg,0.03720172494649887,0.035424716770648956,-0.0017770081758499146,8.774206008762121,0.7760108709335327,0.3233707845211029,0.3233707845211029,21.539550999989387,22.054814000000533,real_npy,0,1
559,/mnt/c/Users/Chirayu/Documents/GitHub/2D-to-3D-image-reconstruction/facescape_224/fsmview_trainset_9_9_mouth_right_1.jpg,0.06801918894052505,0.06819567829370499,0.00017648935317993164,8.098078221082687,0.7194570302963257,0.3832211196422577,0.3832211196422577,22.798494000028313,23.184811000021455,real_npy,0,1
560,/mnt/c/Users/Chirayu/Documents/GitHub/2D-to-3D-image-reconstruction/facescape_224/fsmview_trainset_11_6_jaw_right_34.jpg,0.03802284970879555,2.0762298107147217,2.038206961005926,32.935534082353115,3.4059953689575195,0.5696970224380493,0.5696970224380493,22.581303000038133,30.150232999972104,real_npy,1,1
561,/mnt/c/Users/Chirayu/Documents/GitHub/2D-to-3D-image-reconstruction/facescape_224/fsmview_trainset_14_1_neutral_53.jpg,0.3751053810119629,0.4397560656070709,0.06465068459510803,7.903119251132011,0.6836297512054443,0.563467264175415,0.563467264175415,22.0460059999823,21.01392100001931,real_npy,0,1
562,/mnt/c/Users/Chirayu/Documents/GitHub/2D-to-3D-image-reconstruction/facescape_224/fsmview_trainset_5_14_sadness_41.jpg,0.11290362477302551,0.11481825262308121,0.0019146278500556946,8.032538756728172,0.7086770534515381,0.47746971249580383,0.47746971249580383,21.298699999988457,21.07124299999441,real_npy,0,1
563,/mnt/c/Users/Chirayu/Documents/GitHub/2D-to-3D-image-reconstruction/facescape_224/fsmview_trainset_4_18_eye_closed_50.jpg,0.04570911452174187,0.04948097839951515,0.003771863877773285,8.75612160563469,0.7229268550872803,0.31921878457069397,0.31921878457069397,21.826471999986552,26.872510000032435,real_npy,0,1
564,/mnt/c/Users/Chirayu/Documents/GitHub/2D-to-3D-image-reconstruction/facescape_224/fsmview_trainset_8_18_eye_closed_56.jpg,0.03930068016052246,0.04073234647512436,0.0014316663146018982,8.356573157943785,0.7076027989387512,0.24128125607967377,0.24128125607967377,23.9984510000113,22.918093999976463,real_npy,0,1
565,/mnt/c/Users/Chirayu/Documents/GitHub/2D-to-3D-image-reconstruction/facescape_224/fsmview_trainset_19_4_anger_25.jpg,0.08099468052387238,0.07594911009073257,-0.005045570433139801,9.487005941569805,0.7582642436027527,0.4530054032802582,0.4530054032802582,20.59917700000824,35.604755999997906,real_npy,0,1
566,/mnt/c/Users/Chirayu/Documents/GitHub/2D-to-3D-image-reconstruction/facescape_224/fsmview_trainset_15_2_smile_58.jpg,0.06040059030056,0.05944604054093361,-0.0009545497596263885,8.692079745233059,0.7901631593704224,0.4610586166381836,0.4610586166381836,20.10579699998516,54.949012999998104,real_npy,0,1
567,/mnt/c/Users/Chirayu/Documents/GitHub/2D-to-3D-image-reconstruction/facescape_224/fsmview_trainset_7_18_eye_closed_22.jpg,0.2438880205154419,0.2688629925251007,0.024974972009658813,7.36283640563488,0.7295292615890503,0.6120597720146179,0.6120597720146179,19.999003999998877,21.586733000049207,real_npy,0,1
568,/mnt/c/Users/Chirayu/Documents/GitHub/2D-to-3D-image-reconstruction/facescape_224/fsmview_trainset_3_2_smile_52.jpg,0.1527770608663559,0.15658392012119293,0.003806859254837036,8.11158400774002,0.7359733581542969,0.4561603367328644,0.4561603367328644,19.97237599999835,18.852176999985204,real_npy,0,1
569,/mnt/c/Users/Chirayu/Documents/GitHub/2D-to-3D-image-reconstruction/facescape_224/fsmview_trainset_11_14_sadness_26.jpg,0.06450856477022171,0.07838521152734756,0.013876646757125854,8.501337248831987,0.750889241695404,0.48332685232162476,0.48332685232162476,21.568077999972957,20.160373000010168,real_npy,0,1
570,/mnt/c/Users/Chirayu/Documents/GitHub/2D-to-3D-image-reconstruction/facescape_224/fsmview_trainset_6_7_jaw_forward_27.jpg,0.04960152879357338,0.04688506945967674,-0.002716459333896637,8.50402132049203,0.692915141582489,0.37269988656044006,0.37269988656044006,20.286007999970934,19.631328999992093,real_npy,0,1
571,/mnt/c/Users/Chirayu/Documents/GitHub/2D-to-3D-image-reconstruction/facescape_224/fsmview_trainset_7_3_mouth_stretch_41.jpg,0.0955616906285286,0.09942474961280823,0.0038630589842796326,8.157504890114069,0.777574360370636,0.48061904311180115,0.48061904311180115,43.50918500000489,37.492407000002004,real_npy,0,1
572,/mnt/c/Users/Chirayu/Documents/GitHub/2D-to-3D-image-reconstruction/facescape_224/fsmview_trainset_4_10_dimpler_8.jpg,0.04122183099389076,0.0379897840321064,-0.003232046961784363,7.838329918682575,0.6808178424835205,0.1804199367761612,0.1804199367761612,19.37816700001349,18.681343000025663,real_npy,0,1
573,/mnt/c/Users/Chirayu/Documents/GitHub/2D-to-3D-image-reconstruction/facescape_224/fsmview_trainset_20_2_smile_44.jpg,0.0876958817243576,0.09410630166530609,0.006410419940948486,9.861181700602174,0.7761291861534119,0.4214431643486023,0.4214431643486023,22.38295299997617,19.77238399996395,real_npy,0,1
574,/mnt/c/Users/Chirayu/Documents/GitHub/2D-to-3D-image-reconstruction/facescape_224/fsmview_trainset_5_18_eye_closed_20.jpg,0.055269695818424225,0.054242782294750214,-0.0010269135236740112,8.829408967867494,0.7437600493431091,0.3837125599384308,0.3837125599384308,47.85339699998303,42.64227899994921,real_npy,0,1
575,/mnt/c/Users/Chirayu/Documents/GitHub/2D-to-3D-image-reconstruction/facescape_224/fsmview_trainset_8_12_lip_puckerer_20.jpg,0.04205760732293129,0.043190740048885345,0.0011331327259540558,8.629184814170003,0.7031689882278442,0.2873433232307434,0.2873433232307434,21.85006499996689,24.154291000002104,real_npy,0,1
576,/mnt/c/Users/Chirayu/Documents/GitHub/2D-to-3D-image-reconstruction/facescape_224/fsmview_trainset_12_4_anger_22.jpg,0.16937924921512604,0.15964505076408386,-0.009734198451042175,9.04977785050869,0.7068930864334106,0.5559110045433044,0.5559110045433044,21.381195000003572,43.289259999994556,real_npy,0,1
577,/mnt/c/Users/Chirayu/Documents/GitHub/2D-to-3D-image-reconstruction/facescape_224/fsmview_trainset_12_15_lip_roll_36.jpg,0.04253223165869713,0.04066107049584389,-0.001871161162853241,8.766511404886842,0.7711837887763977,0.3813866674900055,0.3813866674900055,24.6997849999957,21.394151000038164,real_npy,0,1
578,/mnt/c/Users/Chirayu/Documents/GitHub/2D-to-3D-image-reconstruction/facescape_224/fsmview_trainset_18_3_mouth_stretch_12.jpg,0.04836298152804375,0.05074773356318474,0.002384752035140991,8.069837868213654,0.7683100700378418,0.4047447741031647,0.4047447741031647,28.640975999962848,23.745101000031354,real_npy,0,1
579,/mnt/c/Users/Chirayu/Documents/GitHub/2D-to-3D-image-reconstruction/facescape_224/fsmview_trainset_20_13_lip_funneler_59.jpg,0.6706704497337341,0.652965784072876,-0.017704665660858154,7.5554056242108345,0.6719663739204407,0.461026668548584,0.461026668548584,21.412708000013936,21.085619000018596,real_npy,0,1
580,/mnt/c/Users/Chirayu/Documents/GitHub/2D-to-3D-image-reconstruction/facescape_224/fsmview_trainset_11_3_mouth_stretch_41.jpg,0.04635649919509888,0.04476933553814888,-0.001587163656949997,8.07089831866324,0.7467509508132935,0.4480973184108734,0.4480973184108734,21.6125869999928,20.177912999997716,real_npy,0,1
581,/mnt/c/Users/Chirayu/Documents/GitHub/2D-to-3D-image-reconstruction/facescape_224/fsmview_trainset_11_12_lip_puckerer_29.jpg,0.171092227101326,0.3386882543563843,0.1675960272550583,14.522768275812268,1.3058900833129883,0.41843947768211365,0.41843947768211365,22.148904000005132,22.635425000032683,real_npy,0,1
582,/mnt/c/Users/Chirayu/Documents/GitHub/2D-to-3D-image-reconstruction/facescape_224/fsmview_trainset_3_4_anger_2.jpg,0.04915153980255127,0.05071058124303818,0.001559041440486908,8.576503925025463,0.7526288628578186,0.43584001064300537,0.43584001064300537,20.838937999997142,22.6437719999808,real_npy,0,1
583,/mnt/c/Users/Chirayu/Documents/GitHub/2D-to-3D-image-reconstruction/facescape_224/fsmview_trainset_4_10_dimpler_27.jpg,0.07919299602508545,0.07907549291849136,-0.0001175031065940857,7.91244874894619,0.706458568572998,0.3588310182094574,0.3588310182094574,43.31013999996003,27.6014190000069,real_npy,0,1
584,/mnt/c/Users/Chirayu/Documents/GitHub/2D-to-3D-image-reconstruction/facescape_224/fsmview_trainset_9_1_neutral_12.jpg,0.03299357742071152,0.03404418006539345,0.0010506026446819305,7.9404191598296165,0.6675952076911926,0.23448629677295685,0.23448629677295685,20.84794199998896,20.60893399999486,real_npy,0,1
585,/mnt/c/Users/Chirayu/Documents/GitHub/2D-to-3D-image-reconstruction/facescape_224/fsmview_trainset_12_13_lip_funneler_5.jpg,0.4342331886291504,0.4526752531528473,0.0184420645236969,6.760141097009182,0.6472595930099487,0.5006036758422852,0.5006036758422852,60.431742999981,19.614719999992758,real_npy,0,1
586,/mnt/c/Users/Chirayu/Documents/GitHub/2D-to-3D-image-reconstruction/facescape_224/fsmview_trainset_5_18_eye_closed_3.jpg,0.31791985034942627,0.3249147832393646,0.0069949328899383545,7.9628841653466225,0.6850209832191467,0.3763418197631836,0.3763418197631836,42.424901000003956,19.031625000025088,real_npy,0,1
587,/mnt/c/Users/Chirayu/Documents/GitHub/2D-to-3D-image-reconstruction/facescape_224/fsmview_trainset_1_3_mouth_stretch_44.jpg,0.116177998483181,0.11879707872867584,0.0026190802454948425,8.122715435922146,0.6888024210929871,0.4969756305217743,0.4969756305217743,70.35640499998408,28.56801800004405,real_npy,0,1
588,/mnt/c/Users/Chirayu/Documents/GitHub/2D-to-3D-image-reconstruction/facescape_224/fsmview_trainset_11_3_mouth_stretch_17.jpg,0.04793559014797211,0.05173895135521889,0.0038033612072467804,7.716929219663143,0.7317528128623962,0.5002537965774536,0.5002537965774536,32.43497299996534,32.032242000013866,real_npy,0,1
589,/mnt/c/Users/Chirayu/Documents/GitHub/2D-to-3D-image-reconstruction/facescape_224/fsmview_trainset_8_10_dimpler_40.jpg,0.25546932220458984,0.2757686972618103,0.02029937505722046,6.472240529954433,0.6524805426597595,0.43297427892684937,0.43297427892684937,49.761024000019916,18.738873000017975,real_npy,0,0
590,/mnt/c/Users/Chirayu/Documents/GitHub/2D-to-3D-image-reconstruction/facescape_224/fsmview_trainset_18_15_lip_roll_39.jpg,0.10351342707872391,0.09862992912530899,-0.004883497953414917,7.943078447133303,0.7161818146705627,0.5248039960861206,0.5248039960861206,20.260758000006263,21.92621000000372,real_npy,0,1
591,/mnt/c/Users/Chirayu/Documents/GitHub/2D-to-3D-image-reconstruction/facescape_224/fsmview_trainset_19_12_lip_puckerer_5.jpg,0.0568959005177021,0.06445290148258209,0.00755700096487999,8.426900897175074,0.6941595673561096,0.2442668378353119,0.2442668378353119,45.06348399996796,21.286035999992237,real_npy,0,1
592,/mnt/c/Users/Chirayu/Documents/GitHub/2D-to-3D-image-reconstruction/facescape_224/fsmview_trainset_9_12_lip_puckerer_22.jpg,0.28842589259147644,0.3666868209838867,0.07826092839241028,7.103839799761772,0.7041707634925842,0.6099624633789062,0.6099624633789062,124.82171899995365,26.677753000001303,real_npy,0,1
593,/mnt/c/Users/Chirayu/Documents/GitHub/2D-to-3D-image-reconstruction/facescape_224/fsmview_trainset_4_14_sadness_45.jpg,0.11687757074832916,0.13729238510131836,0.020414814352989197,9.80703947134316,0.806079626083374,0.3023150861263275,0.3023150861263275,21.16128700004083,20.506682999950954,real_npy,0,1
594,/mnt/c/Users/Chirayu/Documents/GitHub/2D-to-3D-image-reconstruction/facescape_224/fsmview_trainset_12_10_dimpler_0.jpg,0.04251836985349655,0.04200053587555885,-0.0005178339779376984,8.417577188462019,0.6810130476951599,0.40273210406303406,0.40273210406303406,35.61349099999234,43.45795699998689,real_npy,0,1
595,/mnt/c/Users/Chirayu/Documents/GitHub/2D-to-3D-image-reconstruction/facescape_224/fsmview_trainset_3_16_grin_35.jpg,0.11133593320846558,0.12894034385681152,0.017604410648345947,7.743887428194284,0.7095459699630737,0.3745650053024292,0.3745650053024292,20.972438999990572,18.933655000012095,real_npy,0,1
596,/mnt/c/Users/Chirayu/Documents/GitHub/2D-to-3D-image-reconstruction/facescape_224/fsmview_trainset_14_1_neutral_59.jpg,0.04687800258398056,0.05061712861061096,0.0037391260266304016,7.43757089227438,0.6443985104560852,0.35642388463020325,0.35642388463020325,20.098608000012064,24.000701999966623,real_npy,0,1
597,/mnt/c/Users/Chirayu/Documents/GitHub/2D-to-3D-image-reconstruction/facescape_224/fsmview_trainset_19_1_neutral_9.jpg,0.06241390481591225,0.06629831343889236,0.003884408622980118,9.157771546393633,0.7658168077468872,0.2641943395137787,0.2641943395137787,47.71384900004705,20.520546000000195,real_npy,0,1
598,/mnt/c/Users/Chirayu/Documents/GitHub/2D-to-3D-image-reconstruction/facescape_224/fsmview_trainset_19_5_jaw_left_27.jpg,0.6685676574707031,0.5308741331100464,-0.13769352436065674,8.13323774933815,0.7248175740242004,0.38147464394569397,0.38147464394569397,37.64892700002065,19.738077999988946,real_npy,0,1
599,/mnt/c/Users/Chirayu/Documents/GitHub/2D-to-3D-image-reconstruction/facescape_224/fsmview_trainset_7_13_lip_funneler_40.jpg,0.18965908885002136,0.20933979749679565,0.019680708646774292,6.866574872285128,0.6520079374313354,0.4355403780937195,0.4355403780937195,27.146457999947415,18.93998799999963,real_npy,0,1
600,/mnt/c/Users/Chirayu/Documents/GitHub/2D-to-3D-image-reconstruction/facescape_224/fsmview_trainset_3_2_smile_25.jpg,0.03501152992248535,0.03502235189080238,1.082196831703186e-05,7.815534286201,0.667604386806488,0.32926955819129944,0.32926955819129944,19.647043000020403,61.268859999984215,real_npy,0,1
601,/mnt/c/Users/Chirayu/Documents/GitHub/2D-to-3D-image-reconstruction/facescape_224/fsmview_trainset_7_3_mouth_stretch_16.jpg,0.04487471655011177,0.4502464234828949,0.4053717069327831,14.448095073923469,1.3742949962615967,0.35120680928230286,0.35120680928230286,21.541309999975056,21.950642999968295,real_npy,0,1
602,/mnt/c/Users/Chirayu/Documents/GitHub/2D-to-3D-image-reconstruction/facescape_224/fsmview_trainset_7_13_lip_funneler_18.jpg,0.04121682792901993,0.04119673743844032,-2.0090490579605103e-05,8.486526476684958,0.6924924254417419,0.42149871587753296,0.42149871587753296,19.727611000007528,20.755034999979216,real_npy,0,1
603,/mnt/c/Users/Chirayu/Documents/GitHub/2D-to-3D-image-reconstruction/facescape_224/fsmview_trainset_4_11_chin_raiser_44.jpg,0.10616829991340637,0.10050662606954575,-0.005661673843860626,8.556019887328148,0.7261350750923157,0.3701329529285431,0.3701329529285431,24.549583000009534,23.513428999990538,real_npy,0,1
604,/mnt/c/Users/Chirayu/Documents/GitHub/2D-to-3D-image-reconstruction/facescape_224/fsmview_trainset_5_10_dimpler_15.jpg,0.03747018054127693,0.039107631891965866,0.0016374513506889343,8.15656313765794,0.672263503074646,0.38586440682411194,0.38586440682411194,20.6836140000064,21.52311700001519,real_npy,0,1
605,/mnt/c/Users/Chirayu/Documents/GitHub/2D-to-3D-image-reconstruction/facescape_224/fsmview_trainset_15_16_grin_18.jpg,0.04665856435894966,0.05163390561938286,0.004975341260433197,8.15962167084217,0.7500777244567871,0.5432904958724976,0.5432904958724976,35.59069199997111,20.876364999992347,real_npy,0,1
606,/mnt/c/Users/Chirayu/Documents/GitHub/2D-to-3D-image-reconstruction/facescape_224/fsmview_trainset_12_14_sadness_38.jpg,0.03290659561753273,0.03149053081870079,-0.0014160647988319397,8.57512778043747,0.7201351523399353,0.43636980652809143,0.43636980652809143,21.93630499999699,18.945416999997633,real_npy,0,1
607,/mnt/c/Users/Chirayu/Documents/GitHub/2D-to-3D-image-reconstruction/facescape_224/fsmview_trainset_14_20_brow_lower_64.jpg,0.4680447578430176,0.4625032842159271,-0.005541473627090454,7.11774268001318,0.6178309321403503,0.46292486786842346,0.46292486786842346,19.407661000002463,19.608446999995977,real_npy,0,1
608,/mnt/c/Users/Chirayu/Documents/GitHub/2D-to-3D-image-reconstruction/facescape_224/fsmview_trainset_8_17_cheek_blowing_22.jpg,0.045239582657814026,0.04605160653591156,0.0008120238780975342,8.130019452422857,0.6673260927200317,0.2935929596424103,0.2935929596424103,19.8852869999655,18.718642000010277,real_npy,0,1
609,/mnt/c/Users/Chirayu/Documents/GitHub/2D-to-3D-image-reconstruction/facescape_224/fsmview_trainset_15_14_sadness_10.jpg,0.20984776318073273,0.2700415253639221,0.06019376218318939,8.13451386243105,0.7400028109550476,0.5904510021209717,0.5904510021209717,20.30092499995817,21.675549000008232,real_npy,0,1
610,/mnt/c/Users/Chirayu/Documents/GitHub/2D-to-3D-image-reconstruction/facescape_224/fsmview_trainset_15_8_mouth_left_18.jpg,0.04113379120826721,0.04157129302620888,0.00043750181794166565,8.022406868636608,0.6579185724258423,0.5479838848114014,0.5479838848114014,39.53482100001793,20.68962300000976,real_npy,0,1
611,/mnt/c/Users/Chirayu/Documents/GitHub/2D-to-3D-image-reconstruction/facescape_224/fsmview_trainset_17_4_anger_19.jpg,0.05737924575805664,0.06144794449210167,0.004068698734045029,9.186202920973301,0.7822710871696472,0.33018627762794495,0.33018627762794495,24.083612000026733,21.148864999986472,real_npy,0,1
612,/mnt/c/Users/Chirayu/Documents/GitHub/2D-to-3D-image-reconstruction/facescape_224/fsmview_trainset_14_18_eye_closed_19.jpg,0.042648687958717346,0.0471799336373806,0.004531245678663254,7.327861458063126,0.6432216763496399,0.5449700355529785,0.5449700355529785,56.02277499997399,102.23098599999503,real_npy,0,1
613,/mnt/c/Users/Chirayu/Documents/GitHub/2D-to-3D-image-reconstruction/facescape_224/fsmview_trainset_9_2_smile_25.jpg,0.045016419142484665,0.04513777419924736,0.00012135505676269531,8.626349829137325,0.7056465148925781,0.3313310146331787,0.3313310146331787,21.550942000033046,46.60015000001749,real_npy,0,1
614,/mnt/c/Users/Chirayu/Documents/GitHub/2D-to-3D-image-reconstruction/facescape_224/fsmview_trainset_17_12_lip_puckerer_12.jpg,0.1520005166530609,0.15620969235897064,0.004209175705909729,8.005687240511179,0.7571721076965332,0.24646049737930298,0.24646049737930298,22.604381000007834,20.41563400001678,real_npy,0,1
615,/mnt/c/Users/Chirayu/Documents/GitHub/2D-to-3D-image-reconstruction/facescape_224/fsmview_trainset_14_18_eye_closed_64.jpg,0.06763939559459686,0.06769157946109772,5.218386650085449e-05,9.158021204173565,0.8413776755332947,0.43885770440101624,0.43885770440101624,62.98296299996764,27.956158999984382,real_npy,0,1
616,/mnt/c/Users/Chirayu/Documents/GitHub/2D-to-3D-image-reconstruction/facescape_224/fsmview_trainset_1_3_mouth_stretch_17.jpg,0.04573977738618851,7.020232677459717,6.974492900073528,60.395212553441525,8.325096130371094,0.3351636230945587,0.3351636230945587,26.047526000013477,26.014787000008255,real_npy,1,1
617,/mnt/c/Users/Chirayu/Documents/GitHub/2D-to-3D-image-reconstruction/facescape_224/fsmview_trainset_1_2_smile_10.jpg,0.032528288662433624,0.03328176215291023,0.0007534734904766083,8.475105844438076,0.7544533014297485,0.3085261285305023,0.3085261285305023,26.8638240000314,24.071070999980293,real_npy,0,1
618,/mnt/c/Users/Chirayu/Documents/GitHub/2D-to-3D-image-reconstruction/facescape_224/fsmview_trainset_15_6_jaw_right_18.jpg,0.05073961988091469,0.05186278373003006,0.0011231638491153717,8.192913725972176,0.7130842208862305,0.546326756477356,0.546326756477356,22.460588999990705,20.895916000029047,real_npy,0,1
619,/mnt/c/Users/Chirayu/Documents/GitHub/2D-to-3D-image-reconstruction/facescape_224/fsmview_trainset_5_1_neutral_10.jpg,0.24408918619155884,0.9871165156364441,0.7430273294448853,20.370358131825924,1.8746109008789062,0.5788794755935669,0.5788794755935669,54.62894900000492,28.250028000002203,real_npy,0,1
620,/mnt/c/Users/Chirayu/Documents/GitHub/2D-to-3D-image-reconstruction/facescape_224/fsmview_trainset_6_12_lip_puckerer_56.jpg,0.08689317852258682,0.08503717929124832,-0.001855999231338501,8.606744926422834,0.7411639094352722,0.36923345923423767,0.36923345923423767,19.999505999976463,22.002789999987726,real_npy,0,1
621,/mnt/c/Users/Chirayu/Documents/GitHub/2D-to-3D-image-reconstruction/facescape_224/fsmview_trainset_13_18_eye_closed_56.jpg,0.1551809012889862,0.16807642579078674,0.012895524501800537,8.046506956219673,0.6577489376068115,0.41399815678596497,0.41399815678596497,20.15593099997659,22.635096999977122,real_npy,0,1
622,/mnt/c/Users/Chirayu/Documents/GitHub/2D-to-3D-image-reconstruction/facescape_224/fsmview_trainset_5_1_neutral_27.jpg,0.04168816655874252,0.04736343026161194,0.005675263702869415,7.7544218711555,0.6476891040802002,0.28012198209762573,0.28012198209762573,28.726672000004783,19.267648999971243,real_npy,0,1
623,/mnt/c/Users/Chirayu/Documents/GitHub/2D-to-3D-image-reconstruction/facescape_224/fsmview_trainset_12_15_lip_roll_20.jpg,0.8452301621437073,0.7462812662124634,-0.0989488959312439,7.7932875249534845,0.6656210422515869,0.4954589009284973,0.4954589009284973,68.19829599999139,18.58280799996237,real_npy,0,1
624,/mnt/c/Users/Chirayu/Documents/GitHub/2D-to-3D-image-reconstruction/facescape_224/fsmview_trainset_15_10_dimpler_59.jpg,0.0397239550948143,0.04356580227613449,0.0038418471813201904,8.005413491278887,0.6491308808326721,0.40469881892204285,0.40469881892204285,20.33322799996995,20.363119000023744,real_npy,0,1
625,/mnt/c/Users/Chirayu/Documents/GitHub/2D-to-3D-image-reconstruction/facescape_224/fsmview_trainset_1_11_chin_raiser_32.jpg,0.272771418094635,235.95201110839844,235.6792396903038,295.12849313020706,300.3984375,0.24136222898960114,0.24136222898960114,19.60842299996557,19.69548400001031,real_npy,1,1
626,/mnt/c/Users/Chirayu/Documents/GitHub/2D-to-3D-image-reconstruction/facescape_224/fsmview_trainset_16_3_mouth_stretch_10.jpg,0.02886710688471794,0.030483726412057877,0.0016166195273399353,7.2744978331029415,0.648983359336853,0.30968430638313293,0.30968430638313293,22.20351500000106,19.997418999992078,real_npy,0,1
627,/mnt/c/Users/Chirayu/Documents/GitHub/2D-to-3D-image-reconstruction/facescape_224/fsmview_trainset_1_15_lip_roll_42.jpg,0.14472754299640656,0.12083163112401962,-0.023895911872386932,7.996289558708668,0.7622095942497253,0.44607818126678467,0.44607818126678467,21.828588999994736,20.486156999993455,real_npy,0,1
628,/mnt/c/Users/Chirayu/Documents/GitHub/2D-to-3D-image-reconstruction/facescape_224/fsmview_trainset_19_17_cheek_blowing_3.jpg,0.07625725865364075,0.07070862501859665,-0.005548633635044098,9.62618500366807,0.7672964930534363,0.35662177205085754,0.35662177205085754,22.772626000005403,20.190087999992556,real_npy,0,1
629,/mnt/c/Users/Chirayu/Documents/GitHub/2D-to-3D-image-reconstruction/facescape_224/fsmview_trainset_20_8_mouth_left_7.jpg,0.9830103516578674,0.9860754609107971,0.0030651092529296875,7.419945703819394,0.6991945505142212,0.5077872276306152,0.5077872276306152,19.74182600002905,19.276982000008047,real_npy,0,1
630,/mnt/c/Users/Chirayu/Documents/GitHub/2D-to-3D-image-reconstruction/facescape_224/fsmview_trainset_12_16_grin_49.jpg,0.05264858528971672,0.05106718838214874,-0.001581396907567978,8.043835148215294,0.6961942911148071,0.4624752104282379,0.4624752104282379,73.4829149999996,19.815472000004775,real_npy,0,1
631,/mnt/c/Users/Chirayu/Documents/GitHub/2D-to-3D-image-reconstruction/facescape_224/fsmview_trainset_5_8_mouth_left_54.jpg,0.268221914768219,0.21185077726840973,-0.056371137499809265,7.998770408332348,0.7601149082183838,0.5084623694419861,0.5084623694419861,61.25832199995784,22.997484000029544,real_npy,0,1
632,/mnt/c/Users/Chirayu/Documents/GitHub/2D-to-3D-image-reconstruction/facescape_224/fsmview_trainset_2_11_chin_raiser_54.jpg,0.17338551580905914,0.16842685639858246,-0.004958659410476685,8.600911065936089,0.714497983455658,0.49403151869773865,0.49403151869773865,32.99609200001896,21.56082400000514,real_npy,0,1
633,/mnt/c/Users/Chirayu/Documents/GitHub/2D-to-3D-image-reconstruction/facescape_224/fsmview_trainset_7_9_mouth_right_10.jpg,0.030797557905316353,0.029831746593117714,-0.0009658113121986389,7.769423983991146,0.6543648838996887,0.3365754187107086,0.3365754187107086,42.12975399997276,23.577804000012748,real_npy,0,1
634,/mnt/c/Users/Chirayu/Documents/GitHub/2D-to-3D-image-reconstruction/facescape_224/fsmview_trainset_3_13_lip_funneler_6.jpg,0.05404148995876312,0.0533212274312973,-0.0007202625274658203,8.38174394890666,0.7582782506942749,0.3253061771392822,0.3253061771392822,21.270096999955967,21.07481800004507,real_npy,0,1
635,/mnt/c/Users/Chirayu/Documents/GitHub/2D-to-3D-image-reconstruction/facescape_224/fsmview_trainset_9_15_lip_roll_28.jpg,0.04651959240436554,0.04417772218585014,-0.002341870218515396,7.787047751247883,0.6420989036560059,0.24663875997066498,0.24663875997066498,69.01793399998724,20.501701000000594,real_npy,0,1
636,/mnt/c/Users/Chirayu/Documents/GitHub/2D-to-3D-image-reconstruction/facescape_224/fsmview_trainset_13_13_lip_funneler_9.jpg,0.06597376614809036,0.06980492919683456,0.0038311630487442017,8.3145915530622,0.7052996754646301,0.4180554747581482,0.4180554747581482,21.686875999989752,21.43421200003104,real_npy,0,1
637,/mnt/c/Users/Chirayu/Documents/GitHub/2D-to-3D-image-reconstruction/facescape_224/fsmview_trainset_3_14_sadness_39.jpg,0.04943494871258736,0.052165817469358444,0.0027308687567710876,7.873147804290056,0.6997458934783936,0.38110002875328064,0.38110002875328064,60.87523599995848,40.20734900001344,real_npy,0,1
638,/mnt/c/Users/Chirayu/Documents/GitHub/2D-to-3D-image-reconstruction/facescape_224/fsmview_trainset_12_2_smile_52.jpg,0.052944667637348175,0.05378458648920059,0.000839918851852417,7.911903731524944,0.6366770267486572,0.4765028655529022,0.4765028655529022,48.935791000019435,21.765030999972623,real_npy,0,1
639,/mnt/c/Users/Chirayu/Documents/GitHub/2D-to-3D-image-reconstruction/facescape_224/fsmview_trainset_1_9_mouth_right_55.jpg,0.05502075329422951,0.05764422565698624,0.002623472362756729,7.958516705781221,0.7421322464942932,0.3305267095565796,0.3305267095565796,20.283547000019553,33.44269899997698,real_npy,0,1
640,/mnt/c/Users/Chirayu/Documents/GitHub/2D-to-3D-image-reconstruction/facescape_224/fsmview_trainset_3_9_mouth_right_28.jpg,0.03695552796125412,0.03825291618704796,0.0012973882257938385,7.718114420771599,0.6505686640739441,0.2812926769256592,0.2812926769256592,19.600701999991088,19.027932000028613,real_npy,0,1
641,/mnt/c/Users/Chirayu/Documents/GitHub/2D-to-3D-image-reconstruction/facescape_224/fsmview_trainset_15_13_lip_funneler_10.jpg,0.14444786310195923,0.16554875671863556,0.02110089361667633,8.297324504703283,0.747968316078186,0.5664705038070679,0.5664705038070679,58.150409000006675,21.57841599995436,real_npy,0,1
642,/mnt/c/Users/Chirayu/Documents/GitHub/2D-to-3D-image-reconstruction/facescape_224/fsmview_trainset_19_6_jaw_right_24.jpg,0.06986921280622482,0.07965302467346191,0.009783811867237091,9.528677727095783,0.7915340065956116,0.33272045850753784,0.33272045850753784,20.917666000002555,21.432738999976664,real_npy,0,1
643,/mnt/c/Users/Chirayu/Documents/GitHub/2D-to-3D-image-reconstruction/facescape_224/fsmview_trainset_10_2_smile_32.jpg,0.25038546323776245,166.36294555664062,166.11256009340286,248.6422869861126,208.42715454101562,0.21470031142234802,0.21470031142234802,21.37286699996821,21.543552999958138,real_npy,1,1
644,/mnt/c/Users/Chirayu/Documents/GitHub/2D-to-3D-image-reconstruction/facescape_224/fsmview_trainset_2_14_sadness_46.jpg,0.4332633316516876,0.4572383761405945,0.02397504448890686,6.519480720162392,0.6098266839981079,0.5112932920455933,0.5112932920455933,26.072383999974136,79.23678299999892,template_fallback,0,1
645,/mnt/c/Users/Chirayu/Documents/GitHub/2D-to-3D-image-reconstruction/facescape_224/fsmview_trainset_13_19_brow_raiser_4.jpg,0.058667153120040894,0.05926378443837166,0.0005966313183307648,9.325937771238387,0.7629183530807495,0.39463010430336,0.39463010430336,44.63032300003533,22.712403000014092,real_npy,0,1
646,/mnt/c/Users/Chirayu/Documents/GitHub/2D-to-3D-image-reconstruction/facescape_224/fsmview_trainset_18_4_anger_36.jpg,0.05251112952828407,0.048706505447626114,-0.003804624080657959,8.182791270315647,0.6999741792678833,0.4332020580768585,0.4332020580768585,28.256641000041327,18.674769000028846,real_npy,0,1
647,/mnt/c/Users/Chirayu/Documents/GitHub/2D-to-3D-image-reconstruction/facescape_224/fsmview_trainset_2_2_smile_41.jpg,0.8138633370399475,0.795159637928009,-0.018703699111938477,7.87169486656785,0.7218453884124756,0.40586578845977783,0.40586578845977783,19.93909199995869,19.007367000028808,real_npy,0,1
648,/mnt/c/Users/Chirayu/Documents/GitHub/2D-to-3D-image-reconstruction/facescape_224/fsmview_trainset_2_14_sadness_27.jpg,0.06344415992498398,0.06405694782733917,0.0006127879023551941,9.393971297889948,0.7740404605865479,0.4302729368209839,0.4302729368209839,28.752204999989317,21.091213000033804,real_npy,0,1
649,/mnt/c/Users/Chirayu/Documents/GitHub/2D-to-3D-image-reconstruction/facescape_224/fsmview_trainset_7_19_brow_raiser_27.jpg,0.05628131330013275,0.05388246849179268,-0.0023988448083400726,8.93026932887733,0.732384204864502,0.42359185218811035,0.42359185218811035,22.014053000020795,20.89258399996652,real_npy,0,1
650,/mnt/c/Users/Chirayu/Documents/GitHub/2D-to-3D-image-reconstruction/facescape_224/fsmview_trainset_2_9_mouth_right_55.jpg,0.11028647422790527,0.10711885988712311,-0.0031676143407821655,8.80989257991314,0.7755729556083679,0.42509400844573975,0.42509400844573975,23.44353000000865,19.95198999998138,real_npy,0,1
651,/mnt/c/Users/Chirayu/Documents/GitHub/2D-to-3D-image-reconstruction/facescape_224/fsmview_trainset_7_1_neutral_53.jpg,0.09892911463975906,0.09597450494766235,-0.00295460969209671,8.334605723619461,0.7150657176971436,0.43653008341789246,0.43653008341789246,92.81346699998494,19.584870000016963,real_npy,0,1
652,/mnt/c/Users/Chirayu/Documents/GitHub/2D-to-3D-image-reconstruction/facescape_224/fsmview_trainset_19_19_brow_raiser_12.jpg,0.2599210739135742,0.2720581591129303,0.012137085199356079,7.687838390469551,0.6511688828468323,0.305603951215744,0.305603951215744,21.251774000006662,19.909046999998736,real_npy,0,1
653,/mnt/c/Users/Chirayu/Documents/GitHub/2D-to-3D-image-reconstruction/facescape_224/fsmview_trainset_12_16_grin_21.jpg,0.06039774417877197,0.06514417380094528,0.004746429622173309,9.23904452752322,0.7405676245689392,0.5503809452056885,0.5503809452056885,37.0820569999637,88.66894999999886,real_npy,0,1
654,/mnt/c/Users/Chirayu/Documents/GitHub/2D-to-3D-image-reconstruction/facescape_224/fsmview_trainset_3_9_mouth_right_17.jpg,0.0332154743373394,0.03236012160778046,-0.0008553527295589447,8.243322808295488,0.6862063407897949,0.34022974967956543,0.34022974967956543,58.809312999983376,19.965162999994845,real_npy,0,1
655,/mnt/c/Users/Chirayu/Documents/GitHub/2D-to-3D-image-reconstruction/facescape_224/fsmview_trainset_10_20_brow_lower_19.jpg,0.049397390335798264,0.0520707368850708,0.0026733465492725372,8.656616296619177,0.7249737977981567,0.34271878004074097,0.34271878004074097,20.75443199998972,19.11713999999165,real_npy,0,1
656,/mnt/c/Users/Chirayu/Documents/GitHub/2D-to-3D-image-reconstruction/facescape_224/fsmview_trainset_3_14_sadness_24.jpg,0.0449819453060627,0.04697287455201149,0.0019909292459487915,8.634811703115702,0.6951231360435486,0.4445990025997162,0.4445990025997162,28.27465199999324,19.62138999999752,real_npy,0,1
657,/mnt/c/Users/Chirayu/Documents/GitHub/2D-to-3D-image-reconstruction/facescape_224/fsmview_trainset_11_15_lip_roll_11.jpg,0.08170927315950394,0.1961805522441864,0.11447127908468246,7.115024823695421,0.6340557932853699,0.5791813731193542,0.5791813731193542,20.96341899999743,22.718317999988358,real_npy,0,1
658,/mnt/c/Users/Chirayu/Documents/GitHub/2D-to-3D-image-reconstruction/facescape_224/fsmview_trainset_20_9_mouth_right_52.jpg,0.16378659009933472,0.18287546932697296,0.019088879227638245,7.984635137021542,0.6980232000350952,0.5087763071060181,0.5087763071060181,44.03057899997975,33.104273999981615,real_npy,0,1
659,/mnt/c/Users/Chirayu/Documents/GitHub/2D-to-3D-image-reconstruction/facescape_224/fsmview_trainset_12_12_lip_puckerer_32.jpg,0.03746689110994339,0.9767213463783264,0.939254455268383,22.185467144474387,2.076014995574951,0.44356340169906616,0.44356340169906616,21.175228000004154,26.926268000011078,real_npy,0,1
660,/mnt/c/Users/Chirayu/Documents/GitHub/2D-to-3D-image-reconstruction/facescape_224/fsmview_trainset_1_5_jaw_left_13.jpg,0.21163208782672882,0.20952686667442322,-0.002105221152305603,7.034347243607044,0.6215139031410217,0.5029977560043335,0.5029977560043335,21.54212599998573,19.68178300001,real_npy,0,1
661,/mnt/c/Users/Chirayu/Documents/GitHub/2D-to-3D-image-reconstruction/facescape_224/fsmview_trainset_7_10_dimpler_0.jpg,0.23111018538475037,0.22127507627010345,-0.009835109114646912,7.107868283987045,0.6792176961898804,0.4833834171295166,0.4833834171295166,19.892784999967716,57.66468799998847,real_npy,0,1
662,/mnt/c/Users/Chirayu/Documents/GitHub/2D-to-3D-image-reconstruction/facescape_224/fsmview_trainset_5_13_lip_funneler_9.jpg,0.03806346282362938,0.03797337785363197,-9.0084969997406e-05,8.162914346903563,0.6890710592269897,0.30542418360710144,0.30542418360710144,21.66611800004148,18.558493000000453,real_npy,0,1
663,/mnt/c/Users/Chirayu/Documents/GitHub/2D-to-3D-image-reconstruction/facescape_224/fsmview_trainset_8_8_mouth_left_2.jpg,0.05144215375185013,0.048897482454776764,-0.0025446712970733643,7.823874071240425,0.6741515398025513,0.2701028287410736,0.2701028287410736,20.19844900001999,19.46718400000691,real_npy,0,1
664,/mnt/c/Users/Chirayu/Documents/GitHub/2D-to-3D-image-reconstruction/facescape_224/fsmview_trainset_6_14_sadness_17.jpg,0.03957201540470123,0.040531519800424576,0.0009595043957233429,8.435917252674699,0.6995630264282227,0.37111902236938477,0.37111902236938477,39.51338299998497,54.64816800002836,real_npy,0,1
665,/mnt/c/Users/Chirayu/Documents/GitHub/2D-to-3D-image-reconstruction/facescape_224/fsmview_trainset_20_1_neutral_21.jpg,0.034200552850961685,0.03470022603869438,0.0004996731877326965,7.8188890516757965,0.6366859674453735,0.39892831444740295,0.39892831444740295,54.461269999990236,19.45167499997069,real_npy,0,1
666,/mnt/c/Users/Chirayu/Documents/GitHub/2D-to-3D-image-reconstruction/facescape_224/fsmview_trainset_13_7_jaw_forward_8.jpg,0.040205616503953934,96.28893280029297,96.24872718378901,198.29736483097076,99.436767578125,0.3988213837146759,0.3988213837146759,22.01325999999426,18.803195000032247,real_npy,1,1
667,/mnt/c/Users/Chirayu/Documents/GitHub/2D-to-3D-image-reconstruction/facescape_224/fsmview_trainset_15_15_lip_roll_25.jpg,0.02745741419494152,0.02672775834798813,-0.000729655846953392,7.194040063768625,0.592583417892456,0.5494062304496765,0.5494062304496765,22.76458000000048,20.003389000009975,real_npy,0,1
668,/mnt/c/Users/Chirayu/Documents/GitHub/2D-to-3D-image-reconstruction/facescape_224/fsmview_trainset_3_10_dimpler_47.jpg,0.04485538974404335,0.04998115822672844,0.005125768482685089,9.052927121520042,0.7471935749053955,0.4816135764122009,0.4816135764122009,45.26989299995421,43.66447299997844,real_npy,0,1
669,/mnt/c/Users/Chirayu/Documents/GitHub/2D-to-3D-image-reconstruction/facescape_224/fsmview_trainset_5_12_lip_puckerer_19.jpg,0.043069276958703995,0.043770235031843185,0.0007009580731391907,8.609296132344753,0.7176770567893982,0.35808104276657104,0.35808104276657104,83.29899500000693,21.83390199996893,real_npy,0,1
670,/mnt/c/Users/Chirayu/Documents/GitHub/2D-to-3D-image-reconstruction/facescape_224/fsmview_trainset_10_14_sadness_40.jpg,0.13537247478961945,0.1559867560863495,0.02061428129673004,7.160538241267204,0.636474609375,0.5299487113952637,0.5299487113952637,21.122894999962227,21.354444999985844,real_npy,0,1
671,/mnt/c/Users/Chirayu/Documents/GitHub/2D-to-3D-image-reconstruction/facescape_224/fsmview_trainset_13_2_smile_33.jpg,0.13270969688892365,0.13015355169773102,-0.002556145191192627,8.092067278921604,0.7145066261291504,0.41534608602523804,0.41534608602523804,19.451692000018284,20.545099999992544,real_npy,0,1
672,/mnt/c/Users/Chirayu/Documents/GitHub/2D-to-3D-image-reconstruction/facescape_224/fsmview_trainset_19_8_mouth_left_27.jpg,0.5295031070709229,0.43667200207710266,-0.09283110499382019,8.064512990415096,0.7455733418464661,0.40189361572265625,0.40189361572265625,20.150524000030146,72.78780699999743,real_npy,0,1
673,/mnt/c/Users/Chirayu/Documents/GitHub/2D-to-3D-image-reconstruction/facescape_224/fsmview_trainset_18_4_anger_34.jpg,0.031092405319213867,123.98750305175781,123.9564106464386,221.32204961776733,137.3184814453125,0.4224729537963867,0.4224729537963867,37.41052899999886,17.847696999979235,real_npy,1,1
674,/mnt/c/Users/Chirayu/Documents/GitHub/2D-to-3D-image-reconstruction/facescape_224/fsmview_trainset_17_3_mouth_stretch_56.jpg,0.7421685457229614,1.6806411743164062,0.9384726285934448,24.037389926612377,2.2053024768829346,0.29213815927505493,0.29213815927505493,42.173446999981934,77.84436100001813,real_npy,0,1
675,/mnt/c/Users/Chirayu/Documents/GitHub/2D-to-3D-image-reconstruction/facescape_224/fsmview_trainset_14_12_lip_puckerer_5.jpg,0.5328810811042786,0.39273005723953247,-0.1401510238647461,9.139205631799996,0.7890474796295166,0.6031820178031921,0.6031820178031921,21.011145999977998,20.653225999978986,template_fallback,0,1
676,/mnt/c/Users/Chirayu/Documents/GitHub/2D-to-3D-image-reconstruction/facescape_224/fsmview_trainset_16_16_grin_41.jpg,0.09575722366571426,0.0938810482621193,-0.0018761754035949707,8.257288608700037,0.7684870958328247,0.4477621614933014,0.4477621614933014,20.05806599999005,96.71551200000295,real_npy,0,1
677,/mnt/c/Users/Chirayu/Documents/GitHub/2D-to-3D-image-reconstruction/facescape_224/fsmview_trainset_19_11_chin_raiser_6.jpg,0.07449804991483688,0.08073235303163528,0.006234303116798401,8.65320785716176,0.7076291441917419,0.262211412191391,0.262211412191391,54.63458599996329,21.67322099995772,real_npy,0,1
678,/mnt/c/Users/Chirayu/Documents/GitHub/2D-to-3D-image-reconstruction/facescape_224/fsmview_trainset_16_12_lip_puckerer_31.jpg,0.044135674834251404,0.045603446662425995,0.001467771828174591,8.752450100146234,0.7313184142112732,0.2996973693370819,0.2996973693370819,20.13763600001539,22.668930999998338,real_npy,0,1
679,/mnt/c/Users/Chirayu/Documents/GitHub/2D-to-3D-image-reconstruction/facescape_224/fsmview_trainset_10_14_sadness_39.jpg,0.047309257090091705,0.044252317398786545,-0.0030569396913051605,7.991796746850014,0.67777419090271,0.38315874338150024,0.38315874338150024,20.67428300000529,32.136048999973355,real_npy,0,1
680,/mnt/c/Users/Chirayu/Documents/GitHub/2D-to-3D-image-reconstruction/facescape_224/fsmview_trainset_11_2_smile_28.jpg,0.1367436796426773,0.13657023012638092,-0.00017344951629638672,9.30342954583466,0.7319876551628113,0.5667174458503723,0.5667174458503723,21.22406000000865,20.43146300002263,real_npy,0,1
681,/mnt/c/Users/Chirayu/Documents/GitHub/2D-to-3D-image-reconstruction/facescape_224/fsmview_trainset_8_15_lip_roll_31.jpg,0.11051911860704422,0.1295856535434723,0.01906653493642807,7.638975277543068,0.6527429223060608,0.26135560870170593,0.26135560870170593,32.877226999971754,21.15851799999291,real_npy,0,1
682,/mnt/c/Users/Chirayu/Documents/GitHub/2D-to-3D-image-reconstruction/facescape_224/fsmview_trainset_20_8_mouth_left_47.jpg,0.0635799840092659,2.508331298828125,2.444751314818859,37.72115606069565,4.101339817047119,0.668083667755127,0.668083667755127,33.38812700002336,44.71759899996641,real_npy,1,1
683,/mnt/c/Users/Chirayu/Documents/GitHub/2D-to-3D-image-reconstruction/facescape_224/fsmview_trainset_16_2_smile_3.jpg,0.05784062296152115,0.06457584351301193,0.006735220551490784,7.6955133229494095,0.7207931876182556,0.4029715955257416,0.4029715955257416,24.285015000032217,53.543058000002475,real_npy,0,1
684,/mnt/c/Users/Chirayu/Documents/GitHub/2D-to-3D-image-reconstruction/facescape_224/fsmview_trainset_11_16_grin_64.jpg,0.07495016604661942,0.07499265670776367,4.249066114425659e-05,9.035738751292229,0.8153403997421265,0.433687299489975,0.433687299489975,21.11460599996917,21.84948400002895,real_npy,0,1
685,/mnt/c/Users/Chirayu/Documents/GitHub/2D-to-3D-image-reconstruction/facescape_224/fsmview_trainset_19_16_grin_22.jpg,0.03955777361989021,0.03962007537484169,6.230175495147705e-05,8.625973459333181,0.7249399423599243,0.30552175641059875,0.30552175641059875,23.468035000007603,24.256137999998373,real_npy,0,1
686,/mnt/c/Users/Chirayu/Documents/GitHub/2D-to-3D-image-reconstruction/facescape_224/fsmview_trainset_6_10_dimpler_42.jpg,0.3129192888736725,0.28160330653190613,-0.03131598234176636,6.67086236923933,0.6679518222808838,0.40089738368988037,0.40089738368988037,36.219055000003664,19.664163999948414,real_npy,0,1
687,/mnt/c/Users/Chirayu/Documents/GitHub/2D-to-3D-image-reconstruction/facescape_224/fsmview_trainset_4_5_jaw_left_37.jpg,0.07166165858507156,0.06786791235208511,-0.00379374623298645,8.32542184740305,0.7156554460525513,0.3230222165584564,0.3230222165584564,38.82363700000724,22.7621509999949,real_npy,0,1
688,/mnt/c/Users/Chirayu/Documents/GitHub/2D-to-3D-image-reconstruction/facescape_224/fsmview_trainset_8_11_chin_raiser_43.jpg,0.03155065327882767,0.03426885977387428,0.0027182064950466156,7.7139143496751785,0.6482827663421631,0.20634442567825317,0.20634442567825317,21.985736000033285,20.778706999976748,real_npy,0,1
689,/mnt/c/Users/Chirayu/Documents/GitHub/2D-to-3D-image-reconstruction/facescape_224/fsmview_trainset_18_1_neutral_5.jpg,0.05115383118391037,0.05699058249592781,0.005836751312017441,8.420624386519194,0.7270635366439819,0.33650028705596924,0.33650028705596924,27.714548000005834,51.22434500003692,real_npy,0,1
690,/mnt/c/Users/Chirayu/Documents/GitHub/2D-to-3D-image-reconstruction/facescape_224/fsmview_trainset_13_17_cheek_blowing_0.jpg,0.03431801497936249,141.64955139160156,141.6152333766222,234.0365016758442,166.4089813232422,0.39141422510147095,0.39141422510147095,94.99812000001384,20.99473300000909,real_npy,1,1
691,/mnt/c/Users/Chirayu/Documents/GitHub/2D-to-3D-image-reconstruction/facescape_224/fsmview_trainset_3_10_dimpler_25.jpg,0.033504851162433624,1.1859310865402222,1.1524262353777885,23.454088727012277,2.2517547607421875,0.3211786150932312,0.3211786150932312,19.973137000022234,23.23614199997337,real_npy,0,1
692,/mnt/c/Users/Chirayu/Documents/GitHub/2D-to-3D-image-reconstruction/facescape_224/fsmview_trainset_1_19_brow_raiser_23.jpg,0.03664198890328407,0.03726886212825775,0.0006268732249736786,8.380233669653535,0.7029279470443726,0.36637425422668457,0.36637425422668457,42.056466999952136,23.02142600001389,real_npy,0,1
693,/mnt/c/Users/Chirayu/Documents/GitHub/2D-to-3D-image-reconstruction/facescape_224/fsmview_trainset_13_18_eye_closed_5.jpg,0.05346468463540077,0.054309260100126266,0.0008445754647254944,8.661728542298079,0.668182909488678,0.4459347724914551,0.4459347724914551,104.58137799997758,82.66304099998933,real_npy,0,1
694,/mnt/c/Users/Chirayu/Documents/GitHub/2D-to-3D-image-reconstruction/facescape_224/fsmview_trainset_5_20_brow_lower_34.jpg,0.04810077324509621,0.08724759519100189,0.039146821945905685,7.348466090857983,0.7010700106620789,0.433559775352478,0.433559775352478,22.150409999994736,21.82067299997925,real_npy,0,1
695,/mnt/c/Users/Chirayu/Documents/GitHub/2D-to-3D-image-reconstruction/facescape_224/fsmview_trainset_16_19_brow_raiser_24.jpg,0.041099175810813904,0.043796513229608536,0.002697337418794632,8.597240439616144,0.7181317210197449,0.3674924075603485,0.3674924075603485,20.281856999986303,19.00553199999422,real_npy,0,1
696,/mnt/c/Users/Chirayu/Documents/GitHub/2D-to-3D-image-reconstruction/facescape_224/fsmview_trainset_18_14_sadness_42.jpg,0.08377759903669357,0.08252865821123123,-0.0012489408254623413,8.546716913580894,0.7649577260017395,0.49920424818992615,0.49920424818992615,21.7929320000394,22.382355999980064,real_npy,0,1
697,/mnt/c/Users/Chirayu/Documents/GitHub/2D-to-3D-image-reconstruction/facescape_224/fsmview_trainset_2_1_neutral_31.jpg,0.05820688232779503,0.06244969367980957,0.004242811352014542,8.814068652689457,0.7058128118515015,0.47356730699539185,0.47356730699539185,44.516819999955715,22.50795999998445,real_npy,0,1
698,/mnt/c/Users/Chirayu/Documents/GitHub/2D-to-3D-image-reconstruction/facescape_224/fsmview_trainset_9_11_chin_raiser_34.jpg,0.04060498625040054,0.04579858109354973,0.005193594843149185,8.08575657196343,0.6705026626586914,0.42865923047065735,0.42865923047065735,22.106720000010682,32.62557399995103,real_npy,0,1
699,/mnt/c/Users/Chirayu/Documents/GitHub/2D-to-3D-image-reconstruction/facescape_224/fsmview_trainset_8_8_mouth_left_19.jpg,0.0398038811981678,0.04174860194325447,0.00194472074508667,8.731951581314206,0.7304589152336121,0.2894468903541565,0.2894468903541565,40.60013700001264,43.84070399999018,real_npy,0,1
700,/mnt/c/Users/Chirayu/Documents/GitHub/2D-to-3D-image-reconstruction/facescape_224/fsmview_trainset_4_4_anger_7.jpg,0.039022356271743774,0.04342343658208847,0.004401080310344696,8.01549420133233,0.6797956228256226,0.18942205607891083,0.18942205607891083,31.503377999968052,19.695183000010275,real_npy,0,1
701,/mnt/c/Users/Chirayu/Documents/GitHub/2D-to-3D-image-reconstruction/facescape_224/fsmview_trainset_2_6_jaw_right_38.jpg,0.08683907240629196,0.09722716361284256,0.010388091206550598,8.020397998392582,0.7003684639930725,0.386805921792984,0.386805921792984,21.684010000001308,23.408937999988666,real_npy,0,1
702,/mnt/c/Users/Chirayu/Documents/GitHub/2D-to-3D-image-reconstruction/facescape_224/fsmview_trainset_3_18_eye_closed_43.jpg,0.6363341212272644,0.5063405632972717,-0.12999355792999268,6.755245730280876,0.6542425155639648,0.4385756850242615,0.4385756850242615,21.197282000002815,72.03051099997992,real_npy,0,1
703,/mnt/c/Users/Chirayu/Documents/GitHub/2D-to-3D-image-reconstruction/facescape_224/fsmview_trainset_18_14_sadness_1.jpg,0.028393855318427086,0.02871503308415413,0.00032117776572704315,8.195400394499302,0.6657319068908691,0.33399060368537903,0.33399060368537903,20.412432000000535,20.315600999992967,real_npy,0,1
704,/mnt/c/Users/Chirayu/Documents/GitHub/2D-to-3D-image-reconstruction/facescape_224/fsmview_trainset_12_18_eye_closed_41.jpg,0.0488419272005558,0.04579029977321625,-0.003051627427339554,8.85601181536913,0.7767602801322937,0.3767728805541992,0.3767728805541992,21.565685999973994,19.453939000015907,real_npy,0,1
705,/mnt/c/Users/Chirayu/Documents/GitHub/2D-to-3D-image-reconstruction/facescape_224/fsmview_trainset_11_19_brow_raiser_29.jpg,0.19985522329807281,0.2191806137561798,0.019325390458106995,9.057735443115234,0.7127581238746643,0.4291144609451294,0.4291144609451294,46.437435000029836,22.7544570000191,real_npy,0,1
706,/mnt/c/Users/Chirayu/Documents/GitHub/2D-to-3D-image-reconstruction/facescape_224/fsmview_trainset_9_4_anger_33.jpg,0.0994696170091629,0.09537947922945023,-0.004090137779712677,7.9924489706754684,0.6654366254806519,0.45197436213493347,0.45197436213493347,23.316733999990902,21.83350600000722,real_npy,0,1
707,/mnt/c/Users/Chirayu/Documents/GitHub/2D-to-3D-image-reconstruction/facescape_224/fsmview_trainset_14_3_mouth_stretch_37.jpg,0.09116353839635849,0.09732756018638611,0.006164021790027618,9.094378450885415,0.7725985646247864,0.5244734287261963,0.5244734287261963,24.220681000031163,22.143078999988575,real_npy,0,1
708,/mnt/c/Users/Chirayu/Documents/GitHub/2D-to-3D-image-reconstruction/facescape_224/fsmview_trainset_11_20_brow_lower_12.jpg,0.06358499825000763,0.1839807778596878,0.12039577960968018,7.498043715953827,0.634513258934021,0.5902206301689148,0.5902206301689148,22.164322999969954,20.775768000021344,real_npy,0,1
709,/mnt/c/Users/Chirayu/Documents/GitHub/2D-to-3D-image-reconstruction/facescape_224/fsmview_trainset_12_1_neutral_50.jpg,0.03230251744389534,0.7974286675453186,0.7651261501014233,20.323788749054074,1.8042995929718018,0.44100916385650635,0.44100916385650635,24.42924399997537,34.13799200001222,real_npy,0,1
710,/mnt/c/Users/Chirayu/Documents/GitHub/2D-to-3D-image-reconstruction/facescape_224/fsmview_trainset_8_13_lip_funneler_36.jpg,0.0576012060046196,0.05099542811512947,-0.0066057778894901276,7.7881869077682495,0.7323615550994873,0.30059337615966797,0.30059337615966797,20.018364000009115,18.665113999986715,real_npy,0,1
711,/mnt/c/Users/Chirayu/Documents/GitHub/2D-to-3D-image-reconstruction/facescape_224/fsmview_trainset_7_15_lip_roll_38.jpg,0.08347979933023453,0.08260151743888855,-0.0008782818913459778,7.92112347856164,0.7392546534538269,0.41199737787246704,0.41199737787246704,44.77673799999593,41.383521999989625,real_npy,0,1
712,/mnt/c/Users/Chirayu/Documents/GitHub/2D-to-3D-image-reconstruction/facescape_224/fsmview_trainset_8_9_mouth_right_25.jpg,0.05412549152970314,0.05270654335618019,-0.0014189481735229492,7.37145970761776,0.6584707498550415,0.3547350764274597,0.3547350764274597,25.058192000017243,21.496285000011994,real_npy,0,1
713,/mnt/c/Users/Chirayu/Documents/GitHub/2D-to-3D-image-reconstruction/facescape_224/fsmview_trainset_19_18_eye_closed_2.jpg,0.06252820044755936,0.05875854939222336,-0.0037696510553359985,9.565744064748287,0.7765567898750305,0.30484896898269653,0.30484896898269653,21.33596999999554,20.46365500001457,real_npy,0,1
714,/mnt/c/Users/Chirayu/Documents/GitHub/2D-to-3D-image-reconstruction/facescape_224/fsmview_trainset_20_14_sadness_42.jpg,0.047941721975803375,0.04634249955415726,-0.0015992224216461182,8.600764743983746,0.682247519493103,0.5265964865684509,0.5265964865684509,21.43053599996847,22.304683999948338,real_npy,0,1
715,/mnt/c/Users/Chirayu/Documents/GitHub/2D-to-3D-image-reconstruction/facescape_224/fsmview_trainset_14_4_anger_41.jpg,0.031304731965065,0.031302936375141144,-1.7955899238586426e-06,7.87831761687994,0.6565102934837341,0.41101840138435364,0.41101840138435364,49.96628899999678,21.423996999999417,real_npy,0,1
716,/mnt/c/Users/Chirayu/Documents/GitHub/2D-to-3D-image-reconstruction/facescape_224/fsmview_trainset_1_16_grin_35.jpg,0.05792748183012009,0.05399695038795471,-0.003930531442165375,8.560175329446793,0.7783699035644531,0.36559823155403137,0.36559823155403137,21.182782999972005,21.20785500000011,real_npy,0,1
717,/mnt/c/Users/Chirayu/Documents/GitHub/2D-to-3D-image-reconstruction/facescape_224/fsmview_trainset_3_5_jaw_left_24.jpg,0.032734982669353485,0.3161366879940033,0.2834017053246498,12.536134073510766,1.12401282787323,0.32231083512306213,0.32231083512306213,23.36788700000625,22.734759000002214,real_npy,0,1
718,/mnt/c/Users/Chirayu/Documents/GitHub/2D-to-3D-image-reconstruction/facescape_224/fsmview_trainset_2_4_anger_1.jpg,0.12216450273990631,0.12025243788957596,-0.0019120648503303528,8.930805273354053,0.7750031352043152,0.4818607270717621,0.4818607270717621,29.833907000011095,22.603893999985303,real_npy,0,1
719,/mnt/c/Users/Chirayu/Documents/GitHub/2D-to-3D-image-reconstruction/facescape_224/fsmview_trainset_20_18_eye_closed_12.jpg,0.06467309594154358,0.6963167786598206,0.631643682718277,16.98144731670618,1.576659917831421,0.5843247175216675,0.5843247175216675,28.864906000023893,80.35324799999444,real_npy,0,1
720,/mnt/c/Users/Chirayu/Documents/GitHub/2D-to-3D-image-reconstruction/facescape_224/fsmview_trainset_16_19_brow_raiser_11.jpg,0.08962312340736389,0.08956936001777649,-5.3763389587402344e-05,8.369084678590298,0.7539898157119751,0.3656708598136902,0.3656708598136902,27.64735800002427,71.56453400000373,real_npy,0,1
721,/mnt/c/Users/Chirayu/Documents/GitHub/2D-to-3D-image-reconstruction/facescape_224/fsmview_trainset_6_12_lip_puckerer_50.jpg,0.3289482593536377,0.30728211998939514,-0.021666139364242554,6.713683366775513,0.6266196966171265,0.4145434498786926,0.4145434498786926,20.844990000000507,20.91807599998674,real_npy,0,1
722,/mnt/c/Users/Chirayu/Documents/GitHub/2D-to-3D-image-reconstruction/facescape_224/fsmview_trainset_12_5_jaw_left_19.jpg,0.04311126843094826,0.04076249152421951,-0.0023487769067287445,8.892720025032759,0.7792552709579468,0.3873852789402008,0.3873852789402008,20.776743999988412,46.244440999998915,real_npy,0,1
723,/mnt/c/Users/Chirayu/Documents/GitHub/2D-to-3D-image-reconstruction/facescape_224/fsmview_trainset_10_8_mouth_left_24.jpg,0.03900648653507233,0.35097092390060425,0.3119644373655319,13.618859455920756,1.1666383743286133,0.3370824158191681,0.3370824158191681,29.12709200001018,23.400717000015447,real_npy,0,1
724,/mnt/c/Users/Chirayu/Documents/GitHub/2D-to-3D-image-reconstruction/facescape_224/fsmview_trainset_14_15_lip_roll_34.jpg,0.06583334505558014,0.07166510820388794,0.0058317631483078,7.993700750172138,0.7294110059738159,0.5175021290779114,0.5175021290779114,20.19546399998262,19.42657600000075,real_npy,0,1
725,/mnt/c/Users/Chirayu/Documents/GitHub/2D-to-3D-image-reconstruction/facescape_224/fsmview_trainset_12_10_dimpler_53.jpg,0.06217226758599281,0.06317049264907837,0.000998225063085556,8.549700170755386,0.7165591716766357,0.5071947574615479,0.5071947574615479,39.75577599999269,32.18757000001915,real_npy,0,1
726,/mnt/c/Users/Chirayu/Documents/GitHub/2D-to-3D-image-reconstruction/facescape_224/fsmview_trainset_2_12_lip_puckerer_13.jpg,0.07574731111526489,0.0810319110751152,0.005284599959850311,9.068317862227559,0.7580572962760925,0.4569122791290283,0.4569122791290283,20.323161000021628,20.384749999948326,real_npy,0,1
727,/mnt/c/Users/Chirayu/Documents/GitHub/2D-to-3D-image-reconstruction/facescape_224/fsmview_trainset_7_14_sadness_49.jpg,0.08265557140111923,0.08214235305786133,-0.000513218343257904,6.231648586690426,0.5384936332702637,0.4944019317626953,0.4944019317626953,20.278424000025552,18.367875999956595,real_npy,0,0
728,/mnt/c/Users/Chirayu/Documents/GitHub/2D-to-3D-image-reconstruction/facescape_224/fsmview_trainset_14_16_grin_25.jpg,0.037660107016563416,0.06510753929615021,0.027447432279586792,7.150743005797267,0.6277486681938171,0.4546268880367279,0.4546268880367279,22.027555000022403,21.840668999971058,real_npy,0,1
729,/mnt/c/Users/Chirayu/Documents/GitHub/2D-to-3D-image-reconstruction/facescape_224/fsmview_trainset_15_18_eye_closed_49.jpg,0.08499442785978317,0.0937441810965538,0.00874975323677063,8.689280822873116,0.7594276070594788,0.6016882658004761,0.6016882658004761,20.39872499994999,41.75612100004855,real_npy,0,1
730,/mnt/c/Users/Chirayu/Documents/GitHub/2D-to-3D-image-reconstruction/facescape_224/fsmview_trainset_10_13_lip_funneler_42.jpg,0.07876235991716385,0.07901348918676376,0.00025112926959991455,7.112380743026733,0.6812967658042908,0.4621885120868683,0.4621885120868683,22.539075999986835,21.35714700000335,real_npy,0,1
731,/mnt/c/Users/Chirayu/Documents/GitHub/2D-to-3D-image-reconstruction/facescape_224/fsmview_trainset_1_3_mouth_stretch_15.jpg,0.10147997736930847,0.10237500071525574,0.0008950233459472656,7.824718669056892,0.6765106916427612,0.48174139857292175,0.48174139857292175,20.656417999987298,22.182787000019744,real_npy,0,1
732,/mnt/c/Users/Chirayu/Documents/GitHub/2D-to-3D-image-reconstruction/facescape_224/fsmview_trainset_1_15_lip_roll_52.jpg,0.12434965372085571,0.1240234375,-0.0003262162208557129,8.316893555223942,0.7501952052116394,0.3119288980960846,0.3119288980960846,53.098400000010315,25.450526000042828,real_npy,0,1
733,/mnt/c/Users/Chirayu/Documents/GitHub/2D-to-3D-image-reconstruction/facescape_224/fsmview_trainset_19_16_grin_4.jpg,0.075536347925663,0.08820075541734695,0.01266440749168396,8.499706484377384,0.699788510799408,0.21181635558605194,0.21181635558605194,33.175248000020474,24.60550000000694,real_npy,0,1
734,/mnt/c/Users/Chirayu/Documents/GitHub/2D-to-3D-image-reconstruction/facescape_224/fsmview_trainset_18_14_sadness_45.jpg,0.10799078643321991,0.12933023273944855,0.021339446306228638,9.874190140515566,0.7990040183067322,0.46648940443992615,0.46648940443992615,34.38274600000568,24.367166999979872,real_npy,0,1
735,/mnt/c/Users/Chirayu/Documents/GitHub/2D-to-3D-image-reconstruction/facescape_224/fsmview_trainset_15_18_eye_closed_16.jpg,0.21693553030490875,0.23402151465415955,0.017085984349250793,8.09982269257307,0.668692409992218,0.48660483956336975,0.48660483956336975,27.435419000028105,24.778032999961397,real_npy,0,1
736,/mnt/c/Users/Chirayu/Documents/GitHub/2D-to-3D-image-reconstruction/facescape_224/fsmview_trainset_8_9_mouth_right_29.jpg,0.06245319917798042,0.06486520171165466,0.00241200253367424,8.261530458927155,0.6747875809669495,0.3482059836387634,0.3482059836387634,32.07158299994717,31.941931999995177,real_npy,0,1
737,/mnt/c/Users/Chirayu/Documents/GitHub/2D-to-3D-image-reconstruction/facescape_224/fsmview_trainset_18_11_chin_raiser_18.jpg,0.32650861144065857,0.3237837851047516,-0.0027248263359069824,7.175938054919243,0.6374533176422119,0.5224876403808594,0.5224876403808594,28.92479400003367,70.51556099997924,real_npy,0,1
738,/mnt/c/Users/Chirayu/Documents/GitHub/2D-to-3D-image-reconstruction/facescape_224/fsmview_trainset_8_20_brow_lower_25.jpg,0.05073351040482521,0.049047745764255524,-0.0016857646405696869,8.113069519400597,0.7187045812606812,0.3684101104736328,0.3684101104736328,39.81520399997862,54.964498000003914,real_npy,0,1
739,/mnt/c/Users/Chirayu/Documents/GitHub/2D-to-3D-image-reconstruction/facescape_224/fsmview_trainset_10_5_jaw_left_44.jpg,0.1105179488658905,0.1032077744603157,-0.007310174405574799,7.834112882614136,0.639329195022583,0.462413489818573,0.462413489818573,70.97467299996651,27.967429000000266,real_npy,0,1
740,/mnt/c/Users/Chirayu/Documents/GitHub/2D-to-3D-image-reconstruction/facescape_224/fsmview_trainset_6_8_mouth_left_5.jpg,0.03439346328377724,1.2587361335754395,1.2243426702916622,25.70696121454239,2.5643279552459717,0.36663028597831726,0.36663028597831726,57.78033400002869,24.480221000032998,real_npy,0,1
741,/mnt/c/Users/Chirayu/Documents/GitHub/2D-to-3D-image-reconstruction/facescape_224/fsmview_trainset_7_11_chin_raiser_27.jpg,0.05107397586107254,0.051314618438482285,0.00024064257740974426,8.081410452723503,0.6418494582176208,0.3602512776851654,0.3602512776851654,79.40421000000697,19.710142999997515,real_npy,0,1
742,/mnt/c/Users/Chirayu/Documents/GitHub/2D-to-3D-image-reconstruction/facescape_224/fsmview_trainset_2_9_mouth_right_49.jpg,0.5059657692909241,0.5003609657287598,-0.005604803562164307,6.8939187824726105,0.6080710291862488,0.45768558979034424,0.45768558979034424,20.024153999997907,19.560624000007465,real_npy,0,1
743,/mnt/c/Users/Chirayu/Documents/GitHub/2D-to-3D-image-reconstruction/facescape_224/fsmview_trainset_16_5_jaw_left_5.jpg,0.049244992434978485,0.055171314626932144,0.005926322191953659,7.815191388130188,0.6696106195449829,0.3032377362251282,0.3032377362251282,20.839009999974678,20.86274499998808,real_npy,0,1
744,/mnt/c/Users/Chirayu/Documents/GitHub/2D-to-3D-image-reconstruction/facescape_224/fsmview_trainset_7_19_brow_raiser_5.jpg,0.03947173058986664,0.03710831701755524,-0.0023634135723114014,7.75071513466537,0.6634896397590637,0.38517287373542786,0.38517287373542786,39.32467699996778,23.286381000048095,real_npy,0,1
745,/mnt/c/Users/Chirayu/Documents/GitHub/2D-to-3D-image-reconstruction/facescape_224/fsmview_trainset_18_17_cheek_blowing_9.jpg,0.05386025086045265,0.05654337257146835,0.0026831217110157013,8.500795856118202,0.7333970069885254,0.3288955092430115,0.3288955092430115,33.350276000021495,66.8181739999909,real_npy,0,1
746,/mnt/c/Users/Chirayu/Documents/GitHub/2D-to-3D-image-reconstruction/facescape_224/fsmview_trainset_13_19_brow_raiser_30.jpg,0.06573580950498581,0.07273378223180771,0.006997972726821899,9.126456826925278,0.7530235052108765,0.29883304238319397,0.29883304238319397,32.12960500002282,55.100190000018756,real_npy,0,1
747,/mnt/c/Users/Chirayu/Documents/GitHub/2D-to-3D-image-reconstruction/facescape_224/fsmview_trainset_20_13_lip_funneler_20.jpg,0.24526116251945496,0.25766995549201965,0.012408792972564697,7.752061378210783,0.6485785841941833,0.3514942526817322,0.3514942526817322,22.824092999996992,20.498658999997588,real_npy,0,1
748,/mnt/c/Users/Chirayu/Documents/GitHub/2D-to-3D-image-reconstruction/facescape_224/fsmview_trainset_6_8_mouth_left_35.jpg,0.036858733743429184,0.04049326479434967,0.0036345310509204865,8.482395566999912,0.6736927628517151,0.3748590648174286,0.3748590648174286,23.90257100000781,31.907649000004312,real_npy,0,1
749,/mnt/c/Users/Chirayu/Documents/GitHub/2D-to-3D-image-reconstruction/facescape_224/fsmview_trainset_1_2_smile_35.jpg,0.051110073924064636,0.0477096363902092,-0.0034004375338554382,8.439934846013784,0.7296039462089539,0.3792344629764557,0.3792344629764557,23.004482000033022,19.778126000005614,real_npy,0,1
750,/mnt/c/Users/Chirayu/Documents/GitHub/2D-to-3D-image-reconstruction/facescape_224/fsmview_trainset_13_15_lip_roll_29.jpg,0.04220179095864296,0.04861854389309883,0.006416752934455872,8.165594451129436,0.6351394057273865,0.36408570408821106,0.36408570408821106,20.812225999975453,19.057380999981888,real_npy,0,1
751,/mnt/c/Users/Chirayu/Documents/GitHub/2D-to-3D-image-reconstruction/facescape_224/fsmview_trainset_16_4_anger_42.jpg,0.06807632744312286,0.07765460759401321,0.00957828015089035,7.810122724622488,0.7255541086196899,0.4344162046909332,0.4344162046909332,22.236161000023458,20.341732000019874,real_npy,0,1
752,/mnt/c/Users/Chirayu/Documents/GitHub/2D-to-3D-image-reconstruction/facescape_224/fsmview_trainset_4_2_smile_50.jpg,0.04444781318306923,0.04743138328194618,0.002983570098876953,8.837661001831293,0.7208651900291443,0.3279253840446472,0.3279253840446472,22.293612999988,19.438008000008722,real_npy,0,1
753,/mnt/c/Users/Chirayu/Documents/GitHub/2D-to-3D-image-reconstruction/facescape_224/fsmview_trainset_14_2_smile_9.jpg,0.171145498752594,0.17257584631443024,0.0014303475618362427,7.958325944840908,0.7818185687065125,0.5380061268806458,0.5380061268806458,21.406909000006635,21.49566199994979,real_npy,0,1
754,/mnt/c/Users/Chirayu/Documents/GitHub/2D-to-3D-image-reconstruction/facescape_224/fsmview_trainset_16_17_cheek_blowing_39.jpg,0.08727426081895828,0.09210878610610962,0.004834525287151337,8.739241391420364,0.71720290184021,0.434609055519104,0.434609055519104,20.107795999990685,20.908875000031912,real_npy,0,1
755,/mnt/c/Users/Chirayu/Documents/GitHub/2D-to-3D-image-reconstruction/facescape_224/fsmview_trainset_5_18_eye_closed_31.jpg,0.049510031938552856,0.051761090755462646,0.00225105881690979,8.611885111778975,0.7158507108688354,0.44612976908683777,0.44612976908683777,22.10462400000779,22.694808000039757,real_npy,0,1
756,/mnt/c/Users/Chirayu/Documents/GitHub/2D-to-3D-image-reconstruction/facescape_224/fsmview_trainset_7_2_smile_19.jpg,0.0349089689552784,0.0374748557806015,0.002565886825323105,8.790259200148284,0.7142266035079956,0.38084617257118225,0.38084617257118225,21.40621699999201,22.69702699999243,real_npy,0,1
757,/mnt/c/Users/Chirayu/Documents/GitHub/2D-to-3D-image-reconstruction/facescape_224/fsmview_trainset_9_3_mouth_stretch_25.jpg,0.035762786865234375,0.036333490163087845,0.0005707032978534698,6.957493783906102,0.6908013224601746,0.2901475429534912,0.2901475429534912,19.866315999991002,19.61362999998073,real_npy,0,1
758,/mnt/c/Users/Chirayu/Documents/GitHub/2D-to-3D-image-reconstruction/facescape_224/fsmview_trainset_1_3_mouth_stretch_35.jpg,0.043832287192344666,227.16615295410156,227.12232066690922,291.6838846206665,298.6048889160156,0.36652398109436035,0.36652398109436035,20.769715000028555,18.446834000030776,real_npy,1,1
759,/mnt/c/Users/Chirayu/Documents/GitHub/2D-to-3D-image-reconstruction/facescape_224/fsmview_trainset_19_18_eye_closed_45.jpg,0.1859954446554184,0.2005920708179474,0.014596626162528992,9.285828706808388,0.7675870656967163,0.36949172616004944,0.36949172616004944,107.6463550000426,22.085906999961935,real_npy,0,1
760,/mnt/c/Users/Chirayu/Documents/GitHub/2D-to-3D-image-reconstruction/facescape_224/fsmview_trainset_9_16_grin_44.jpg,0.17711658775806427,0.17631098628044128,-0.0008056014776229858,8.393652319908142,0.7675533294677734,0.4131529927253723,0.4131529927253723,51.18075399997224,22.44145099996331,real_npy,0,1
761,/mnt/c/Users/Chirayu/Documents/GitHub/2D-to-3D-image-reconstruction/facescape_224/fsmview_trainset_9_3_mouth_stretch_47.jpg,0.0989656001329422,0.10639044642448425,0.007424846291542053,8.868369104340672,0.7301741242408752,0.45704323053359985,0.45704323053359985,23.269584999979998,20.185606000040934,real_npy,0,1
762,/mnt/c/Users/Chirayu/Documents/GitHub/2D-to-3D-image-reconstruction/facescape_224/fsmview_trainset_11_1_neutral_28.jpg,0.11410781741142273,0.11754660308361053,0.003438785672187805,8.966013250872493,0.7160568237304688,0.5702133774757385,0.5702133774757385,25.02166499999703,24.35603999998648,real_npy,0,1
763,/mnt/c/Users/Chirayu/Documents/GitHub/2D-to-3D-image-reconstruction/facescape_224/fsmview_trainset_2_5_jaw_left_57.jpg,0.6715503334999084,0.6983218789100647,0.02677154541015625,7.374777693301439,0.6229608058929443,0.41581279039382935,0.41581279039382935,23.130585999979303,19.31270099998983,real_npy,0,1
764,/mnt/c/Users/Chirayu/Documents/GitHub/2D-to-3D-image-reconstruction/facescape_224/fsmview_trainset_1_4_anger_46.jpg,0.044675588607788086,1.4738764762878418,1.4292008876800537,23.339804247021675,2.4575531482696533,0.3540792763233185,0.3540792763233185,20.813161000035052,32.20374300002504,real_npy,0,1
765,/mnt/c/Users/Chirayu/Documents/GitHub/2D-to-3D-image-reconstruction/facescape_224/fsmview_trainset_2_18_eye_closed_29.jpg,0.10334566235542297,0.13106997311115265,0.027724310755729675,8.664736332371831,0.7016767859458923,0.3376842737197876,0.3376842737197876,23.684449000029417,24.32256800000232,real_npy,0,1
766,/mnt/c/Users/Chirayu/Documents/GitHub/2D-to-3D-image-reconstruction/facescape_224/fsmview_trainset_13_3_mouth_stretch_53.jpg,0.051140934228897095,0.05388129502534866,0.0027403607964515686,7.912910979706794,0.6867117881774902,0.33256393671035767,0.33256393671035767,22.237334999999803,20.491616000015256,real_npy,0,1
767,/mnt/c/Users/Chirayu/Documents/GitHub/2D-to-3D-image-reconstruction/facescape_224/fsmview_trainset_19_9_mouth_right_24.jpg,0.056608255952596664,0.06254369020462036,0.005935434252023697,9.489532478153706,0.7972593307495117,0.3574247360229492,0.3574247360229492,28.364654000029077,22.984542000017427,real_npy,0,1
768,/mnt/c/Users/Chirayu/Documents/GitHub/2D-to-3D-image-reconstruction/facescape_224/fsmview_trainset_7_11_chin_raiser_54.jpg,0.06402851641178131,0.06192954257130623,-0.0020989738404750824,8.139228396117687,0.7042454481124878,0.417485773563385,0.417485773563385,71.75000400002318,32.73116699995171,real_npy,0,1
769,/mnt/c/Users/Chirayu/Documents/GitHub/2D-to-3D-image-reconstruction/facescape_224/fsmview_trainset_7_11_chin_raiser_5.jpg,0.036695513874292374,0.035567507147789,-0.0011280067265033722,8.16249343752861,0.6720902919769287,0.3535841405391693,0.3535841405391693,20.986957999980405,19.392430999971566,real_npy,0,1
770,/mnt/c/Users/Chirayu/Documents/GitHub/2D-to-3D-image-reconstruction/facescape_224/fsmview_trainset_7_7_jaw_forward_34.jpg,0.06423437595367432,0.07096666842699051,0.006732292473316193,8.058919593691826,0.6825838685035706,0.4486370384693146,0.4486370384693146,21.81798499998422,20.929211999998643,real_npy,0,1
771,/mnt/c/Users/Chirayu/Documents/GitHub/2D-to-3D-image-reconstruction/facescape_224/fsmview_trainset_11_5_jaw_left_29.jpg,0.28685262799263,4.061254501342773,3.7744018733501434,47.95330888032913,5.621196269989014,0.44208765029907227,0.44208765029907227,20.28658700004371,33.4738060000177,real_npy,1,1
772,/mnt/c/Users/Chirayu/Documents/GitHub/2D-to-3D-image-reconstruction/facescape_224/fsmview_trainset_6_8_mouth_left_39.jpg,0.06762326508760452,0.07022803276777267,0.002604767680168152,8.564495414495468,0.7300193905830383,0.31498438119888306,0.31498438119888306,35.9878540000409,19.73704399995313,real_npy,0,1
773,/mnt/c/Users/Chirayu/Documents/GitHub/2D-to-3D-image-reconstruction/facescape_224/fsmview_trainset_13_8_mouth_left_38.jpg,0.1069922000169754,0.09663371741771698,-0.010358482599258423,7.536675866693258,0.6554092168807983,0.4103967547416687,0.4103967547416687,20.92474799997035,20.023876999971435,real_npy,0,1
774,/mnt/c/Users/Chirayu/Documents/GitHub/2D-to-3D-image-reconstruction/facescape_224/fsmview_trainset_20_16_grin_11.jpg,0.08294181525707245,0.12201595306396484,0.039074137806892395,7.085181970149279,0.6659652590751648,0.5406946539878845,0.5406946539878845,22.451133999993544,20.473380999987967,real_npy,0,1
775,/mnt/c/Users/Chirayu/Documents/GitHub/2D-to-3D-image-reconstruction/facescape_224/fsmview_trainset_12_8_mouth_left_25.jpg,0.032188430428504944,0.03204892575740814,-0.00013950467109680176,8.420010481029749,0.6935268044471741,0.48155808448791504,0.48155808448791504,26.69462000000067,47.28102500001796,real_npy,0,1
776,/mnt/c/Users/Chirayu/Documents/GitHub/2D-to-3D-image-reconstruction/facescape_224/fsmview_trainset_3_11_chin_raiser_35.jpg,0.03928874805569649,0.03963599354028702,0.0003472454845905304,8.073096109554172,0.6367141008377075,0.4249761998653412,0.4249761998653412,21.511756000052173,21.478469000044242,real_npy,0,1
777,/mnt/c/Users/Chirayu/Documents/GitHub/2D-to-3D-image-reconstruction/facescape_224/fsmview_trainset_9_11_chin_raiser_17.jpg,0.04787200689315796,0.048324115574359894,0.0004521086812019348,8.744136065244675,0.712052047252655,0.29898807406425476,0.29898807406425476,20.475294999982907,19.243555000002743,real_npy,0,1
778,/mnt/c/Users/Chirayu/Documents/GitHub/2D-to-3D-image-reconstruction/facescape_224/fsmview_trainset_12_20_brow_lower_13.jpg,0.03217484802007675,0.033476971089839935,0.0013021230697631836,8.194775775074959,0.67160564661026,0.4750092625617981,0.4750092625617981,21.961087999954998,19.833516999995027,real_npy,0,1
779,/mnt/c/Users/Chirayu/Documents/GitHub/2D-to-3D-image-reconstruction/facescape_224/fsmview_trainset_9_12_lip_puckerer_17.jpg,0.036662835627794266,0.3779541850090027,0.3412913493812084,14.122382486239076,1.207475185394287,0.3093951344490051,0.3093951344490051,21.526150999989113,21.817043999988073,real_npy,0,1
780,/mnt/c/Users/Chirayu/Documents/GitHub/2D-to-3D-image-reconstruction/facescape_224/fsmview_trainset_11_9_mouth_right_30.jpg,0.03875836357474327,2.116576671600342,2.0778183080255985,33.47918050736189,3.4736571311950684,0.4802728593349457,0.4802728593349457,20.825048999995488,31.9101640000099,real_npy,1,1
781,/mnt/c/Users/Chirayu/Documents/GitHub/2D-to-3D-image-reconstruction/facescape_224/fsmview_trainset_4_18_eye_closed_0.jpg,0.16210603713989258,0.1724316030740738,0.010325565934181213,8.26673136651516,0.7036200761795044,0.26896488666534424,0.26896488666534424,20.34726300001921,20.382925999967938,real_npy,0,1
782,/mnt/c/Users/Chirayu/Documents/GitHub/2D-to-3D-image-reconstruction/facescape_224/fsmview_trainset_14_20_brow_lower_56.jpg,0.0562766008079052,0.05100199952721596,-0.0052746012806892395,8.134545184671879,0.757223904132843,0.3559594750404358,0.3559594750404358,20.42555299999549,19.044271999973716,real_npy,0,1
783,/mnt/c/Users/Chirayu/Documents/GitHub/2D-to-3D-image-reconstruction/facescape_224/fsmview_trainset_20_17_cheek_blowing_10.jpg,0.081428162753582,0.30910545587539673,0.22767729312181473,10.93981509283185,0.9865274429321289,0.49489882588386536,0.49489882588386536,20.308615000033114,21.255787000029613,real_npy,0,1
784,/mnt/c/Users/Chirayu/Documents/GitHub/2D-to-3D-image-reconstruction/facescape_224/fsmview_trainset_17_3_mouth_stretch_36.jpg,0.21663957834243774,0.2287052571773529,0.012065678834915161,7.767383173108101,0.6605743169784546,0.34991225600242615,0.34991225600242615,20.46267399998669,41.106310999964535,real_npy,0,1
785,/mnt/c/Users/Chirayu/Documents/GitHub/2D-to-3D-image-reconstruction/facescape_224/fsmview_trainset_19_18_eye_closed_47.jpg,0.05507712438702583,0.05572901666164398,0.0006518922746181488,8.954040870070457,0.7148012518882751,0.3438256084918976,0.3438256084918976,22.454797000023063,22.73025099998449,real_npy,0,1
786,/mnt/c/Users/Chirayu/Documents/GitHub/2D-to-3D-image-reconstruction/facescape_224/fsmview_trainset_2_8_mouth_left_26.jpg,0.036998145282268524,0.03847689926624298,0.0014787539839744568,8.31431556865573,0.6671632528305054,0.343899667263031,0.343899667263031,21.682910999970773,20.018973000048845,real_npy,0,1
787,/mnt/c/Users/Chirayu/Documents/GitHub/2D-to-3D-image-reconstruction/facescape_224/fsmview_trainset_19_18_eye_closed_48.jpg,0.06749094277620316,0.07767800986766815,0.010187067091464996,8.404087454080582,0.7223324775695801,0.3252069652080536,0.3252069652080536,23.600960999999643,37.199950000001536,real_npy,0,1
788,/mnt/c/Users/Chirayu/Documents/GitHub/2D-to-3D-image-reconstruction/facescape_224/fsmview_trainset_12_7_jaw_forward_28.jpg,0.0497404970228672,0.06024078652262688,0.010500289499759674,9.100929707288742,0.7447866201400757,0.4929535388946533,0.4929535388946533,48.501138000005994,22.382541000013134,real_npy,0,1
789,/mnt/c/Users/Chirayu/Documents/GitHub/2D-to-3D-image-reconstruction/facescape_224/fsmview_trainset_2_20_brow_lower_4.jpg,0.18829180300235748,0.18380823731422424,-0.00448356568813324,9.076323814690113,0.7369508147239685,0.46353235840797424,0.46353235840797424,21.783201999994617,21.46514800000432,real_npy,0,1
790,/mnt/c/Users/Chirayu/Documents/GitHub/2D-to-3D-image-reconstruction/facescape_224/fsmview_trainset_2_10_dimpler_48.jpg,0.16347810626029968,0.1656622290611267,0.0021841228008270264,9.321851425804198,0.7899205088615417,0.49096736311912537,0.49096736311912537,21.022200000004432,20.930200000009336,real_npy,0,1
791,/mnt/c/Users/Chirayu/Documents/GitHub/2D-to-3D-image-reconstruction/facescape_224/fsmview_trainset_3_5_jaw_left_19.jpg,0.05362613499164581,0.05543333664536476,0.0018072016537189484,8.491267106495798,0.6894842386245728,0.39582669734954834,0.39582669734954834,21.209473999988404,22.586544999967373,real_npy,0,1
792,/mnt/c/Users/Chirayu/Documents/GitHub/2D-to-3D-image-reconstruction/facescape_224/fsmview_trainset_1_15_lip_roll_22.jpg,0.03469082713127136,22.124828338623047,22.090137511491776,103.0651461482048,24.65043067932129,0.3719750940799713,0.3719750940799713,20.444963999977972,19.54699300000584,real_npy,1,1
793,/mnt/c/Users/Chirayu/Documents/GitHub/2D-to-3D-image-reconstruction/facescape_224/fsmview_trainset_2_1_neutral_20.jpg,0.06882122159004211,0.07709374278783798,0.008272521197795868,9.751727095805109,0.7851179838180542,0.4262562394142151,0.4262562394142151,73.08952399995405,19.2999359999817,real_npy,0,1
794,/mnt/c/Users/Chirayu/Documents/GitHub/2D-to-3D-image-reconstruction/facescape_224/fsmview_trainset_16_7_jaw_forward_20.jpg,0.055492181330919266,0.05617835000157356,0.0006861686706542969,8.811408443376422,0.7319695353507996,0.37862852215766907,0.37862852215766907,20.87490200000275,85.59984300001133,real_npy,0,1
795,/mnt/c/Users/Chirayu/Documents/GitHub/2D-to-3D-image-reconstruction/facescape_224/fsmview_trainset_3_3_mouth_stretch_9.jpg,0.04480228200554848,0.044218774884939194,-0.0005835071206092834,7.693970888853073,0.7139554619789124,0.36929386854171753,0.36929386854171753,21.787266000046657,19.824552999978096,real_npy,0,1
796,/mnt/c/Users/Chirayu/Documents/GitHub/2D-to-3D-image-reconstruction/facescape_224/fsmview_trainset_3_10_dimpler_3.jpg,0.04803405702114105,0.04459625855088234,-0.0034377984702587128,7.511779151856899,0.6583314538002014,0.3729389011859894,0.3729389011859894,64.80284000002712,55.458684000029734,real_npy,0,1
797,/mnt/c/Users/Chirayu/Documents/GitHub/2D-to-3D-image-reconstruction/facescape_224/fsmview_trainset_16_18_eye_closed_9.jpg,0.04439108818769455,0.04554815962910652,0.001157071441411972,8.547220885753632,0.7504010200500488,0.33470407128334045,0.33470407128334045,113.17777300001808,22.41778899997371,real_npy,0,1
798,/mnt/c/Users/Chirayu/Documents/GitHub/2D-to-3D-image-reconstruction/facescape_224/fsmview_trainset_6_5_jaw_left_36.jpg,0.13019594550132751,0.1425626426935196,0.012366697192192078,7.644704200327396,0.7032720446586609,0.31715142726898193,0.31715142726898193,24.158586999988074,19.306612999969275,real_npy,0,1
799,/mnt/c/Users/Chirayu/Documents/GitHub/2D-to-3D-image-reconstruction/facescape_224/fsmview_trainset_13_19_brow_raiser_14.jpg,0.06646870076656342,0.0663217231631279,-0.00014697760343551636,9.258165288716555,0.7878169417381287,0.46205028891563416,0.46205028891563416,26.012714999978925,20.01303900004814,real_npy,0,1
800,/mnt/c/Users/Chirayu/Documents/GitHub/2D-to-3D-image-reconstruction/facescape_224/fsmview_trainset_12_9_mouth_right_6.jpg,0.06265277415513992,0.06556586921215057,0.0029130950570106506,8.772312354296446,0.7385397553443909,0.5988399982452393,0.5988399982452393,23.79894900002455,19.680375999996613,real_npy,0,1
801,/mnt/c/Users/Chirayu/Documents/GitHub/2D-to-3D-image-reconstruction/facescape_224/fsmview_trainset_3_10_dimpler_33.jpg,0.20011776685714722,0.19829502701759338,-0.001822739839553833,6.715136796236038,0.6750962138175964,0.5181901454925537,0.5181901454925537,87.14027999997143,19.978533999960746,real_npy,0,1
802,/mnt/c/Users/Chirayu/Documents/GitHub/2D-to-3D-image-reconstruction/facescape_224/fsmview_trainset_8_19_brow_raiser_15.jpg,0.14069107174873352,0.14669908583164215,0.00600801408290863,8.18298915028572,0.6720737218856812,0.40599364042282104,0.40599364042282104,20.32775500003936,21.364743999981783,real_npy,0,1
803,/mnt/c/Users/Chirayu/Documents/GitHub/2D-to-3D-image-reconstruction/facescape_224/fsmview_trainset_5_17_cheek_blowing_23.jpg,0.03653512895107269,3.303377866744995,3.2668427377939224,39.6973284445703,4.456915378570557,0.3428521752357483,0.3428521752357483,64.25575299999764,59.00015099996381,real_npy,1,1
804,/mnt/c/Users/Chirayu/Documents/GitHub/2D-to-3D-image-reconstruction/facescape_224/fsmview_trainset_9_7_jaw_forward_23.jpg,0.03897484019398689,1.6028167009353638,1.5638418607413769,28.174079282209277,2.7422196865081787,0.31111472845077515,0.31111472845077515,44.549499000027026,27.04298399999061,real_npy,0,1
805,/mnt/c/Users/Chirayu/Documents/GitHub/2D-to-3D-image-reconstruction/facescape_224/fsmview_trainset_18_7_jaw_forward_54.jpg,0.07015524059534073,0.07268587499856949,0.0025306344032287598,8.3335389085114,0.7323262691497803,0.3733169436454773,0.3733169436454773,21.231393999983084,22.295149000001402,real_npy,0,1
806,/mnt/c/Users/Chirayu/Documents/GitHub/2D-to-3D-image-reconstruction/facescape_224/fsmview_trainset_6_12_lip_puckerer_55.jpg,0.061593323945999146,0.06471092998981476,0.003117606043815613,8.456401612609625,0.7190290093421936,0.397098571062088,0.397098571062088,37.086396000006516,41.93949199998315,real_npy,0,1
807,/mnt/c/Users/Chirayu/Documents/GitHub/2D-to-3D-image-reconstruction/facescape_224/fsmview_trainset_8_14_sadness_2.jpg,0.05333142727613449,0.050309374928474426,-0.0030220523476600647,7.776053875684738,0.686404824256897,0.27665093541145325,0.27665093541145325,42.52355699998134,22.187411999993856,real_npy,0,1
808,/mnt/c/Users/Chirayu/Documents/GitHub/2D-to-3D-image-reconstruction/facescape_224/fsmview_trainset_20_1_neutral_43.jpg,0.07921582460403442,0.08240117877721786,0.003185354173183441,8.395820677280426,0.7084736227989197,0.5506426095962524,0.5506426095962524,24.053895999998076,23.424378000015622,real_npy,0,1
809,/mnt/c/Users/Chirayu/Documents/GitHub/2D-to-3D-image-reconstruction/facescape_224/fsmview_trainset_19_6_jaw_right_37.jpg,0.1371627151966095,0.183757022023201,0.04659430682659149,9.362594202160835,0.7850775718688965,0.4060257375240326,0.4060257375240326,26.98507000002337,67.06499200004146,real_npy,0,1
810,/mnt/c/Users/Chirayu/Documents/GitHub/2D-to-3D-image-reconstruction/facescape_224/fsmview_trainset_6_3_mouth_stretch_46.jpg,0.12179357558488846,0.11494946479797363,-0.0068441107869148254,8.28287435323,0.7633426189422607,0.3971138298511505,0.3971138298511505,20.851204999985384,19.352464000007785,real_npy,0,1
811,/mnt/c/Users/Chirayu/Documents/GitHub/2D-to-3D-image-reconstruction/facescape_224/fsmview_trainset_7_6_jaw_right_5.jpg,0.04108060523867607,0.03829998895525932,-0.002780616283416748,7.971941977739334,0.676784336566925,0.3494514226913452,0.3494514226913452,20.483721999994486,27.949049999961062,real_npy,0,1
812,/mnt/c/Users/Chirayu/Documents/GitHub/2D-to-3D-image-reconstruction/facescape_224/fsmview_trainset_18_15_lip_roll_5.jpg,0.042056743055582047,0.04387247562408447,0.0018157325685024261,8.626839026808739,0.7326472401618958,0.338261216878891,0.338261216878891,63.5072169999944,21.826300000043375,real_npy,0,1
813,/mnt/c/Users/Chirayu/Documents/GitHub/2D-to-3D-image-reconstruction/facescape_224/fsmview_trainset_13_6_jaw_right_19.jpg,0.14166969060897827,0.15101288259029388,0.009343191981315613,8.181218639016151,0.6607141494750977,0.32488134503364563,0.32488134503364563,20.979873999976917,20.091524000008576,real_npy,0,1
814,/mnt/c/Users/Chirayu/Documents/GitHub/2D-to-3D-image-reconstruction/facescape_224/fsmview_trainset_11_8_mouth_left_39.jpg,0.2815086245536804,0.2703723907470703,-0.011136233806610107,8.02707739546895,0.7337906956672668,0.5550031661987305,0.5550031661987305,60.31704599996601,21.885789999998906,real_npy,0,1
815,/mnt/c/Users/Chirayu/Documents/GitHub/2D-to-3D-image-reconstruction/facescape_224/fsmview_trainset_14_19_brow_raiser_26.jpg,0.0467064306139946,0.05611850321292877,0.009412072598934174,8.234018571674824,0.7704539895057678,0.4956153333187103,0.4956153333187103,20.815876000028766,19.555267999976422,real_npy,0,1
816,/mnt/c/Users/Chirayu/Documents/GitHub/2D-to-3D-image-reconstruction/facescape_224/fsmview_trainset_8_1_neutral_55.jpg,0.049309782683849335,0.053167421370744705,0.0038576386868953705,7.906516566872597,0.7175026535987854,0.2679924964904785,0.2679924964904785,32.237355999996,55.9103840000148,real_npy,0,1
817,/mnt/c/Users/Chirayu/Documents/GitHub/2D-to-3D-image-reconstruction/facescape_224/fsmview_trainset_19_4_anger_44.jpg,0.6582390069961548,0.5157660841941833,-0.14247292280197144,7.627964459359646,0.7146157622337341,0.44136425852775574,0.44136425852775574,91.02474700000585,19.721811000010803,real_npy,0,1
818,/mnt/c/Users/Chirayu/Documents/GitHub/2D-to-3D-image-reconstruction/facescape_224/fsmview_trainset_12_18_eye_closed_16.jpg,0.050539515912532806,0.04562714695930481,-0.004912368953227997,9.043011670932174,0.7416672110557556,0.5039554834365845,0.5039554834365845,21.655736000013803,23.725716000001285,real_npy,0,1
819,/mnt/c/Users/Chirayu/Documents/GitHub/2D-to-3D-image-reconstruction/facescape_224/fsmview_trainset_12_13_lip_funneler_26.jpg,0.527248740196228,0.501955509185791,-0.02529323101043701,7.7335144355893135,0.7128263115882874,0.5514529347419739,0.5514529347419739,20.7805809999968,21.73478399998885,template_fallback,0,1
820,/mnt/c/Users/Chirayu/Documents/GitHub/2D-to-3D-image-reconstruction/facescape_224/fsmview_trainset_3_18_eye_closed_7.jpg,0.0646066963672638,0.06960593163967133,0.004999235272407532,8.477803140878677,0.7211787700653076,0.29073479771614075,0.29073479771614075,32.37549499999659,67.69875899999533,real_npy,0,1
821,/mnt/c/Users/Chirayu/Documents/GitHub/2D-to-3D-image-reconstruction/facescape_224/fsmview_trainset_4_7_jaw_forward_49.jpg,0.0830424427986145,0.08726702630519867,0.0042245835065841675,8.249097056686878,0.7885050177574158,0.30279919505119324,0.30279919505119324,20.379752999986067,20.287146999976358,real_npy,0,1
822,/mnt/c/Users/Chirayu/Documents/GitHub/2D-to-3D-image-reconstruction/facescape_224/fsmview_trainset_13_15_lip_roll_2.jpg,1.1470658779144287,1.1019635200500488,-0.04510235786437988,6.322880312800407,0.656782329082489,0.35604485869407654,0.35604485869407654,57.60242000002336,19.499186000018653,real_npy,0,0
823,/mnt/c/Users/Chirayu/Documents/GitHub/2D-to-3D-image-reconstruction/facescape_224/fsmview_trainset_2_8_mouth_left_1.jpg,0.19662083685398102,0.19151544570922852,-0.0051053911447525024,8.111936777830124,0.699572741985321,0.49299007654190063,0.49299007654190063,35.30543499999794,29.61479500004316,real_npy,0,1
824,/mnt/c/Users/Chirayu/Documents/GitHub/2D-to-3D-image-reconstruction/facescape_224/fsmview_trainset_2_12_lip_puckerer_39.jpg,0.11298172920942307,0.12148343771696091,0.008501708507537842,8.157352149486542,0.7100203633308411,0.43704965710639954,0.43704965710639954,38.799154999992425,23.97155399995654,real_npy,0,1
825,/mnt/c/Users/Chirayu/Documents/GitHub/2D-to-3D-image-reconstruction/facescape_224/fsmview_trainset_4_1_neutral_52.jpg,0.03760584816336632,0.03736359626054764,-0.0002422519028186798,9.158460291102529,0.7674144506454468,0.21823973953723907,0.21823973953723907,20.52734500000497,20.279840000000604,real_npy,0,1
826,/mnt/c/Users/Chirayu/Documents/GitHub/2D-to-3D-image-reconstruction/facescape_224/fsmview_trainset_11_5_jaw_left_62.jpg,0.47007232904434204,0.47470396757125854,0.004631638526916504,8.279456224292517,0.7723265290260315,0.5306856036186218,0.5306856036186218,23.145818999978474,19.217686999979833,real_npy,0,1
827,/mnt/c/Users/Chirayu/Documents/GitHub/2D-to-3D-image-reconstruction/facescape_224/fsmview_trainset_10_8_mouth_left_4.jpg,0.04280182346701622,0.04750090464949608,0.004699081182479858,7.655977129936218,0.6510909199714661,0.22105072438716888,0.22105072438716888,64.2236830000229,21.91188299997293,real_npy,0,1
828,/mnt/c/Users/Chirayu/Documents/GitHub/2D-to-3D-image-reconstruction/facescape_224/fsmview_trainset_3_8_mouth_left_12.jpg,0.09116801619529724,0.10899173468351364,0.0178237184882164,7.972712486982346,0.7195783257484436,0.24961692094802856,0.24961692094802856,22.363106000000244,20.531973999993625,real_npy,0,1
829,/mnt/c/Users/Chirayu/Documents/GitHub/2D-to-3D-image-reconstruction/facescape_224/fsmview_trainset_19_12_lip_puckerer_11.jpg,0.07279662787914276,0.07423824816942215,0.0014416202902793884,8.864666417241096,0.7417783141136169,0.3277492821216583,0.3277492821216583,53.54041599997572,19.707122999989224,real_npy,0,1
830,/mnt/c/Users/Chirayu/Documents/GitHub/2D-to-3D-image-reconstruction/facescape_224/fsmview_trainset_5_7_jaw_forward_2.jpg,0.06331483274698257,0.06092109531164169,-0.0023937374353408813,8.760875709354877,0.695899248123169,0.44452786445617676,0.44452786445617676,21.597670000005564,21.18460300005154,real_npy,0,1
831,/mnt/c/Users/Chirayu/Documents/GitHub/2D-to-3D-image-reconstruction/facescape_224/fsmview_trainset_11_15_lip_roll_45.jpg,0.05724475905299187,0.9700235724449158,0.9127788133919239,21.483456075191498,2.0943875312805176,0.6428841948509216,0.6428841948509216,20.998960999975225,22.060248000002503,real_npy,0,1
832,/mnt/c/Users/Chirayu/Documents/GitHub/2D-to-3D-image-reconstruction/facescape_224/fsmview_trainset_8_5_jaw_left_15.jpg,0.08967330306768417,0.09063024073839188,0.0009569376707077026,7.999267525970936,0.6273531317710876,0.40998750925064087,0.40998750925064087,21.740666999960467,22.556736000012734,real_npy,0,1
833,/mnt/c/Users/Chirayu/Documents/GitHub/2D-to-3D-image-reconstruction/facescape_224/fsmview_trainset_16_3_mouth_stretch_1.jpg,0.02894573286175728,0.0838329866528511,0.054887253791093826,8.292112674564123,0.7536305785179138,0.3042123317718506,0.3042123317718506,21.212332999994032,20.97072100002606,real_npy,0,1
834,/mnt/c/Users/Chirayu/Documents/GitHub/2D-to-3D-image-reconstruction/facescape_224/fsmview_trainset_5_16_grin_19.jpg,0.04297039285302162,0.04571683332324028,0.0027464404702186584,8.95957718230784,0.7428174018859863,0.3534547984600067,0.3534547984600067,21.976308000034805,20.639224000035483,real_npy,0,1
835,/mnt/c/Users/Chirayu/Documents/GitHub/2D-to-3D-image-reconstruction/facescape_224/fsmview_trainset_3_4_anger_23.jpg,0.029982903972268105,0.08808525651693344,0.05810235254466534,8.567203473299742,0.7814787030220032,0.33128562569618225,0.33128562569618225,21.430515000020023,19.11072600000807,real_npy,0,1
836,/mnt/c/Users/Chirayu/Documents/GitHub/2D-to-3D-image-reconstruction/facescape_224/fsmview_trainset_13_15_lip_roll_55.jpg,0.07643847912549973,0.09484577924013138,0.018407300114631653,8.228363171219826,0.6906834244728088,0.3074433207511902,0.3074433207511902,23.014982000006512,21.26884199998358,real_npy,0,1
837,/mnt/c/Users/Chirayu/Documents/GitHub/2D-to-3D-image-reconstruction/facescape_224/fsmview_trainset_8_11_chin_raiser_9.jpg,0.045007359236478806,0.04043596610426903,-0.004571393132209778,8.196760140359402,0.6690272092819214,0.22955112159252167,0.22955112159252167,42.39708699998346,32.59954799995057,real_npy,0,1
838,/mnt/c/Users/Chirayu/Documents/GitHub/2D-to-3D-image-reconstruction/facescape_224/fsmview_trainset_5_2_smile_11.jpg,0.23861220479011536,0.8783644437789917,0.6397522389888763,19.915641885250807,1.8393440246582031,0.5780972838401794,0.5780972838401794,20.55285199998025,26.56103900000062,real_npy,0,1
839,/mnt/c/Users/Chirayu/Documents/GitHub/2D-to-3D-image-reconstruction/facescape_224/fsmview_trainset_20_10_dimpler_10.jpg,0.08573133498430252,0.09488553553819656,0.009154200553894043,7.823332168161869,0.6891529560089111,0.570749044418335,0.570749044418335,22.450484999978926,24.060286999997516,real_npy,0,1
840,/mnt/c/Users/Chirayu/Documents/GitHub/2D-to-3D-image-reconstruction/facescape_224/fsmview_trainset_3_20_brow_lower_7.jpg,0.05329153686761856,0.060824744403362274,0.007533207535743713,8.343727376312017,0.7275106906890869,0.2863719165325165,0.2863719165325165,21.402198000032513,23.435923000022285,real_npy,0,1
841,/mnt/c/Users/Chirayu/Documents/GitHub/2D-to-3D-image-reconstruction/facescape_224/fsmview_trainset_4_19_brow_raiser_19.jpg,0.04016445577144623,0.04053783416748047,0.0003733783960342407,9.043255282565951,0.7385708093643188,0.27928292751312256,0.27928292751312256,21.321155999999064,21.585330999982943,real_npy,0,1
842,/mnt/c/Users/Chirayu/Documents/GitHub/2D-to-3D-image-reconstruction/facescape_224/fsmview_trainset_11_7_jaw_forward_28.jpg,0.0835069790482521,0.0824635848402977,-0.0010433942079544067,9.225582852959633,0.732543408870697,0.5489073991775513,0.5489073991775513,24.60801700004822,23.056282999959876,real_npy,0,1
843,/mnt/c/Users/Chirayu/Documents/GitHub/2D-to-3D-image-reconstruction/facescape_224/fsmview_trainset_13_18_eye_closed_45.jpg,0.06839160621166229,0.06974557042121887,0.0013539642095565796,8.499777026474476,0.7036597728729248,0.40348172187805176,0.40348172187805176,21.824296000033883,19.36778599997524,real_npy,0,1
844,/mnt/c/Users/Chirayu/Documents/GitHub/2D-to-3D-image-reconstruction/facescape_224/fsmview_trainset_6_10_dimpler_17.jpg,0.04059988632798195,0.04101629555225372,0.0004164092242717743,8.30253219883889,0.6996347308158875,0.3702225387096405,0.3702225387096405,60.409929000002194,86.81288200000381,real_npy,0,1
845,/mnt/c/Users/Chirayu/Documents/GitHub/2D-to-3D-image-reconstruction/facescape_224/fsmview_trainset_2_4_anger_44.jpg,0.531893789768219,0.49858105182647705,-0.03331273794174194,7.1714445650577545,0.6690457463264465,0.49110960960388184,0.49110960960388184,21.638445999997202,21.975878999967335,real_npy,0,1
846,/mnt/c/Users/Chirayu/Documents/GitHub/2D-to-3D-image-reconstruction/facescape_224/fsmview_trainset_13_6_jaw_right_38.jpg,0.05185790732502937,0.05030784383416176,-0.0015500634908676147,8.085527405142784,0.7147992849349976,0.3451143801212311,0.3451143801212311,19.85541099998045,20.987370000000283,real_npy,0,1
847,/mnt/c/Users/Chirayu/Documents/GitHub/2D-to-3D-image-reconstruction/facescape_224/fsmview_trainset_11_1_neutral_66.jpg,0.2429739385843277,0.2324606031179428,-0.010513335466384888,7.672634556889534,0.6437841057777405,0.5062687397003174,0.5062687397003174,21.551486000021214,34.170344000017394,real_npy,0,1
848,/mnt/c/Users/Chirayu/Documents/GitHub/2D-to-3D-image-reconstruction/facescape_224/fsmview_trainset_17_9_mouth_right_55.jpg,0.06259612739086151,0.06522287428379059,0.002626746892929077,8.579342059791088,0.71354079246521,0.3769940435886383,0.3769940435886383,58.350454999981594,25.740492000011272,real_npy,0,1
849,/mnt/c/Users/Chirayu/Documents/GitHub/2D-to-3D-image-reconstruction/facescape_224/fsmview_trainset_15_14_sadness_34.jpg,0.1647169589996338,0.17956118285655975,0.014844223856925964,7.919119670987129,0.6553730964660645,0.5756279826164246,0.5756279826164246,20.18555799998012,20.392068000035124,real_npy,0,1
850,/mnt/c/Users/Chirayu/Documents/GitHub/2D-to-3D-image-reconstruction/facescape_224/fsmview_trainset_10_19_brow_raiser_32.jpg,0.041689131408929825,0.04369066283106804,0.002001531422138214,7.749917224049568,0.6708999276161194,0.29583609104156494,0.29583609104156494,21.430769999994936,22.670296000001144,real_npy,0,1
851,/mnt/c/Users/Chirayu/Documents/GitHub/2D-to-3D-image-reconstruction/facescape_224/fsmview_trainset_19_5_jaw_left_45.jpg,0.17682933807373047,0.20422211289405823,0.02739277482032776,9.035829643718898,0.8098060488700867,0.3715129792690277,0.3715129792690277,20.40126600002168,19.50875300002508,real_npy,0,1
852,/mnt/c/Users/Chirayu/Documents/GitHub/2D-to-3D-image-reconstruction/facescape_224/fsmview_trainset_7_9_mouth_right_1.jpg,0.05821434408426285,0.059815216809511185,0.0016008727252483368,8.231618590652943,0.7110143899917603,0.41748732328414917,0.41748732328414917,20.978121000041483,20.09772700000667,real_npy,0,1
853,/mnt/c/Users/Chirayu/Documents/GitHub/2D-to-3D-image-reconstruction/facescape_224/fsmview_trainset_17_13_lip_funneler_13.jpg,0.06644868850708008,0.07023505121469498,0.0037863627076148987,8.522276762872934,0.7036733031272888,0.39738038182258606,0.39738038182258606,29.369352000003346,34.85728300000801,real_npy,0,1
854,/mnt/c/Users/Chirayu/Documents/GitHub/2D-to-3D-image-reconstruction/facescape_224/fsmview_trainset_1_7_jaw_forward_41.jpg,0.13133256137371063,0.13195478916168213,0.0006222277879714966,8.1451336145401,0.7545628547668457,0.44199734926223755,0.44199734926223755,41.82119699999021,49.52414100000624,real_npy,0,1
855,/mnt/c/Users/Chirayu/Documents/GitHub/2D-to-3D-image-reconstruction/facescape_224/fsmview_trainset_10_18_eye_closed_55.jpg,0.04834148287773132,0.05064347758889198,0.00230199471116066,8.349486248102039,0.7035744190216064,0.29219305515289307,0.29219305515289307,20.884410000007847,22.20830700002807,real_npy,0,1
856,/mnt/c/Users/Chirayu/Documents/GitHub/2D-to-3D-image-reconstruction/facescape_224/fsmview_trainset_13_9_mouth_right_37.jpg,0.07558102905750275,0.07793702185153961,0.0023559927940368652,8.20983936265111,0.7022324204444885,0.4041873514652252,0.4041873514652252,21.547472000008838,20.86990399999422,real_npy,0,1
857,/mnt/c/Users/Chirayu/Documents/GitHub/2D-to-3D-image-reconstruction/facescape_224/fsmview_trainset_10_5_jaw_left_3.jpg,0.05849579721689224,0.05796036869287491,-0.000535428524017334,7.9243132919073105,0.7206223607063293,0.33603864908218384,0.33603864908218384,20.79161300002852,20.854696000014883,real_npy,0,1
858,/mnt/c/Users/Chirayu/Documents/GitHub/2D-to-3D-image-reconstruction/facescape_224/fsmview_trainset_13_16_grin_3.jpg,0.04444111883640289,0.04422504082322121,-0.0002160780131816864,8.417912781238556,0.6547663807868958,0.43899664282798767,0.43899664282798767,76.21225899998763,21.42865600001187,real_npy,0,1
859,/mnt/c/Users/Chirayu/Documents/GitHub/2D-to-3D-image-reconstruction/facescape_224/fsmview_trainset_15_14_sadness_42.jpg,0.3133353292942047,0.31982651352882385,0.006491184234619141,8.560931779444218,0.7617797255516052,0.49940863251686096,0.49940863251686096,38.434515999995256,30.902919999959977,real_npy,0,1
860,/mnt/c/Users/Chirayu/Documents/GitHub/2D-to-3D-image-reconstruction/facescape_224/fsmview_trainset_17_1_neutral_58.jpg,0.859024703502655,0.866597056388855,0.007572352886199951,6.526450876146555,0.6673195958137512,0.19829216599464417,0.19829216599464417,21.934321000003365,19.557252000026892,real_npy,0,1
861,/mnt/c/Users/Chirayu/Documents/GitHub/2D-to-3D-image-reconstruction/facescape_224/fsmview_trainset_8_6_jaw_right_48.jpg,0.14405426383018494,0.14334239065647125,-0.0007118731737136841,7.682363644242287,0.6897615194320679,0.3030596375465393,0.3030596375465393,48.49969899998996,67.59766499999387,real_npy,0,1
862,/mnt/c/Users/Chirayu/Documents/GitHub/2D-to-3D-image-reconstruction/facescape_224/fsmview_trainset_13_8_mouth_left_32.jpg,0.039259836077690125,0.037868376821279526,-0.0013914592564105988,8.9628990534693,0.7249677181243896,0.4317830204963684,0.4317830204963684,22.144647000004625,20.42084300001079,real_npy,0,1
863,/mnt/c/Users/Chirayu/Documents/GitHub/2D-to-3D-image-reconstruction/facescape_224/fsmview_trainset_14_17_cheek_blowing_18.jpg,0.06935161352157593,0.06698279827833176,-0.002368815243244171,8.007747571915388,0.6688061952590942,0.5182579755783081,0.5182579755783081,20.702260999996724,19.815955000012764,real_npy,0,1
864,/mnt/c/Users/Chirayu/Documents/GitHub/2D-to-3D-image-reconstruction/facescape_224/fsmview_trainset_18_17_cheek_blowing_18.jpg,0.05723912641406059,0.0606774166226387,0.0034382902085781097,9.228638794273138,0.7459022998809814,0.41484832763671875,0.41484832763671875,21.55115699997623,20.58819200004791,real_npy,0,1
865,/mnt/c/Users/Chirayu/Documents/GitHub/2D-to-3D-image-reconstruction/facescape_224/fsmview_trainset_10_11_chin_raiser_44.jpg,0.1323886662721634,0.11763066798448563,-0.014757998287677765,8.26988011598587,0.6887216567993164,0.45228829979896545,0.45228829979896545,24.39446900001485,22.379506999982368,real_npy,0,1
866,/mnt/c/Users/Chirayu/Documents/GitHub/2D-to-3D-image-reconstruction/facescape_224/fsmview_trainset_8_13_lip_funneler_29.jpg,0.05470273643732071,0.057428356260061264,0.002725619822740555,7.951452799141407,0.6892604827880859,0.36754560470581055,0.36754560470581055,22.199597999986054,21.841814000026716,real_npy,0,1
867,/mnt/c/Users/Chirayu/Documents/GitHub/2D-to-3D-image-reconstruction/facescape_224/fsmview_trainset_9_19_brow_raiser_43.jpg,0.12501008808612823,0.12223827093839645,-0.002771817147731781,7.36846785992384,0.6286945343017578,0.4200142025947571,0.4200142025947571,19.746737999980724,20.069279999972878,real_npy,0,1
868,/mnt/c/Users/Chirayu/Documents/GitHub/2D-to-3D-image-reconstruction/facescape_224/fsmview_trainset_8_9_mouth_right_46.jpg,0.05967261642217636,0.0668548047542572,0.007182188332080841,7.9379968121647835,0.7071574330329895,0.33456727862358093,0.33456727862358093,25.570141000002877,111.45566999999801,real_npy,0,1
869,/mnt/c/Users/Chirayu/Documents/GitHub/2D-to-3D-image-reconstruction/facescape_224/fsmview_trainset_17_10_dimpler_1.jpg,0.19259938597679138,0.19674339890480042,0.004144012928009033,9.838207177817822,0.7676576972007751,0.4024462401866913,0.4024462401866913,50.664294999990034,19.35485299998163,real_npy,0,1
870,/mnt/c/Users/Chirayu/Documents/GitHub/2D-to-3D-image-reconstruction/facescape_224/fsmview_trainset_16_19_brow_raiser_37.jpg,0.09112571179866791,0.11307946592569351,0.021953754127025604,9.294439869001508,0.7681728601455688,0.4407002925872803,0.4407002925872803,22.554950000028384,20.768044999954327,real_npy,0,1
871,/mnt/c/Users/Chirayu/Documents/GitHub/2D-to-3D-image-reconstruction/facescape_224/fsmview_trainset_7_7_jaw_forward_31.jpg,0.06437234580516815,0.06836793571710587,0.003995589911937714,8.319911234080791,0.6810301542282104,0.47378891706466675,0.47378891706466675,41.30820599999652,23.33979399998043,real_npy,0,1
872,/mnt/c/Users/Chirayu/Documents/GitHub/2D-to-3D-image-reconstruction/facescape_224/fsmview_trainset_16_14_sadness_17.jpg,0.03685987740755081,0.03756394982337952,0.0007040724158287048,8.280677737668157,0.683069109916687,0.36293739080429077,0.36293739080429077,20.01896800004488,19.044259999986934,real_npy,0,1
873,/mnt/c/Users/Chirayu/Documents/GitHub/2D-to-3D-image-reconstruction/facescape_224/fsmview_trainset_6_7_jaw_forward_24.jpg,0.056714270263910294,0.05755872279405594,0.0008444525301456451,8.546568963676691,0.7076366543769836,0.39124706387519836,0.39124706387519836,60.2346350000289,32.00911700002962,real_npy,0,1
874,/mnt/c/Users/Chirayu/Documents/GitHub/2D-to-3D-image-reconstruction/facescape_224/fsmview_trainset_9_17_cheek_blowing_29.jpg,0.051211610436439514,0.057906243950128555,0.006694633513689041,8.168268643319607,0.703769862651825,0.2719251215457916,0.2719251215457916,21.09258999996655,19.181973000002017,real_npy,0,1
875,/mnt/c/Users/Chirayu/Documents/GitHub/2D-to-3D-image-reconstruction/facescape_224/fsmview_trainset_16_12_lip_puckerer_7.jpg,0.06592828780412674,0.07794550806283951,0.012017220258712769,8.329691041260958,0.6808122992515564,0.2682947516441345,0.2682947516441345,22.151389999976345,24.119808000023113,real_npy,0,1
876,/mnt/c/Users/Chirayu/Documents/GitHub/2D-to-3D-image-reconstruction/facescape_224/fsmview_trainset_7_13_lip_funneler_44.jpg,0.11411811411380768,0.1218685433268547,0.007750429213047028,7.613582126796246,0.6930935978889465,0.5003924369812012,0.5003924369812012,21.431577999976525,22.106082999982846,real_npy,0,1
877,/mnt/c/Users/Chirayu/Documents/GitHub/2D-to-3D-image-reconstruction/facescape_224/fsmview_trainset_13_6_jaw_right_1.jpg,0.04418738931417465,0.0449843667447567,0.0007969774305820465,8.484257781878114,0.7027678489685059,0.41713669896125793,0.41713669896125793,22.866141999998035,19.879637000030925,real_npy,0,1
878,/mnt/c/Users/Chirayu/Documents/GitHub/2D-to-3D-image-reconstruction/facescape_224/fsmview_trainset_17_16_grin_35.jpg,0.057928666472435,0.060183048248291016,0.002254381775856018,8.897194793447852,0.7436229586601257,0.385345458984375,0.385345458984375,22.23094100003209,23.657194000008985,real_npy,0,1
879,/mnt/c/Users/Chirayu/Documents/GitHub/2D-to-3D-image-reconstruction/facescape_224/fsmview_trainset_1_11_chin_raiser_47.jpg,0.19853414595127106,0.19425182044506073,-0.004282325506210327,7.089209523051977,0.6796451210975647,0.3660784661769867,0.3660784661769867,75.52518399995733,67.33064100001229,real_npy,0,1
880,/mnt/c/Users/Chirayu/Documents/GitHub/2D-to-3D-image-reconstruction/facescape_224/fsmview_trainset_9_5_jaw_left_18.jpg,0.04355216026306152,0.04317427799105644,-0.0003778822720050812,8.416889149695635,0.7070773839950562,0.38807329535484314,0.38807329535484314,23.445880999986457,42.273000000022876,real_npy,0,1
881,/mnt/c/Users/Chirayu/Documents/GitHub/2D-to-3D-image-reconstruction/facescape_224/fsmview_trainset_10_2_smile_47.jpg,0.051750533282756805,7.154189109802246,7.102438576519489,56.71642420440912,8.508634567260742,0.33744943141937256,0.33744943141937256,52.1829169999819,24.22511599996824,real_npy,1,1
882,/mnt/c/Users/Chirayu/Documents/GitHub/2D-to-3D-image-reconstruction/facescape_224/fsmview_trainset_8_14_sadness_12.jpg,0.0459592342376709,0.04904932901263237,0.0030900947749614716,8.133943431079388,0.7278040647506714,0.2905504107475281,0.2905504107475281,21.79242200003273,20.938532000002397,real_npy,0,1
883,/mnt/c/Users/Chirayu/Documents/GitHub/2D-to-3D-image-reconstruction/facescape_224/fsmview_trainset_9_15_lip_roll_55.jpg,0.18026213347911835,0.18386508524417877,0.003602951765060425,7.32073488086462,0.645350456237793,0.4276222288608551,0.4276222288608551,20.69747399997368,26.74915699998337,real_npy,0,1
884,/mnt/c/Users/Chirayu/Documents/GitHub/2D-to-3D-image-reconstruction/facescape_224/fsmview_trainset_12_5_jaw_left_16.jpg,0.05008048936724663,0.04671888425946236,-0.0033616051077842712,8.962655672803521,0.7023332118988037,0.47407519817352295,0.47407519817352295,21.389657999975498,20.992059000036534,real_npy,0,1
885,/mnt/c/Users/Chirayu/Documents/GitHub/2D-to-3D-image-reconstruction/facescape_224/fsmview_trainset_3_5_jaw_left_8.jpg,0.042279887944459915,0.03974154591560364,-0.0025383420288562775,8.355911523103714,0.6976299285888672,0.3758045434951782,0.3758045434951782,62.02934999998888,67.92761399998426,real_npy,0,1
886,/mnt/c/Users/Chirayu/Documents/GitHub/2D-to-3D-image-reconstruction/facescape_224/fsmview_trainset_13_3_mouth_stretch_50.jpg,0.04874606058001518,0.048258114606142044,-0.00048794597387313843,7.424415908753872,0.6901536583900452,0.36406028270721436,0.36406028270721436,22.549762000039664,31.964218999974037,real_npy,0,1
887,/mnt/c/Users/Chirayu/Documents/GitHub/2D-to-3D-image-reconstruction/facescape_224/fsmview_trainset_15_3_mouth_stretch_48.jpg,0.21922531723976135,0.2283177673816681,0.009092450141906738,10.261406242847443,0.9175354242324829,0.6327422857284546,0.6327422857284546,23.016900000015994,24.82345499998928,real_npy,0,1
888,/mnt/c/Users/Chirayu/Documents/GitHub/2D-to-3D-image-reconstruction/facescape_224/fsmview_trainset_18_16_grin_26.jpg,0.24055758118629456,0.20979107916355133,-0.030766502022743225,6.327581156045198,0.6053428649902344,0.6018533110618591,0.6018533110618591,21.350533000031646,22.595006000017293,real_npy,0,0
889,/mnt/c/Users/Chirayu/Documents/GitHub/2D-to-3D-image-reconstruction/facescape_224/fsmview_trainset_2_10_dimpler_28.jpg,0.037966515868902206,0.04006216302514076,0.002095647156238556,7.516863947734237,0.6823534369468689,0.28225070238113403,0.28225070238113403,34.37720699997726,41.22143400002187,real_npy,0,1
890,/mnt/c/Users/Chirayu/Documents/GitHub/2D-to-3D-image-reconstruction/facescape_224/fsmview_trainset_11_5_jaw_left_48.jpg,1.0170727968215942,0.8064956665039062,-0.210577130317688,7.889772340655327,0.7253394722938538,0.5680316686630249,0.5680316686630249,60.889664000001176,35.63565900003596,real_npy,0,1
891,/mnt/c/Users/Chirayu/Documents/GitHub/2D-to-3D-image-reconstruction/facescape_224/fsmview_trainset_1_7_jaw_forward_56.jpg,0.09172376245260239,0.9824417233467102,0.8907179608941078,23.442186942324042,2.244676351547241,0.2902890145778656,0.2902890145778656,21.040088999995987,26.048956000011003,real_npy,0,1
892,/mnt/c/Users/Chirayu/Documents/GitHub/2D-to-3D-image-reconstruction/facescape_224/fsmview_trainset_6_20_brow_lower_28.jpg,0.040224552154541016,0.046734437346458435,0.006509885191917419,7.856655526906252,0.6633834838867188,0.22931338846683502,0.22931338846683502,39.067068000008476,19.06919900000048,real_npy,0,1
893,/mnt/c/Users/Chirayu/Documents/GitHub/2D-to-3D-image-reconstruction/facescape_224/fsmview_trainset_20_13_lip_funneler_12.jpg,0.04676792025566101,0.04922414571046829,0.0024562254548072815,8.679634854197502,0.713997483253479,0.38685429096221924,0.38685429096221924,20.272486000010304,21.721154000033494,real_npy,0,1
894,/mnt/c/Users/Chirayu/Documents/GitHub/2D-to-3D-image-reconstruction/facescape_224/fsmview_trainset_13_10_dimpler_10.jpg,0.09298641234636307,0.12473387271165848,0.03174746036529541,9.189454734325409,0.7936209440231323,0.48380428552627563,0.48380428552627563,45.95373899996957,60.10432599998694,real_npy,0,1
895,/mnt/c/Users/Chirayu/Documents/GitHub/2D-to-3D-image-reconstruction/facescape_224/fsmview_trainset_20_10_dimpler_31.jpg,0.03400271385908127,0.031168492510914803,-0.0028342213481664658,7.777375787496567,0.6597378849983215,0.41889169812202454,0.41889169812202454,72.38187500001914,20.170868000036535,real_npy,0,1
896,/mnt/c/Users/Chirayu/Documents/GitHub/2D-to-3D-image-reconstruction/facescape_224/fsmview_trainset_17_11_chin_raiser_7.jpg,0.08099544793367386,0.08744402229785919,0.006448574364185333,9.009550262242556,0.7061667442321777,0.28045907616615295,0.28045907616615295,23.129548999975214,19.55045400001154,real_npy,0,1
897,/mnt/c/Users/Chirayu/Documents/GitHub/2D-to-3D-image-reconstruction/facescape_224/fsmview_trainset_3_19_brow_raiser_42.jpg,0.23904800415039062,0.32214298844337463,0.08309498429298401,7.7895414642989635,0.8047593832015991,0.4571093022823334,0.4571093022823334,21.45640399999138,19.444965000047887,real_npy,0,1
898,/mnt/c/Users/Chirayu/Documents/GitHub/2D-to-3D-image-reconstruction/facescape_224/fsmview_trainset_3_18_eye_closed_53.jpg,0.6607523560523987,0.501092791557312,-0.15965956449508667,7.980514924973249,0.6936497092247009,0.43323349952697754,0.43323349952697754,20.23897499998384,25.59524200000851,real_npy,0,1
899,/mnt/c/Users/Chirayu/Documents/GitHub/2D-to-3D-image-reconstruction/facescape_224/fsmview_trainset_16_1_neutral_29.jpg,0.04991210997104645,0.053001418709754944,0.003089308738708496,7.944966282695532,0.6615683436393738,0.4228871166706085,0.4228871166706085,21.813007999980982,18.868708000013612,real_npy,0,1
900,/mnt/c/Users/Chirayu/Documents/GitHub/2D-to-3D-image-reconstruction/facescape_224/fsmview_trainset_20_14_sadness_6.jpg,0.484686017036438,0.44648995995521545,-0.038196057081222534,6.33124403655529,0.6812523007392883,0.49191734194755554,0.49191734194755554,50.371472999984235,27.940376999993077,template_fallback,0,0
901,/mnt/c/Users/Chirayu/Documents/GitHub/2D-to-3D-image-reconstruction/facescape_224/fsmview_trainset_10_9_mouth_right_37.jpg,0.05654552951455116,0.06839515268802643,0.011849623173475266,8.842868950217962,0.7331254482269287,0.40712857246398926,0.40712857246398926,24.201498000024912,21.435935999988942,real_npy,0,1
902,/mnt/c/Users/Chirayu/Documents/GitHub/2D-to-3D-image-reconstruction/facescape_224/fsmview_trainset_18_18_eye_closed_43.jpg,0.0825345516204834,0.08140614628791809,-0.0011284053325653076,8.071696944534779,0.6526188254356384,0.5030818581581116,0.5030818581581116,19.61734100001422,22.498974000029648,real_npy,0,1
903,/mnt/c/Users/Chirayu/Documents/GitHub/2D-to-3D-image-reconstruction/facescape_224/fsmview_trainset_2_16_grin_45.jpg,1.020858645439148,0.8386150598526001,-0.18224358558654785,6.428879674524069,0.5821263194084167,0.4987034201622009,0.4987034201622009,19.77515900000526,19.63483599996607,real_npy,0,0
904,/mnt/c/Users/Chirayu/Documents/GitHub/2D-to-3D-image-reconstruction/facescape_224/fsmview_trainset_8_5_jaw_left_33.jpg,0.031110962852835655,0.031270742416381836,0.00015977956354618073,7.934982638806105,0.6786428093910217,0.2832782566547394,0.2832782566547394,19.702773999995316,19.38652399996954,real_npy,0,1
905,/mnt/c/Users/Chirayu/Documents/GitHub/2D-to-3D-image-reconstruction/facescape_224/fsmview_trainset_4_7_jaw_forward_2.jpg,0.06296222656965256,0.05615042522549629,-0.006811801344156265,7.616739094257355,0.6852813363075256,0.27488112449645996,0.27488112449645996,20.60719999997218,20.928606999973454,real_npy,0,1
906,/mnt/c/Users/Chirayu/Documents/GitHub/2D-to-3D-image-reconstruction/facescape_224/fsmview_trainset_12_9_mouth_right_52.jpg,0.1235218346118927,0.134823739528656,0.011301904916763306,7.99993459507823,0.680965781211853,0.4912307560443878,0.4912307560443878,22.54251499999782,19.17717700001731,real_npy,0,1
907,/mnt/c/Users/Chirayu/Documents/GitHub/2D-to-3D-image-reconstruction/facescape_224/fsmview_trainset_9_18_eye_closed_42.jpg,0.13873526453971863,0.23594217002391815,0.09720690548419952,6.621830433607101,0.6556415557861328,0.4432443082332611,0.4432443082332611,51.932644999965305,44.63863000000856,real_npy,0,1
908,/mnt/c/Users/Chirayu/Documents/GitHub/2D-to-3D-image-reconstruction/facescape_224/fsmview_trainset_14_2_smile_61.jpg,0.4498027563095093,0.4446479082107544,-0.005154848098754883,7.520353652536869,0.6073905825614929,0.5059278607368469,0.5059278607368469,35.68673699999181,21.533865999970203,real_npy,0,1
909,/mnt/c/Users/Chirayu/Documents/GitHub/2D-to-3D-image-reconstruction/facescape_224/fsmview_trainset_7_8_mouth_left_12.jpg,0.2909314036369324,154.57015991210938,154.27922850847244,240.65294805169106,189.57418823242188,0.2750994563102722,0.2750994563102722,21.347158000025956,21.41880799996443,real_npy,1,1
910,/mnt/c/Users/Chirayu/Documents/GitHub/2D-to-3D-image-reconstruction/facescape_224/fsmview_trainset_2_3_mouth_stretch_36.jpg,0.33563077449798584,0.34768223762512207,0.01205146312713623,7.079342924058437,0.6067845821380615,0.3872579038143158,0.3872579038143158,20.490596000001915,21.37457800000675,real_npy,0,1
911,/mnt/c/Users/Chirayu/Documents/GitHub/2D-to-3D-image-reconstruction/facescape_224/fsmview_trainset_6_18_eye_closed_49.jpg,0.1310461461544037,0.11258042603731155,-0.018465720117092133,7.3700979351997375,0.6434656381607056,0.43022623658180237,0.43022623658180237,19.87996199994768,19.058879999988676,real_npy,0,1
912,/mnt/c/Users/Chirayu/Documents/GitHub/2D-to-3D-image-reconstruction/facescape_224/fsmview_trainset_20_15_lip_roll_14.jpg,0.14223723113536835,0.14679701626300812,0.0045597851276397705,8.140403270721436,0.7015455365180969,0.4812876880168915,0.4812876880168915,20.057753999992656,19.095875999994405,real_npy,0,1
913,/mnt/c/Users/Chirayu/Documents/GitHub/2D-to-3D-image-reconstruction/facescape_224/fsmview_trainset_3_5_jaw_left_23.jpg,0.04488922283053398,0.04574472829699516,0.0008555054664611816,8.29454810731113,0.6716212034225464,0.4426657259464264,0.4426657259464264,19.994784000004984,19.568257000003086,real_npy,0,1
914,/mnt/c/Users/Chirayu/Documents/GitHub/2D-to-3D-image-reconstruction/facescape_224/fsmview_trainset_20_4_anger_66.jpg,0.2587141990661621,0.25717049837112427,-0.0015437006950378418,6.9374312944710255,0.6608984470367432,0.4504334330558777,0.4504334330558777,20.470591000048444,18.98263099997166,real_npy,0,1
915,/mnt/c/Users/Chirayu/Documents/GitHub/2D-to-3D-image-reconstruction/facescape_224/fsmview_trainset_14_11_chin_raiser_60.jpg,0.04022568464279175,0.03928821161389351,-0.0009374730288982391,8.746304329484701,0.752903401851654,0.45520642399787903,0.45520642399787903,21.454831000028207,18.859865999957037,real_npy,0,1
916,/mnt/c/Users/Chirayu/Documents/GitHub/2D-to-3D-image-reconstruction/facescape_224/fsmview_trainset_6_17_cheek_blowing_19.jpg,0.05185222625732422,0.06138316169381142,0.009530935436487198,8.814803820103407,0.7788642644882202,0.3266463279724121,0.3266463279724121,19.919494999953713,32.46754500003135,real_npy,0,1
917,/mnt/c/Users/Chirayu/Documents/GitHub/2D-to-3D-image-reconstruction/facescape_224/fsmview_trainset_17_11_chin_raiser_16.jpg,0.04653582349419594,14.882577896118164,14.836042072623968,86.3197609782219,16.813318252563477,0.31121495366096497,0.31121495366096497,20.692874999951982,20.053634000021248,real_npy,1,1
918,/mnt/c/Users/Chirayu/Documents/GitHub/2D-to-3D-image-reconstruction/facescape_224/fsmview_trainset_12_8_mouth_left_44.jpg,0.043345753103494644,0.04429193213582039,0.0009461790323257446,7.651875481009483,0.6196422576904297,0.46108847856521606,0.46108847856521606,22.295832999986942,27.273559999969166,real_npy,0,1
919,/mnt/c/Users/Chirayu/Documents/GitHub/2D-to-3D-image-reconstruction/facescape_224/fsmview_trainset_13_1_neutral_18.jpg,0.33939114212989807,0.3344261646270752,-0.004964977502822876,7.41424360498786,0.6712760925292969,0.4166359007358551,0.4166359007358551,44.33089899998777,25.026116999981696,real_npy,0,1
920,/mnt/c/Users/Chirayu/Documents/GitHub/2D-to-3D-image-reconstruction/facescape_224/fsmview_trainset_4_9_mouth_right_19.jpg,0.03902839124202728,0.03804939612746239,-0.0009789951145648956,8.980727200396359,0.7289349436759949,0.2760600447654724,0.2760600447654724,91.49246700002323,42.75819800000136,real_npy,0,1
921,/mnt/c/Users/Chirayu/Documents/GitHub/2D-to-3D-image-reconstruction/facescape_224/fsmview_trainset_19_13_lip_funneler_47.jpg,0.0775856301188469,0.07730904966592789,-0.00027658045291900635,8.334542132914066,0.7235999703407288,0.34393393993377686,0.34393393993377686,65.18998900003226,20.180426000024454,real_npy,0,1
922,/mnt/c/Users/Chirayu/Documents/GitHub/2D-to-3D-image-reconstruction/facescape_224/fsmview_trainset_11_12_lip_puckerer_16.jpg,0.054149825125932693,0.06183615326881409,0.007686328142881393,7.843586817383766,0.6529743671417236,0.4807364344596863,0.4807364344596863,22.989949000020715,21.387435999997706,real_npy,0,1
923,/mnt/c/Users/Chirayu/Documents/GitHub/2D-to-3D-image-reconstruction/facescape_224/fsmview_trainset_11_16_grin_61.jpg,0.5364421606063843,0.5270274877548218,-0.0094146728515625,7.286011077463627,0.6600692868232727,0.5014179944992065,0.5014179944992065,20.46943199997031,61.585764000028576,real_npy,0,1
924,/mnt/c/Users/Chirayu/Documents/GitHub/2D-to-3D-image-reconstruction/facescape_224/fsmview_trainset_14_14_sadness_22.jpg,0.041189927607774734,0.04155701771378517,0.000367090106010437,7.377082593739033,0.6107847094535828,0.3925381600856781,0.3925381600856781,53.12747499999659,18.038576000037665,real_npy,0,1
925,/mnt/c/Users/Chirayu/Documents/GitHub/2D-to-3D-image-reconstruction/facescape_224/fsmview_trainset_13_1_neutral_34.jpg,0.31920692324638367,0.34081682562828064,0.021609902381896973,7.460564428940415,0.7132219672203064,0.4506545066833496,0.4506545066833496,44.709565000005114,52.59834599996793,real_npy,0,1
926,/mnt/c/Users/Chirayu/Documents/GitHub/2D-to-3D-image-reconstruction/facescape_224/fsmview_trainset_2_16_grin_50.jpg,0.4397621154785156,0.45787352323532104,0.01811140775680542,7.236655626446009,0.6549140214920044,0.47697651386260986,0.47697651386260986,22.161525999990772,20.257046999972772,template_fallback,0,1
927,/mnt/c/Users/Chirayu/Documents/GitHub/2D-to-3D-image-reconstruction/facescape_224/fsmview_trainset_19_12_lip_puckerer_31.jpg,0.04084060341119766,0.04287096485495567,0.002030361443758011,8.51783399283886,0.6915457248687744,0.28158730268478394,0.28158730268478394,21.473471000035715,19.8275330000115,real_npy,0,1
928,/mnt/c/Users/Chirayu/Documents/GitHub/2D-to-3D-image-reconstruction/facescape_224/fsmview_trainset_4_11_chin_raiser_54.jpg,0.036655623465776443,0.03486331179738045,-0.001792311668395996,8.246868595480919,0.7094768285751343,0.19850708544254303,0.19850708544254303,27.984837999952106,31.667749999996886,real_npy,0,1
929,/mnt/c/Users/Chirayu/Documents/GitHub/2D-to-3D-image-reconstruction/facescape_224/fsmview_trainset_11_7_jaw_forward_17.jpg,0.06372931599617004,0.07654809951782227,0.012818783521652222,8.062315084040165,0.6961649656295776,0.499267041683197,0.499267041683197,23.66953999995758,54.5562850000465,real_npy,0,1
930,/mnt/c/Users/Chirayu/Documents/GitHub/2D-to-3D-image-reconstruction/facescape_224/fsmview_trainset_16_2_smile_56.jpg,0.028613027185201645,0.029715685173869133,0.001102657988667488,7.96925288066268,0.6935511827468872,0.3132737874984741,0.3132737874984741,20.969107999974312,19.952008000018395,real_npy,0,1
931,/mnt/c/Users/Chirayu/Documents/GitHub/2D-to-3D-image-reconstruction/facescape_224/fsmview_trainset_8_2_smile_10.jpg,0.03871466964483261,0.038789961487054825,7.529184222221375e-05,8.541661825031042,0.7206991910934448,0.22912117838859558,0.22912117838859558,53.04263300001821,22.753623000028256,real_npy,0,1
932,/mnt/c/Users/Chirayu/Documents/GitHub/2D-to-3D-image-reconstruction/facescape_224/fsmview_trainset_19_8_mouth_left_24.jpg,0.053194526582956314,0.05611664429306984,0.0029221177101135254,9.158766526263207,0.7699278593063354,0.33367303013801575,0.33367303013801575,26.88175400004411,40.41578800001844,real_npy,0,1
933,/mnt/c/Users/Chirayu/Documents/GitHub/2D-to-3D-image-reconstruction/facescape_224/fsmview_trainset_7_11_chin_raiser_41.jpg,0.08247871696949005,0.08393705636262894,0.0014583393931388855,8.097185373306274,0.6783459782600403,0.5020990967750549,0.5020990967750549,24.510711000004903,21.174431000019922,real_npy,0,1
934,/mnt/c/Users/Chirayu/Documents/GitHub/2D-to-3D-image-reconstruction/facescape_224/fsmview_trainset_10_4_anger_8.jpg,0.03595834970474243,0.03416941687464714,-0.0017889328300952911,7.720145966857672,0.6598238945007324,0.2287251502275467,0.2287251502275467,21.21336599998358,20.038053000007494,real_npy,0,1
935,/mnt/c/Users/Chirayu/Documents/GitHub/2D-to-3D-image-reconstruction/facescape_224/fsmview_trainset_4_16_grin_23.jpg,0.04061846807599068,0.03890525922179222,-0.0017132088541984558,8.622023040428758,0.6970802545547485,0.2976384162902832,0.2976384162902832,21.355604999996558,18.973573000039323,real_npy,0,1
936,/mnt/c/Users/Chirayu/Documents/GitHub/2D-to-3D-image-reconstruction/facescape_224/fsmview_trainset_17_10_dimpler_34.jpg,0.043829645961523056,0.049564335495233536,0.00573468953371048,8.115549663081765,0.669852077960968,0.42465516924858093,0.42465516924858093,19.98506699999325,60.31827699996484,real_npy,0,1
937,/mnt/c/Users/Chirayu/Documents/GitHub/2D-to-3D-image-reconstruction/facescape_224/fsmview_trainset_13_15_lip_roll_32.jpg,0.1454203724861145,1.1093837022781372,0.9639633297920227,23.237572330981493,2.1743009090423584,0.518656313419342,0.518656313419342,59.87588699997559,23.74175200003492,real_npy,0,1
938,/mnt/c/Users/Chirayu/Documents/GitHub/2D-to-3D-image-reconstruction/facescape_224/fsmview_trainset_20_15_lip_roll_29.jpg,0.07607202976942062,0.0852285623550415,0.00915653258562088,8.178085714578629,0.6894326210021973,0.3258541226387024,0.3258541226387024,20.29755899997099,19.08274900000606,real_npy,0,1
939,/mnt/c/Users/Chirayu/Documents/GitHub/2D-to-3D-image-reconstruction/facescape_224/fsmview_trainset_20_1_neutral_47.jpg,0.07365553826093674,0.07031849771738052,-0.0033370405435562134,7.558108277618885,0.7050877213478088,0.4931551218032837,0.4931551218032837,83.63943800003426,20.17364099998531,real_npy,0,1
940,/mnt/c/Users/Chirayu/Documents/GitHub/2D-to-3D-image-reconstruction/facescape_224/fsmview_trainset_7_6_jaw_right_22.jpg,0.03778410702943802,5.697793483734131,5.660009376704693,53.98530784249306,6.976049423217773,0.37488237023353577,0.37488237023353577,43.5560370000303,55.97634200000812,real_npy,1,1
941,/mnt/c/Users/Chirayu/Documents/GitHub/2D-to-3D-image-reconstruction/facescape_224/fsmview_trainset_17_7_jaw_forward_6.jpg,0.05528653413057327,0.4103217124938965,0.3550351783633232,14.519472907297313,1.2878501415252686,0.32014110684394836,0.32014110684394836,27.023826000004192,69.40405599999622,real_npy,0,1
942,/mnt/c/Users/Chirayu/Documents/GitHub/2D-to-3D-image-reconstruction/facescape_224/fsmview_trainset_20_13_lip_funneler_52.jpg,0.5359537601470947,0.5168790221214294,-0.019074738025665283,7.2309196181595325,0.6475816369056702,0.5010544061660767,0.5010544061660767,47.87379700002248,18.89010600001484,real_npy,0,1
943,/mnt/c/Users/Chirayu/Documents/GitHub/2D-to-3D-image-reconstruction/facescape_224/fsmview_trainset_3_6_jaw_right_1.jpg,0.07153942435979843,0.0732206329703331,0.001681208610534668,8.417037516832352,0.7616544961929321,0.41301271319389343,0.41301271319389343,20.218053000007785,47.638435000010304,real_npy,0,1
944,/mnt/c/Users/Chirayu/Documents/GitHub/2D-to-3D-image-reconstruction/facescape_224/fsmview_trainset_13_4_anger_40.jpg,0.0527263842523098,0.05207167565822601,-0.000654708594083786,7.487718872725964,0.6165711283683777,0.42209988832473755,0.42209988832473755,45.36286799998379,22.722191000013936,real_npy,0,1
945,/mnt/c/Users/Chirayu/Documents/GitHub/2D-to-3D-image-reconstruction/facescape_224/fsmview_trainset_6_16_grin_39.jpg,0.07066057622432709,0.0741327777504921,0.0034722015261650085,8.320597782731056,0.7525959014892578,0.3176040053367615,0.3176040053367615,21.617267999999967,19.592113000044264,real_npy,0,1
946,/mnt/c/Users/Chirayu/Documents/GitHub/2D-to-3D-image-reconstruction/facescape_224/fsmview_trainset_17_9_mouth_right_25.jpg,0.03387576714158058,7.125553131103516,7.091677363961935,60.0820202678442,8.396891593933105,0.29532742500305176,0.29532742500305176,58.5237689999758,51.35441199996649,real_npy,1,1
947,/mnt/c/Users/Chirayu/Documents/GitHub/2D-to-3D-image-reconstruction/facescape_224/fsmview_trainset_10_18_eye_closed_25.jpg,0.05928335338830948,0.057825978845357895,-0.0014573745429515839,8.001737959682941,0.7399125695228577,0.4271896779537201,0.4271896779537201,20.068289999983335,19.97152600000618,real_npy,0,1
948,/mnt/c/Users/Chirayu/Documents/GitHub/2D-to-3D-image-reconstruction/facescape_224/fsmview_trainset_20_8_mouth_left_27.jpg,0.03186105564236641,0.031180396676063538,-0.0006806589663028717,7.903982184827328,0.665192723274231,0.48383647203445435,0.48383647203445435,22.41382199997588,21.08800199999905,real_npy,0,1
949,/mnt/c/Users/Chirayu/Documents/GitHub/2D-to-3D-image-reconstruction/facescape_224/fsmview_trainset_12_4_anger_23.jpg,0.1367761641740799,3.39650559425354,3.25972943007946,43.81107617914677,5.335067272186279,0.6197326183319092,0.6197326183319092,23.66062799995916,28.40053900001749,real_npy,1,1
950,/mnt/c/Users/Chirayu/Documents/GitHub/2D-to-3D-image-reconstruction/facescape_224/fsmview_trainset_20_12_lip_puckerer_18.jpg,0.054651569575071335,0.05289313569664955,-0.0017584338784217834,7.926296375691891,0.6363605260848999,0.4915401339530945,0.4915401339530945,72.63689900003101,44.831923000003826,real_npy,0,1
951,/mnt/c/Users/Chirayu/Documents/GitHub/2D-to-3D-image-reconstruction/facescape_224/fsmview_trainset_6_9_mouth_right_17.jpg,0.03897228091955185,0.03961285576224327,0.0006405748426914215,7.769731130450964,0.6771553158760071,0.28097596764564514,0.28097596764564514,20.378808000032222,19.388661999983015,real_npy,0,1
952,/mnt/c/Users/Chirayu/Documents/GitHub/2D-to-3D-image-reconstruction/facescape_224/fsmview_trainset_20_9_mouth_right_65.jpg,0.06578703969717026,0.06459944695234299,-0.0011875927448272705,8.884377727285028,0.843022346496582,0.43904176354408264,0.43904176354408264,37.46577399999751,22.61497399996415,real_npy,0,1
953,/mnt/c/Users/Chirayu/Documents/GitHub/2D-to-3D-image-reconstruction/facescape_224/fsmview_trainset_16_5_jaw_left_33.jpg,0.03529061749577522,0.035432860255241394,0.00014224275946617126,8.14763252902776,0.6763947010040283,0.3744714856147766,0.3744714856147766,19.79501599998912,18.34868999998207,real_npy,0,1
954,/mnt/c/Users/Chirayu/Documents/GitHub/2D-to-3D-image-reconstruction/facescape_224/fsmview_trainset_14_14_sadness_59.jpg,0.04145640507340431,0.04149768128991127,4.127621650695801e-05,7.517228212207556,0.6285508275032043,0.36656105518341064,0.36656105518341064,20.58010500002183,18.120420999991893,real_npy,0,1
955,/mnt/c/Users/Chirayu/Documents/GitHub/2D-to-3D-image-reconstruction/facescape_224/fsmview_trainset_12_14_sadness_36.jpg,0.0542888268828392,0.0533830001950264,-0.0009058266878128052,8.660050235688686,0.7353571653366089,0.3749639093875885,0.3749639093875885,22.795215999963148,19.903984999984914,real_npy,0,1
956,/mnt/c/Users/Chirayu/Documents/GitHub/2D-to-3D-image-reconstruction/facescape_224/fsmview_trainset_4_14_sadness_27.jpg,0.08216621726751328,0.08223406970500946,6.78524374961853e-05,8.19269797205925,0.733393132686615,0.37607255578041077,0.37607255578041077,19.634047000010924,21.008187999996153,real_npy,0,1
957,/mnt/c/Users/Chirayu/Documents/GitHub/2D-to-3D-image-reconstruction/facescape_224/fsmview_trainset_13_19_brow_raiser_39.jpg,0.0694698765873909,0.06305248290300369,-0.006417393684387207,8.957059156149626,0.7308792471885681,0.4763682782649994,0.4763682782649994,22.552960000041367,21.188397999992503,real_npy,0,1
958,/mnt/c/Users/Chirayu/Documents/GitHub/2D-to-3D-image-reconstruction/facescape_224/fsmview_trainset_1_15_lip_roll_16.jpg,0.04199894517660141,0.04161439836025238,-0.00038454681634902954,8.067120593041182,0.6734657287597656,0.2827872633934021,0.2827872633934021,23.984941000037452,22.822970999982317,real_npy,0,1
959,/mnt/c/Users/Chirayu/Documents/GitHub/2D-to-3D-image-reconstruction/facescape_224/fsmview_trainset_18_8_mouth_left_10.jpg,0.03365431725978851,0.03514706343412399,0.0014927461743354797,8.586762119084597,0.6932178735733032,0.3456035852432251,0.3456035852432251,50.075118999984625,44.690731999992295,real_npy,0,1
960,/mnt/c/Users/Chirayu/Documents/GitHub/2D-to-3D-image-reconstruction/facescape_224/fsmview_trainset_4_2_smile_40.jpg,0.166044682264328,0.16479870676994324,-0.0012459754943847656,7.15307130664587,0.6861947774887085,0.5209238529205322,0.5209238529205322,46.09537100003536,53.85942700002033,real_npy,0,1
961,/mnt/c/Users/Chirayu/Documents/GitHub/2D-to-3D-image-reconstruction/facescape_224/fsmview_trainset_17_4_anger_5.jpg,0.05545859783887863,0.05688130110502243,0.0014227032661437988,8.790484761819243,0.7019103765487671,0.37974813580513,0.37974813580513,45.54878900000858,19.968700999982048,real_npy,0,1
962,/mnt/c/Users/Chirayu/Documents/GitHub/2D-to-3D-image-reconstruction/facescape_224/fsmview_trainset_14_8_mouth_left_49.jpg,0.08674723654985428,0.09390147775411606,0.00715424120426178,8.701369069516659,0.7580183744430542,0.5533139109611511,0.5533139109611511,56.35877800000344,22.692135999989205,real_npy,0,1
963,/mnt/c/Users/Chirayu/Documents/GitHub/2D-to-3D-image-reconstruction/facescape_224/fsmview_trainset_18_14_sadness_22.jpg,0.056336451321840286,0.05640648677945137,7.003545761108398e-05,9.002823045477271,0.7380976676940918,0.44459086656570435,0.44459086656570435,21.051478000003954,24.82559200001333,real_npy,0,1
964,/mnt/c/Users/Chirayu/Documents/GitHub/2D-to-3D-image-reconstruction/facescape_224/fsmview_trainset_5_14_sadness_59.jpg,0.5960041284561157,0.6190412044525146,0.023037075996398926,6.895555626600981,0.65757155418396,0.4088655114173889,0.4088655114173889,19.9671290000083,21.28547500001332,real_npy,0,1
965,/mnt/c/Users/Chirayu/Documents/GitHub/2D-to-3D-image-reconstruction/facescape_224/fsmview_trainset_6_13_lip_funneler_12.jpg,0.22084026038646698,0.23228104412555695,0.011440783739089966,7.330165218561888,0.7028557062149048,0.24556733667850494,0.24556733667850494,19.851520999964123,19.0443909999658,real_npy,0,1
966,/mnt/c/Users/Chirayu/Documents/GitHub/2D-to-3D-image-reconstruction/facescape_224/fsmview_trainset_20_12_lip_puckerer_21.jpg,0.2486577332019806,0.2619152367115021,0.013257503509521484,7.685316015034914,0.6442127823829651,0.34944015741348267,0.34944015741348267,22.966725999992832,38.365515999998934,real_npy,0,1
967,/mnt/c/Users/Chirayu/Documents/GitHub/2D-to-3D-image-reconstruction/facescape_224/fsmview_trainset_9_17_cheek_blowing_32.jpg,0.04733359068632126,0.05316031351685524,0.005826722830533981,7.226932771503925,0.6083886027336121,0.3055931329727173,0.3055931329727173,20.207435000031637,18.604140999968877,real_npy,0,1
968,/mnt/c/Users/Chirayu/Documents/GitHub/2D-to-3D-image-reconstruction/facescape_224/fsmview_trainset_13_9_mouth_right_5.jpg,0.059937428683042526,0.060788076370954514,0.0008506476879119873,8.311469830572605,0.681673526763916,0.4544704556465149,0.4544704556465149,22.14272400004802,23.542749999990065,real_npy,0,1
969,/mnt/c/Users/Chirayu/Documents/GitHub/2D-to-3D-image-reconstruction/facescape_224/fsmview_trainset_16_10_dimpler_19.jpg,0.05256761610507965,0.05713703855872154,0.0045694224536418915,9.256725247949362,0.7694374918937683,0.3871486186981201,0.3871486186981201,22.70125000001144,24.033234000000903,real_npy,0,1
970,/mnt/c/Users/Chirayu/Documents/GitHub/2D-to-3D-image-reconstruction/facescape_224/fsmview_trainset_15_15_lip_roll_23.jpg,0.0312088280916214,0.030625931918621063,-0.0005828961730003357,7.072014816105366,0.5701165199279785,0.5456572771072388,0.5456572771072388,32.2123870000155,119.27418300001591,real_npy,0,1
971,/mnt/c/Users/Chirayu/Documents/GitHub/2D-to-3D-image-reconstruction/facescape_224/fsmview_trainset_2_20_brow_lower_25.jpg,0.03248372673988342,0.034822963178157806,0.0023392364382743835,8.075179185718298,0.6681656837463379,0.3580128252506256,0.3580128252506256,34.02425900003436,21.764118000021426,real_npy,0,1
972,/mnt/c/Users/Chirayu/Documents/GitHub/2D-to-3D-image-reconstruction/facescape_224/fsmview_trainset_19_7_jaw_forward_34.jpg,0.04570211470127106,0.04596226289868355,0.00026014819741249084,8.762053910642862,0.7549163103103638,0.3227134644985199,0.3227134644985199,54.59680000001299,53.481718000000456,real_npy,0,1
973,/mnt/c/Users/Chirayu/Documents/GitHub/2D-to-3D-image-reconstruction/facescape_224/fsmview_trainset_18_8_mouth_left_1.jpg,0.03011436015367508,103.89937591552734,103.86926155537367,205.2700498700142,106.63123321533203,0.34701526165008545,0.34701526165008545,31.469425000011597,41.10185900003671,real_npy,1,1
974,/mnt/c/Users/Chirayu/Documents/GitHub/2D-to-3D-image-reconstruction/facescape_224/fsmview_trainset_12_4_anger_18.jpg,0.052074357867240906,0.051721084862947464,-0.00035327300429344177,8.83188496530056,0.7261500954627991,0.5159387588500977,0.5159387588500977,20.8737620000079,20.988783999996485,real_npy,0,1
975,/mnt/c/Users/Chirayu/Documents/GitHub/2D-to-3D-image-reconstruction/facescape_224/fsmview_trainset_13_9_mouth_right_25.jpg,0.04313065856695175,0.05091027542948723,0.007779616862535477,9.058789213187993,0.73892742395401,0.41617411375045776,0.41617411375045776,35.206248999998024,20.237614999985,real_npy,0,1
976,/mnt/c/Users/Chirayu/Documents/GitHub/2D-to-3D-image-reconstruction/facescape_224/fsmview_trainset_20_11_chin_raiser_44.jpg,0.1688014566898346,0.1799696832895279,0.011168226599693298,9.152306096628308,0.7294954061508179,0.3246297836303711,0.3246297836303711,75.45171399999617,37.326199000006,real_npy,0,1
977,/mnt/c/Users/Chirayu/Documents/GitHub/2D-to-3D-image-reconstruction/facescape_224/fsmview_trainset_7_3_mouth_stretch_19.jpg,0.045116860419511795,0.0449548065662384,-0.00016205385327339172,7.978799786418676,0.7502319812774658,0.36540013551712036,0.36540013551712036,21.38362400000915,19.277038999973684,real_npy,0,1
978,/mnt/c/Users/Chirayu/Documents/GitHub/2D-to-3D-image-reconstruction/facescape_224/fsmview_trainset_10_9_mouth_right_6.jpg,0.03876372054219246,0.04162205755710602,0.002858337014913559,7.816956197842956,0.6723415851593018,0.26284080743789673,0.26284080743789673,20.425928000008753,40.00101700000869,real_npy,0,1
979,/mnt/c/Users/Chirayu/Documents/GitHub/2D-to-3D-image-reconstruction/facescape_224/fsmview_trainset_3_17_cheek_blowing_2.jpg,0.08482825011014938,0.08715115487575531,0.0023229047656059265,8.888349756598473,0.7764607667922974,0.4395935535430908,0.4395935535430908,79.80650999996897,33.420336000006046,real_npy,0,1
980,/mnt/c/Users/Chirayu/Documents/GitHub/2D-to-3D-image-reconstruction/facescape_224/fsmview_trainset_19_16_grin_39.jpg,0.5446967482566833,0.4904935657978058,-0.054203182458877563,7.279988143593073,0.7105186581611633,0.3796253204345703,0.3796253204345703,38.71908500002519,20.720174000018687,real_npy,0,1
981,/mnt/c/Users/Chirayu/Documents/GitHub/2D-to-3D-image-reconstruction/facescape_224/fsmview_trainset_11_13_lip_funneler_3.jpg,0.49696025252342224,0.6160784363746643,0.11911818385124207,9.836086773313582,0.866486132144928,0.6385740041732788,0.6385740041732788,20.360578999998324,22.26996000001691,real_npy,0,1
982,/mnt/c/Users/Chirayu/Documents/GitHub/2D-to-3D-image-reconstruction/facescape_224/fsmview_trainset_12_8_mouth_left_43.jpg,0.043888598680496216,0.04805043339729309,0.004161834716796875,7.957748826593161,0.6450992822647095,0.32739436626434326,0.32739436626434326,21.023237999997946,22.190406999982315,real_npy,0,1
983,/mnt/c/Users/Chirayu/Documents/GitHub/2D-to-3D-image-reconstruction/facescape_224/fsmview_trainset_14_12_lip_puckerer_35.jpg,0.043198857456445694,0.04517270624637604,0.0019738487899303436,8.791768013034016,0.7377530932426453,0.5515480637550354,0.5515480637550354,54.59766799998533,102.79325900000913,real_npy,0,1
984,/mnt/c/Users/Chirayu/Documents/GitHub/2D-to-3D-image-reconstruction/facescape_224/fsmview_trainset_17_1_neutral_57.jpg,0.07899763435125351,0.08017894625663757,0.0011813119053840637,8.714821700006723,0.7325610518455505,0.36412185430526733,0.36412185430526733,21.937782000009065,22.24378500000057,real_npy,0,1
985,/mnt/c/Users/Chirayu/Documents/GitHub/2D-to-3D-image-reconstruction/facescape_224/fsmview_trainset_15_3_mouth_stretch_65.jpg,0.05254587158560753,0.05126393586397171,-0.0012819357216358185,8.72817326337099,0.8278945088386536,0.47750476002693176,0.47750476002693176,23.849073999997472,21.86415100004524,real_npy,0,1
986,/mnt/c/Users/Chirayu/Documents/GitHub/2D-to-3D-image-reconstruction/facescape_224/fsmview_trainset_16_20_brow_lower_33.jpg,0.036222733557224274,0.03651021420955658,0.0002874806523323059,8.275049731135368,0.674140214920044,0.37575897574424744,0.37575897574424744,20.179536000000553,18.791304000046694,real_npy,0,1
987,/mnt/c/Users/Chirayu/Documents/GitHub/2D-to-3D-image-reconstruction/facescape_224/fsmview_trainset_1_3_mouth_stretch_55.jpg,0.05647202953696251,0.0660771057009697,0.009605076164007187,8.57530054077506,0.7734043598175049,0.27875593304634094,0.27875593304634094,21.80179700002327,19.064425000010488,real_npy,0,1
988,/mnt/c/Users/Chirayu/Documents/GitHub/2D-to-3D-image-reconstruction/facescape_224/fsmview_trainset_8_1_neutral_16.jpg,0.03383089601993561,0.03498252108693123,0.0011516250669956207,8.034310258924961,0.6729193925857544,0.2440134584903717,0.2440134584903717,32.42586900000788,57.70429400001831,real_npy,0,1
989,/mnt/c/Users/Chirayu/Documents/GitHub/2D-to-3D-image-reconstruction/facescape_224/fsmview_trainset_9_6_jaw_right_17.jpg,0.043909940868616104,0.044334206730127335,0.00042426586151123047,8.492111064493656,0.7101293206214905,0.38517698645591736,0.38517698645591736,27.772398000024623,20.963278000010632,real_npy,0,1
990,/mnt/c/Users/Chirayu/Documents/GitHub/2D-to-3D-image-reconstruction/facescape_224/fsmview_trainset_18_2_smile_38.jpg,0.14920832216739655,0.14129051566123962,-0.007917806506156921,8.758525736629963,0.859769880771637,0.5406137108802795,0.5406137108802795,20.85812400002851,19.938779999961298,real_npy,0,1
991,/mnt/c/Users/Chirayu/Documents/GitHub/2D-to-3D-image-reconstruction/facescape_224/fsmview_trainset_5_11_chin_raiser_49.jpg,0.10032696276903152,0.0976962223649025,-0.0026307404041290283,7.780764956027269,0.6498714685440063,0.44015979766845703,0.44015979766845703,22.338418000003912,33.4169010000096,real_npy,0,1
992,/mnt/c/Users/Chirayu/Documents/GitHub/2D-to-3D-image-reconstruction/facescape_224/fsmview_trainset_8_19_brow_raiser_46.jpg,0.05221401900053024,0.05655201897025108,0.0043379999697208405,8.024207644164562,0.6979768872261047,0.32639431953430176,0.32639431953430176,21.255509000013717,19.83289899999363,real_npy,0,1
993,/mnt/c/Users/Chirayu/Documents/GitHub/2D-to-3D-image-reconstruction/facescape_224/fsmview_trainset_11_18_eye_closed_67.jpg,0.06326518207788467,0.07027044147253036,0.007005259394645691,9.234670283738524,0.7453182935714722,0.4969986379146576,0.4969986379146576,21.91694599997618,31.69418999999607,real_npy,0,1
994,/mnt/c/Users/Chirayu/Documents/GitHub/2D-to-3D-image-reconstruction/facescape_224/fsmview_trainset_8_9_mouth_right_16.jpg,0.0385526642203331,0.03959235921502113,0.001039694994688034,7.8715959042310715,0.6656190156936646,0.23826871812343597,0.23826871812343597,21.06039000000237,54.736330000025646,real_npy,0,1
995,/mnt/c/Users/Chirayu/Documents/GitHub/2D-to-3D-image-reconstruction/facescape_224/fsmview_trainset_10_14_sadness_52.jpg,0.3706652820110321,0.33430758118629456,-0.03635770082473755,6.8571388479322195,0.6695539355278015,0.3911406099796295,0.3911406099796295,21.607436000010694,19.6053380000194,real_npy,0,1
996,/mnt/c/Users/Chirayu/Documents/GitHub/2D-to-3D-image-reconstruction/facescape_224/fsmview_trainset_18_15_lip_roll_33.jpg,0.04513957351446152,0.043203916400671005,-0.001935657113790512,8.54672922194004,0.7098945379257202,0.43040308356285095,0.43040308356285095,20.151412000018354,19.336038999995253,real_npy,0,1
997,/mnt/c/Users/Chirayu/Documents/GitHub/2D-to-3D-image-reconstruction/facescape_224/fsmview_trainset_9_3_mouth_stretch_6.jpg,0.04446020722389221,0.04394723102450371,-0.000512976199388504,7.752840735018253,0.7032405734062195,0.2605609893798828,0.2605609893798828,20.10651699998789,19.396545000006427,real_npy,0,1
998,/mnt/c/Users/Chirayu/Documents/GitHub/2D-to-3D-image-reconstruction/facescape_224/fsmview_trainset_10_3_mouth_stretch_13.jpg,0.13290204107761383,0.12773653864860535,-0.005165502429008484,7.277505449950695,0.6882066130638123,0.46673256158828735,0.46673256158828735,19.610936999981732,43.114938999963215,real_npy,0,1
999,/mnt/c/Users/Chirayu/Documents/GitHub/2D-to-3D-image-reconstruction/facescape_224/fsmview_trainset_18_8_mouth_left_13.jpg,0.2212355136871338,0.22036930918693542,-0.0008662045001983643,7.600138776004314,0.6124990582466125,0.5979489684104919,0.5979489684104919,41.05443999998215,57.88153000003149,real_npy,0,1
