idx,image_path,baseline_lmk_err,finetuned_lmk_err,lmk_err_delta_ft_minus_base,finetuned_cam_score,finetuned_lmk_abs_max,baseline_photo_l1,finetuned_photo_l1,baseline_runtime_ms,finetuned_runtime_ms,landmark_target_source,is_failure,hybrid_selective_fallback
0,/mnt/c/Users/Chirayu/Documents/GitHub/2D-to-3D-image-reconstruction/facescape_224/fsmview_trainset_11_1_neutral_25.jpg,0.039629340171813965,21.695695877075195,21.65606653690338,95.13900992274284,22.756738662719727,0.5376215577125549,0.5376215577125549,nan,nan,real_npy,1,1
1,/mnt/c/Users/Chirayu/Documents/GitHub/2D-to-3D-image-reconstruction/facescape_224/fsmview_trainset_16_6_jaw_right_42.jpg,0.08873479813337326,0.09600904583930969,0.007274247705936432,7.243834264576435,0.6831311583518982,0.44511547684669495,0.44511547684669495,nan,nan,real_npy,0,1
2,/mnt/c/Users/Chirayu/Documents/GitHub/2D-to-3D-image-reconstruction/facescape_224/fsmview_trainset_7_2_smile_1.jpg,0.05356009304523468,0.05157991871237755,-0.001980174332857132,8.282746508717537,0.7087438702583313,0.42115887999534607,0.42115887999534607,nan,nan,real_npy,0,1
3,/mnt/c/Users/Chirayu/Documents/GitHub/2D-to-3D-image-reconstruction/facescape_224/fsmview_trainset_7_2_smile_35.jpg,0.04712561517953873,0.30992361903190613,0.2627980038523674,11.23156919516623,1.0495078563690186,0.4215160310268402,0.4215160310268402,nan,nan,real_npy,0,1
4,/mnt/c/Users/Chirayu/Documents/GitHub/2D-to-3D-image-reconstruction/facescape_224/fsmview_trainset_17_9_mouth_right_9.jpg,0.05628180503845215,0.06093068793416023,0.004648882895708084,8.558251827955246,0.6744886040687561,0.3694095313549042,0.3694095313549042,nan,nan,real_npy,0,1
5,/mnt/c/Users/Chirayu/Documents/GitHub/2D-to-3D-image-reconstruction/facescape_224/fsmview_trainset_4_18_eye_closed_19.jpg,0.04529610276222229,0.046351585537195206,0.0010554827749729156,9.118547523394227,0.7420380711555481,0.2790377140045166,0.2790377140045166,22.025609000024815,21.48014400000875,real_npy,0,1
6,/mnt/c/Users/Chirayu/Documents/GitHub/2D-to-3D-image-reconstruction/facescape_224/fsmview_trainset_8_17_cheek_blowing_52.jpg,0.21303969621658325,0.21230091154575348,-0.000738784670829773,6.3125643618404865,0.6173675060272217,0.37326133251190186,0.37326133251190186,20.65937899999426,20.869973000003483,real_npy,0,0
7,/mnt/c/Users/Chirayu/Documents/GitHub/2D-to-3D-image-reconstruction/facescape_224/fsmview_trainset_19_15_lip_roll_49.jpg,0.7415476441383362,0.5848129391670227,-0.15673470497131348,8.85266619361937,0.7431588172912598,0.37162894010543823,0.37162894010543823,22.911593999992874,23.14654999997856,real_npy,0,1
8,/mnt/c/Users/Chirayu/Documents/GitHub/2D-to-3D-image-reconstruction/facescape_224/fsmview_trainset_7_5_jaw_left_47.jpg,0.06633014976978302,0.0831691324710846,0.016838982701301575,9.480017595924437,0.8201088309288025,0.4808140993118286,0.4808140993118286,20.772050999994462,19.577138999977706,real_npy,0,1
9,/mnt/c/Users/Chirayu/Documents/GitHub/2D-to-3D-image-reconstruction/facescape_224/fsmview_trainset_2_20_brow_lower_7.jpg,0.22607111930847168,0.19840377569198608,-0.027667343616485596,8.746046368032694,0.7068782448768616,0.37762635946273804,0.37762635946273804,22.244740000019192,21.806115000003956,real_npy,0,1
10,/mnt/c/Users/Chirayu/Documents/GitHub/2D-to-3D-image-reconstruction/facescape_224/fsmview_trainset_13_16_grin_2.jpg,0.2161371409893036,0.22270245850086212,0.006565317511558533,6.898596838116646,0.6129036545753479,0.43702012300491333,0.43702012300491333,23.702872999990632,34.51466899997513,real_npy,0,1
11,/mnt/c/Users/Chirayu/Documents/GitHub/2D-to-3D-image-reconstruction/facescape_224/fsmview_trainset_1_10_dimpler_23.jpg,0.041084516793489456,0.03887553885579109,-0.0022089779376983643,8.4886340983212,0.7117559909820557,0.3632708191871643,0.3632708191871643,25.91363000004776,22.49488399996835,real_npy,0,1
12,/mnt/c/Users/Chirayu/Documents/GitHub/2D-to-3D-image-reconstruction/facescape_224/fsmview_trainset_20_13_lip_funneler_46.jpg,0.1270504891872406,0.15925036370754242,0.03219987452030182,7.559457760304213,0.6527705192565918,0.5959072709083557,0.5959072709083557,24.283483000033357,19.567194000046584,real_npy,0,1
13,/mnt/c/Users/Chirayu/Documents/GitHub/2D-to-3D-image-reconstruction/facescape_224/fsmview_trainset_10_19_brow_raiser_7.jpg,0.041759394109249115,0.04433443397283554,0.0025750398635864258,7.7912702932953835,0.674072265625,0.22483651340007782,0.22483651340007782,26.223905999984254,22.58364200002916,real_npy,0,1
14,/mnt/c/Users/Chirayu/Documents/GitHub/2D-to-3D-image-reconstruction/facescape_224/fsmview_trainset_4_18_eye_closed_29.jpg,0.07103997468948364,0.0734768882393837,0.002436913549900055,8.27695882320404,0.6961351633071899,0.33427050709724426,0.33427050709724426,24.687733999996908,23.183806000020013,real_npy,0,1
15,/mnt/c/Users/Chirayu/Documents/GitHub/2D-to-3D-image-reconstruction/facescape_224/fsmview_trainset_19_10_dimpler_6.jpg,0.0546058714389801,0.05347941815853119,-0.0011264532804489136,8.967051154002547,0.7375433444976807,0.28018832206726074,0.28018832206726074,22.386401999995087,20.086025000011887,real_npy,0,1
16,/mnt/c/Users/Chirayu/Documents/GitHub/2D-to-3D-image-reconstruction/facescape_224/fsmview_trainset_7_12_lip_puckerer_40.jpg,0.18340130150318146,0.20616041123867035,0.02275910973548889,7.233681492507458,0.6507875919342041,0.45004504919052124,0.45004504919052124,21.790651000003436,19.6069080000143,real_npy,0,1
17,/mnt/c/Users/Chirayu/Documents/GitHub/2D-to-3D-image-reconstruction/facescape_224/fsmview_trainset_4_7_jaw_forward_36.jpg,0.04510977864265442,0.04732125625014305,0.002211477607488632,7.502639181911945,0.6589902639389038,0.3089570999145508,0.3089570999145508,20.756675000029645,22.478186000000733,real_npy,0,1
18,/mnt/c/Users/Chirayu/Documents/GitHub/2D-to-3D-image-reconstruction/facescape_224/fsmview_trainset_6_14_sadness_1.jpg,0.07469919323921204,0.07524218410253525,0.0005429908633232117,7.998118527233601,0.7377324104309082,0.3671760559082031,0.3671760559082031,22.788275999971574,52.42788499998596,real_npy,0,1
19,/mnt/c/Users/Chirayu/Documents/GitHub/2D-to-3D-image-reconstruction/facescape_224/fsmview_trainset_5_19_brow_raiser_56.jpg,0.06225888058543205,0.059809327125549316,-0.002449553459882736,8.613487593829632,0.7492383122444153,0.399122953414917,0.399122953414917,24.279771999999866,22.71234199997707,real_npy,0,1
20,/mnt/c/Users/Chirayu/Documents/GitHub/2D-to-3D-image-reconstruction/facescape_224/fsmview_trainset_5_18_eye_closed_29.jpg,0.0783952847123146,0.08778195083141327,0.009386666119098663,8.651909250766039,0.716899037361145,0.29963529109954834,0.29963529109954834,58.83053299999119,20.751863999976194,real_npy,0,1
21,/mnt/c/Users/Chirayu/Documents/GitHub/2D-to-3D-image-reconstruction/facescape_224/fsmview_trainset_1_13_lip_funneler_41.jpg,0.11615441739559174,0.10912847518920898,-0.0070259422063827515,8.371756635606289,0.7917898297309875,0.4520139992237091,0.4520139992237091,23.954747999994197,19.608824000044933,real_npy,0,1
22,/mnt/c/Users/Chirayu/Documents/GitHub/2D-to-3D-image-reconstruction/facescape_224/fsmview_trainset_19_10_dimpler_38.jpg,0.5947054028511047,0.5138595700263977,-0.08084583282470703,7.587805233895779,0.7321106791496277,0.38551872968673706,0.38551872968673706,66.16375900000548,19.584140999995725,real_npy,0,1
23,/mnt/c/Users/Chirayu/Documents/GitHub/2D-to-3D-image-reconstruction/facescape_224/fsmview_trainset_20_7_jaw_forward_31.jpg,0.038401372730731964,0.033131878823041916,-0.005269493907690048,7.910228908061981,0.6561774015426636,0.4458387494087219,0.4458387494087219,20.078647999980603,20.316383000022142,real_npy,0,1
24,/mnt/c/Users/Chirayu/Documents/GitHub/2D-to-3D-image-reconstruction/facescape_224/fsmview_trainset_9_2_smile_19.jpg,0.054400473833084106,0.05821903422474861,0.003818560391664505,9.209884721785784,0.7489627599716187,0.3864700496196747,0.3864700496196747,80.9386360000417,25.50436600000694,real_npy,0,1
25,/mnt/c/Users/Chirayu/Documents/GitHub/2D-to-3D-image-reconstruction/facescape_224/fsmview_trainset_19_2_smile_32.jpg,0.15338416397571564,0.1637631058692932,0.010378941893577576,7.585773978382349,0.7155003547668457,0.2019471824169159,0.2019471824169159,117.80756100000644,21.906934999947225,real_npy,0,1
26,/mnt/c/Users/Chirayu/Documents/GitHub/2D-to-3D-image-reconstruction/facescape_224/fsmview_trainset_19_8_mouth_left_22.jpg,0.06423905491828918,0.06776446849107742,0.0035254135727882385,9.64332646690309,0.7937982082366943,0.36723706126213074,0.36723706126213074,19.78650099999868,20.434475999991264,real_npy,0,1
27,/mnt/c/Users/Chirayu/Documents/GitHub/2D-to-3D-image-reconstruction/facescape_224/fsmview_trainset_8_7_jaw_forward_0.jpg,0.10142119973897934,0.11285673081874847,0.011435531079769135,8.055289827287197,0.7102187275886536,0.2726958394050598,0.2726958394050598,19.595360999971945,45.414667999978064,real_npy,0,1
28,/mnt/c/Users/Chirayu/Documents/GitHub/2D-to-3D-image-reconstruction/facescape_224/fsmview_trainset_5_3_mouth_stretch_33.jpg,0.04548955708742142,0.044767897576093674,-0.0007216595113277435,7.765332467854023,0.746664822101593,0.43496018648147583,0.43496018648147583,22.434180000004744,21.08101099997839,real_npy,0,1
29,/mnt/c/Users/Chirayu/Documents/GitHub/2D-to-3D-image-reconstruction/facescape_224/fsmview_trainset_14_19_brow_raiser_46.jpg,0.16879768669605255,0.17304058372974396,0.004242897033691406,8.802827283740044,0.6740405559539795,0.6399165987968445,0.6399165987968445,54.41808799997716,24.136510000005273,real_npy,0,1
30,/mnt/c/Users/Chirayu/Documents/GitHub/2D-to-3D-image-reconstruction/facescape_224/fsmview_trainset_3_7_jaw_forward_29.jpg,0.04072039946913719,0.04956453666090965,0.008844137191772461,8.268453799188137,0.7165805101394653,0.28798985481262207,0.28798985481262207,50.95892700001059,25.716594000016357,real_npy,0,1
31,/mnt/c/Users/Chirayu/Documents/GitHub/2D-to-3D-image-reconstruction/facescape_224/fsmview_trainset_5_5_jaw_left_58.jpg,0.6693092584609985,0.776654064655304,0.10734480619430542,7.849052898585796,0.7628864645957947,0.455867201089859,0.455867201089859,42.616137999971215,31.149910999999975,real_npy,0,1
32,/mnt/c/Users/Chirayu/Documents/GitHub/2D-to-3D-image-reconstruction/facescape_224/fsmview_trainset_4_17_cheek_blowing_43.jpg,0.028805723413825035,0.02919911965727806,0.0003933962434530258,7.661330696195364,0.6362693905830383,0.19434833526611328,0.19434833526611328,19.84597300003088,66.60729700001866,real_npy,0,1
33,/mnt/c/Users/Chirayu/Documents/GitHub/2D-to-3D-image-reconstruction/facescape_224/fsmview_trainset_8_20_brow_lower_3.jpg,0.05248482897877693,0.05563143268227577,0.0031466037034988403,8.052827060222626,0.7338283061981201,0.2932663559913635,0.2932663559913635,20.16275700003689,20.39132699997026,real_npy,0,1
34,/mnt/c/Users/Chirayu/Documents/GitHub/2D-to-3D-image-reconstruction/facescape_224/fsmview_trainset_14_12_lip_puckerer_44.jpg,0.07057441025972366,0.07166437804698944,0.0010899677872657776,8.676875665783882,0.6992483735084534,0.3573296368122101,0.3573296368122101,20.63153799997508,21.1123569999927,real_npy,0,1
35,/mnt/c/Users/Chirayu/Documents/GitHub/2D-to-3D-image-reconstruction/facescape_224/fsmview_trainset_11_13_lip_funneler_14.jpg,0.19384975731372833,0.22034701704978943,0.026497259736061096,7.824253663420677,0.6653422117233276,0.5636483430862427,0.5636483430862427,21.373664000009285,20.903385999986313,real_npy,0,1
36,/mnt/c/Users/Chirayu/Documents/GitHub/2D-to-3D-image-reconstruction/facescape_224/fsmview_trainset_11_16_grin_60.jpg,0.04120749980211258,5.9709625244140625,5.92975502461195,52.0353499725461,6.862916946411133,0.5149634480476379,0.5149634480476379,57.36255900001197,27.068477999989682,real_npy,1,1
37,/mnt/c/Users/Chirayu/Documents/GitHub/2D-to-3D-image-reconstruction/facescape_224/fsmview_trainset_9_17_cheek_blowing_28.jpg,0.04106604680418968,0.040652014315128326,-0.0004140324890613556,7.637729130685329,0.6594927310943604,0.25688207149505615,0.25688207149505615,35.340072999986205,22.822969999992893,real_npy,0,1
38,/mnt/c/Users/Chirayu/Documents/GitHub/2D-to-3D-image-reconstruction/facescape_224/fsmview_trainset_5_13_lip_funneler_56.jpg,0.06695010513067245,0.06550094485282898,-0.0014491602778434753,8.419305194169283,0.72210693359375,0.43158015608787537,0.43158015608787537,45.131525999977384,32.39430799999354,real_npy,0,1
39,/mnt/c/Users/Chirayu/Documents/GitHub/2D-to-3D-image-reconstruction/facescape_224/fsmview_trainset_2_12_lip_puckerer_31.jpg,0.10847010463476181,0.11379142850637436,0.005321323871612549,8.409105945378542,0.6590681076049805,0.4569994807243347,0.4569994807243347,44.124274000012065,21.93822200001705,real_npy,0,1
40,/mnt/c/Users/Chirayu/Documents/GitHub/2D-to-3D-image-reconstruction/facescape_224/fsmview_trainset_5_19_brow_raiser_34.jpg,0.04457426071166992,6.618213653564453,6.573639392852783,51.49244161695242,7.842081546783447,0.43452566862106323,0.43452566862106323,21.39884000001757,28.569855999990068,real_npy,1,1
41,/mnt/c/Users/Chirayu/Documents/GitHub/2D-to-3D-image-reconstruction/facescape_224/fsmview_trainset_15_9_mouth_right_19.jpg,0.07193263620138168,0.08445350080728531,0.012520864605903625,8.10582266561687,0.6853291988372803,0.5738368630409241,0.5738368630409241,57.62174199998071,21.051155000009203,real_npy,0,1
42,/mnt/c/Users/Chirayu/Documents/GitHub/2D-to-3D-image-reconstruction/facescape_224/fsmview_trainset_14_16_grin_63.jpg,0.0362587533891201,0.032856523990631104,-0.0034022293984889984,7.8351124450564384,0.7006955146789551,0.3643465042114258,0.3643465042114258,39.49765199996591,21.255879999955596,real_npy,0,1
43,/mnt/c/Users/Chirayu/Documents/GitHub/2D-to-3D-image-reconstruction/facescape_224/fsmview_trainset_20_12_lip_puckerer_13.jpg,0.056990377604961395,0.05660158023238182,-0.0003887973725795746,8.995605323463678,0.7326112985610962,0.3965231776237488,0.3965231776237488,20.15708099997937,21.881008999969254,real_npy,0,1
44,/mnt/c/Users/Chirayu/Documents/GitHub/2D-to-3D-image-reconstruction/facescape_224/fsmview_trainset_6_9_mouth_right_32.jpg,0.04959630221128464,0.05156470835208893,0.0019684061408042908,7.844391718506813,0.6494607925415039,0.2980691194534302,0.2980691194534302,20.158304000005955,19.612356000038744,real_npy,0,1
45,/mnt/c/Users/Chirayu/Documents/GitHub/2D-to-3D-image-reconstruction/facescape_224/fsmview_trainset_1_15_lip_roll_29.jpg,0.07381544262170792,0.09175512194633484,0.017939679324626923,8.08472117036581,0.6705312728881836,0.42207491397857666,0.42207491397857666,22.757041999966532,20.452952000027835,real_npy,0,1
46,/mnt/c/Users/Chirayu/Documents/GitHub/2D-to-3D-image-reconstruction/facescape_224/fsmview_trainset_20_16_grin_29.jpg,0.14049847424030304,0.22677543759346008,0.08627696335315704,7.362459184601903,0.6436120271682739,0.34527483582496643,0.34527483582496643,20.061186999953406,30.150587999969503,real_npy,0,1
47,/mnt/c/Users/Chirayu/Documents/GitHub/2D-to-3D-image-reconstruction/facescape_224/fsmview_trainset_20_7_jaw_forward_64.jpg,0.29492315649986267,0.2957553267478943,0.0008321702480316162,7.530565924942493,0.707401692867279,0.45648670196533203,0.45648670196533203,19.997888999967017,21.525979999978517,real_npy,0,1
48,/mnt/c/Users/Chirayu/Documents/GitHub/2D-to-3D-image-reconstruction/facescape_224/fsmview_trainset_12_8_mouth_left_29.jpg,0.048428162932395935,0.045195262879133224,-0.0032329000532627106,8.52516769245267,0.7088719606399536,0.4136093556880951,0.4136093556880951,24.568890000011834,22.9749900000229,real_npy,0,1
49,/mnt/c/Users/Chirayu/Documents/GitHub/2D-to-3D-image-reconstruction/facescape_224/fsmview_trainset_13_7_jaw_forward_44.jpg,0.042115919291973114,0.04711095616221428,0.004995036870241165,8.690037831664085,0.7471573352813721,0.3258798122406006,0.3258798122406006,23.576044999970236,22.663851000004342,real_npy,0,1
50,/mnt/c/Users/Chirayu/Documents/GitHub/2D-to-3D-image-reconstruction/facescape_224/fsmview_trainset_13_20_brow_lower_47.jpg,0.05327817425131798,0.0598386749625206,0.0065605007112026215,7.9614730179309845,0.6575912833213806,0.4178984761238098,0.4178984761238098,23.298495000005914,19.16308500000241,real_npy,0,1
51,/mnt/c/Users/Chirayu/Documents/GitHub/2D-to-3D-image-reconstruction/facescape_224/fsmview_trainset_18_18_eye_closed_42.jpg,0.034867238253355026,0.035122111439704895,0.0002548731863498688,7.927923992276192,0.6513910293579102,0.32483065128326416,0.32483065128326416,20.005242000024737,19.769988999996713,real_npy,0,1
52,/mnt/c/Users/Chirayu/Documents/GitHub/2D-to-3D-image-reconstruction/facescape_224/fsmview_trainset_6_4_anger_40.jpg,0.24717919528484344,0.2973880469799042,0.05020885169506073,7.012065559625626,0.699758768081665,0.39704859256744385,0.39704859256744385,20.593520000034005,56.212302999995245,real_npy,0,1
53,/mnt/c/Users/Chirayu/Documents/GitHub/2D-to-3D-image-reconstruction/facescape_224/fsmview_trainset_3_3_mouth_stretch_21.jpg,0.03201654925942421,0.03407832235097885,0.0020617730915546417,7.936025787144899,0.7222594022750854,0.32566893100738525,0.32566893100738525,21.493171000031452,21.537362000003668,real_npy,0,1
54,/mnt/c/Users/Chirayu/Documents/GitHub/2D-to-3D-image-reconstruction/facescape_224/fsmview_trainset_5_16_grin_32.jpg,0.05919598042964935,0.06583455204963684,0.006638571619987488,7.933908745646477,0.691571831703186,0.327193021774292,0.327193021774292,21.09846100000823,20.1688789999821,real_npy,0,1
55,/mnt/c/Users/Chirayu/Documents/GitHub/2D-to-3D-image-reconstruction/facescape_224/fsmview_trainset_20_3_mouth_stretch_47.jpg,0.13396355509757996,0.5572242736816406,0.42326071858406067,15.409881070256233,1.5517760515213013,0.6468546390533447,0.6468546390533447,19.747767000012573,22.230245000002924,real_npy,0,1
56,/mnt/c/Users/Chirayu/Documents/GitHub/2D-to-3D-image-reconstruction/facescape_224/fsmview_trainset_12_13_lip_funneler_27.jpg,0.0733419880270958,0.07528717070817947,0.0019451826810836792,9.091820558533072,0.7797314524650574,0.5505934357643127,0.5505934357643127,20.036326999957055,30.734711999969022,real_npy,0,1
57,/mnt/c/Users/Chirayu/Documents/GitHub/2D-to-3D-image-reconstruction/facescape_224/fsmview_trainset_18_3_mouth_stretch_9.jpg,0.04391513764858246,0.04383791983127594,-7.721781730651855e-05,8.220297738909721,0.7475859522819519,0.32537931203842163,0.32537931203842163,23.28345200004378,43.39435600002162,real_npy,0,1
58,/mnt/c/Users/Chirayu/Documents/GitHub/2D-to-3D-image-reconstruction/facescape_224/fsmview_trainset_9_3_mouth_stretch_2.jpg,0.06887559592723846,0.08012320101261139,0.011247605085372925,8.257571622729301,0.7534216642379761,0.3780031204223633,0.3780031204223633,23.223238000014135,21.736887000031402,real_npy,0,1
59,/mnt/c/Users/Chirayu/Documents/GitHub/2D-to-3D-image-reconstruction/facescape_224/fsmview_trainset_20_10_dimpler_26.jpg,0.05275649577379227,0.060675621032714844,0.007919125258922577,8.155362874269485,0.7183336615562439,0.4767512381076813,0.4767512381076813,20.99069299998746,20.88116199996648,real_npy,0,1
60,/mnt/c/Users/Chirayu/Documents/GitHub/2D-to-3D-image-reconstruction/facescape_224/fsmview_trainset_15_6_jaw_right_42.jpg,0.044815052300691605,0.047315701842308044,0.00250064954161644,8.266153201460838,0.7005183100700378,0.567866861820221,0.567866861820221,19.96979000000465,18.740515999979834,real_npy,0,1
61,/mnt/c/Users/Chirayu/Documents/GitHub/2D-to-3D-image-reconstruction/facescape_224/fsmview_trainset_7_11_chin_raiser_8.jpg,0.045124731957912445,59.21713638305664,59.17201165109873,149.40610989928246,61.78554153442383,0.3839183747768402,0.3839183747768402,24.180835000038314,19.78074999999535,real_npy,1,1
62,/mnt/c/Users/Chirayu/Documents/GitHub/2D-to-3D-image-reconstruction/facescape_224/fsmview_trainset_7_17_cheek_blowing_27.jpg,0.059851765632629395,0.07315386086702347,0.013302095234394073,8.42542751133442,0.6872971653938293,0.32437363266944885,0.32437363266944885,64.38908900003071,20.806803999960266,real_npy,0,1
63,/mnt/c/Users/Chirayu/Documents/GitHub/2D-to-3D-image-reconstruction/facescape_224/fsmview_trainset_11_1_neutral_19.jpg,0.06912814825773239,0.07315187901258469,0.004023730754852295,8.90381989069283,0.7195093631744385,0.535876452922821,0.535876452922821,24.37567399999807,20.5466040000033,real_npy,0,1
64,/mnt/c/Users/Chirayu/Documents/GitHub/2D-to-3D-image-reconstruction/facescape_224/fsmview_trainset_2_11_chin_raiser_8.jpg,0.051240116357803345,0.11623957008123398,0.06499945372343063,9.22548889555037,0.7710800170898438,0.46240171790122986,0.46240171790122986,20.280603999992763,20.249943999999687,real_npy,0,1
65,/mnt/c/Users/Chirayu/Documents/GitHub/2D-to-3D-image-reconstruction/facescape_224/fsmview_trainset_11_16_grin_59.jpg,0.07834737747907639,0.10244858264923096,0.02410120517015457,8.098901100456715,0.6908207535743713,0.415808767080307,0.415808767080307,32.86766999997326,29.25752900000589,real_npy,0,1
66,/mnt/c/Users/Chirayu/Documents/GitHub/2D-to-3D-image-reconstruction/facescape_224/fsmview_trainset_20_12_lip_puckerer_24.jpg,0.03806951642036438,0.03963814675807953,0.001568630337715149,7.884498853236437,0.6459301114082336,0.4573996365070343,0.4573996365070343,26.473480000049676,22.13733799999318,real_npy,0,1
67,/mnt/c/Users/Chirayu/Documents/GitHub/2D-to-3D-image-reconstruction/facescape_224/fsmview_trainset_2_13_lip_funneler_38.jpg,0.08479020744562149,0.09739262610673904,0.012602418661117554,8.060348641127348,0.715256929397583,0.3879821002483368,0.3879821002483368,20.27373099997476,20.70059999999785,real_npy,0,1
68,/mnt/c/Users/Chirayu/Documents/GitHub/2D-to-3D-image-reconstruction/facescape_224/fsmview_trainset_8_7_jaw_forward_33.jpg,0.033442407846450806,1.3932451009750366,1.3598026931285858,25.329554276540875,2.44655704498291,0.28824177384376526,0.28824177384376526,46.59150999998474,32.61805699997922,real_npy,0,1
69,/mnt/c/Users/Chirayu/Documents/GitHub/2D-to-3D-image-reconstruction/facescape_224/fsmview_trainset_9_3_mouth_stretch_23.jpg,0.046125490218400955,0.04954453930258751,0.003419049084186554,7.411688216030598,0.7305942177772522,0.2986826002597809,0.2986826002597809,19.78849500000024,18.67304699999295,real_npy,0,1
70,/mnt/c/Users/Chirayu/Documents/GitHub/2D-to-3D-image-reconstruction/facescape_224/fsmview_trainset_14_10_dimpler_6.jpg,0.23102934658527374,0.4701836407184601,0.23915429413318634,8.06703756377101,0.847308874130249,0.5996689200401306,0.5996689200401306,20.21677099997987,38.513292999994064,real_npy,0,1
71,/mnt/c/Users/Chirayu/Documents/GitHub/2D-to-3D-image-reconstruction/facescape_224/fsmview_trainset_3_10_dimpler_58.jpg,0.6394617557525635,0.6369632482528687,-0.0024985074996948242,7.198956206440926,0.6580256223678589,0.3562989830970764,0.3562989830970764,20.903374999988955,21.69129899999689,real_npy,0,1
72,/mnt/c/Users/Chirayu/Documents/GitHub/2D-to-3D-image-reconstruction/facescape_224/fsmview_trainset_13_14_sadness_7.jpg,0.04226396977901459,0.044702086597681046,0.002438116818666458,8.857954498380423,0.7650282382965088,0.40943455696105957,0.40943455696105957,19.723872999975356,20.96528199996328,real_npy,0,1
73,/mnt/c/Users/Chirayu/Documents/GitHub/2D-to-3D-image-reconstruction/facescape_224/fsmview_trainset_10_14_sadness_54.jpg,0.04616019129753113,0.04874253273010254,0.002582341432571411,8.374192535877228,0.7127937078475952,0.28871238231658936,0.28871238231658936,21.22175300002027,19.633818999977848,real_npy,0,1
74,/mnt/c/Users/Chirayu/Documents/GitHub/2D-to-3D-image-reconstruction/facescape_224/fsmview_trainset_6_16_grin_42.jpg,0.20518359541893005,0.2211252599954605,0.015941664576530457,6.437023747712374,0.6489231586456299,0.4100187420845032,0.4100187420845032,30.431451999959336,19.398663000004035,real_npy,0,0
75,/mnt/c/Users/Chirayu/Documents/GitHub/2D-to-3D-image-reconstruction/facescape_224/fsmview_trainset_18_2_smile_23.jpg,0.04213855043053627,0.042635638266801834,0.000497087836265564,9.025273762643337,0.7458556890487671,0.433594673871994,0.433594673871994,22.21437899999046,22.319776000017555,real_npy,0,1
76,/mnt/c/Users/Chirayu/Documents/GitHub/2D-to-3D-image-reconstruction/facescape_224/fsmview_trainset_4_15_lip_roll_47.jpg,0.03837934508919716,6.5772857666015625,6.538906421512365,50.90416846424341,7.988998889923096,0.2912098169326782,0.2912098169326782,24.296220999985962,26.360656000008476,real_npy,1,1
77,/mnt/c/Users/Chirayu/Documents/GitHub/2D-to-3D-image-reconstruction/facescape_224/fsmview_trainset_5_10_dimpler_39.jpg,0.26690909266471863,0.365606427192688,0.09869733452796936,7.970509622246027,0.7060070037841797,0.42076393961906433,0.42076393961906433,19.47474099995361,20.478066000009676,real_npy,0,1
78,/mnt/c/Users/Chirayu/Documents/GitHub/2D-to-3D-image-reconstruction/facescape_224/fsmview_trainset_18_19_brow_raiser_42.jpg,0.10247630625963211,0.09416764974594116,-0.008308656513690948,8.895471155643463,0.8246596455574036,0.4893304705619812,0.4893304705619812,23.961289999988367,19.064667000009194,real_npy,0,1
79,/mnt/c/Users/Chirayu/Documents/GitHub/2D-to-3D-image-reconstruction/facescape_224/fsmview_trainset_11_19_brow_raiser_6.jpg,0.20786486566066742,0.3868384063243866,0.17897354066371918,7.824400955811143,0.7577387094497681,0.6263300776481628,0.6263300776481628,21.59777000002805,21.8557320000059,real_npy,0,1
80,/mnt/c/Users/Chirayu/Documents/GitHub/2D-to-3D-image-reconstruction/facescape_224/fsmview_trainset_11_18_eye_closed_51.jpg,0.7995635867118835,0.9537447690963745,0.15418118238449097,18.298378283157945,1.5668530464172363,0.645382821559906,0.645382821559906,23.733635000041886,22.785250999959317,real_npy,0,1
81,/mnt/c/Users/Chirayu/Documents/GitHub/2D-to-3D-image-reconstruction/facescape_224/fsmview_trainset_1_4_anger_22.jpg,0.032557956874370575,460.6330871582031,460.60052920132875,401.997149348259,528.5435791015625,0.3814079165458679,0.3814079165458679,19.548271000019213,19.152433999977347,real_npy,1,1
82,/mnt/c/Users/Chirayu/Documents/GitHub/2D-to-3D-image-reconstruction/facescape_224/fsmview_trainset_7_5_jaw_left_36.jpg,0.10658155381679535,0.11682653427124023,0.010244980454444885,7.88733484596014,0.7172262668609619,0.3903273046016693,0.3903273046016693,21.162325999966924,37.441394999973454,real_npy,0,1
83,/mnt/c/Users/Chirayu/Documents/GitHub/2D-to-3D-image-reconstruction/facescape_224/fsmview_trainset_8_3_mouth_stretch_19.jpg,0.04016200080513954,0.039399441331624985,-0.0007625594735145569,7.640372653491795,0.7478477358818054,0.25972944498062134,0.25972944498062134,22.467429999949218,19.417864999979884,real_npy,0,1
84,/mnt/c/Users/Chirayu/Documents/GitHub/2D-to-3D-image-reconstruction/facescape_224/fsmview_trainset_17_14_sadness_49.jpg,0.20971906185150146,0.1881391853094101,-0.02157987654209137,8.157409831881523,0.6644106507301331,0.43081820011138916,0.43081820011138916,21.786330999987058,21.461005999981353,real_npy,0,1
85,/mnt/c/Users/Chirayu/Documents/GitHub/2D-to-3D-image-reconstruction/facescape_224/fsmview_trainset_9_3_mouth_stretch_53.jpg,0.0697435587644577,0.07003935426473618,0.0002957955002784729,7.948287084698677,0.7743484973907471,0.45970505475997925,0.45970505475997925,22.927571000025182,20.10428400001274,real_npy,0,1
86,/mnt/c/Users/Chirayu/Documents/GitHub/2D-to-3D-image-reconstruction/facescape_224/fsmview_trainset_5_17_cheek_blowing_2.jpg,0.047174062579870224,0.04442758858203888,-0.0027464739978313446,8.274753659963608,0.6735356450080872,0.4266803562641144,0.4266803562641144,20.318568999982745,19.972112000004927,real_npy,0,1
87,/mnt/c/Users/Chirayu/Documents/GitHub/2D-to-3D-image-reconstruction/facescape_224/fsmview_trainset_20_7_jaw_forward_4.jpg,0.5264866352081299,0.39722907543182373,-0.12925755977630615,7.629198428243399,0.718729555606842,0.5671112537384033,0.5671112537384033,19.47727900000018,18.424928000001728,real_npy,0,1
88,/mnt/c/Users/Chirayu/Documents/GitHub/2D-to-3D-image-reconstruction/facescape_224/fsmview_trainset_12_4_anger_14.jpg,0.057260267436504364,0.05743369832634926,0.0001734308898448944,9.361879071220756,0.7693744897842407,0.5405752658843994,0.5405752658843994,23.247278000042115,51.351725999950304,real_npy,0,1
89,/mnt/c/Users/Chirayu/Documents/GitHub/2D-to-3D-image-reconstruction/facescape_224/fsmview_trainset_10_3_mouth_stretch_53.jpg,0.1590888351202011,0.16860191524028778,0.00951308012008667,7.197342999279499,0.6864078640937805,0.28949108719825745,0.28949108719825745,21.456738999972913,20.6159090000142,real_npy,0,1
90,/mnt/c/Users/Chirayu/Documents/GitHub/2D-to-3D-image-reconstruction/facescape_224/fsmview_trainset_5_12_lip_puckerer_18.jpg,0.03345687314867973,0.41000133752822876,0.376544464379549,14.224334774538875,1.2561026811599731,0.40577077865600586,0.40577077865600586,20.246587999963594,23.20875499998465,real_npy,0,1
91,/mnt/c/Users/Chirayu/Documents/GitHub/2D-to-3D-image-reconstruction/facescape_224/fsmview_trainset_19_16_grin_26.jpg,0.05871288850903511,0.054952654987573624,-0.003760233521461487,9.143226984888315,0.7719964385032654,0.44511106610298157,0.44511106610298157,20.4360370000245,21.099770999967404,real_npy,0,1
92,/mnt/c/Users/Chirayu/Documents/GitHub/2D-to-3D-image-reconstruction/facescape_224/fsmview_trainset_5_13_lip_funneler_12.jpg,0.058562494814395905,0.06244254112243652,0.003880046308040619,8.347543984651566,0.7093088626861572,0.41037556529045105,0.41037556529045105,20.736244999966402,20.11592000002338,real_npy,0,1
93,/mnt/c/Users/Chirayu/Documents/GitHub/2D-to-3D-image-reconstruction/facescape_224/fsmview_trainset_4_13_lip_funneler_31.jpg,0.03592505678534508,1.0405011177062988,1.0045760609209538,21.07662114687264,2.0601961612701416,0.2567184567451477,0.2567184567451477,21.266560000015033,24.393843999973797,real_npy,0,1
94,/mnt/c/Users/Chirayu/Documents/GitHub/2D-to-3D-image-reconstruction/facescape_224/fsmview_trainset_5_2_smile_9.jpg,0.05049373209476471,0.0493607372045517,-0.0011329948902130127,8.04198125936091,0.6617313027381897,0.3599402904510498,0.3599402904510498,23.0339120000167,20.395979999989322,real_npy,0,1
95,/mnt/c/Users/Chirayu/Documents/GitHub/2D-to-3D-image-reconstruction/facescape_224/fsmview_trainset_5_12_lip_puckerer_47.jpg,0.08044502139091492,0.10255449265241623,0.022109471261501312,9.25962814502418,0.7932941913604736,0.46147456765174866,0.46147456765174866,21.060012000020834,18.87035099997547,real_npy,0,1
96,/mnt/c/Users/Chirayu/Documents/GitHub/2D-to-3D-image-reconstruction/facescape_224/fsmview_trainset_14_5_jaw_left_49.jpg,0.7592211365699768,0.6483763456344604,-0.11084479093551636,7.499808579683304,0.7260037064552307,0.5768978595733643,0.5768978595733643,23.24277599996094,21.25540099996215,real_npy,0,1
97,/mnt/c/Users/Chirayu/Documents/GitHub/2D-to-3D-image-reconstruction/facescape_224/fsmview_trainset_15_3_mouth_stretch_49.jpg,0.08391789346933365,0.0903376117348671,0.006419718265533447,8.494526624679565,0.731609582901001,0.6070230603218079,0.6070230603218079,21.102228999950512,18.98850599997104,real_npy,0,1
98,/mnt/c/Users/Chirayu/Documents/GitHub/2D-to-3D-image-reconstruction/facescape_224/fsmview_trainset_19_18_eye_closed_54.jpg,0.05886809900403023,0.07056579738855362,0.011697698384523392,9.228821348398924,0.7892318964004517,0.28122466802597046,0.28122466802597046,20.448795999982394,21.18035999995982,real_npy,0,1
99,/mnt/c/Users/Chirayu/Documents/GitHub/2D-to-3D-image-reconstruction/facescape_224/fsmview_trainset_7_2_smile_11.jpg,0.3024860918521881,0.8722683191299438,0.5697822272777557,15.027270656079054,1.520328402519226,0.591524600982666,0.591524600982666,66.94045599999754,41.146598000011636,real_npy,0,1
100,/mnt/c/Users/Chirayu/Documents/GitHub/2D-to-3D-image-reconstruction/facescape_224/fsmview_trainset_19_7_jaw_forward_7.jpg,0.06320135295391083,0.0842924639582634,0.02109111100435257,8.542847184464335,0.6973492503166199,0.20117506384849548,0.20117506384849548,22.535681000022123,19.931214999985514,real_npy,0,1
101,/mnt/c/Users/Chirayu/Documents/GitHub/2D-to-3D-image-reconstruction/facescape_224/fsmview_trainset_14_5_jaw_left_64.jpg,0.06145382672548294,0.06163463741540909,0.00018081068992614746,8.220720563083887,0.786300003528595,0.415963351726532,0.415963351726532,22.725250999997115,20.476250000001528,real_npy,0,1
102,/mnt/c/Users/Chirayu/Documents/GitHub/2D-to-3D-image-reconstruction/facescape_224/fsmview_trainset_17_19_brow_raiser_30.jpg,0.051246196031570435,0.04845358058810234,-0.002792615443468094,8.929546453990042,0.7232276201248169,0.29127731919288635,0.29127731919288635,21.247297999991588,44.7434170000065,real_npy,0,1
103,/mnt/c/Users/Chirayu/Documents/GitHub/2D-to-3D-image-reconstruction/facescape_224/fsmview_trainset_2_2_smile_6.jpg,0.07536697387695312,0.08884716033935547,0.013480186462402344,8.826920341700315,0.775187075138092,0.38911545276641846,0.38911545276641846,20.819451999955163,21.347774999981084,real_npy,0,1
104,/mnt/c/Users/Chirayu/Documents/GitHub/2D-to-3D-image-reconstruction/facescape_224/fsmview_trainset_20_2_smile_33.jpg,0.04167908802628517,0.047246869653463364,0.005567781627178192,7.6676738075912,0.7171105146408081,0.479145884513855,0.479145884513855,33.745562000035534,26.32754199998999,real_npy,0,1
105,/mnt/c/Users/Chirayu/Documents/GitHub/2D-to-3D-image-reconstruction/facescape_224/fsmview_trainset_18_4_anger_7.jpg,0.052234552800655365,0.05757464841008186,0.005340095609426498,8.119954071938992,0.7035149931907654,0.2918267846107483,0.2918267846107483,44.299424000030285,25.478103000011743,real_npy,0,1
106,/mnt/c/Users/Chirayu/Documents/GitHub/2D-to-3D-image-reconstruction/facescape_224/fsmview_trainset_11_19_brow_raiser_61.jpg,0.813041090965271,0.8400747776031494,0.027033686637878418,8.04415338486433,0.6760593056678772,0.5321911573410034,0.5321911573410034,38.48399499997868,19.976797000026636,real_npy,0,1
107,/mnt/c/Users/Chirayu/Documents/GitHub/2D-to-3D-image-reconstruction/facescape_224/fsmview_trainset_12_8_mouth_left_32.jpg,0.3125877380371094,0.29776903986930847,-0.014818698167800903,7.992045193910599,0.780648410320282,0.5071002840995789,0.5071002840995789,23.274492999973972,24.18711100000337,real_npy,0,1
108,/mnt/c/Users/Chirayu/Documents/GitHub/2D-to-3D-image-reconstruction/facescape_224/fsmview_trainset_14_14_sadness_62.jpg,0.3682447671890259,0.3616190552711487,-0.006625711917877197,7.357467766851187,0.6103359460830688,0.5168671011924744,0.5168671011924744,25.506796999991366,21.25463899994884,real_npy,0,1
109,/mnt/c/Users/Chirayu/Documents/GitHub/2D-to-3D-image-reconstruction/facescape_224/fsmview_trainset_9_6_jaw_right_23.jpg,0.05213232338428497,0.054693251848220825,0.002560928463935852,8.798064299859107,0.7303250432014465,0.42426565289497375,0.42426565289497375,44.64129099994807,21.444760999997925,real_npy,0,1
110,/mnt/c/Users/Chirayu/Documents/GitHub/2D-to-3D-image-reconstruction/facescape_224/fsmview_trainset_3_2_smile_47.jpg,0.07933404296636581,0.09717351943254471,0.017839476466178894,9.226534690707922,0.7446460723876953,0.4756621718406677,0.4756621718406677,68.90311699999074,21.020407000037267,real_npy,0,1
111,/mnt/c/Users/Chirayu/Documents/GitHub/2D-to-3D-image-reconstruction/facescape_224/fsmview_trainset_18_11_chin_raiser_19.jpg,0.05530950054526329,0.05990109220147133,0.004591591656208038,9.356673845089972,0.7355231046676636,0.4180615544319153,0.4180615544319153,22.760466999955042,22.798414000021694,real_npy,0,1
112,/mnt/c/Users/Chirayu/Documents/GitHub/2D-to-3D-image-reconstruction/facescape_224/fsmview_trainset_13_3_mouth_stretch_8.jpg,0.044411059468984604,0.04494176805019379,0.0005307085812091827,7.640592098236084,0.6884134411811829,0.32488664984703064,0.32488664984703064,65.69924899997659,21.871359000044777,real_npy,0,1
113,/mnt/c/Users/Chirayu/Documents/GitHub/2D-to-3D-image-reconstruction/facescape_224/fsmview_trainset_4_13_lip_funneler_20.jpg,0.03715231269598007,0.4302954375743866,0.3931431248784065,14.227609469555318,1.3161916732788086,0.2686648666858673,0.2686648666858673,20.567149999976664,21.105856000019685,real_npy,0,1
114,/mnt/c/Users/Chirayu/Documents/GitHub/2D-to-3D-image-reconstruction/facescape_224/fsmview_trainset_17_15_lip_roll_3.jpg,0.06290037930011749,0.06175947189331055,-0.0011409074068069458,7.811862587928772,0.667433500289917,0.39266979694366455,0.39266979694366455,26.454182999998466,52.49207800000022,real_npy,0,1
115,/mnt/c/Users/Chirayu/Documents/GitHub/2D-to-3D-image-reconstruction/facescape_224/fsmview_trainset_19_2_smile_50.jpg,0.0545177087187767,0.053441572934389114,-0.0010761357843875885,8.943535175174475,0.6843060851097107,0.3927384912967682,0.3927384912967682,21.25482799999645,22.92151799997555,real_npy,0,1
116,/mnt/c/Users/Chirayu/Documents/GitHub/2D-to-3D-image-reconstruction/facescape_224/fsmview_trainset_13_14_sadness_18.jpg,0.04318154230713844,0.042803604155778885,-0.0003779381513595581,9.087152227759361,0.8013455271720886,0.32346799969673157,0.32346799969673157,21.63464800003112,20.673874000010528,real_npy,0,1
117,/mnt/c/Users/Chirayu/Documents/GitHub/2D-to-3D-image-reconstruction/facescape_224/fsmview_trainset_8_14_sadness_24.jpg,0.03172755241394043,0.031264591962099075,-0.00046296045184135437,7.788742683827877,0.6583616137504578,0.27247345447540283,0.27247345447540283,19.59204000002046,21.479088000035063,real_npy,0,1
118,/mnt/c/Users/Chirayu/Documents/GitHub/2D-to-3D-image-reconstruction/facescape_224/fsmview_trainset_5_3_mouth_stretch_16.jpg,0.03210368752479553,82.56432342529297,82.53221973776817,173.9918777346611,84.44602966308594,0.29223939776420593,0.29223939776420593,27.341387999967992,31.206606000012016,real_npy,1,1
119,/mnt/c/Users/Chirayu/Documents/GitHub/2D-to-3D-image-reconstruction/facescape_224/fsmview_trainset_8_6_jaw_right_38.jpg,0.1649133563041687,0.1489098221063614,-0.016003534197807312,8.24525111913681,0.8547623157501221,0.48668181896209717,0.48668181896209717,114.85687600003303,29.369821000045704,real_npy,0,1
120,/mnt/c/Users/Chirayu/Documents/GitHub/2D-to-3D-image-reconstruction/facescape_224/fsmview_trainset_13_8_mouth_left_57.jpg,0.6641504764556885,0.7461410164833069,0.08199054002761841,6.760702298022807,0.6957413554191589,0.42964106798171997,0.42964106798171997,19.712754000011046,19.83569700001908,real_npy,0,1
121,/mnt/c/Users/Chirayu/Documents/GitHub/2D-to-3D-image-reconstruction/facescape_224/fsmview_trainset_8_4_anger_35.jpg,0.033667150884866714,0.03776337206363678,0.004096221178770065,7.881336070597172,0.6553042531013489,0.2984746992588043,0.2984746992588043,36.21596299996099,21.375540000008186,real_npy,0,1
122,/mnt/c/Users/Chirayu/Documents/GitHub/2D-to-3D-image-reconstruction/facescape_224/fsmview_trainset_1_19_brow_raiser_31.jpg,0.03895034268498421,17.106632232666016,17.06768188998103,84.94933953881264,17.92812156677246,0.3074721097946167,0.3074721097946167,23.630009000044083,21.913995999966573,real_npy,1,1
123,/mnt/c/Users/Chirayu/Documents/GitHub/2D-to-3D-image-reconstruction/facescape_224/fsmview_trainset_19_2_smile_7.jpg,0.03586641699075699,0.04029540345072746,0.004428986459970474,8.419766824692488,0.7158190608024597,0.19844448566436768,0.19844448566436768,24.888895000003686,21.668999999974403,real_npy,0,1
124,/mnt/c/Users/Chirayu/Documents/GitHub/2D-to-3D-image-reconstruction/facescape_224/fsmview_trainset_19_18_eye_closed_49.jpg,0.4540277421474457,0.4120146930217743,-0.04201304912567139,8.097819782793522,0.7078111171722412,0.3674760162830353,0.3674760162830353,21.353495000028033,20.078858999966087,real_npy,0,1
125,/mnt/c/Users/Chirayu/Documents/GitHub/2D-to-3D-image-reconstruction/facescape_224/fsmview_trainset_14_16_grin_38.jpg,0.05860511586070061,0.04934282600879669,-0.009262289851903915,7.971088878810406,0.6860977411270142,0.3453919589519501,0.3453919589519501,21.81797599996571,20.620992999965893,real_npy,0,1
126,/mnt/c/Users/Chirayu/Documents/GitHub/2D-to-3D-image-reconstruction/facescape_224/fsmview_trainset_1_16_grin_12.jpg,0.05236942693591118,0.05688968300819397,0.004520256072282791,7.767695628106594,0.739725649356842,0.3341594934463501,0.3341594934463501,21.504815000014332,20.686511999997492,real_npy,0,1
127,/mnt/c/Users/Chirayu/Documents/GitHub/2D-to-3D-image-reconstruction/facescape_224/fsmview_trainset_16_12_lip_puckerer_19.jpg,0.06888547539710999,0.06751486659049988,-0.0013706088066101074,8.644406845793128,0.7229751944541931,0.37460312247276306,0.37460312247276306,58.14534699999285,23.713076999968052,real_npy,0,1
128,/mnt/c/Users/Chirayu/Documents/GitHub/2D-to-3D-image-reconstruction/facescape_224/fsmview_trainset_4_12_lip_puckerer_0.jpg,0.12795016169548035,0.1334187537431717,0.005468592047691345,8.514702908694744,0.7498070001602173,0.2667295038700104,0.2667295038700104,46.42491399999926,19.999855999969895,real_npy,0,1
129,/mnt/c/Users/Chirayu/Documents/GitHub/2D-to-3D-image-reconstruction/facescape_224/fsmview_trainset_4_4_anger_12.jpg,0.05774112418293953,0.06663703918457031,0.008895915001630783,7.9465464651584625,0.7364439964294434,0.28307652473449707,0.28307652473449707,23.733267000011438,20.51690600001166,real_npy,0,1
130,/mnt/c/Users/Chirayu/Documents/GitHub/2D-to-3D-image-reconstruction/facescape_224/fsmview_trainset_2_20_brow_lower_29.jpg,0.09952405840158463,0.11904890090227127,0.019524842500686646,8.265368983149529,0.6858602166175842,0.32357504963874817,0.32357504963874817,20.32628099999556,19.487839000021268,real_npy,0,1
131,/mnt/c/Users/Chirayu/Documents/GitHub/2D-to-3D-image-reconstruction/facescape_224/fsmview_trainset_3_16_grin_3.jpg,0.048599034547805786,0.04822118952870369,-0.00037784501910209656,7.181339964270592,0.6822898387908936,0.3760710060596466,0.3760710060596466,20.56065499999704,18.588225999963015,real_npy,0,1
132,/mnt/c/Users/Chirayu/Documents/GitHub/2D-to-3D-image-reconstruction/facescape_224/fsmview_trainset_14_4_anger_8.jpg,0.476258784532547,0.606447696685791,0.13018891215324402,8.7174930293113,0.7752619981765747,0.5535610318183899,0.5535610318183899,32.35477600003378,21.95799500003659,real_npy,0,1
133,/mnt/c/Users/Chirayu/Documents/GitHub/2D-to-3D-image-reconstruction/facescape_224/fsmview_trainset_11_5_jaw_left_27.jpg,0.032501425594091415,39.97913360595703,39.94663218036294,126.41295519471169,41.839256286621094,0.5232556462287903,0.5232556462287903,23.413446999995813,20.554720999996334,real_npy,1,1
134,/mnt/c/Users/Chirayu/Documents/GitHub/2D-to-3D-image-reconstruction/facescape_224/fsmview_trainset_12_13_lip_funneler_10.jpg,0.4882269501686096,0.4837961196899414,-0.004430830478668213,6.815375354140997,0.6195567846298218,0.5487250089645386,0.5487250089645386,23.91410600000654,22.16354400002274,real_npy,0,1
135,/mnt/c/Users/Chirayu/Documents/GitHub/2D-to-3D-image-reconstruction/facescape_224/fsmview_trainset_3_5_jaw_left_2.jpg,0.08088673651218414,0.09742920845746994,0.016542471945285797,7.781522314995527,0.7203257083892822,0.4267158806324005,0.4267158806324005,23.8797320000117,22.746698999981163,real_npy,0,1
136,/mnt/c/Users/Chirayu/Documents/GitHub/2D-to-3D-image-reconstruction/facescape_224/fsmview_trainset_18_9_mouth_right_32.jpg,0.2282063215970993,495.1334533691406,494.9052470475435,416.1480075120926,568.5608520507812,0.25222504138946533,0.25222504138946533,20.475602000033177,20.677905000013652,real_npy,1,1
137,/mnt/c/Users/Chirayu/Documents/GitHub/2D-to-3D-image-reconstruction/facescape_224/fsmview_trainset_9_1_neutral_36.jpg,0.16378243267536163,0.1797235757112503,0.015941143035888672,7.6207090690732,0.6602275967597961,0.3627096116542816,0.3627096116542816,27.057659000035983,20.18555199998673,real_npy,0,1
138,/mnt/c/Users/Chirayu/Documents/GitHub/2D-to-3D-image-reconstruction/facescape_224/fsmview_trainset_9_9_mouth_right_57.jpg,0.6390947699546814,0.688060462474823,0.0489656925201416,7.125717721879482,0.6435632109642029,0.4303637742996216,0.4303637742996216,24.80691999994633,22.484870000027968,real_npy,0,1
139,/mnt/c/Users/Chirayu/Documents/GitHub/2D-to-3D-image-reconstruction/facescape_224/fsmview_trainset_4_3_mouth_stretch_23.jpg,0.03781970217823982,0.03775928542017937,-6.041675806045532e-05,8.204971382394433,0.6825731992721558,0.2932663857936859,0.2932663857936859,20.658949999983633,20.165802999997595,real_npy,0,1
140,/mnt/c/Users/Chirayu/Documents/GitHub/2D-to-3D-image-reconstruction/facescape_224/fsmview_trainset_8_8_mouth_left_40.jpg,0.27465030550956726,0.27601054310798645,0.0013602375984191895,6.639439657330513,0.6703560948371887,0.471128910779953,0.471128910779953,22.445869000023322,23.194933000013407,real_npy,0,1
141,/mnt/c/Users/Chirayu/Documents/GitHub/2D-to-3D-image-reconstruction/facescape_224/fsmview_trainset_18_4_anger_40.jpg,0.1438971906900406,0.15417438745498657,0.010277196764945984,7.258206315338612,0.6466181874275208,0.5798562169075012,0.5798562169075012,56.260323999993034,20.80585900000642,real_npy,0,1
142,/mnt/c/Users/Chirayu/Documents/GitHub/2D-to-3D-image-reconstruction/facescape_224/fsmview_trainset_9_2_smile_39.jpg,0.1744881123304367,0.19810155034065247,0.02361343801021576,7.486261319369078,0.645012378692627,0.4482518434524536,0.4482518434524536,20.27368099999194,19.76115799999434,real_npy,0,1
143,/mnt/c/Users/Chirayu/Documents/GitHub/2D-to-3D-image-reconstruction/facescape_224/fsmview_trainset_5_12_lip_puckerer_39.jpg,0.07553750276565552,0.07736784964799881,0.0018303468823432922,8.29747959971428,0.770889163017273,0.43376246094703674,0.43376246094703674,20.94032799999468,21.37958800000206,real_npy,0,1
144,/mnt/c/Users/Chirayu/Documents/GitHub/2D-to-3D-image-reconstruction/facescape_224/fsmview_trainset_10_8_mouth_left_13.jpg,0.0827409029006958,0.08611921221017838,0.0033783093094825745,7.180561281740665,0.6447486877441406,0.45663774013519287,0.45663774013519287,20.551477999958934,19.38517299998921,real_npy,0,1
145,/mnt/c/Users/Chirayu/Documents/GitHub/2D-to-3D-image-reconstruction/facescape_224/fsmview_trainset_8_16_grin_49.jpg,0.3888218402862549,0.3915514647960663,0.0027296245098114014,7.628053843975067,0.7242153882980347,0.48483899235725403,0.48483899235725403,20.293025000000853,20.274698999969587,real_npy,0,1
146,/mnt/c/Users/Chirayu/Documents/GitHub/2D-to-3D-image-reconstruction/facescape_224/fsmview_trainset_7_18_eye_closed_36.jpg,0.10097986459732056,0.11081231385469437,0.00983244925737381,7.829707495868206,0.6990026831626892,0.4068131446838379,0.4068131446838379,20.107297000038216,20.719137000014598,real_npy,0,1
147,/mnt/c/Users/Chirayu/Documents/GitHub/2D-to-3D-image-reconstruction/facescape_224/fsmview_trainset_16_16_grin_29.jpg,0.03277505561709404,0.11737657338380814,0.0846015177667141,9.366604239679873,0.8642565011978149,0.3376433253288269,0.3376433253288269,62.392111999997724,45.67125900001656,real_npy,0,1
148,/mnt/c/Users/Chirayu/Documents/GitHub/2D-to-3D-image-reconstruction/facescape_224/fsmview_trainset_17_9_mouth_right_31.jpg,0.04289921000599861,0.04696545749902725,0.004066247493028641,8.782956575974822,0.7137752175331116,0.4191829562187195,0.4191829562187195,21.719949000043925,22.909110999989934,real_npy,0,1
149,/mnt/c/Users/Chirayu/Documents/GitHub/2D-to-3D-image-reconstruction/facescape_224/fsmview_trainset_7_20_brow_lower_32.jpg,0.054646920412778854,0.05955444276332855,0.004907522350549698,8.01778157427907,0.6823294162750244,0.3549964427947998,0.3549964427947998,48.80396800001563,19.053530999997292,real_npy,0,1
150,/mnt/c/Users/Chirayu/Documents/GitHub/2D-to-3D-image-reconstruction/facescape_224/fsmview_trainset_11_16_grin_65.jpg,0.05806458741426468,0.057127274572849274,-0.0009373128414154053,8.968476943671703,0.7759599089622498,0.4806336760520935,0.4806336760520935,33.04380399998763,22.679855999967913,real_npy,0,1
151,/mnt/c/Users/Chirayu/Documents/GitHub/2D-to-3D-image-reconstruction/facescape_224/fsmview_trainset_12_18_eye_closed_29.jpg,0.05429680272936821,0.05522361397743225,0.0009268112480640411,9.265811026096344,0.7655795812606812,0.5501218438148499,0.5501218438148499,35.527311999999256,50.02397399999836,real_npy,0,1
152,/mnt/c/Users/Chirayu/Documents/GitHub/2D-to-3D-image-reconstruction/facescape_224/fsmview_trainset_10_6_jaw_right_7.jpg,0.0472111701965332,0.052040450274944305,0.004829280078411102,7.463750585913658,0.6542377471923828,0.23040005564689636,0.23040005564689636,21.380942000007508,19.104100999982165,real_npy,0,1
153,/mnt/c/Users/Chirayu/Documents/GitHub/2D-to-3D-image-reconstruction/facescape_224/fsmview_trainset_11_14_sadness_31.jpg,0.033713072538375854,0.03812282159924507,0.004409749060869217,8.15616550669074,0.6554960012435913,0.4771769940853119,0.4771769940853119,21.23027700002922,18.900017000021307,real_npy,0,1
154,/mnt/c/Users/Chirayu/Documents/GitHub/2D-to-3D-image-reconstruction/facescape_224/fsmview_trainset_7_13_lip_funneler_14.jpg,0.03983791545033455,0.03857812657952309,-0.0012597888708114624,8.15291720815003,0.6988862156867981,0.43016529083251953,0.43016529083251953,20.102925000003324,18.991671999970094,real_npy,0,1
155,/mnt/c/Users/Chirayu/Documents/GitHub/2D-to-3D-image-reconstruction/facescape_224/fsmview_trainset_1_14_sadness_32.jpg,0.3029598593711853,222.0846710205078,221.78171116113663,269.70999121665955,270.14483642578125,0.23917536437511444,0.23917536437511444,20.01457000000073,17.933814999992137,real_npy,1,1
156,/mnt/c/Users/Chirayu/Documents/GitHub/2D-to-3D-image-reconstruction/facescape_224/fsmview_trainset_15_12_lip_puckerer_43.jpg,0.05755186825990677,0.05969121307134628,0.002139344811439514,8.381323881447315,0.6787795424461365,0.5713145732879639,0.5713145732879639,20.232297999996263,21.533921999946415,real_npy,0,1
157,/mnt/c/Users/Chirayu/Documents/GitHub/2D-to-3D-image-reconstruction/facescape_224/fsmview_trainset_14_2_smile_47.jpg,0.06942754983901978,0.3631609082221985,0.2937333583831787,12.116484142839909,1.1805580854415894,0.6600844860076904,0.6600844860076904,20.868089999964923,23.429394000004322,real_npy,0,1
158,/mnt/c/Users/Chirayu/Documents/GitHub/2D-to-3D-image-reconstruction/facescape_224/fsmview_trainset_7_3_mouth_stretch_54.jpg,0.07601138204336166,0.07617204636335373,0.00016066431999206543,7.969323750585318,0.7556451559066772,0.5117875337600708,0.5117875337600708,24.418511999954262,19.48491500002092,real_npy,0,1
159,/mnt/c/Users/Chirayu/Documents/GitHub/2D-to-3D-image-reconstruction/facescape_224/fsmview_trainset_8_10_dimpler_53.jpg,0.04999253898859024,0.05145564302802086,0.0014631040394306183,8.161076337099075,0.7183411717414856,0.2640915513038635,0.2640915513038635,110.5326619999687,82.99352699998508,real_npy,0,1
160,/mnt/c/Users/Chirayu/Documents/GitHub/2D-to-3D-image-reconstruction/facescape_224/fsmview_trainset_15_11_chin_raiser_14.jpg,0.22667205333709717,0.28224119544029236,0.05556914210319519,8.527775011956692,0.724774956703186,0.5614816546440125,0.5614816546440125,35.555961000000025,18.935519999956796,real_npy,0,1
161,/mnt/c/Users/Chirayu/Documents/GitHub/2D-to-3D-image-reconstruction/facescape_224/fsmview_trainset_5_15_lip_roll_3.jpg,0.37883883714675903,0.3803613781929016,0.0015225410461425781,7.24102920666337,0.6372014880180359,0.362200528383255,0.362200528383255,22.222675999955754,19.504605000008723,real_npy,0,1
162,/mnt/c/Users/Chirayu/Documents/GitHub/2D-to-3D-image-reconstruction/facescape_224/fsmview_trainset_12_6_jaw_right_24.jpg,0.12165355682373047,0.133766308426857,0.012112751603126526,8.290404122322798,0.7112084627151489,0.45315665006637573,0.45315665006637573,43.79860300002747,20.363529999997354,real_npy,0,1
163,/mnt/c/Users/Chirayu/Documents/GitHub/2D-to-3D-image-reconstruction/facescape_224/fsmview_trainset_6_14_sadness_44.jpg,0.16960643231868744,0.15312792360782623,-0.016478508710861206,7.473267585039139,0.7083513736724854,0.4048716127872467,0.4048716127872467,24.87737400002743,18.64741399998593,real_npy,0,1
164,/mnt/c/Users/Chirayu/Documents/GitHub/2D-to-3D-image-reconstruction/facescape_224/fsmview_trainset_8_1_neutral_47.jpg,0.03876215219497681,0.03856652230024338,-0.00019562989473342896,8.022342670708895,0.6654415726661682,0.3082064688205719,0.3082064688205719,20.429517999957625,75.71458700004996,real_npy,0,1
165,/mnt/c/Users/Chirayu/Documents/GitHub/2D-to-3D-image-reconstruction/facescape_224/fsmview_trainset_13_5_jaw_left_39.jpg,0.29294517636299133,0.3130449950695038,0.02009981870651245,8.021869234740734,0.6961963176727295,0.3057522773742676,0.3057522773742676,74.21730599998,20.530873000041083,real_npy,0,1
166,/mnt/c/Users/Chirayu/Documents/GitHub/2D-to-3D-image-reconstruction/facescape_224/fsmview_trainset_18_15_lip_roll_32.jpg,0.03449733927845955,95.63653564453125,95.60203830525279,185.29650643467903,97.09735870361328,0.4282306432723999,0.4282306432723999,19.832374000031905,70.71876700001667,real_npy,1,1
167,/mnt/c/Users/Chirayu/Documents/GitHub/2D-to-3D-image-reconstruction/facescape_224/fsmview_trainset_9_11_chin_raiser_20.jpg,0.08159511536359787,0.08847557753324509,0.006880462169647217,9.805827244184911,0.8074983954429626,0.38894668221473694,0.38894668221473694,22.120133999976588,20.447833999980958,real_npy,0,1
168,/mnt/c/Users/Chirayu/Documents/GitHub/2D-to-3D-image-reconstruction/facescape_224/fsmview_trainset_15_7_jaw_forward_41.jpg,0.3034513592720032,0.3240564167499542,0.02060505747795105,8.093424290418625,0.6961708068847656,0.5076743364334106,0.5076743364334106,19.95373700003711,53.896324999982426,real_npy,0,1
169,/mnt/c/Users/Chirayu/Documents/GitHub/2D-to-3D-image-reconstruction/facescape_224/fsmview_trainset_17_1_neutral_56.jpg,0.06995594501495361,0.07874398678541183,0.008788041770458221,9.035749848932028,0.75583815574646,0.41640201210975647,0.41640201210975647,52.86888500000941,20.224439999992683,real_npy,0,1
170,/mnt/c/Users/Chirayu/Documents/GitHub/2D-to-3D-image-reconstruction/facescape_224/fsmview_trainset_12_16_grin_55.jpg,0.03843240812420845,0.04235303774476051,0.003920629620552063,8.625159488990903,0.7639129757881165,0.3993988335132599,0.3993988335132599,29.670473999999558,19.606685999974616,real_npy,0,1
171,/mnt/c/Users/Chirayu/Documents/GitHub/2D-to-3D-image-reconstruction/facescape_224/fsmview_trainset_18_20_brow_lower_21.jpg,0.04189799726009369,0.04311776161193848,0.0012197643518447876,8.151716887950897,0.6639960408210754,0.36455392837524414,0.36455392837524414,21.385414999997465,43.907364000006055,real_npy,0,1
172,/mnt/c/Users/Chirayu/Documents/GitHub/2D-to-3D-image-reconstruction/facescape_224/fsmview_trainset_5_5_jaw_left_40.jpg,0.1594177782535553,0.16380347311496735,0.004385694861412048,7.749158538877964,0.694056510925293,0.4378482401371002,0.4378482401371002,35.38922400002775,86.47087100001727,real_npy,0,1
173,/mnt/c/Users/Chirayu/Documents/GitHub/2D-to-3D-image-reconstruction/facescape_224/fsmview_trainset_1_19_brow_raiser_52.jpg,0.03657342121005058,0.037098877131938934,0.0005254559218883514,8.299186046235263,0.6993328332901001,0.3034045100212097,0.3034045100212097,19.994354000004932,19.992931999979646,real_npy,0,1
174,/mnt/c/Users/Chirayu/Documents/GitHub/2D-to-3D-image-reconstruction/facescape_224/fsmview_trainset_16_5_jaw_left_3.jpg,0.06426174938678741,0.06626380234956741,0.0020020529627799988,8.011101998388767,0.7515264749526978,0.39737433195114136,0.39737433195114136,21.006516999989344,19.48879400003989,real_npy,0,1
175,/mnt/c/Users/Chirayu/Documents/GitHub/2D-to-3D-image-reconstruction/facescape_224/fsmview_trainset_19_5_jaw_left_1.jpg,0.042518988251686096,0.042316943407058716,-0.00020204484462738037,8.35247466340661,0.7016354203224182,0.23397429287433624,0.23397429287433624,20.07109800001672,30.56656399996882,real_npy,0,1
176,/mnt/c/Users/Chirayu/Documents/GitHub/2D-to-3D-image-reconstruction/facescape_224/fsmview_trainset_14_7_jaw_forward_22.jpg,0.03372666612267494,0.032469455152750015,-0.0012572109699249268,6.979590907692909,0.6262516975402832,0.4333280026912689,0.4333280026912689,24.409609999963777,22.269365999989077,real_npy,0,1
177,/mnt/c/Users/Chirayu/Documents/GitHub/2D-to-3D-image-reconstruction/facescape_224/fsmview_trainset_14_8_mouth_left_58.jpg,0.05393790826201439,0.05229688808321953,-0.0016410201787948608,8.275244131684303,0.755927562713623,0.35005784034729004,0.35005784034729004,21.604760000002443,22.41331900000887,real_npy,0,1
178,/mnt/c/Users/Chirayu/Documents/GitHub/2D-to-3D-image-reconstruction/facescape_224/fsmview_trainset_19_13_lip_funneler_4.jpg,0.09504713863134384,0.10283868759870529,0.00779154896736145,8.519146252423525,0.7272204160690308,0.21039991080760956,0.21039991080760956,21.65905300000759,20.878200000026936,real_npy,0,1
179,/mnt/c/Users/Chirayu/Documents/GitHub/2D-to-3D-image-reconstruction/facescape_224/fsmview_trainset_14_2_smile_10.jpg,0.08608658611774445,0.08389457315206528,-0.0021920129656791687,8.097098410129547,0.6708396673202515,0.606490433216095,0.606490433216095,22.947310999995807,21.71238899995842,real_npy,0,1
180,/mnt/c/Users/Chirayu/Documents/GitHub/2D-to-3D-image-reconstruction/facescape_224/fsmview_trainset_5_5_jaw_left_16.jpg,0.03447708114981651,0.03767184540629387,0.003194764256477356,8.243117477744818,0.6894732117652893,0.31592002511024475,0.31592002511024475,21.113334000006034,19.290704000013648,real_npy,0,1
181,/mnt/c/Users/Chirayu/Documents/GitHub/2D-to-3D-image-reconstruction/facescape_224/fsmview_trainset_13_4_anger_6.jpg,0.1443479210138321,0.12982822954654694,-0.014519691467285156,8.467343911528587,0.6930667161941528,0.46374231576919556,0.46374231576919556,25.492841999948723,36.52700999998615,real_npy,0,1
182,/mnt/c/Users/Chirayu/Documents/GitHub/2D-to-3D-image-reconstruction/facescape_224/fsmview_trainset_11_2_smile_48.jpg,0.880760669708252,0.6905123591423035,-0.1902483105659485,7.496429905295372,0.7140999436378479,0.5795509219169617,0.5795509219169617,20.06180199998653,19.364337999945747,real_npy,0,1
183,/mnt/c/Users/Chirayu/Documents/GitHub/2D-to-3D-image-reconstruction/facescape_224/fsmview_trainset_9_4_anger_35.jpg,0.055356383323669434,0.052505012601614,-0.002851370722055435,8.297032341361046,0.6379796862602234,0.388292521238327,0.388292521238327,22.260130000006484,23.73079799997413,real_npy,0,1
184,/mnt/c/Users/Chirayu/Documents/GitHub/2D-to-3D-image-reconstruction/facescape_224/fsmview_trainset_3_12_lip_puckerer_1.jpg,0.08085571974515915,0.07800563424825668,-0.002850085496902466,8.65739730745554,0.7256063222885132,0.4295082688331604,0.4295082688331604,24.350061999996342,28.306466999993063,real_npy,0,1
185,/mnt/c/Users/Chirayu/Documents/GitHub/2D-to-3D-image-reconstruction/facescape_224/fsmview_trainset_13_7_jaw_forward_55.jpg,0.04866555333137512,0.05665620043873787,0.007990647107362747,8.693289239425212,0.7521576881408691,0.35551226139068604,0.35551226139068604,21.876399999996465,18.675187000042115,real_npy,0,1
186,/mnt/c/Users/Chirayu/Documents/GitHub/2D-to-3D-image-reconstruction/facescape_224/fsmview_trainset_15_19_brow_raiser_12.jpg,0.08261764049530029,0.5785890817642212,0.4959714412689209,16.069426514208317,1.4299603700637817,0.6005553603172302,0.6005553603172302,21.51015300000836,25.419983999995566,real_npy,0,1
187,/mnt/c/Users/Chirayu/Documents/GitHub/2D-to-3D-image-reconstruction/facescape_224/fsmview_trainset_7_8_mouth_left_26.jpg,0.043688248842954636,0.04499479755759239,0.0013065487146377563,8.222479201853275,0.6668626666069031,0.35146886110305786,0.35146886110305786,21.903238000049896,37.748057999976936,real_npy,0,1
188,/mnt/c/Users/Chirayu/Documents/GitHub/2D-to-3D-image-reconstruction/facescape_224/fsmview_trainset_6_5_jaw_left_35.jpg,0.035714227706193924,0.03864683210849762,0.0029326044023036957,8.19463136792183,0.6664761304855347,0.3788807988166809,0.3788807988166809,23.545975999979873,48.17855700002838,real_npy,0,1
189,/mnt/c/Users/Chirayu/Documents/GitHub/2D-to-3D-image-reconstruction/facescape_224/fsmview_trainset_13_7_jaw_forward_34.jpg,0.8456555604934692,0.8147109746932983,-0.0309445858001709,7.032608300447464,0.6924639344215393,0.355803906917572,0.355803906917572,19.706555000027492,18.59718499997598,real_npy,0,1
190,/mnt/c/Users/Chirayu/Documents/GitHub/2D-to-3D-image-reconstruction/facescape_224/fsmview_trainset_1_18_eye_closed_55.jpg,0.04662730544805527,0.04975886270403862,0.0031315572559833527,8.285276979207993,0.7478975057601929,0.3233789801597595,0.3233789801597595,22.130144000016116,23.305703999994876,real_npy,0,1
191,/mnt/c/Users/Chirayu/Documents/GitHub/2D-to-3D-image-reconstruction/facescape_224/fsmview_trainset_5_4_anger_40.jpg,0.14156579971313477,0.148295059800148,0.006729260087013245,8.193957675248384,0.7456099390983582,0.4678478538990021,0.4678478538990021,23.19085199997062,22.668406999969193,real_npy,0,1
192,/mnt/c/Users/Chirayu/Documents/GitHub/2D-to-3D-image-reconstruction/facescape_224/fsmview_trainset_4_12_lip_puckerer_52.jpg,0.21288606524467468,0.19693271815776825,-0.015953347086906433,6.68161353468895,0.6576070785522461,0.36544090509414673,0.36544090509414673,21.662703000004058,18.8381789999994,real_npy,0,1
193,/mnt/c/Users/Chirayu/Documents/GitHub/2D-to-3D-image-reconstruction/facescape_224/fsmview_trainset_3_2_smile_9.jpg,0.05126319080591202,7.011676788330078,6.960413597524166,56.079530104994774,7.710570812225342,0.3849935829639435,0.3849935829639435,114.17058400002134,21.62558899999567,real_npy,1,1
194,/mnt/c/Users/Chirayu/Documents/GitHub/2D-to-3D-image-reconstruction/facescape_224/fsmview_trainset_12_13_lip_funneler_49.jpg,0.057959411293268204,0.05661066994071007,-0.001348741352558136,8.086179319769144,0.7037091851234436,0.4671745002269745,0.4671745002269745,49.865612000019155,19.326021000040328,real_npy,0,1
195,/mnt/c/Users/Chirayu/Documents/GitHub/2D-to-3D-image-reconstruction/facescape_224/fsmview_trainset_19_20_brow_lower_36.jpg,0.06213486194610596,0.05889127030968666,-0.0032435916364192963,8.862104780972004,0.7066051959991455,0.3613568842411041,0.3613568842411041,20.537235999995573,21.415395999952125,real_npy,0,1
196,/mnt/c/Users/Chirayu/Documents/GitHub/2D-to-3D-image-reconstruction/facescape_224/fsmview_trainset_13_5_jaw_left_43.jpg,0.1061265766620636,0.10374222695827484,-0.0023843497037887573,8.400544419884682,0.705656111240387,0.40942302346229553,0.40942302346229553,22.17266100001325,20.80319399999553,real_npy,0,1
197,/mnt/c/Users/Chirayu/Documents/GitHub/2D-to-3D-image-reconstruction/facescape_224/fsmview_trainset_12_13_lip_funneler_34.jpg,0.22924956679344177,0.25960585474967957,0.030356287956237793,7.392964757978916,0.6408891677856445,0.4897729754447937,0.4897729754447937,57.24343500003215,20.032668999988346,real_npy,0,1
198,/mnt/c/Users/Chirayu/Documents/GitHub/2D-to-3D-image-reconstruction/facescape_224/fsmview_trainset_7_1_neutral_25.jpg,0.037022028118371964,0.03679605573415756,-0.00022597238421440125,7.937475010752678,0.6714780926704407,0.36237916350364685,0.36237916350364685,21.916052999984004,18.748893000008593,real_npy,0,1
199,/mnt/c/Users/Chirayu/Documents/GitHub/2D-to-3D-image-reconstruction/facescape_224/fsmview_trainset_2_17_cheek_blowing_35.jpg,0.08975919336080551,0.08640014380216599,-0.0033590495586395264,8.649197783321142,0.6956465244293213,0.43438899517059326,0.43438899517059326,49.43403500004706,20.920733000025393,real_npy,0,1
200,/mnt/c/Users/Chirayu/Documents/GitHub/2D-to-3D-image-reconstruction/facescape_224/fsmview_trainset_9_10_dimpler_20.jpg,0.04735863208770752,0.048468705266714096,0.0011100731790065765,8.987436855211854,0.7302709221839905,0.37213006615638733,0.37213006615638733,112.14830500000517,19.290447999992466,real_npy,0,1
201,/mnt/c/Users/Chirayu/Documents/GitHub/2D-to-3D-image-reconstruction/facescape_224/fsmview_trainset_5_9_mouth_right_55.jpg,0.62249755859375,0.7011141180992126,0.07861655950546265,8.743482559919357,0.7183952331542969,0.4256982207298279,0.4256982207298279,95.35972700001594,28.00177699998585,real_npy,0,1
202,/mnt/c/Users/Chirayu/Documents/GitHub/2D-to-3D-image-reconstruction/facescape_224/fsmview_trainset_4_1_neutral_42.jpg,0.06992878019809723,0.07144864648580551,0.0015198662877082825,7.8502295687794685,0.697924792766571,0.373017281293869,0.373017281293869,21.045081000011123,57.810722999988684,real_npy,0,1
203,/mnt/c/Users/Chirayu/Documents/GitHub/2D-to-3D-image-reconstruction/facescape_224/fsmview_trainset_8_6_jaw_right_27.jpg,0.06815365701913834,0.06782547384500504,-0.0003281831741333008,7.571941360831261,0.701129138469696,0.34254953265190125,0.34254953265190125,19.931107999980213,21.807111999976314,real_npy,0,1
204,/mnt/c/Users/Chirayu/Documents/GitHub/2D-to-3D-image-reconstruction/facescape_224/fsmview_trainset_9_1_neutral_5.jpg,0.0391053669154644,22.494047164916992,22.454941798001528,96.75315073132515,23.694610595703125,0.3614563047885895,0.3614563047885895,20.170658999973057,17.71157799998946,real_npy,1,1
205,/mnt/c/Users/Chirayu/Documents/GitHub/2D-to-3D-image-reconstruction/facescape_224/fsmview_trainset_11_8_mouth_left_40.jpg,0.09794282168149948,0.12320763617753983,0.025264814496040344,8.690096143633127,0.750946044921875,0.596910297870636,0.596910297870636,20.66525200001479,19.623199999955432,real_npy,0,1
206,/mnt/c/Users/Chirayu/Documents/GitHub/2D-to-3D-image-reconstruction/facescape_224/fsmview_trainset_12_20_brow_lower_43.jpg,0.04729204252362251,0.04688005521893501,-0.0004119873046875,9.0476961620152,0.7174151539802551,0.48728713393211365,0.48728713393211365,21.257390000016585,21.304396999994424,real_npy,0,1
207,/mnt/c/Users/Chirayu/Documents/GitHub/2D-to-3D-image-reconstruction/facescape_224/fsmview_trainset_13_8_mouth_left_24.jpg,0.5192185044288635,1.5324832201004028,1.0132647156715393,24.10242711007595,2.276031017303467,0.5096208453178406,0.5096208453178406,20.954351000000315,34.37908199998674,real_npy,0,1
208,/mnt/c/Users/Chirayu/Documents/GitHub/2D-to-3D-image-reconstruction/facescape_224/fsmview_trainset_6_5_jaw_left_46.jpg,0.1268792301416397,0.11096678674221039,-0.01591244339942932,9.042346954345703,0.7782235741615295,0.4375445246696472,0.4375445246696472,60.30109099998526,22.80322299998261,real_npy,0,1
209,/mnt/c/Users/Chirayu/Documents/GitHub/2D-to-3D-image-reconstruction/facescape_224/fsmview_trainset_9_18_eye_closed_11.jpg,0.2552826702594757,0.6901166439056396,0.43483397364616394,14.051955610513687,1.351491093635559,0.606285035610199,0.606285035610199,32.14926300000798,22.31392499999174,real_npy,0,1
210,/mnt/c/Users/Chirayu/Documents/GitHub/2D-to-3D-image-reconstruction/facescape_224/fsmview_trainset_20_13_lip_funneler_65.jpg,0.05232270061969757,0.05363454669713974,0.0013118460774421692,8.973218063823879,0.7859776020050049,0.4414450228214264,0.4414450228214264,48.314657000048555,29.778356000008444,real_npy,0,1
211,/mnt/c/Users/Chirayu/Documents/GitHub/2D-to-3D-image-reconstruction/facescape_224/fsmview_trainset_7_18_eye_closed_40.jpg,0.152212992310524,0.1771579384803772,0.02494494616985321,7.162461139261723,0.6516619324684143,0.35108840465545654,0.35108840465545654,77.40321900001845,58.12479599995868,real_npy,0,1
212,/mnt/c/Users/Chirayu/Documents/GitHub/2D-to-3D-image-reconstruction/facescape_224/fsmview_trainset_6_7_jaw_forward_19.jpg,0.04459870606660843,0.047739166766405106,0.0031404606997966766,8.670538497623056,0.7120387554168701,0.3216087520122528,0.3216087520122528,21.433900000033645,19.03140600001052,real_npy,0,1
213,/mnt/c/Users/Chirayu/Documents/GitHub/2D-to-3D-image-reconstruction/facescape_224/fsmview_trainset_9_14_sadness_43.jpg,0.8570520877838135,0.8018056750297546,-0.05524641275405884,7.897680738940835,0.6855987906455994,0.37954676151275635,0.37954676151275635,47.525989000007485,20.968487000004643,real_npy,0,1
214,/mnt/c/Users/Chirayu/Documents/GitHub/2D-to-3D-image-reconstruction/facescape_224/fsmview_trainset_10_5_jaw_left_45.jpg,0.09435632824897766,0.10116738826036453,0.006811060011386871,9.052283779717982,0.7848133444786072,0.3801308274269104,0.3801308274269104,20.83686700001408,20.39319099998238,real_npy,0,1
215,/mnt/c/Users/Chirayu/Documents/GitHub/2D-to-3D-image-reconstruction/facescape_224/fsmview_trainset_5_10_dimpler_12.jpg,0.4080500304698944,27.022554397583008,26.614504367113113,104.61909648776054,28.2519474029541,0.2794714570045471,0.2794714570045471,21.769845999983772,19.15192400002752,real_npy,1,1
216,/mnt/c/Users/Chirayu/Documents/GitHub/2D-to-3D-image-reconstruction/facescape_224/fsmview_trainset_9_2_smile_2.jpg,0.06634771078824997,0.07569006085395813,0.00934235006570816,8.062689539045095,0.7178894281387329,0.3786717653274536,0.3786717653274536,22.874190999971233,19.308595000040896,real_npy,0,1
217,/mnt/c/Users/Chirayu/Documents/GitHub/2D-to-3D-image-reconstruction/facescape_224/fsmview_trainset_14_13_lip_funneler_49.jpg,0.07984724640846252,0.08711910247802734,0.007271856069564819,8.605589166283607,0.7363999485969543,0.5448146462440491,0.5448146462440491,59.34221199999001,24.59863100000348,real_npy,0,1
218,/mnt/c/Users/Chirayu/Documents/GitHub/2D-to-3D-image-reconstruction/facescape_224/fsmview_trainset_16_10_dimpler_24.jpg,0.03502708300948143,0.037524327635765076,0.0024972446262836456,8.538672893308103,0.7129303216934204,0.3644515573978424,0.3644515573978424,102.0110609999847,76.73926699999356,real_npy,0,1
219,/mnt/c/Users/Chirayu/Documents/GitHub/2D-to-3D-image-reconstruction/facescape_224/fsmview_trainset_9_19_brow_raiser_32.jpg,0.23297882080078125,0.15987157821655273,-0.07310724258422852,7.602044031023979,0.6556589007377625,0.47047215700149536,0.47047215700149536,38.87418900001194,21.206742000003942,real_npy,0,1
220,/mnt/c/Users/Chirayu/Documents/GitHub/2D-to-3D-image-reconstruction/facescape_224/fsmview_trainset_9_17_cheek_blowing_3.jpg,0.048875775188207626,0.0508594736456871,0.001983698457479477,7.368482358753681,0.6073775291442871,0.3503273129463196,0.3503273129463196,21.372970000015812,18.971350000015264,real_npy,0,1
221,/mnt/c/Users/Chirayu/Documents/GitHub/2D-to-3D-image-reconstruction/facescape_224/fsmview_trainset_5_19_brow_raiser_23.jpg,0.02942938730120659,1.638175368309021,1.6087459810078144,26.591667061671615,2.736419439315796,0.3420640826225281,0.3420640826225281,20.784665999997287,24.969998000017313,real_npy,0,1
222,/mnt/c/Users/Chirayu/Documents/GitHub/2D-to-3D-image-reconstruction/facescape_224/fsmview_trainset_1_9_mouth_right_43.jpg,0.03371782228350639,0.031407397240400314,-0.002310425043106079,7.779127601534128,0.6673770546913147,0.2822452783584595,0.2822452783584595,21.84056999999484,18.90505299996903,real_npy,0,1
223,/mnt/c/Users/Chirayu/Documents/GitHub/2D-to-3D-image-reconstruction/facescape_224/fsmview_trainset_15_14_sadness_29.jpg,0.26677486300468445,0.34528064727783203,0.07850578427314758,7.827538747340441,0.6490895748138428,0.4045591354370117,0.4045591354370117,57.97902099999419,20.62590299999556,real_npy,0,1
224,/mnt/c/Users/Chirayu/Documents/GitHub/2D-to-3D-image-reconstruction/facescape_224/fsmview_trainset_14_4_anger_45.jpg,0.1088465228676796,0.1164119690656662,0.007565446197986603,9.122057169675827,0.7085686922073364,0.590469241142273,0.590469241142273,19.626456000025883,19.332459000054314,real_npy,0,1
225,/mnt/c/Users/Chirayu/Documents/GitHub/2D-to-3D-image-reconstruction/facescape_224/fsmview_trainset_19_11_chin_raiser_1.jpg,0.036969684064388275,0.037389125674963,0.0004194416105747223,8.206967053934932,0.6727039217948914,0.2347998321056366,0.2347998321056366,20.721412000000328,83.8523040000041,real_npy,0,1
226,/mnt/c/Users/Chirayu/Documents/GitHub/2D-to-3D-image-reconstruction/facescape_224/fsmview_trainset_18_5_jaw_left_10.jpg,0.030529698356986046,0.03308524563908577,0.002555547282099724,8.068954516202211,0.6843599677085876,0.3249754011631012,0.3249754011631012,66.32071400002815,19.88805600001342,real_npy,0,1
227,/mnt/c/Users/Chirayu/Documents/GitHub/2D-to-3D-image-reconstruction/facescape_224/fsmview_trainset_6_19_brow_raiser_8.jpg,0.043674785643815994,0.04456353187561035,0.0008887462317943573,8.170483484864235,0.687174916267395,0.3417123258113861,0.3417123258113861,21.2140149999982,18.891877999976714,real_npy,0,1
228,/mnt/c/Users/Chirayu/Documents/GitHub/2D-to-3D-image-reconstruction/facescape_224/fsmview_trainset_6_4_anger_45.jpg,0.16879723966121674,0.1539911925792694,-0.014806047081947327,8.015039049088955,0.7583487033843994,0.40034064650535583,0.40034064650535583,22.042208000016217,19.79087300003357,real_npy,0,1
229,/mnt/c/Users/Chirayu/Documents/GitHub/2D-to-3D-image-reconstruction/facescape_224/fsmview_trainset_11_8_mouth_left_14.jpg,0.08557701110839844,0.18392275273799896,0.09834574162960052,10.375761952251196,0.9758761525154114,0.5510371327400208,0.5510371327400208,20.50621900002625,20.082618999992974,real_npy,0,1
230,/mnt/c/Users/Chirayu/Documents/GitHub/2D-to-3D-image-reconstruction/facescape_224/fsmview_trainset_1_1_neutral_48.jpg,0.04117815941572189,0.04112998768687248,-4.817172884941101e-05,8.133362360298634,0.6712973713874817,0.3976896107196808,0.3976896107196808,20.367300999964755,21.30781900001466,real_npy,0,1
231,/mnt/c/Users/Chirayu/Documents/GitHub/2D-to-3D-image-reconstruction/facescape_224/fsmview_trainset_19_3_mouth_stretch_15.jpg,0.8687829971313477,0.86801677942276,-0.0007662177085876465,7.045385975390673,0.5988333821296692,0.4361310601234436,0.4361310601234436,19.68926699998974,22.86117899996043,real_npy,0,1
232,/mnt/c/Users/Chirayu/Documents/GitHub/2D-to-3D-image-reconstruction/facescape_224/fsmview_trainset_12_2_smile_41.jpg,0.0573715977370739,0.06996181607246399,0.012590218335390091,9.309652552008629,0.7756075859069824,0.4549639821052551,0.4549639821052551,21.97477900000422,22.111705999975584,real_npy,0,1
233,/mnt/c/Users/Chirayu/Documents/GitHub/2D-to-3D-image-reconstruction/facescape_224/fsmview_trainset_3_19_brow_raiser_6.jpg,0.05039993301033974,0.040472857654094696,-0.009927075356245041,8.543043173849583,0.7290894985198975,0.32586419582366943,0.32586419582366943,71.62111100001312,20.760083000027407,real_npy,0,1
234,/mnt/c/Users/Chirayu/Documents/GitHub/2D-to-3D-image-reconstruction/facescape_224/fsmview_trainset_15_13_lip_funneler_36.jpg,0.07861220091581345,0.1013265922665596,0.022714391350746155,9.329814090393484,0.8045390844345093,0.5494956374168396,0.5494956374168396,20.028762999970695,21.217513999999937,real_npy,0,1
235,/mnt/c/Users/Chirayu/Documents/GitHub/2D-to-3D-image-reconstruction/facescape_224/fsmview_trainset_3_4_anger_24.jpg,0.04773661121726036,0.049528270959854126,0.0017916597425937653,8.82353170029819,0.7253400087356567,0.44569551944732666,0.44569551944732666,20.36142200000768,19.191390999992564,real_npy,0,1
236,/mnt/c/Users/Chirayu/Documents/GitHub/2D-to-3D-image-reconstruction/facescape_224/fsmview_trainset_12_13_lip_funneler_45.jpg,0.04942184314131737,0.04970770329236984,0.000285860151052475,8.834866538643837,0.7404313087463379,0.37994521856307983,0.37994521856307983,21.99763199996596,20.97327299998142,real_npy,0,1
237,/mnt/c/Users/Chirayu/Documents/GitHub/2D-to-3D-image-reconstruction/facescape_224/fsmview_trainset_14_11_chin_raiser_62.jpg,0.3820640742778778,0.3741227686405182,-0.00794130563735962,7.684356361627579,0.6398491859436035,0.5090100765228271,0.5090100765228271,21.65524299999788,19.30166299996472,real_npy,0,1
238,/mnt/c/Users/Chirayu/Documents/GitHub/2D-to-3D-image-reconstruction/facescape_224/fsmview_trainset_13_4_anger_10.jpg,0.04333660006523132,0.04432643949985504,0.0009898394346237183,8.85598258022219,0.7415075898170471,0.4189307391643524,0.4189307391643524,60.9363390000226,19.49881500001993,real_npy,0,1
239,/mnt/c/Users/Chirayu/Documents/GitHub/2D-to-3D-image-reconstruction/facescape_224/fsmview_trainset_15_9_mouth_right_61.jpg,0.2599515914916992,0.28853729367256165,0.028585702180862427,8.207000441849232,0.6727189421653748,0.4677474796772003,0.4677474796772003,20.33328900000697,40.85152499999367,real_npy,0,1
240,/mnt/c/Users/Chirayu/Documents/GitHub/2D-to-3D-image-reconstruction/facescape_224/fsmview_trainset_4_8_mouth_left_25.jpg,0.05718506500124931,0.05816677585244179,0.0009817108511924744,7.969292730093002,0.6980534791946411,0.3869987428188324,0.3869987428188324,20.379767000008542,20.67032999997309,real_npy,0,1
241,/mnt/c/Users/Chirayu/Documents/GitHub/2D-to-3D-image-reconstruction/facescape_224/fsmview_trainset_18_2_smile_18.jpg,0.30350634455680847,0.28464266657829285,-0.018863677978515625,7.126725051552057,0.6540015935897827,0.5312390327453613,0.5312390327453613,44.28700599999047,46.706685000003745,real_npy,0,1
242,/mnt/c/Users/Chirayu/Documents/GitHub/2D-to-3D-image-reconstruction/facescape_224/fsmview_trainset_16_18_eye_closed_45.jpg,0.10423661768436432,0.11309430748224258,0.008857689797878265,8.710349963977933,0.7158190608024597,0.42259714007377625,0.42259714007377625,33.77349999999524,21.782729999983985,real_npy,0,1
243,/mnt/c/Users/Chirayu/Documents/GitHub/2D-to-3D-image-reconstruction/facescape_224/fsmview_trainset_3_1_neutral_40.jpg,0.1492694616317749,0.15875877439975739,0.009489312767982483,7.666272841393948,0.6813973188400269,0.4673062264919281,0.4673062264919281,63.8737269999865,100.9995659999845,real_npy,0,1
244,/mnt/c/Users/Chirayu/Documents/GitHub/2D-to-3D-image-reconstruction/facescape_224/fsmview_trainset_17_6_jaw_right_50.jpg,0.5581948757171631,0.5130305886268616,-0.045164287090301514,8.19707840308547,0.6713268756866455,0.4746691584587097,0.4746691584587097,51.73352200000636,23.208009999962087,real_npy,0,1
245,/mnt/c/Users/Chirayu/Documents/GitHub/2D-to-3D-image-reconstruction/facescape_224/fsmview_trainset_17_7_jaw_forward_44.jpg,0.11434066295623779,0.11295996606349945,-0.0013806968927383423,7.989931087940931,0.6460558772087097,0.4460009038448334,0.4460009038448334,45.168562000014845,20.55713200002174,real_npy,0,1
246,/mnt/c/Users/Chirayu/Documents/GitHub/2D-to-3D-image-reconstruction/facescape_224/fsmview_trainset_13_20_brow_lower_14.jpg,0.04634135589003563,0.23506268858909607,0.18872133269906044,10.495897591114044,0.9739946722984314,0.4419771432876587,0.4419771432876587,24.07257799995932,22.32263299998749,real_npy,0,1
247,/mnt/c/Users/Chirayu/Documents/GitHub/2D-to-3D-image-reconstruction/facescape_224/fsmview_trainset_7_11_chin_raiser_53.jpg,0.05918663367629051,0.05671210214495659,-0.0024745315313339233,7.955314204096794,0.6872418522834778,0.5026848912239075,0.5026848912239075,20.597475999977632,20.74950799999442,real_npy,0,1
248,/mnt/c/Users/Chirayu/Documents/GitHub/2D-to-3D-image-reconstruction/facescape_224/fsmview_trainset_20_4_anger_1.jpg,0.6962738633155823,0.7110829949378967,0.014809131622314453,5.968258168548346,0.6104503273963928,0.4460088312625885,0.4460088312625885,19.766656000001603,20.2294590000065,real_npy,0,0
249,/mnt/c/Users/Chirayu/Documents/GitHub/2D-to-3D-image-reconstruction/facescape_224/fsmview_trainset_5_4_anger_58.jpg,0.6422371864318848,0.7632791996002197,0.12104201316833496,7.7860200852155685,0.6930416226387024,0.49486222863197327,0.49486222863197327,19.66171399999439,19.46967400004951,real_npy,0,1
250,/mnt/c/Users/Chirayu/Documents/GitHub/2D-to-3D-image-reconstruction/facescape_224/fsmview_trainset_5_13_lip_funneler_20.jpg,0.034146394580602646,0.03530581668019295,0.0011594220995903015,7.611175712198019,0.6306703686714172,0.304169237613678,0.304169237613678,81.80185699995945,24.084976999972696,real_npy,0,1
251,/mnt/c/Users/Chirayu/Documents/GitHub/2D-to-3D-image-reconstruction/facescape_224/fsmview_trainset_15_20_brow_lower_36.jpg,0.045696139335632324,0.043707139790058136,-0.0019889995455741882,9.037667997181416,0.7475517392158508,0.561180591583252,0.561180591583252,32.004265000011856,19.24594799999113,real_npy,0,1
252,/mnt/c/Users/Chirayu/Documents/GitHub/2D-to-3D-image-reconstruction/facescape_224/fsmview_trainset_10_5_jaw_left_34.jpg,0.03998058661818504,0.0394815057516098,-0.0004990808665752411,7.891112577170134,0.6857109665870667,0.3362162411212921,0.3362162411212921,20.204340999953274,21.225446000016746,real_npy,0,1
253,/mnt/c/Users/Chirayu/Documents/GitHub/2D-to-3D-image-reconstruction/facescape_224/fsmview_trainset_9_11_chin_raiser_15.jpg,0.06035161018371582,0.0768844410777092,0.016532830893993378,9.258378779515624,0.769835889339447,0.37552329897880554,0.37552329897880554,21.445002000007207,19.5662959999936,real_npy,0,1
254,/mnt/c/Users/Chirayu/Documents/GitHub/2D-to-3D-image-reconstruction/facescape_224/fsmview_trainset_17_1_neutral_20.jpg,0.07787007838487625,0.08495528995990753,0.0070852115750312805,9.4060799786821,0.7715145945549011,0.3577939569950104,0.3577939569950104,21.444247000033556,19.602882000015143,real_npy,0,1
255,/mnt/c/Users/Chirayu/Documents/GitHub/2D-to-3D-image-reconstruction/facescape_224/fsmview_trainset_18_18_eye_closed_11.jpg,0.10095634311437607,0.09415297210216522,-0.006803371012210846,8.161070764064789,0.7218953967094421,0.43073517084121704,0.43073517084121704,24.26054599999361,40.76035700001057,real_npy,0,1
256,/mnt/c/Users/Chirayu/Documents/GitHub/2D-to-3D-image-reconstruction/facescape_224/fsmview_trainset_19_19_brow_raiser_55.jpg,0.2894342541694641,0.31743425130844116,0.02799999713897705,7.708407893776894,0.6872782707214355,0.27586010098457336,0.27586010098457336,20.466312999985803,20.03262599998834,real_npy,0,1
257,/mnt/c/Users/Chirayu/Documents/GitHub/2D-to-3D-image-reconstruction/facescape_224/fsmview_trainset_2_10_dimpler_24.jpg,0.062224894762039185,0.0684499740600586,0.006225079298019409,9.697136224247515,0.7710801362991333,0.48760461807250977,0.48760461807250977,23.09745299999122,31.607202999964557,real_npy,0,1
258,/mnt/c/Users/Chirayu/Documents/GitHub/2D-to-3D-image-reconstruction/facescape_224/fsmview_trainset_20_12_lip_puckerer_6.jpg,0.30328691005706787,0.3678116500377655,0.06452473998069763,6.816364513710141,0.6998799443244934,0.5800445079803467,0.5800445079803467,19.981780000023264,72.92565099999138,real_npy,0,1
259,/mnt/c/Users/Chirayu/Documents/GitHub/2D-to-3D-image-reconstruction/facescape_224/fsmview_trainset_6_12_lip_puckerer_20.jpg,0.05719149112701416,0.06299128383398056,0.0057997927069664,9.02192054875195,0.754555881023407,0.380533903837204,0.380533903837204,60.20855899998878,21.983484000031694,real_npy,0,1
260,/mnt/c/Users/Chirayu/Documents/GitHub/2D-to-3D-image-reconstruction/facescape_224/fsmview_trainset_14_13_lip_funneler_10.jpg,0.08641891926527023,0.08734352886676788,0.0009246096014976501,8.104689091444016,0.7380363345146179,0.621976375579834,0.621976375579834,61.13834699999643,19.546394000030887,real_npy,0,1
261,/mnt/c/Users/Chirayu/Documents/GitHub/2D-to-3D-image-reconstruction/facescape_224/fsmview_trainset_7_19_brow_raiser_42.jpg,0.16475366055965424,0.19907249510288239,0.03431883454322815,6.859119368717074,0.6771481037139893,0.4810997545719147,0.4810997545719147,25.570190999985698,60.076166000044395,real_npy,0,1
262,/mnt/c/Users/Chirayu/Documents/GitHub/2D-to-3D-image-reconstruction/facescape_224/fsmview_trainset_12_15_lip_roll_40.jpg,0.0788319781422615,0.09567445516586304,0.016842477023601532,8.55047481507063,0.6964480876922607,0.3822232186794281,0.3822232186794281,23.937655999986873,20.28417100001434,real_npy,0,1
263,/mnt/c/Users/Chirayu/Documents/GitHub/2D-to-3D-image-reconstruction/facescape_224/fsmview_trainset_3_19_brow_raiser_2.jpg,0.07344932109117508,0.08886346966028214,0.015414148569107056,8.467050790786743,0.7334290146827698,0.4292225241661072,0.4292225241661072,20.95119099999465,20.647747999987587,real_npy,0,1
264,/mnt/c/Users/Chirayu/Documents/GitHub/2D-to-3D-image-reconstruction/facescape_224/fsmview_trainset_20_15_lip_roll_47.jpg,0.09973644465208054,0.1436646729707718,0.043928228318691254,7.916051726788282,0.7295849919319153,0.6189622282981873,0.6189622282981873,21.615553999993153,19.979277999993883,real_npy,0,1
265,/mnt/c/Users/Chirayu/Documents/GitHub/2D-to-3D-image-reconstruction/facescape_224/fsmview_trainset_20_15_lip_roll_12.jpg,0.06356081366539001,0.2285260707139969,0.16496525704860687,7.3390977047383785,0.6993889808654785,0.5712980031967163,0.5712980031967163,28.532218999998804,58.33397800000739,real_npy,0,1
266,/mnt/c/Users/Chirayu/Documents/GitHub/2D-to-3D-image-reconstruction/facescape_224/fsmview_trainset_3_2_smile_8.jpg,0.0452783964574337,0.1619204580783844,0.1166420616209507,10.1011020001024,0.8867932558059692,0.366894006729126,0.366894006729126,21.15961999999172,19.622869999977866,real_npy,0,1
267,/mnt/c/Users/Chirayu/Documents/GitHub/2D-to-3D-image-reconstruction/facescape_224/fsmview_trainset_14_2_smile_22.jpg,0.0402553416788578,0.040000755339860916,-0.0002545863389968872,7.531557533890009,0.633768618106842,0.39650607109069824,0.39650607109069824,21.652592000009463,23.659033999990697,real_npy,0,1
268,/mnt/c/Users/Chirayu/Documents/GitHub/2D-to-3D-image-reconstruction/facescape_224/fsmview_trainset_10_9_mouth_right_26.jpg,0.1365242600440979,1.2903671264648438,1.1538428664207458,24.583674035966396,2.3798205852508545,0.5905819535255432,0.5905819535255432,21.231286999977783,24.28500799999256,real_npy,0,1
269,/mnt/c/Users/Chirayu/Documents/GitHub/2D-to-3D-image-reconstruction/facescape_224/fsmview_trainset_7_15_lip_roll_28.jpg,0.06418979912996292,0.33486583828926086,0.27067603915929794,12.315264551900327,1.1908292770385742,0.3186362087726593,0.3186362087726593,20.223821000001863,23.763194000025578,real_npy,0,1
270,/mnt/c/Users/Chirayu/Documents/GitHub/2D-to-3D-image-reconstruction/facescape_224/fsmview_trainset_20_20_brow_lower_50.jpg,0.5082508325576782,0.4784642457962036,-0.02978658676147461,6.868845731019974,0.6906214952468872,0.5657190680503845,0.5657190680503845,30.29239099998904,21.060353999985182,template_fallback,0,1
271,/mnt/c/Users/Chirayu/Documents/GitHub/2D-to-3D-image-reconstruction/facescape_224/fsmview_trainset_20_10_dimpler_13.jpg,0.05828433856368065,0.056668177247047424,-0.0016161613166332245,8.541423216462135,0.7248720526695251,0.391445130109787,0.391445130109787,20.86553500004129,19.85493300003327,real_npy,0,1
272,/mnt/c/Users/Chirayu/Documents/GitHub/2D-to-3D-image-reconstruction/facescape_224/fsmview_trainset_20_12_lip_puckerer_36.jpg,0.05109024420380592,0.04884811118245125,-0.0022421330213546753,8.503341918811202,0.7206872701644897,0.523152768611908,0.523152768611908,20.934371999999257,23.067534000006162,real_npy,0,1
273,/mnt/c/Users/Chirayu/Documents/GitHub/2D-to-3D-image-reconstruction/facescape_224/fsmview_trainset_17_11_chin_raiser_56.jpg,0.08502895385026932,0.09151703119277954,0.006488077342510223,8.553661210462451,0.7133496403694153,0.3583064079284668,0.3583064079284668,23.57999700001301,22.02523199997586,real_npy,0,1
274,/mnt/c/Users/Chirayu/Documents/GitHub/2D-to-3D-image-reconstruction/facescape_224/fsmview_trainset_11_9_mouth_right_34.jpg,0.04724392667412758,0.04915047436952591,0.0019065476953983307,8.737420255318284,0.7135676741600037,0.5942273736000061,0.5942273736000061,28.803163999953085,48.22795299998006,real_npy,0,1
275,/mnt/c/Users/Chirayu/Documents/GitHub/2D-to-3D-image-reconstruction/facescape_224/fsmview_trainset_9_10_dimpler_12.jpg,0.03976685181260109,0.03948250785470009,-0.000284343957901001,8.276622902601957,0.6875842809677124,0.2303553968667984,0.2303553968667984,24.24123700001246,22.050389000014547,real_npy,0,1
276,/mnt/c/Users/Chirayu/Documents/GitHub/2D-to-3D-image-reconstruction/facescape_224/fsmview_trainset_11_10_dimpler_51.jpg,0.5275472402572632,0.5362170934677124,0.008669853210449219,6.888615682721138,0.6841024160385132,0.619712233543396,0.619712233543396,21.027876000005108,18.90282599998727,real_npy,0,1
277,/mnt/c/Users/Chirayu/Documents/GitHub/2D-to-3D-image-reconstruction/facescape_224/fsmview_trainset_9_3_mouth_stretch_32.jpg,0.04146040230989456,0.04492509365081787,0.0034646913409233093,7.634471498429775,0.7178736329078674,0.3116810619831085,0.3116810619831085,20.762837000006584,20.132416000024023,real_npy,0,1
278,/mnt/c/Users/Chirayu/Documents/GitHub/2D-to-3D-image-reconstruction/facescape_224/fsmview_trainset_14_15_lip_roll_9.jpg,0.17120450735092163,0.18387092649936676,0.01266641914844513,7.4206631407141685,0.7477695345878601,0.5624945163726807,0.5624945163726807,20.120066000004044,21.730222000030608,real_npy,0,1
279,/mnt/c/Users/Chirayu/Documents/GitHub/2D-to-3D-image-reconstruction/facescape_224/fsmview_trainset_8_5_jaw_left_2.jpg,0.06356708705425262,0.06038369983434677,-0.0031833872199058533,8.04151277244091,0.7323072552680969,0.27148377895355225,0.27148377895355225,20.18900300004134,19.88507800001571,real_npy,0,1
280,/mnt/c/Users/Chirayu/Documents/GitHub/2D-to-3D-image-reconstruction/facescape_224/fsmview_trainset_9_7_jaw_forward_42.jpg,0.13781821727752686,0.23400023579597473,0.09618201851844788,6.761545069515705,0.6586862802505493,0.4419816732406616,0.4419816732406616,20.94411600000967,21.936322999977165,real_npy,0,1
281,/mnt/c/Users/Chirayu/Documents/GitHub/2D-to-3D-image-reconstruction/facescape_224/fsmview_trainset_5_20_brow_lower_7.jpg,0.0461980402469635,0.04416540637612343,-0.0020326338708400726,8.273418352007866,0.7319520711898804,0.27351367473602295,0.27351367473602295,20.967309000013756,20.804243000043243,real_npy,0,1
282,/mnt/c/Users/Chirayu/Documents/GitHub/2D-to-3D-image-reconstruction/facescape_224/fsmview_trainset_20_10_dimpler_50.jpg,0.4317440092563629,0.28603482246398926,-0.14570918679237366,6.900107696652412,0.6936002969741821,0.5685679912567139,0.5685679912567139,20.427831000006336,19.363037999994503,real_npy,0,1
283,/mnt/c/Users/Chirayu/Documents/GitHub/2D-to-3D-image-reconstruction/facescape_224/fsmview_trainset_2_15_lip_roll_34.jpg,0.042653121054172516,0.047073330730199814,0.004420209676027298,8.478681776672602,0.7182235717773438,0.4772498607635498,0.4772498607635498,22.225808999962737,20.3042269999969,real_npy,0,1
284,/mnt/c/Users/Chirayu/Documents/GitHub/2D-to-3D-image-reconstruction/facescape_224/fsmview_trainset_12_14_sadness_28.jpg,0.975232720375061,0.9105926156044006,-0.0646401047706604,8.918190583586693,0.7175984978675842,0.5293877720832825,0.5293877720832825,23.760955000000195,20.820504000027995,real_npy,0,1
285,/mnt/c/Users/Chirayu/Documents/GitHub/2D-to-3D-image-reconstruction/facescape_224/fsmview_trainset_11_3_mouth_stretch_62.jpg,0.8332362771034241,0.8527361750602722,0.019499897956848145,7.971490517258644,0.6631377339363098,0.5158084630966187,0.5158084630966187,22.821308999994017,20.317864000048758,real_npy,0,1
286,/mnt/c/Users/Chirayu/Documents/GitHub/2D-to-3D-image-reconstruction/facescape_224/fsmview_trainset_18_15_lip_roll_35.jpg,0.046144284307956696,0.04785315319895744,0.0017088688910007477,9.360587194561958,0.7914458513259888,0.480735719203949,0.480735719203949,21.78798300002427,22.337054999979955,real_npy,0,1
287,/mnt/c/Users/Chirayu/Documents/GitHub/2D-to-3D-image-reconstruction/facescape_224/fsmview_trainset_3_13_lip_funneler_32.jpg,0.045868534594774246,0.04762111231684685,0.0017525777220726013,7.788557164371014,0.6997092962265015,0.3597484827041626,0.3597484827041626,65.29195100000607,32.293315000003986,real_npy,0,1
288,/mnt/c/Users/Chirayu/Documents/GitHub/2D-to-3D-image-reconstruction/facescape_224/fsmview_trainset_1_4_anger_11.jpg,0.09035903215408325,0.08172266185283661,-0.008636370301246643,8.040988236665726,0.7350468039512634,0.38508448004722595,0.38508448004722595,23.062690000017483,22.299865999968915,real_npy,0,1
289,/mnt/c/Users/Chirayu/Documents/GitHub/2D-to-3D-image-reconstruction/facescape_224/fsmview_trainset_11_15_lip_roll_12.jpg,0.06308143585920334,0.06370038539171219,0.0006189495325088501,8.021382495760918,0.6530097723007202,0.48082077503204346,0.48082077503204346,19.427221999990252,20.433123999964664,real_npy,0,1
290,/mnt/c/Users/Chirayu/Documents/GitHub/2D-to-3D-image-reconstruction/facescape_224/fsmview_trainset_3_20_brow_lower_19.jpg,0.03450637310743332,0.034822385758161545,0.0003160126507282257,8.123617317527533,0.6917154788970947,0.32400766015052795,0.32400766015052795,20.93715300003396,21.717364999972233,real_npy,0,1
291,/mnt/c/Users/Chirayu/Documents/GitHub/2D-to-3D-image-reconstruction/facescape_224/fsmview_trainset_1_3_mouth_stretch_32.jpg,0.1964874565601349,12.833271980285645,12.63678452372551,74.59810492396355,13.730993270874023,0.2312060445547104,0.2312060445547104,20.761706999962826,21.43507599998884,real_npy,1,1
292,/mnt/c/Users/Chirayu/Documents/GitHub/2D-to-3D-image-reconstruction/facescape_224/fsmview_trainset_3_19_brow_raiser_18.jpg,0.04425252601504326,0.04463300481438637,0.00038047879934310913,8.447981192730367,0.7011415362358093,0.399167537689209,0.399167537689209,20.35365000000411,21.277429000008397,real_npy,0,1
293,/mnt/c/Users/Chirayu/Documents/GitHub/2D-to-3D-image-reconstruction/facescape_224/fsmview_trainset_14_9_mouth_right_64.jpg,0.0361253023147583,0.03399866446852684,-0.0021266378462314606,7.83256571739912,0.6911938190460205,0.36109164357185364,0.36109164357185364,21.26679600002035,18.75005599998758,real_npy,0,1
294,/mnt/c/Users/Chirayu/Documents/GitHub/2D-to-3D-image-reconstruction/facescape_224/fsmview_trainset_2_7_jaw_forward_55.jpg,0.2782433331012726,0.24926242232322693,-0.028980910778045654,7.486589048057795,0.6373518109321594,0.42019185423851013,0.42019185423851013,23.83958600000824,19.84867400000212,real_npy,0,1
295,/mnt/c/Users/Chirayu/Documents/GitHub/2D-to-3D-image-reconstruction/facescape_224/fsmview_trainset_9_19_brow_raiser_2.jpg,0.07197201997041702,0.08818367123603821,0.016211651265621185,8.411647200584412,0.7226553559303284,0.3874259889125824,0.3874259889125824,25.107172999980776,21.54256100004659,real_npy,0,1
296,/mnt/c/Users/Chirayu/Documents/GitHub/2D-to-3D-image-reconstruction/facescape_224/fsmview_trainset_19_15_lip_roll_12.jpg,0.26691290736198425,0.3089316189289093,0.04201871156692505,7.665442883968353,0.6837114095687866,0.303756445646286,0.303756445646286,20.9603609999931,20.376067999961833,real_npy,0,1
297,/mnt/c/Users/Chirayu/Documents/GitHub/2D-to-3D-image-reconstruction/facescape_224/fsmview_trainset_18_8_mouth_left_29.jpg,0.057490866631269455,0.059461236000061035,0.00197036936879158,8.958438858389854,0.6990857720375061,0.45608681440353394,0.45608681440353394,21.191227000031176,20.06222400001434,real_npy,0,1
298,/mnt/c/Users/Chirayu/Documents/GitHub/2D-to-3D-image-reconstruction/facescape_224/fsmview_trainset_19_8_mouth_left_21.jpg,0.04719672352075577,0.04555452987551689,-0.0016421936452388763,8.925067245960236,0.7083936333656311,0.31539008021354675,0.31539008021354675,24.44225199997163,22.415125000009084,real_npy,0,1
299,/mnt/c/Users/Chirayu/Documents/GitHub/2D-to-3D-image-reconstruction/facescape_224/fsmview_trainset_12_17_cheek_blowing_45.jpg,0.05117218568921089,0.061348412185907364,0.010176226496696472,9.08800636511296,0.7688723802566528,0.49000340700149536,0.49000340700149536,22.9990839999914,19.990387000007104,real_npy,0,1
300,/mnt/c/Users/Chirayu/Documents/GitHub/2D-to-3D-image-reconstruction/facescape_224/fsmview_trainset_8_18_eye_closed_16.jpg,0.08884986490011215,0.08991927653551102,0.0010694116353988647,8.152424044907093,0.7314121723175049,0.40274956822395325,0.40274956822395325,23.63945000001877,22.776633999967544,real_npy,0,1
301,/mnt/c/Users/Chirayu/Documents/GitHub/2D-to-3D-image-reconstruction/facescape_224/fsmview_trainset_19_4_anger_16.jpg,0.05268050357699394,0.05210971087217331,-0.0005707927048206329,9.267053879797459,0.769146203994751,0.28716781735420227,0.28716781735420227,39.53952599999866,31.03916800000661,real_npy,0,1
302,/mnt/c/Users/Chirayu/Documents/GitHub/2D-to-3D-image-reconstruction/facescape_224/fsmview_trainset_18_7_jaw_forward_19.jpg,0.06255745887756348,0.0641125962138176,0.0015551373362541199,9.410596976056695,0.7646776437759399,0.41850385069847107,0.41850385069847107,27.061449000029825,32.97282799996992,real_npy,0,1
303,/mnt/c/Users/Chirayu/Documents/GitHub/2D-to-3D-image-reconstruction/facescape_224/fsmview_trainset_6_2_smile_0.jpg,0.3804616928100586,0.37097930908203125,-0.009482383728027344,6.554365709424019,0.6399668455123901,0.4231325089931488,0.4231325089931488,29.27855999996609,28.235047999999097,real_npy,0,1
304,/mnt/c/Users/Chirayu/Documents/GitHub/2D-to-3D-image-reconstruction/facescape_224/fsmview_trainset_15_18_eye_closed_18.jpg,0.04822232201695442,0.062289390712976456,0.014067068696022034,8.40464474260807,0.7213541269302368,0.5484738945960999,0.5484738945960999,34.43752300000824,23.52989999997135,real_npy,0,1
305,/mnt/c/Users/Chirayu/Documents/GitHub/2D-to-3D-image-reconstruction/facescape_224/fsmview_trainset_3_10_dimpler_46.jpg,0.13172174990177155,0.1389351189136505,0.007213369011878967,8.44983410090208,0.716862142086029,0.5110867023468018,0.5110867023468018,20.778018999976666,21.632920000001832,real_npy,0,1
306,/mnt/c/Users/Chirayu/Documents/GitHub/2D-to-3D-image-reconstruction/facescape_224/fsmview_trainset_12_16_grin_6.jpg,0.08216740190982819,0.08168482035398483,-0.00048258155584335327,8.671204656362534,0.7572190761566162,0.595248281955719,0.595248281955719,21.406452000007903,20.104972000012822,real_npy,0,1
307,/mnt/c/Users/Chirayu/Documents/GitHub/2D-to-3D-image-reconstruction/facescape_224/fsmview_trainset_2_6_jaw_right_56.jpg,0.08591710776090622,0.08469235897064209,-0.0012247487902641296,8.567480769008398,0.7585174441337585,0.4139948785305023,0.4139948785305023,22.965924000004634,21.898757000030855,real_npy,0,1
308,/mnt/c/Users/Chirayu/Documents/GitHub/2D-to-3D-image-reconstruction/facescape_224/fsmview_trainset_12_19_brow_raiser_27.jpg,0.06100722774863243,0.06684667617082596,0.005839448422193527,9.230604365468025,0.7578994035720825,0.4970698952674866,0.4970698952674866,23.007546999963324,20.841503000042394,real_npy,0,1
309,/mnt/c/Users/Chirayu/Documents/GitHub/2D-to-3D-image-reconstruction/facescape_224/fsmview_trainset_18_10_dimpler_47.jpg,0.046188537031412125,0.04472564905881882,-0.0014628879725933075,8.490930523723364,0.6771320104598999,0.41209492087364197,0.41209492087364197,20.812166999974124,21.102001000031123,real_npy,0,1
310,/mnt/c/Users/Chirayu/Documents/GitHub/2D-to-3D-image-reconstruction/facescape_224/fsmview_trainset_5_5_jaw_left_56.jpg,0.10200851410627365,0.09986084699630737,-0.002147667109966278,8.383821062743664,0.7314675450325012,0.43866100907325745,0.43866100907325745,19.935144000044147,19.205252000006112,real_npy,0,1
311,/mnt/c/Users/Chirayu/Documents/GitHub/2D-to-3D-image-reconstruction/facescape_224/fsmview_trainset_20_13_lip_funneler_13.jpg,0.09557132422924042,0.10396202653646469,0.008390702307224274,8.560157801955938,0.7429670095443726,0.45947176218032837,0.45947176218032837,21.427950999964196,25.27205300003743,real_npy,0,1
312,/mnt/c/Users/Chirayu/Documents/GitHub/2D-to-3D-image-reconstruction/facescape_224/fsmview_trainset_5_12_lip_puckerer_23.jpg,0.0341799221932888,10.814937591552734,10.780757669359446,68.13112717866898,11.456292152404785,0.3363340198993683,0.3363340198993683,21.098856000037358,20.843843000022844,real_npy,1,1
313,/mnt/c/Users/Chirayu/Documents/GitHub/2D-to-3D-image-reconstruction/facescape_224/fsmview_trainset_5_11_chin_raiser_31.jpg,0.048570726066827774,0.04467901587486267,-0.003891710191965103,8.254179745912552,0.6760388016700745,0.4385364353656769,0.4385364353656769,20.072166999966612,19.9014990000137,real_npy,0,1
314,/mnt/c/Users/Chirayu/Documents/GitHub/2D-to-3D-image-reconstruction/facescape_224/fsmview_trainset_15_20_brow_lower_65.jpg,0.05950208380818367,0.05918469280004501,-0.0003173910081386566,8.605843372642994,0.7985945343971252,0.4783177077770233,0.4783177077770233,23.4799149999958,22.844520000035118,real_npy,0,1
315,/mnt/c/Users/Chirayu/Documents/GitHub/2D-to-3D-image-reconstruction/facescape_224/fsmview_trainset_1_15_lip_roll_25.jpg,0.072984978556633,0.07663313299417496,0.0036481544375419617,8.381200224161148,0.7695722579956055,0.4877466559410095,0.4877466559410095,68.50729299998193,21.453405999977804,real_npy,0,1
316,/mnt/c/Users/Chirayu/Documents/GitHub/2D-to-3D-image-reconstruction/facescape_224/fsmview_trainset_20_3_mouth_stretch_60.jpg,0.05461609363555908,0.05332549288868904,-0.001290600746870041,8.676722833886743,0.7998948693275452,0.4581228196620941,0.4581228196620941,21.790891000023294,20.940429999996013,real_npy,0,1
317,/mnt/c/Users/Chirayu/Documents/GitHub/2D-to-3D-image-reconstruction/facescape_224/fsmview_trainset_3_16_grin_34.jpg,0.04374498128890991,0.045509450137615204,0.0017644688487052917,7.91692216694355,0.6740047931671143,0.4230189323425293,0.4230189323425293,44.46632799999861,32.26435900000979,real_npy,0,1
318,/mnt/c/Users/Chirayu/Documents/GitHub/2D-to-3D-image-reconstruction/facescape_224/fsmview_trainset_2_11_chin_raiser_38.jpg,0.08299238234758377,0.09651036560535431,0.013517983257770538,8.384122539311647,0.6810304522514343,0.3115585148334503,0.3115585148334503,24.766027999987728,20.00610400000369,real_npy,0,1
319,/mnt/c/Users/Chirayu/Documents/GitHub/2D-to-3D-image-reconstruction/facescape_224/fsmview_trainset_3_14_sadness_47.jpg,0.06321421265602112,0.0867774486541748,0.023563235998153687,9.069888819009066,0.7621740698814392,0.47971898317337036,0.47971898317337036,21.36043000001564,20.083214999999655,real_npy,0,1
320,/mnt/c/Users/Chirayu/Documents/GitHub/2D-to-3D-image-reconstruction/facescape_224/fsmview_trainset_20_13_lip_funneler_35.jpg,0.05575244873762131,0.05618586391210556,0.00043341517448425293,8.508215674199164,0.715749204158783,0.5090314149856567,0.5090314149856567,19.925217999968936,21.05740000001788,real_npy,0,1
321,/mnt/c/Users/Chirayu/Documents/GitHub/2D-to-3D-image-reconstruction/facescape_224/fsmview_trainset_13_5_jaw_left_15.jpg,0.15895478427410126,1.9135187864303589,1.7545640021562576,31.170157462358475,3.133310317993164,0.5243456363677979,0.5243456363677979,21.48442300000397,26.447526000026755,real_npy,0,1
322,/mnt/c/Users/Chirayu/Documents/GitHub/2D-to-3D-image-reconstruction/facescape_224/fsmview_trainset_18_14_sadness_43.jpg,0.033396970480680466,0.03166754171252251,-0.001729428768157959,7.88280463591218,0.6561200022697449,0.32818713784217834,0.32818713784217834,22.767033000036463,40.89233900003819,real_npy,0,1
323,/mnt/c/Users/Chirayu/Documents/GitHub/2D-to-3D-image-reconstruction/facescape_224/fsmview_trainset_1_10_dimpler_45.jpg,0.03866236284375191,10.505389213562012,10.46672685071826,64.0984773337841,11.338598251342773,0.3543740510940552,0.3543740510940552,22.765431999971497,19.673684999986563,real_npy,1,1
324,/mnt/c/Users/Chirayu/Documents/GitHub/2D-to-3D-image-reconstruction/facescape_224/fsmview_trainset_11_18_eye_closed_23.jpg,0.048001401126384735,0.045433685183525085,-0.0025677159428596497,8.318987905979156,0.6490998268127441,0.5327277183532715,0.5327277183532715,20.297141999947144,18.342433000043457,real_npy,0,1
325,/mnt/c/Users/Chirayu/Documents/GitHub/2D-to-3D-image-reconstruction/facescape_224/fsmview_trainset_1_6_jaw_right_50.jpg,0.04146392270922661,5.624527454376221,5.583063531666994,46.804594188928604,7.04296350479126,0.39048445224761963,0.39048445224761963,20.825127000023258,28.01101199997902,real_npy,1,1
326,/mnt/c/Users/Chirayu/Documents/GitHub/2D-to-3D-image-reconstruction/facescape_224/fsmview_trainset_18_2_smile_35.jpg,0.04363667219877243,9.803933143615723,9.76029647141695,65.44027650356293,10.29151439666748,0.41648104786872864,0.41648104786872864,23.2362890000104,17.856738999967092,real_npy,1,1
327,/mnt/c/Users/Chirayu/Documents/GitHub/2D-to-3D-image-reconstruction/facescape_224/fsmview_trainset_15_4_anger_37.jpg,0.08300984650850296,0.10636620223522186,0.023356355726718903,9.258132352493703,0.7999328374862671,0.5669615864753723,0.5669615864753723,20.15153199999986,19.66755299997658,real_npy,0,1
328,/mnt/c/Users/Chirayu/Documents/GitHub/2D-to-3D-image-reconstruction/facescape_224/fsmview_trainset_11_11_chin_raiser_56.jpg,0.06659170985221863,0.06386713683605194,-0.002724573016166687,9.255677036941051,0.8054042458534241,0.4657000005245209,0.4657000005245209,20.628122000005078,20.349699000007604,real_npy,0,1
329,/mnt/c/Users/Chirayu/Documents/GitHub/2D-to-3D-image-reconstruction/facescape_224/fsmview_trainset_17_2_smile_37.jpg,0.054148171097040176,0.06017459183931351,0.006026420742273331,7.85399922914803,0.6539453268051147,0.3879675567150116,0.3879675567150116,69.13809799999626,20.711179999977958,real_npy,0,1
330,/mnt/c/Users/Chirayu/Documents/GitHub/2D-to-3D-image-reconstruction/facescape_224/fsmview_trainset_4_17_cheek_blowing_33.jpg,0.031187668442726135,151.3225860595703,151.2913983911276,226.7121912240982,182.40899658203125,0.2820451557636261,0.2820451557636261,20.37716500001352,21.263453000017307,real_npy,1,1
331,/mnt/c/Users/Chirayu/Documents/GitHub/2D-to-3D-image-reconstruction/facescape_224/fsmview_trainset_6_1_neutral_33.jpg,0.042970217764377594,2.1958625316619873,2.1528923138976097,28.292300652712584,3.3025879859924316,0.38378608226776123,0.38378608226776123,20.13809899995067,29.10148000000845,real_npy,1,1
332,/mnt/c/Users/Chirayu/Documents/GitHub/2D-to-3D-image-reconstruction/facescape_224/fsmview_trainset_2_10_dimpler_30.jpg,0.050062164664268494,0.05003054812550545,-3.1616538763046265e-05,9.066666407510638,0.745461642742157,0.3763578534126282,0.3763578534126282,21.712778999983584,21.29554699996561,real_npy,0,1
333,/mnt/c/Users/Chirayu/Documents/GitHub/2D-to-3D-image-reconstruction/facescape_224/fsmview_trainset_5_3_mouth_stretch_3.jpg,0.2465813308954239,0.25579553842544556,0.009214207530021667,7.752787701785564,0.6344775557518005,0.36733728647232056,0.36733728647232056,22.269798999957402,25.34124799996107,real_npy,0,1
334,/mnt/c/Users/Chirayu/Documents/GitHub/2D-to-3D-image-reconstruction/facescape_224/fsmview_trainset_19_17_cheek_blowing_22.jpg,0.06223569065332413,0.0707150474190712,0.00847935676574707,9.376791145186871,0.7714411616325378,0.36304378509521484,0.36304378509521484,22.080829999993057,21.00241699997696,real_npy,0,1
335,/mnt/c/Users/Chirayu/Documents/GitHub/2D-to-3D-image-reconstruction/facescape_224/fsmview_trainset_19_1_neutral_42.jpg,0.08850138634443283,0.10304584354162216,0.014544457197189331,8.36943769827485,0.7475185990333557,0.40786996483802795,0.40786996483802795,20.627863000015623,20.951132999982747,real_npy,0,1
336,/mnt/c/Users/Chirayu/Documents/GitHub/2D-to-3D-image-reconstruction/facescape_224/fsmview_trainset_11_14_sadness_6.jpg,0.6950138807296753,0.700205385684967,0.005191504955291748,7.971721935085952,0.6853172779083252,0.6077684164047241,0.6077684164047241,20.8650520000333,64.2760509999789,real_npy,0,1
337,/mnt/c/Users/Chirayu/Documents/GitHub/2D-to-3D-image-reconstruction/facescape_224/fsmview_trainset_15_9_mouth_right_33.jpg,0.0623621866106987,0.08242165297269821,0.02005946636199951,8.007109563797712,0.736168622970581,0.5549266338348389,0.5549266338348389,19.92619800000739,19.765166000013323,real_npy,0,1
338,/mnt/c/Users/Chirayu/Documents/GitHub/2D-to-3D-image-reconstruction/facescape_224/fsmview_trainset_11_15_lip_roll_64.jpg,0.4236443042755127,0.47007912397384644,0.04643481969833374,8.243586607277393,0.6835598945617676,0.5116760730743408,0.5116760730743408,22.933643999976994,29.13457400001107,real_npy,0,1
339,/mnt/c/Users/Chirayu/Documents/GitHub/2D-to-3D-image-reconstruction/facescape_224/fsmview_trainset_16_10_dimpler_43.jpg,0.03371249884366989,0.033358193933963776,-0.0003543049097061157,7.703547280281782,0.6464401483535767,0.30304354429244995,0.30304354429244995,20.197953000035795,58.476391999988664,real_npy,0,1
340,/mnt/c/Users/Chirayu/Documents/GitHub/2D-to-3D-image-reconstruction/facescape_224/fsmview_trainset_18_6_jaw_right_8.jpg,0.04064014554023743,0.03875872492790222,-0.001881420612335205,8.785451473668218,0.7621919512748718,0.29853421449661255,0.29853421449661255,19.380799999964893,30.81645299999991,real_npy,0,1
341,/mnt/c/Users/Chirayu/Documents/GitHub/2D-to-3D-image-reconstruction/facescape_224/fsmview_trainset_11_11_chin_raiser_8.jpg,0.4440711438655853,0.5351623296737671,0.09109118580818176,6.962229631841183,0.612351655960083,0.5798762440681458,0.5798762440681458,39.79288699997596,28.82056499998953,real_npy,0,1
342,/mnt/c/Users/Chirayu/Documents/GitHub/2D-to-3D-image-reconstruction/facescape_224/fsmview_trainset_3_7_jaw_forward_50.jpg,0.20312005281448364,0.19942665100097656,-0.00369340181350708,7.431031532585621,0.6750075221061707,0.5307843089103699,0.5307843089103699,21.063470000001416,19.883948999961376,real_npy,0,1
343,/mnt/c/Users/Chirayu/Documents/GitHub/2D-to-3D-image-reconstruction/facescape_224/fsmview_trainset_11_7_jaw_forward_13.jpg,0.06757116317749023,0.06894420087337494,0.0013730376958847046,7.5579191744327545,0.6420974135398865,0.45826804637908936,0.45826804637908936,33.245220000026166,18.911779000006845,real_npy,0,1
344,/mnt/c/Users/Chirayu/Documents/GitHub/2D-to-3D-image-reconstruction/facescape_224/fsmview_trainset_14_11_chin_raiser_29.jpg,0.1321980059146881,0.3575247526168823,0.2253267467021942,13.555079453624785,1.233064889907837,0.32444021105766296,0.32444021105766296,21.50830400000814,23.896271000012348,real_npy,0,1
345,/mnt/c/Users/Chirayu/Documents/GitHub/2D-to-3D-image-reconstruction/facescape_224/fsmview_trainset_15_19_brow_raiser_22.jpg,0.03769383579492569,0.03818036988377571,0.00048653408885002136,7.234865661710501,0.6190406084060669,0.45958495140075684,0.45958495140075684,38.6858640000014,38.00318499997957,real_npy,0,1
346,/mnt/c/Users/Chirayu/Documents/GitHub/2D-to-3D-image-reconstruction/facescape_224/fsmview_trainset_4_1_neutral_39.jpg,0.05322430655360222,0.048161786049604416,-0.005062520503997803,8.28337612003088,0.7188054323196411,0.3332628905773163,0.3332628905773163,20.444673000042712,20.460777999971924,real_npy,0,1
347,/mnt/c/Users/Chirayu/Documents/GitHub/2D-to-3D-image-reconstruction/facescape_224/fsmview_trainset_4_12_lip_puckerer_15.jpg,0.23122777044773102,0.2267553210258484,-0.004472449421882629,6.207216903567314,0.5862155556678772,0.43098679184913635,0.43098679184913635,35.16702299998542,18.721771000002718,real_npy,0,0
348,/mnt/c/Users/Chirayu/Documents/GitHub/2D-to-3D-image-reconstruction/facescape_224/fsmview_trainset_15_14_sadness_66.jpg,0.3858872950077057,0.46486595273017883,0.07897865772247314,9.827441483736038,0.8286213278770447,0.4715571999549866,0.4715571999549866,21.079602999975577,22.51224600001933,real_npy,0,1
349,/mnt/c/Users/Chirayu/Documents/GitHub/2D-to-3D-image-reconstruction/facescape_224/fsmview_trainset_8_9_mouth_right_49.jpg,0.17064088582992554,0.26012536883354187,0.08948448300361633,7.67750209569931,0.7694220542907715,0.4868529438972473,0.4868529438972473,20.530243999985487,21.853713999973934,real_npy,0,1
350,/mnt/c/Users/Chirayu/Documents/GitHub/2D-to-3D-image-reconstruction/facescape_224/fsmview_trainset_6_2_smile_24.jpg,0.04826853424310684,0.04685688763856888,-0.0014116466045379639,8.401430819183588,0.7151733636856079,0.3994881212711334,0.3994881212711334,20.224644999984775,22.927898000034475,real_npy,0,1
351,/mnt/c/Users/Chirayu/Documents/GitHub/2D-to-3D-image-reconstruction/facescape_224/fsmview_trainset_8_8_mouth_left_18.jpg,0.11821673810482025,0.12833087146282196,0.010114133358001709,7.945714712142944,0.7588756680488586,0.44735774397850037,0.44735774397850037,21.56584300001896,23.57786199996781,real_npy,0,1
352,/mnt/c/Users/Chirayu/Documents/GitHub/2D-to-3D-image-reconstruction/facescape_224/fsmview_trainset_11_16_grin_22.jpg,0.04294203966856003,0.043587662279605865,0.0006456226110458374,8.05849313735962,0.6618298292160034,0.4783419966697693,0.4783419966697693,20.95344299999624,20.29688300001453,real_npy,0,1
353,/mnt/c/Users/Chirayu/Documents/GitHub/2D-to-3D-image-reconstruction/facescape_224/fsmview_trainset_14_10_dimpler_38.jpg,0.06696576625108719,0.053841732442379,-0.013124033808708191,7.8091678991913795,0.6443603038787842,0.33879420161247253,0.33879420161247253,21.64064400000143,19.377738000002864,real_npy,0,1
354,/mnt/c/Users/Chirayu/Documents/GitHub/2D-to-3D-image-reconstruction/facescape_224/fsmview_trainset_1_11_chin_raiser_13.jpg,0.08648984134197235,0.08839470893144608,0.0019048675894737244,7.500196740031242,0.6623255014419556,0.498416930437088,0.498416930437088,47.201527000027,21.42801400003691,real_npy,0,1
355,/mnt/c/Users/Chirayu/Documents/GitHub/2D-to-3D-image-reconstruction/facescape_224/fsmview_trainset_7_4_anger_40.jpg,0.15086711943149567,0.15973101556301117,0.008863896131515503,6.7499991953372955,0.6101449131965637,0.27548661828041077,0.27548661828041077,20.621610999967288,20.78512299999602,real_npy,0,1
356,/mnt/c/Users/Chirayu/Documents/GitHub/2D-to-3D-image-reconstruction/facescape_224/fsmview_trainset_13_12_lip_puckerer_43.jpg,0.07554568350315094,6.401191234588623,6.325645551085472,49.86696804314852,7.867247581481934,0.41578465700149536,0.41578465700149536,20.289832000003116,71.09424200001513,real_npy,1,1
357,/mnt/c/Users/Chirayu/Documents/GitHub/2D-to-3D-image-reconstruction/facescape_224/fsmview_trainset_17_15_lip_roll_10.jpg,0.04881802573800087,0.07548728585243225,0.02666926011443138,7.9205393847078085,0.6956778168678284,0.3012450039386749,0.3012450039386749,20.24524600000177,54.32792599998493,real_npy,0,1
358,/mnt/c/Users/Chirayu/Documents/GitHub/2D-to-3D-image-reconstruction/facescape_224/fsmview_trainset_1_19_brow_raiser_11.jpg,0.09502044320106506,0.08481063693761826,-0.010209806263446808,8.421345800161362,0.7602101564407349,0.3817848563194275,0.3817848563194275,109.77745499997127,52.15134200000193,real_npy,0,1
359,/mnt/c/Users/Chirayu/Documents/GitHub/2D-to-3D-image-reconstruction/facescape_224/fsmview_trainset_11_9_mouth_right_44.jpg,0.12741996347904205,0.1278996467590332,0.0004796832799911499,8.340659648180008,0.7925020456314087,0.5733210444450378,0.5733210444450378,21.128876000034325,20.211106000033396,real_npy,0,1
360,/mnt/c/Users/Chirayu/Documents/GitHub/2D-to-3D-image-reconstruction/facescape_224/fsmview_trainset_1_6_jaw_right_54.jpg,0.07558565586805344,0.08005127310752869,0.00446561723947525,8.130191341042519,0.7802271246910095,0.32279807329177856,0.32279807329177856,20.79890400000295,30.284912000013264,real_npy,0,1
361,/mnt/c/Users/Chirayu/Documents/GitHub/2D-to-3D-image-reconstruction/facescape_224/fsmview_trainset_10_19_brow_raiser_46.jpg,0.11339906603097916,0.1234223023056984,0.010023236274719238,9.550920333713293,0.782192051410675,0.3834877014160156,0.3834877014160156,33.87179100002413,23.28670100001773,real_npy,0,1
362,/mnt/c/Users/Chirayu/Documents/GitHub/2D-to-3D-image-reconstruction/facescape_224/fsmview_trainset_17_2_smile_48.jpg,0.28335654735565186,0.2755250632762909,-0.007831484079360962,7.510354563593864,0.614486038684845,0.41824087500572205,0.41824087500572205,23.076528999979473,57.70476600002894,real_npy,0,1
363,/mnt/c/Users/Chirayu/Documents/GitHub/2D-to-3D-image-reconstruction/facescape_224/fsmview_trainset_20_16_grin_33.jpg,0.030767392367124557,11.29289436340332,11.262126971036196,70.24251465499401,11.855956077575684,0.4676646590232849,0.4676646590232849,20.397195999976248,39.66649599999528,real_npy,1,1
364,/mnt/c/Users/Chirayu/Documents/GitHub/2D-to-3D-image-reconstruction/facescape_224/fsmview_trainset_20_3_mouth_stretch_7.jpg,1.0832359790802002,1.0319182872772217,-0.051317691802978516,6.421469412744045,0.6058632731437683,0.46431803703308105,0.46431803703308105,20.587234000004173,19.116236999991543,real_npy,0,0
365,/mnt/c/Users/Chirayu/Documents/GitHub/2D-to-3D-image-reconstruction/facescape_224/fsmview_trainset_11_15_lip_roll_56.jpg,0.05178866162896156,0.0510653555393219,-0.0007233060896396637,9.380198357626796,0.8078718781471252,0.4518694579601288,0.4518694579601288,44.52412200004119,19.920652000052996,real_npy,0,1
366,/mnt/c/Users/Chirayu/Documents/GitHub/2D-to-3D-image-reconstruction/facescape_224/fsmview_trainset_4_15_lip_roll_33.jpg,0.029352650046348572,244.06459045410156,244.0352378040552,286.4290446639061,291.3877258300781,0.28584328293800354,0.28584328293800354,19.678618999989794,19.45223600000645,real_npy,1,1
367,/mnt/c/Users/Chirayu/Documents/GitHub/2D-to-3D-image-reconstruction/facescape_224/fsmview_trainset_20_5_jaw_left_8.jpg,0.13851799070835114,0.13121524453163147,-0.0073027461767196655,8.641985580325127,0.7985814213752747,0.5357789397239685,0.5357789397239685,21.122144000003118,20.695090000003802,real_npy,0,1
368,/mnt/c/Users/Chirayu/Documents/GitHub/2D-to-3D-image-reconstruction/facescape_224/fsmview_trainset_10_2_smile_16.jpg,0.03772996366024017,0.038982901722192764,0.001252938061952591,7.814858466386795,0.6633440256118774,0.2809250056743622,0.2809250056743622,22.087871999985964,19.98508600001969,real_npy,0,1
369,/mnt/c/Users/Chirayu/Documents/GitHub/2D-to-3D-image-reconstruction/facescape_224/fsmview_trainset_6_7_jaw_forward_22.jpg,0.3425309956073761,0.3617250323295593,0.019194036722183228,6.78471764177084,0.5930413007736206,0.541290819644928,0.541290819644928,87.88544100002582,19.88594700003432,real_npy,0,1
370,/mnt/c/Users/Chirayu/Documents/GitHub/2D-to-3D-image-reconstruction/facescape_224/fsmview_trainset_5_18_eye_closed_38.jpg,0.04725411906838417,0.049022842198610306,0.0017687231302261353,7.683802139014006,0.6810145974159241,0.38077786564826965,0.38077786564826965,36.17443299998513,42.00873799999272,real_npy,0,1
371,/mnt/c/Users/Chirayu/Documents/GitHub/2D-to-3D-image-reconstruction/facescape_224/fsmview_trainset_8_1_neutral_42.jpg,0.062151726335287094,0.0654820129275322,0.003330286592245102,8.235522709786892,0.7437707185745239,0.3662024140357971,0.3662024140357971,21.583530000043538,19.521327999996174,real_npy,0,1
372,/mnt/c/Users/Chirayu/Documents/GitHub/2D-to-3D-image-reconstruction/facescape_224/fsmview_trainset_6_20_brow_lower_16.jpg,0.15165939927101135,0.16751007735729218,0.015850678086280823,8.109526872634888,0.7296263575553894,0.24736744165420532,0.24736744165420532,21.962782999992214,21.96167800002513,real_npy,0,1
373,/mnt/c/Users/Chirayu/Documents/GitHub/2D-to-3D-image-reconstruction/facescape_224/fsmview_trainset_6_10_dimpler_16.jpg,0.02982167713344097,58.56339645385742,58.53357477672398,149.52854451537132,60.858333587646484,0.28283917903900146,0.28283917903900146,22.610003000011147,19.058303000008436,real_npy,1,1
374,/mnt/c/Users/Chirayu/Documents/GitHub/2D-to-3D-image-reconstruction/facescape_224/fsmview_trainset_11_9_mouth_right_48.jpg,0.7549166083335876,0.6041414737701416,-0.15077513456344604,7.755399938672781,0.6914920806884766,0.5383922457695007,0.5383922457695007,19.883489999983794,20.115684000018064,real_npy,0,1
375,/mnt/c/Users/Chirayu/Documents/GitHub/2D-to-3D-image-reconstruction/facescape_224/fsmview_trainset_1_9_mouth_right_15.jpg,0.18290920555591583,0.17437244951725006,-0.008536756038665771,7.76410286873579,0.6568406820297241,0.4921194911003113,0.4921194911003113,54.982783000014024,21.319039000047724,real_npy,0,1
376,/mnt/c/Users/Chirayu/Documents/GitHub/2D-to-3D-image-reconstruction/facescape_224/fsmview_trainset_5_8_mouth_left_35.jpg,0.051406361162662506,0.04843692108988762,-0.002969440072774887,8.380738651379943,0.7026205062866211,0.39867767691612244,0.39867767691612244,26.04144500003258,22.756247000017993,real_npy,0,1
377,/mnt/c/Users/Chirayu/Documents/GitHub/2D-to-3D-image-reconstruction/facescape_224/fsmview_trainset_9_15_lip_roll_40.jpg,0.1742822676897049,0.18689453601837158,0.012612268328666687,7.724618751555681,0.6600562334060669,0.46144700050354004,0.46144700050354004,24.6544780000022,23.370512000042254,real_npy,0,1
378,/mnt/c/Users/Chirayu/Documents/GitHub/2D-to-3D-image-reconstruction/facescape_224/fsmview_trainset_15_2_smile_20.jpg,0.10533799976110458,0.12281864136457443,0.01748064160346985,7.463252693414688,0.6377537846565247,0.42274951934814453,0.42274951934814453,21.389758999987407,20.39687500001719,real_npy,0,1
379,/mnt/c/Users/Chirayu/Documents/GitHub/2D-to-3D-image-reconstruction/facescape_224/fsmview_trainset_2_20_brow_lower_8.jpg,0.05155036225914955,15.338874816894531,15.287324454635382,80.99572333693504,16.169841766357422,0.4464970827102661,0.4464970827102661,20.90977099999236,17.607749999967837,real_npy,1,1
380,/mnt/c/Users/Chirayu/Documents/GitHub/2D-to-3D-image-reconstruction/facescape_224/fsmview_trainset_7_17_cheek_blowing_39.jpg,0.22007279098033905,0.19649145007133484,-0.02358134090900421,7.267704173922539,0.6278089284896851,0.5047426819801331,0.5047426819801331,22.887749000005897,41.18729099997154,real_npy,0,1
381,/mnt/c/Users/Chirayu/Documents/GitHub/2D-to-3D-image-reconstruction/facescape_224/fsmview_trainset_17_14_sadness_42.jpg,0.11369882524013519,1.6270978450775146,1.5133990198373795,25.409219935536385,2.645212173461914,0.43646955490112305,0.43646955490112305,22.542826999995214,25.963427000021966,real_npy,0,1
382,/mnt/c/Users/Chirayu/Documents/GitHub/2D-to-3D-image-reconstruction/facescape_224/fsmview_trainset_1_4_anger_20.jpg,0.04123746231198311,1.9302700757980347,1.8890326134860516,28.405634712427855,2.897162437438965,0.35333871841430664,0.35333871841430664,42.11423800001057,27.53751000000193,real_npy,0,1
383,/mnt/c/Users/Chirayu/Documents/GitHub/2D-to-3D-image-reconstruction/facescape_224/fsmview_trainset_10_10_dimpler_7.jpg,0.040513474494218826,0.04519136622548103,0.004677891731262207,7.574886046350002,0.6537680625915527,0.22376170754432678,0.22376170754432678,20.74435999998059,19.103823000023112,real_npy,0,1
384,/mnt/c/Users/Chirayu/Documents/GitHub/2D-to-3D-image-reconstruction/facescape_224/fsmview_trainset_2_9_mouth_right_54.jpg,0.08395058661699295,0.08391033858060837,-4.024803638458252e-05,8.863434746861458,0.7820156216621399,0.4743451774120331,0.4743451774120331,20.356208999999126,19.44424800001343,real_npy,0,1
385,/mnt/c/Users/Chirayu/Documents/GitHub/2D-to-3D-image-reconstruction/facescape_224/fsmview_trainset_18_5_jaw_left_41.jpg,0.10299399495124817,0.10871311277151108,0.005719117820262909,7.968109488487244,0.7111703157424927,0.49274033308029175,0.49274033308029175,21.11185800004023,20.41632599997456,real_npy,0,1
386,/mnt/c/Users/Chirayu/Documents/GitHub/2D-to-3D-image-reconstruction/facescape_224/fsmview_trainset_14_16_grin_35.jpg,0.047881316393613815,0.05142652988433838,0.0035452134907245636,8.745499516837299,0.7330237627029419,0.5433282852172852,0.5433282852172852,24.6023860000264,22.04100000000153,real_npy,0,1
387,/mnt/c/Users/Chirayu/Documents/GitHub/2D-to-3D-image-reconstruction/facescape_224/fsmview_trainset_17_15_lip_roll_35.jpg,0.05233472213149071,0.05603927746415138,0.003704555332660675,8.198468510061502,0.6995307803153992,0.39107444882392883,0.39107444882392883,21.661816000005274,20.052126999985376,real_npy,0,1
388,/mnt/c/Users/Chirayu/Documents/GitHub/2D-to-3D-image-reconstruction/facescape_224/fsmview_trainset_7_1_neutral_3.jpg,0.05666530877351761,1.0432887077331543,0.9866233989596367,22.269451919943094,2.2970056533813477,0.38797545433044434,0.38797545433044434,23.394600000017363,38.96003900001688,real_npy,0,1
389,/mnt/c/Users/Chirayu/Documents/GitHub/2D-to-3D-image-reconstruction/facescape_224/fsmview_trainset_5_3_mouth_stretch_29.jpg,0.043629128485918045,0.04418271407485008,0.0005535855889320374,8.00786892324686,0.7221320271492004,0.331966370344162,0.331966370344162,25.81294400005163,23.32235099999025,real_npy,0,1
390,/mnt/c/Users/Chirayu/Documents/GitHub/2D-to-3D-image-reconstruction/facescape_224/fsmview_trainset_10_19_brow_raiser_51.jpg,0.06265338510274887,0.2601175904273987,0.1974642053246498,10.325733657926321,0.9657307267189026,0.37581896781921387,0.37581896781921387,72.85069099998509,24.46743799998785,real_npy,0,1
391,/mnt/c/Users/Chirayu/Documents/GitHub/2D-to-3D-image-reconstruction/facescape_224/fsmview_trainset_6_16_grin_23.jpg,0.041910283267498016,2.240034818649292,2.198124535381794,31.9744361191988,3.404676914215088,0.29240792989730835,0.29240792989730835,24.011681999979828,80.94776799998726,real_npy,1,1
392,/mnt/c/Users/Chirayu/Documents/GitHub/2D-to-3D-image-reconstruction/facescape_224/fsmview_trainset_8_13_lip_funneler_50.jpg,0.04690084233880043,0.04872734844684601,0.001826506108045578,7.838469203561544,0.7041084170341492,0.32296326756477356,0.32296326756477356,21.50108600000067,22.31466799997861,real_npy,0,1
393,/mnt/c/Users/Chirayu/Documents/GitHub/2D-to-3D-image-reconstruction/facescape_224/fsmview_trainset_5_13_lip_funneler_45.jpg,0.15470586717128754,0.1276477724313736,-0.02705809473991394,8.195011153817177,0.6856133341789246,0.49051955342292786,0.49051955342292786,21.373207000010552,20.04219700000931,real_npy,0,1
394,/mnt/c/Users/Chirayu/Documents/GitHub/2D-to-3D-image-reconstruction/facescape_224/fsmview_trainset_13_16_grin_9.jpg,0.10597850382328033,0.09557519108057022,-0.010403312742710114,8.109201516956091,0.6853466033935547,0.4167385697364807,0.4167385697364807,23.087366999959613,22.184109999955126,real_npy,0,1
395,/mnt/c/Users/Chirayu/Documents/GitHub/2D-to-3D-image-reconstruction/facescape_224/fsmview_trainset_11_6_jaw_right_65.jpg,0.050590746104717255,288.8304138183594,288.77982307225466,310.8668669462204,307.8113708496094,0.4843273460865021,0.4843273460865021,22.637715000030312,18.313376999969933,real_npy,1,1
396,/mnt/c/Users/Chirayu/Documents/GitHub/2D-to-3D-image-reconstruction/facescape_224/fsmview_trainset_3_7_jaw_forward_32.jpg,0.047320324927568436,0.05065998062491417,0.0033396556973457336,8.160621296614408,0.6724732518196106,0.35414090752601624,0.35414090752601624,20.8412869999961,19.082706000006056,real_npy,0,1
397,/mnt/c/Users/Chirayu/Documents/GitHub/2D-to-3D-image-reconstruction/facescape_224/fsmview_trainset_2_3_mouth_stretch_9.jpg,0.07392775267362595,0.07877104729413986,0.004843294620513916,8.76604574546218,0.7896033525466919,0.41245704889297485,0.41245704889297485,20.175368000025173,18.934556999965935,real_npy,0,1
398,/mnt/c/Users/Chirayu/Documents/GitHub/2D-to-3D-image-reconstruction/facescape_224/fsmview_trainset_17_13_lip_funneler_29.jpg,0.06675442308187485,0.06893520057201385,0.0021807774901390076,8.302888609468937,0.7212805151939392,0.2316301316022873,0.2316301316022873,21.070215999998254,20.417480999981308,real_npy,0,1
399,/mnt/c/Users/Chirayu/Documents/GitHub/2D-to-3D-image-reconstruction/facescape_224/fsmview_trainset_11_18_eye_closed_21.jpg,0.274272620677948,0.3825312852859497,0.10825866460800171,14.988732658326626,1.3409581184387207,0.44286367297172546,0.44286367297172546,111.17805300000327,25.916617000007136,real_npy,0,1
400,/mnt/c/Users/Chirayu/Documents/GitHub/2D-to-3D-image-reconstruction/facescape_224/fsmview_trainset_13_3_mouth_stretch_40.jpg,0.033975694328546524,0.033813826739788055,-0.00016186758875846863,7.282617777585983,0.6675562858581543,0.2729777693748474,0.2729777693748474,21.15038499999855,19.45452999996178,real_npy,0,1
401,/mnt/c/Users/Chirayu/Documents/GitHub/2D-to-3D-image-reconstruction/facescape_224/fsmview_trainset_19_11_chin_raiser_48.jpg,0.05617864802479744,0.05599121376872063,-0.00018743425607681274,7.912871733307838,0.6743003726005554,0.3327157199382782,0.3327157199382782,24.125142000002597,20.18261099999563,real_npy,0,1
402,/mnt/c/Users/Chirayu/Documents/GitHub/2D-to-3D-image-reconstruction/facescape_224/fsmview_trainset_17_12_lip_puckerer_57.jpg,0.13419313728809357,0.1370004266500473,0.0028072893619537354,8.797329027205706,0.7299748063087463,0.36601266264915466,0.36601266264915466,20.676750000006905,21.15640199997415,real_npy,0,1
403,/mnt/c/Users/Chirayu/Documents/GitHub/2D-to-3D-image-reconstruction/facescape_224/fsmview_trainset_9_13_lip_funneler_2.jpg,0.09328368306159973,0.10382504761219025,0.010541364550590515,8.706530895084143,0.7258902788162231,0.39435040950775146,0.39435040950775146,20.389598999997816,24.581243000000086,real_npy,0,1
404,/mnt/c/Users/Chirayu/Documents/GitHub/2D-to-3D-image-reconstruction/facescape_224/fsmview_trainset_13_17_cheek_blowing_2.jpg,0.07870084047317505,0.08043850213289261,0.0017376616597175598,7.892144061625004,0.6386685967445374,0.4751998782157898,0.4751998782157898,22.320116000003054,24.82141699999829,real_npy,0,1
405,/mnt/c/Users/Chirayu/Documents/GitHub/2D-to-3D-image-reconstruction/facescape_224/fsmview_trainset_2_6_jaw_right_15.jpg,0.045366380363702774,0.04920227453112602,0.0038358941674232483,8.690971967764199,0.712074339389801,0.4291512668132782,0.4291512668132782,25.157531000047584,21.232284000006985,real_npy,0,1
406,/mnt/c/Users/Chirayu/Documents/GitHub/2D-to-3D-image-reconstruction/facescape_224/fsmview_trainset_6_11_chin_raiser_2.jpg,0.0525563582777977,0.05783664062619209,0.005280282348394394,8.566960368305445,0.7250571250915527,0.38796454668045044,0.38796454668045044,22.801675000039268,40.57762799999409,real_npy,0,1
407,/mnt/c/Users/Chirayu/Documents/GitHub/2D-to-3D-image-reconstruction/facescape_224/fsmview_trainset_6_4_anger_1.jpg,0.06018153205513954,0.06006692349910736,-0.00011460855603218079,7.901442758738995,0.7224359512329102,0.36813560128211975,0.36813560128211975,39.1125280000324,20.698839999965912,real_npy,0,1
408,/mnt/c/Users/Chirayu/Documents/GitHub/2D-to-3D-image-reconstruction/facescape_224/fsmview_trainset_14_1_neutral_10.jpg,0.09977172315120697,0.12252002954483032,0.022748306393623352,8.326744168996811,0.703016996383667,0.6043975353240967,0.6043975353240967,21.523581999986163,19.66257700001961,real_npy,0,1
409,/mnt/c/Users/Chirayu/Documents/GitHub/2D-to-3D-image-reconstruction/facescape_224/fsmview_trainset_16_19_brow_raiser_27.jpg,1.040845274925232,0.9583526849746704,-0.08249258995056152,8.133761689066887,0.7261064052581787,0.4407268166542053,0.4407268166542053,20.80986099997517,19.540564999999788,real_npy,0,1
410,/mnt/c/Users/Chirayu/Documents/GitHub/2D-to-3D-image-reconstruction/facescape_224/fsmview_trainset_17_4_anger_18.jpg,0.04299294948577881,0.04683015123009682,0.0038372017443180084,8.885164662264287,0.7241232395172119,0.3727159798145294,0.3727159798145294,31.00560900003302,21.419140999967112,real_npy,0,1
411,/mnt/c/Users/Chirayu/Documents/GitHub/2D-to-3D-image-reconstruction/facescape_224/fsmview_trainset_10_20_brow_lower_26.jpg,0.18035386502742767,0.6135566830635071,0.4332028180360794,13.493254233151674,1.2509926557540894,0.6248012185096741,0.6248012185096741,20.34363799998573,21.02361300001121,real_npy,0,1
412,/mnt/c/Users/Chirayu/Documents/GitHub/2D-to-3D-image-reconstruction/facescape_224/fsmview_trainset_12_17_cheek_blowing_15.jpg,0.04405887797474861,0.04326358065009117,-0.0007952973246574402,9.034693475812674,0.7880821824073792,0.3956418037414551,0.3956418037414551,20.51934599995775,20.66695799999252,real_npy,0,1
413,/mnt/c/Users/Chirayu/Documents/GitHub/2D-to-3D-image-reconstruction/facescape_224/fsmview_trainset_10_13_lip_funneler_16.jpg,0.05648541450500488,0.05899488180875778,0.002509467303752899,7.636409614235163,0.6774710416793823,0.2840769290924072,0.2840769290924072,21.609078999972553,19.469729000036295,real_npy,0,1
414,/mnt/c/Users/Chirayu/Documents/GitHub/2D-to-3D-image-reconstruction/facescape_224/fsmview_trainset_3_2_smile_16.jpg,0.06742849946022034,0.06724821031093597,-0.0001802891492843628,8.472523864358664,0.7268571853637695,0.33039653301239014,0.33039653301239014,22.427569999990737,19.878241000014896,real_npy,0,1
415,/mnt/c/Users/Chirayu/Documents/GitHub/2D-to-3D-image-reconstruction/facescape_224/fsmview_trainset_4_14_sadness_50.jpg,0.04331317916512489,0.7278745174407959,0.684561338275671,16.297159668058157,1.5400735139846802,0.3232268989086151,0.3232268989086151,20.4503900000077,23.936834000039653,real_npy,0,1
416,/mnt/c/Users/Chirayu/Documents/GitHub/2D-to-3D-image-reconstruction/facescape_224/fsmview_trainset_14_13_lip_funneler_46.jpg,0.18018478155136108,0.18336109817028046,0.0031763166189193726,8.362363062798977,0.6432690024375916,0.6414470076560974,0.6414470076560974,41.055341999992834,22.69100600000229,real_npy,0,1
417,/mnt/c/Users/Chirayu/Documents/GitHub/2D-to-3D-image-reconstruction/facescape_224/fsmview_trainset_4_16_grin_54.jpg,0.03846381977200508,0.039122674614191055,0.0006588548421859741,8.194299023598433,0.6923521757125854,0.19953884184360504,0.19953884184360504,22.621094999976776,22.79103500001156,real_npy,0,1
418,/mnt/c/Users/Chirayu/Documents/GitHub/2D-to-3D-image-reconstruction/facescape_224/fsmview_trainset_18_2_smile_8.jpg,0.04497969523072243,11.172597885131836,11.127618189901114,69.79001472890377,11.760910034179688,0.30695798993110657,0.30695798993110657,58.31320199996526,17.683048999970197,real_npy,1,1
419,/mnt/c/Users/Chirayu/Documents/GitHub/2D-to-3D-image-reconstruction/facescape_224/fsmview_trainset_11_12_lip_puckerer_52.jpg,0.456318736076355,0.28393712639808655,-0.17238160967826843,7.545182831585407,0.7184750437736511,0.5204474925994873,0.5204474925994873,22.500175000004674,20.542165999984263,real_npy,0,1
420,/mnt/c/Users/Chirayu/Documents/GitHub/2D-to-3D-image-reconstruction/facescape_224/fsmview_trainset_14_12_lip_puckerer_67.jpg,0.03888293728232384,0.040564075112342834,0.0016811378300189972,8.43215576838702,0.6893681883811951,0.46781712770462036,0.46781712770462036,19.75526199998967,21.000976000038918,real_npy,0,1
421,/mnt/c/Users/Chirayu/Documents/GitHub/2D-to-3D-image-reconstruction/facescape_224/fsmview_trainset_14_17_cheek_blowing_66.jpg,0.8645005822181702,0.8767187595367432,0.012218177318572998,7.693265780806541,0.684309720993042,0.466621071100235,0.466621071100235,21.232705999977952,19.36409599994704,real_npy,0,1
422,/mnt/c/Users/Chirayu/Documents/GitHub/2D-to-3D-image-reconstruction/facescape_224/fsmview_trainset_1_12_lip_puckerer_55.jpg,0.09537063539028168,3.1424596309661865,3.047088995575905,39.54456792771816,4.587139129638672,0.29128560423851013,0.29128560423851013,79.81561400004011,32.58150400000659,real_npy,1,1
423,/mnt/c/Users/Chirayu/Documents/GitHub/2D-to-3D-image-reconstruction/facescape_224/fsmview_trainset_12_9_mouth_right_54.jpg,0.05371273308992386,0.051276423037052155,-0.002436310052871704,9.005849933251739,0.7510594129562378,0.484336793422699,0.484336793422699,21.674813999993603,23.63076300002831,real_npy,0,1
424,/mnt/c/Users/Chirayu/Documents/GitHub/2D-to-3D-image-reconstruction/facescape_224/fsmview_trainset_19_2_smile_37.jpg,0.1244811862707138,0.15657109022140503,0.03208990395069122,8.990229150280356,0.7641245126724243,0.40821054577827454,0.40821054577827454,21.78491600000143,21.186682999996265,real_npy,0,1
425,/mnt/c/Users/Chirayu/Documents/GitHub/2D-to-3D-image-reconstruction/facescape_224/fsmview_trainset_10_6_jaw_right_52.jpg,0.12371845543384552,0.13045409321784973,0.006735637784004211,7.012122191488743,0.6439407467842102,0.4109300971031189,0.4109300971031189,73.46514099998558,18.925265999996554,real_npy,0,1
426,/mnt/c/Users/Chirayu/Documents/GitHub/2D-to-3D-image-reconstruction/facescape_224/fsmview_trainset_16_4_anger_50.jpg,0.047084227204322815,0.04814582318067551,0.0010615959763526917,8.17233844846487,0.6843858957290649,0.4240606427192688,0.4240606427192688,21.552294000002803,20.242267000014635,real_npy,0,1
427,/mnt/c/Users/Chirayu/Documents/GitHub/2D-to-3D-image-reconstruction/facescape_224/fsmview_trainset_20_17_cheek_blowing_3.jpg,0.546035647392273,0.4483780264854431,-0.09765762090682983,7.828674610704184,0.716131329536438,0.5751022100448608,0.5751022100448608,22.66999500000111,21.548462999987805,template_fallback,0,1
428,/mnt/c/Users/Chirayu/Documents/GitHub/2D-to-3D-image-reconstruction/facescape_224/fsmview_trainset_12_18_eye_closed_42.jpg,0.0399978868663311,0.040031250566244125,3.33636999130249e-05,8.344889774918556,0.7019397616386414,0.3253357708454132,0.3253357708454132,59.46015799997895,19.35382100003835,real_npy,0,1
429,/mnt/c/Users/Chirayu/Documents/GitHub/2D-to-3D-image-reconstruction/facescape_224/fsmview_trainset_20_3_mouth_stretch_41.jpg,0.04085886850953102,0.04317189007997513,0.002313021570444107,7.618126951158047,0.7129425406455994,0.3967735767364502,0.3967735767364502,20.397301999992123,19.53407100000959,real_npy,0,1
430,/mnt/c/Users/Chirayu/Documents/GitHub/2D-to-3D-image-reconstruction/facescape_224/fsmview_trainset_17_11_chin_raiser_46.jpg,0.6765784025192261,0.6825910210609436,0.006012618541717529,7.765025109052658,0.6468619108200073,0.45976340770721436,0.45976340770721436,51.50439499999493,19.852184000001216,real_npy,0,1
431,/mnt/c/Users/Chirayu/Documents/GitHub/2D-to-3D-image-reconstruction/facescape_224/fsmview_trainset_20_16_grin_58.jpg,0.049611058086156845,0.049580756574869156,-3.030151128768921e-05,9.069243304431438,0.8117810487747192,0.39453205466270447,0.39453205466270447,22.325806000026205,20.187748000012107,real_npy,0,1
432,/mnt/c/Users/Chirayu/Documents/GitHub/2D-to-3D-image-reconstruction/facescape_224/fsmview_trainset_5_15_lip_roll_11.jpg,0.5482052564620972,0.6874510645866394,0.13924580812454224,17.001941356807947,1.450773000717163,0.5640919208526611,0.5640919208526611,31.3627320000478,21.594453000034264,real_npy,0,1
433,/mnt/c/Users/Chirayu/Documents/GitHub/2D-to-3D-image-reconstruction/facescape_224/fsmview_trainset_20_9_mouth_right_30.jpg,0.06330671161413193,0.23587287962436676,0.17256616801023483,9.81062212958932,0.92473304271698,0.3150187134742737,0.3150187134742737,20.743598999956703,20.235394999986056,real_npy,0,1
434,/mnt/c/Users/Chirayu/Documents/GitHub/2D-to-3D-image-reconstruction/facescape_224/fsmview_trainset_11_20_brow_lower_34.jpg,0.033604126423597336,14.427996635437012,14.394392509013414,78.9489409327507,15.255009651184082,0.5707105398178101,0.5707105398178101,23.939317999975174,17.876361000048746,real_npy,1,1
435,/mnt/c/Users/Chirayu/Documents/GitHub/2D-to-3D-image-reconstruction/facescape_224/fsmview_trainset_2_1_neutral_6.jpg,0.08995262533426285,0.10512928664684296,0.015176661312580109,8.81458604335785,0.7542305588722229,0.3931867480278015,0.3931867480278015,22.230369999988397,23.034604000031322,real_npy,0,1
436,/mnt/c/Users/Chirayu/Documents/GitHub/2D-to-3D-image-reconstruction/facescape_224/fsmview_trainset_10_5_jaw_left_6.jpg,0.04903392121195793,0.05119401589035988,0.002160094678401947,7.91270468942821,0.6877639293670654,0.25825661420822144,0.25825661420822144,20.90590699998529,19.680147999963538,real_npy,0,1
437,/mnt/c/Users/Chirayu/Documents/GitHub/2D-to-3D-image-reconstruction/facescape_224/fsmview_trainset_1_2_smile_18.jpg,0.0392460860311985,0.04040244221687317,0.0011563561856746674,8.459818572271615,0.6976261734962463,0.36477816104888916,0.36477816104888916,30.062075999978788,19.175659000040923,real_npy,0,1
438,/mnt/c/Users/Chirayu/Documents/GitHub/2D-to-3D-image-reconstruction/facescape_224/fsmview_trainset_3_3_mouth_stretch_46.jpg,0.11936230212450027,0.11286968737840652,-0.00649261474609375,8.341925390064716,0.7159153819084167,0.5117491483688354,0.5117491483688354,20.933163999984572,18.91645599999947,real_npy,0,1
439,/mnt/c/Users/Chirayu/Documents/GitHub/2D-to-3D-image-reconstruction/facescape_224/fsmview_trainset_16_3_mouth_stretch_24.jpg,0.04041396826505661,0.04154012352228165,0.0011261552572250366,7.769632317125797,0.6781343221664429,0.3543473184108734,0.3543473184108734,19.583848000024773,20.632898999963345,real_npy,0,1
440,/mnt/c/Users/Chirayu/Documents/GitHub/2D-to-3D-image-reconstruction/facescape_224/fsmview_trainset_12_5_jaw_left_18.jpg,0.0545797236263752,0.0544893816113472,-9.034201502799988e-05,8.966426810249686,0.7339714765548706,0.5446250438690186,0.5446250438690186,21.366589000024305,21.112437999988742,real_npy,0,1
441,/mnt/c/Users/Chirayu/Documents/GitHub/2D-to-3D-image-reconstruction/facescape_224/fsmview_trainset_3_15_lip_roll_13.jpg,0.05905813351273537,0.05915417522192001,9.60417091846466e-05,8.420012008398771,0.7190346121788025,0.42553797364234924,0.42553797364234924,25.859068999977808,36.91971799997873,real_npy,0,1
442,/mnt/c/Users/Chirayu/Documents/GitHub/2D-to-3D-image-reconstruction/facescape_224/fsmview_trainset_9_1_neutral_1.jpg,0.07496002316474915,0.07784342765808105,0.002883404493331909,8.63719942420721,0.6904169321060181,0.40183931589126587,0.40183931589126587,20.93634199997041,19.714630999999372,real_npy,0,1
443,/mnt/c/Users/Chirayu/Documents/GitHub/2D-to-3D-image-reconstruction/facescape_224/fsmview_trainset_5_2_smile_15.jpg,0.035039011389017105,0.06540714204311371,0.030368130654096603,7.941380656324327,0.6680916547775269,0.38428184390068054,0.38428184390068054,21.895880000045054,42.99181400000407,real_npy,0,1
444,/mnt/c/Users/Chirayu/Documents/GitHub/2D-to-3D-image-reconstruction/facescape_224/fsmview_trainset_3_2_smile_38.jpg,0.054422490298748016,0.06111892685294151,0.006696436554193497,8.084904912859201,0.7366532683372498,0.41943129897117615,0.41943129897117615,36.938388000010036,47.191918999999416,real_npy,0,1
445,/mnt/c/Users/Chirayu/Documents/GitHub/2D-to-3D-image-reconstruction/facescape_224/fsmview_trainset_18_14_sadness_30.jpg,0.16891734302043915,1.346117615699768,1.177200272679329,25.43785779736936,2.5783309936523438,0.35737594962120056,0.35737594962120056,21.115032000011524,27.41278600001351,real_npy,0,1
446,/mnt/c/Users/Chirayu/Documents/GitHub/2D-to-3D-image-reconstruction/facescape_224/fsmview_trainset_14_6_jaw_right_24.jpg,0.03454321622848511,0.03318505361676216,-0.0013581626117229462,7.193844851106405,0.6142542362213135,0.44072696566581726,0.44072696566581726,20.880127999987508,21.452522999993562,real_npy,0,1
447,/mnt/c/Users/Chirayu/Documents/GitHub/2D-to-3D-image-reconstruction/facescape_224/fsmview_trainset_12_1_neutral_15.jpg,0.054601039737463,0.05142243206501007,-0.0031786076724529266,8.941838767379522,0.732732892036438,0.5001314282417297,0.5001314282417297,21.62771499996552,21.71569899996939,real_npy,0,1
448,/mnt/c/Users/Chirayu/Documents/GitHub/2D-to-3D-image-reconstruction/facescape_224/fsmview_trainset_18_20_brow_lower_54.jpg,0.03640950471162796,0.03678813949227333,0.0003786347806453705,8.632691122591496,0.7149101495742798,0.3662188947200775,0.3662188947200775,23.788374999980988,23.037494999982755,real_npy,0,1
449,/mnt/c/Users/Chirayu/Documents/GitHub/2D-to-3D-image-reconstruction/facescape_224/fsmview_trainset_13_5_jaw_left_23.jpg,0.04181953892111778,0.03935641422867775,-0.002463124692440033,8.719871159642935,0.6853038668632507,0.42399314045906067,0.42399314045906067,27.77701499996965,19.751931000030254,real_npy,0,1
450,/mnt/c/Users/Chirayu/Documents/GitHub/2D-to-3D-image-reconstruction/facescape_224/fsmview_trainset_5_3_mouth_stretch_47.jpg,0.07041864097118378,0.0761546939611435,0.005736052989959717,9.122104236856103,0.7388710379600525,0.460392028093338,0.460392028093338,22.638426000014533,23.22599900003297,real_npy,0,1
451,/mnt/c/Users/Chirayu/Documents/GitHub/2D-to-3D-image-reconstruction/facescape_224/fsmview_trainset_9_14_sadness_30.jpg,0.05249372869729996,0.05159272998571396,-0.0009009987115859985,8.189075011759996,0.6763918399810791,0.3368051052093506,0.3368051052093506,20.686531000023933,20.16667899999902,real_npy,0,1
452,/mnt/c/Users/Chirayu/Documents/GitHub/2D-to-3D-image-reconstruction/facescape_224/fsmview_trainset_6_7_jaw_forward_34.jpg,0.043390560895204544,3.0459463596343994,3.002555798739195,34.65346099808812,4.288371562957764,0.37545740604400635,0.37545740604400635,21.283699999969485,44.5656109999959,real_npy,1,1
453,/mnt/c/Users/Chirayu/Documents/GitHub/2D-to-3D-image-reconstruction/facescape_224/fsmview_trainset_20_15_lip_roll_20.jpg,0.25925710797309875,0.30817297101020813,0.048915863037109375,7.641819670796394,0.6385182738304138,0.34921538829803467,0.34921538829803467,21.676917000036156,23.46335099997532,real_npy,0,1
454,/mnt/c/Users/Chirayu/Documents/GitHub/2D-to-3D-image-reconstruction/facescape_224/fsmview_trainset_4_20_brow_lower_51.jpg,0.14991232752799988,0.13791126012802124,-0.012001067399978638,7.141733326017857,0.7198485732078552,0.36281028389930725,0.36281028389930725,25.90867599997182,37.22918099998651,real_npy,0,1
455,/mnt/c/Users/Chirayu/Documents/GitHub/2D-to-3D-image-reconstruction/facescape_224/fsmview_trainset_11_1_neutral_59.jpg,0.04444146156311035,0.11697498708963394,0.07253352552652359,7.640452262014151,0.6777157783508301,0.4157955050468445,0.4157955050468445,55.82752899999832,20.381178999969052,real_npy,0,1
456,/mnt/c/Users/Chirayu/Documents/GitHub/2D-to-3D-image-reconstruction/facescape_224/fsmview_trainset_17_1_neutral_32.jpg,0.047248244285583496,0.05073269084095955,0.003484446555376053,8.399280656129122,0.7154092192649841,0.32235783338546753,0.32235783338546753,21.479902000010043,19.278197999994973,real_npy,0,1
457,/mnt/c/Users/Chirayu/Documents/GitHub/2D-to-3D-image-reconstruction/facescape_224/fsmview_trainset_14_13_lip_funneler_34.jpg,0.04413557052612305,0.051334451884031296,0.007198881357908249,7.944421036168933,0.7732402086257935,0.5101891756057739,0.5101891756057739,22.524029999999584,19.062388999998348,real_npy,0,1
458,/mnt/c/Users/Chirayu/Documents/GitHub/2D-to-3D-image-reconstruction/facescape_224/fsmview_trainset_15_9_mouth_right_40.jpg,0.05588018149137497,0.06774801760911942,0.011867836117744446,8.632437102496624,0.7144311666488647,0.6110203862190247,0.6110203862190247,21.938489000035588,35.666900000023816,real_npy,0,1
459,/mnt/c/Users/Chirayu/Documents/GitHub/2D-to-3D-image-reconstruction/facescape_224/fsmview_trainset_14_7_jaw_forward_25.jpg,0.035297565162181854,46.01213455200195,45.97683698683977,133.658954590559,48.42628860473633,0.4829610586166382,0.4829610586166382,22.13830099998404,21.326004000002285,real_npy,1,1
460,/mnt/c/Users/Chirayu/Documents/GitHub/2D-to-3D-image-reconstruction/facescape_224/fsmview_trainset_2_3_mouth_stretch_22.jpg,0.8298631310462952,0.334911584854126,-0.4949515461921692,7.864178456366062,0.7740681767463684,0.5800930857658386,0.5800930857658386,20.598450000022694,19.91349600001513,real_npy,0,1
461,/mnt/c/Users/Chirayu/Documents/GitHub/2D-to-3D-image-reconstruction/facescape_224/fsmview_trainset_6_11_chin_raiser_1.jpg,0.07466471940279007,0.08156631141901016,0.006901592016220093,8.477549608796835,0.7181713581085205,0.38675522804260254,0.38675522804260254,22.246110000025965,19.011706000014783,real_npy,0,1
462,/mnt/c/Users/Chirayu/Documents/GitHub/2D-to-3D-image-reconstruction/facescape_224/fsmview_trainset_5_15_lip_roll_4.jpg,0.05760563164949417,0.04971570149064064,-0.007889930158853531,7.99983423948288,0.72282475233078,0.29607126116752625,0.29607126116752625,21.13540999999941,20.39956800001619,real_npy,0,1
463,/mnt/c/Users/Chirayu/Documents/GitHub/2D-to-3D-image-reconstruction/facescape_224/fsmview_trainset_20_20_brow_lower_19.jpg,0.041718147695064545,0.041672445833683014,-4.570186138153076e-05,7.883162625133991,0.6565032005310059,0.4896034598350525,0.4896034598350525,21.59526000002643,20.4586379999796,real_npy,0,1
464,/mnt/c/Users/Chirayu/Documents/GitHub/2D-to-3D-image-reconstruction/facescape_224/fsmview_trainset_18_19_brow_raiser_56.jpg,0.06126604229211807,0.07686031609773636,0.015594273805618286,8.37810418009758,0.7324765920639038,0.3188028633594513,0.3188028633594513,19.836652999970283,19.122682000045188,real_npy,0,1
465,/mnt/c/Users/Chirayu/Documents/GitHub/2D-to-3D-image-reconstruction/facescape_224/fsmview_trainset_9_17_cheek_blowing_5.jpg,0.048044074326753616,0.05081409588456154,0.0027700215578079224,7.777916446328163,0.6948378682136536,0.35522815585136414,0.35522815585136414,20.081238000045687,20.215825999969184,real_npy,0,1
466,/mnt/c/Users/Chirayu/Documents/GitHub/2D-to-3D-image-reconstruction/facescape_224/fsmview_trainset_3_17_cheek_blowing_13.jpg,0.06404557079076767,0.061080146580934525,-0.002965424209833145,8.693994287401438,0.7177025079727173,0.4319021701812744,0.4319021701812744,19.73430800001097,18.98953199997777,real_npy,0,1
467,/mnt/c/Users/Chirayu/Documents/GitHub/2D-to-3D-image-reconstruction/facescape_224/fsmview_trainset_7_17_cheek_blowing_31.jpg,0.11815999448299408,0.11604586988687515,-0.002114124596118927,7.87609888613224,0.6688410043716431,0.4911363422870636,0.4911363422870636,23.12305399999559,20.669518999966385,real_npy,0,1
468,/mnt/c/Users/Chirayu/Documents/GitHub/2D-to-3D-image-reconstruction/facescape_224/fsmview_trainset_20_13_lip_funneler_29.jpg,0.06792343407869339,0.08011338859796524,0.01218995451927185,8.007808804512024,0.7063598036766052,0.32081013917922974,0.32081013917922974,20.36506899997903,19.505993999985094,real_npy,0,1
469,/mnt/c/Users/Chirayu/Documents/GitHub/2D-to-3D-image-reconstruction/facescape_224/fsmview_trainset_15_6_jaw_right_22.jpg,0.034639883786439896,0.03499787300825119,0.00035798922181129456,7.152894098311663,0.5949372053146362,0.513390839099884,0.513390839099884,21.342277000030663,22.241560999987087,real_npy,0,1
470,/mnt/c/Users/Chirayu/Documents/GitHub/2D-to-3D-image-reconstruction/facescape_224/fsmview_trainset_4_14_sadness_48.jpg,0.09136800467967987,0.09365779161453247,0.0022897869348526,7.958367891609669,0.7699480056762695,0.30598610639572144,0.30598610639572144,20.482642000047235,21.408673999985695,real_npy,0,1
471,/mnt/c/Users/Chirayu/Documents/GitHub/2D-to-3D-image-reconstruction/facescape_224/fsmview_trainset_19_16_grin_57.jpg,0.30338186025619507,0.32565879821777344,0.02227693796157837,7.379976000636816,0.6525256037712097,0.269451379776001,0.269451379776001,19.771328000047106,18.389565999996194,real_npy,0,1
472,/mnt/c/Users/Chirayu/Documents/GitHub/2D-to-3D-image-reconstruction/facescape_224/fsmview_trainset_17_13_lip_funneler_52.jpg,0.2860638499259949,0.2724427878856659,-0.01362106204032898,7.723172217607498,0.6545572280883789,0.4326638877391815,0.4326638877391815,20.65874300001269,19.18861100000413,real_npy,0,1
473,/mnt/c/Users/Chirayu/Documents/GitHub/2D-to-3D-image-reconstruction/facescape_224/fsmview_trainset_6_15_lip_roll_11.jpg,0.3128293752670288,0.3105056881904602,-0.0023236870765686035,6.342741459608078,0.57548588514328,0.5274311304092407,0.5274311304092407,21.603437000010217,19.863095999994584,real_npy,0,0
474,/mnt/c/Users/Chirayu/Documents/GitHub/2D-to-3D-image-reconstruction/facescape_224/fsmview_trainset_17_10_dimpler_4.jpg,0.09220573306083679,0.09944353252649307,0.0072377994656562805,9.240978017449379,0.7460190057754517,0.40572527050971985,0.40572527050971985,23.973823999995147,20.630270000026485,real_npy,0,1
475,/mnt/c/Users/Chirayu/Documents/GitHub/2D-to-3D-image-reconstruction/facescape_224/fsmview_trainset_3_2_smile_26.jpg,0.034441884607076645,0.03460152447223663,0.0001596398651599884,8.00645225867629,0.6687899827957153,0.33476126194000244,0.33476126194000244,60.43841100000691,26.467153999988113,real_npy,0,1
476,/mnt/c/Users/Chirayu/Documents/GitHub/2D-to-3D-image-reconstruction/facescape_224/fsmview_trainset_18_20_brow_lower_5.jpg,0.05490979924798012,0.05933556333184242,0.004425764083862305,8.368598632514477,0.6953595876693726,0.3360166549682617,0.3360166549682617,64.44410199998174,55.568445000005795,real_npy,0,1
477,/mnt/c/Users/Chirayu/Documents/GitHub/2D-to-3D-image-reconstruction/facescape_224/fsmview_trainset_3_19_brow_raiser_28.jpg,0.03601521626114845,0.0344717837870121,-0.0015434324741363525,7.72846195101738,0.6526148319244385,0.2784073054790497,0.2784073054790497,19.68943100001752,24.968686999955025,real_npy,0,1
478,/mnt/c/Users/Chirayu/Documents/GitHub/2D-to-3D-image-reconstruction/facescape_224/fsmview_trainset_17_12_lip_puckerer_54.jpg,0.35007792711257935,0.32517364621162415,-0.0249042809009552,7.9359325133264065,0.6941207647323608,0.4240695834159851,0.4240695834159851,39.31299800001398,21.413640999981,real_npy,0,1
479,/mnt/c/Users/Chirayu/Documents/GitHub/2D-to-3D-image-reconstruction/facescape_224/fsmview_trainset_20_11_chin_raiser_26.jpg,0.035125263035297394,0.03661416471004486,0.001488901674747467,8.142548643052578,0.6805998682975769,0.4331682026386261,0.4331682026386261,21.046445999957086,19.9977130000093,real_npy,0,1
480,/mnt/c/Users/Chirayu/Documents/GitHub/2D-to-3D-image-reconstruction/facescape_224/fsmview_trainset_2_18_eye_closed_30.jpg,0.08135733753442764,0.08427129685878754,0.002913959324359894,9.083561347797513,0.759688138961792,0.38011112809181213,0.38011112809181213,51.46006800003988,21.829746999969757,real_npy,0,1
481,/mnt/c/Users/Chirayu/Documents/GitHub/2D-to-3D-image-reconstruction/facescape_224/fsmview_trainset_11_15_lip_roll_60.jpg,0.6516166925430298,0.6857300400733948,0.03411334753036499,8.170702863484621,0.7065951824188232,0.5231847763061523,0.5231847763061523,21.360877999995864,22.8963029999818,real_npy,0,1
482,/mnt/c/Users/Chirayu/Documents/GitHub/2D-to-3D-image-reconstruction/facescape_224/fsmview_trainset_3_15_lip_roll_19.jpg,0.05185287818312645,0.05625542625784874,0.00440254807472229,8.325518592260778,0.7003868222236633,0.35077589750289917,0.35077589750289917,20.809794000001602,21.818489999986923,real_npy,0,1
483,/mnt/c/Users/Chirayu/Documents/GitHub/2D-to-3D-image-reconstruction/facescape_224/fsmview_trainset_14_9_mouth_right_26.jpg,0.050261180847883224,0.061865225434303284,0.01160404458642006,7.997664131224155,0.7359469532966614,0.48394638299942017,0.48394638299942017,19.481304000009914,18.94511899996587,real_npy,0,1
484,/mnt/c/Users/Chirayu/Documents/GitHub/2D-to-3D-image-reconstruction/facescape_224/fsmview_trainset_15_18_eye_closed_30.jpg,0.12709908187389374,0.14130331575870514,0.014204233884811401,7.9762076660990715,0.6587135195732117,0.4221703112125397,0.4221703112125397,21.521849999999176,20.775926999988314,real_npy,0,1
485,/mnt/c/Users/Chirayu/Documents/GitHub/2D-to-3D-image-reconstruction/facescape_224/fsmview_trainset_14_7_jaw_forward_31.jpg,0.03131144493818283,91.12645721435547,91.09514576941729,180.48583590984344,92.68650817871094,0.43383410573005676,0.43383410573005676,26.360562999968806,66.23537399997304,real_npy,1,1
486,/mnt/c/Users/Chirayu/Documents/GitHub/2D-to-3D-image-reconstruction/facescape_224/fsmview_trainset_14_2_smile_49.jpg,0.8261570334434509,0.7181640863418579,-0.10799294710159302,8.156240120530128,0.6993138790130615,0.578789234161377,0.578789234161377,35.856500000022606,21.80688199996439,real_npy,0,1
487,/mnt/c/Users/Chirayu/Documents/GitHub/2D-to-3D-image-reconstruction/facescape_224/fsmview_trainset_20_18_eye_closed_29.jpg,0.166982963681221,0.17243067920207977,0.005447715520858765,7.825222659856081,0.6453929543495178,0.3341212868690491,0.3341212868690491,60.26453699996637,30.544351999992614,real_npy,0,1
488,/mnt/c/Users/Chirayu/Documents/GitHub/2D-to-3D-image-reconstruction/facescape_224/fsmview_trainset_8_14_sadness_15.jpg,0.16318026185035706,0.15517215430736542,-0.008008107542991638,8.097984991967678,0.6629353165626526,0.4165508449077606,0.4165508449077606,100.13789700002462,56.70362899996917,real_npy,0,1
489,/mnt/c/Users/Chirayu/Documents/GitHub/2D-to-3D-image-reconstruction/facescape_224/fsmview_trainset_13_9_mouth_right_13.jpg,0.05034575238823891,69.39604949951172,69.34570374712348,157.56285405158997,72.66635131835938,0.46335259079933167,0.46335259079933167,22.051798000006784,19.009542999981477,real_npy,1,1
490,/mnt/c/Users/Chirayu/Documents/GitHub/2D-to-3D-image-reconstruction/facescape_224/fsmview_trainset_1_13_lip_funneler_6.jpg,0.03770596161484718,0.03898910805583,0.0012831464409828186,7.988462798297405,0.7169573307037354,0.2709927260875702,0.2709927260875702,99.6722780000141,19.937110999990182,real_npy,0,1
491,/mnt/c/Users/Chirayu/Documents/GitHub/2D-to-3D-image-reconstruction/facescape_224/fsmview_trainset_11_12_lip_puckerer_33.jpg,0.03667078912258148,34.166072845458984,34.1294020563364,117.45224949717522,35.72513198852539,0.5236365795135498,0.5236365795135498,19.430354999997235,17.32442800005174,real_npy,1,1
492,/mnt/c/Users/Chirayu/Documents/GitHub/2D-to-3D-image-reconstruction/facescape_224/fsmview_trainset_6_10_dimpler_30.jpg,0.04833617061376572,0.04420633986592293,-0.004129830747842789,8.229597993195057,0.6833674907684326,0.41863951086997986,0.41863951086997986,33.94091600000593,42.79751699999679,real_npy,0,1
493,/mnt/c/Users/Chirayu/Documents/GitHub/2D-to-3D-image-reconstruction/facescape_224/fsmview_trainset_6_18_eye_closed_36.jpg,0.09266136586666107,0.10520552098751068,0.01254415512084961,8.145915862172842,0.6981894373893738,0.34383225440979004,0.34383225440979004,21.583143000043492,21.664679000025444,real_npy,0,1
494,/mnt/c/Users/Chirayu/Documents/GitHub/2D-to-3D-image-reconstruction/facescape_224/fsmview_trainset_9_7_jaw_forward_14.jpg,0.03749414533376694,0.8011555671691895,0.7636614218354225,19.30408445559442,1.838679313659668,0.3597376048564911,0.3597376048564911,19.89813300002652,23.082901000009315,real_npy,0,1
495,/mnt/c/Users/Chirayu/Documents/GitHub/2D-to-3D-image-reconstruction/facescape_224/fsmview_trainset_13_11_chin_raiser_15.jpg,0.04366318881511688,0.04892255365848541,0.00525936484336853,8.633329725824296,0.7227396368980408,0.3886965811252594,0.3886965811252594,22.431435999976657,19.816582000032668,real_npy,0,1
496,/mnt/c/Users/Chirayu/Documents/GitHub/2D-to-3D-image-reconstruction/facescape_224/fsmview_trainset_18_8_mouth_left_33.jpg,0.03677389770746231,0.03662840649485588,-0.00014549121260643005,8.764667470008135,0.7289484143257141,0.41223883628845215,0.41223883628845215,23.642356999971526,22.662572000001546,real_npy,0,1
497,/mnt/c/Users/Chirayu/Documents/GitHub/2D-to-3D-image-reconstruction/facescape_224/fsmview_trainset_12_15_lip_roll_49.jpg,0.21900513768196106,0.24174295365810394,0.022737815976142883,7.371629264205694,0.6401713490486145,0.4690704345703125,0.4690704345703125,75.41028900004676,20.15428099997507,real_npy,0,1
498,/mnt/c/Users/Chirayu/Documents/GitHub/2D-to-3D-image-reconstruction/facescape_224/fsmview_trainset_14_3_mouth_stretch_16.jpg,0.08734262734651566,0.1426410675048828,0.05529844015836716,7.479481689631939,0.6897580027580261,0.4626448154449463,0.4626448154449463,22.740814999963277,23.27443100000437,real_npy,0,1
499,/mnt/c/Users/Chirayu/Documents/GitHub/2D-to-3D-image-reconstruction/facescape_224/fsmview_trainset_14_12_lip_puckerer_65.jpg,0.05641046166419983,0.057715244591236115,0.0013047829270362854,9.21738257445395,0.8318526744842529,0.4432125389575958,0.4432125389575958,21.047447999990254,23.670368000011877,real_npy,0,1
500,/mnt/c/Users/Chirayu/Documents/GitHub/2D-to-3D-image-reconstruction/facescape_224/fsmview_trainset_16_6_jaw_right_10.jpg,0.031139150261878967,0.031288813799619675,0.0001496635377407074,7.894743502140045,0.6584757566452026,0.3067227900028229,0.3067227900028229,20.245563999992555,19.959497999991527,real_npy,0,1
501,/mnt/c/Users/Chirayu/Documents/GitHub/2D-to-3D-image-reconstruction/facescape_224/fsmview_trainset_15_5_jaw_left_11.jpg,0.13342005014419556,0.19297869503498077,0.05955864489078522,8.52667111158371,0.7425984740257263,0.5511730909347534,0.5511730909347534,20.4807560000404,19.96145800001159,real_npy,0,1
502,/mnt/c/Users/Chirayu/Documents/GitHub/2D-to-3D-image-reconstruction/facescape_224/fsmview_trainset_4_5_jaw_left_25.jpg,0.03703304007649422,5.55273962020874,5.515706580132246,50.363716542720795,6.40676212310791,0.2990436851978302,0.2990436851978302,19.6976329999643,25.418242000000646,real_npy,1,1
503,/mnt/c/Users/Chirayu/Documents/GitHub/2D-to-3D-image-reconstruction/facescape_224/fsmview_trainset_1_17_cheek_blowing_11.jpg,0.10113823413848877,0.09138260036706924,-0.009755633771419525,8.218255251646042,0.7514767646789551,0.3878903090953827,0.3878903090953827,19.159096999999292,20.81913900002519,real_npy,0,1
504,/mnt/c/Users/Chirayu/Documents/GitHub/2D-to-3D-image-reconstruction/facescape_224/fsmview_trainset_16_18_eye_closed_33.jpg,0.0367983840405941,0.03761345520615578,0.000815071165561676,8.392447412014008,0.695339560508728,0.3876514434814453,0.3876514434814453,19.831151999994745,18.618418000016845,real_npy,0,1
505,/mnt/c/Users/Chirayu/Documents/GitHub/2D-to-3D-image-reconstruction/facescape_224/fsmview_trainset_15_18_eye_closed_11.jpg,0.11644650995731354,0.20741836726665497,0.09097185730934143,8.996131431311369,0.7319576740264893,0.5699161291122437,0.5699161291122437,20.640437999986716,19.21925200002761,real_npy,0,1
506,/mnt/c/Users/Chirayu/Documents/GitHub/2D-to-3D-image-reconstruction/facescape_224/fsmview_trainset_19_16_grin_36.jpg,0.037222132086753845,0.04121274873614311,0.003990616649389267,8.447215773165226,0.7363818287849426,0.3353250026702881,0.3353250026702881,23.593412999957764,35.748966999960885,real_npy,0,1
507,/mnt/c/Users/Chirayu/Documents/GitHub/2D-to-3D-image-reconstruction/facescape_224/fsmview_trainset_20_10_dimpler_28.jpg,0.0870664045214653,0.09037584811449051,0.0033094435930252075,8.31546932645142,0.6789563894271851,0.4883582592010498,0.4883582592010498,21.084933999986788,20.038822999993045,real_npy,0,1
508,/mnt/c/Users/Chirayu/Documents/GitHub/2D-to-3D-image-reconstruction/facescape_224/fsmview_trainset_10_1_neutral_55.jpg,0.11469113081693649,0.12405640631914139,0.009365275502204895,7.545358307659626,0.7034729719161987,0.30659323930740356,0.30659323930740356,22.53129700000045,22.335223000027327,real_npy,0,1
509,/mnt/c/Users/Chirayu/Documents/GitHub/2D-to-3D-image-reconstruction/facescape_224/fsmview_trainset_1_9_mouth_right_54.jpg,0.034657906740903854,24.45097541809082,24.416317511349916,100.68776796758175,25.586719512939453,0.3046026825904846,0.3046026825904846,20.409944999983054,18.99994900003321,real_npy,1,1
510,/mnt/c/Users/Chirayu/Documents/GitHub/2D-to-3D-image-reconstruction/facescape_224/fsmview_trainset_5_19_brow_raiser_15.jpg,0.0330665186047554,16.565595626831055,16.5325291082263,84.18566119670868,17.482179641723633,0.38292524218559265,0.38292524218559265,20.73801699998512,18.385825999985173,real_npy,1,1
511,/mnt/c/Users/Chirayu/Documents/GitHub/2D-to-3D-image-reconstruction/facescape_224/fsmview_trainset_2_6_jaw_right_2.jpg,0.213356152176857,0.19220297038555145,-0.021153181791305542,8.47958803549409,0.7667054533958435,0.4783596992492676,0.4783596992492676,19.88328299995601,19.954246999986935,real_npy,0,1
512,/mnt/c/Users/Chirayu/Documents/GitHub/2D-to-3D-image-reconstruction/facescape_224/fsmview_trainset_12_6_jaw_right_25.jpg,0.803394615650177,0.7510039806365967,-0.05239063501358032,8.431280099786818,0.7091454863548279,0.5277134776115417,0.5277134776115417,19.332613000017318,19.053219999989324,real_npy,0,1
513,/mnt/c/Users/Chirayu/Documents/GitHub/2D-to-3D-image-reconstruction/facescape_224/fsmview_trainset_6_10_dimpler_26.jpg,0.048083189874887466,0.04739520698785782,-0.0006879828870296478,8.146035824902356,0.6854230761528015,0.3674190044403076,0.3674190044403076,22.8732100000002,23.166242000002057,real_npy,0,1
514,/mnt/c/Users/Chirayu/Documents/GitHub/2D-to-3D-image-reconstruction/facescape_224/fsmview_trainset_13_7_jaw_forward_16.jpg,0.053132563829422,0.052864328026771545,-0.00026823580265045166,8.682694731280208,0.7290912866592407,0.4147831201553345,0.4147831201553345,24.0752170000178,21.813468999994257,real_npy,0,1
515,/mnt/c/Users/Chirayu/Documents/GitHub/2D-to-3D-image-reconstruction/facescape_224/fsmview_trainset_19_8_mouth_left_39.jpg,0.10316313058137894,0.10661069303750992,0.0034475624561309814,8.936978928744793,0.7544025182723999,0.37238335609436035,0.37238335609436035,52.917449000005945,54.03267100001585,real_npy,0,1
516,/mnt/c/Users/Chirayu/Documents/GitHub/2D-to-3D-image-reconstruction/facescape_224/fsmview_trainset_20_18_eye_closed_28.jpg,0.07887673377990723,0.0871509239077568,0.008274190127849579,8.162774048745632,0.6754655838012695,0.48619887232780457,0.48619887232780457,21.699741000020367,23.27110799996035,real_npy,0,1
517,/mnt/c/Users/Chirayu/Documents/GitHub/2D-to-3D-image-reconstruction/facescape_224/fsmview_trainset_9_19_brow_raiser_28.jpg,0.0590972900390625,0.07324714213609695,0.014149852097034454,8.485824650153518,0.6906477808952332,0.2716761827468872,0.2716761827468872,71.96056999998746,59.577094000019315,real_npy,0,1
518,/mnt/c/Users/Chirayu/Documents/GitHub/2D-to-3D-image-reconstruction/facescape_224/fsmview_trainset_19_16_grin_8.jpg,0.042562197893857956,0.05438660457730293,0.011824406683444977,8.85574458539486,0.7825589776039124,0.22704382240772247,0.22704382240772247,20.845062000034886,20.32248199998321,real_npy,0,1
519,/mnt/c/Users/Chirayu/Documents/GitHub/2D-to-3D-image-reconstruction/facescape_224/fsmview_trainset_12_1_neutral_43.jpg,0.1293194442987442,0.13781821727752686,0.008498772978782654,7.750269960612059,0.6643326878547668,0.47617223858833313,0.47617223858833313,20.455121999987114,21.09066499997425,real_npy,0,1
520,/mnt/c/Users/Chirayu/Documents/GitHub/2D-to-3D-image-reconstruction/facescape_224/fsmview_trainset_9_12_lip_puckerer_54.jpg,0.0723421722650528,0.07176876068115234,-0.0005734115839004517,7.938306424766779,0.6787137389183044,0.4572223424911499,0.4572223424911499,21.022668999989946,20.65064999999322,real_npy,0,1
521,/mnt/c/Users/Chirayu/Documents/GitHub/2D-to-3D-image-reconstruction/facescape_224/fsmview_trainset_13_7_jaw_forward_52.jpg,0.07400114834308624,0.07170340418815613,-0.0022977441549301147,8.71765098720789,0.718176007270813,0.38808730244636536,0.38808730244636536,22.783193000009305,18.897250999998505,real_npy,0,1
522,/mnt/c/Users/Chirayu/Documents/GitHub/2D-to-3D-image-reconstruction/facescape_224/fsmview_trainset_20_6_jaw_right_6.jpg,0.4004616439342499,0.41170626878738403,0.011244624853134155,7.420156538486481,0.7348238825798035,0.5939916372299194,0.5939916372299194,20.356228999958148,19.64993400002868,real_npy,0,1
523,/mnt/c/Users/Chirayu/Documents/GitHub/2D-to-3D-image-reconstruction/facescape_224/fsmview_trainset_19_17_cheek_blowing_27.jpg,0.7868154644966125,0.6251145005226135,-0.16170096397399902,8.453241806477308,0.7864304184913635,0.38959434628486633,0.38959434628486633,65.37889899999527,30.599344999984623,real_npy,0,1
524,/mnt/c/Users/Chirayu/Documents/GitHub/2D-to-3D-image-reconstruction/facescape_224/fsmview_trainset_1_2_smile_24.jpg,0.06686706840991974,0.07086790353059769,0.004000835120677948,8.20044743269682,0.744556188583374,0.48433855175971985,0.48433855175971985,44.18806399996811,20.71542200002341,real_npy,0,1
525,/mnt/c/Users/Chirayu/Documents/GitHub/2D-to-3D-image-reconstruction/facescape_224/fsmview_trainset_14_15_lip_roll_20.jpg,0.05107264965772629,0.05200599133968353,0.0009333416819572449,7.370327651500702,0.644926130771637,0.3034943640232086,0.3034943640232086,58.15780599999698,20.228822999968088,real_npy,0,1
526,/mnt/c/Users/Chirayu/Documents/GitHub/2D-to-3D-image-reconstruction/facescape_224/fsmview_trainset_7_5_jaw_left_18.jpg,0.03513183817267418,0.03472878783941269,-0.00040305033326148987,8.182564057409763,0.667589008808136,0.41949185729026794,0.41949185729026794,42.38357500003076,20.210216000009495,real_npy,0,1
527,/mnt/c/Users/Chirayu/Documents/GitHub/2D-to-3D-image-reconstruction/facescape_224/fsmview_trainset_12_18_eye_closed_39.jpg,0.07272262126207352,0.0769946277141571,0.004272006452083588,8.422031689435244,0.7092741131782532,0.46277081966400146,0.46277081966400146,21.895880999977635,21.022611999967467,real_npy,0,1
528,/mnt/c/Users/Chirayu/Documents/GitHub/2D-to-3D-image-reconstruction/facescape_224/fsmview_trainset_1_11_chin_raiser_42.jpg,0.10999245941638947,0.10689934343099594,-0.003093115985393524,8.321400471031666,0.7149176001548767,0.4522884488105774,0.4522884488105774,20.43418099998462,19.899688999998943,real_npy,0,1
529,/mnt/c/Users/Chirayu/Documents/GitHub/2D-to-3D-image-reconstruction/facescape_224/fsmview_trainset_14_1_neutral_38.jpg,0.05470551550388336,0.05346840247511864,-0.0012371130287647247,7.608468346297741,0.6248171925544739,0.3317272663116455,0.3317272663116455,20.38218100000222,19.580972000028396,real_npy,0,1
530,/mnt/c/Users/Chirayu/Documents/GitHub/2D-to-3D-image-reconstruction/facescape_224/fsmview_trainset_8_17_cheek_blowing_33.jpg,0.030401475727558136,6.160262107849121,6.129860632121563,52.88179708272219,7.007878303527832,0.2874932885169983,0.2874932885169983,21.498129000008248,26.804871000024377,real_npy,1,1
531,/mnt/c/Users/Chirayu/Documents/GitHub/2D-to-3D-image-reconstruction/facescape_224/fsmview_trainset_17_20_brow_lower_46.jpg,0.14466620981693268,0.14392676949501038,-0.0007394403219223022,8.522503267973661,0.752854585647583,0.4333338439464569,0.4333338439464569,21.53691900002741,21.374314000013328,real_npy,0,1
532,/mnt/c/Users/Chirayu/Documents/GitHub/2D-to-3D-image-reconstruction/facescape_224/fsmview_trainset_18_20_brow_lower_24.jpg,0.034994181245565414,0.03450983390212059,-0.0004843473434448242,8.333151588216424,0.7104248404502869,0.4116453230381012,0.4116453230381012,29.492301000004773,18.79640399999971,real_npy,0,1
533,/mnt/c/Users/Chirayu/Documents/GitHub/2D-to-3D-image-reconstruction/facescape_224/fsmview_trainset_20_3_mouth_stretch_58.jpg,0.07664301991462708,0.07118210941553116,-0.005460910499095917,8.49032861366868,0.7752084732055664,0.3718288242816925,0.3718288242816925,20.851257999993322,21.539070999949672,real_npy,0,1
534,/mnt/c/Users/Chirayu/Documents/GitHub/2D-to-3D-image-reconstruction/facescape_224/fsmview_trainset_6_9_mouth_right_36.jpg,0.10867837816476822,0.11823121458292007,0.009552836418151855,7.744375582784414,0.6635493636131287,0.3382125198841095,0.3382125198841095,74.39702699997497,58.335972999998376,real_npy,0,1
535,/mnt/c/Users/Chirayu/Documents/GitHub/2D-to-3D-image-reconstruction/facescape_224/fsmview_trainset_12_6_jaw_right_8.jpg,0.06100517138838768,0.07307568937540054,0.012070517987012863,8.983759045600891,0.7483199834823608,0.5085646510124207,0.5085646510124207,20.769508999990194,19.79609199997867,real_npy,0,1
536,/mnt/c/Users/Chirayu/Documents/GitHub/2D-to-3D-image-reconstruction/facescape_224/fsmview_trainset_19_9_mouth_right_26.jpg,0.06406114250421524,0.057980094105005264,-0.006081048399209976,9.251493148505688,0.7620555758476257,0.43291208148002625,0.43291208148002625,21.324494999987564,21.918585999969764,real_npy,0,1
537,/mnt/c/Users/Chirayu/Documents/GitHub/2D-to-3D-image-reconstruction/facescape_224/fsmview_trainset_11_8_mouth_left_45.jpg,0.8194144368171692,0.8265409469604492,0.007126510143280029,8.078717604279518,0.6596931219100952,0.556919276714325,0.556919276714325,51.58737099998234,21.487522000029458,real_npy,0,1
538,/mnt/c/Users/Chirayu/Documents/GitHub/2D-to-3D-image-reconstruction/facescape_224/fsmview_trainset_1_12_lip_puckerer_33.jpg,0.035832952708005905,551.337890625,551.302057672292,442.262748837471,629.9510498046875,0.37233251333236694,0.37233251333236694,20.93542500000467,22.117973000035818,real_npy,1,1
539,/mnt/c/Users/Chirayu/Documents/GitHub/2D-to-3D-image-reconstruction/facescape_224/fsmview_trainset_11_1_neutral_64.jpg,0.20745013654232025,0.20623798668384552,-0.0012121498584747314,8.204311929643154,0.7297845482826233,0.4333241879940033,0.4333241879940033,19.676638000021285,19.76794299997664,real_npy,0,1
540,/mnt/c/Users/Chirayu/Documents/GitHub/2D-to-3D-image-reconstruction/facescape_224/fsmview_trainset_8_14_sadness_36.jpg,0.05395565181970596,0.04624399170279503,-0.0077116601169109344,7.975135900080204,0.6768181920051575,0.3118177652359009,0.3118177652359009,19.99866099998826,58.46188800001073,real_npy,0,1
541,/mnt/c/Users/Chirayu/Documents/GitHub/2D-to-3D-image-reconstruction/facescape_224/fsmview_trainset_1_14_sadness_55.jpg,0.12027697265148163,72.03861999511719,71.9183430224657,163.35140296816826,74.17256927490234,0.28756198287010193,0.28756198287010193,56.58406800000648,37.271185999998124,real_npy,1,1
542,/mnt/c/Users/Chirayu/Documents/GitHub/2D-to-3D-image-reconstruction/facescape_224/fsmview_trainset_2_17_cheek_blowing_14.jpg,0.03807034343481064,0.037547096610069275,-0.0005232468247413635,7.997510213404894,0.7049658894538879,0.43426740169525146,0.43426740169525146,48.61358700003393,27.817229999982374,real_npy,0,1
543,/mnt/c/Users/Chirayu/Documents/GitHub/2D-to-3D-image-reconstruction/facescape_224/fsmview_trainset_20_4_anger_23.jpg,0.02977563440799713,0.028841223567724228,-0.0009344108402729034,7.5704878605902195,0.6115661859512329,0.428470253944397,0.428470253944397,26.377773999968213,75.05953399999044,real_npy,0,1
544,/mnt/c/Users/Chirayu/Documents/GitHub/2D-to-3D-image-reconstruction/facescape_224/fsmview_trainset_18_1_neutral_39.jpg,0.1547335684299469,0.14730411767959595,-0.007429450750350952,8.538496226072311,0.8205273151397705,0.5385992527008057,0.5385992527008057,20.02752599997848,60.71054199998116,real_npy,0,1
545,/mnt/c/Users/Chirayu/Documents/GitHub/2D-to-3D-image-reconstruction/facescape_224/fsmview_trainset_20_16_grin_18.jpg,0.04394463822245598,0.041376907378435135,-0.0025677308440208435,7.84710206463933,0.6442933082580566,0.49556970596313477,0.49556970596313477,21.46162000002505,19.265072999985478,real_npy,0,1
546,/mnt/c/Users/Chirayu/Documents/GitHub/2D-to-3D-image-reconstruction/facescape_224/fsmview_trainset_20_11_chin_raiser_13.jpg,0.0534522570669651,0.051877234131097794,-0.0015750229358673096,8.468427769839764,0.7004931569099426,0.3882107436656952,0.3882107436656952,22.860686999990776,21.447356999999556,real_npy,0,1
547,/mnt/c/Users/Chirayu/Documents/GitHub/2D-to-3D-image-reconstruction/facescape_224/fsmview_trainset_14_5_jaw_left_30.jpg,0.043496258556842804,0.05157672241330147,0.008080463856458664,7.098522126674652,0.6203977465629578,0.27721816301345825,0.27721816301345825,61.87215099998866,19.033265000018673,real_npy,0,1
548,/mnt/c/Users/Chirayu/Documents/GitHub/2D-to-3D-image-reconstruction/facescape_224/fsmview_trainset_5_8_mouth_left_12.jpg,0.3878163695335388,0.4089926481246948,0.021176278591156006,7.428212523460388,0.6236786246299744,0.2783668041229248,0.2783668041229248,59.67655299997432,21.150402999978724,real_npy,0,1
549,/mnt/c/Users/Chirayu/Documents/GitHub/2D-to-3D-image-reconstruction/facescape_224/fsmview_trainset_5_8_mouth_left_57.jpg,0.074129119515419,0.07269774377346039,-0.0014313757419586182,8.553142547607422,0.7456274032592773,0.4203137159347534,0.4203137159347534,22.394884999982878,20.768825000004654,real_npy,0,1
550,/mnt/c/Users/Chirayu/Documents/GitHub/2D-to-3D-image-reconstruction/facescape_224/fsmview_trainset_3_16_grin_24.jpg,0.03868147358298302,0.03801655024290085,-0.0006649233400821686,7.305772498250008,0.6553761959075928,0.3063829839229584,0.3063829839229584,20.774115999984133,23.51979599995957,real_npy,0,1
551,/mnt/c/Users/Chirayu/Documents/GitHub/2D-to-3D-image-reconstruction/facescape_224/fsmview_trainset_9_12_lip_puckerer_40.jpg,0.2768905460834503,0.3148898184299469,0.03799927234649658,6.8202748484909534,0.6296793818473816,0.44121307134628296,0.44121307134628296,42.11870500000714,18.407249999995656,real_npy,0,1
552,/mnt/c/Users/Chirayu/Documents/GitHub/2D-to-3D-image-reconstruction/facescape_224/fsmview_trainset_17_19_brow_raiser_15.jpg,0.04787071421742439,0.05028476566076279,0.002414051443338394,8.729878520593047,0.712821364402771,0.3597918152809143,0.3597918152809143,19.334570000012263,18.967341000006854,real_npy,0,1
553,/mnt/c/Users/Chirayu/Documents/GitHub/2D-to-3D-image-reconstruction/facescape_224/fsmview_trainset_11_13_lip_funneler_21.jpg,0.04305298253893852,0.044548653066158295,0.0014956705272197723,8.0400878675282,0.6551013588905334,0.486493319272995,0.486493319272995,60.817667999970126,19.443681000041124,real_npy,0,1
554,/mnt/c/Users/Chirayu/Documents/GitHub/2D-to-3D-image-reconstruction/facescape_224/fsmview_trainset_15_13_lip_funneler_33.jpg,0.12175604701042175,0.14070552587509155,0.0189494788646698,7.592415859922767,0.6574386954307556,0.5843969583511353,0.5843969583511353,23.010670000019218,29.593101999978444,real_npy,0,1
555,/mnt/c/Users/Chirayu/Documents/GitHub/2D-to-3D-image-reconstruction/facescape_224/fsmview_trainset_5_16_grin_41.jpg,0.11473679542541504,0.11995559930801392,0.005218803882598877,7.881866782903671,0.6944733262062073,0.4667949080467224,0.4667949080467224,22.287385000026916,20.56923300000335,real_npy,0,1
556,/mnt/c/Users/Chirayu/Documents/GitHub/2D-to-3D-image-reconstruction/facescape_224/fsmview_trainset_12_1_neutral_30.jpg,0.057330403476953506,0.05814417824149132,0.0008137747645378113,9.39588487148285,0.7765955328941345,0.5492187142372131,0.5492187142372131,19.992340999976932,18.98473500000364,real_npy,0,1
557,/mnt/c/Users/Chirayu/Documents/GitHub/2D-to-3D-image-reconstruction/facescape_224/fsmview_trainset_1_18_eye_closed_19.jpg,0.4312003254890442,0.4195116460323334,-0.011688679456710815,6.52395049482584,0.6140130758285522,0.4621879756450653,0.4621879756450653,19.160630999977002,18.667510999989645,real_npy,0,1
558,/mnt/c/Users/Chirayu/Documents/GitHub/2D-to-3D-image-reconstruction/facescape_224/fsmview_trainset_13_12_lip_puckerer_37.jpg,0.03720179572701454,0.5423107147216797,0.5051089189946651,15.998851443640888,1.4929075241088867,0.3233707845211029,0.3233707845211029,20.5297459999656,20.385310999984085,real_npy,0,1
559,/mnt/c/Users/Chirayu/Documents/GitHub/2D-to-3D-image-reconstruction/facescape_224/fsmview_trainset_9_9_mouth_right_1.jpg,0.06801478564739227,0.07264336198568344,0.004628576338291168,8.03382821381092,0.7123141884803772,0.3832211196422577,0.3832211196422577,23.042158999999174,21.906709000006686,real_npy,0,1
560,/mnt/c/Users/Chirayu/Documents/GitHub/2D-to-3D-image-reconstruction/facescape_224/fsmview_trainset_11_6_jaw_right_34.jpg,0.038022808730602264,34.065181732177734,34.02715892344713,117.74459072947502,35.649600982666016,0.5696970224380493,0.5696970224380493,22.614756999985275,17.600393000009262,real_npy,1,1
561,/mnt/c/Users/Chirayu/Documents/GitHub/2D-to-3D-image-reconstruction/facescape_224/fsmview_trainset_14_1_neutral_53.jpg,0.37512582540512085,0.43154481053352356,0.05641898512840271,8.034253627061844,0.6811672449111938,0.563467264175415,0.563467264175415,19.93190399997502,32.95024400000557,real_npy,0,1
562,/mnt/c/Users/Chirayu/Documents/GitHub/2D-to-3D-image-reconstruction/facescape_224/fsmview_trainset_5_14_sadness_41.jpg,0.11291088163852692,0.11609651148319244,0.0031856298446655273,8.052791707217693,0.706658124923706,0.47746971249580383,0.47746971249580383,20.153996999965784,46.31514700002981,real_npy,0,1
563,/mnt/c/Users/Chirayu/Documents/GitHub/2D-to-3D-image-reconstruction/facescape_224/fsmview_trainset_4_18_eye_closed_50.jpg,0.045706722885370255,0.05117511749267578,0.005468394607305527,8.72877722978592,0.7255886793136597,0.31921878457069397,0.31921878457069397,22.512476000031256,20.355887999983224,real_npy,0,1
564,/mnt/c/Users/Chirayu/Documents/GitHub/2D-to-3D-image-reconstruction/facescape_224/fsmview_trainset_8_18_eye_closed_56.jpg,0.039301227778196335,0.04084281995892525,0.0015415921807289124,8.352994998916984,0.7074584364891052,0.24128125607967377,0.24128125607967377,21.8318710000176,18.424862999950165,real_npy,0,1
565,/mnt/c/Users/Chirayu/Documents/GitHub/2D-to-3D-image-reconstruction/facescape_224/fsmview_trainset_19_4_anger_25.jpg,0.08099338412284851,0.07260813564062119,-0.008385248482227325,9.466101437807083,0.7550429701805115,0.4530054032802582,0.4530054032802582,22.553670000036163,20.760850999977265,real_npy,0,1
566,/mnt/c/Users/Chirayu/Documents/GitHub/2D-to-3D-image-reconstruction/facescape_224/fsmview_trainset_15_2_smile_58.jpg,0.0603996179997921,0.06186918541789055,0.0014695674180984497,8.654795534908772,0.7834175825119019,0.4610586166381836,0.4610586166381836,19.744322000008196,28.85651299999381,real_npy,0,1
567,/mnt/c/Users/Chirayu/Documents/GitHub/2D-to-3D-image-reconstruction/facescape_224/fsmview_trainset_7_18_eye_closed_22.jpg,0.24387705326080322,0.2632889449596405,0.01941189169883728,7.343625530600548,0.7273464798927307,0.6120597720146179,0.6120597720146179,43.48836899998787,45.842730999993364,real_npy,0,1
568,/mnt/c/Users/Chirayu/Documents/GitHub/2D-to-3D-image-reconstruction/facescape_224/fsmview_trainset_3_2_smile_52.jpg,0.15276888012886047,0.15404434502124786,0.0012754648923873901,8.218950144946575,0.7368748784065247,0.4561603367328644,0.4561603367328644,48.30007400005343,20.80116399997678,real_npy,0,1
569,/mnt/c/Users/Chirayu/Documents/GitHub/2D-to-3D-image-reconstruction/facescape_224/fsmview_trainset_11_14_sadness_26.jpg,0.06450393795967102,0.08236506581306458,0.017861127853393555,8.485032927244902,0.7477360367774963,0.48332685232162476,0.48332685232162476,33.161892999999054,23.043787999995402,real_npy,0,1
570,/mnt/c/Users/Chirayu/Documents/GitHub/2D-to-3D-image-reconstruction/facescape_224/fsmview_trainset_6_7_jaw_forward_27.jpg,0.049597978591918945,0.046703584492206573,-0.002894394099712372,8.484006172046065,0.6986858248710632,0.37269988656044006,0.37269988656044006,20.276208999973733,19.88414400000238,real_npy,0,1
571,/mnt/c/Users/Chirayu/Documents/GitHub/2D-to-3D-image-reconstruction/facescape_224/fsmview_trainset_7_3_mouth_stretch_41.jpg,0.0955703854560852,0.09768465906381607,0.0021142736077308655,8.174098253250122,0.7758371233940125,0.48061904311180115,0.48061904311180115,23.089331999983642,55.693917999974474,real_npy,0,1
572,/mnt/c/Users/Chirayu/Documents/GitHub/2D-to-3D-image-reconstruction/facescape_224/fsmview_trainset_4_10_dimpler_8.jpg,0.0412236787378788,0.03836170583963394,-0.002861972898244858,7.80824539065361,0.674827516078949,0.1804199367761612,0.1804199367761612,20.647103999976935,22.43858999997883,real_npy,0,1
573,/mnt/c/Users/Chirayu/Documents/GitHub/2D-to-3D-image-reconstruction/facescape_224/fsmview_trainset_20_2_smile_44.jpg,0.08769454807043076,0.09594310075044632,0.008248552680015564,9.805730437859893,0.7736067175865173,0.4214431643486023,0.4214431643486023,23.117056999979013,20.034645000009732,real_npy,0,1
574,/mnt/c/Users/Chirayu/Documents/GitHub/2D-to-3D-image-reconstruction/facescape_224/fsmview_trainset_5_18_eye_closed_20.jpg,0.05527254939079285,0.055078987032175064,-0.0001935623586177826,8.81894926354289,0.7465193867683411,0.3837125599384308,0.3837125599384308,20.7028179999611,21.78507600001467,real_npy,0,1
575,/mnt/c/Users/Chirayu/Documents/GitHub/2D-to-3D-image-reconstruction/facescape_224/fsmview_trainset_8_12_lip_puckerer_20.jpg,0.042057257145643234,0.04362943023443222,0.0015721730887889862,8.609500782564282,0.7057461142539978,0.2873433232307434,0.2873433232307434,69.80838300000869,21.305770000026314,real_npy,0,1
576,/mnt/c/Users/Chirayu/Documents/GitHub/2D-to-3D-image-reconstruction/facescape_224/fsmview_trainset_12_4_anger_22.jpg,0.169382706284523,0.1583428531885147,-0.0110398530960083,9.07488326728344,0.7037107348442078,0.5559110045433044,0.5559110045433044,21.374681999986933,47.54975100001957,real_npy,0,1
577,/mnt/c/Users/Chirayu/Documents/GitHub/2D-to-3D-image-reconstruction/facescape_224/fsmview_trainset_12_15_lip_roll_36.jpg,0.04252896457910538,2.891084909439087,2.8485559448599815,37.60820058733225,4.32393217086792,0.3813866674900055,0.3813866674900055,19.98670000000402,27.60629900001277,real_npy,1,1
578,/mnt/c/Users/Chirayu/Documents/GitHub/2D-to-3D-image-reconstruction/facescape_224/fsmview_trainset_18_3_mouth_stretch_12.jpg,0.04835863411426544,0.05046631023287773,0.0021076761186122894,8.023642785847187,0.7621593475341797,0.4047447741031647,0.4047447741031647,20.027774999960002,21.09907999999905,real_npy,0,1
579,/mnt/c/Users/Chirayu/Documents/GitHub/2D-to-3D-image-reconstruction/facescape_224/fsmview_trainset_20_13_lip_funneler_59.jpg,0.6706627607345581,0.6548586487770081,-0.01580411195755005,7.644604079425335,0.6705955266952515,0.461026668548584,0.461026668548584,23.171839999974964,21.793043999991824,real_npy,0,1
580,/mnt/c/Users/Chirayu/Documents/GitHub/2D-to-3D-image-reconstruction/facescape_224/fsmview_trainset_11_3_mouth_stretch_41.jpg,0.04635583609342575,0.043261680752038956,-0.003094155341386795,8.058528378605843,0.7483897805213928,0.4480973184108734,0.4480973184108734,20.12947699995493,27.08899399999609,real_npy,0,1
581,/mnt/c/Users/Chirayu/Documents/GitHub/2D-to-3D-image-reconstruction/facescape_224/fsmview_trainset_11_12_lip_puckerer_29.jpg,0.17108668386936188,10.879437446594238,10.708350762724876,69.25323491543531,11.585811614990234,0.41843947768211365,0.41843947768211365,23.34804700001314,19.353463000015836,real_npy,1,1
582,/mnt/c/Users/Chirayu/Documents/GitHub/2D-to-3D-image-reconstruction/facescape_224/fsmview_trainset_3_4_anger_2.jpg,0.04915181174874306,0.0546749010682106,0.0055230893194675446,8.492666378617287,0.7414118647575378,0.43584001064300537,0.43584001064300537,21.600142000011147,19.839959000023555,real_npy,0,1
583,/mnt/c/Users/Chirayu/Documents/GitHub/2D-to-3D-image-reconstruction/facescape_224/fsmview_trainset_4_10_dimpler_27.jpg,0.07918962091207504,0.080121710896492,0.0009320899844169617,7.866036459803581,0.70426344871521,0.3588310182094574,0.3588310182094574,32.51465100004225,26.23711300003606,real_npy,0,1
584,/mnt/c/Users/Chirayu/Documents/GitHub/2D-to-3D-image-reconstruction/facescape_224/fsmview_trainset_9_1_neutral_12.jpg,0.032992586493492126,0.6163110733032227,0.5833184868097305,16.688005744479597,1.491688847541809,0.23448629677295685,0.23448629677295685,21.030305000010685,24.408041000015146,real_npy,0,1
585,/mnt/c/Users/Chirayu/Documents/GitHub/2D-to-3D-image-reconstruction/facescape_224/fsmview_trainset_12_13_lip_funneler_5.jpg,0.43424680829048157,0.4506427049636841,0.016395896673202515,6.870022937655449,0.6477803587913513,0.5006036758422852,0.5006036758422852,23.04508600002464,21.566121999967436,real_npy,0,1
586,/mnt/c/Users/Chirayu/Documents/GitHub/2D-to-3D-image-reconstruction/facescape_224/fsmview_trainset_5_18_eye_closed_3.jpg,0.3179292380809784,0.32684800028800964,0.00891876220703125,7.947634883224964,0.6849525570869446,0.3763418197631836,0.3763418197631836,21.856737000007342,18.752024000036727,real_npy,0,1
587,/mnt/c/Users/Chirayu/Documents/GitHub/2D-to-3D-image-reconstruction/facescape_224/fsmview_trainset_1_3_mouth_stretch_44.jpg,0.11617792397737503,0.12189538031816483,0.005717456340789795,8.076036930084229,0.6838905215263367,0.4969756305217743,0.4969756305217743,20.934478000015133,23.854703999973026,real_npy,0,1
588,/mnt/c/Users/Chirayu/Documents/GitHub/2D-to-3D-image-reconstruction/facescape_224/fsmview_trainset_11_3_mouth_stretch_17.jpg,0.047934640198946,0.05123448371887207,0.003299843519926071,7.722503650933504,0.73433518409729,0.5002537965774536,0.5002537965774536,20.60783599995375,28.777476000016122,real_npy,0,1
589,/mnt/c/Users/Chirayu/Documents/GitHub/2D-to-3D-image-reconstruction/facescape_224/fsmview_trainset_8_10_dimpler_40.jpg,0.25548917055130005,0.25527751445770264,-0.0002116560935974121,6.527400732040405,0.6580371856689453,0.43297427892684937,0.43297427892684937,20.150839999985237,18.36188200002198,real_npy,0,1
590,/mnt/c/Users/Chirayu/Documents/GitHub/2D-to-3D-image-reconstruction/facescape_224/fsmview_trainset_18_15_lip_roll_39.jpg,0.10351066291332245,0.09939548373222351,-0.004115179181098938,7.915798474103212,0.7126315236091614,0.5248039960861206,0.5248039960861206,20.574721000002683,19.418274000031488,real_npy,0,1
591,/mnt/c/Users/Chirayu/Documents/GitHub/2D-to-3D-image-reconstruction/facescape_224/fsmview_trainset_19_12_lip_puckerer_5.jpg,0.05689564719796181,0.06373818218708038,0.006842534989118576,8.367726020514965,0.6894313097000122,0.2442668378353119,0.2442668378353119,21.656911999968997,22.233314999994036,real_npy,0,1
592,/mnt/c/Users/Chirayu/Documents/GitHub/2D-to-3D-image-reconstruction/facescape_224/fsmview_trainset_9_12_lip_puckerer_22.jpg,0.2884192168712616,0.3527964949607849,0.06437727808952332,7.202089756727219,0.6907722353935242,0.6099624633789062,0.6099624633789062,66.8667429999914,104.75397900000871,real_npy,0,1
593,/mnt/c/Users/Chirayu/Documents/GitHub/2D-to-3D-image-reconstruction/facescape_224/fsmview_trainset_4_14_sadness_45.jpg,0.11687310039997101,0.14484848082065582,0.027975380420684814,9.753264259546995,0.8101300001144409,0.3023150861263275,0.3023150861263275,20.371886000020822,24.72893099997009,real_npy,0,1
594,/mnt/c/Users/Chirayu/Documents/GitHub/2D-to-3D-image-reconstruction/facescape_224/fsmview_trainset_12_10_dimpler_0.jpg,0.042518679052591324,0.8090907335281372,0.7665720544755459,18.84443380124867,1.791407585144043,0.40273210406303406,0.40273210406303406,23.446667999962756,21.873414000026514,real_npy,0,1
595,/mnt/c/Users/Chirayu/Documents/GitHub/2D-to-3D-image-reconstruction/facescape_224/fsmview_trainset_3_16_grin_35.jpg,0.11134012788534164,0.12930093705654144,0.0179608091711998,7.7064381539821625,0.7060363292694092,0.3745650053024292,0.3745650053024292,20.032148999973742,20.770281000011437,real_npy,0,1
596,/mnt/c/Users/Chirayu/Documents/GitHub/2D-to-3D-image-reconstruction/facescape_224/fsmview_trainset_14_1_neutral_59.jpg,0.04687937721610069,0.05089370533823967,0.004014328122138977,7.416070193052292,0.6421656012535095,0.35642388463020325,0.35642388463020325,20.267224000008355,19.72249000004922,real_npy,0,1
597,/mnt/c/Users/Chirayu/Documents/GitHub/2D-to-3D-image-reconstruction/facescape_224/fsmview_trainset_19_1_neutral_9.jpg,0.062423691153526306,0.07361853867769241,0.011194847524166107,9.076771587133408,0.7623271942138672,0.2641943395137787,0.2641943395137787,19.870833000027233,19.907243999966795,real_npy,0,1
598,/mnt/c/Users/Chirayu/Documents/GitHub/2D-to-3D-image-reconstruction/facescape_224/fsmview_trainset_19_5_jaw_left_27.jpg,0.6684510707855225,0.5268463492393494,-0.1416047215461731,8.254669398069382,0.726935863494873,0.38147464394569397,0.38147464394569397,20.336272999998073,63.432413999976234,real_npy,0,1
599,/mnt/c/Users/Chirayu/Documents/GitHub/2D-to-3D-image-reconstruction/facescape_224/fsmview_trainset_7_13_lip_funneler_40.jpg,0.18963880836963654,0.21261627972126007,0.022977471351623535,6.829296298325062,0.6450101733207703,0.4355403780937195,0.4355403780937195,26.76626300001317,22.67645500000981,real_npy,0,1
600,/mnt/c/Users/Chirayu/Documents/GitHub/2D-to-3D-image-reconstruction/facescape_224/fsmview_trainset_3_2_smile_25.jpg,0.03501143679022789,0.03503962978720665,2.8192996978759766e-05,7.813126556575298,0.6679683327674866,0.32926955819129944,0.32926955819129944,33.62973800000191,37.74038599999585,real_npy,0,1
601,/mnt/c/Users/Chirayu/Documents/GitHub/2D-to-3D-image-reconstruction/facescape_224/fsmview_trainset_7_3_mouth_stretch_16.jpg,0.04487650468945503,9.533211708068848,9.488335203379393,64.63984809815884,9.932374954223633,0.35120680928230286,0.35120680928230286,19.964065000010578,17.496790999985024,real_npy,1,1
602,/mnt/c/Users/Chirayu/Documents/GitHub/2D-to-3D-image-reconstruction/facescape_224/fsmview_trainset_7_13_lip_funneler_18.jpg,0.04121800884604454,0.04130859300494194,9.05841588973999e-05,8.464474380481988,0.6921844482421875,0.42149871587753296,0.42149871587753296,29.11249100003488,19.082587000013973,real_npy,0,1
603,/mnt/c/Users/Chirayu/Documents/GitHub/2D-to-3D-image-reconstruction/facescape_224/fsmview_trainset_4_11_chin_raiser_44.jpg,0.10616610944271088,0.10165183991193771,-0.004514269530773163,8.525268599390984,0.7166815996170044,0.3701329529285431,0.3701329529285431,22.792078999998466,20.48220599999695,real_npy,0,1
604,/mnt/c/Users/Chirayu/Documents/GitHub/2D-to-3D-image-reconstruction/facescape_224/fsmview_trainset_5_10_dimpler_15.jpg,0.03746991977095604,0.11832348257303238,0.08085356280207634,8.680021282285452,0.7246934771537781,0.38586440682411194,0.38586440682411194,20.38716699996712,21.11117499998727,real_npy,0,1
605,/mnt/c/Users/Chirayu/Documents/GitHub/2D-to-3D-image-reconstruction/facescape_224/fsmview_trainset_15_16_grin_18.jpg,0.046657744795084,0.05336996540427208,0.00671222060918808,8.137356791645288,0.7462011575698853,0.5432904958724976,0.5432904958724976,36.108103000003666,19.50632999995605,real_npy,0,1
606,/mnt/c/Users/Chirayu/Documents/GitHub/2D-to-3D-image-reconstruction/facescape_224/fsmview_trainset_12_14_sadness_38.jpg,0.03290610387921333,0.08919502794742584,0.05628892406821251,8.438547821715474,0.7071833610534668,0.43636980652809143,0.43636980652809143,61.1289170000191,64.59728299995504,real_npy,0,1
607,/mnt/c/Users/Chirayu/Documents/GitHub/2D-to-3D-image-reconstruction/facescape_224/fsmview_trainset_14_20_brow_lower_64.jpg,0.46803396940231323,0.461830735206604,-0.0062032341957092285,7.084806896746159,0.6151642203330994,0.46292486786842346,0.46292486786842346,19.382116000031147,19.046623000008367,real_npy,0,1
608,/mnt/c/Users/Chirayu/Documents/GitHub/2D-to-3D-image-reconstruction/facescape_224/fsmview_trainset_8_17_cheek_blowing_22.jpg,0.04523807764053345,0.04593014717102051,0.0006920695304870605,8.114890649914742,0.6688750386238098,0.2935929596424103,0.2935929596424103,19.928746999994473,26.35097099999939,real_npy,0,1
609,/mnt/c/Users/Chirayu/Documents/GitHub/2D-to-3D-image-reconstruction/facescape_224/fsmview_trainset_15_14_sadness_10.jpg,0.20985421538352966,0.26322993636131287,0.0533757209777832,8.459742829203606,0.7546436190605164,0.5904510021209717,0.5904510021209717,21.819483999991007,31.60662699997374,real_npy,0,1
610,/mnt/c/Users/Chirayu/Documents/GitHub/2D-to-3D-image-reconstruction/facescape_224/fsmview_trainset_15_8_mouth_left_18.jpg,0.04113604500889778,0.04223820939660072,0.001102164387702942,8.017953794449568,0.6577844619750977,0.5479838848114014,0.5479838848114014,20.777311000017562,18.86202800000092,real_npy,0,1
611,/mnt/c/Users/Chirayu/Documents/GitHub/2D-to-3D-image-reconstruction/facescape_224/fsmview_trainset_17_4_anger_19.jpg,0.057381365448236465,0.06273636966943741,0.005355004221200943,9.155456617474556,0.7805818319320679,0.33018627762794495,0.33018627762794495,21.98161399996934,24.051599999950213,real_npy,0,1
612,/mnt/c/Users/Chirayu/Documents/GitHub/2D-to-3D-image-reconstruction/facescape_224/fsmview_trainset_14_18_eye_closed_19.jpg,0.0426483228802681,0.045793745666742325,0.003145422786474228,7.38082685507834,0.6529635787010193,0.5449700355529785,0.5449700355529785,20.905427999991844,21.60961699996733,real_npy,0,1
613,/mnt/c/Users/Chirayu/Documents/GitHub/2D-to-3D-image-reconstruction/facescape_224/fsmview_trainset_9_2_smile_25.jpg,0.04501580446958542,0.04484174773097038,-0.000174056738615036,8.593286853283644,0.7067692279815674,0.3313310146331787,0.3313310146331787,20.405502999949476,21.69832800001359,real_npy,0,1
614,/mnt/c/Users/Chirayu/Documents/GitHub/2D-to-3D-image-reconstruction/facescape_224/fsmview_trainset_17_12_lip_puckerer_12.jpg,0.15199969708919525,0.47721728682518005,0.3252175897359848,13.820540697313845,1.2345950603485107,0.24646049737930298,0.24646049737930298,21.985701999994944,23.1749109999555,real_npy,0,1
615,/mnt/c/Users/Chirayu/Documents/GitHub/2D-to-3D-image-reconstruction/facescape_224/fsmview_trainset_14_18_eye_closed_64.jpg,0.06764047592878342,0.0678536668419838,0.00021319091320037842,9.143355010077357,0.8403975367546082,0.43885770440101624,0.43885770440101624,20.931666999956633,20.351324999978715,real_npy,0,1
616,/mnt/c/Users/Chirayu/Documents/GitHub/2D-to-3D-image-reconstruction/facescape_224/fsmview_trainset_1_3_mouth_stretch_17.jpg,0.04573889449238777,67.36279296875,67.31705407425761,158.56322246789932,70.34060668945312,0.3351636230945587,0.3351636230945587,43.65560999997342,56.474800999978925,real_npy,1,1
617,/mnt/c/Users/Chirayu/Documents/GitHub/2D-to-3D-image-reconstruction/facescape_224/fsmview_trainset_1_2_smile_10.jpg,0.032527633011341095,0.033505890518426895,0.0009782575070858002,8.460645001381636,0.7504556179046631,0.3085261285305023,0.3085261285305023,75.65104899998687,19.848078999984864,real_npy,0,1
618,/mnt/c/Users/Chirayu/Documents/GitHub/2D-to-3D-image-reconstruction/facescape_224/fsmview_trainset_15_6_jaw_right_18.jpg,0.0507415272295475,0.05307665467262268,0.00233512744307518,8.18061388283968,0.7121340036392212,0.546326756477356,0.546326756477356,21.716541999978745,20.154386999990948,real_npy,0,1
619,/mnt/c/Users/Chirayu/Documents/GitHub/2D-to-3D-image-reconstruction/facescape_224/fsmview_trainset_5_1_neutral_10.jpg,0.24405759572982788,0.5423014163970947,0.29824382066726685,13.935733066871762,1.3066809177398682,0.5788794755935669,0.5788794755935669,23.59716699999126,24.1103700000167,real_npy,0,1
620,/mnt/c/Users/Chirayu/Documents/GitHub/2D-to-3D-image-reconstruction/facescape_224/fsmview_trainset_6_12_lip_puckerer_56.jpg,0.08689599484205246,0.08538930118083954,-0.0015066936612129211,8.563949346542358,0.7440959811210632,0.36923345923423767,0.36923345923423767,19.897702999969624,65.56538499995668,real_npy,0,1
621,/mnt/c/Users/Chirayu/Documents/GitHub/2D-to-3D-image-reconstruction/facescape_224/fsmview_trainset_13_18_eye_closed_56.jpg,0.15518631041049957,0.1659788340330124,0.010792523622512817,8.028549320995808,0.658724844455719,0.41399815678596497,0.41399815678596497,21.3973029999579,20.764643999996224,real_npy,0,1
622,/mnt/c/Users/Chirayu/Documents/GitHub/2D-to-3D-image-reconstruction/facescape_224/fsmview_trainset_5_1_neutral_27.jpg,0.04168855771422386,0.04619086533784866,0.004502307623624802,7.75940914452076,0.6480306386947632,0.28012198209762573,0.28012198209762573,56.36224300002368,36.59136999999646,real_npy,0,1
623,/mnt/c/Users/Chirayu/Documents/GitHub/2D-to-3D-image-reconstruction/facescape_224/fsmview_trainset_12_15_lip_roll_20.jpg,0.8452426791191101,0.7690765261650085,-0.07616615295410156,7.987179636955261,0.6741268634796143,0.4954589009284973,0.4954589009284973,19.806114999994406,22.585128000002896,real_npy,0,1
624,/mnt/c/Users/Chirayu/Documents/GitHub/2D-to-3D-image-reconstruction/facescape_224/fsmview_trainset_15_10_dimpler_59.jpg,0.03972288966178894,0.0456106960773468,0.005887806415557861,7.989115558564663,0.6479921340942383,0.40469881892204285,0.40469881892204285,20.031673999994837,24.21768400000701,real_npy,0,1
625,/mnt/c/Users/Chirayu/Documents/GitHub/2D-to-3D-image-reconstruction/facescape_224/fsmview_trainset_1_11_chin_raiser_32.jpg,0.2727803885936737,696.7684936523438,696.4957132637501,483.8267012834549,763.454833984375,0.24136222898960114,0.24136222898960114,21.828189999951064,17.664696999986518,real_npy,1,1
626,/mnt/c/Users/Chirayu/Documents/GitHub/2D-to-3D-image-reconstruction/facescape_224/fsmview_trainset_16_3_mouth_stretch_10.jpg,0.02886672504246235,0.02994517795741558,0.0010784529149532318,7.289618223905563,0.647784411907196,0.30968430638313293,0.30968430638313293,21.247426999991603,22.129143000029217,real_npy,0,1
627,/mnt/c/Users/Chirayu/Documents/GitHub/2D-to-3D-image-reconstruction/facescape_224/fsmview_trainset_1_15_lip_roll_42.jpg,0.14472950994968414,0.1180206760764122,-0.026708833873271942,7.947606556117535,0.7576637864112854,0.44607818126678467,0.44607818126678467,22.21418999999969,22.485211999992316,real_npy,0,1
628,/mnt/c/Users/Chirayu/Documents/GitHub/2D-to-3D-image-reconstruction/facescape_224/fsmview_trainset_19_17_cheek_blowing_3.jpg,0.07626920938491821,0.07040217518806458,-0.005867034196853638,9.538068749010563,0.7626520991325378,0.35662177205085754,0.35662177205085754,21.414096999990306,23.064159999989897,real_npy,0,1
629,/mnt/c/Users/Chirayu/Documents/GitHub/2D-to-3D-image-reconstruction/facescape_224/fsmview_trainset_20_8_mouth_left_7.jpg,0.9829907417297363,0.9888570308685303,0.005866289138793945,7.582465555518866,0.6953396201133728,0.5077872276306152,0.5077872276306152,21.382649000031506,20.602415000041674,real_npy,0,1
630,/mnt/c/Users/Chirayu/Documents/GitHub/2D-to-3D-image-reconstruction/facescape_224/fsmview_trainset_12_16_grin_49.jpg,0.0526503250002861,0.050951551645994186,-0.001698773354291916,8.023312110453844,0.6946433186531067,0.4624752104282379,0.4624752104282379,24.589709999986553,23.523267999962627,real_npy,0,1
631,/mnt/c/Users/Chirayu/Documents/GitHub/2D-to-3D-image-reconstruction/facescape_224/fsmview_trainset_5_8_mouth_left_54.jpg,0.26816391944885254,0.2126448005437851,-0.055519118905067444,8.274500712752342,0.7629602551460266,0.5084623694419861,0.5084623694419861,82.6062160000447,27.53152599996156,real_npy,0,1
632,/mnt/c/Users/Chirayu/Documents/GitHub/2D-to-3D-image-reconstruction/facescape_224/fsmview_trainset_2_11_chin_raiser_54.jpg,0.17336761951446533,0.1645490676164627,-0.008818551898002625,8.61565638706088,0.714557945728302,0.49403151869773865,0.49403151869773865,26.831327000024885,32.02313500003129,real_npy,0,1
633,/mnt/c/Users/Chirayu/Documents/GitHub/2D-to-3D-image-reconstruction/facescape_224/fsmview_trainset_7_9_mouth_right_10.jpg,0.03079879656434059,0.030604513362050056,-0.00019428320229053497,7.754762638360262,0.6523019671440125,0.3365754187107086,0.3365754187107086,28.491089999988617,30.728564000014558,real_npy,0,1
634,/mnt/c/Users/Chirayu/Documents/GitHub/2D-to-3D-image-reconstruction/facescape_224/fsmview_trainset_3_13_lip_funneler_6.jpg,0.0540412962436676,0.05344932898879051,-0.0005919672548770905,8.32680281624198,0.7538151741027832,0.3253061771392822,0.3253061771392822,68.4120810000195,27.470720999986042,real_npy,0,1
635,/mnt/c/Users/Chirayu/Documents/GitHub/2D-to-3D-image-reconstruction/facescape_224/fsmview_trainset_9_15_lip_roll_28.jpg,0.046517807990312576,0.04251028597354889,-0.004007522016763687,7.785281144082546,0.6420274376869202,0.24663875997066498,0.24663875997066498,38.411526000004415,29.790810000008605,real_npy,0,1
636,/mnt/c/Users/Chirayu/Documents/GitHub/2D-to-3D-image-reconstruction/facescape_224/fsmview_trainset_13_13_lip_funneler_9.jpg,0.06597545742988586,0.07138755917549133,0.005412101745605469,8.288597567006946,0.7029683589935303,0.4180554747581482,0.4180554747581482,27.946709999980612,36.957968000024266,real_npy,0,1
637,/mnt/c/Users/Chirayu/Documents/GitHub/2D-to-3D-image-reconstruction/facescape_224/fsmview_trainset_3_14_sadness_39.jpg,0.04943396896123886,0.0513710118830204,0.00193704292178154,7.85038448125124,0.6985384225845337,0.38110002875328064,0.38110002875328064,29.749197000001004,26.99521899995716,real_npy,0,1
638,/mnt/c/Users/Chirayu/Documents/GitHub/2D-to-3D-image-reconstruction/facescape_224/fsmview_trainset_12_2_smile_52.jpg,0.0529448464512825,0.052377622574567795,-0.0005672238767147064,7.891920864582062,0.6393435597419739,0.4765028655529022,0.4765028655529022,24.87463300002446,20.68966500002034,real_npy,0,1
639,/mnt/c/Users/Chirayu/Documents/GitHub/2D-to-3D-image-reconstruction/facescape_224/fsmview_trainset_1_9_mouth_right_55.jpg,0.05501982942223549,0.06550010293722153,0.010480273514986038,7.596770100295544,0.7213039994239807,0.3305267095565796,0.3305267095565796,20.6761530000108,19.056706000014856,real_npy,0,1
640,/mnt/c/Users/Chirayu/Documents/GitHub/2D-to-3D-image-reconstruction/facescape_224/fsmview_trainset_3_9_mouth_right_28.jpg,0.03695514053106308,0.03781487047672272,0.0008597299456596375,7.716640125960112,0.6510810256004333,0.2812926769256592,0.2812926769256592,20.258340999987468,20.088902999987113,real_npy,0,1
641,/mnt/c/Users/Chirayu/Documents/GitHub/2D-to-3D-image-reconstruction/facescape_224/fsmview_trainset_15_13_lip_funneler_10.jpg,0.14444875717163086,0.16452255845069885,0.020073801279067993,8.303414031863213,0.7464351058006287,0.5664705038070679,0.5664705038070679,23.77643199997692,22.397737999995115,real_npy,0,1
642,/mnt/c/Users/Chirayu/Documents/GitHub/2D-to-3D-image-reconstruction/facescape_224/fsmview_trainset_19_6_jaw_right_24.jpg,0.06986729055643082,0.081536203622818,0.011668913066387177,9.495880429632962,0.7873325347900391,0.33272045850753784,0.33272045850753784,24.743053000008786,21.517200000005232,real_npy,0,1
643,/mnt/c/Users/Chirayu/Documents/GitHub/2D-to-3D-image-reconstruction/facescape_224/fsmview_trainset_10_2_smile_32.jpg,0.2503843307495117,493.91705322265625,493.66666889190674,416.15489238500595,567.5792846679688,0.21470031142234802,0.21470031142234802,32.055724000031205,19.317433000026085,real_npy,1,1
644,/mnt/c/Users/Chirayu/Documents/GitHub/2D-to-3D-image-reconstruction/facescape_224/fsmview_trainset_2_14_sadness_46.jpg,0.43325743079185486,0.47077763080596924,0.03752020001411438,6.645469449460506,0.6259551644325256,0.5112932920455933,0.5112932920455933,22.068695000029948,19.01125800003456,template_fallback,0,1
645,/mnt/c/Users/Chirayu/Documents/GitHub/2D-to-3D-image-reconstruction/facescape_224/fsmview_trainset_13_19_brow_raiser_4.jpg,0.058666080236434937,0.06028091162443161,0.0016148313879966736,9.293178084306419,0.7606867551803589,0.39463010430336,0.39463010430336,20.905963000018346,43.48743500003138,real_npy,0,1
646,/mnt/c/Users/Chirayu/Documents/GitHub/2D-to-3D-image-reconstruction/facescape_224/fsmview_trainset_18_4_anger_36.jpg,0.05251085013151169,0.5979822278022766,0.5454713776707649,17.650861183181405,1.634556770324707,0.4332020580768585,0.4332020580768585,20.224880000000667,23.712738999961402,real_npy,0,1
647,/mnt/c/Users/Chirayu/Documents/GitHub/2D-to-3D-image-reconstruction/facescape_224/fsmview_trainset_2_2_smile_41.jpg,0.813849151134491,0.7945098876953125,-0.019339263439178467,7.96075371094048,0.7258909344673157,0.40586578845977783,0.40586578845977783,20.959882999989077,21.429696000041076,real_npy,0,1
648,/mnt/c/Users/Chirayu/Documents/GitHub/2D-to-3D-image-reconstruction/facescape_224/fsmview_trainset_2_14_sadness_27.jpg,0.06344357877969742,0.0644853487610817,0.0010417699813842773,9.386459699831903,0.7787356376647949,0.4302729368209839,0.4302729368209839,21.565514000030817,22.230562000004284,real_npy,0,1
649,/mnt/c/Users/Chirayu/Documents/GitHub/2D-to-3D-image-reconstruction/facescape_224/fsmview_trainset_7_19_brow_raiser_27.jpg,0.05627835541963577,0.05304327607154846,-0.003235079348087311,8.892249248921871,0.7364705801010132,0.42359185218811035,0.42359185218811035,21.92217399999663,24.37728199998901,real_npy,0,1
650,/mnt/c/Users/Chirayu/Documents/GitHub/2D-to-3D-image-reconstruction/facescape_224/fsmview_trainset_2_9_mouth_right_55.jpg,0.11029112339019775,0.10775267332792282,-0.002538450062274933,8.796083949506283,0.7680781483650208,0.42509400844573975,0.42509400844573975,21.350005999977384,19.562690999975985,real_npy,0,1
651,/mnt/c/Users/Chirayu/Documents/GitHub/2D-to-3D-image-reconstruction/facescape_224/fsmview_trainset_7_1_neutral_53.jpg,0.09892947226762772,0.0953550934791565,-0.003574378788471222,8.292336486279964,0.7162542343139648,0.43653008341789246,0.43653008341789246,22.43884399996432,21.585625000000164,real_npy,0,1
652,/mnt/c/Users/Chirayu/Documents/GitHub/2D-to-3D-image-reconstruction/facescape_224/fsmview_trainset_19_19_brow_raiser_12.jpg,0.25993025302886963,0.27467313408851624,0.014742881059646606,7.670848026871681,0.6517337560653687,0.305603951215744,0.305603951215744,20.13783899997179,20.604268999989017,real_npy,0,1
653,/mnt/c/Users/Chirayu/Documents/GitHub/2D-to-3D-image-reconstruction/facescape_224/fsmview_trainset_12_16_grin_21.jpg,0.06039845943450928,0.06537038087844849,0.004971921443939209,9.21620237082243,0.7422753572463989,0.5503809452056885,0.5503809452056885,22.802839999997104,24.3678139999588,real_npy,0,1
654,/mnt/c/Users/Chirayu/Documents/GitHub/2D-to-3D-image-reconstruction/facescape_224/fsmview_trainset_3_9_mouth_right_17.jpg,0.033214669674634933,2.1996707916259766,2.1664561219513416,32.2438407279551,3.353513240814209,0.34022974967956543,0.34022974967956543,20.161223999991762,31.641041000000314,real_npy,1,1
655,/mnt/c/Users/Chirayu/Documents/GitHub/2D-to-3D-image-reconstruction/facescape_224/fsmview_trainset_10_20_brow_lower_19.jpg,0.04939548671245575,0.052914999425411224,0.003519512712955475,8.622574616689235,0.7256430983543396,0.34271878004074097,0.34271878004074097,47.294635000014296,43.44397200003414,real_npy,0,1
656,/mnt/c/Users/Chirayu/Documents/GitHub/2D-to-3D-image-reconstruction/facescape_224/fsmview_trainset_3_14_sadness_24.jpg,0.04497965797781944,0.0491618849337101,0.0041822269558906555,8.5231539234519,0.6894822716712952,0.4445990025997162,0.4445990025997162,20.184624000023632,20.59850299997379,real_npy,0,1
657,/mnt/c/Users/Chirayu/Documents/GitHub/2D-to-3D-image-reconstruction/facescape_224/fsmview_trainset_11_15_lip_roll_11.jpg,0.08170785754919052,0.22493457794189453,0.143226720392704,7.353995952755213,0.6494670510292053,0.5791813731193542,0.5791813731193542,31.764246999955503,49.01498899999979,real_npy,0,1
658,/mnt/c/Users/Chirayu/Documents/GitHub/2D-to-3D-image-reconstruction/facescape_224/fsmview_trainset_20_9_mouth_right_52.jpg,0.1638033539056778,0.17911933362483978,0.015315979719161987,8.070668824017048,0.710700511932373,0.5087763071060181,0.5087763071060181,22.77377199999364,20.031873999982963,real_npy,0,1
659,/mnt/c/Users/Chirayu/Documents/GitHub/2D-to-3D-image-reconstruction/facescape_224/fsmview_trainset_12_12_lip_puckerer_32.jpg,0.03746822848916054,27.49985694885254,27.46238872036338,106.04415099322796,28.416351318359375,0.44356340169906616,0.44356340169906616,20.696538000038345,40.93128199997409,real_npy,1,1
660,/mnt/c/Users/Chirayu/Documents/GitHub/2D-to-3D-image-reconstruction/facescape_224/fsmview_trainset_1_5_jaw_left_13.jpg,0.2116614282131195,0.1999834179878235,-0.01167801022529602,7.064490348100662,0.6280601024627686,0.5029977560043335,0.5029977560043335,42.97654699996656,19.32737800001405,real_npy,0,1
661,/mnt/c/Users/Chirayu/Documents/GitHub/2D-to-3D-image-reconstruction/facescape_224/fsmview_trainset_7_10_dimpler_0.jpg,0.23112967610359192,0.20848102867603302,-0.0226486474275589,7.183066248893738,0.6733514666557312,0.4833834171295166,0.4833834171295166,21.0354349999875,37.49016799997662,real_npy,0,1
662,/mnt/c/Users/Chirayu/Documents/GitHub/2D-to-3D-image-reconstruction/facescape_224/fsmview_trainset_5_13_lip_funneler_9.jpg,0.03806328773498535,0.0406399704515934,0.0025766827166080475,8.164396040141582,0.6891689896583557,0.30542418360710144,0.30542418360710144,21.50286800002732,21.119047999945906,real_npy,0,1
663,/mnt/c/Users/Chirayu/Documents/GitHub/2D-to-3D-image-reconstruction/facescape_224/fsmview_trainset_8_8_mouth_left_2.jpg,0.05143941193819046,0.05026509612798691,-0.0011743158102035522,7.77115298807621,0.6727173328399658,0.2701028287410736,0.2701028287410736,22.341202000006888,20.503468000015346,real_npy,0,1
664,/mnt/c/Users/Chirayu/Documents/GitHub/2D-to-3D-image-reconstruction/facescape_224/fsmview_trainset_6_14_sadness_17.jpg,0.03957313671708107,0.04092717543244362,0.0013540387153625488,8.403808241710067,0.6966984868049622,0.37111902236938477,0.37111902236938477,20.41780000001836,19.20031399998834,real_npy,0,1
665,/mnt/c/Users/Chirayu/Documents/GitHub/2D-to-3D-image-reconstruction/facescape_224/fsmview_trainset_20_1_neutral_21.jpg,0.034200917929410934,0.0342102088034153,9.290874004364014e-06,7.799976132810116,0.6368622183799744,0.39892831444740295,0.39892831444740295,21.761705000017173,46.112781999966046,real_npy,0,1
666,/mnt/c/Users/Chirayu/Documents/GitHub/2D-to-3D-image-reconstruction/facescape_224/fsmview_trainset_13_7_jaw_forward_8.jpg,0.04020751267671585,346.8642578125,346.8240502998233,347.9153130054474,381.771240234375,0.3988213837146759,0.3988213837146759,22.01606900001707,20.5408969999894,real_npy,1,1
667,/mnt/c/Users/Chirayu/Documents/GitHub/2D-to-3D-image-reconstruction/facescape_224/fsmview_trainset_15_15_lip_roll_25.jpg,0.02745918743312359,0.027284177020192146,-0.00017501041293144226,7.18692746385932,0.5919280052185059,0.5494062304496765,0.5494062304496765,20.642902000020058,19.990532999997868,real_npy,0,1
668,/mnt/c/Users/Chirayu/Documents/GitHub/2D-to-3D-image-reconstruction/facescape_224/fsmview_trainset_3_10_dimpler_47.jpg,0.04485541209578514,0.052139729261398315,0.0072843171656131744,9.062768075615168,0.7528312802314758,0.4816135764122009,0.4816135764122009,21.22351200000594,19.591728000023068,real_npy,0,1
669,/mnt/c/Users/Chirayu/Documents/GitHub/2D-to-3D-image-reconstruction/facescape_224/fsmview_trainset_5_12_lip_puckerer_19.jpg,0.04306895285844803,0.04433106631040573,0.0012621134519577026,8.595875960309058,0.7191014289855957,0.35808104276657104,0.35808104276657104,20.717217000026267,21.959121999998388,real_npy,0,1
670,/mnt/c/Users/Chirayu/Documents/GitHub/2D-to-3D-image-reconstruction/facescape_224/fsmview_trainset_10_14_sadness_40.jpg,0.1353759467601776,0.1558334231376648,0.020457476377487183,7.129340097308159,0.639715313911438,0.5299487113952637,0.5299487113952637,21.829486999990877,74.00923000000148,real_npy,0,1
671,/mnt/c/Users/Chirayu/Documents/GitHub/2D-to-3D-image-reconstruction/facescape_224/fsmview_trainset_13_2_smile_33.jpg,0.13271062076091766,0.1293143630027771,-0.003396257758140564,8.076511111110449,0.7130715847015381,0.41534608602523804,0.41534608602523804,19.82773000003135,20.11864600001445,real_npy,0,1
672,/mnt/c/Users/Chirayu/Documents/GitHub/2D-to-3D-image-reconstruction/facescape_224/fsmview_trainset_19_8_mouth_left_27.jpg,0.5295334458351135,0.43737348914146423,-0.09215995669364929,8.122256066650152,0.7357813715934753,0.40189361572265625,0.40189361572265625,21.438207000016973,36.35675399999627,real_npy,0,1
673,/mnt/c/Users/Chirayu/Documents/GitHub/2D-to-3D-image-reconstruction/facescape_224/fsmview_trainset_18_4_anger_34.jpg,0.03109128400683403,425.6371765136719,425.60608522966504,389.2212384939194,484.2369384765625,0.4224729537963867,0.4224729537963867,21.712492999995447,19.424166999954195,real_npy,1,1
674,/mnt/c/Users/Chirayu/Documents/GitHub/2D-to-3D-image-reconstruction/facescape_224/fsmview_trainset_17_3_mouth_stretch_56.jpg,0.7421326637268066,1.4834060668945312,0.7412734031677246,20.601885970681906,1.8739720582962036,0.29213815927505493,0.29213815927505493,20.737730999996984,25.039332999995167,real_npy,0,1
675,/mnt/c/Users/Chirayu/Documents/GitHub/2D-to-3D-image-reconstruction/facescape_224/fsmview_trainset_14_12_lip_puckerer_5.jpg,0.5328854918479919,0.4546908438205719,-0.07819464802742004,7.851642647758126,0.6636149287223816,0.6031820178031921,0.6031820178031921,22.279094999987592,57.29423199994699,template_fallback,0,1
676,/mnt/c/Users/Chirayu/Documents/GitHub/2D-to-3D-image-reconstruction/facescape_224/fsmview_trainset_16_16_grin_41.jpg,0.09575428813695908,0.09179574996232986,-0.003958538174629211,8.223345424979925,0.7662749290466309,0.4477621614933014,0.4477621614933014,21.146011000041653,20.998838000025444,real_npy,0,1
677,/mnt/c/Users/Chirayu/Documents/GitHub/2D-to-3D-image-reconstruction/facescape_224/fsmview_trainset_19_11_chin_raiser_6.jpg,0.0744929239153862,0.07833945006132126,0.0038465261459350586,8.626017555594444,0.7104794383049011,0.262211412191391,0.262211412191391,25.35640099995362,24.111129000004894,real_npy,0,1
678,/mnt/c/Users/Chirayu/Documents/GitHub/2D-to-3D-image-reconstruction/facescape_224/fsmview_trainset_16_12_lip_puckerer_31.jpg,0.04413706436753273,0.045850299298763275,0.001713234931230545,8.74163858499378,0.726922869682312,0.2996973693370819,0.2996973693370819,20.876799999996365,19.259634999968966,real_npy,0,1
679,/mnt/c/Users/Chirayu/Documents/GitHub/2D-to-3D-image-reconstruction/facescape_224/fsmview_trainset_10_14_sadness_39.jpg,0.04730753228068352,0.04503687098622322,-0.0022706612944602966,7.948393877595663,0.6774836778640747,0.38315874338150024,0.38315874338150024,55.107878000001165,20.455009999977847,real_npy,0,1
680,/mnt/c/Users/Chirayu/Documents/GitHub/2D-to-3D-image-reconstruction/facescape_224/fsmview_trainset_11_2_smile_28.jpg,0.13674189150333405,0.13305963575839996,-0.003682255744934082,9.35753821209073,0.74382483959198,0.5667174458503723,0.5667174458503723,21.727526000006492,20.509522000054403,real_npy,0,1
681,/mnt/c/Users/Chirayu/Documents/GitHub/2D-to-3D-image-reconstruction/facescape_224/fsmview_trainset_8_15_lip_roll_31.jpg,0.11051535606384277,0.1339883804321289,0.023473024368286133,7.6232347041368484,0.6497249603271484,0.26135560870170593,0.26135560870170593,23.829960999989908,20.977227999992465,real_npy,0,1
682,/mnt/c/Users/Chirayu/Documents/GitHub/2D-to-3D-image-reconstruction/facescape_224/fsmview_trainset_20_8_mouth_left_47.jpg,0.06357652693986893,1.650796890258789,1.5872203633189201,28.985426031053066,2.8856968879699707,0.668083667755127,0.668083667755127,23.56785300003139,24.492764999990868,real_npy,0,1
683,/mnt/c/Users/Chirayu/Documents/GitHub/2D-to-3D-image-reconstruction/facescape_224/fsmview_trainset_16_2_smile_3.jpg,0.05784173682332039,0.0713544711470604,0.013512734323740005,7.663051530718803,0.7147751450538635,0.4029715955257416,0.4029715955257416,20.187395999982982,19.19340500000999,real_npy,0,1
684,/mnt/c/Users/Chirayu/Documents/GitHub/2D-to-3D-image-reconstruction/facescape_224/fsmview_trainset_11_16_grin_64.jpg,0.07495039701461792,0.08114392310380936,0.006193526089191437,8.96027784794569,0.8020787239074707,0.433687299489975,0.433687299489975,20.658552000043073,22.698167000044123,real_npy,0,1
685,/mnt/c/Users/Chirayu/Documents/GitHub/2D-to-3D-image-reconstruction/facescape_224/fsmview_trainset_19_16_grin_22.jpg,0.03955727443099022,0.04030375927686691,0.0007464848458766937,8.598093016073108,0.7211329936981201,0.30552175641059875,0.30552175641059875,20.89269300000751,19.70684700000902,real_npy,0,1
686,/mnt/c/Users/Chirayu/Documents/GitHub/2D-to-3D-image-reconstruction/facescape_224/fsmview_trainset_6_10_dimpler_42.jpg,0.3129452168941498,0.30597859621047974,-0.006966620683670044,6.650897100567818,0.681699812412262,0.40089738368988037,0.40089738368988037,20.770353999978397,21.37850500002969,real_npy,0,1
687,/mnt/c/Users/Chirayu/Documents/GitHub/2D-to-3D-image-reconstruction/facescape_224/fsmview_trainset_4_5_jaw_left_37.jpg,0.07165936380624771,0.06814602762460709,-0.003513336181640625,8.285046141594648,0.7135302424430847,0.3230222165584564,0.3230222165584564,20.57240199997068,19.707433000007768,real_npy,0,1
688,/mnt/c/Users/Chirayu/Documents/GitHub/2D-to-3D-image-reconstruction/facescape_224/fsmview_trainset_8_11_chin_raiser_43.jpg,0.03155052661895752,0.03537033498287201,0.0038198083639144897,7.709883697330952,0.6461306214332581,0.20634442567825317,0.20634442567825317,20.050347999983842,19.33230900004901,real_npy,0,1
689,/mnt/c/Users/Chirayu/Documents/GitHub/2D-to-3D-image-reconstruction/facescape_224/fsmview_trainset_18_1_neutral_5.jpg,0.05115605890750885,0.05722681060433388,0.0060707516968250275,8.371402446180582,0.7242004871368408,0.33650028705596924,0.33650028705596924,21.33148699999765,22.997072000009666,real_npy,0,1
690,/mnt/c/Users/Chirayu/Documents/GitHub/2D-to-3D-image-reconstruction/facescape_224/fsmview_trainset_13_17_cheek_blowing_0.jpg,0.034318987280130386,442.3667297363281,442.332410749048,397.49565601348877,505.8182678222656,0.39141422510147095,0.39141422510147095,23.120056000038858,21.452078000038455,real_npy,1,1
691,/mnt/c/Users/Chirayu/Documents/GitHub/2D-to-3D-image-reconstruction/facescape_224/fsmview_trainset_3_10_dimpler_25.jpg,0.03350431099534035,20.914012908935547,20.880508597940207,93.37106940150261,21.71949577331543,0.3211786150932312,0.3211786150932312,23.518481999985852,21.309277000000293,real_npy,1,1
692,/mnt/c/Users/Chirayu/Documents/GitHub/2D-to-3D-image-reconstruction/facescape_224/fsmview_trainset_1_19_brow_raiser_23.jpg,0.03664212301373482,0.03782115504145622,0.001179032027721405,8.338052521459758,0.6990028619766235,0.36637425422668457,0.36637425422668457,21.852695999996286,72.20295999997006,real_npy,0,1
693,/mnt/c/Users/Chirayu/Documents/GitHub/2D-to-3D-image-reconstruction/facescape_224/fsmview_trainset_13_18_eye_closed_5.jpg,0.05346328765153885,0.05213599279522896,-0.0013272948563098907,8.663168400526047,0.6739336252212524,0.4459347724914551,0.4459347724914551,23.53326399997968,23.631782999984807,real_npy,0,1
694,/mnt/c/Users/Chirayu/Documents/GitHub/2D-to-3D-image-reconstruction/facescape_224/fsmview_trainset_5_20_brow_lower_34.jpg,0.04810187965631485,6.524585723876953,6.476483844220638,50.83850695192814,7.878417015075684,0.433559775352478,0.433559775352478,23.66313900000705,33.8268909999897,real_npy,1,1
695,/mnt/c/Users/Chirayu/Documents/GitHub/2D-to-3D-image-reconstruction/facescape_224/fsmview_trainset_16_19_brow_raiser_24.jpg,0.04109995439648628,0.04518010467290878,0.004080150276422501,8.597104995511472,0.7200020551681519,0.3674924075603485,0.3674924075603485,21.441859999981716,20.55675000002566,real_npy,0,1
696,/mnt/c/Users/Chirayu/Documents/GitHub/2D-to-3D-image-reconstruction/facescape_224/fsmview_trainset_18_14_sadness_42.jpg,0.08377759903669357,0.0798785537481308,-0.0038990452885627747,8.525003585964441,0.7588006854057312,0.49920424818992615,0.49920424818992615,20.94135400000141,21.240600999988146,real_npy,0,1
697,/mnt/c/Users/Chirayu/Documents/GitHub/2D-to-3D-image-reconstruction/facescape_224/fsmview_trainset_2_1_neutral_31.jpg,0.058205295354127884,0.05589274689555168,-0.0023125484585762024,8.82591450214386,0.6991910338401794,0.47356730699539185,0.47356730699539185,21.777933000009853,35.6594639999912,real_npy,0,1
698,/mnt/c/Users/Chirayu/Documents/GitHub/2D-to-3D-image-reconstruction/facescape_224/fsmview_trainset_9_11_chin_raiser_34.jpg,0.04060569778084755,0.046015772968530655,0.0054100751876831055,8.072621989995241,0.669022798538208,0.42865923047065735,0.42865923047065735,24.640980000015134,21.805954000001293,real_npy,0,1
699,/mnt/c/Users/Chirayu/Documents/GitHub/2D-to-3D-image-reconstruction/facescape_224/fsmview_trainset_8_8_mouth_left_19.jpg,0.039803069084882736,0.04214943200349808,0.002346362918615341,8.720783441327512,0.732447624206543,0.2894468903541565,0.2894468903541565,21.51113700000451,50.50989100004699,real_npy,0,1
700,/mnt/c/Users/Chirayu/Documents/GitHub/2D-to-3D-image-reconstruction/facescape_224/fsmview_trainset_4_4_anger_7.jpg,0.03901958465576172,0.043478209525346756,0.004458624869585037,8.03460344672203,0.6809083223342896,0.18942205607891083,0.18942205607891083,19.92200799998045,20.26402900003177,real_npy,0,1
701,/mnt/c/Users/Chirayu/Documents/GitHub/2D-to-3D-image-reconstruction/facescape_224/fsmview_trainset_2_6_jaw_right_38.jpg,0.08684197068214417,0.1003696471452713,0.013527676463127136,8.02050894126296,0.6955518126487732,0.386805921792984,0.386805921792984,21.277456999996502,20.272868000006383,real_npy,0,1
702,/mnt/c/Users/Chirayu/Documents/GitHub/2D-to-3D-image-reconstruction/facescape_224/fsmview_trainset_3_18_eye_closed_43.jpg,0.6363921761512756,0.5394794344902039,-0.09691274166107178,6.824568271636963,0.6491965651512146,0.4385756850242615,0.4385756850242615,21.74586600000339,19.77093200002855,real_npy,0,1
703,/mnt/c/Users/Chirayu/Documents/GitHub/2D-to-3D-image-reconstruction/facescape_224/fsmview_trainset_18_14_sadness_1.jpg,0.02839452214539051,0.02877962216734886,0.00038510002195835114,8.161030869930983,0.6659265756607056,0.33399060368537903,0.33399060368537903,34.10599500000444,21.580800000037925,real_npy,0,1
704,/mnt/c/Users/Chirayu/Documents/GitHub/2D-to-3D-image-reconstruction/facescape_224/fsmview_trainset_12_18_eye_closed_41.jpg,0.0488392598927021,0.04613597318530083,-0.0027032867074012756,8.816933885216713,0.7713548541069031,0.3767728805541992,0.3767728805541992,23.812097000018184,20.814271999995526,real_npy,0,1
705,/mnt/c/Users/Chirayu/Documents/GitHub/2D-to-3D-image-reconstruction/facescape_224/fsmview_trainset_11_19_brow_raiser_29.jpg,0.19986175000667572,2.5900471210479736,2.390185371041298,35.50583393499255,4.024271011352539,0.4291144609451294,0.4291144609451294,21.764349000022776,32.71975000001248,real_npy,1,1
706,/mnt/c/Users/Chirayu/Documents/GitHub/2D-to-3D-image-reconstruction/facescape_224/fsmview_trainset_9_4_anger_33.jpg,0.09946402162313461,0.09498859196901321,-0.004475429654121399,8.118539601564407,0.6820781826972961,0.45197436213493347,0.45197436213493347,23.537664000002678,41.72337099998913,real_npy,0,1
707,/mnt/c/Users/Chirayu/Documents/GitHub/2D-to-3D-image-reconstruction/facescape_224/fsmview_trainset_14_3_mouth_stretch_37.jpg,0.09116434305906296,0.0990704670548439,0.007906123995780945,9.116364100947976,0.782704770565033,0.5244734287261963,0.5244734287261963,22.565619999966202,21.836896000024808,real_npy,0,1
708,/mnt/c/Users/Chirayu/Documents/GitHub/2D-to-3D-image-reconstruction/facescape_224/fsmview_trainset_11_20_brow_lower_12.jpg,0.06358658522367477,0.21279816329479218,0.1492115780711174,7.415283814072609,0.6492388248443604,0.5902206301689148,0.5902206301689148,21.860306000007768,20.543658000008236,real_npy,0,1
709,/mnt/c/Users/Chirayu/Documents/GitHub/2D-to-3D-image-reconstruction/facescape_224/fsmview_trainset_12_1_neutral_50.jpg,0.03230312466621399,16.35970115661621,16.327398031949997,83.71668417751789,17.199960708618164,0.44100916385650635,0.44100916385650635,23.05164000000559,39.80110300000206,real_npy,1,1
710,/mnt/c/Users/Chirayu/Documents/GitHub/2D-to-3D-image-reconstruction/facescape_224/fsmview_trainset_8_13_lip_funneler_36.jpg,0.05760146304965019,0.05017035827040672,-0.007431104779243469,7.763142466545105,0.729569673538208,0.30059337615966797,0.30059337615966797,20.309121000025243,22.198958999979368,real_npy,0,1
711,/mnt/c/Users/Chirayu/Documents/GitHub/2D-to-3D-image-reconstruction/facescape_224/fsmview_trainset_7_15_lip_roll_38.jpg,0.0834864005446434,0.08172504603862762,-0.0017613545060157776,7.903059668838978,0.7363531589508057,0.41199737787246704,0.41199737787246704,20.659497999986343,20.409314999994876,real_npy,0,1
712,/mnt/c/Users/Chirayu/Documents/GitHub/2D-to-3D-image-reconstruction/facescape_224/fsmview_trainset_8_9_mouth_right_25.jpg,0.054126039147377014,0.053997863084077835,-0.00012817606329917908,7.336973056197166,0.6573430895805359,0.3547350764274597,0.3547350764274597,25.25581399999055,53.20608700003504,real_npy,0,1
713,/mnt/c/Users/Chirayu/Documents/GitHub/2D-to-3D-image-reconstruction/facescape_224/fsmview_trainset_19_18_eye_closed_2.jpg,0.0625230148434639,0.06034271791577339,-0.002180296927690506,9.458635907620192,0.7646185755729675,0.30484896898269653,0.30484896898269653,21.710235000000466,22.59524999999485,real_npy,0,1
714,/mnt/c/Users/Chirayu/Documents/GitHub/2D-to-3D-image-reconstruction/facescape_224/fsmview_trainset_20_14_sadness_42.jpg,0.04794058948755264,0.04784560203552246,-9.498745203018188e-05,8.590204583480954,0.6819844841957092,0.5265964865684509,0.5265964865684509,20.937287999970522,20.336568999994142,real_npy,0,1
715,/mnt/c/Users/Chirayu/Documents/GitHub/2D-to-3D-image-reconstruction/facescape_224/fsmview_trainset_14_4_anger_41.jpg,0.031303443014621735,0.03388874605298042,0.0025853030383586884,7.8658004850149155,0.6574581861495972,0.41101840138435364,0.41101840138435364,21.353919000034693,19.653077999976176,real_npy,0,1
716,/mnt/c/Users/Chirayu/Documents/GitHub/2D-to-3D-image-reconstruction/facescape_224/fsmview_trainset_1_16_grin_35.jpg,0.05792735517024994,0.05236225947737694,-0.005565095692873001,8.502373822033405,0.774600088596344,0.36559823155403137,0.36559823155403137,22.832335000032344,23.030220999999074,real_npy,0,1
717,/mnt/c/Users/Chirayu/Documents/GitHub/2D-to-3D-image-reconstruction/facescape_224/fsmview_trainset_3_5_jaw_left_24.jpg,0.03273492678999901,10.033500671386719,10.00076574459672,66.23291844129562,10.554991722106934,0.32231083512306213,0.32231083512306213,20.99226500001805,18.404445999976815,real_npy,1,1
718,/mnt/c/Users/Chirayu/Documents/GitHub/2D-to-3D-image-reconstruction/facescape_224/fsmview_trainset_2_4_anger_1.jpg,0.12216416746377945,0.11959555745124817,-0.0025686100125312805,8.920294266194105,0.7697411179542542,0.4818607270717621,0.4818607270717621,20.285569999998643,32.21491700003298,real_npy,0,1
719,/mnt/c/Users/Chirayu/Documents/GitHub/2D-to-3D-image-reconstruction/facescape_224/fsmview_trainset_20_18_eye_closed_12.jpg,0.06467970460653305,0.32141003012657166,0.2567303255200386,11.97477676346898,1.122550129890442,0.5843247175216675,0.5843247175216675,23.828493999985767,41.340923000007024,real_npy,0,1
720,/mnt/c/Users/Chirayu/Documents/GitHub/2D-to-3D-image-reconstruction/facescape_224/fsmview_trainset_16_19_brow_raiser_11.jpg,0.08961915224790573,0.09534133225679398,0.005722180008888245,8.277726709842682,0.7414504289627075,0.3656708598136902,0.3656708598136902,21.86816699997962,25.270585999976447,real_npy,0,1
721,/mnt/c/Users/Chirayu/Documents/GitHub/2D-to-3D-image-reconstruction/facescape_224/fsmview_trainset_6_12_lip_puckerer_50.jpg,0.3289833068847656,0.3046356737613678,-0.024347633123397827,6.785454489290714,0.6289892196655273,0.4145434498786926,0.4145434498786926,35.666176000006544,31.65608599999814,real_npy,0,1
722,/mnt/c/Users/Chirayu/Documents/GitHub/2D-to-3D-image-reconstruction/facescape_224/fsmview_trainset_12_5_jaw_left_19.jpg,0.04310910776257515,0.11531509459018707,0.07220598682761192,8.05087150260806,0.6928454637527466,0.3873852789402008,0.3873852789402008,24.39639099998203,21.73875399995495,real_npy,0,1
723,/mnt/c/Users/Chirayu/Documents/GitHub/2D-to-3D-image-reconstruction/facescape_224/fsmview_trainset_10_8_mouth_left_24.jpg,0.03900643065571785,8.946931838989258,8.90792540833354,62.96981615573168,9.538269996643066,0.3370824158191681,0.3370824158191681,21.60472500003152,24.17182300001741,real_npy,1,1
724,/mnt/c/Users/Chirayu/Documents/GitHub/2D-to-3D-image-reconstruction/facescape_224/fsmview_trainset_14_15_lip_roll_34.jpg,0.065833680331707,2.0984878540039062,2.0326541736721992,31.351873729377985,3.424004554748535,0.5175021290779114,0.5175021290779114,28.987314000005426,35.01826499996241,real_npy,1,1
725,/mnt/c/Users/Chirayu/Documents/GitHub/2D-to-3D-image-reconstruction/facescape_224/fsmview_trainset_12_10_dimpler_53.jpg,0.06217101588845253,0.06519526988267899,0.0030242539942264557,8.458865646272898,0.708121657371521,0.5071947574615479,0.5071947574615479,27.993993999984923,48.54908100003286,real_npy,0,1
726,/mnt/c/Users/Chirayu/Documents/GitHub/2D-to-3D-image-reconstruction/facescape_224/fsmview_trainset_2_12_lip_puckerer_13.jpg,0.07575038075447083,0.08139924705028534,0.005648866295814514,9.060786029323936,0.7581135034561157,0.4569122791290283,0.4569122791290283,58.09634899998173,25.387995000016872,real_npy,0,1
727,/mnt/c/Users/Chirayu/Documents/GitHub/2D-to-3D-image-reconstruction/facescape_224/fsmview_trainset_7_14_sadness_49.jpg,0.08265645056962967,0.0836162194609642,0.0009597688913345337,6.261777263134718,0.5419551134109497,0.4944019317626953,0.4944019317626953,26.27125399999386,24.026283000011972,real_npy,0,0
728,/mnt/c/Users/Chirayu/Documents/GitHub/2D-to-3D-image-reconstruction/facescape_224/fsmview_trainset_14_16_grin_25.jpg,0.03765837103128433,7.542692184448242,7.505033813416958,58.09350415319204,8.297597885131836,0.4546268880367279,0.4546268880367279,25.899647000017012,38.914320999992924,real_npy,1,1
729,/mnt/c/Users/Chirayu/Documents/GitHub/2D-to-3D-image-reconstruction/facescape_224/fsmview_trainset_15_18_eye_closed_49.jpg,0.08500027656555176,0.09389714896678925,0.008896872401237488,8.62207742035389,0.755215048789978,0.6016882658004761,0.6016882658004761,41.54672900000378,30.93075700002146,real_npy,0,1
730,/mnt/c/Users/Chirayu/Documents/GitHub/2D-to-3D-image-reconstruction/facescape_224/fsmview_trainset_10_13_lip_funneler_42.jpg,0.07876423001289368,0.07793855667114258,-0.0008256733417510986,7.059338193386793,0.6777449250221252,0.4621885120868683,0.4621885120868683,27.563228000019535,30.024607000029846,real_npy,0,1
731,/mnt/c/Users/Chirayu/Documents/GitHub/2D-to-3D-image-reconstruction/facescape_224/fsmview_trainset_1_3_mouth_stretch_15.jpg,0.10148480534553528,0.1002885028719902,-0.0011963024735450745,7.878608576953411,0.6933953762054443,0.48174139857292175,0.48174139857292175,27.975940999965587,38.388433000022815,real_npy,0,1
732,/mnt/c/Users/Chirayu/Documents/GitHub/2D-to-3D-image-reconstruction/facescape_224/fsmview_trainset_1_15_lip_roll_52.jpg,0.12434018403291702,0.1257287859916687,0.0013886019587516785,8.24774880334735,0.7437865138053894,0.3119288980960846,0.3119288980960846,38.21839599999066,29.598876999955337,real_npy,0,1
733,/mnt/c/Users/Chirayu/Documents/GitHub/2D-to-3D-image-reconstruction/facescape_224/fsmview_trainset_19_16_grin_4.jpg,0.07553453743457794,0.08801611512899399,0.012481577694416046,8.473908960819244,0.6999084949493408,0.21181635558605194,0.21181635558605194,40.89415800001461,25.081331000023965,real_npy,0,1
734,/mnt/c/Users/Chirayu/Documents/GitHub/2D-to-3D-image-reconstruction/facescape_224/fsmview_trainset_18_14_sadness_45.jpg,0.10801715403795242,0.1361350566148758,0.02811790257692337,9.844714291393757,0.7986947298049927,0.46648940443992615,0.46648940443992615,29.025173000036375,28.48525899997867,real_npy,0,1
735,/mnt/c/Users/Chirayu/Documents/GitHub/2D-to-3D-image-reconstruction/facescape_224/fsmview_trainset_15_18_eye_closed_16.jpg,0.21693234145641327,0.23926499485969543,0.022332653403282166,8.004059299826622,0.6655362844467163,0.48660483956336975,0.48660483956336975,27.52985400002217,26.44862900001499,real_npy,0,1
736,/mnt/c/Users/Chirayu/Documents/GitHub/2D-to-3D-image-reconstruction/facescape_224/fsmview_trainset_8_9_mouth_right_29.jpg,0.06245451793074608,0.06511063128709793,0.0026561133563518524,8.232582185417414,0.6721792817115784,0.3482059836387634,0.3482059836387634,27.448663000029683,24.886799000000792,real_npy,0,1
737,/mnt/c/Users/Chirayu/Documents/GitHub/2D-to-3D-image-reconstruction/facescape_224/fsmview_trainset_18_11_chin_raiser_18.jpg,0.3265010416507721,0.3246634304523468,-0.001837611198425293,7.2224574610590935,0.6347194314002991,0.5224876403808594,0.5224876403808594,47.94245499999761,45.06348399996796,real_npy,0,1
738,/mnt/c/Users/Chirayu/Documents/GitHub/2D-to-3D-image-reconstruction/facescape_224/fsmview_trainset_8_20_brow_lower_25.jpg,0.05073140934109688,0.050708506256341934,-2.2903084754943848e-05,8.038170598447323,0.7149884700775146,0.3684101104736328,0.3684101104736328,55.794894000030126,20.658439999976963,real_npy,0,1
739,/mnt/c/Users/Chirayu/Documents/GitHub/2D-to-3D-image-reconstruction/facescape_224/fsmview_trainset_10_5_jaw_left_44.jpg,0.11052206158638,0.10313709825277328,-0.00738496333360672,7.822379544377327,0.6397199630737305,0.462413489818573,0.462413489818573,24.038286000006792,22.927029000015864,real_npy,0,1
740,/mnt/c/Users/Chirayu/Documents/GitHub/2D-to-3D-image-reconstruction/facescape_224/fsmview_trainset_6_8_mouth_left_5.jpg,0.034393906593322754,18.433719635009766,18.399325728416443,88.31860736012459,19.503999710083008,0.36663028597831726,0.36663028597831726,22.35459199999923,21.81140499999401,real_npy,1,1
741,/mnt/c/Users/Chirayu/Documents/GitHub/2D-to-3D-image-reconstruction/facescape_224/fsmview_trainset_7_11_chin_raiser_27.jpg,0.05107260122895241,0.6248128414154053,0.5737402401864529,15.062020137906075,1.4197734594345093,0.3602512776851654,0.3602512776851654,25.784867000027134,71.49725300001819,real_npy,0,1
742,/mnt/c/Users/Chirayu/Documents/GitHub/2D-to-3D-image-reconstruction/facescape_224/fsmview_trainset_2_9_mouth_right_49.jpg,0.5059962272644043,0.49477651715278625,-0.011219710111618042,6.911158137023449,0.609238862991333,0.45768558979034424,0.45768558979034424,25.424829000030513,23.892654999997376,real_npy,0,1
743,/mnt/c/Users/Chirayu/Documents/GitHub/2D-to-3D-image-reconstruction/facescape_224/fsmview_trainset_16_5_jaw_left_5.jpg,0.04924839735031128,0.054144613444805145,0.004896216094493866,7.777191501110792,0.6705102324485779,0.3032377362251282,0.3032377362251282,25.577396999949542,24.647553000022526,real_npy,0,1
744,/mnt/c/Users/Chirayu/Documents/GitHub/2D-to-3D-image-reconstruction/facescape_224/fsmview_trainset_7_19_brow_raiser_5.jpg,0.039472147822380066,0.03692849725484848,-0.0025436505675315857,7.727271340787411,0.6624589562416077,0.38517287373542786,0.38517287373542786,22.6917830000275,37.441560999980084,real_npy,0,1
745,/mnt/c/Users/Chirayu/Documents/GitHub/2D-to-3D-image-reconstruction/facescape_224/fsmview_trainset_18_17_cheek_blowing_9.jpg,0.053859446197748184,0.05994875356554985,0.006089307367801666,8.434078104794025,0.7283304929733276,0.3288955092430115,0.3288955092430115,28.589323000005606,32.17676299999539,real_npy,0,1
746,/mnt/c/Users/Chirayu/Documents/GitHub/2D-to-3D-image-reconstruction/facescape_224/fsmview_trainset_13_19_brow_raiser_30.jpg,0.06572932004928589,0.07910551875829697,0.013376198709011078,9.047016264870763,0.7472826838493347,0.29883304238319397,0.29883304238319397,24.722203999999692,20.660252000027413,real_npy,0,1
747,/mnt/c/Users/Chirayu/Documents/GitHub/2D-to-3D-image-reconstruction/facescape_224/fsmview_trainset_20_13_lip_funneler_20.jpg,0.2452532798051834,0.26339495182037354,0.018141672015190125,7.727438200265169,0.6497427821159363,0.3514942526817322,0.3514942526817322,49.9417210000388,24.47487999995701,real_npy,0,1
748,/mnt/c/Users/Chirayu/Documents/GitHub/2D-to-3D-image-reconstruction/facescape_224/fsmview_trainset_6_8_mouth_left_35.jpg,0.03686279430985451,0.04323217645287514,0.00636938214302063,8.46565955132246,0.6741436719894409,0.3748590648174286,0.3748590648174286,22.435160000043197,26.778656000033152,real_npy,0,1
749,/mnt/c/Users/Chirayu/Documents/GitHub/2D-to-3D-image-reconstruction/facescape_224/fsmview_trainset_1_2_smile_35.jpg,0.05110587552189827,0.04661193862557411,-0.004493936896324158,8.391267541795969,0.7291561961174011,0.3792344629764557,0.3792344629764557,22.565641999960917,24.991624999984197,real_npy,0,1
750,/mnt/c/Users/Chirayu/Documents/GitHub/2D-to-3D-image-reconstruction/facescape_224/fsmview_trainset_13_15_lip_roll_29.jpg,0.0422045961022377,0.048985157161951065,0.006780561059713364,8.132888861000538,0.6361402869224548,0.36408570408821106,0.36408570408821106,29.470333999995546,48.212078999995356,real_npy,0,1
751,/mnt/c/Users/Chirayu/Documents/GitHub/2D-to-3D-image-reconstruction/facescape_224/fsmview_trainset_16_4_anger_42.jpg,0.06807119399309158,0.07434932142496109,0.006278127431869507,7.820575807243586,0.7245690226554871,0.4344162046909332,0.4344162046909332,23.540226000022813,20.38222499999165,real_npy,0,1
752,/mnt/c/Users/Chirayu/Documents/GitHub/2D-to-3D-image-reconstruction/facescape_224/fsmview_trainset_4_2_smile_50.jpg,0.04444485157728195,0.0483650304377079,0.003920178860425949,8.821004159748554,0.725088357925415,0.3279253840446472,0.3279253840446472,22.09250499998916,23.698277999983475,real_npy,0,1
753,/mnt/c/Users/Chirayu/Documents/GitHub/2D-to-3D-image-reconstruction/facescape_224/fsmview_trainset_14_2_smile_9.jpg,0.17112477123737335,0.1838243156671524,0.012699544429779053,8.080620251595974,0.7620463371276855,0.5380061268806458,0.5380061268806458,20.87790100000575,57.61687099999335,real_npy,0,1
754,/mnt/c/Users/Chirayu/Documents/GitHub/2D-to-3D-image-reconstruction/facescape_224/fsmview_trainset_16_17_cheek_blowing_39.jpg,0.0872756838798523,0.09713268280029297,0.009856998920440674,8.649431250989437,0.7008407711982727,0.434609055519104,0.434609055519104,45.671174000005976,22.428671999989547,real_npy,0,1
755,/mnt/c/Users/Chirayu/Documents/GitHub/2D-to-3D-image-reconstruction/facescape_224/fsmview_trainset_5_18_eye_closed_31.jpg,0.049508869647979736,0.050875987857580185,0.0013671182096004486,8.59004008024931,0.7132371664047241,0.44612976908683777,0.44612976908683777,53.85888600000044,24.892635000014707,real_npy,0,1
756,/mnt/c/Users/Chirayu/Documents/GitHub/2D-to-3D-image-reconstruction/facescape_224/fsmview_trainset_7_2_smile_19.jpg,0.03490936756134033,0.037381794303655624,0.0024724267423152924,8.776939686387777,0.7187574505805969,0.38084617257118225,0.38084617257118225,33.46841699999459,20.905978000030245,real_npy,0,1
757,/mnt/c/Users/Chirayu/Documents/GitHub/2D-to-3D-image-reconstruction/facescape_224/fsmview_trainset_9_3_mouth_stretch_25.jpg,0.03576228395104408,0.03610847145318985,0.0003461875021457672,6.954044891521335,0.6908636689186096,0.2901475429534912,0.2901475429534912,102.02298299998347,47.906888999989405,real_npy,0,1
758,/mnt/c/Users/Chirayu/Documents/GitHub/2D-to-3D-image-reconstruction/facescape_224/fsmview_trainset_1_3_mouth_stretch_35.jpg,0.04382999613881111,671.8880004882812,671.8441704921424,482.7148903608322,741.3746337890625,0.36652398109436035,0.36652398109436035,85.04165599998714,29.260059000023375,real_npy,1,1
759,/mnt/c/Users/Chirayu/Documents/GitHub/2D-to-3D-image-reconstruction/facescape_224/fsmview_trainset_19_18_eye_closed_45.jpg,0.1859765201807022,0.2036009430885315,0.017624422907829285,9.277403830550611,0.7699342370033264,0.36949172616004944,0.36949172616004944,30.845575000000736,20.80902199998036,real_npy,0,1
760,/mnt/c/Users/Chirayu/Documents/GitHub/2D-to-3D-image-reconstruction/facescape_224/fsmview_trainset_9_16_grin_44.jpg,0.17712809145450592,0.17520105838775635,-0.0019270330667495728,8.344874482601881,0.7678160667419434,0.4131529927253723,0.4131529927253723,21.697877000008248,24.786115999972935,real_npy,0,1
761,/mnt/c/Users/Chirayu/Documents/GitHub/2D-to-3D-image-reconstruction/facescape_224/fsmview_trainset_9_3_mouth_stretch_47.jpg,0.09896273910999298,0.10910456627607346,0.010141827166080475,8.875275017693639,0.7264555096626282,0.45704323053359985,0.45704323053359985,75.9544239999741,35.06169399997816,real_npy,0,1
762,/mnt/c/Users/Chirayu/Documents/GitHub/2D-to-3D-image-reconstruction/facescape_224/fsmview_trainset_11_1_neutral_28.jpg,0.1141076534986496,0.1177317425608635,0.0036240890622138977,8.992346746847034,0.7175342440605164,0.5702133774757385,0.5702133774757385,20.83599000002323,23.4752050000111,real_npy,0,1
763,/mnt/c/Users/Chirayu/Documents/GitHub/2D-to-3D-image-reconstruction/facescape_224/fsmview_trainset_2_5_jaw_left_57.jpg,0.6715469360351562,0.7012560963630676,0.029709160327911377,7.448641162365675,0.6258829236030579,0.41581279039382935,0.41581279039382935,51.57560100002456,21.791387999996914,real_npy,0,1
764,/mnt/c/Users/Chirayu/Documents/GitHub/2D-to-3D-image-reconstruction/facescape_224/fsmview_trainset_1_4_anger_46.jpg,0.044672537595033646,24.57648468017578,24.531812142580748,97.85589674115181,25.333852767944336,0.3540792763233185,0.3540792763233185,31.24321199999258,34.04586800002107,real_npy,1,1
765,/mnt/c/Users/Chirayu/Documents/GitHub/2D-to-3D-image-reconstruction/facescape_224/fsmview_trainset_2_18_eye_closed_29.jpg,0.10334726423025131,0.12853652238845825,0.02518925815820694,8.649392165243626,0.7073209285736084,0.3376842737197876,0.3376842737197876,25.15604699999585,22.234789999970417,real_npy,0,1
766,/mnt/c/Users/Chirayu/Documents/GitHub/2D-to-3D-image-reconstruction/facescape_224/fsmview_trainset_13_3_mouth_stretch_53.jpg,0.05114028602838516,0.05393047630786896,0.002790190279483795,7.869289455935359,0.6832380294799805,0.33256393671035767,0.33256393671035767,23.921999999970467,21.63337600001114,real_npy,0,1
767,/mnt/c/Users/Chirayu/Documents/GitHub/2D-to-3D-image-reconstruction/facescape_224/fsmview_trainset_19_9_mouth_right_24.jpg,0.05660948529839516,0.06409430503845215,0.007484819740056992,9.44936978816986,0.7952723503112793,0.3574247360229492,0.3574247360229492,33.24185500002841,20.23127999996177,real_npy,0,1
768,/mnt/c/Users/Chirayu/Documents/GitHub/2D-to-3D-image-reconstruction/facescape_224/fsmview_trainset_7_11_chin_raiser_54.jpg,0.06402815133333206,0.06352170556783676,-0.0005064457654953003,8.079332444816828,0.701939046382904,0.417485773563385,0.417485773563385,35.46602199998006,28.525082999976803,real_npy,0,1
769,/mnt/c/Users/Chirayu/Documents/GitHub/2D-to-3D-image-reconstruction/facescape_224/fsmview_trainset_7_11_chin_raiser_5.jpg,0.036693692207336426,0.037168972194194794,0.0004752799868583679,8.138877682387829,0.6702108383178711,0.3535841405391693,0.3535841405391693,24.726111999996192,22.16003900002761,real_npy,0,1
770,/mnt/c/Users/Chirayu/Documents/GitHub/2D-to-3D-image-reconstruction/facescape_224/fsmview_trainset_7_7_jaw_forward_34.jpg,0.06423166394233704,0.1345948576927185,0.07036319375038147,8.90507218055427,0.8551293015480042,0.4486370384693146,0.4486370384693146,59.68956200001685,21.134725999957027,real_npy,0,1
771,/mnt/c/Users/Chirayu/Documents/GitHub/2D-to-3D-image-reconstruction/facescape_224/fsmview_trainset_11_5_jaw_left_29.jpg,0.28686225414276123,58.02547836303711,57.73861610889435,148.56834936141968,60.114166259765625,0.44208765029907227,0.44208765029907227,22.654362000025685,21.174273999974957,real_npy,1,1
772,/mnt/c/Users/Chirayu/Documents/GitHub/2D-to-3D-image-reconstruction/facescape_224/fsmview_trainset_6_8_mouth_left_39.jpg,0.06762278825044632,0.06719998270273209,-0.0004228055477142334,8.487955309450626,0.7254105806350708,0.31498438119888306,0.31498438119888306,23.580340000023625,35.9113490000027,real_npy,0,1
773,/mnt/c/Users/Chirayu/Documents/GitHub/2D-to-3D-image-reconstruction/facescape_224/fsmview_trainset_13_8_mouth_left_38.jpg,0.10700017958879471,0.0943361222743988,-0.012664057314395905,7.569409288465977,0.6579493284225464,0.4103967547416687,0.4103967547416687,86.85021999997389,20.9877899999924,real_npy,0,1
774,/mnt/c/Users/Chirayu/Documents/GitHub/2D-to-3D-image-reconstruction/facescape_224/fsmview_trainset_20_16_grin_11.jpg,0.08294530212879181,0.12040668725967407,0.03746138513088226,7.373134037479758,0.7127220034599304,0.5406946539878845,0.5406946539878845,21.71105700000453,19.803588000002037,real_npy,0,1
775,/mnt/c/Users/Chirayu/Documents/GitHub/2D-to-3D-image-reconstruction/facescape_224/fsmview_trainset_12_8_mouth_left_25.jpg,0.03218718618154526,1.2795403003692627,1.2473531141877174,24.301876997575164,2.3306100368499756,0.48155808448791504,0.48155808448791504,23.856604000002335,27.895711999974537,real_npy,0,1
776,/mnt/c/Users/Chirayu/Documents/GitHub/2D-to-3D-image-reconstruction/facescape_224/fsmview_trainset_3_11_chin_raiser_35.jpg,0.03928732872009277,0.040450502187013626,0.0011631734669208527,8.05568647198379,0.6398321390151978,0.4249761998653412,0.4249761998653412,25.07880300004217,20.75921699997707,real_npy,0,1
777,/mnt/c/Users/Chirayu/Documents/GitHub/2D-to-3D-image-reconstruction/facescape_224/fsmview_trainset_9_11_chin_raiser_17.jpg,0.04787072911858559,0.0490315705537796,0.0011608414351940155,8.729377091862261,0.714016318321228,0.29898807406425476,0.29898807406425476,25.70403200002147,53.28779299998132,real_npy,0,1
778,/mnt/c/Users/Chirayu/Documents/GitHub/2D-to-3D-image-reconstruction/facescape_224/fsmview_trainset_12_20_brow_lower_13.jpg,0.032174594700336456,2.9890172481536865,2.95684265345335,37.033453181385994,4.017954349517822,0.4750092625617981,0.4750092625617981,23.1162329999961,35.09022999998024,real_npy,1,1
779,/mnt/c/Users/Chirayu/Documents/GitHub/2D-to-3D-image-reconstruction/facescape_224/fsmview_trainset_9_12_lip_puckerer_17.jpg,0.03666334226727486,9.237600326538086,9.200936984270811,64.11365000903606,9.766789436340332,0.3093951344490051,0.3093951344490051,125.09466300002714,30.18764299997656,real_npy,1,1
780,/mnt/c/Users/Chirayu/Documents/GitHub/2D-to-3D-image-reconstruction/facescape_224/fsmview_trainset_11_9_mouth_right_30.jpg,0.03875869885087013,44.36385726928711,44.32509857043624,132.48967000842094,46.31982421875,0.4802728593349457,0.4802728593349457,34.86006000002817,28.228150000018104,real_npy,1,1
781,/mnt/c/Users/Chirayu/Documents/GitHub/2D-to-3D-image-reconstruction/facescape_224/fsmview_trainset_4_18_eye_closed_0.jpg,0.1621038168668747,0.17609061300754547,0.013986796140670776,8.187839835882187,0.6973505616188049,0.26896488666534424,0.26896488666534424,30.312617999982194,21.54088600002524,real_npy,0,1
782,/mnt/c/Users/Chirayu/Documents/GitHub/2D-to-3D-image-reconstruction/facescape_224/fsmview_trainset_14_20_brow_lower_56.jpg,0.056276287883520126,0.05069498345255852,-0.005581304430961609,8.09865478053689,0.7564894556999207,0.3559594750404358,0.3559594750404358,22.230104000016127,23.746342999970693,real_npy,0,1
783,/mnt/c/Users/Chirayu/Documents/GitHub/2D-to-3D-image-reconstruction/facescape_224/fsmview_trainset_20_17_cheek_blowing_10.jpg,0.08143214881420135,0.12871329486370087,0.04728114604949951,8.459966868162155,0.7738741636276245,0.49489882588386536,0.49489882588386536,30.995726000014656,22.24929700003031,real_npy,0,1
784,/mnt/c/Users/Chirayu/Documents/GitHub/2D-to-3D-image-reconstruction/facescape_224/fsmview_trainset_17_3_mouth_stretch_36.jpg,0.21664097905158997,0.2279924601316452,0.011351481080055237,7.747408282011747,0.6576324701309204,0.34991225600242615,0.34991225600242615,59.50387100000398,26.556182000035733,real_npy,0,1
785,/mnt/c/Users/Chirayu/Documents/GitHub/2D-to-3D-image-reconstruction/facescape_224/fsmview_trainset_19_18_eye_closed_47.jpg,0.055072687566280365,0.05408637598156929,-0.0009863115847110748,8.900325026363134,0.7110423445701599,0.3438256084918976,0.3438256084918976,22.400543999992806,24.975670000003447,real_npy,0,1
786,/mnt/c/Users/Chirayu/Documents/GitHub/2D-to-3D-image-reconstruction/facescape_224/fsmview_trainset_2_8_mouth_left_26.jpg,0.03699731081724167,0.0387466661632061,0.0017493553459644318,8.311509879305959,0.6678911447525024,0.343899667263031,0.343899667263031,37.668648000021676,47.527089999960026,real_npy,0,1
787,/mnt/c/Users/Chirayu/Documents/GitHub/2D-to-3D-image-reconstruction/facescape_224/fsmview_trainset_19_18_eye_closed_48.jpg,0.06749514490365982,0.07574914395809174,0.008253999054431915,8.356023099273443,0.7188595533370972,0.3252069652080536,0.3252069652080536,40.01787999999351,24.04206799997155,real_npy,0,1
788,/mnt/c/Users/Chirayu/Documents/GitHub/2D-to-3D-image-reconstruction/facescape_224/fsmview_trainset_12_7_jaw_forward_28.jpg,0.04974641650915146,0.0629664957523346,0.013220079243183136,9.07002598233521,0.7417380213737488,0.4929535388946533,0.4929535388946533,27.310665000015888,25.72910599997158,real_npy,0,1
789,/mnt/c/Users/Chirayu/Documents/GitHub/2D-to-3D-image-reconstruction/facescape_224/fsmview_trainset_2_20_brow_lower_4.jpg,0.1883024424314499,0.18304555118083954,-0.0052568912506103516,9.0699431784451,0.7308001518249512,0.46353235840797424,0.46353235840797424,27.169424000021536,27.975943999990704,real_npy,0,1
790,/mnt/c/Users/Chirayu/Documents/GitHub/2D-to-3D-image-reconstruction/facescape_224/fsmview_trainset_2_10_dimpler_48.jpg,0.16346675157546997,0.16946262121200562,0.0059958696365356445,9.316372585482895,0.787826657295227,0.49096736311912537,0.49096736311912537,25.328138000020317,33.1528639999874,real_npy,0,1
791,/mnt/c/Users/Chirayu/Documents/GitHub/2D-to-3D-image-reconstruction/facescape_224/fsmview_trainset_3_5_jaw_left_19.jpg,0.0536268912255764,0.05617271363735199,0.002545822411775589,8.472812629304826,0.6879318952560425,0.39582669734954834,0.39582669734954834,46.5811959999769,35.25722599999881,real_npy,0,1
792,/mnt/c/Users/Chirayu/Documents/GitHub/2D-to-3D-image-reconstruction/facescape_224/fsmview_trainset_1_15_lip_roll_22.jpg,0.03469108045101166,161.96463012695312,161.9299390465021,231.43176567554474,202.03004455566406,0.3719750940799713,0.3719750940799713,38.90207400002055,26.187604999961422,real_npy,1,1
793,/mnt/c/Users/Chirayu/Documents/GitHub/2D-to-3D-image-reconstruction/facescape_224/fsmview_trainset_2_1_neutral_20.jpg,0.06882071495056152,0.08006759732961655,0.011246882379055023,9.73518078867346,0.7896798253059387,0.4262562394142151,0.4262562394142151,49.53651499999978,49.50577900001463,real_npy,0,1
794,/mnt/c/Users/Chirayu/Documents/GitHub/2D-to-3D-image-reconstruction/facescape_224/fsmview_trainset_16_7_jaw_forward_20.jpg,0.05548757687211037,0.05546429008245468,-2.3286789655685425e-05,8.802513960748911,0.73959881067276,0.37862852215766907,0.37862852215766907,24.859927000022708,24.123055000018212,real_npy,0,1
795,/mnt/c/Users/Chirayu/Documents/GitHub/2D-to-3D-image-reconstruction/facescape_224/fsmview_trainset_3_3_mouth_stretch_9.jpg,0.044802047312259674,0.04578408971428871,0.0009820424020290375,7.673152208328247,0.7127281427383423,0.36929386854171753,0.36929386854171753,22.859885999992002,31.913764000023548,real_npy,0,1
796,/mnt/c/Users/Chirayu/Documents/GitHub/2D-to-3D-image-reconstruction/facescape_224/fsmview_trainset_3_10_dimpler_3.jpg,0.04803573340177536,0.04457186907529831,-0.0034638643264770508,7.471881866455078,0.6578837633132935,0.3729389011859894,0.3729389011859894,27.923357000020133,33.61054200001945,real_npy,0,1
797,/mnt/c/Users/Chirayu/Documents/GitHub/2D-to-3D-image-reconstruction/facescape_224/fsmview_trainset_16_18_eye_closed_9.jpg,0.044392939656972885,0.04928937181830406,0.004896432161331177,8.4753249399364,0.7421338558197021,0.33470407128334045,0.33470407128334045,38.050659000020914,67.00586599998815,real_npy,0,1
798,/mnt/c/Users/Chirayu/Documents/GitHub/2D-to-3D-image-reconstruction/facescape_224/fsmview_trainset_6_5_jaw_left_36.jpg,0.13020382821559906,0.14344774186611176,0.013243913650512695,7.59653015807271,0.7004936933517456,0.31715142726898193,0.31715142726898193,32.44150300002957,67.84022599993023,real_npy,0,1
799,/mnt/c/Users/Chirayu/Documents/GitHub/2D-to-3D-image-reconstruction/facescape_224/fsmview_trainset_13_19_brow_raiser_14.jpg,0.06646672636270523,0.06705466657876968,0.0005879402160644531,9.2139753382653,0.7835723757743835,0.46205028891563416,0.46205028891563416,60.618767999926604,22.61831800001346,real_npy,0,1
800,/mnt/c/Users/Chirayu/Documents/GitHub/2D-to-3D-image-reconstruction/facescape_224/fsmview_trainset_12_9_mouth_right_6.jpg,0.06266184151172638,0.06585695594549179,0.0031951144337654114,8.709733340889215,0.7347970008850098,0.5988399982452393,0.5988399982452393,54.51020800001061,59.7189759999992,real_npy,0,1
801,/mnt/c/Users/Chirayu/Documents/GitHub/2D-to-3D-image-reconstruction/facescape_224/fsmview_trainset_3_10_dimpler_33.jpg,0.20014086365699768,0.18412066996097565,-0.016020193696022034,6.905977748334408,0.6648026704788208,0.5181901454925537,0.5181901454925537,29.29914000003464,22.537121000027582,real_npy,0,1
802,/mnt/c/Users/Chirayu/Documents/GitHub/2D-to-3D-image-reconstruction/facescape_224/fsmview_trainset_8_19_brow_raiser_15.jpg,0.14069388806819916,0.14631453156471252,0.005620643496513367,8.146136954426765,0.6712788939476013,0.40599364042282104,0.40599364042282104,40.6929590000118,38.01369600000726,real_npy,0,1
803,/mnt/c/Users/Chirayu/Documents/GitHub/2D-to-3D-image-reconstruction/facescape_224/fsmview_trainset_5_17_cheek_blowing_23.jpg,0.036530815064907074,37.85171127319336,37.81518045812845,122.73245590925217,39.59379196166992,0.3428521752357483,0.3428521752357483,26.25074900004165,22.2761969999965,real_npy,1,1
804,/mnt/c/Users/Chirayu/Documents/GitHub/2D-to-3D-image-reconstruction/facescape_224/fsmview_trainset_9_7_jaw_forward_23.jpg,0.038974031805992126,24.324186325073242,24.28521229326725,99.78385242819786,25.082157135009766,0.31111472845077515,0.31111472845077515,24.843559999908393,48.89703400010603,real_npy,1,1
805,/mnt/c/Users/Chirayu/Documents/GitHub/2D-to-3D-image-reconstruction/facescape_224/fsmview_trainset_18_7_jaw_forward_54.jpg,0.07014916092157364,0.06910853087902069,-0.001040630042552948,8.296460710465908,0.7239188551902771,0.3733169436454773,0.3733169436454773,26.02249699998538,29.868567999983497,real_npy,0,1
806,/mnt/c/Users/Chirayu/Documents/GitHub/2D-to-3D-image-reconstruction/facescape_224/fsmview_trainset_6_12_lip_puckerer_55.jpg,0.06159409508109093,0.06563635915517807,0.004042264074087143,8.405147526413202,0.7194657921791077,0.397098571062088,0.397098571062088,65.39971099994091,21.81113300002835,real_npy,0,1
807,/mnt/c/Users/Chirayu/Documents/GitHub/2D-to-3D-image-reconstruction/facescape_224/fsmview_trainset_8_14_sadness_2.jpg,0.053333912044763565,0.05196867138147354,-0.0013652406632900238,7.726361431181431,0.6844833493232727,0.27665093541145325,0.27665093541145325,27.060864999953083,24.799566999945455,real_npy,0,1
808,/mnt/c/Users/Chirayu/Documents/GitHub/2D-to-3D-image-reconstruction/facescape_224/fsmview_trainset_20_1_neutral_43.jpg,0.07922714203596115,0.07990333437919617,0.0006761923432350159,8.343572899699211,0.6997248530387878,0.5506426095962524,0.5506426095962524,60.89672899997822,35.01649899999393,real_npy,0,1
809,/mnt/c/Users/Chirayu/Documents/GitHub/2D-to-3D-image-reconstruction/facescape_224/fsmview_trainset_19_6_jaw_right_37.jpg,0.13716773688793182,0.18111500144004822,0.043947264552116394,9.476395251229405,0.7836040258407593,0.4060257375240326,0.4060257375240326,26.51395499992759,27.39848199996686,real_npy,0,1
810,/mnt/c/Users/Chirayu/Documents/GitHub/2D-to-3D-image-reconstruction/facescape_224/fsmview_trainset_6_3_mouth_stretch_46.jpg,0.1218009665608406,0.11609259992837906,-0.005708366632461548,8.259551286697388,0.7589850425720215,0.3971138298511505,0.3971138298511505,22.912430000019413,25.711816000011822,real_npy,0,1
811,/mnt/c/Users/Chirayu/Documents/GitHub/2D-to-3D-image-reconstruction/facescape_224/fsmview_trainset_7_6_jaw_right_5.jpg,0.041080497205257416,0.03655896335840225,-0.004521533846855164,7.9501307755708694,0.6752933263778687,0.3494514226913452,0.3494514226913452,35.50610800004961,38.301131000025634,real_npy,0,1
812,/mnt/c/Users/Chirayu/Documents/GitHub/2D-to-3D-image-reconstruction/facescape_224/fsmview_trainset_18_15_lip_roll_5.jpg,0.04205486550927162,0.04431578144431114,0.0022609159350395203,8.568863231688738,0.732215940952301,0.338261216878891,0.338261216878891,25.545731999955024,26.4411430000564,real_npy,0,1
813,/mnt/c/Users/Chirayu/Documents/GitHub/2D-to-3D-image-reconstruction/facescape_224/fsmview_trainset_13_6_jaw_right_19.jpg,0.14166828989982605,0.14833658933639526,0.006668299436569214,8.19386874139309,0.6642615795135498,0.32488134503364563,0.32488134503364563,26.399573000048804,24.091506000104346,real_npy,0,1
814,/mnt/c/Users/Chirayu/Documents/GitHub/2D-to-3D-image-reconstruction/facescape_224/fsmview_trainset_11_8_mouth_left_39.jpg,0.28150323033332825,0.27086806297302246,-0.010635167360305786,8.082604337483644,0.7379535436630249,0.5550031661987305,0.5550031661987305,23.456595999959973,25.232259000063095,real_npy,0,1
815,/mnt/c/Users/Chirayu/Documents/GitHub/2D-to-3D-image-reconstruction/facescape_224/fsmview_trainset_14_19_brow_raiser_26.jpg,0.046708252280950546,0.772617757320404,0.7259095050394535,18.042559027671814,1.730496883392334,0.4956153333187103,0.4956153333187103,23.792559999947116,30.094200999997156,real_npy,0,1
816,/mnt/c/Users/Chirayu/Documents/GitHub/2D-to-3D-image-reconstruction/facescape_224/fsmview_trainset_8_1_neutral_55.jpg,0.04931816831231117,0.05668285861611366,0.00736469030380249,7.894911959767342,0.7136627435684204,0.2679924964904785,0.2679924964904785,26.048299000080988,26.415856000085114,real_npy,0,1
817,/mnt/c/Users/Chirayu/Documents/GitHub/2D-to-3D-image-reconstruction/facescape_224/fsmview_trainset_19_4_anger_44.jpg,0.6582196354866028,0.483517587184906,-0.17470204830169678,7.8026626743376255,0.7366321086883545,0.44136425852775574,0.44136425852775574,26.64660800007823,23.63700900002641,real_npy,0,1
818,/mnt/c/Users/Chirayu/Documents/GitHub/2D-to-3D-image-reconstruction/facescape_224/fsmview_trainset_12_18_eye_closed_16.jpg,0.05053636431694031,0.04657301679253578,-0.003963347524404526,9.014750495553017,0.747170627117157,0.5039554834365845,0.5039554834365845,26.301489999923433,41.53874700000415,real_npy,0,1
819,/mnt/c/Users/Chirayu/Documents/GitHub/2D-to-3D-image-reconstruction/facescape_224/fsmview_trainset_12_13_lip_funneler_26.jpg,0.527234673500061,0.49625295400619507,-0.030981719493865967,7.821156345307827,0.6950784921646118,0.5514529347419739,0.5514529347419739,29.249781999965307,81.85476699998162,template_fallback,0,1
820,/mnt/c/Users/Chirayu/Documents/GitHub/2D-to-3D-image-reconstruction/facescape_224/fsmview_trainset_3_18_eye_closed_7.jpg,0.06460653990507126,0.07518791407346725,0.010581374168395996,8.414064206182957,0.717198371887207,0.29073479771614075,0.29073479771614075,43.699859999946966,30.544185000053403,real_npy,0,1
821,/mnt/c/Users/Chirayu/Documents/GitHub/2D-to-3D-image-reconstruction/facescape_224/fsmview_trainset_4_7_jaw_forward_49.jpg,0.08304192870855331,0.08711656183004379,0.0040746331214904785,8.196727849543095,0.7833595275878906,0.30279919505119324,0.30279919505119324,51.3796000000184,24.402356999985386,real_npy,0,1
822,/mnt/c/Users/Chirayu/Documents/GitHub/2D-to-3D-image-reconstruction/facescape_224/fsmview_trainset_13_15_lip_roll_2.jpg,1.1470760107040405,1.1006234884262085,-0.04645252227783203,6.583464454859495,0.6747496128082275,0.35604485869407654,0.35604485869407654,24.808879000033812,30.23307399996611,real_npy,0,1
823,/mnt/c/Users/Chirayu/Documents/GitHub/2D-to-3D-image-reconstruction/facescape_224/fsmview_trainset_2_8_mouth_left_1.jpg,0.19662679731845856,0.1861329972743988,-0.010493800044059753,8.178673423826694,0.7028586864471436,0.49299007654190063,0.49299007654190063,23.909904999982245,41.10143399998378,real_npy,0,1
824,/mnt/c/Users/Chirayu/Documents/GitHub/2D-to-3D-image-reconstruction/facescape_224/fsmview_trainset_2_12_lip_puckerer_39.jpg,0.11298304796218872,0.11626532673835754,0.0032822787761688232,8.144942626357079,0.7129075527191162,0.43704965710639954,0.43704965710639954,26.818198999990273,22.456166999972993,real_npy,0,1
825,/mnt/c/Users/Chirayu/Documents/GitHub/2D-to-3D-image-reconstruction/facescape_224/fsmview_trainset_4_1_neutral_52.jpg,0.03760473057627678,0.03838245943188667,0.0007777288556098938,9.135114663280547,0.7683719396591187,0.21823973953723907,0.21823973953723907,125.86600100007672,20.10511499997847,real_npy,0,1
826,/mnt/c/Users/Chirayu/Documents/GitHub/2D-to-3D-image-reconstruction/facescape_224/fsmview_trainset_11_5_jaw_left_62.jpg,0.4700964689254761,0.4789581298828125,0.008861660957336426,8.351757183670998,0.7794764637947083,0.5306856036186218,0.5306856036186218,23.268385999926977,41.723123999986456,real_npy,0,1
827,/mnt/c/Users/Chirayu/Documents/GitHub/2D-to-3D-image-reconstruction/facescape_224/fsmview_trainset_10_8_mouth_left_4.jpg,0.04280484840273857,0.04685896635055542,0.004054117947816849,7.658225569874048,0.6533067226409912,0.22105072438716888,0.22105072438716888,43.182005999938156,47.02784899996004,real_npy,0,1
828,/mnt/c/Users/Chirayu/Documents/GitHub/2D-to-3D-image-reconstruction/facescape_224/fsmview_trainset_3_8_mouth_left_12.jpg,0.09115977585315704,0.11850107461214066,0.027341298758983612,7.9031712263822556,0.7062536478042603,0.24961692094802856,0.24961692094802856,23.657808000052682,21.15425600004528,real_npy,0,1
829,/mnt/c/Users/Chirayu/Documents/GitHub/2D-to-3D-image-reconstruction/facescape_224/fsmview_trainset_19_12_lip_puckerer_11.jpg,0.07279875874519348,0.07566073536872864,0.0028619766235351562,8.779680002480745,0.7325206398963928,0.3277492821216583,0.3277492821216583,23.32696799999212,23.059431999968183,real_npy,0,1
830,/mnt/c/Users/Chirayu/Documents/GitHub/2D-to-3D-image-reconstruction/facescape_224/fsmview_trainset_5_7_jaw_forward_2.jpg,0.0633055567741394,0.05856472626328468,-0.004740830510854721,8.700637061148882,0.6896514296531677,0.44452786445617676,0.44452786445617676,26.911447999964366,29.391435999968962,real_npy,0,1
831,/mnt/c/Users/Chirayu/Documents/GitHub/2D-to-3D-image-reconstruction/facescape_224/fsmview_trainset_11_15_lip_roll_45.jpg,0.057247668504714966,0.42053139209747314,0.3632837235927582,14.17271139472723,1.371078372001648,0.6428841948509216,0.6428841948509216,32.97648199998093,23.303996999970877,real_npy,0,1
832,/mnt/c/Users/Chirayu/Documents/GitHub/2D-to-3D-image-reconstruction/facescape_224/fsmview_trainset_8_5_jaw_left_15.jpg,0.08967320621013641,0.0908455029129982,0.0011722967028617859,7.976406253874302,0.6255037188529968,0.40998750925064087,0.40998750925064087,23.423674000014216,22.558344999993096,real_npy,0,1
833,/mnt/c/Users/Chirayu/Documents/GitHub/2D-to-3D-image-reconstruction/facescape_224/fsmview_trainset_16_3_mouth_stretch_1.jpg,0.028945794329047203,4.465883255004883,4.436937460675836,45.15107470005751,5.349091529846191,0.3042123317718506,0.3042123317718506,72.51871599999049,35.55105700002059,real_npy,1,1
834,/mnt/c/Users/Chirayu/Documents/GitHub/2D-to-3D-image-reconstruction/facescape_224/fsmview_trainset_5_16_grin_19.jpg,0.042969364672899246,0.046863097697496414,0.003893733024597168,8.941450148820877,0.7482883930206299,0.3534547984600067,0.3534547984600067,23.12508699992577,34.73072300005242,real_npy,0,1
835,/mnt/c/Users/Chirayu/Documents/GitHub/2D-to-3D-image-reconstruction/facescape_224/fsmview_trainset_3_4_anger_23.jpg,0.029982861131429672,7.792435646057129,7.762452784925699,58.957203418016434,8.552531242370605,0.33128562569618225,0.33128562569618225,24.66215899994495,23.182175999977517,real_npy,1,1
836,/mnt/c/Users/Chirayu/Documents/GitHub/2D-to-3D-image-reconstruction/facescape_224/fsmview_trainset_13_15_lip_roll_55.jpg,0.07643826305866241,0.09337504953145981,0.016936786472797394,8.238930486142635,0.6977221369743347,0.3074433207511902,0.3074433207511902,25.893692999943596,28.894829000023492,real_npy,0,1
837,/mnt/c/Users/Chirayu/Documents/GitHub/2D-to-3D-image-reconstruction/facescape_224/fsmview_trainset_8_11_chin_raiser_9.jpg,0.045002978295087814,0.03923401981592178,-0.005768958479166031,8.16862616688013,0.6686476469039917,0.22955112159252167,0.22955112159252167,30.504662999987886,25.879678000023887,real_npy,0,1
838,/mnt/c/Users/Chirayu/Documents/GitHub/2D-to-3D-image-reconstruction/facescape_224/fsmview_trainset_5_2_smile_11.jpg,0.2386031150817871,0.47307759523391724,0.23447448015213013,13.762816086411476,1.3018932342529297,0.5780972838401794,0.5780972838401794,25.916901000073267,46.237278999910814,real_npy,0,1
839,/mnt/c/Users/Chirayu/Documents/GitHub/2D-to-3D-image-reconstruction/facescape_224/fsmview_trainset_20_10_dimpler_10.jpg,0.08572423458099365,0.0883244052529335,0.00260017067193985,7.778473813086748,0.6888684630393982,0.570749044418335,0.570749044418335,33.658172000059494,75.15731700004835,real_npy,0,1
840,/mnt/c/Users/Chirayu/Documents/GitHub/2D-to-3D-image-reconstruction/facescape_224/fsmview_trainset_3_20_brow_lower_7.jpg,0.05329613760113716,0.06711393594741821,0.013817798346281052,8.279004719108343,0.7178410291671753,0.2863719165325165,0.2863719165325165,23.86833100001695,25.763741999980994,real_npy,0,1
841,/mnt/c/Users/Chirayu/Documents/GitHub/2D-to-3D-image-reconstruction/facescape_224/fsmview_trainset_4_19_brow_raiser_19.jpg,0.04016624391078949,0.04099094867706299,0.0008247047662734985,9.027338219806552,0.7359177470207214,0.27928292751312256,0.27928292751312256,64.66479100004108,30.837953000059315,real_npy,0,1
842,/mnt/c/Users/Chirayu/Documents/GitHub/2D-to-3D-image-reconstruction/facescape_224/fsmview_trainset_11_7_jaw_forward_28.jpg,0.08350729942321777,0.08208802342414856,-0.0014192759990692139,9.23575570806861,0.7370600700378418,0.5489073991775513,0.5489073991775513,23.430615000052057,44.74875300002168,real_npy,0,1
843,/mnt/c/Users/Chirayu/Documents/GitHub/2D-to-3D-image-reconstruction/facescape_224/fsmview_trainset_13_18_eye_closed_45.jpg,0.0683891773223877,0.07068139314651489,0.0022922158241271973,8.451591171324253,0.6949217319488525,0.40348172187805176,0.40348172187805176,23.237611000013203,22.675982000009753,real_npy,0,1
844,/mnt/c/Users/Chirayu/Documents/GitHub/2D-to-3D-image-reconstruction/facescape_224/fsmview_trainset_6_10_dimpler_17.jpg,0.040599264204502106,0.04167439788579941,0.0010751336812973022,8.279797600582242,0.6984063982963562,0.3702225387096405,0.3702225387096405,29.899763000003077,20.629825000014534,real_npy,0,1
845,/mnt/c/Users/Chirayu/Documents/GitHub/2D-to-3D-image-reconstruction/facescape_224/fsmview_trainset_2_4_anger_44.jpg,0.5318838357925415,0.4956791400909424,-0.03620469570159912,7.275001972913742,0.6602862477302551,0.49110960960388184,0.49110960960388184,43.956722999951126,40.17918399995324,real_npy,0,1
846,/mnt/c/Users/Chirayu/Documents/GitHub/2D-to-3D-image-reconstruction/facescape_224/fsmview_trainset_13_6_jaw_right_38.jpg,0.051859814673662186,0.0507124587893486,-0.0011473558843135834,8.04302679747343,0.7132466435432434,0.3451143801212311,0.3451143801212311,31.048161999933654,22.29650199990374,real_npy,0,1
847,/mnt/c/Users/Chirayu/Documents/GitHub/2D-to-3D-image-reconstruction/facescape_224/fsmview_trainset_11_1_neutral_66.jpg,0.24298101663589478,0.23647651076316833,-0.00650450587272644,7.70312887430191,0.6493867635726929,0.5062687397003174,0.5062687397003174,23.825138999995943,20.628883999961545,real_npy,0,1
848,/mnt/c/Users/Chirayu/Documents/GitHub/2D-to-3D-image-reconstruction/facescape_224/fsmview_trainset_17_9_mouth_right_55.jpg,0.06260299682617188,0.06623169779777527,0.0036287009716033936,8.487853839993477,0.7009451389312744,0.3769940435886383,0.3769940435886383,21.531202999995003,20.272702000056597,real_npy,0,1
849,/mnt/c/Users/Chirayu/Documents/GitHub/2D-to-3D-image-reconstruction/facescape_224/fsmview_trainset_15_14_sadness_34.jpg,0.16471779346466064,0.18175500631332397,0.01703721284866333,7.910817842930555,0.6557360291481018,0.5756279826164246,0.5756279826164246,25.085134999926595,22.121632999983376,real_npy,0,1
850,/mnt/c/Users/Chirayu/Documents/GitHub/2D-to-3D-image-reconstruction/facescape_224/fsmview_trainset_10_19_brow_raiser_32.jpg,0.041692908853292465,0.04283824935555458,0.0011453405022621155,7.747388891875744,0.6750084161758423,0.29583609104156494,0.29583609104156494,23.101248999978452,39.633632999994006,real_npy,0,1
851,/mnt/c/Users/Chirayu/Documents/GitHub/2D-to-3D-image-reconstruction/facescape_224/fsmview_trainset_19_5_jaw_left_45.jpg,0.17687071859836578,0.2093827873468399,0.03251206874847412,9.216903455555439,0.8167418837547302,0.3715129792690277,0.3715129792690277,25.118933000044308,21.579395000003387,real_npy,0,1
852,/mnt/c/Users/Chirayu/Documents/GitHub/2D-to-3D-image-reconstruction/facescape_224/fsmview_trainset_7_9_mouth_right_1.jpg,0.05821450054645538,0.06044813618063927,0.0022336356341838837,8.16127935051918,0.708787202835083,0.41748732328414917,0.41748732328414917,22.04084300001341,21.717290999959005,real_npy,0,1
853,/mnt/c/Users/Chirayu/Documents/GitHub/2D-to-3D-image-reconstruction/facescape_224/fsmview_trainset_17_13_lip_funneler_13.jpg,0.0664483830332756,0.07162792235612869,0.005179539322853088,8.524632178246975,0.7072088122367859,0.39738038182258606,0.39738038182258606,24.59549499997138,21.422330000063994,real_npy,0,1
854,/mnt/c/Users/Chirayu/Documents/GitHub/2D-to-3D-image-reconstruction/facescape_224/fsmview_trainset_1_7_jaw_forward_41.jpg,0.13132642209529877,0.13162755966186523,0.0003011375665664673,8.116967126727104,0.7521142363548279,0.44199734926223755,0.44199734926223755,24.942344000010053,25.243875000001026,real_npy,0,1
855,/mnt/c/Users/Chirayu/Documents/GitHub/2D-to-3D-image-reconstruction/facescape_224/fsmview_trainset_10_18_eye_closed_55.jpg,0.04833938181400299,0.05051575228571892,0.002176370471715927,8.334577839821577,0.7049522399902344,0.29219305515289307,0.29219305515289307,23.121747999994113,23.2127419999415,real_npy,0,1
856,/mnt/c/Users/Chirayu/Documents/GitHub/2D-to-3D-image-reconstruction/facescape_224/fsmview_trainset_13_9_mouth_right_37.jpg,0.07558165490627289,0.07553087919950485,-5.077570676803589e-05,8.205554999411106,0.7049153447151184,0.4041873514652252,0.4041873514652252,126.97318199991514,24.2055569999593,real_npy,0,1
857,/mnt/c/Users/Chirayu/Documents/GitHub/2D-to-3D-image-reconstruction/facescape_224/fsmview_trainset_10_5_jaw_left_3.jpg,0.058497004210948944,0.057619303464889526,-0.0008777007460594177,7.88575653731823,0.7191279530525208,0.33603864908218384,0.33603864908218384,48.45289699994737,40.911914000048455,real_npy,0,1
858,/mnt/c/Users/Chirayu/Documents/GitHub/2D-to-3D-image-reconstruction/facescape_224/fsmview_trainset_13_16_grin_3.jpg,0.04443587735295296,0.041759856045246124,-0.002676021307706833,8.4076534435153,0.6609174609184265,0.43899664282798767,0.43899664282798767,37.45052900001156,22.017978000008043,real_npy,0,1
859,/mnt/c/Users/Chirayu/Documents/GitHub/2D-to-3D-image-reconstruction/facescape_224/fsmview_trainset_15_14_sadness_42.jpg,0.3133343458175659,0.3239573538303375,0.010623008012771606,8.536785289645195,0.754971444606781,0.49940863251686096,0.49940863251686096,28.607291999946938,30.76711799997156,real_npy,0,1
860,/mnt/c/Users/Chirayu/Documents/GitHub/2D-to-3D-image-reconstruction/facescape_224/fsmview_trainset_17_1_neutral_58.jpg,0.8589834570884705,0.8728858828544617,0.013902425765991211,6.568249993026257,0.6730859279632568,0.19829216599464417,0.19829216599464417,33.37846299996272,39.14209499998833,real_npy,0,1
861,/mnt/c/Users/Chirayu/Documents/GitHub/2D-to-3D-image-reconstruction/facescape_224/fsmview_trainset_8_6_jaw_right_48.jpg,0.14406488835811615,0.1455223709344864,0.0014574825763702393,7.621718041598797,0.684588611125946,0.3030596375465393,0.3030596375465393,40.89436399999613,40.08315400005813,real_npy,0,1
862,/mnt/c/Users/Chirayu/Documents/GitHub/2D-to-3D-image-reconstruction/facescape_224/fsmview_trainset_13_8_mouth_left_32.jpg,0.03925768658518791,0.03794921934604645,-0.0013084672391414642,8.978275595232844,0.7324676513671875,0.4317830204963684,0.4317830204963684,45.844339000041145,45.061955999926795,real_npy,0,1
863,/mnt/c/Users/Chirayu/Documents/GitHub/2D-to-3D-image-reconstruction/facescape_224/fsmview_trainset_14_17_cheek_blowing_18.jpg,0.06934944540262222,0.06896895915269852,-0.00038048624992370605,8.018809363245964,0.6717337965965271,0.5182579755783081,0.5182579755783081,41.6431730000113,46.727542000098765,real_npy,0,1
864,/mnt/c/Users/Chirayu/Documents/GitHub/2D-to-3D-image-reconstruction/facescape_224/fsmview_trainset_18_17_cheek_blowing_18.jpg,0.05724193900823593,0.06204800680279732,0.004806067794561386,9.177188649773598,0.7383276224136353,0.41484832763671875,0.41484832763671875,31.311950000031175,39.147648000039226,real_npy,0,1
865,/mnt/c/Users/Chirayu/Documents/GitHub/2D-to-3D-image-reconstruction/facescape_224/fsmview_trainset_10_11_chin_raiser_44.jpg,0.13239642977714539,0.11341821402311325,-0.018978215754032135,8.243920050561428,0.6814501881599426,0.45228829979896545,0.45228829979896545,36.08536299998377,24.155521000011504,real_npy,0,1
866,/mnt/c/Users/Chirayu/Documents/GitHub/2D-to-3D-image-reconstruction/facescape_224/fsmview_trainset_8_13_lip_funneler_29.jpg,0.05470123142004013,0.05977793410420418,0.005076702684164047,7.922652583569288,0.6842537522315979,0.36754560470581055,0.36754560470581055,32.12461500004338,28.726356999982272,real_npy,0,1
867,/mnt/c/Users/Chirayu/Documents/GitHub/2D-to-3D-image-reconstruction/facescape_224/fsmview_trainset_9_19_brow_raiser_43.jpg,0.125016987323761,0.11986188590526581,-0.005155101418495178,7.367183029651642,0.6360875368118286,0.4200142025947571,0.4200142025947571,24.781200999996145,22.21512599999187,real_npy,0,1
868,/mnt/c/Users/Chirayu/Documents/GitHub/2D-to-3D-image-reconstruction/facescape_224/fsmview_trainset_8_9_mouth_right_46.jpg,0.059671204537153244,0.06654639542102814,0.006875190883874893,7.904436603188515,0.7070307731628418,0.33456727862358093,0.33456727862358093,22.942494000062652,33.940828999902806,real_npy,0,1
869,/mnt/c/Users/Chirayu/Documents/GitHub/2D-to-3D-image-reconstruction/facescape_224/fsmview_trainset_17_10_dimpler_1.jpg,0.1926039606332779,0.1969134509563446,0.004309490323066711,9.74859506636858,0.7525953650474548,0.4024462401866913,0.4024462401866913,21.325127000068278,22.010922000049504,real_npy,0,1
870,/mnt/c/Users/Chirayu/Documents/GitHub/2D-to-3D-image-reconstruction/facescape_224/fsmview_trainset_16_19_brow_raiser_37.jpg,0.09112826734781265,0.11840015649795532,0.02727188915014267,9.249975683167577,0.7667593955993652,0.4407002925872803,0.4407002925872803,22.73373699995318,21.383675000038238,real_npy,0,1
871,/mnt/c/Users/Chirayu/Documents/GitHub/2D-to-3D-image-reconstruction/facescape_224/fsmview_trainset_7_7_jaw_forward_31.jpg,0.06437314301729202,0.492444783449173,0.42807164043188095,13.250424848869443,1.2375942468643188,0.47378891706466675,0.47378891706466675,36.30306399998062,25.47625199997583,real_npy,0,1
872,/mnt/c/Users/Chirayu/Documents/GitHub/2D-to-3D-image-reconstruction/facescape_224/fsmview_trainset_16_14_sadness_17.jpg,0.03685883805155754,1.341137409210205,1.3042785711586475,25.80589260160923,2.613462209701538,0.36293739080429077,0.36293739080429077,22.5848349999751,26.141865999989022,real_npy,0,1
873,/mnt/c/Users/Chirayu/Documents/GitHub/2D-to-3D-image-reconstruction/facescape_224/fsmview_trainset_6_7_jaw_forward_24.jpg,0.0567161962389946,0.05758178234100342,0.0008655861020088196,8.520900405943394,0.7039015293121338,0.39124706387519836,0.39124706387519836,24.126106000039726,24.643165999918892,real_npy,0,1
874,/mnt/c/Users/Chirayu/Documents/GitHub/2D-to-3D-image-reconstruction/facescape_224/fsmview_trainset_9_17_cheek_blowing_29.jpg,0.051213644444942474,0.05792161449790001,0.006707970052957535,8.1942686624825,0.7098686695098877,0.2719251215457916,0.2719251215457916,20.567555999946308,21.734209999976883,real_npy,0,1
875,/mnt/c/Users/Chirayu/Documents/GitHub/2D-to-3D-image-reconstruction/facescape_224/fsmview_trainset_16_12_lip_puckerer_7.jpg,0.06593304872512817,0.07721787691116333,0.011284828186035156,8.313090771436691,0.6802784204483032,0.2682947516441345,0.2682947516441345,21.028763999993316,42.251380999914545,real_npy,0,1
876,/mnt/c/Users/Chirayu/Documents/GitHub/2D-to-3D-image-reconstruction/facescape_224/fsmview_trainset_7_13_lip_funneler_44.jpg,0.11412363499403,0.12140592187643051,0.007282286882400513,7.593070648610592,0.6972671747207642,0.5003924369812012,0.5003924369812012,21.643299000061234,23.55108899996594,real_npy,0,1
877,/mnt/c/Users/Chirayu/Documents/GitHub/2D-to-3D-image-reconstruction/facescape_224/fsmview_trainset_13_6_jaw_right_1.jpg,0.04418729245662689,0.04507885500788689,0.0008915625512599945,8.467486310750246,0.7062495350837708,0.41713669896125793,0.41713669896125793,40.22495499998513,22.677080999983446,real_npy,0,1
878,/mnt/c/Users/Chirayu/Documents/GitHub/2D-to-3D-image-reconstruction/facescape_224/fsmview_trainset_17_16_grin_35.jpg,0.05792921036481857,0.06210913509130478,0.004179924726486206,8.91881387680769,0.7484023571014404,0.385345458984375,0.385345458984375,68.91900100004023,37.46327299995755,real_npy,0,1
879,/mnt/c/Users/Chirayu/Documents/GitHub/2D-to-3D-image-reconstruction/facescape_224/fsmview_trainset_1_11_chin_raiser_47.jpg,0.19852237403392792,0.18616735935211182,-0.012355014681816101,7.088150680065155,0.6808294057846069,0.3660784661769867,0.3660784661769867,33.135690999984035,38.4758289999354,real_npy,0,1
880,/mnt/c/Users/Chirayu/Documents/GitHub/2D-to-3D-image-reconstruction/facescape_224/fsmview_trainset_9_5_jaw_left_18.jpg,0.043551526963710785,0.04319057613611221,-0.0003609508275985718,8.394194915890694,0.7053862810134888,0.38807329535484314,0.38807329535484314,34.47108799991838,27.15033200001926,real_npy,0,1
881,/mnt/c/Users/Chirayu/Documents/GitHub/2D-to-3D-image-reconstruction/facescape_224/fsmview_trainset_10_2_smile_47.jpg,0.051748670637607574,81.322509765625,81.27076109498739,168.3154906630516,84.6290512084961,0.33744943141937256,0.33744943141937256,25.171912000018892,22.178154000016548,real_npy,1,1
882,/mnt/c/Users/Chirayu/Documents/GitHub/2D-to-3D-image-reconstruction/facescape_224/fsmview_trainset_8_14_sadness_12.jpg,0.045958176255226135,0.04878031089901924,0.002822134643793106,8.051076084375381,0.7254399657249451,0.2905504107475281,0.2905504107475281,22.964743000102317,21.159818000000996,real_npy,0,1
883,/mnt/c/Users/Chirayu/Documents/GitHub/2D-to-3D-image-reconstruction/facescape_224/fsmview_trainset_9_15_lip_roll_55.jpg,0.18025077879428864,0.1849164068698883,0.00466562807559967,7.403150446712971,0.6472806930541992,0.4276222288608551,0.4276222288608551,23.969611999973495,24.428303000036067,real_npy,0,1
884,/mnt/c/Users/Chirayu/Documents/GitHub/2D-to-3D-image-reconstruction/facescape_224/fsmview_trainset_12_5_jaw_left_16.jpg,0.05007876455783844,0.045505646616220474,-0.004573117941617966,8.959181359037757,0.7037928700447083,0.47407519817352295,0.47407519817352295,29.7879780000585,34.91685400001643,real_npy,0,1
885,/mnt/c/Users/Chirayu/Documents/GitHub/2D-to-3D-image-reconstruction/facescape_224/fsmview_trainset_3_5_jaw_left_8.jpg,0.042279068380594254,3.484285593032837,3.4420065246522427,40.09474202245474,4.646980285644531,0.3758045434951782,0.3758045434951782,19.835409999927833,44.56505900009233,real_npy,1,1
886,/mnt/c/Users/Chirayu/Documents/GitHub/2D-to-3D-image-reconstruction/facescape_224/fsmview_trainset_13_3_mouth_stretch_50.jpg,0.04874564707279205,0.048697926104068756,-4.772096872329712e-05,7.37752153724432,0.6872988343238831,0.36406028270721436,0.36406028270721436,25.62058800003797,24.731357999939974,real_npy,0,1
887,/mnt/c/Users/Chirayu/Documents/GitHub/2D-to-3D-image-reconstruction/facescape_224/fsmview_trainset_15_3_mouth_stretch_48.jpg,0.2192205935716629,0.2504517734050751,0.03123117983341217,8.435896299779415,0.7253727912902832,0.6327422857284546,0.6327422857284546,34.89033899995775,48.04831599994941,real_npy,0,1
888,/mnt/c/Users/Chirayu/Documents/GitHub/2D-to-3D-image-reconstruction/facescape_224/fsmview_trainset_18_16_grin_26.jpg,0.2406492829322815,0.20110663771629333,-0.03954264521598816,6.359749518334866,0.6053299903869629,0.6018533110618591,0.6018533110618591,26.286550999998326,23.767520999967928,real_npy,0,0
889,/mnt/c/Users/Chirayu/Documents/GitHub/2D-to-3D-image-reconstruction/facescape_224/fsmview_trainset_2_10_dimpler_28.jpg,0.037965137511491776,0.040320560336112976,0.0023554228246212006,7.515880037099123,0.6805760860443115,0.28225070238113403,0.28225070238113403,82.31984399992598,45.94405599993934,real_npy,0,1
890,/mnt/c/Users/Chirayu/Documents/GitHub/2D-to-3D-image-reconstruction/facescape_224/fsmview_trainset_11_5_jaw_left_48.jpg,1.0173851251602173,0.8281392455101013,-0.18924587965011597,7.9785391092300415,0.729073166847229,0.5680316686630249,0.5680316686630249,47.805561000018315,25.130575999924076,real_npy,0,1
891,/mnt/c/Users/Chirayu/Documents/GitHub/2D-to-3D-image-reconstruction/facescape_224/fsmview_trainset_1_7_jaw_forward_56.jpg,0.09172157943248749,25.315587997436523,25.223866418004036,102.72345933318138,26.87234878540039,0.2902890145778656,0.2902890145778656,22.20457200007786,20.21362699997553,real_npy,1,1
892,/mnt/c/Users/Chirayu/Documents/GitHub/2D-to-3D-image-reconstruction/facescape_224/fsmview_trainset_6_20_brow_lower_28.jpg,0.040223777294158936,0.046822015196084976,0.006598237901926041,7.829133749008179,0.6649361848831177,0.22931338846683502,0.22931338846683502,23.91075599996384,28.29532400005519,real_npy,0,1
893,/mnt/c/Users/Chirayu/Documents/GitHub/2D-to-3D-image-reconstruction/facescape_224/fsmview_trainset_20_13_lip_funneler_12.jpg,0.046770691871643066,0.04839387908577919,0.0016231872141361237,8.658074591308832,0.7137333750724792,0.38685429096221924,0.38685429096221924,23.569169999973383,21.03159199998572,real_npy,0,1
894,/mnt/c/Users/Chirayu/Documents/GitHub/2D-to-3D-image-reconstruction/facescape_224/fsmview_trainset_13_10_dimpler_10.jpg,0.09298927336931229,0.13141828775405884,0.03842901438474655,9.204676608555019,0.7944610714912415,0.48380428552627563,0.48380428552627563,38.696272000038334,27.65617700003986,real_npy,0,1
895,/mnt/c/Users/Chirayu/Documents/GitHub/2D-to-3D-image-reconstruction/facescape_224/fsmview_trainset_20_10_dimpler_31.jpg,0.033999163657426834,0.03132956475019455,-0.0026695989072322845,7.773646414279938,0.6577584743499756,0.41889169812202454,0.41889169812202454,35.88238099996488,32.41880900009164,real_npy,0,1
896,/mnt/c/Users/Chirayu/Documents/GitHub/2D-to-3D-image-reconstruction/facescape_224/fsmview_trainset_17_11_chin_raiser_7.jpg,0.0809972807765007,0.09315145760774612,0.012154176831245422,8.931947566568851,0.7039398550987244,0.28045907616615295,0.28045907616615295,22.1175530000437,22.609876000046825,real_npy,0,1
897,/mnt/c/Users/Chirayu/Documents/GitHub/2D-to-3D-image-reconstruction/facescape_224/fsmview_trainset_3_19_brow_raiser_42.jpg,0.2390487939119339,0.348812997341156,0.1097642034292221,7.94609484821558,0.8270453214645386,0.4571093022823334,0.4571093022823334,24.339266000083626,21.935522000035235,real_npy,0,1
898,/mnt/c/Users/Chirayu/Documents/GitHub/2D-to-3D-image-reconstruction/facescape_224/fsmview_trainset_3_18_eye_closed_53.jpg,0.6606811285018921,0.4846572279930115,-0.17602390050888062,8.180379206314683,0.7036644816398621,0.43323349952697754,0.43323349952697754,52.3988789999521,60.285573999976805,real_npy,0,1
899,/mnt/c/Users/Chirayu/Documents/GitHub/2D-to-3D-image-reconstruction/facescape_224/fsmview_trainset_16_1_neutral_29.jpg,0.04991152510046959,0.056572530418634415,0.0066610053181648254,7.9635277427732944,0.656173586845398,0.4228871166706085,0.4228871166706085,23.764762999917366,23.34246600003098,real_npy,0,1
900,/mnt/c/Users/Chirayu/Documents/GitHub/2D-to-3D-image-reconstruction/facescape_224/fsmview_trainset_20_14_sadness_6.jpg,0.48472651839256287,0.4295898973941803,-0.05513662099838257,6.317243747413158,0.6633369326591492,0.49191734194755554,0.49191734194755554,76.7277859999922,43.46431700002995,template_fallback,0,0
901,/mnt/c/Users/Chirayu/Documents/GitHub/2D-to-3D-image-reconstruction/facescape_224/fsmview_trainset_10_9_mouth_right_37.jpg,0.056547392159700394,0.07170528918504715,0.015157897025346756,8.822916768491268,0.7277454733848572,0.40712857246398926,0.40712857246398926,23.475320999978067,22.349220000023706,real_npy,0,1
902,/mnt/c/Users/Chirayu/Documents/GitHub/2D-to-3D-image-reconstruction/facescape_224/fsmview_trainset_18_18_eye_closed_43.jpg,0.082526795566082,0.0848563015460968,0.002329505980014801,8.070191100239754,0.6480651497840881,0.5030818581581116,0.5030818581581116,25.75461800006451,23.61657300002662,real_npy,0,1
903,/mnt/c/Users/Chirayu/Documents/GitHub/2D-to-3D-image-reconstruction/facescape_224/fsmview_trainset_2_16_grin_45.jpg,1.0208497047424316,0.8178874850273132,-0.2029622197151184,6.485680401325226,0.5870621204376221,0.4987034201622009,0.4987034201622009,36.014178999948854,36.96916199999123,real_npy,0,0
904,/mnt/c/Users/Chirayu/Documents/GitHub/2D-to-3D-image-reconstruction/facescape_224/fsmview_trainset_8_5_jaw_left_33.jpg,0.031111884862184525,0.39054980874061584,0.3594379238784313,13.499370411969721,1.1573117971420288,0.2832782566547394,0.2832782566547394,23.950738999928944,52.5846589999901,real_npy,0,1
905,/mnt/c/Users/Chirayu/Documents/GitHub/2D-to-3D-image-reconstruction/facescape_224/fsmview_trainset_4_7_jaw_forward_2.jpg,0.06296011805534363,0.05669884756207466,-0.006261270493268967,7.5870768167078495,0.6835425496101379,0.27488112449645996,0.27488112449645996,43.229176999943775,63.4904110000889,real_npy,0,1
906,/mnt/c/Users/Chirayu/Documents/GitHub/2D-to-3D-image-reconstruction/facescape_224/fsmview_trainset_12_9_mouth_right_52.jpg,0.12351956218481064,0.13238801062107086,0.008868448436260223,8.030234389007092,0.6811437010765076,0.4912307560443878,0.4912307560443878,67.45830700003808,19.574544999954924,real_npy,0,1
907,/mnt/c/Users/Chirayu/Documents/GitHub/2D-to-3D-image-reconstruction/facescape_224/fsmview_trainset_9_18_eye_closed_42.jpg,0.13874858617782593,0.24765008687973022,0.1089015007019043,7.012673646211624,0.7350766062736511,0.4432443082332611,0.4432443082332611,24.16597899991757,24.137135999922066,real_npy,0,1
908,/mnt/c/Users/Chirayu/Documents/GitHub/2D-to-3D-image-reconstruction/facescape_224/fsmview_trainset_14_2_smile_61.jpg,0.44952666759490967,0.4466441571712494,-0.0028825104236602783,7.58678438141942,0.615364670753479,0.5059278607368469,0.5059278607368469,23.534452000035344,54.706699000007575,real_npy,0,1
909,/mnt/c/Users/Chirayu/Documents/GitHub/2D-to-3D-image-reconstruction/facescape_224/fsmview_trainset_7_8_mouth_left_12.jpg,0.2909330725669861,477.75762939453125,477.46669632196426,408.9294272661209,548.7807006835938,0.2750994563102722,0.2750994563102722,20.521723000001657,51.170532000014646,real_npy,1,1
910,/mnt/c/Users/Chirayu/Documents/GitHub/2D-to-3D-image-reconstruction/facescape_224/fsmview_trainset_2_3_mouth_stretch_36.jpg,0.33563390374183655,0.35052183270454407,0.01488792896270752,7.046736419200897,0.5994244813919067,0.3872579038143158,0.3872579038143158,22.47036799997204,48.67252099995767,real_npy,0,1
911,/mnt/c/Users/Chirayu/Documents/GitHub/2D-to-3D-image-reconstruction/facescape_224/fsmview_trainset_6_18_eye_closed_49.jpg,0.13105952739715576,0.10969185829162598,-0.021367669105529785,7.462469179183245,0.6540725231170654,0.43022623658180237,0.43022623658180237,23.87234399998306,42.36967800000002,real_npy,0,1
912,/mnt/c/Users/Chirayu/Documents/GitHub/2D-to-3D-image-reconstruction/facescape_224/fsmview_trainset_20_15_lip_roll_14.jpg,0.14223730564117432,0.1518779695034027,0.009640663862228394,8.053058609366417,0.6892698407173157,0.4812876880168915,0.4812876880168915,57.86578999993708,46.0417790000065,real_npy,0,1
913,/mnt/c/Users/Chirayu/Documents/GitHub/2D-to-3D-image-reconstruction/facescape_224/fsmview_trainset_3_5_jaw_left_23.jpg,0.04488900676369667,0.0461467020213604,0.0012576952576637268,8.273150094784796,0.6678478121757507,0.4426657259464264,0.4426657259464264,21.653635999996368,23.890053999934935,real_npy,0,1
914,/mnt/c/Users/Chirayu/Documents/GitHub/2D-to-3D-image-reconstruction/facescape_224/fsmview_trainset_20_4_anger_66.jpg,0.25871264934539795,0.2620078921318054,0.0032952427864074707,7.011245761066675,0.6705214381217957,0.4504334330558777,0.4504334330558777,32.755858000086846,22.796869999979208,real_npy,0,1
915,/mnt/c/Users/Chirayu/Documents/GitHub/2D-to-3D-image-reconstruction/facescape_224/fsmview_trainset_14_11_chin_raiser_60.jpg,0.04022596776485443,0.039487648755311966,-0.0007383190095424652,8.725592084228992,0.7501622438430786,0.45520642399787903,0.45520642399787903,22.9130500000565,23.830521000036242,real_npy,0,1
916,/mnt/c/Users/Chirayu/Documents/GitHub/2D-to-3D-image-reconstruction/facescape_224/fsmview_trainset_6_17_cheek_blowing_19.jpg,0.05185501277446747,0.06321926414966583,0.011364251375198364,8.751785481814295,0.7705640196800232,0.3266463279724121,0.3266463279724121,28.676186999973652,69.79672999989361,real_npy,0,1
917,/mnt/c/Users/Chirayu/Documents/GitHub/2D-to-3D-image-reconstruction/facescape_224/fsmview_trainset_17_11_chin_raiser_16.jpg,0.04653635993599892,116.9168472290039,116.87031086906791,201.4862792789936,125.53922271728516,0.31121495366096497,0.31121495366096497,25.11626900002284,49.3948860000728,real_npy,1,1
918,/mnt/c/Users/Chirayu/Documents/GitHub/2D-to-3D-image-reconstruction/facescape_224/fsmview_trainset_12_8_mouth_left_44.jpg,0.043343719094991684,0.04380442202091217,0.00046070292592048645,7.6266635581851006,0.6212540864944458,0.46108847856521606,0.46108847856521606,22.93834300007802,66.63681700001689,real_npy,0,1
919,/mnt/c/Users/Chirayu/Documents/GitHub/2D-to-3D-image-reconstruction/facescape_224/fsmview_trainset_13_1_neutral_18.jpg,0.339359849691391,0.3447597622871399,0.005399912595748901,7.521366324275732,0.656848669052124,0.4166359007358551,0.4166359007358551,22.615805999976146,22.672446999990825,real_npy,0,1
920,/mnt/c/Users/Chirayu/Documents/GitHub/2D-to-3D-image-reconstruction/facescape_224/fsmview_trainset_4_9_mouth_right_19.jpg,0.03902880474925041,0.03886086866259575,-0.00016793608665466309,8.976579082664102,0.7316537499427795,0.2760600447654724,0.2760600447654724,32.80428000005031,25.799828999993224,real_npy,0,1
921,/mnt/c/Users/Chirayu/Documents/GitHub/2D-to-3D-image-reconstruction/facescape_224/fsmview_trainset_19_13_lip_funneler_47.jpg,0.07759307324886322,0.07512178272008896,-0.0024712905287742615,8.31356942281127,0.7224551439285278,0.34393393993377686,0.34393393993377686,26.66472500004602,27.046347999998943,real_npy,0,1
922,/mnt/c/Users/Chirayu/Documents/GitHub/2D-to-3D-image-reconstruction/facescape_224/fsmview_trainset_11_12_lip_puckerer_16.jpg,0.05415336787700653,0.0618651881814003,0.007711820304393768,7.8266098536551,0.6525065898895264,0.4807364344596863,0.4807364344596863,23.049776999982896,24.927255999955378,real_npy,0,1
923,/mnt/c/Users/Chirayu/Documents/GitHub/2D-to-3D-image-reconstruction/facescape_224/fsmview_trainset_11_16_grin_61.jpg,0.5364342331886292,0.5275993347167969,-0.008834898471832275,7.289872091263533,0.656947672367096,0.5014179944992065,0.5014179944992065,23.35133599990513,21.861887000000024,real_npy,0,1
924,/mnt/c/Users/Chirayu/Documents/GitHub/2D-to-3D-image-reconstruction/facescape_224/fsmview_trainset_14_14_sadness_22.jpg,0.04118917137384415,0.04117492213845253,-1.4249235391616821e-05,7.39148486405611,0.6125142574310303,0.3925381600856781,0.3925381600856781,20.875526999930116,59.18013199993766,real_npy,0,1
925,/mnt/c/Users/Chirayu/Documents/GitHub/2D-to-3D-image-reconstruction/facescape_224/fsmview_trainset_13_1_neutral_34.jpg,0.3191714882850647,0.3483036160469055,0.02913212776184082,7.52133712824434,0.7169535756111145,0.4506545066833496,0.4506545066833496,45.14019099997313,30.486935999988418,real_npy,0,1
926,/mnt/c/Users/Chirayu/Documents/GitHub/2D-to-3D-image-reconstruction/facescape_224/fsmview_trainset_2_16_grin_50.jpg,0.43974781036376953,0.4586598873138428,0.018912076950073242,7.2413710448890924,0.6628362536430359,0.47697651386260986,0.47697651386260986,28.882568999961222,24.18470299994624,template_fallback,0,1
927,/mnt/c/Users/Chirayu/Documents/GitHub/2D-to-3D-image-reconstruction/facescape_224/fsmview_trainset_19_12_lip_puckerer_31.jpg,0.040839750319719315,0.042818453162908554,0.0019787028431892395,8.48038313537836,0.6948407292366028,0.28158730268478394,0.28158730268478394,23.731253000050856,23.75243500000579,real_npy,0,1
928,/mnt/c/Users/Chirayu/Documents/GitHub/2D-to-3D-image-reconstruction/facescape_224/fsmview_trainset_4_11_chin_raiser_54.jpg,0.03665502741932869,0.03554651886224747,-0.0011085085570812225,8.186589125543833,0.7014788389205933,0.19850708544254303,0.19850708544254303,29.880979000040497,64.7238889999926,real_npy,0,1
929,/mnt/c/Users/Chirayu/Documents/GitHub/2D-to-3D-image-reconstruction/facescape_224/fsmview_trainset_11_7_jaw_forward_17.jpg,0.06372302025556564,0.07689447700977325,0.013171456754207611,8.02086765319109,0.6942775845527649,0.499267041683197,0.499267041683197,21.019357000000127,60.25587299996005,real_npy,0,1
930,/mnt/c/Users/Chirayu/Documents/GitHub/2D-to-3D-image-reconstruction/facescape_224/fsmview_trainset_16_2_smile_56.jpg,0.028613155707716942,0.032745733857154846,0.004132578149437904,7.934922005981207,0.689361035823822,0.3132737874984741,0.3132737874984741,24.286936999942554,22.626557999956276,real_npy,0,1
931,/mnt/c/Users/Chirayu/Documents/GitHub/2D-to-3D-image-reconstruction/facescape_224/fsmview_trainset_8_2_smile_10.jpg,0.03871559351682663,0.03905752673745155,0.0003419332206249237,8.506919622421265,0.7171216607093811,0.22912117838859558,0.22912117838859558,73.09956800008877,25.865275999990445,real_npy,0,1
932,/mnt/c/Users/Chirayu/Documents/GitHub/2D-to-3D-image-reconstruction/facescape_224/fsmview_trainset_19_8_mouth_left_24.jpg,0.053194355219602585,0.05731320008635521,0.0041188448667526245,9.122519542463124,0.7653153538703918,0.33367303013801575,0.33367303013801575,25.75666600000659,22.301090000041768,real_npy,0,1
933,/mnt/c/Users/Chirayu/Documents/GitHub/2D-to-3D-image-reconstruction/facescape_224/fsmview_trainset_7_11_chin_raiser_41.jpg,0.08247500658035278,0.08495127409696579,0.0024762675166130066,8.02600422501564,0.6791375875473022,0.5020990967750549,0.5020990967750549,52.50460699994619,74.40820399995118,real_npy,0,1
934,/mnt/c/Users/Chirayu/Documents/GitHub/2D-to-3D-image-reconstruction/facescape_224/fsmview_trainset_10_4_anger_8.jpg,0.03595958650112152,0.034543778747320175,-0.0014158077538013458,7.693865917623043,0.6588975191116333,0.2287251502275467,0.2287251502275467,24.50777299998208,20.836115999941285,real_npy,0,1
935,/mnt/c/Users/Chirayu/Documents/GitHub/2D-to-3D-image-reconstruction/facescape_224/fsmview_trainset_4_16_grin_23.jpg,0.040617574006319046,0.03926685079932213,-0.0013507232069969177,8.60402355529368,0.6961895227432251,0.2976384162902832,0.2976384162902832,32.05596999998761,22.364847000062582,real_npy,0,1
936,/mnt/c/Users/Chirayu/Documents/GitHub/2D-to-3D-image-reconstruction/facescape_224/fsmview_trainset_17_10_dimpler_34.jpg,0.04382931441068649,0.050483886152505875,0.006654571741819382,8.101930275559425,0.6709200143814087,0.42465516924858093,0.42465516924858093,25.999080000019603,21.597391000000243,real_npy,0,1
937,/mnt/c/Users/Chirayu/Documents/GitHub/2D-to-3D-image-reconstruction/facescape_224/fsmview_trainset_13_15_lip_roll_32.jpg,0.14534737169742584,0.5970260500907898,0.45167867839336395,16.43357553333044,1.4969701766967773,0.518656313419342,0.518656313419342,91.6923869999664,38.99984899999254,real_npy,0,1
938,/mnt/c/Users/Chirayu/Documents/GitHub/2D-to-3D-image-reconstruction/facescape_224/fsmview_trainset_20_15_lip_roll_29.jpg,0.07606793195009232,0.08847115933895111,0.012403227388858795,8.125318706035614,0.6857113838195801,0.3258541226387024,0.3258541226387024,20.942515999990974,20.240324999917902,real_npy,0,1
939,/mnt/c/Users/Chirayu/Documents/GitHub/2D-to-3D-image-reconstruction/facescape_224/fsmview_trainset_20_1_neutral_47.jpg,0.07365234941244125,0.07098513096570969,-0.0026672184467315674,7.511569082736969,0.7025355696678162,0.4931551218032837,0.4931551218032837,22.8252550000434,22.163941000030718,real_npy,0,1
940,/mnt/c/Users/Chirayu/Documents/GitHub/2D-to-3D-image-reconstruction/facescape_224/fsmview_trainset_7_6_jaw_right_22.jpg,0.037784017622470856,61.41330337524414,61.37551935762167,152.17830547690392,63.87818145751953,0.37488237023353577,0.37488237023353577,24.15211499999259,18.576585999994677,real_npy,1,1
941,/mnt/c/Users/Chirayu/Documents/GitHub/2D-to-3D-image-reconstruction/facescape_224/fsmview_trainset_17_7_jaw_forward_6.jpg,0.055284835398197174,9.660929679870605,9.605644844472408,65.08429927378893,10.183390617370605,0.32014110684394836,0.32014110684394836,23.559409000085907,20.917696999958935,real_npy,1,1
942,/mnt/c/Users/Chirayu/Documents/GitHub/2D-to-3D-image-reconstruction/facescape_224/fsmview_trainset_20_13_lip_funneler_52.jpg,0.5358802080154419,0.5436009764671326,0.007720768451690674,7.461617544293404,0.6748005151748657,0.5010544061660767,0.5010544061660767,33.89329399999497,30.345719000024474,real_npy,0,1
943,/mnt/c/Users/Chirayu/Documents/GitHub/2D-to-3D-image-reconstruction/facescape_224/fsmview_trainset_3_6_jaw_right_1.jpg,0.07154102623462677,0.07495491206645966,0.0034138858318328857,8.371934987604618,0.7595378756523132,0.41301271319389343,0.41301271319389343,24.145432999944205,21.744431000001896,real_npy,0,1
944,/mnt/c/Users/Chirayu/Documents/GitHub/2D-to-3D-image-reconstruction/facescape_224/fsmview_trainset_13_4_anger_40.jpg,0.052728377282619476,0.05173555016517639,-0.0009928271174430847,7.480822462588549,0.6133760809898376,0.42209988832473755,0.42209988832473755,24.394762000042647,22.234110999988843,real_npy,0,1
945,/mnt/c/Users/Chirayu/Documents/GitHub/2D-to-3D-image-reconstruction/facescape_224/fsmview_trainset_6_16_grin_39.jpg,0.07065422832965851,0.07135020941495895,0.0006959810853004456,8.252164758741856,0.7463549971580505,0.3176040053367615,0.3176040053367615,47.283577000030164,23.41852300003211,real_npy,0,1
946,/mnt/c/Users/Chirayu/Documents/GitHub/2D-to-3D-image-reconstruction/facescape_224/fsmview_trainset_17_9_mouth_right_25.jpg,0.033878035843372345,63.80734634399414,63.77346830815077,154.54708474874496,66.08715057373047,0.29532742500305176,0.29532742500305176,25.039919999926497,25.303075000010722,real_npy,1,1
947,/mnt/c/Users/Chirayu/Documents/GitHub/2D-to-3D-image-reconstruction/facescape_224/fsmview_trainset_10_18_eye_closed_25.jpg,0.05928099900484085,0.059417206794023514,0.00013620778918266296,7.948995031416416,0.7380917072296143,0.4271896779537201,0.4271896779537201,55.72332899998855,22.4582079999891,real_npy,0,1
948,/mnt/c/Users/Chirayu/Documents/GitHub/2D-to-3D-image-reconstruction/facescape_224/fsmview_trainset_20_8_mouth_left_27.jpg,0.031859152019023895,0.03150507062673569,-0.000354081392288208,7.898959502577782,0.6656550168991089,0.48383647203445435,0.48383647203445435,27.98488400003407,24.524444999997286,real_npy,0,1
949,/mnt/c/Users/Chirayu/Documents/GitHub/2D-to-3D-image-reconstruction/facescape_224/fsmview_trainset_12_4_anger_23.jpg,0.13677629828453064,1.817026138305664,1.6802498400211334,30.56775888800621,2.995732069015503,0.6197326183319092,0.6197326183319092,24.053678999962358,27.417995000064366,real_npy,0,1
950,/mnt/c/Users/Chirayu/Documents/GitHub/2D-to-3D-image-reconstruction/facescape_224/fsmview_trainset_20_12_lip_puckerer_18.jpg,0.05465492606163025,0.051452308893203735,-0.0032026171684265137,7.907431207597256,0.6333244442939758,0.4915401339530945,0.4915401339530945,27.99189299992122,25.602227000035782,real_npy,0,1
951,/mnt/c/Users/Chirayu/Documents/GitHub/2D-to-3D-image-reconstruction/facescape_224/fsmview_trainset_6_9_mouth_right_17.jpg,0.03897266834974289,0.04038706794381142,0.0014143995940685272,7.759469632059336,0.6753838062286377,0.28097596764564514,0.28097596764564514,20.888431999992463,20.21466999997301,real_npy,0,1
952,/mnt/c/Users/Chirayu/Documents/GitHub/2D-to-3D-image-reconstruction/facescape_224/fsmview_trainset_20_9_mouth_right_65.jpg,0.06578937917947769,0.06551641970872879,-0.00027295947074890137,8.88040186651051,0.8415550589561462,0.43904176354408264,0.43904176354408264,23.041264000084993,21.589940000012575,real_npy,0,1
953,/mnt/c/Users/Chirayu/Documents/GitHub/2D-to-3D-image-reconstruction/facescape_224/fsmview_trainset_16_5_jaw_left_33.jpg,0.035290904343128204,0.03593071177601814,0.0006398074328899384,8.138588896021247,0.6773237586021423,0.3744714856147766,0.3744714856147766,73.77605200008475,23.18152899999859,real_npy,0,1
954,/mnt/c/Users/Chirayu/Documents/GitHub/2D-to-3D-image-reconstruction/facescape_224/fsmview_trainset_14_14_sadness_59.jpg,0.04145759716629982,0.041496165096759796,3.8567930459976196e-05,7.524576365947723,0.6282787919044495,0.36656105518341064,0.36656105518341064,58.169209000084265,26.435834000039904,real_npy,0,1
955,/mnt/c/Users/Chirayu/Documents/GitHub/2D-to-3D-image-reconstruction/facescape_224/fsmview_trainset_12_14_sadness_36.jpg,0.05428482964634895,0.05578342452645302,0.001498594880104065,8.626857731491327,0.7348041534423828,0.3749639093875885,0.3749639093875885,61.05031599997801,23.422353999990264,real_npy,0,1
956,/mnt/c/Users/Chirayu/Documents/GitHub/2D-to-3D-image-reconstruction/facescape_224/fsmview_trainset_4_14_sadness_27.jpg,0.08216676861047745,0.08227257430553436,0.00010580569505691528,8.139764204621315,0.728377103805542,0.37607255578041077,0.37607255578041077,23.78617200008648,20.47037799991358,real_npy,0,1
957,/mnt/c/Users/Chirayu/Documents/GitHub/2D-to-3D-image-reconstruction/facescape_224/fsmview_trainset_13_19_brow_raiser_39.jpg,0.06946975737810135,0.06295501440763474,-0.006514742970466614,8.895932666957378,0.7255883812904358,0.4763682782649994,0.4763682782649994,31.739916999981688,32.16709000002993,real_npy,0,1
958,/mnt/c/Users/Chirayu/Documents/GitHub/2D-to-3D-image-reconstruction/facescape_224/fsmview_trainset_1_15_lip_roll_16.jpg,0.04199972748756409,0.913519561290741,0.8715198338031769,19.62988391891122,1.869868516921997,0.2827872633934021,0.2827872633934021,25.138474000073074,26.816720000056193,real_npy,0,1
959,/mnt/c/Users/Chirayu/Documents/GitHub/2D-to-3D-image-reconstruction/facescape_224/fsmview_trainset_18_8_mouth_left_10.jpg,0.03365360200405121,0.03474147245287895,0.0010878704488277435,8.462044954299927,0.6858975887298584,0.3456035852432251,0.3456035852432251,27.248808999956964,21.551624000039737,real_npy,0,1
960,/mnt/c/Users/Chirayu/Documents/GitHub/2D-to-3D-image-reconstruction/facescape_224/fsmview_trainset_4_2_smile_40.jpg,0.16606268286705017,0.1559700071811676,-0.010092675685882568,7.0855905413627625,0.6826817989349365,0.5209238529205322,0.5209238529205322,24.976997999942796,52.05926400003591,real_npy,0,1
961,/mnt/c/Users/Chirayu/Documents/GitHub/2D-to-3D-image-reconstruction/facescape_224/fsmview_trainset_17_4_anger_5.jpg,0.05545904487371445,0.05731743201613426,0.001858387142419815,8.752500215545297,0.7019720673561096,0.37974813580513,0.37974813580513,35.11330500009535,21.739063000040915,real_npy,0,1
962,/mnt/c/Users/Chirayu/Documents/GitHub/2D-to-3D-image-reconstruction/facescape_224/fsmview_trainset_14_8_mouth_left_49.jpg,0.08674174547195435,0.09415534138679504,0.007413595914840698,8.606722921133041,0.7557461857795715,0.5533139109611511,0.5533139109611511,64.0867460000436,23.362593000001652,real_npy,0,1
963,/mnt/c/Users/Chirayu/Documents/GitHub/2D-to-3D-image-reconstruction/facescape_224/fsmview_trainset_18_14_sadness_22.jpg,0.05633587762713432,0.0570593997836113,0.0007235221564769745,8.969406448304653,0.7342046499252319,0.44459086656570435,0.44459086656570435,35.618050999914885,23.487592000037694,real_npy,0,1
964,/mnt/c/Users/Chirayu/Documents/GitHub/2D-to-3D-image-reconstruction/facescape_224/fsmview_trainset_5_14_sadness_59.jpg,0.5959882736206055,0.6309325098991394,0.034944236278533936,7.381650552153587,0.6742712259292603,0.4088655114173889,0.4088655114173889,24.1653729999598,30.863382000006823,real_npy,0,1
965,/mnt/c/Users/Chirayu/Documents/GitHub/2D-to-3D-image-reconstruction/facescape_224/fsmview_trainset_6_13_lip_funneler_12.jpg,0.22084496915340424,0.2362213432788849,0.015376374125480652,7.331238143146038,0.6975387334823608,0.24556733667850494,0.24556733667850494,31.07097099996281,64.95045099995878,real_npy,0,1
966,/mnt/c/Users/Chirayu/Documents/GitHub/2D-to-3D-image-reconstruction/facescape_224/fsmview_trainset_20_12_lip_puckerer_21.jpg,0.2486618310213089,0.269361287355423,0.020699456334114075,7.665982164442539,0.6437716484069824,0.34944015741348267,0.34944015741348267,36.951049999970564,25.638942999989922,real_npy,0,1
967,/mnt/c/Users/Chirayu/Documents/GitHub/2D-to-3D-image-reconstruction/facescape_224/fsmview_trainset_9_17_cheek_blowing_32.jpg,0.04733385145664215,0.05183890834450722,0.0045050568878650665,7.2151219472289085,0.6146603226661682,0.3055931329727173,0.3055931329727173,27.354630999980145,22.815891000050215,real_npy,0,1
968,/mnt/c/Users/Chirayu/Documents/GitHub/2D-to-3D-image-reconstruction/facescape_224/fsmview_trainset_13_9_mouth_right_5.jpg,0.05993632599711418,0.2731659412384033,0.21322961524128914,10.923626862466335,1.0138609409332275,0.4544704556465149,0.4544704556465149,28.20107200000166,28.495195999994394,real_npy,0,1
969,/mnt/c/Users/Chirayu/Documents/GitHub/2D-to-3D-image-reconstruction/facescape_224/fsmview_trainset_16_10_dimpler_19.jpg,0.05256635323166847,0.05800195038318634,0.005435597151517868,9.239898198284209,0.7645407915115356,0.3871486186981201,0.3871486186981201,25.437268000018776,24.008850000086568,real_npy,0,1
970,/mnt/c/Users/Chirayu/Documents/GitHub/2D-to-3D-image-reconstruction/facescape_224/fsmview_trainset_15_15_lip_roll_23.jpg,0.031209489330649376,0.030896369367837906,-0.00031311996281147003,7.076999928802252,0.5704861283302307,0.5456572771072388,0.5456572771072388,26.127129999963472,23.981172999924638,real_npy,0,1
971,/mnt/c/Users/Chirayu/Documents/GitHub/2D-to-3D-image-reconstruction/facescape_224/fsmview_trainset_2_20_brow_lower_25.jpg,0.03248472139239311,0.034531448036432266,0.002046726644039154,8.073428615927696,0.6716676354408264,0.3580128252506256,0.3580128252506256,29.41278500009048,83.33841299997857,real_npy,0,1
972,/mnt/c/Users/Chirayu/Documents/GitHub/2D-to-3D-image-reconstruction/facescape_224/fsmview_trainset_19_7_jaw_forward_34.jpg,0.045703236013650894,0.045770611613988876,6.737560033798218e-05,8.74844453111291,0.7545837163925171,0.3227134644985199,0.3227134644985199,44.40931500005263,21.885390999955234,real_npy,0,1
973,/mnt/c/Users/Chirayu/Documents/GitHub/2D-to-3D-image-reconstruction/facescape_224/fsmview_trainset_18_8_mouth_left_1.jpg,0.030115345492959023,383.8233642578125,383.79324891231954,368.24973821640015,430.7944030761719,0.34701526165008545,0.34701526165008545,57.19359900001564,55.84121699996558,real_npy,1,1
974,/mnt/c/Users/Chirayu/Documents/GitHub/2D-to-3D-image-reconstruction/facescape_224/fsmview_trainset_12_4_anger_18.jpg,0.05207565426826477,0.05313243716955185,0.0010567829012870789,8.821197669953108,0.7247955799102783,0.5159387588500977,0.5159387588500977,24.07765600003131,24.083541999971203,real_npy,0,1
975,/mnt/c/Users/Chirayu/Documents/GitHub/2D-to-3D-image-reconstruction/facescape_224/fsmview_trainset_13_9_mouth_right_25.jpg,0.043130967766046524,0.053110409528017044,0.00997944176197052,9.033218991942704,0.7370760440826416,0.41617411375045776,0.41617411375045776,57.49833499999113,21.796494000000166,real_npy,0,1
976,/mnt/c/Users/Chirayu/Documents/GitHub/2D-to-3D-image-reconstruction/facescape_224/fsmview_trainset_20_11_chin_raiser_44.jpg,0.16880498826503754,0.18315036594867706,0.014345377683639526,9.116963811218739,0.7262035608291626,0.3246297836303711,0.3246297836303711,35.43244900004083,26.22211300001709,real_npy,0,1
977,/mnt/c/Users/Chirayu/Documents/GitHub/2D-to-3D-image-reconstruction/facescape_224/fsmview_trainset_7_3_mouth_stretch_19.jpg,0.04511423408985138,0.045121192932128906,6.9588422775268555e-06,7.954632305540144,0.7513521909713745,0.36540013551712036,0.36540013551712036,25.43392400002631,27.816042000040397,real_npy,0,1
978,/mnt/c/Users/Chirayu/Documents/GitHub/2D-to-3D-image-reconstruction/facescape_224/fsmview_trainset_10_9_mouth_right_6.jpg,0.03876371309161186,0.04143042117357254,0.002666708081960678,7.80396475084126,0.6742362976074219,0.26284080743789673,0.26284080743789673,83.46796500006803,69.5533709999836,real_npy,0,1
979,/mnt/c/Users/Chirayu/Documents/GitHub/2D-to-3D-image-reconstruction/facescape_224/fsmview_trainset_3_17_cheek_blowing_2.jpg,0.0848301500082016,0.0831066444516182,-0.0017235055565834045,8.846692115068436,0.7612141370773315,0.4395935535430908,0.4395935535430908,27.238677000013922,43.791286999976364,real_npy,0,1
980,/mnt/c/Users/Chirayu/Documents/GitHub/2D-to-3D-image-reconstruction/facescape_224/fsmview_trainset_19_16_grin_39.jpg,0.5446606278419495,0.4792892336845398,-0.06537139415740967,7.436604809015989,0.7082537412643433,0.3796253204345703,0.3796253204345703,30.877461999921252,29.355278000025464,real_npy,0,1
981,/mnt/c/Users/Chirayu/Documents/GitHub/2D-to-3D-image-reconstruction/facescape_224/fsmview_trainset_11_13_lip_funneler_3.jpg,0.49695688486099243,0.543569803237915,0.04661291837692261,8.467140664812177,0.7383361458778381,0.6385740041732788,0.6385740041732788,40.87218600000142,74.57870299992919,real_npy,0,1
982,/mnt/c/Users/Chirayu/Documents/GitHub/2D-to-3D-image-reconstruction/facescape_224/fsmview_trainset_12_8_mouth_left_43.jpg,0.04388657584786415,0.04813185706734657,0.004245281219482422,7.915863435715437,0.6417427062988281,0.32739436626434326,0.32739436626434326,26.183550000041578,62.237094000010984,real_npy,0,1
983,/mnt/c/Users/Chirayu/Documents/GitHub/2D-to-3D-image-reconstruction/facescape_224/fsmview_trainset_14_12_lip_puckerer_35.jpg,0.04319874569773674,0.04546768590807915,0.0022689402103424072,8.776478312909603,0.7409108281135559,0.5515480637550354,0.5515480637550354,22.50736799999231,62.39807200006453,real_npy,0,1
984,/mnt/c/Users/Chirayu/Documents/GitHub/2D-to-3D-image-reconstruction/facescape_224/fsmview_trainset_17_1_neutral_57.jpg,0.0790008082985878,0.08276022970676422,0.003759421408176422,8.610206793993711,0.7220746278762817,0.36412185430526733,0.36412185430526733,34.45920699994076,20.591079000041645,real_npy,0,1
985,/mnt/c/Users/Chirayu/Documents/GitHub/2D-to-3D-image-reconstruction/facescape_224/fsmview_trainset_15_3_mouth_stretch_65.jpg,0.052545953541994095,0.05182570219039917,-0.0007202513515949249,8.721478309482336,0.8267682790756226,0.47750476002693176,0.47750476002693176,22.46555300007458,22.38935599996239,real_npy,0,1
986,/mnt/c/Users/Chirayu/Documents/GitHub/2D-to-3D-image-reconstruction/facescape_224/fsmview_trainset_16_20_brow_lower_33.jpg,0.036222830414772034,0.03654847294092178,0.00032564252614974976,8.273797303438187,0.6759408116340637,0.37575897574424744,0.37575897574424744,33.54465999996137,23.34569900006045,real_npy,0,1
987,/mnt/c/Users/Chirayu/Documents/GitHub/2D-to-3D-image-reconstruction/facescape_224/fsmview_trainset_1_3_mouth_stretch_55.jpg,0.05647091940045357,0.6549509763717651,0.5984800569713116,17.645213382318616,1.7057582139968872,0.27875593304634094,0.27875593304634094,20.68043999997826,22.289346999968984,real_npy,0,1
988,/mnt/c/Users/Chirayu/Documents/GitHub/2D-to-3D-image-reconstruction/facescape_224/fsmview_trainset_8_1_neutral_16.jpg,0.03383025899529457,0.03420189768075943,0.000371638685464859,8.046198893338442,0.6757313013076782,0.2440134584903717,0.2440134584903717,28.344351999976425,25.326410000047872,real_npy,0,1
989,/mnt/c/Users/Chirayu/Documents/GitHub/2D-to-3D-image-reconstruction/facescape_224/fsmview_trainset_9_6_jaw_right_17.jpg,0.04390794783830643,0.04455852881073952,0.0006505809724330902,8.467338043265045,0.7077582478523254,0.38517698645591736,0.38517698645591736,20.951244999992014,21.961773999919387,real_npy,0,1
990,/mnt/c/Users/Chirayu/Documents/GitHub/2D-to-3D-image-reconstruction/facescape_224/fsmview_trainset_18_2_smile_38.jpg,0.14921754598617554,0.14280180633068085,-0.00641573965549469,8.70751816034317,0.8552095890045166,0.5406137108802795,0.5406137108802795,21.658781999917665,21.784133999972255,real_npy,0,1
991,/mnt/c/Users/Chirayu/Documents/GitHub/2D-to-3D-image-reconstruction/facescape_224/fsmview_trainset_5_11_chin_raiser_49.jpg,0.10032599419355392,0.09322088211774826,-0.007105112075805664,7.853415064513683,0.6544874906539917,0.44015979766845703,0.44015979766845703,22.01059400010763,61.36895400004505,real_npy,0,1
992,/mnt/c/Users/Chirayu/Documents/GitHub/2D-to-3D-image-reconstruction/facescape_224/fsmview_trainset_8_19_brow_raiser_46.jpg,0.052212707698345184,0.05681044980883598,0.004597742110490799,7.9701684564352036,0.6966549158096313,0.32639431953430176,0.32639431953430176,21.56432100002803,22.69941099996231,real_npy,0,1
993,/mnt/c/Users/Chirayu/Documents/GitHub/2D-to-3D-image-reconstruction/facescape_224/fsmview_trainset_11_18_eye_closed_67.jpg,0.0632617175579071,0.07159607112407684,0.008334353566169739,9.217075753491372,0.7475168704986572,0.4969986379146576,0.4969986379146576,23.15290899991851,37.95707000006132,real_npy,0,1
994,/mnt/c/Users/Chirayu/Documents/GitHub/2D-to-3D-image-reconstruction/facescape_224/fsmview_trainset_8_9_mouth_right_16.jpg,0.03855346515774727,0.03930805251002312,0.0007545873522758484,7.884382240474224,0.6684622764587402,0.23826871812343597,0.23826871812343597,25.21335399990221,26.7730619999611,real_npy,0,1
995,/mnt/c/Users/Chirayu/Documents/GitHub/2D-to-3D-image-reconstruction/facescape_224/fsmview_trainset_10_14_sadness_52.jpg,0.3707329332828522,0.37441495060920715,0.0036820173263549805,6.893074702471495,0.660386323928833,0.3911406099796295,0.3911406099796295,24.20821700002307,25.44134499999018,real_npy,0,1
996,/mnt/c/Users/Chirayu/Documents/GitHub/2D-to-3D-image-reconstruction/facescape_224/fsmview_trainset_18_15_lip_roll_33.jpg,0.04513908922672272,0.0422201007604599,-0.0029189884662628174,8.53029428049922,0.7098743319511414,0.43040308356285095,0.43040308356285095,29.551273000038236,22.898560999919937,real_npy,0,1
997,/mnt/c/Users/Chirayu/Documents/GitHub/2D-to-3D-image-reconstruction/facescape_224/fsmview_trainset_9_3_mouth_stretch_6.jpg,0.044458698481321335,0.046126339584589005,0.0016676411032676697,7.713621646165848,0.7026788592338562,0.2605609893798828,0.2605609893798828,37.27797300007296,56.309386999942035,real_npy,0,1
998,/mnt/c/Users/Chirayu/Documents/GitHub/2D-to-3D-image-reconstruction/facescape_224/fsmview_trainset_10_3_mouth_stretch_13.jpg,0.13291555643081665,0.12788356840610504,-0.005031988024711609,7.227812185883522,0.6854863166809082,0.46673256158828735,0.46673256158828735,20.969942999954583,20.51132199994754,real_npy,0,1
999,/mnt/c/Users/Chirayu/Documents/GitHub/2D-to-3D-image-reconstruction/facescape_224/fsmview_trainset_18_8_mouth_left_13.jpg,0.22121582925319672,0.21747435629367828,-0.0037414729595184326,7.559445295482874,0.6159799098968506,0.5979489684104919,0.5979489684104919,47.55927599990173,20.941784000001462,real_npy,0,1
