idx,image_path,baseline_lmk_err,finetuned_lmk_err,lmk_err_delta_ft_minus_base,finetuned_cam_score,finetuned_lmk_abs_max
667,/mnt/c/Users/Chirayu/Documents/GitHub/2D-to-3D-image-reconstruction/facescape_224/fsmview_trainset_15_15_lip_roll_25.jpg,0.02745918743312359,0.027284177020192146,-0.00017501041293144226,7.18692746385932,0.5919280052185059
703,/mnt/c/Users/Chirayu/Documents/GitHub/2D-to-3D-image-reconstruction/facescape_224/fsmview_trainset_18_14_sadness_1.jpg,0.02839452214539051,0.02877962216734886,0.00038510002195835114,8.161030869930983,0.6659265756607056
543,/mnt/c/Users/Chirayu/Documents/GitHub/2D-to-3D-image-reconstruction/facescape_224/fsmview_trainset_20_4_anger_23.jpg,0.02977563440799713,0.028841223567724228,-0.0009344108402729034,7.5704878605902195,0.6115661859512329
32,/mnt/c/Users/Chirayu/Documents/GitHub/2D-to-3D-image-reconstruction/facescape_224/fsmview_trainset_4_17_cheek_blowing_43.jpg,0.028805723413825035,0.02919911965727806,0.0003933962434530258,7.661330696195364,0.6362693905830383
626,/mnt/c/Users/Chirayu/Documents/GitHub/2D-to-3D-image-reconstruction/facescape_224/fsmview_trainset_16_3_mouth_stretch_10.jpg,0.02886672504246235,0.02994517795741558,0.0010784529149532318,7.289618223905563,0.647784411907196
633,/mnt/c/Users/Chirayu/Documents/GitHub/2D-to-3D-image-reconstruction/facescape_224/fsmview_trainset_7_9_mouth_right_10.jpg,0.03079879656434059,0.030604513362050056,-0.00019428320229053497,7.754762638360262,0.6523019671440125
970,/mnt/c/Users/Chirayu/Documents/GitHub/2D-to-3D-image-reconstruction/facescape_224/fsmview_trainset_15_15_lip_roll_23.jpg,0.031209489330649376,0.030896369367837906,-0.00031311996281147003,7.076999928802252,0.5704861283302307
117,/mnt/c/Users/Chirayu/Documents/GitHub/2D-to-3D-image-reconstruction/facescape_224/fsmview_trainset_8_14_sadness_24.jpg,0.03172755241394043,0.031264591962099075,-0.00046296045184135437,7.788742683827877,0.6583616137504578
500,/mnt/c/Users/Chirayu/Documents/GitHub/2D-to-3D-image-reconstruction/facescape_224/fsmview_trainset_16_6_jaw_right_10.jpg,0.031139150261878967,0.031288813799619675,0.0001496635377407074,7.894743502140045,0.6584757566452026
895,/mnt/c/Users/Chirayu/Documents/GitHub/2D-to-3D-image-reconstruction/facescape_224/fsmview_trainset_20_10_dimpler_31.jpg,0.033999163657426834,0.03132956475019455,-0.0026695989072322845,7.773646414279938,0.6577584743499756
222,/mnt/c/Users/Chirayu/Documents/GitHub/2D-to-3D-image-reconstruction/facescape_224/fsmview_trainset_1_9_mouth_right_43.jpg,0.03371782228350639,0.031407397240400314,-0.002310425043106079,7.779127601534128,0.6673770546913147
948,/mnt/c/Users/Chirayu/Documents/GitHub/2D-to-3D-image-reconstruction/facescape_224/fsmview_trainset_20_8_mouth_left_27.jpg,0.031859152019023895,0.03150507062673569,-0.000354081392288208,7.898959502577782,0.6656550168991089
322,/mnt/c/Users/Chirayu/Documents/GitHub/2D-to-3D-image-reconstruction/facescape_224/fsmview_trainset_18_14_sadness_43.jpg,0.033396970480680466,0.03166754171252251,-0.001729428768157959,7.88280463591218,0.6561200022697449
176,/mnt/c/Users/Chirayu/Documents/GitHub/2D-to-3D-image-reconstruction/facescape_224/fsmview_trainset_14_7_jaw_forward_22.jpg,0.03372666612267494,0.032469455152750015,-0.0012572109699249268,6.979590907692909,0.6262516975402832
930,/mnt/c/Users/Chirayu/Documents/GitHub/2D-to-3D-image-reconstruction/facescape_224/fsmview_trainset_16_2_smile_56.jpg,0.028613155707716942,0.032745733857154846,0.004132578149437904,7.934922005981207,0.689361035823822
42,/mnt/c/Users/Chirayu/Documents/GitHub/2D-to-3D-image-reconstruction/facescape_224/fsmview_trainset_14_16_grin_63.jpg,0.0362587533891201,0.032856523990631104,-0.0034022293984889984,7.8351124450564384,0.7006955146789551
226,/mnt/c/Users/Chirayu/Documents/GitHub/2D-to-3D-image-reconstruction/facescape_224/fsmview_trainset_18_5_jaw_left_10.jpg,0.030529698356986046,0.03308524563908577,0.002555547282099724,8.068954516202211,0.6843599677085876
23,/mnt/c/Users/Chirayu/Documents/GitHub/2D-to-3D-image-reconstruction/facescape_224/fsmview_trainset_20_7_jaw_forward_31.jpg,0.038401372730731964,0.033131878823041916,-0.005269493907690048,7.910228908061981,0.6561774015426636
446,/mnt/c/Users/Chirayu/Documents/GitHub/2D-to-3D-image-reconstruction/facescape_224/fsmview_trainset_14_6_jaw_right_24.jpg,0.03454321622848511,0.03318505361676216,-0.0013581626117229462,7.193844851106405,0.6142542362213135
339,/mnt/c/Users/Chirayu/Documents/GitHub/2D-to-3D-image-reconstruction/facescape_224/fsmview_trainset_16_10_dimpler_43.jpg,0.03371249884366989,0.033358193933963776,-0.0003543049097061157,7.703547280281782,0.6464401483535767
617,/mnt/c/Users/Chirayu/Documents/GitHub/2D-to-3D-image-reconstruction/facescape_224/fsmview_trainset_1_2_smile_10.jpg,0.032527633011341095,0.033505890518426895,0.0009782575070858002,8.460645001381636,0.7504556179046631
400,/mnt/c/Users/Chirayu/Documents/GitHub/2D-to-3D-image-reconstruction/facescape_224/fsmview_trainset_13_3_mouth_stretch_40.jpg,0.033975694328546524,0.033813826739788055,-0.00016186758875846863,7.282617777585983,0.6675562858581543
715,/mnt/c/Users/Chirayu/Documents/GitHub/2D-to-3D-image-reconstruction/facescape_224/fsmview_trainset_14_4_anger_41.jpg,0.031303443014621735,0.03388874605298042,0.0025853030383586884,7.8658004850149155,0.6574581861495972
293,/mnt/c/Users/Chirayu/Documents/GitHub/2D-to-3D-image-reconstruction/facescape_224/fsmview_trainset_14_9_mouth_right_64.jpg,0.0361253023147583,0.03399866446852684,-0.0021266378462314606,7.83256571739912,0.6911938190460205
53,/mnt/c/Users/Chirayu/Documents/GitHub/2D-to-3D-image-reconstruction/facescape_224/fsmview_trainset_3_3_mouth_stretch_21.jpg,0.03201654925942421,0.03407832235097885,0.0020617730915546417,7.936025787144899,0.7222594022750854
988,/mnt/c/Users/Chirayu/Documents/GitHub/2D-to-3D-image-reconstruction/facescape_224/fsmview_trainset_8_1_neutral_16.jpg,0.03383025899529457,0.03420189768075943,0.000371638685464859,8.046198893338442,0.6757313013076782
665,/mnt/c/Users/Chirayu/Documents/GitHub/2D-to-3D-image-reconstruction/facescape_224/fsmview_trainset_20_1_neutral_21.jpg,0.034200917929410934,0.0342102088034153,9.290874004364014e-06,7.799976132810116,0.6368622183799744
477,/mnt/c/Users/Chirayu/Documents/GitHub/2D-to-3D-image-reconstruction/facescape_224/fsmview_trainset_3_19_brow_raiser_28.jpg,0.03601521626114845,0.0344717837870121,-0.0015434324741363525,7.72846195101738,0.6526148319244385
532,/mnt/c/Users/Chirayu/Documents/GitHub/2D-to-3D-image-reconstruction/facescape_224/fsmview_trainset_18_20_brow_lower_24.jpg,0.034994181245565414,0.03450983390212059,-0.0004843473434448242,8.333151588216424,0.7104248404502869
971,/mnt/c/Users/Chirayu/Documents/GitHub/2D-to-3D-image-reconstruction/facescape_224/fsmview_trainset_2_20_brow_lower_25.jpg,0.03248472139239311,0.034531448036432266,0.002046726644039154,8.073428615927696,0.6716676354408264
934,/mnt/c/Users/Chirayu/Documents/GitHub/2D-to-3D-image-reconstruction/facescape_224/fsmview_trainset_10_4_anger_8.jpg,0.03595958650112152,0.034543778747320175,-0.0014158077538013458,7.693865917623043,0.6588975191116333
475,/mnt/c/Users/Chirayu/Documents/GitHub/2D-to-3D-image-reconstruction/facescape_224/fsmview_trainset_3_2_smile_26.jpg,0.034441884607076645,0.03460152447223663,0.0001596398651599884,8.00645225867629,0.6687899827957153
526,/mnt/c/Users/Chirayu/Documents/GitHub/2D-to-3D-image-reconstruction/facescape_224/fsmview_trainset_7_5_jaw_left_18.jpg,0.03513183817267418,0.03472878783941269,-0.00040305033326148987,8.182564057409763,0.667589008808136
959,/mnt/c/Users/Chirayu/Documents/GitHub/2D-to-3D-image-reconstruction/facescape_224/fsmview_trainset_18_8_mouth_left_10.jpg,0.03365360200405121,0.03474147245287895,0.0010878704488277435,8.462044954299927,0.6858975887298584
290,/mnt/c/Users/Chirayu/Documents/GitHub/2D-to-3D-image-reconstruction/facescape_224/fsmview_trainset_3_20_brow_lower_19.jpg,0.03450637310743332,0.034822385758161545,0.0003160126507282257,8.123617317527533,0.6917154788970947
469,/mnt/c/Users/Chirayu/Documents/GitHub/2D-to-3D-image-reconstruction/facescape_224/fsmview_trainset_15_6_jaw_right_22.jpg,0.034639883786439896,0.03499787300825119,0.00035798922181129456,7.152894098311663,0.5949372053146362
600,/mnt/c/Users/Chirayu/Documents/GitHub/2D-to-3D-image-reconstruction/facescape_224/fsmview_trainset_3_2_smile_25.jpg,0.03501143679022789,0.03503962978720665,2.8192996978759766e-05,7.813126556575298,0.6679683327674866
51,/mnt/c/Users/Chirayu/Documents/GitHub/2D-to-3D-image-reconstruction/facescape_224/fsmview_trainset_18_18_eye_closed_42.jpg,0.034867238253355026,0.035122111439704895,0.0002548731863498688,7.927923992276192,0.6513910293579102
250,/mnt/c/Users/Chirayu/Documents/GitHub/2D-to-3D-image-reconstruction/facescape_224/fsmview_trainset_5_13_lip_funneler_20.jpg,0.034146394580602646,0.03530581668019295,0.0011594220995903015,7.611175712198019,0.6306703686714172
688,/mnt/c/Users/Chirayu/Documents/GitHub/2D-to-3D-image-reconstruction/facescape_224/fsmview_trainset_8_11_chin_raiser_43.jpg,0.03155052661895752,0.03537033498287201,0.0038198083639144897,7.709883697330952,0.6461306214332581
928,/mnt/c/Users/Chirayu/Documents/GitHub/2D-to-3D-image-reconstruction/facescape_224/fsmview_trainset_4_11_chin_raiser_54.jpg,0.03665502741932869,0.03554651886224747,-0.0011085085570812225,8.186589125543833,0.7014788389205933
953,/mnt/c/Users/Chirayu/Documents/GitHub/2D-to-3D-image-reconstruction/facescape_224/fsmview_trainset_16_5_jaw_left_33.jpg,0.035290904343128204,0.03593071177601814,0.0006398074328899384,8.138588896021247,0.6773237586021423
757,/mnt/c/Users/Chirayu/Documents/GitHub/2D-to-3D-image-reconstruction/facescape_224/fsmview_trainset_9_3_mouth_stretch_25.jpg,0.03576228395104408,0.03610847145318985,0.0003461875021457672,6.954044891521335,0.6908636689186096
986,/mnt/c/Users/Chirayu/Documents/GitHub/2D-to-3D-image-reconstruction/facescape_224/fsmview_trainset_16_20_brow_lower_33.jpg,0.036222830414772034,0.03654847294092178,0.00032564252614974976,8.273797303438187,0.6759408116340637
811,/mnt/c/Users/Chirayu/Documents/GitHub/2D-to-3D-image-reconstruction/facescape_224/fsmview_trainset_7_6_jaw_right_5.jpg,0.041080497205257416,0.03655896335840225,-0.004521533846855164,7.9501307755708694,0.6752933263778687
479,/mnt/c/Users/Chirayu/Documents/GitHub/2D-to-3D-image-reconstruction/facescape_224/fsmview_trainset_20_11_chin_raiser_26.jpg,0.035125263035297394,0.03661416471004486,0.001488901674747467,8.142548643052578,0.6805998682975769
496,/mnt/c/Users/Chirayu/Documents/GitHub/2D-to-3D-image-reconstruction/facescape_224/fsmview_trainset_18_8_mouth_left_33.jpg,0.03677389770746231,0.03662840649485588,-0.00014549121260643005,8.764667470008135,0.7289484143257141
448,/mnt/c/Users/Chirayu/Documents/GitHub/2D-to-3D-image-reconstruction/facescape_224/fsmview_trainset_18_20_brow_lower_54.jpg,0.03640950471162796,0.03678813949227333,0.0003786347806453705,8.632691122591496,0.7149101495742798
198,/mnt/c/Users/Chirayu/Documents/GitHub/2D-to-3D-image-reconstruction/facescape_224/fsmview_trainset_7_1_neutral_25.jpg,0.037022028118371964,0.03679605573415756,-0.00022597238421440125,7.937475010752678,0.6714780926704407
744,/mnt/c/Users/Chirayu/Documents/GitHub/2D-to-3D-image-reconstruction/facescape_224/fsmview_trainset_7_19_brow_raiser_5.jpg,0.039472147822380066,0.03692849725484848,-0.0025436505675315857,7.727271340787411,0.6624589562416077
173,/mnt/c/Users/Chirayu/Documents/GitHub/2D-to-3D-image-reconstruction/facescape_224/fsmview_trainset_1_19_brow_raiser_52.jpg,0.03657342121005058,0.037098877131938934,0.0005254559218883514,8.299186046235263,0.6993328332901001
769,/mnt/c/Users/Chirayu/Documents/GitHub/2D-to-3D-image-reconstruction/facescape_224/fsmview_trainset_7_11_chin_raiser_5.jpg,0.036693692207336426,0.037168972194194794,0.0004752799868583679,8.138877682387829,0.6702108383178711
756,/mnt/c/Users/Chirayu/Documents/GitHub/2D-to-3D-image-reconstruction/facescape_224/fsmview_trainset_7_2_smile_19.jpg,0.03490936756134033,0.037381794303655624,0.0024724267423152924,8.776939686387777,0.7187574505805969
225,/mnt/c/Users/Chirayu/Documents/GitHub/2D-to-3D-image-reconstruction/facescape_224/fsmview_trainset_19_11_chin_raiser_1.jpg,0.036969684064388275,0.037389125674963,0.0004194416105747223,8.206967053934932,0.6727039217948914
218,/mnt/c/Users/Chirayu/Documents/GitHub/2D-to-3D-image-reconstruction/facescape_224/fsmview_trainset_16_10_dimpler_24.jpg,0.03502708300948143,0.037524327635765076,0.0024972446262836456,8.538672893308103,0.7129303216934204
542,/mnt/c/Users/Chirayu/Documents/GitHub/2D-to-3D-image-reconstruction/facescape_224/fsmview_trainset_2_17_cheek_blowing_14.jpg,0.03807034343481064,0.037547096610069275,-0.0005232468247413635,7.997510213404894,0.7049658894538879
504,/mnt/c/Users/Chirayu/Documents/GitHub/2D-to-3D-image-reconstruction/facescape_224/fsmview_trainset_16_18_eye_closed_33.jpg,0.0367983840405941,0.03761345520615578,0.000815071165561676,8.392447412014008,0.695339560508728
180,/mnt/c/Users/Chirayu/Documents/GitHub/2D-to-3D-image-reconstruction/facescape_224/fsmview_trainset_5_5_jaw_left_16.jpg,0.03447708114981651,0.03767184540629387,0.003194764256477356,8.243117477744818,0.6894732117652893
139,/mnt/c/Users/Chirayu/Documents/GitHub/2D-to-3D-image-reconstruction/facescape_224/fsmview_trainset_4_3_mouth_stretch_23.jpg,0.03781970217823982,0.03775928542017937,-6.041675806045532e-05,8.204971382394433,0.6825731992721558
121,/mnt/c/Users/Chirayu/Documents/GitHub/2D-to-3D-image-reconstruction/facescape_224/fsmview_trainset_8_4_anger_35.jpg,0.033667150884866714,0.03776337206363678,0.004096221178770065,7.881336070597172,0.6553042531013489
640,/mnt/c/Users/Chirayu/Documents/GitHub/2D-to-3D-image-reconstruction/facescape_224/fsmview_trainset_3_9_mouth_right_28.jpg,0.03695514053106308,0.03781487047672272,0.0008597299456596375,7.716640125960112,0.6510810256004333
692,/mnt/c/Users/Chirayu/Documents/GitHub/2D-to-3D-image-reconstruction/facescape_224/fsmview_trainset_1_19_brow_raiser_23.jpg,0.03664212301373482,0.03782115504145622,0.001179032027721405,8.338052521459758,0.6990028619766235
862,/mnt/c/Users/Chirayu/Documents/GitHub/2D-to-3D-image-reconstruction/facescape_224/fsmview_trainset_13_8_mouth_left_32.jpg,0.03925768658518791,0.03794921934604645,-0.0013084672391414642,8.978275595232844,0.7324676513671875
550,/mnt/c/Users/Chirayu/Documents/GitHub/2D-to-3D-image-reconstruction/facescape_224/fsmview_trainset_3_16_grin_24.jpg,0.03868147358298302,0.03801655024290085,-0.0006649233400821686,7.305772498250008,0.6553761959075928
153,/mnt/c/Users/Chirayu/Documents/GitHub/2D-to-3D-image-reconstruction/facescape_224/fsmview_trainset_11_14_sadness_31.jpg,0.033713072538375854,0.03812282159924507,0.004409749060869217,8.15616550669074,0.6554960012435913
345,/mnt/c/Users/Chirayu/Documents/GitHub/2D-to-3D-image-reconstruction/facescape_224/fsmview_trainset_15_19_brow_raiser_22.jpg,0.03769383579492569,0.03818036988377571,0.00048653408885002136,7.234865661710501,0.6190406084060669
572,/mnt/c/Users/Chirayu/Documents/GitHub/2D-to-3D-image-reconstruction/facescape_224/fsmview_trainset_4_10_dimpler_8.jpg,0.0412236787378788,0.03836170583963394,-0.002861972898244858,7.80824539065361,0.674827516078949
825,/mnt/c/Users/Chirayu/Documents/GitHub/2D-to-3D-image-reconstruction/facescape_224/fsmview_trainset_4_1_neutral_52.jpg,0.03760473057627678,0.03838245943188667,0.0007777288556098938,9.135114663280547,0.7683719396591187
164,/mnt/c/Users/Chirayu/Documents/GitHub/2D-to-3D-image-reconstruction/facescape_224/fsmview_trainset_8_1_neutral_47.jpg,0.03876215219497681,0.03856652230024338,-0.00019562989473342896,8.022342670708895,0.6654415726661682
154,/mnt/c/Users/Chirayu/Documents/GitHub/2D-to-3D-image-reconstruction/facescape_224/fsmview_trainset_7_13_lip_funneler_14.jpg,0.03983791545033455,0.03857812657952309,-0.0012597888708114624,8.15291720815003,0.6988862156867981
188,/mnt/c/Users/Chirayu/Documents/GitHub/2D-to-3D-image-reconstruction/facescape_224/fsmview_trainset_6_5_jaw_left_35.jpg,0.035714227706193924,0.03864683210849762,0.0029326044023036957,8.19463136792183,0.6664761304855347
786,/mnt/c/Users/Chirayu/Documents/GitHub/2D-to-3D-image-reconstruction/facescape_224/fsmview_trainset_2_8_mouth_left_26.jpg,0.03699731081724167,0.0387466661632061,0.0017493553459644318,8.311509879305959,0.6678911447525024
340,/mnt/c/Users/Chirayu/Documents/GitHub/2D-to-3D-image-reconstruction/facescape_224/fsmview_trainset_18_6_jaw_right_8.jpg,0.04064014554023743,0.03875872492790222,-0.001881420612335205,8.785451473668218,0.7621919512748718
920,/mnt/c/Users/Chirayu/Documents/GitHub/2D-to-3D-image-reconstruction/facescape_224/fsmview_trainset_4_9_mouth_right_19.jpg,0.03902880474925041,0.03886086866259575,-0.00016793608665466309,8.976579082664102,0.7316537499427795
11,/mnt/c/Users/Chirayu/Documents/GitHub/2D-to-3D-image-reconstruction/facescape_224/fsmview_trainset_1_10_dimpler_23.jpg,0.041084516793489456,0.03887553885579109,-0.0022089779376983643,8.4886340983212,0.7117559909820557
368,/mnt/c/Users/Chirayu/Documents/GitHub/2D-to-3D-image-reconstruction/facescape_224/fsmview_trainset_10_2_smile_16.jpg,0.03772996366024017,0.038982901722192764,0.001252938061952591,7.814858466386795,0.6633440256118774
490,/mnt/c/Users/Chirayu/Documents/GitHub/2D-to-3D-image-reconstruction/facescape_224/fsmview_trainset_1_13_lip_funneler_6.jpg,0.03770596161484718,0.03898910805583,0.0012831464409828186,7.988462798297405,0.7169573307037354
931,/mnt/c/Users/Chirayu/Documents/GitHub/2D-to-3D-image-reconstruction/facescape_224/fsmview_trainset_8_2_smile_10.jpg,0.03871559351682663,0.03905752673745155,0.0003419332206249237,8.506919622421265,0.7171216607093811
417,/mnt/c/Users/Chirayu/Documents/GitHub/2D-to-3D-image-reconstruction/facescape_224/fsmview_trainset_4_16_grin_54.jpg,0.03846381977200508,0.039122674614191055,0.0006588548421859741,8.194299023598433,0.6923521757125854
837,/mnt/c/Users/Chirayu/Documents/GitHub/2D-to-3D-image-reconstruction/facescape_224/fsmview_trainset_8_11_chin_raiser_9.jpg,0.045002978295087814,0.03923401981592178,-0.005768958479166031,8.16862616688013,0.6686476469039917
935,/mnt/c/Users/Chirayu/Documents/GitHub/2D-to-3D-image-reconstruction/facescape_224/fsmview_trainset_4_16_grin_23.jpg,0.040617574006319046,0.03926685079932213,-0.0013507232069969177,8.60402355529368,0.6961895227432251
994,/mnt/c/Users/Chirayu/Documents/GitHub/2D-to-3D-image-reconstruction/facescape_224/fsmview_trainset_8_9_mouth_right_16.jpg,0.03855346515774727,0.03930805251002312,0.0007545873522758484,7.884382240474224,0.6684622764587402
449,/mnt/c/Users/Chirayu/Documents/GitHub/2D-to-3D-image-reconstruction/facescape_224/fsmview_trainset_13_5_jaw_left_23.jpg,0.04181953892111778,0.03935641422867775,-0.002463124692440033,8.719871159642935,0.6853038668632507
83,/mnt/c/Users/Chirayu/Documents/GitHub/2D-to-3D-image-reconstruction/facescape_224/fsmview_trainset_8_3_mouth_stretch_19.jpg,0.04016200080513954,0.039399441331624985,-0.0007625594735145569,7.640372653491795,0.7478477358818054
252,/mnt/c/Users/Chirayu/Documents/GitHub/2D-to-3D-image-reconstruction/facescape_224/fsmview_trainset_10_5_jaw_left_34.jpg,0.03998058661818504,0.0394815057516098,-0.0004990808665752411,7.891112577170134,0.6857109665870667
275,/mnt/c/Users/Chirayu/Documents/GitHub/2D-to-3D-image-reconstruction/facescape_224/fsmview_trainset_9_10_dimpler_12.jpg,0.03976685181260109,0.03948250785470009,-0.000284343957901001,8.276622902601957,0.6875842809677124
915,/mnt/c/Users/Chirayu/Documents/GitHub/2D-to-3D-image-reconstruction/facescape_224/fsmview_trainset_14_11_chin_raiser_60.jpg,0.04022596776485443,0.039487648755311966,-0.0007383190095424652,8.725592084228992,0.7501622438430786
66,/mnt/c/Users/Chirayu/Documents/GitHub/2D-to-3D-image-reconstruction/facescape_224/fsmview_trainset_20_12_lip_puckerer_24.jpg,0.03806951642036438,0.03963814675807953,0.001568630337715149,7.884498853236437,0.6459301114082336
267,/mnt/c/Users/Chirayu/Documents/GitHub/2D-to-3D-image-reconstruction/facescape_224/fsmview_trainset_14_2_smile_22.jpg,0.0402553416788578,0.040000755339860916,-0.0002545863389968872,7.531557533890009,0.633768618106842
428,/mnt/c/Users/Chirayu/Documents/GitHub/2D-to-3D-image-reconstruction/facescape_224/fsmview_trainset_12_18_eye_closed_42.jpg,0.0399978868663311,0.040031250566244125,3.33636999130249e-05,8.344889774918556,0.7019397616386414
123,/mnt/c/Users/Chirayu/Documents/GitHub/2D-to-3D-image-reconstruction/facescape_224/fsmview_trainset_19_2_smile_7.jpg,0.03586641699075699,0.04029540345072746,0.004428986459970474,8.419766824692488,0.7158190608024597
685,/mnt/c/Users/Chirayu/Documents/GitHub/2D-to-3D-image-reconstruction/facescape_224/fsmview_trainset_19_16_grin_22.jpg,0.03955727443099022,0.04030375927686691,0.0007464848458766937,8.598093016073108,0.7211329936981201
889,/mnt/c/Users/Chirayu/Documents/GitHub/2D-to-3D-image-reconstruction/facescape_224/fsmview_trainset_2_10_dimpler_28.jpg,0.037965137511491776,0.040320560336112976,0.0023554228246212006,7.515880037099123,0.6805760860443115
951,/mnt/c/Users/Chirayu/Documents/GitHub/2D-to-3D-image-reconstruction/facescape_224/fsmview_trainset_6_9_mouth_right_17.jpg,0.03897266834974289,0.04038706794381142,0.0014143995940685272,7.759469632059336,0.6753838062286377
437,/mnt/c/Users/Chirayu/Documents/GitHub/2D-to-3D-image-reconstruction/facescape_224/fsmview_trainset_1_2_smile_18.jpg,0.0392460860311985,0.04040244221687317,0.0011563561856746674,8.459818572271615,0.6976261734962463
776,/mnt/c/Users/Chirayu/Documents/GitHub/2D-to-3D-image-reconstruction/facescape_224/fsmview_trainset_3_11_chin_raiser_35.jpg,0.03928732872009277,0.040450502187013626,0.0011631734669208527,8.05568647198379,0.6398321390151978
233,/mnt/c/Users/Chirayu/Documents/GitHub/2D-to-3D-image-reconstruction/facescape_224/fsmview_trainset_3_19_brow_raiser_6.jpg,0.05039993301033974,0.040472857654094696,-0.009927075356245041,8.543043173849583,0.7290894985198975
420,/mnt/c/Users/Chirayu/Documents/GitHub/2D-to-3D-image-reconstruction/facescape_224/fsmview_trainset_14_12_lip_puckerer_67.jpg,0.03888293728232384,0.040564075112342834,0.0016811378300189972,8.43215576838702,0.6893681883811951
662,/mnt/c/Users/Chirayu/Documents/GitHub/2D-to-3D-image-reconstruction/facescape_224/fsmview_trainset_5_13_lip_funneler_9.jpg,0.03806328773498535,0.0406399704515934,0.0025766827166080475,8.164396040141582,0.6891689896583557
37,/mnt/c/Users/Chirayu/Documents/GitHub/2D-to-3D-image-reconstruction/facescape_224/fsmview_trainset_9_17_cheek_blowing_28.jpg,0.04106604680418968,0.040652014315128326,-0.0004140324890613556,7.637729130685329,0.6594927310943604
564,/mnt/c/Users/Chirayu/Documents/GitHub/2D-to-3D-image-reconstruction/facescape_224/fsmview_trainset_8_18_eye_closed_56.jpg,0.039301227778196335,0.04084281995892525,0.0015415921807289124,8.352994998916984,0.7074584364891052
664,/mnt/c/Users/Chirayu/Documents/GitHub/2D-to-3D-image-reconstruction/facescape_224/fsmview_trainset_6_14_sadness_17.jpg,0.03957313671708107,0.04092717543244362,0.0013540387153625488,8.403808241710067,0.6966984868049622
841,/mnt/c/Users/Chirayu/Documents/GitHub/2D-to-3D-image-reconstruction/facescape_224/fsmview_trainset_4_19_brow_raiser_19.jpg,0.04016624391078949,0.04099094867706299,0.0008247047662734985,9.027338219806552,0.7359177470207214
230,/mnt/c/Users/Chirayu/Documents/GitHub/2D-to-3D-image-reconstruction/facescape_224/fsmview_trainset_1_1_neutral_48.jpg,0.04117815941572189,0.04112998768687248,-4.817172884941101e-05,8.133362360298634,0.6712973713874817
924,/mnt/c/Users/Chirayu/Documents/GitHub/2D-to-3D-image-reconstruction/facescape_224/fsmview_trainset_14_14_sadness_22.jpg,0.04118917137384415,0.04117492213845253,-1.4249235391616821e-05,7.39148486405611,0.6125142574310303
506,/mnt/c/Users/Chirayu/Documents/GitHub/2D-to-3D-image-reconstruction/facescape_224/fsmview_trainset_19_16_grin_36.jpg,0.037222132086753845,0.04121274873614311,0.003990616649389267,8.447215773165226,0.7363818287849426
602,/mnt/c/Users/Chirayu/Documents/GitHub/2D-to-3D-image-reconstruction/facescape_224/fsmview_trainset_7_13_lip_funneler_18.jpg,0.04121800884604454,0.04130859300494194,9.05841588973999e-05,8.464474380481988,0.6921844482421875
545,/mnt/c/Users/Chirayu/Documents/GitHub/2D-to-3D-image-reconstruction/facescape_224/fsmview_trainset_20_16_grin_18.jpg,0.04394463822245598,0.041376907378435135,-0.0025677308440208435,7.84710206463933,0.6442933082580566
978,/mnt/c/Users/Chirayu/Documents/GitHub/2D-to-3D-image-reconstruction/facescape_224/fsmview_trainset_10_9_mouth_right_6.jpg,0.03876371309161186,0.04143042117357254,0.002666708081960678,7.80396475084126,0.6742362976074219
954,/mnt/c/Users/Chirayu/Documents/GitHub/2D-to-3D-image-reconstruction/facescape_224/fsmview_trainset_14_14_sadness_59.jpg,0.04145759716629982,0.041496165096759796,3.8567930459976196e-05,7.524576365947723,0.6282787919044495
439,/mnt/c/Users/Chirayu/Documents/GitHub/2D-to-3D-image-reconstruction/facescape_224/fsmview_trainset_16_3_mouth_stretch_24.jpg,0.04041396826505661,0.04154012352228165,0.0011261552572250366,7.769632317125797,0.6781343221664429
463,/mnt/c/Users/Chirayu/Documents/GitHub/2D-to-3D-image-reconstruction/facescape_224/fsmview_trainset_20_20_brow_lower_19.jpg,0.041718147695064545,0.041672445833683014,-4.570186138153076e-05,7.883162625133991,0.6565032005310059
844,/mnt/c/Users/Chirayu/Documents/GitHub/2D-to-3D-image-reconstruction/facescape_224/fsmview_trainset_6_10_dimpler_17.jpg,0.040599264204502106,0.04167439788579941,0.0010751336812973022,8.279797600582242,0.6984063982963562
858,/mnt/c/Users/Chirayu/Documents/GitHub/2D-to-3D-image-reconstruction/facescape_224/fsmview_trainset_13_16_grin_3.jpg,0.04443587735295296,0.041759856045246124,-0.002676021307706833,8.4076534435153,0.6609174609184265
699,/mnt/c/Users/Chirayu/Documents/GitHub/2D-to-3D-image-reconstruction/facescape_224/fsmview_trainset_8_8_mouth_left_19.jpg,0.039803069084882736,0.04214943200349808,0.002346362918615341,8.720783441327512,0.732447624206543
996,/mnt/c/Users/Chirayu/Documents/GitHub/2D-to-3D-image-reconstruction/facescape_224/fsmview_trainset_18_15_lip_roll_33.jpg,0.04513908922672272,0.0422201007604599,-0.0029189884662628174,8.53029428049922,0.7098743319511414
610,/mnt/c/Users/Chirayu/Documents/GitHub/2D-to-3D-image-reconstruction/facescape_224/fsmview_trainset_15_8_mouth_left_18.jpg,0.04113604500889778,0.04223820939660072,0.001102164387702942,8.017953794449568,0.6577844619750977
175,/mnt/c/Users/Chirayu/Documents/GitHub/2D-to-3D-image-reconstruction/facescape_224/fsmview_trainset_19_5_jaw_left_1.jpg,0.042518988251686096,0.042316943407058716,-0.00020204484462738037,8.35247466340661,0.7016354203224182
170,/mnt/c/Users/Chirayu/Documents/GitHub/2D-to-3D-image-reconstruction/facescape_224/fsmview_trainset_12_16_grin_55.jpg,0.03843240812420845,0.04235303774476051,0.003920629620552063,8.625159488990903,0.7639129757881165
635,/mnt/c/Users/Chirayu/Documents/GitHub/2D-to-3D-image-reconstruction/facescape_224/fsmview_trainset_9_15_lip_roll_28.jpg,0.046517807990312576,0.04251028597354889,-0.004007522016763687,7.785281144082546,0.6420274376869202
75,/mnt/c/Users/Chirayu/Documents/GitHub/2D-to-3D-image-reconstruction/facescape_224/fsmview_trainset_18_2_smile_23.jpg,0.04213855043053627,0.042635638266801834,0.000497087836265564,9.025273762643337,0.7458556890487671
116,/mnt/c/Users/Chirayu/Documents/GitHub/2D-to-3D-image-reconstruction/facescape_224/fsmview_trainset_13_14_sadness_18.jpg,0.04318154230713844,0.042803604155778885,-0.0003779381513595581,9.087152227759361,0.8013455271720886
927,/mnt/c/Users/Chirayu/Documents/GitHub/2D-to-3D-image-reconstruction/facescape_224/fsmview_trainset_19_12_lip_puckerer_31.jpg,0.040839750319719315,0.042818453162908554,0.0019787028431892395,8.48038313537836,0.6948407292366028
850,/mnt/c/Users/Chirayu/Documents/GitHub/2D-to-3D-image-reconstruction/facescape_224/fsmview_trainset_10_19_brow_raiser_32.jpg,0.041692908853292465,0.04283824935555458,0.0011453405022621155,7.747388891875744,0.6750084161758423
171,/mnt/c/Users/Chirayu/Documents/GitHub/2D-to-3D-image-reconstruction/facescape_224/fsmview_trainset_18_20_brow_lower_21.jpg,0.04189799726009369,0.04311776161193848,0.0012197643518447876,8.151716887950897,0.6639960408210754
429,/mnt/c/Users/Chirayu/Documents/GitHub/2D-to-3D-image-reconstruction/facescape_224/fsmview_trainset_20_3_mouth_stretch_41.jpg,0.04085886850953102,0.04317189007997513,0.002313021570444107,7.618126951158047,0.7129425406455994
880,/mnt/c/Users/Chirayu/Documents/GitHub/2D-to-3D-image-reconstruction/facescape_224/fsmview_trainset_9_5_jaw_left_18.jpg,0.043551526963710785,0.04319057613611221,-0.0003609508275985718,8.394194915890694,0.7053862810134888
748,/mnt/c/Users/Chirayu/Documents/GitHub/2D-to-3D-image-reconstruction/facescape_224/fsmview_trainset_6_8_mouth_left_35.jpg,0.03686279430985451,0.04323217645287514,0.00636938214302063,8.46565955132246,0.6741436719894409
580,/mnt/c/Users/Chirayu/Documents/GitHub/2D-to-3D-image-reconstruction/facescape_224/fsmview_trainset_11_3_mouth_stretch_41.jpg,0.04635583609342575,0.043261680752038956,-0.003094155341386795,8.058528378605843,0.7483897805213928
412,/mnt/c/Users/Chirayu/Documents/GitHub/2D-to-3D-image-reconstruction/facescape_224/fsmview_trainset_12_17_cheek_blowing_15.jpg,0.04405887797474861,0.04326358065009117,-0.0007952973246574402,9.034693475812674,0.7880821824073792
700,/mnt/c/Users/Chirayu/Documents/GitHub/2D-to-3D-image-reconstruction/facescape_224/fsmview_trainset_4_4_anger_7.jpg,0.03901958465576172,0.043478209525346756,0.004458624869585037,8.03460344672203,0.6809083223342896
352,/mnt/c/Users/Chirayu/Documents/GitHub/2D-to-3D-image-reconstruction/facescape_224/fsmview_trainset_11_16_grin_22.jpg,0.04294203966856003,0.043587662279605865,0.0006456226110458374,8.05849313735962,0.6618298292160034
575,/mnt/c/Users/Chirayu/Documents/GitHub/2D-to-3D-image-reconstruction/facescape_224/fsmview_trainset_8_12_lip_puckerer_20.jpg,0.042057257145643234,0.04362943023443222,0.0015721730887889862,8.609500782564282,0.7057461142539978
251,/mnt/c/Users/Chirayu/Documents/GitHub/2D-to-3D-image-reconstruction/facescape_224/fsmview_trainset_15_20_brow_lower_36.jpg,0.045696139335632324,0.043707139790058136,-0.0019889995455741882,9.037667997181416,0.7475517392158508
918,/mnt/c/Users/Chirayu/Documents/GitHub/2D-to-3D-image-reconstruction/facescape_224/fsmview_trainset_12_8_mouth_left_44.jpg,0.043343719094991684,0.04380442202091217,0.00046070292592048645,7.6266635581851006,0.6212540864944458
57,/mnt/c/Users/Chirayu/Documents/GitHub/2D-to-3D-image-reconstruction/facescape_224/fsmview_trainset_18_3_mouth_stretch_9.jpg,0.04391513764858246,0.04383791983127594,-7.721781730651855e-05,8.220297738909721,0.7475859522819519
281,/mnt/c/Users/Chirayu/Documents/GitHub/2D-to-3D-image-reconstruction/facescape_224/fsmview_trainset_5_20_brow_lower_7.jpg,0.0461980402469635,0.04416540637612343,-0.0020326338708400726,8.273418352007866,0.7319520711898804
389,/mnt/c/Users/Chirayu/Documents/GitHub/2D-to-3D-image-reconstruction/facescape_224/fsmview_trainset_5_3_mouth_stretch_29.jpg,0.043629128485918045,0.04418271407485008,0.0005535855889320374,8.00786892324686,0.7221320271492004
492,/mnt/c/Users/Chirayu/Documents/GitHub/2D-to-3D-image-reconstruction/facescape_224/fsmview_trainset_6_10_dimpler_30.jpg,0.04833617061376572,0.04420633986592293,-0.004129830747842789,8.229597993195057,0.6833674907684326
812,/mnt/c/Users/Chirayu/Documents/GitHub/2D-to-3D-image-reconstruction/facescape_224/fsmview_trainset_18_15_lip_roll_5.jpg,0.04205486550927162,0.04431578144431114,0.0022609159350395203,8.568863231688738,0.732215940952301
238,/mnt/c/Users/Chirayu/Documents/GitHub/2D-to-3D-image-reconstruction/facescape_224/fsmview_trainset_13_4_anger_10.jpg,0.04333660006523132,0.04432643949985504,0.0009898394346237183,8.85598258022219,0.7415075898170471
669,/mnt/c/Users/Chirayu/Documents/GitHub/2D-to-3D-image-reconstruction/facescape_224/fsmview_trainset_5_12_lip_puckerer_19.jpg,0.04306895285844803,0.04433106631040573,0.0012621134519577026,8.595875960309058,0.7191014289855957
13,/mnt/c/Users/Chirayu/Documents/GitHub/2D-to-3D-image-reconstruction/facescape_224/fsmview_trainset_10_19_brow_raiser_7.jpg,0.041759394109249115,0.04433443397283554,0.0025750398635864258,7.7912702932953835,0.674072265625
86,/mnt/c/Users/Chirayu/Documents/GitHub/2D-to-3D-image-reconstruction/facescape_224/fsmview_trainset_5_17_cheek_blowing_2.jpg,0.047174062579870224,0.04442758858203888,-0.0027464739978313446,8.274753659963608,0.6735356450080872
553,/mnt/c/Users/Chirayu/Documents/GitHub/2D-to-3D-image-reconstruction/facescape_224/fsmview_trainset_11_13_lip_funneler_21.jpg,0.04305298253893852,0.044548653066158295,0.0014956705272197723,8.0400878675282,0.6551013588905334
989,/mnt/c/Users/Chirayu/Documents/GitHub/2D-to-3D-image-reconstruction/facescape_224/fsmview_trainset_9_6_jaw_right_17.jpg,0.04390794783830643,0.04455852881073952,0.0006505809724330902,8.467338043265045,0.7077582478523254
227,/mnt/c/Users/Chirayu/Documents/GitHub/2D-to-3D-image-reconstruction/facescape_224/fsmview_trainset_6_19_brow_raiser_8.jpg,0.043674785643815994,0.04456353187561035,0.0008887462317943573,8.170483484864235,0.687174916267395
796,/mnt/c/Users/Chirayu/Documents/GitHub/2D-to-3D-image-reconstruction/facescape_224/fsmview_trainset_3_10_dimpler_3.jpg,0.04803573340177536,0.04457186907529831,-0.0034638643264770508,7.471881866455078,0.6578837633132935
292,/mnt/c/Users/Chirayu/Documents/GitHub/2D-to-3D-image-reconstruction/facescape_224/fsmview_trainset_3_19_brow_raiser_18.jpg,0.04425252601504326,0.04463300481438637,0.00038047879934310913,8.447981192730367,0.7011415362358093
313,/mnt/c/Users/Chirayu/Documents/GitHub/2D-to-3D-image-reconstruction/facescape_224/fsmview_trainset_5_11_chin_raiser_31.jpg,0.048570726066827774,0.04467901587486267,-0.003891710191965103,8.254179745912552,0.6760388016700745
72,/mnt/c/Users/Chirayu/Documents/GitHub/2D-to-3D-image-reconstruction/facescape_224/fsmview_trainset_13_14_sadness_7.jpg,0.04226396977901459,0.044702086597681046,0.002438116818666458,8.857954498380423,0.7650282382965088
309,/mnt/c/Users/Chirayu/Documents/GitHub/2D-to-3D-image-reconstruction/facescape_224/fsmview_trainset_18_10_dimpler_47.jpg,0.046188537031412125,0.04472564905881882,-0.0014628879725933075,8.490930523723364,0.6771320104598999
28,/mnt/c/Users/Chirayu/Documents/GitHub/2D-to-3D-image-reconstruction/facescape_224/fsmview_trainset_5_3_mouth_stretch_33.jpg,0.04548955708742142,0.044767897576093674,-0.0007216595113277435,7.765332467854023,0.746664822101593
613,/mnt/c/Users/Chirayu/Documents/GitHub/2D-to-3D-image-reconstruction/facescape_224/fsmview_trainset_9_2_smile_25.jpg,0.04501580446958542,0.04484174773097038,-0.000174056738615036,8.593286853283644,0.7067692279815674
277,/mnt/c/Users/Chirayu/Documents/GitHub/2D-to-3D-image-reconstruction/facescape_224/fsmview_trainset_9_3_mouth_stretch_32.jpg,0.04146040230989456,0.04492509365081787,0.0034646913409233093,7.634471498429775,0.7178736329078674
112,/mnt/c/Users/Chirayu/Documents/GitHub/2D-to-3D-image-reconstruction/facescape_224/fsmview_trainset_13_3_mouth_stretch_8.jpg,0.044411059468984604,0.04494176805019379,0.0005307085812091827,7.640592098236084,0.6884134411811829
187,/mnt/c/Users/Chirayu/Documents/GitHub/2D-to-3D-image-reconstruction/facescape_224/fsmview_trainset_7_8_mouth_left_26.jpg,0.043688248842954636,0.04499479755759239,0.0013065487146377563,8.222479201853275,0.6668626666069031
679,/mnt/c/Users/Chirayu/Documents/GitHub/2D-to-3D-image-reconstruction/facescape_224/fsmview_trainset_10_14_sadness_39.jpg,0.04730753228068352,0.04503687098622322,-0.0022706612944602966,7.948393877595663,0.6774836778640747
877,/mnt/c/Users/Chirayu/Documents/GitHub/2D-to-3D-image-reconstruction/facescape_224/fsmview_trainset_13_6_jaw_right_1.jpg,0.04418729245662689,0.04507885500788689,0.0008915625512599945,8.467486310750246,0.7062495350837708
977,/mnt/c/Users/Chirayu/Documents/GitHub/2D-to-3D-image-reconstruction/facescape_224/fsmview_trainset_7_3_mouth_stretch_19.jpg,0.04511423408985138,0.045121192932128906,6.9588422775268555e-06,7.954632305540144,0.7513521909713745
695,/mnt/c/Users/Chirayu/Documents/GitHub/2D-to-3D-image-reconstruction/facescape_224/fsmview_trainset_16_19_brow_raiser_24.jpg,0.04109995439648628,0.04518010467290878,0.004080150276422501,8.597104995511472,0.7200020551681519
383,/mnt/c/Users/Chirayu/Documents/GitHub/2D-to-3D-image-reconstruction/facescape_224/fsmview_trainset_10_10_dimpler_7.jpg,0.040513474494218826,0.04519136622548103,0.004677891731262207,7.574886046350002,0.6537680625915527
48,/mnt/c/Users/Chirayu/Documents/GitHub/2D-to-3D-image-reconstruction/facescape_224/fsmview_trainset_12_8_mouth_left_29.jpg,0.048428162932395935,0.045195262879133224,-0.0032329000532627106,8.52516769245267,0.7088719606399536
324,/mnt/c/Users/Chirayu/Documents/GitHub/2D-to-3D-image-reconstruction/facescape_224/fsmview_trainset_11_18_eye_closed_23.jpg,0.048001401126384735,0.045433685183525085,-0.0025677159428596497,8.318987905979156,0.6490998268127441
983,/mnt/c/Users/Chirayu/Documents/GitHub/2D-to-3D-image-reconstruction/facescape_224/fsmview_trainset_14_12_lip_puckerer_35.jpg,0.04319874569773674,0.04546768590807915,0.0022689402103424072,8.776478312909603,0.7409108281135559
884,/mnt/c/Users/Chirayu/Documents/GitHub/2D-to-3D-image-reconstruction/facescape_224/fsmview_trainset_12_5_jaw_left_16.jpg,0.05007876455783844,0.045505646616220474,-0.004573117941617966,8.959181359037757,0.7037928700447083
317,/mnt/c/Users/Chirayu/Documents/GitHub/2D-to-3D-image-reconstruction/facescape_224/fsmview_trainset_3_16_grin_34.jpg,0.04374498128890991,0.045509450137615204,0.0017644688487052917,7.91692216694355,0.6740047931671143
298,/mnt/c/Users/Chirayu/Documents/GitHub/2D-to-3D-image-reconstruction/facescape_224/fsmview_trainset_19_8_mouth_left_21.jpg,0.04719672352075577,0.04555452987551689,-0.0016421936452388763,8.925067245960236,0.7083936333656311
624,/mnt/c/Users/Chirayu/Documents/GitHub/2D-to-3D-image-reconstruction/facescape_224/fsmview_trainset_15_10_dimpler_59.jpg,0.03972288966178894,0.0456106960773468,0.005887806415557861,7.989115558564663,0.6479921340942383
972,/mnt/c/Users/Chirayu/Documents/GitHub/2D-to-3D-image-reconstruction/facescape_224/fsmview_trainset_19_7_jaw_forward_34.jpg,0.045703236013650894,0.045770611613988876,6.737560033798218e-05,8.74844453111291,0.7545837163925171
795,/mnt/c/Users/Chirayu/Documents/GitHub/2D-to-3D-image-reconstruction/facescape_224/fsmview_trainset_3_3_mouth_stretch_9.jpg,0.044802047312259674,0.04578408971428871,0.0009820424020290375,7.673152208328247,0.7127281427383423
612,/mnt/c/Users/Chirayu/Documents/GitHub/2D-to-3D-image-reconstruction/facescape_224/fsmview_trainset_14_18_eye_closed_19.jpg,0.0426483228802681,0.045793745666742325,0.003145422786474228,7.38082685507834,0.6529635787010193
678,/mnt/c/Users/Chirayu/Documents/GitHub/2D-to-3D-image-reconstruction/facescape_224/fsmview_trainset_16_12_lip_puckerer_31.jpg,0.04413706436753273,0.045850299298763275,0.001713234931230545,8.74163858499378,0.726922869682312
608,/mnt/c/Users/Chirayu/Documents/GitHub/2D-to-3D-image-reconstruction/facescape_224/fsmview_trainset_8_17_cheek_blowing_22.jpg,0.04523807764053345,0.04593014717102051,0.0006920695304870605,8.114890649914742,0.6688750386238098
698,/mnt/c/Users/Chirayu/Documents/GitHub/2D-to-3D-image-reconstruction/facescape_224/fsmview_trainset_9_11_chin_raiser_34.jpg,0.04060569778084755,0.046015772968530655,0.0054100751876831055,8.072621989995241,0.669022798538208
997,/mnt/c/Users/Chirayu/Documents/GitHub/2D-to-3D-image-reconstruction/facescape_224/fsmview_trainset_9_3_mouth_stretch_6.jpg,0.044458698481321335,0.046126339584589005,0.0016676411032676697,7.713621646165848,0.7026788592338562
704,/mnt/c/Users/Chirayu/Documents/GitHub/2D-to-3D-image-reconstruction/facescape_224/fsmview_trainset_12_18_eye_closed_41.jpg,0.0488392598927021,0.04613597318530083,-0.0027032867074012756,8.816933885216713,0.7713548541069031
913,/mnt/c/Users/Chirayu/Documents/GitHub/2D-to-3D-image-reconstruction/facescape_224/fsmview_trainset_3_5_jaw_left_23.jpg,0.04488900676369667,0.0461467020213604,0.0012576952576637268,8.273150094784796,0.6678478121757507
622,/mnt/c/Users/Chirayu/Documents/GitHub/2D-to-3D-image-reconstruction/facescape_224/fsmview_trainset_5_1_neutral_27.jpg,0.04168855771422386,0.04619086533784866,0.004502307623624802,7.75940914452076,0.6480306386947632
540,/mnt/c/Users/Chirayu/Documents/GitHub/2D-to-3D-image-reconstruction/facescape_224/fsmview_trainset_8_14_sadness_36.jpg,0.05395565181970596,0.04624399170279503,-0.0077116601169109344,7.975135900080204,0.6768181920051575
5,/mnt/c/Users/Chirayu/Documents/GitHub/2D-to-3D-image-reconstruction/facescape_224/fsmview_trainset_4_18_eye_closed_19.jpg,0.04529610276222229,0.046351585537195206,0.0010554827749729156,9.118547523394227,0.7420380711555481
818,/mnt/c/Users/Chirayu/Documents/GitHub/2D-to-3D-image-reconstruction/facescape_224/fsmview_trainset_12_18_eye_closed_16.jpg,0.05053636431694031,0.04657301679253578,-0.003963347524404526,9.014750495553017,0.747170627117157
749,/mnt/c/Users/Chirayu/Documents/GitHub/2D-to-3D-image-reconstruction/facescape_224/fsmview_trainset_1_2_smile_35.jpg,0.05110587552189827,0.04661193862557411,-0.004493936896324158,8.391267541795969,0.7291561961174011
570,/mnt/c/Users/Chirayu/Documents/GitHub/2D-to-3D-image-reconstruction/facescape_224/fsmview_trainset_6_7_jaw_forward_27.jpg,0.049597978591918945,0.046703584492206573,-0.002894394099712372,8.484006172046065,0.6986858248710632
892,/mnt/c/Users/Chirayu/Documents/GitHub/2D-to-3D-image-reconstruction/facescape_224/fsmview_trainset_6_20_brow_lower_28.jpg,0.040223777294158936,0.046822015196084976,0.006598237901926041,7.829133749008179,0.6649361848831177
410,/mnt/c/Users/Chirayu/Documents/GitHub/2D-to-3D-image-reconstruction/facescape_224/fsmview_trainset_17_4_anger_18.jpg,0.04299294948577881,0.04683015123009682,0.0038372017443180084,8.885164662264287,0.7241232395172119
350,/mnt/c/Users/Chirayu/Documents/GitHub/2D-to-3D-image-reconstruction/facescape_224/fsmview_trainset_6_2_smile_24.jpg,0.04826853424310684,0.04685688763856888,-0.0014116466045379639,8.401430819183588,0.7151733636856079
827,/mnt/c/Users/Chirayu/Documents/GitHub/2D-to-3D-image-reconstruction/facescape_224/fsmview_trainset_10_8_mouth_left_4.jpg,0.04280484840273857,0.04685896635055542,0.004054117947816849,7.658225569874048,0.6533067226409912
834,/mnt/c/Users/Chirayu/Documents/GitHub/2D-to-3D-image-reconstruction/facescape_224/fsmview_trainset_5_16_grin_19.jpg,0.042969364672899246,0.046863097697496414,0.003893733024597168,8.941450148820877,0.7482883930206299
206,/mnt/c/Users/Chirayu/Documents/GitHub/2D-to-3D-image-reconstruction/facescape_224/fsmview_trainset_12_20_brow_lower_43.jpg,0.04729204252362251,0.04688005521893501,-0.0004119873046875,9.0476961620152,0.7174151539802551
148,/mnt/c/Users/Chirayu/Documents/GitHub/2D-to-3D-image-reconstruction/facescape_224/fsmview_trainset_17_9_mouth_right_31.jpg,0.04289921000599861,0.04696545749902725,0.004066247493028641,8.782956575974822,0.7137752175331116
283,/mnt/c/Users/Chirayu/Documents/GitHub/2D-to-3D-image-reconstruction/facescape_224/fsmview_trainset_2_15_lip_roll_34.jpg,0.042653121054172516,0.047073330730199814,0.004420209676027298,8.478681776672602,0.7182235717773438
49,/mnt/c/Users/Chirayu/Documents/GitHub/2D-to-3D-image-reconstruction/facescape_224/fsmview_trainset_13_7_jaw_forward_44.jpg,0.042115919291973114,0.04711095616221428,0.004995036870241165,8.690037831664085,0.7471573352813721
104,/mnt/c/Users/Chirayu/Documents/GitHub/2D-to-3D-image-reconstruction/facescape_224/fsmview_trainset_20_2_smile_33.jpg,0.04167908802628517,0.047246869653463364,0.005567781627178192,7.6676738075912,0.7171105146408081
60,/mnt/c/Users/Chirayu/Documents/GitHub/2D-to-3D-image-reconstruction/facescape_224/fsmview_trainset_15_6_jaw_right_42.jpg,0.044815052300691605,0.047315701842308044,0.00250064954161644,8.266153201460838,0.7005183100700378
17,/mnt/c/Users/Chirayu/Documents/GitHub/2D-to-3D-image-reconstruction/facescape_224/fsmview_trainset_4_7_jaw_forward_36.jpg,0.04510977864265442,0.04732125625014305,0.002211477607488632,7.502639181911945,0.6589902639389038
513,/mnt/c/Users/Chirayu/Documents/GitHub/2D-to-3D-image-reconstruction/facescape_224/fsmview_trainset_6_10_dimpler_26.jpg,0.048083189874887466,0.04739520698785782,-0.0006879828870296478,8.146035824902356,0.6854230761528015
287,/mnt/c/Users/Chirayu/Documents/GitHub/2D-to-3D-image-reconstruction/facescape_224/fsmview_trainset_3_13_lip_funneler_32.jpg,0.045868534594774246,0.04762111231684685,0.0017525777220726013,7.788557164371014,0.6997092962265015
212,/mnt/c/Users/Chirayu/Documents/GitHub/2D-to-3D-image-reconstruction/facescape_224/fsmview_trainset_6_7_jaw_forward_19.jpg,0.04459870606660843,0.047739166766405106,0.0031404606997966766,8.670538497623056,0.7120387554168701
714,/mnt/c/Users/Chirayu/Documents/GitHub/2D-to-3D-image-reconstruction/facescape_224/fsmview_trainset_20_14_sadness_42.jpg,0.04794058948755264,0.04784560203552246,-9.498745203018188e-05,8.590204583480954,0.6819844841957092
286,/mnt/c/Users/Chirayu/Documents/GitHub/2D-to-3D-image-reconstruction/facescape_224/fsmview_trainset_18_15_lip_roll_35.jpg,0.046144284307956696,0.04785315319895744,0.0017088688910007477,9.360587194561958,0.7914458513259888
982,/mnt/c/Users/Chirayu/Documents/GitHub/2D-to-3D-image-reconstruction/facescape_224/fsmview_trainset_12_8_mouth_left_43.jpg,0.04388657584786415,0.04813185706734657,0.004245281219482422,7.915863435715437,0.6417427062988281
426,/mnt/c/Users/Chirayu/Documents/GitHub/2D-to-3D-image-reconstruction/facescape_224/fsmview_trainset_16_4_anger_50.jpg,0.047084227204322815,0.04814582318067551,0.0010615959763526917,8.17233844846487,0.6843858957290649
346,/mnt/c/Users/Chirayu/Documents/GitHub/2D-to-3D-image-reconstruction/facescape_224/fsmview_trainset_4_1_neutral_39.jpg,0.05322430655360222,0.048161786049604416,-0.005062520503997803,8.28337612003088,0.7188054323196411
131,/mnt/c/Users/Chirayu/Documents/GitHub/2D-to-3D-image-reconstruction/facescape_224/fsmview_trainset_3_16_grin_3.jpg,0.048599034547805786,0.04822118952870369,-0.00037784501910209656,7.181339964270592,0.6822898387908936
752,/mnt/c/Users/Chirayu/Documents/GitHub/2D-to-3D-image-reconstruction/facescape_224/fsmview_trainset_4_2_smile_50.jpg,0.04444485157728195,0.0483650304377079,0.003920178860425949,8.821004159748554,0.725088357925415
893,/mnt/c/Users/Chirayu/Documents/GitHub/2D-to-3D-image-reconstruction/facescape_224/fsmview_trainset_20_13_lip_funneler_12.jpg,0.046770691871643066,0.04839387908577919,0.0016231872141361237,8.658074591308832,0.7137333750724792
376,/mnt/c/Users/Chirayu/Documents/GitHub/2D-to-3D-image-reconstruction/facescape_224/fsmview_trainset_5_8_mouth_left_35.jpg,0.051406361162662506,0.04843692108988762,-0.002969440072774887,8.380738651379943,0.7026205062866211
102,/mnt/c/Users/Chirayu/Documents/GitHub/2D-to-3D-image-reconstruction/facescape_224/fsmview_trainset_17_19_brow_raiser_30.jpg,0.051246196031570435,0.04845358058810234,-0.002792615443468094,8.929546453990042,0.7232276201248169
200,/mnt/c/Users/Chirayu/Documents/GitHub/2D-to-3D-image-reconstruction/facescape_224/fsmview_trainset_9_10_dimpler_20.jpg,0.04735863208770752,0.048468705266714096,0.0011100731790065765,8.987436855211854,0.7302709221839905
886,/mnt/c/Users/Chirayu/Documents/GitHub/2D-to-3D-image-reconstruction/facescape_224/fsmview_trainset_13_3_mouth_stretch_50.jpg,0.04874564707279205,0.048697926104068756,-4.772096872329712e-05,7.37752153724432,0.6872988343238831
392,/mnt/c/Users/Chirayu/Documents/GitHub/2D-to-3D-image-reconstruction/facescape_224/fsmview_trainset_8_13_lip_funneler_50.jpg,0.04690084233880043,0.04872734844684601,0.001826506108045578,7.838469203561544,0.7041084170341492
73,/mnt/c/Users/Chirayu/Documents/GitHub/2D-to-3D-image-reconstruction/facescape_224/fsmview_trainset_10_14_sadness_54.jpg,0.04616019129753113,0.04874253273010254,0.002582341432571411,8.374192535877228,0.7127937078475952
882,/mnt/c/Users/Chirayu/Documents/GitHub/2D-to-3D-image-reconstruction/facescape_224/fsmview_trainset_8_14_sadness_12.jpg,0.045958176255226135,0.04878031089901924,0.002822134643793106,8.051076084375381,0.7254399657249451
272,/mnt/c/Users/Chirayu/Documents/GitHub/2D-to-3D-image-reconstruction/facescape_224/fsmview_trainset_20_12_lip_puckerer_36.jpg,0.05109024420380592,0.04884811118245125,-0.0022421330213546753,8.503341918811202,0.7206872701644897
495,/mnt/c/Users/Chirayu/Documents/GitHub/2D-to-3D-image-reconstruction/facescape_224/fsmview_trainset_13_11_chin_raiser_15.jpg,0.04366318881511688,0.04892255365848541,0.00525936484336853,8.633329725824296,0.7227396368980408
750,/mnt/c/Users/Chirayu/Documents/GitHub/2D-to-3D-image-reconstruction/facescape_224/fsmview_trainset_13_15_lip_roll_29.jpg,0.0422045961022377,0.048985157161951065,0.006780561059713364,8.132888861000538,0.6361402869224548
370,/mnt/c/Users/Chirayu/Documents/GitHub/2D-to-3D-image-reconstruction/facescape_224/fsmview_trainset_5_18_eye_closed_38.jpg,0.04725411906838417,0.049022842198610306,0.0017687231302261353,7.683802139014006,0.6810145974159241
777,/mnt/c/Users/Chirayu/Documents/GitHub/2D-to-3D-image-reconstruction/facescape_224/fsmview_trainset_9_11_chin_raiser_17.jpg,0.04787072911858559,0.0490315705537796,0.0011608414351940155,8.729377091862261,0.714016318321228
274,/mnt/c/Users/Chirayu/Documents/GitHub/2D-to-3D-image-reconstruction/facescape_224/fsmview_trainset_11_9_mouth_right_34.jpg,0.04724392667412758,0.04915047436952591,0.0019065476953983307,8.737420255318284,0.7135676741600037
656,/mnt/c/Users/Chirayu/Documents/GitHub/2D-to-3D-image-reconstruction/facescape_224/fsmview_trainset_3_14_sadness_24.jpg,0.04497965797781944,0.0491618849337101,0.0041822269558906555,8.5231539234519,0.6894822716712952
405,/mnt/c/Users/Chirayu/Documents/GitHub/2D-to-3D-image-reconstruction/facescape_224/fsmview_trainset_2_6_jaw_right_15.jpg,0.045366380363702774,0.04920227453112602,0.0038358941674232483,8.690971967764199,0.712074339389801
797,/mnt/c/Users/Chirayu/Documents/GitHub/2D-to-3D-image-reconstruction/facescape_224/fsmview_trainset_16_18_eye_closed_9.jpg,0.044392939656972885,0.04928937181830406,0.004896432161331177,8.4753249399364,0.7421338558197021
125,/mnt/c/Users/Chirayu/Documents/GitHub/2D-to-3D-image-reconstruction/facescape_224/fsmview_trainset_14_16_grin_38.jpg,0.05860511586070061,0.04934282600879669,-0.009262289851903915,7.971088878810406,0.6860977411270142
94,/mnt/c/Users/Chirayu/Documents/GitHub/2D-to-3D-image-reconstruction/facescape_224/fsmview_trainset_5_2_smile_9.jpg,0.05049373209476471,0.0493607372045517,-0.0011329948902130127,8.04198125936091,0.6617313027381897
235,/mnt/c/Users/Chirayu/Documents/GitHub/2D-to-3D-image-reconstruction/facescape_224/fsmview_trainset_3_4_anger_24.jpg,0.04773661121726036,0.049528270959854126,0.0017916597425937653,8.82353170029819,0.7253400087356567
69,/mnt/c/Users/Chirayu/Documents/GitHub/2D-to-3D-image-reconstruction/facescape_224/fsmview_trainset_9_3_mouth_stretch_23.jpg,0.046125490218400955,0.04954453930258751,0.003419049084186554,7.411688216030598,0.7305942177772522
30,/mnt/c/Users/Chirayu/Documents/GitHub/2D-to-3D-image-reconstruction/facescape_224/fsmview_trainset_3_7_jaw_forward_29.jpg,0.04072039946913719,0.04956453666090965,0.008844137191772461,8.268453799188137,0.7165805101394653
431,/mnt/c/Users/Chirayu/Documents/GitHub/2D-to-3D-image-reconstruction/facescape_224/fsmview_trainset_20_16_grin_58.jpg,0.049611058086156845,0.049580756574869156,-3.030151128768921e-05,9.069243304431438,0.8117810487747192
236,/mnt/c/Users/Chirayu/Documents/GitHub/2D-to-3D-image-reconstruction/facescape_224/fsmview_trainset_12_13_lip_funneler_45.jpg,0.04942184314131737,0.04970770329236984,0.000285860151052475,8.834866538643837,0.7404313087463379
462,/mnt/c/Users/Chirayu/Documents/GitHub/2D-to-3D-image-reconstruction/facescape_224/fsmview_trainset_5_15_lip_roll_4.jpg,0.05760563164949417,0.04971570149064064,-0.007889930158853531,7.99983423948288,0.72282475233078
190,/mnt/c/Users/Chirayu/Documents/GitHub/2D-to-3D-image-reconstruction/facescape_224/fsmview_trainset_1_18_eye_closed_55.jpg,0.04662730544805527,0.04975886270403862,0.0031315572559833527,8.285276979207993,0.7478975057601929
332,/mnt/c/Users/Chirayu/Documents/GitHub/2D-to-3D-image-reconstruction/facescape_224/fsmview_trainset_2_10_dimpler_30.jpg,0.050062164664268494,0.05003054812550545,-3.1616538763046265e-05,9.066666407510638,0.745461642742157
710,/mnt/c/Users/Chirayu/Documents/GitHub/2D-to-3D-image-reconstruction/facescape_224/fsmview_trainset_8_13_lip_funneler_36.jpg,0.05760146304965019,0.05017035827040672,-0.007431104779243469,7.763142466545105,0.729569673538208
663,/mnt/c/Users/Chirayu/Documents/GitHub/2D-to-3D-image-reconstruction/facescape_224/fsmview_trainset_8_8_mouth_left_2.jpg,0.05143941193819046,0.05026509612798691,-0.0011743158102035522,7.77115298807621,0.6727173328399658
552,/mnt/c/Users/Chirayu/Documents/GitHub/2D-to-3D-image-reconstruction/facescape_224/fsmview_trainset_17_19_brow_raiser_15.jpg,0.04787071421742439,0.05028476566076279,0.002414051443338394,8.729878520593047,0.712821364402771
578,/mnt/c/Users/Chirayu/Documents/GitHub/2D-to-3D-image-reconstruction/facescape_224/fsmview_trainset_18_3_mouth_stretch_12.jpg,0.04835863411426544,0.05046631023287773,0.0021076761186122894,8.023642785847187,0.7621593475341797
936,/mnt/c/Users/Chirayu/Documents/GitHub/2D-to-3D-image-reconstruction/facescape_224/fsmview_trainset_17_10_dimpler_34.jpg,0.04382931441068649,0.050483886152505875,0.006654571741819382,8.101930275559425,0.6709200143814087
855,/mnt/c/Users/Chirayu/Documents/GitHub/2D-to-3D-image-reconstruction/facescape_224/fsmview_trainset_10_18_eye_closed_55.jpg,0.04833938181400299,0.05051575228571892,0.002176370471715927,8.334577839821577,0.7049522399902344
396,/mnt/c/Users/Chirayu/Documents/GitHub/2D-to-3D-image-reconstruction/facescape_224/fsmview_trainset_3_7_jaw_forward_32.jpg,0.047320324927568436,0.05065998062491417,0.0033396556973457336,8.160621296614408,0.6724732518196106
782,/mnt/c/Users/Chirayu/Documents/GitHub/2D-to-3D-image-reconstruction/facescape_224/fsmview_trainset_14_20_brow_lower_56.jpg,0.056276287883520126,0.05069498345255852,-0.005581304430961609,8.09865478053689,0.7564894556999207
738,/mnt/c/Users/Chirayu/Documents/GitHub/2D-to-3D-image-reconstruction/facescape_224/fsmview_trainset_8_20_brow_lower_25.jpg,0.05073140934109688,0.050708506256341934,-2.2903084754943848e-05,8.038170598447323,0.7149884700775146
846,/mnt/c/Users/Chirayu/Documents/GitHub/2D-to-3D-image-reconstruction/facescape_224/fsmview_trainset_13_6_jaw_right_38.jpg,0.051859814673662186,0.0507124587893486,-0.0011473558843135834,8.04302679747343,0.7132466435432434
456,/mnt/c/Users/Chirayu/Documents/GitHub/2D-to-3D-image-reconstruction/facescape_224/fsmview_trainset_17_1_neutral_32.jpg,0.047248244285583496,0.05073269084095955,0.003484446555376053,8.399280656129122,0.7154092192649841
465,/mnt/c/Users/Chirayu/Documents/GitHub/2D-to-3D-image-reconstruction/facescape_224/fsmview_trainset_9_17_cheek_blowing_5.jpg,0.048044074326753616,0.05081409588456154,0.0027700215578079224,7.777916446328163,0.6948378682136536
220,/mnt/c/Users/Chirayu/Documents/GitHub/2D-to-3D-image-reconstruction/facescape_224/fsmview_trainset_9_17_cheek_blowing_3.jpg,0.048875775188207626,0.0508594736456871,0.001983698457479477,7.368482358753681,0.6073775291442871
755,/mnt/c/Users/Chirayu/Documents/GitHub/2D-to-3D-image-reconstruction/facescape_224/fsmview_trainset_5_18_eye_closed_31.jpg,0.049508869647979736,0.050875987857580185,0.0013671182096004486,8.59004008024931,0.7132371664047241
596,/mnt/c/Users/Chirayu/Documents/GitHub/2D-to-3D-image-reconstruction/facescape_224/fsmview_trainset_14_1_neutral_59.jpg,0.04687937721610069,0.05089370533823967,0.004014328122138977,7.416070193052292,0.6421656012535095
630,/mnt/c/Users/Chirayu/Documents/GitHub/2D-to-3D-image-reconstruction/facescape_224/fsmview_trainset_12_16_grin_49.jpg,0.0526503250002861,0.050951551645994186,-0.001698773354291916,8.023312110453844,0.6946433186531067
365,/mnt/c/Users/Chirayu/Documents/GitHub/2D-to-3D-image-reconstruction/facescape_224/fsmview_trainset_11_15_lip_roll_56.jpg,0.05178866162896156,0.0510653555393219,-0.0007233060896396637,9.380198357626796,0.8078718781471252
563,/mnt/c/Users/Chirayu/Documents/GitHub/2D-to-3D-image-reconstruction/facescape_224/fsmview_trainset_4_18_eye_closed_50.jpg,0.045706722885370255,0.05117511749267578,0.005468394607305527,8.72877722978592,0.7255886793136597
436,/mnt/c/Users/Chirayu/Documents/GitHub/2D-to-3D-image-reconstruction/facescape_224/fsmview_trainset_10_5_jaw_left_6.jpg,0.04903392121195793,0.05119401589035988,0.002160094678401947,7.91270468942821,0.6877639293670654
588,/mnt/c/Users/Chirayu/Documents/GitHub/2D-to-3D-image-reconstruction/facescape_224/fsmview_trainset_11_3_mouth_stretch_17.jpg,0.047934640198946,0.05123448371887207,0.003299843519926071,7.722503650933504,0.73433518409729
423,/mnt/c/Users/Chirayu/Documents/GitHub/2D-to-3D-image-reconstruction/facescape_224/fsmview_trainset_12_9_mouth_right_54.jpg,0.05371273308992386,0.051276423037052155,-0.002436310052871704,9.005849933251739,0.7510594129562378
457,/mnt/c/Users/Chirayu/Documents/GitHub/2D-to-3D-image-reconstruction/facescape_224/fsmview_trainset_14_13_lip_funneler_34.jpg,0.04413557052612305,0.051334451884031296,0.007198881357908249,7.944421036168933,0.7732402086257935
637,/mnt/c/Users/Chirayu/Documents/GitHub/2D-to-3D-image-reconstruction/facescape_224/fsmview_trainset_3_14_sadness_39.jpg,0.04943396896123886,0.0513710118830204,0.00193704292178154,7.85038448125124,0.6985384225845337
447,/mnt/c/Users/Chirayu/Documents/GitHub/2D-to-3D-image-reconstruction/facescape_224/fsmview_trainset_12_1_neutral_15.jpg,0.054601039737463,0.05142243206501007,-0.0031786076724529266,8.941838767379522,0.732732892036438
386,/mnt/c/Users/Chirayu/Documents/GitHub/2D-to-3D-image-reconstruction/facescape_224/fsmview_trainset_14_16_grin_35.jpg,0.047881316393613815,0.05142652988433838,0.0035452134907245636,8.745499516837299,0.7330237627029419
950,/mnt/c/Users/Chirayu/Documents/GitHub/2D-to-3D-image-reconstruction/facescape_224/fsmview_trainset_20_12_lip_puckerer_18.jpg,0.05465492606163025,0.051452308893203735,-0.0032026171684265137,7.907431207597256,0.6333244442939758
159,/mnt/c/Users/Chirayu/Documents/GitHub/2D-to-3D-image-reconstruction/facescape_224/fsmview_trainset_8_10_dimpler_53.jpg,0.04999253898859024,0.05145564302802086,0.0014631040394306183,8.161076337099075,0.7183411717414856
44,/mnt/c/Users/Chirayu/Documents/GitHub/2D-to-3D-image-reconstruction/facescape_224/fsmview_trainset_6_9_mouth_right_32.jpg,0.04959630221128464,0.05156470835208893,0.0019684061408042908,7.844391718506813,0.6494607925415039
547,/mnt/c/Users/Chirayu/Documents/GitHub/2D-to-3D-image-reconstruction/facescape_224/fsmview_trainset_14_5_jaw_left_30.jpg,0.043496258556842804,0.05157672241330147,0.008080463856458664,7.098522126674652,0.6203977465629578
2,/mnt/c/Users/Chirayu/Documents/GitHub/2D-to-3D-image-reconstruction/facescape_224/fsmview_trainset_7_2_smile_1.jpg,0.05356009304523468,0.05157991871237755,-0.001980174332857132,8.282746508717537,0.7087438702583313
451,/mnt/c/Users/Chirayu/Documents/GitHub/2D-to-3D-image-reconstruction/facescape_224/fsmview_trainset_9_14_sadness_30.jpg,0.05249372869729996,0.05159272998571396,-0.0009009987115859985,8.189075011759996,0.6763918399810791
944,/mnt/c/Users/Chirayu/Documents/GitHub/2D-to-3D-image-reconstruction/facescape_224/fsmview_trainset_13_4_anger_40.jpg,0.052728377282619476,0.05173555016517639,-0.0009928271174430847,7.480822462588549,0.6133760809898376
985,/mnt/c/Users/Chirayu/Documents/GitHub/2D-to-3D-image-reconstruction/facescape_224/fsmview_trainset_15_3_mouth_stretch_65.jpg,0.052545953541994095,0.05182570219039917,-0.0007202513515949249,8.721478309482336,0.8267682790756226
967,/mnt/c/Users/Chirayu/Documents/GitHub/2D-to-3D-image-reconstruction/facescape_224/fsmview_trainset_9_17_cheek_blowing_32.jpg,0.04733385145664215,0.05183890834450722,0.0045050568878650665,7.2151219472289085,0.6146603226661682
546,/mnt/c/Users/Chirayu/Documents/GitHub/2D-to-3D-image-reconstruction/facescape_224/fsmview_trainset_20_11_chin_raiser_13.jpg,0.0534522570669651,0.051877234131097794,-0.0015750229358673096,8.468427769839764,0.7004931569099426
807,/mnt/c/Users/Chirayu/Documents/GitHub/2D-to-3D-image-reconstruction/facescape_224/fsmview_trainset_8_14_sadness_2.jpg,0.053333912044763565,0.05196867138147354,-0.0013652406632900238,7.726361431181431,0.6844833493232727
525,/mnt/c/Users/Chirayu/Documents/GitHub/2D-to-3D-image-reconstruction/facescape_224/fsmview_trainset_14_15_lip_roll_20.jpg,0.05107264965772629,0.05200599133968353,0.0009333416819572449,7.370327651500702,0.644926130771637
152,/mnt/c/Users/Chirayu/Documents/GitHub/2D-to-3D-image-reconstruction/facescape_224/fsmview_trainset_10_6_jaw_right_7.jpg,0.0472111701965332,0.052040450274944305,0.004829280078411102,7.463750585913658,0.6542377471923828
301,/mnt/c/Users/Chirayu/Documents/GitHub/2D-to-3D-image-reconstruction/facescape_224/fsmview_trainset_19_4_anger_16.jpg,0.05268050357699394,0.05210971087217331,-0.0005707927048206329,9.267053879797459,0.769146203994751
693,/mnt/c/Users/Chirayu/Documents/GitHub/2D-to-3D-image-reconstruction/facescape_224/fsmview_trainset_13_18_eye_closed_5.jpg,0.05346328765153885,0.05213599279522896,-0.0013272948563098907,8.663168400526047,0.6739336252212524
668,/mnt/c/Users/Chirayu/Documents/GitHub/2D-to-3D-image-reconstruction/facescape_224/fsmview_trainset_3_10_dimpler_47.jpg,0.04485541209578514,0.052139729261398315,0.0072843171656131744,9.062768075615168,0.7528312802314758
177,/mnt/c/Users/Chirayu/Documents/GitHub/2D-to-3D-image-reconstruction/facescape_224/fsmview_trainset_14_8_mouth_left_58.jpg,0.05393790826201439,0.05229688808321953,-0.0016410201787948608,8.275244131684303,0.755927562713623
716,/mnt/c/Users/Chirayu/Documents/GitHub/2D-to-3D-image-reconstruction/facescape_224/fsmview_trainset_1_16_grin_35.jpg,0.05792735517024994,0.05236225947737694,-0.005565095692873001,8.502373822033405,0.774600088596344
638,/mnt/c/Users/Chirayu/Documents/GitHub/2D-to-3D-image-reconstruction/facescape_224/fsmview_trainset_12_2_smile_52.jpg,0.0529448464512825,0.052377622574567795,-0.0005672238767147064,7.891920864582062,0.6393435597419739
183,/mnt/c/Users/Chirayu/Documents/GitHub/2D-to-3D-image-reconstruction/facescape_224/fsmview_trainset_9_4_anger_35.jpg,0.055356383323669434,0.052505012601614,-0.002851370722055435,8.297032341361046,0.6379796862602234
514,/mnt/c/Users/Chirayu/Documents/GitHub/2D-to-3D-image-reconstruction/facescape_224/fsmview_trainset_13_7_jaw_forward_16.jpg,0.053132563829422,0.052864328026771545,-0.00026823580265045166,8.682694731280208,0.7290912866592407
655,/mnt/c/Users/Chirayu/Documents/GitHub/2D-to-3D-image-reconstruction/facescape_224/fsmview_trainset_10_20_brow_lower_19.jpg,0.04939548671245575,0.052914999425411224,0.003519512712955475,8.622574616689235,0.7256430983543396
649,/mnt/c/Users/Chirayu/Documents/GitHub/2D-to-3D-image-reconstruction/facescape_224/fsmview_trainset_7_19_brow_raiser_27.jpg,0.05627835541963577,0.05304327607154846,-0.003235079348087311,8.892249248921871,0.7364705801010132
618,/mnt/c/Users/Chirayu/Documents/GitHub/2D-to-3D-image-reconstruction/facescape_224/fsmview_trainset_15_6_jaw_right_18.jpg,0.0507415272295475,0.05307665467262268,0.00233512744307518,8.18061388283968,0.7121340036392212
975,/mnt/c/Users/Chirayu/Documents/GitHub/2D-to-3D-image-reconstruction/facescape_224/fsmview_trainset_13_9_mouth_right_25.jpg,0.043130967766046524,0.053110409528017044,0.00997944176197052,9.033218991942704,0.7370760440826416
974,/mnt/c/Users/Chirayu/Documents/GitHub/2D-to-3D-image-reconstruction/facescape_224/fsmview_trainset_12_4_anger_18.jpg,0.05207565426826477,0.05313243716955185,0.0010567829012870789,8.821197669953108,0.7247955799102783
316,/mnt/c/Users/Chirayu/Documents/GitHub/2D-to-3D-image-reconstruction/facescape_224/fsmview_trainset_20_3_mouth_stretch_60.jpg,0.05461609363555908,0.05332549288868904,-0.001290600746870041,8.676722833886743,0.7998948693275452
605,/mnt/c/Users/Chirayu/Documents/GitHub/2D-to-3D-image-reconstruction/facescape_224/fsmview_trainset_15_16_grin_18.jpg,0.046657744795084,0.05336996540427208,0.00671222060918808,8.137356791645288,0.7462011575698853
115,/mnt/c/Users/Chirayu/Documents/GitHub/2D-to-3D-image-reconstruction/facescape_224/fsmview_trainset_19_2_smile_50.jpg,0.0545177087187767,0.053441572934389114,-0.0010761357843875885,8.943535175174475,0.6843060851097107
634,/mnt/c/Users/Chirayu/Documents/GitHub/2D-to-3D-image-reconstruction/facescape_224/fsmview_trainset_3_13_lip_funneler_6.jpg,0.0540412962436676,0.05344932898879051,-0.0005919672548770905,8.32680281624198,0.7538151741027832
529,/mnt/c/Users/Chirayu/Documents/GitHub/2D-to-3D-image-reconstruction/facescape_224/fsmview_trainset_14_1_neutral_38.jpg,0.05470551550388336,0.05346840247511864,-0.0012371130287647247,7.608468346297741,0.6248171925544739
15,/mnt/c/Users/Chirayu/Documents/GitHub/2D-to-3D-image-reconstruction/facescape_224/fsmview_trainset_19_10_dimpler_6.jpg,0.0546058714389801,0.05347941815853119,-0.0011264532804489136,8.967051154002547,0.7375433444976807
210,/mnt/c/Users/Chirayu/Documents/GitHub/2D-to-3D-image-reconstruction/facescape_224/fsmview_trainset_20_13_lip_funneler_65.jpg,0.05232270061969757,0.05363454669713974,0.0013118460774421692,8.973218063823879,0.7859776020050049
353,/mnt/c/Users/Chirayu/Documents/GitHub/2D-to-3D-image-reconstruction/facescape_224/fsmview_trainset_14_10_dimpler_38.jpg,0.06696576625108719,0.053841732442379,-0.013124033808708191,7.8091678991913795,0.6443603038787842
766,/mnt/c/Users/Chirayu/Documents/GitHub/2D-to-3D-image-reconstruction/facescape_224/fsmview_trainset_13_3_mouth_stretch_53.jpg,0.05114028602838516,0.05393047630786896,0.002790190279483795,7.869289455935359,0.6832380294799805
712,/mnt/c/Users/Chirayu/Documents/GitHub/2D-to-3D-image-reconstruction/facescape_224/fsmview_trainset_8_9_mouth_right_25.jpg,0.054126039147377014,0.053997863084077835,-0.00012817606329917908,7.336973056197166,0.6573430895805359
785,/mnt/c/Users/Chirayu/Documents/GitHub/2D-to-3D-image-reconstruction/facescape_224/fsmview_trainset_19_18_eye_closed_47.jpg,0.055072687566280365,0.05408637598156929,-0.0009863115847110748,8.900325026363134,0.7110423445701599
743,/mnt/c/Users/Chirayu/Documents/GitHub/2D-to-3D-image-reconstruction/facescape_224/fsmview_trainset_16_5_jaw_left_5.jpg,0.04924839735031128,0.054144613444805145,0.004896216094493866,7.777191501110792,0.6705102324485779
518,/mnt/c/Users/Chirayu/Documents/GitHub/2D-to-3D-image-reconstruction/facescape_224/fsmview_trainset_19_16_grin_8.jpg,0.042562197893857956,0.05438660457730293,0.011824406683444977,8.85574458539486,0.7825589776039124
440,/mnt/c/Users/Chirayu/Documents/GitHub/2D-to-3D-image-reconstruction/facescape_224/fsmview_trainset_12_5_jaw_left_18.jpg,0.0545797236263752,0.0544893816113472,-9.034201502799988e-05,8.966426810249686,0.7339714765548706
582,/mnt/c/Users/Chirayu/Documents/GitHub/2D-to-3D-image-reconstruction/facescape_224/fsmview_trainset_3_4_anger_2.jpg,0.04915181174874306,0.0546749010682106,0.0055230893194675446,8.492666378617287,0.7414118647575378
109,/mnt/c/Users/Chirayu/Documents/GitHub/2D-to-3D-image-reconstruction/facescape_224/fsmview_trainset_9_6_jaw_right_23.jpg,0.05213232338428497,0.054693251848220825,0.002560928463935852,8.798064299859107,0.7303250432014465
91,/mnt/c/Users/Chirayu/Documents/GitHub/2D-to-3D-image-reconstruction/facescape_224/fsmview_trainset_19_16_grin_26.jpg,0.05871288850903511,0.054952654987573624,-0.003760233521461487,9.143226984888315,0.7719964385032654
574,/mnt/c/Users/Chirayu/Documents/GitHub/2D-to-3D-image-reconstruction/facescape_224/fsmview_trainset_5_18_eye_closed_20.jpg,0.05527254939079285,0.055078987032175064,-0.0001935623586177826,8.81894926354289,0.7465193867683411
151,/mnt/c/Users/Chirayu/Documents/GitHub/2D-to-3D-image-reconstruction/facescape_224/fsmview_trainset_12_18_eye_closed_29.jpg,0.05429680272936821,0.05522361397743225,0.0009268112480640411,9.265811026096344,0.7655795812606812
794,/mnt/c/Users/Chirayu/Documents/GitHub/2D-to-3D-image-reconstruction/facescape_224/fsmview_trainset_16_7_jaw_forward_20.jpg,0.05548757687211037,0.05546429008245468,-2.3286789655685425e-05,8.802513960748911,0.73959881067276
33,/mnt/c/Users/Chirayu/Documents/GitHub/2D-to-3D-image-reconstruction/facescape_224/fsmview_trainset_8_20_brow_lower_3.jpg,0.05248482897877693,0.05563143268227577,0.0031466037034988403,8.052827060222626,0.7338283061981201
955,/mnt/c/Users/Chirayu/Documents/GitHub/2D-to-3D-image-reconstruction/facescape_224/fsmview_trainset_12_14_sadness_36.jpg,0.05428482964634895,0.05578342452645302,0.001498594880104065,8.626857731491327,0.7348041534423828
697,/mnt/c/Users/Chirayu/Documents/GitHub/2D-to-3D-image-reconstruction/facescape_224/fsmview_trainset_2_1_neutral_31.jpg,0.058205295354127884,0.05589274689555168,-0.0023125484585762024,8.82591450214386,0.6991910338401794
401,/mnt/c/Users/Chirayu/Documents/GitHub/2D-to-3D-image-reconstruction/facescape_224/fsmview_trainset_19_11_chin_raiser_48.jpg,0.05617864802479744,0.05599121376872063,-0.00018743425607681274,7.912871733307838,0.6743003726005554
387,/mnt/c/Users/Chirayu/Documents/GitHub/2D-to-3D-image-reconstruction/facescape_224/fsmview_trainset_17_15_lip_roll_35.jpg,0.05233472213149071,0.05603927746415138,0.003704555332660675,8.198468510061502,0.6995307803153992
791,/mnt/c/Users/Chirayu/Documents/GitHub/2D-to-3D-image-reconstruction/facescape_224/fsmview_trainset_3_5_jaw_left_19.jpg,0.0536268912255764,0.05617271363735199,0.002545822411775589,8.472812629304826,0.6879318952560425
320,/mnt/c/Users/Chirayu/Documents/GitHub/2D-to-3D-image-reconstruction/facescape_224/fsmview_trainset_20_13_lip_funneler_35.jpg,0.05575244873762131,0.05618586391210556,0.00043341517448425293,8.508215674199164,0.715749204158783
482,/mnt/c/Users/Chirayu/Documents/GitHub/2D-to-3D-image-reconstruction/facescape_224/fsmview_trainset_3_15_lip_roll_19.jpg,0.05185287818312645,0.05625542625784874,0.00440254807472229,8.325518592260778,0.7003868222236633
899,/mnt/c/Users/Chirayu/Documents/GitHub/2D-to-3D-image-reconstruction/facescape_224/fsmview_trainset_16_1_neutral_29.jpg,0.04991152510046959,0.056572530418634415,0.0066610053181648254,7.9635277427732944,0.656173586845398
43,/mnt/c/Users/Chirayu/Documents/GitHub/2D-to-3D-image-reconstruction/facescape_224/fsmview_trainset_20_12_lip_puckerer_13.jpg,0.056990377604961395,0.05660158023238182,-0.0003887973725795746,8.995605323463678,0.7326112985610962
194,/mnt/c/Users/Chirayu/Documents/GitHub/2D-to-3D-image-reconstruction/facescape_224/fsmview_trainset_12_13_lip_funneler_49.jpg,0.057959411293268204,0.05661066994071007,-0.001348741352558136,8.086179319769144,0.7037091851234436
185,/mnt/c/Users/Chirayu/Documents/GitHub/2D-to-3D-image-reconstruction/facescape_224/fsmview_trainset_13_7_jaw_forward_55.jpg,0.04866555333137512,0.05665620043873787,0.007990647107362747,8.693289239425212,0.7521576881408691
271,/mnt/c/Users/Chirayu/Documents/GitHub/2D-to-3D-image-reconstruction/facescape_224/fsmview_trainset_20_10_dimpler_13.jpg,0.05828433856368065,0.056668177247047424,-0.0016161613166332245,8.541423216462135,0.7248720526695251
816,/mnt/c/Users/Chirayu/Documents/GitHub/2D-to-3D-image-reconstruction/facescape_224/fsmview_trainset_8_1_neutral_55.jpg,0.04931816831231117,0.05668285861611366,0.00736469030380249,7.894911959767342,0.7136627435684204
905,/mnt/c/Users/Chirayu/Documents/GitHub/2D-to-3D-image-reconstruction/facescape_224/fsmview_trainset_4_7_jaw_forward_2.jpg,0.06296011805534363,0.05669884756207466,-0.006261270493268967,7.5870768167078495,0.6835425496101379
247,/mnt/c/Users/Chirayu/Documents/GitHub/2D-to-3D-image-reconstruction/facescape_224/fsmview_trainset_7_11_chin_raiser_53.jpg,0.05918663367629051,0.05671210214495659,-0.0024745315313339233,7.955314204096794,0.6872418522834778
992,/mnt/c/Users/Chirayu/Documents/GitHub/2D-to-3D-image-reconstruction/facescape_224/fsmview_trainset_8_19_brow_raiser_46.jpg,0.052212707698345184,0.05681044980883598,0.004597742110490799,7.9701684564352036,0.6966549158096313
126,/mnt/c/Users/Chirayu/Documents/GitHub/2D-to-3D-image-reconstruction/facescape_224/fsmview_trainset_1_16_grin_12.jpg,0.05236942693591118,0.05688968300819397,0.004520256072282791,7.767695628106594,0.739725649356842
963,/mnt/c/Users/Chirayu/Documents/GitHub/2D-to-3D-image-reconstruction/facescape_224/fsmview_trainset_18_14_sadness_22.jpg,0.05633587762713432,0.0570593997836113,0.0007235221564769745,8.969406448304653,0.7342046499252319
150,/mnt/c/Users/Chirayu/Documents/GitHub/2D-to-3D-image-reconstruction/facescape_224/fsmview_trainset_11_16_grin_65.jpg,0.05806458741426468,0.057127274572849274,-0.0009373128414154053,8.968476943671703,0.7759599089622498
689,/mnt/c/Users/Chirayu/Documents/GitHub/2D-to-3D-image-reconstruction/facescape_224/fsmview_trainset_18_1_neutral_5.jpg,0.05115605890750885,0.05722681060433388,0.0060707516968250275,8.371402446180582,0.7242004871368408
932,/mnt/c/Users/Chirayu/Documents/GitHub/2D-to-3D-image-reconstruction/facescape_224/fsmview_trainset_19_8_mouth_left_24.jpg,0.053194355219602585,0.05731320008635521,0.0041188448667526245,9.122519542463124,0.7653153538703918
961,/mnt/c/Users/Chirayu/Documents/GitHub/2D-to-3D-image-reconstruction/facescape_224/fsmview_trainset_17_4_anger_5.jpg,0.05545904487371445,0.05731743201613426,0.001858387142419815,8.752500215545297,0.7019720673561096
88,/mnt/c/Users/Chirayu/Documents/GitHub/2D-to-3D-image-reconstruction/facescape_224/fsmview_trainset_12_4_anger_14.jpg,0.057260267436504364,0.05743369832634926,0.0001734308898448944,9.361879071220756,0.7693744897842407
105,/mnt/c/Users/Chirayu/Documents/GitHub/2D-to-3D-image-reconstruction/facescape_224/fsmview_trainset_18_4_anger_7.jpg,0.052234552800655365,0.05757464841008186,0.005340095609426498,8.119954071938992,0.7035149931907654
873,/mnt/c/Users/Chirayu/Documents/GitHub/2D-to-3D-image-reconstruction/facescape_224/fsmview_trainset_6_7_jaw_forward_24.jpg,0.0567161962389946,0.05758178234100342,0.0008655861020088196,8.520900405943394,0.7039015293121338
857,/mnt/c/Users/Chirayu/Documents/GitHub/2D-to-3D-image-reconstruction/facescape_224/fsmview_trainset_10_5_jaw_left_3.jpg,0.058497004210948944,0.057619303464889526,-0.0008777007460594177,7.88575653731823,0.7191279530525208
499,/mnt/c/Users/Chirayu/Documents/GitHub/2D-to-3D-image-reconstruction/facescape_224/fsmview_trainset_14_12_lip_puckerer_65.jpg,0.05641046166419983,0.057715244591236115,0.0013047829270362854,9.21738257445395,0.8318526744842529
406,/mnt/c/Users/Chirayu/Documents/GitHub/2D-to-3D-image-reconstruction/facescape_224/fsmview_trainset_6_11_chin_raiser_2.jpg,0.0525563582777977,0.05783664062619209,0.005280282348394394,8.566960368305445,0.7250571250915527
874,/mnt/c/Users/Chirayu/Documents/GitHub/2D-to-3D-image-reconstruction/facescape_224/fsmview_trainset_9_17_cheek_blowing_29.jpg,0.051213644444942474,0.05792161449790001,0.006707970052957535,8.1942686624825,0.7098686695098877
536,/mnt/c/Users/Chirayu/Documents/GitHub/2D-to-3D-image-reconstruction/facescape_224/fsmview_trainset_19_9_mouth_right_26.jpg,0.06406114250421524,0.057980094105005264,-0.006081048399209976,9.251493148505688,0.7620555758476257
969,/mnt/c/Users/Chirayu/Documents/GitHub/2D-to-3D-image-reconstruction/facescape_224/fsmview_trainset_16_10_dimpler_19.jpg,0.05256635323166847,0.05800195038318634,0.005435597151517868,9.239898198284209,0.7645407915115356
556,/mnt/c/Users/Chirayu/Documents/GitHub/2D-to-3D-image-reconstruction/facescape_224/fsmview_trainset_12_1_neutral_30.jpg,0.057330403476953506,0.05814417824149132,0.0008137747645378113,9.39588487148285,0.7765955328941345
240,/mnt/c/Users/Chirayu/Documents/GitHub/2D-to-3D-image-reconstruction/facescape_224/fsmview_trainset_4_8_mouth_left_25.jpg,0.05718506500124931,0.05816677585244179,0.0009817108511924744,7.969292730093002,0.6980534791946411
24,/mnt/c/Users/Chirayu/Documents/GitHub/2D-to-3D-image-reconstruction/facescape_224/fsmview_trainset_9_2_smile_19.jpg,0.054400473833084106,0.05821903422474861,0.003818560391664505,9.209884721785784,0.7489627599716187
830,/mnt/c/Users/Chirayu/Documents/GitHub/2D-to-3D-image-reconstruction/facescape_224/fsmview_trainset_5_7_jaw_forward_2.jpg,0.0633055567741394,0.05856472626328468,-0.004740830510854721,8.700637061148882,0.6896514296531677
195,/mnt/c/Users/Chirayu/Documents/GitHub/2D-to-3D-image-reconstruction/facescape_224/fsmview_trainset_19_20_brow_lower_36.jpg,0.06213486194610596,0.05889127030968666,-0.0032435916364192963,8.862104780972004,0.7066051959991455
413,/mnt/c/Users/Chirayu/Documents/GitHub/2D-to-3D-image-reconstruction/facescape_224/fsmview_trainset_10_13_lip_funneler_16.jpg,0.05648541450500488,0.05899488180875778,0.002509467303752899,7.636409614235163,0.6774710416793823
441,/mnt/c/Users/Chirayu/Documents/GitHub/2D-to-3D-image-reconstruction/facescape_224/fsmview_trainset_3_15_lip_roll_13.jpg,0.05905813351273537,0.05915417522192001,9.60417091846466e-05,8.420012008398771,0.7190346121788025
314,/mnt/c/Users/Chirayu/Documents/GitHub/2D-to-3D-image-reconstruction/facescape_224/fsmview_trainset_15_20_brow_lower_65.jpg,0.05950208380818367,0.05918469280004501,-0.0003173910081386566,8.605843372642994,0.7985945343971252
476,/mnt/c/Users/Chirayu/Documents/GitHub/2D-to-3D-image-reconstruction/facescape_224/fsmview_trainset_18_20_brow_lower_5.jpg,0.05490979924798012,0.05933556333184242,0.004425764083862305,8.368598632514477,0.6953595876693726
947,/mnt/c/Users/Chirayu/Documents/GitHub/2D-to-3D-image-reconstruction/facescape_224/fsmview_trainset_10_18_eye_closed_25.jpg,0.05928099900484085,0.059417206794023514,0.00013620778918266296,7.948995031416416,0.7380917072296143
297,/mnt/c/Users/Chirayu/Documents/GitHub/2D-to-3D-image-reconstruction/facescape_224/fsmview_trainset_18_8_mouth_left_29.jpg,0.057490866631269455,0.059461236000061035,0.00197036936879158,8.958438858389854,0.6990857720375061
149,/mnt/c/Users/Chirayu/Documents/GitHub/2D-to-3D-image-reconstruction/facescape_224/fsmview_trainset_7_20_brow_lower_32.jpg,0.054646920412778854,0.05955444276332855,0.004907522350549698,8.01778157427907,0.6823294162750244
156,/mnt/c/Users/Chirayu/Documents/GitHub/2D-to-3D-image-reconstruction/facescape_224/fsmview_trainset_15_12_lip_puckerer_43.jpg,0.05755186825990677,0.05969121307134628,0.002139344811439514,8.381323881447315,0.6787795424461365
866,/mnt/c/Users/Chirayu/Documents/GitHub/2D-to-3D-image-reconstruction/facescape_224/fsmview_trainset_8_13_lip_funneler_29.jpg,0.05470123142004013,0.05977793410420418,0.005076702684164047,7.922652583569288,0.6842537522315979
19,/mnt/c/Users/Chirayu/Documents/GitHub/2D-to-3D-image-reconstruction/facescape_224/fsmview_trainset_5_19_brow_raiser_56.jpg,0.06225888058543205,0.059809327125549316,-0.002449553459882736,8.613487593829632,0.7492383122444153
50,/mnt/c/Users/Chirayu/Documents/GitHub/2D-to-3D-image-reconstruction/facescape_224/fsmview_trainset_13_20_brow_lower_47.jpg,0.05327817425131798,0.0598386749625206,0.0065605007112026215,7.9614730179309845,0.6575912833213806
111,/mnt/c/Users/Chirayu/Documents/GitHub/2D-to-3D-image-reconstruction/facescape_224/fsmview_trainset_18_11_chin_raiser_19.jpg,0.05530950054526329,0.05990109220147133,0.004591591656208038,9.356673845089972,0.7355231046676636
745,/mnt/c/Users/Chirayu/Documents/GitHub/2D-to-3D-image-reconstruction/facescape_224/fsmview_trainset_18_17_cheek_blowing_9.jpg,0.053859446197748184,0.05994875356554985,0.006089307367801666,8.434078104794025,0.7283304929733276
407,/mnt/c/Users/Chirayu/Documents/GitHub/2D-to-3D-image-reconstruction/facescape_224/fsmview_trainset_6_4_anger_1.jpg,0.06018153205513954,0.06006692349910736,-0.00011460855603218079,7.901442758738995,0.7224359512329102
329,/mnt/c/Users/Chirayu/Documents/GitHub/2D-to-3D-image-reconstruction/facescape_224/fsmview_trainset_17_2_smile_37.jpg,0.054148171097040176,0.06017459183931351,0.006026420742273331,7.85399922914803,0.6539453268051147
645,/mnt/c/Users/Chirayu/Documents/GitHub/2D-to-3D-image-reconstruction/facescape_224/fsmview_trainset_13_19_brow_raiser_4.jpg,0.058666080236434937,0.06028091162443161,0.0016148313879966736,9.293178084306419,0.7606867551803589
713,/mnt/c/Users/Chirayu/Documents/GitHub/2D-to-3D-image-reconstruction/facescape_224/fsmview_trainset_19_18_eye_closed_2.jpg,0.0625230148434639,0.06034271791577339,-0.002180296927690506,9.458635907620192,0.7646185755729675
279,/mnt/c/Users/Chirayu/Documents/GitHub/2D-to-3D-image-reconstruction/facescape_224/fsmview_trainset_8_5_jaw_left_2.jpg,0.06356708705425262,0.06038369983434677,-0.0031833872199058533,8.04151277244091,0.7323072552680969
852,/mnt/c/Users/Chirayu/Documents/GitHub/2D-to-3D-image-reconstruction/facescape_224/fsmview_trainset_7_9_mouth_right_1.jpg,0.05821450054645538,0.06044813618063927,0.0022336356341838837,8.16127935051918,0.708787202835083
59,/mnt/c/Users/Chirayu/Documents/GitHub/2D-to-3D-image-reconstruction/facescape_224/fsmview_trainset_20_10_dimpler_26.jpg,0.05275649577379227,0.060675621032714844,0.007919125258922577,8.155362874269485,0.7183336615562439
4,/mnt/c/Users/Chirayu/Documents/GitHub/2D-to-3D-image-reconstruction/facescape_224/fsmview_trainset_17_9_mouth_right_9.jpg,0.05628180503845215,0.06093068793416023,0.004648882895708084,8.558251827955246,0.6744886040687561
466,/mnt/c/Users/Chirayu/Documents/GitHub/2D-to-3D-image-reconstruction/facescape_224/fsmview_trainset_3_17_cheek_blowing_13.jpg,0.06404557079076767,0.061080146580934525,-0.002965424209833145,8.693994287401438,0.7177025079727173
444,/mnt/c/Users/Chirayu/Documents/GitHub/2D-to-3D-image-reconstruction/facescape_224/fsmview_trainset_3_2_smile_38.jpg,0.054422490298748016,0.06111892685294151,0.006696436554193497,8.084904912859201,0.7366532683372498
299,/mnt/c/Users/Chirayu/Documents/GitHub/2D-to-3D-image-reconstruction/facescape_224/fsmview_trainset_12_17_cheek_blowing_45.jpg,0.05117218568921089,0.061348412185907364,0.010176226496696472,9.08800636511296,0.7688723802566528
101,/mnt/c/Users/Chirayu/Documents/GitHub/2D-to-3D-image-reconstruction/facescape_224/fsmview_trainset_14_5_jaw_left_64.jpg,0.06145382672548294,0.06163463741540909,0.00018081068992614746,8.220720563083887,0.786300003528595
114,/mnt/c/Users/Chirayu/Documents/GitHub/2D-to-3D-image-reconstruction/facescape_224/fsmview_trainset_17_15_lip_roll_3.jpg,0.06290037930011749,0.06175947189331055,-0.0011409074068069458,7.811862587928772,0.667433500289917
922,/mnt/c/Users/Chirayu/Documents/GitHub/2D-to-3D-image-reconstruction/facescape_224/fsmview_trainset_11_12_lip_puckerer_16.jpg,0.05415336787700653,0.0618651881814003,0.007711820304393768,7.8266098536551,0.6525065898895264
483,/mnt/c/Users/Chirayu/Documents/GitHub/2D-to-3D-image-reconstruction/facescape_224/fsmview_trainset_14_9_mouth_right_26.jpg,0.050261180847883224,0.061865225434303284,0.01160404458642006,7.997664131224155,0.7359469532966614
566,/mnt/c/Users/Chirayu/Documents/GitHub/2D-to-3D-image-reconstruction/facescape_224/fsmview_trainset_15_2_smile_58.jpg,0.0603996179997921,0.06186918541789055,0.0014695674180984497,8.654795534908772,0.7834175825119019
864,/mnt/c/Users/Chirayu/Documents/GitHub/2D-to-3D-image-reconstruction/facescape_224/fsmview_trainset_18_17_cheek_blowing_18.jpg,0.05724193900823593,0.06204800680279732,0.004806067794561386,9.177188649773598,0.7383276224136353
878,/mnt/c/Users/Chirayu/Documents/GitHub/2D-to-3D-image-reconstruction/facescape_224/fsmview_trainset_17_16_grin_35.jpg,0.05792921036481857,0.06210913509130478,0.004179924726486206,8.91881387680769,0.7484023571014404
304,/mnt/c/Users/Chirayu/Documents/GitHub/2D-to-3D-image-reconstruction/facescape_224/fsmview_trainset_15_18_eye_closed_18.jpg,0.04822232201695442,0.062289390712976456,0.014067068696022034,8.40464474260807,0.7213541269302368
92,/mnt/c/Users/Chirayu/Documents/GitHub/2D-to-3D-image-reconstruction/facescape_224/fsmview_trainset_5_13_lip_funneler_12.jpg,0.058562494814395905,0.06244254112243652,0.003880046308040619,8.347543984651566,0.7093088626861572
611,/mnt/c/Users/Chirayu/Documents/GitHub/2D-to-3D-image-reconstruction/facescape_224/fsmview_trainset_17_4_anger_19.jpg,0.057381365448236465,0.06273636966943741,0.005355004221200943,9.155456617474556,0.7805818319320679
957,/mnt/c/Users/Chirayu/Documents/GitHub/2D-to-3D-image-reconstruction/facescape_224/fsmview_trainset_13_19_brow_raiser_39.jpg,0.06946975737810135,0.06295501440763474,-0.006514742970466614,8.895932666957378,0.7255883812904358
788,/mnt/c/Users/Chirayu/Documents/GitHub/2D-to-3D-image-reconstruction/facescape_224/fsmview_trainset_12_7_jaw_forward_28.jpg,0.04974641650915146,0.0629664957523346,0.013220079243183136,9.07002598233521,0.7417380213737488
259,/mnt/c/Users/Chirayu/Documents/GitHub/2D-to-3D-image-reconstruction/facescape_224/fsmview_trainset_6_12_lip_puckerer_20.jpg,0.05719149112701416,0.06299128383398056,0.0057997927069664,9.02192054875195,0.754555881023407
916,/mnt/c/Users/Chirayu/Documents/GitHub/2D-to-3D-image-reconstruction/facescape_224/fsmview_trainset_6_17_cheek_blowing_19.jpg,0.05185501277446747,0.06321926414966583,0.011364251375198364,8.751785481814295,0.7705640196800232
768,/mnt/c/Users/Chirayu/Documents/GitHub/2D-to-3D-image-reconstruction/facescape_224/fsmview_trainset_7_11_chin_raiser_54.jpg,0.06402815133333206,0.06352170556783676,-0.0005064457654953003,8.079332444816828,0.701939046382904
289,/mnt/c/Users/Chirayu/Documents/GitHub/2D-to-3D-image-reconstruction/facescape_224/fsmview_trainset_11_15_lip_roll_12.jpg,0.06308143585920334,0.06370038539171219,0.0006189495325088501,8.021382495760918,0.6530097723007202
591,/mnt/c/Users/Chirayu/Documents/GitHub/2D-to-3D-image-reconstruction/facescape_224/fsmview_trainset_19_12_lip_puckerer_5.jpg,0.05689564719796181,0.06373818218708038,0.006842534989118576,8.367726020514965,0.6894313097000122
328,/mnt/c/Users/Chirayu/Documents/GitHub/2D-to-3D-image-reconstruction/facescape_224/fsmview_trainset_11_11_chin_raiser_56.jpg,0.06659170985221863,0.06386713683605194,-0.002724573016166687,9.255677036941051,0.8054042458534241
767,/mnt/c/Users/Chirayu/Documents/GitHub/2D-to-3D-image-reconstruction/facescape_224/fsmview_trainset_19_9_mouth_right_24.jpg,0.05660948529839516,0.06409430503845215,0.007484819740056992,9.44936978816986,0.7952723503112793
302,/mnt/c/Users/Chirayu/Documents/GitHub/2D-to-3D-image-reconstruction/facescape_224/fsmview_trainset_18_7_jaw_forward_19.jpg,0.06255745887756348,0.0641125962138176,0.0015551373362541199,9.410596976056695,0.7646776437759399
648,/mnt/c/Users/Chirayu/Documents/GitHub/2D-to-3D-image-reconstruction/facescape_224/fsmview_trainset_2_14_sadness_27.jpg,0.06344357877969742,0.0644853487610817,0.0010417699813842773,9.386459699831903,0.7787356376647949
736,/mnt/c/Users/Chirayu/Documents/GitHub/2D-to-3D-image-reconstruction/facescape_224/fsmview_trainset_8_9_mouth_right_29.jpg,0.06245451793074608,0.06511063128709793,0.0026561133563518524,8.232582185417414,0.6721792817115784
725,/mnt/c/Users/Chirayu/Documents/GitHub/2D-to-3D-image-reconstruction/facescape_224/fsmview_trainset_12_10_dimpler_53.jpg,0.06217101588845253,0.06519526988267899,0.0030242539942264557,8.458865646272898,0.708121657371521
653,/mnt/c/Users/Chirayu/Documents/GitHub/2D-to-3D-image-reconstruction/facescape_224/fsmview_trainset_12_16_grin_21.jpg,0.06039845943450928,0.06537038087844849,0.004971921443939209,9.21620237082243,0.7422753572463989
443,/mnt/c/Users/Chirayu/Documents/GitHub/2D-to-3D-image-reconstruction/facescape_224/fsmview_trainset_5_2_smile_15.jpg,0.035039011389017105,0.06540714204311371,0.030368130654096603,7.941380656324327,0.6680916547775269
371,/mnt/c/Users/Chirayu/Documents/GitHub/2D-to-3D-image-reconstruction/facescape_224/fsmview_trainset_8_1_neutral_42.jpg,0.062151726335287094,0.0654820129275322,0.003330286592245102,8.235522709786892,0.7437707185745239
639,/mnt/c/Users/Chirayu/Documents/GitHub/2D-to-3D-image-reconstruction/facescape_224/fsmview_trainset_1_9_mouth_right_55.jpg,0.05501982942223549,0.06550010293722153,0.010480273514986038,7.596770100295544,0.7213039994239807
38,/mnt/c/Users/Chirayu/Documents/GitHub/2D-to-3D-image-reconstruction/facescape_224/fsmview_trainset_5_13_lip_funneler_56.jpg,0.06695010513067245,0.06550094485282898,-0.0014491602778434753,8.419305194169283,0.72210693359375
952,/mnt/c/Users/Chirayu/Documents/GitHub/2D-to-3D-image-reconstruction/facescape_224/fsmview_trainset_20_9_mouth_right_65.jpg,0.06578937917947769,0.06551641970872879,-0.00027295947074890137,8.88040186651051,0.8415550589561462
806,/mnt/c/Users/Chirayu/Documents/GitHub/2D-to-3D-image-reconstruction/facescape_224/fsmview_trainset_6_12_lip_puckerer_55.jpg,0.06159409508109093,0.06563635915517807,0.004042264074087143,8.405147526413202,0.7194657921791077
54,/mnt/c/Users/Chirayu/Documents/GitHub/2D-to-3D-image-reconstruction/facescape_224/fsmview_trainset_5_16_grin_32.jpg,0.05919598042964935,0.06583455204963684,0.006638571619987488,7.933908745646477,0.691571831703186
800,/mnt/c/Users/Chirayu/Documents/GitHub/2D-to-3D-image-reconstruction/facescape_224/fsmview_trainset_12_9_mouth_right_6.jpg,0.06266184151172638,0.06585695594549179,0.0031951144337654114,8.709733340889215,0.7347970008850098
848,/mnt/c/Users/Chirayu/Documents/GitHub/2D-to-3D-image-reconstruction/facescape_224/fsmview_trainset_17_9_mouth_right_55.jpg,0.06260299682617188,0.06623169779777527,0.0036287009716033936,8.487853839993477,0.7009451389312744
174,/mnt/c/Users/Chirayu/Documents/GitHub/2D-to-3D-image-reconstruction/facescape_224/fsmview_trainset_16_5_jaw_left_3.jpg,0.06426174938678741,0.06626380234956741,0.0020020529627799988,8.011101998388767,0.7515264749526978
868,/mnt/c/Users/Chirayu/Documents/GitHub/2D-to-3D-image-reconstruction/facescape_224/fsmview_trainset_8_9_mouth_right_46.jpg,0.059671204537153244,0.06654639542102814,0.006875190883874893,7.904436603188515,0.7070307731628418
129,/mnt/c/Users/Chirayu/Documents/GitHub/2D-to-3D-image-reconstruction/facescape_224/fsmview_trainset_4_4_anger_12.jpg,0.05774112418293953,0.06663703918457031,0.008895915001630783,7.9465464651584625,0.7364439964294434
308,/mnt/c/Users/Chirayu/Documents/GitHub/2D-to-3D-image-reconstruction/facescape_224/fsmview_trainset_12_19_brow_raiser_27.jpg,0.06100722774863243,0.06684667617082596,0.005839448422193527,9.230604365468025,0.7578994035720825
799,/mnt/c/Users/Chirayu/Documents/GitHub/2D-to-3D-image-reconstruction/facescape_224/fsmview_trainset_13_19_brow_raiser_14.jpg,0.06646672636270523,0.06705466657876968,0.0005879402160644531,9.2139753382653,0.7835723757743835
840,/mnt/c/Users/Chirayu/Documents/GitHub/2D-to-3D-image-reconstruction/facescape_224/fsmview_trainset_3_20_brow_lower_7.jpg,0.05329613760113716,0.06711393594741821,0.013817798346281052,8.279004719108343,0.7178410291671753
772,/mnt/c/Users/Chirayu/Documents/GitHub/2D-to-3D-image-reconstruction/facescape_224/fsmview_trainset_6_8_mouth_left_39.jpg,0.06762278825044632,0.06719998270273209,-0.0004228055477142334,8.487955309450626,0.7254105806350708
414,/mnt/c/Users/Chirayu/Documents/GitHub/2D-to-3D-image-reconstruction/facescape_224/fsmview_trainset_3_2_smile_16.jpg,0.06742849946022034,0.06724821031093597,-0.0001802891492843628,8.472523864358664,0.7268571853637695
127,/mnt/c/Users/Chirayu/Documents/GitHub/2D-to-3D-image-reconstruction/facescape_224/fsmview_trainset_16_12_lip_puckerer_19.jpg,0.06888547539710999,0.06751486659049988,-0.0013706088066101074,8.644406845793128,0.7229751944541931
458,/mnt/c/Users/Chirayu/Documents/GitHub/2D-to-3D-image-reconstruction/facescape_224/fsmview_trainset_15_9_mouth_right_40.jpg,0.05588018149137497,0.06774801760911942,0.011867836117744446,8.632437102496624,0.7144311666488647
26,/mnt/c/Users/Chirayu/Documents/GitHub/2D-to-3D-image-reconstruction/facescape_224/fsmview_trainset_19_8_mouth_left_22.jpg,0.06423905491828918,0.06776446849107742,0.0035254135727882385,9.64332646690309,0.7937982082366943
203,/mnt/c/Users/Chirayu/Documents/GitHub/2D-to-3D-image-reconstruction/facescape_224/fsmview_trainset_8_6_jaw_right_27.jpg,0.06815365701913834,0.06782547384500504,-0.0003281831741333008,7.571941360831261,0.701129138469696
615,/mnt/c/Users/Chirayu/Documents/GitHub/2D-to-3D-image-reconstruction/facescape_224/fsmview_trainset_14_18_eye_closed_64.jpg,0.06764047592878342,0.0678536668419838,0.00021319091320037842,9.143355010077357,0.8403975367546082
687,/mnt/c/Users/Chirayu/Documents/GitHub/2D-to-3D-image-reconstruction/facescape_224/fsmview_trainset_4_5_jaw_left_37.jpg,0.07165936380624771,0.06814602762460709,-0.003513336181640625,8.285046141594648,0.7135302424430847
257,/mnt/c/Users/Chirayu/Documents/GitHub/2D-to-3D-image-reconstruction/facescape_224/fsmview_trainset_2_10_dimpler_24.jpg,0.062224894762039185,0.0684499740600586,0.006225079298019409,9.697136224247515,0.7710801362991333
398,/mnt/c/Users/Chirayu/Documents/GitHub/2D-to-3D-image-reconstruction/facescape_224/fsmview_trainset_17_13_lip_funneler_29.jpg,0.06675442308187485,0.06893520057201385,0.0021807774901390076,8.302888609468937,0.7212805151939392
343,/mnt/c/Users/Chirayu/Documents/GitHub/2D-to-3D-image-reconstruction/facescape_224/fsmview_trainset_11_7_jaw_forward_13.jpg,0.06757116317749023,0.06894420087337494,0.0013730376958847046,7.5579191744327545,0.6420974135398865
863,/mnt/c/Users/Chirayu/Documents/GitHub/2D-to-3D-image-reconstruction/facescape_224/fsmview_trainset_14_17_cheek_blowing_18.jpg,0.06934944540262222,0.06896895915269852,-0.00038048624992370605,8.018809363245964,0.6717337965965271
805,/mnt/c/Users/Chirayu/Documents/GitHub/2D-to-3D-image-reconstruction/facescape_224/fsmview_trainset_18_7_jaw_forward_54.jpg,0.07014916092157364,0.06910853087902069,-0.001040630042552948,8.296460710465908,0.7239188551902771
232,/mnt/c/Users/Chirayu/Documents/GitHub/2D-to-3D-image-reconstruction/facescape_224/fsmview_trainset_12_2_smile_41.jpg,0.0573715977370739,0.06996181607246399,0.012590218335390091,9.309652552008629,0.7756075859069824
85,/mnt/c/Users/Chirayu/Documents/GitHub/2D-to-3D-image-reconstruction/facescape_224/fsmview_trainset_9_3_mouth_stretch_53.jpg,0.0697435587644577,0.07003935426473618,0.0002957955002784729,7.948287084698677,0.7743484973907471
628,/mnt/c/Users/Chirayu/Documents/GitHub/2D-to-3D-image-reconstruction/facescape_224/fsmview_trainset_19_17_cheek_blowing_3.jpg,0.07626920938491821,0.07040217518806458,-0.005867034196853638,9.538068749010563,0.7626520991325378
98,/mnt/c/Users/Chirayu/Documents/GitHub/2D-to-3D-image-reconstruction/facescape_224/fsmview_trainset_19_18_eye_closed_54.jpg,0.05886809900403023,0.07056579738855362,0.011697698384523392,9.228821348398924,0.7892318964004517
843,/mnt/c/Users/Chirayu/Documents/GitHub/2D-to-3D-image-reconstruction/facescape_224/fsmview_trainset_13_18_eye_closed_45.jpg,0.0683891773223877,0.07068139314651489,0.0022922158241271973,8.451591171324253,0.6949217319488525
334,/mnt/c/Users/Chirayu/Documents/GitHub/2D-to-3D-image-reconstruction/facescape_224/fsmview_trainset_19_17_cheek_blowing_22.jpg,0.06223569065332413,0.0707150474190712,0.00847935676574707,9.376791145186871,0.7714411616325378
524,/mnt/c/Users/Chirayu/Documents/GitHub/2D-to-3D-image-reconstruction/facescape_224/fsmview_trainset_1_2_smile_24.jpg,0.06686706840991974,0.07086790353059769,0.004000835120677948,8.20044743269682,0.744556188583374
939,/mnt/c/Users/Chirayu/Documents/GitHub/2D-to-3D-image-reconstruction/facescape_224/fsmview_trainset_20_1_neutral_47.jpg,0.07365234941244125,0.07098513096570969,-0.0026672184467315674,7.511569082736969,0.7025355696678162
533,/mnt/c/Users/Chirayu/Documents/GitHub/2D-to-3D-image-reconstruction/facescape_224/fsmview_trainset_20_3_mouth_stretch_58.jpg,0.07664301991462708,0.07118210941553116,-0.005460910499095917,8.49032861366868,0.7752084732055664
945,/mnt/c/Users/Chirayu/Documents/GitHub/2D-to-3D-image-reconstruction/facescape_224/fsmview_trainset_6_16_grin_39.jpg,0.07065422832965851,0.07135020941495895,0.0006959810853004456,8.252164758741856,0.7463549971580505
683,/mnt/c/Users/Chirayu/Documents/GitHub/2D-to-3D-image-reconstruction/facescape_224/fsmview_trainset_16_2_smile_3.jpg,0.05784173682332039,0.0713544711470604,0.013512734323740005,7.663051530718803,0.7147751450538635
636,/mnt/c/Users/Chirayu/Documents/GitHub/2D-to-3D-image-reconstruction/facescape_224/fsmview_trainset_13_13_lip_funneler_9.jpg,0.06597545742988586,0.07138755917549133,0.005412101745605469,8.288597567006946,0.7029683589935303
202,/mnt/c/Users/Chirayu/Documents/GitHub/2D-to-3D-image-reconstruction/facescape_224/fsmview_trainset_4_1_neutral_42.jpg,0.06992878019809723,0.07144864648580551,0.0015198662877082825,7.8502295687794685,0.697924792766571
993,/mnt/c/Users/Chirayu/Documents/GitHub/2D-to-3D-image-reconstruction/facescape_224/fsmview_trainset_11_18_eye_closed_67.jpg,0.0632617175579071,0.07159607112407684,0.008334353566169739,9.217075753491372,0.7475168704986572
853,/mnt/c/Users/Chirayu/Documents/GitHub/2D-to-3D-image-reconstruction/facescape_224/fsmview_trainset_17_13_lip_funneler_13.jpg,0.0664483830332756,0.07162792235612869,0.005179539322853088,8.524632178246975,0.7072088122367859
34,/mnt/c/Users/Chirayu/Documents/GitHub/2D-to-3D-image-reconstruction/facescape_224/fsmview_trainset_14_12_lip_puckerer_44.jpg,0.07057441025972366,0.07166437804698944,0.0010899677872657776,8.676875665783882,0.6992483735084534
521,/mnt/c/Users/Chirayu/Documents/GitHub/2D-to-3D-image-reconstruction/facescape_224/fsmview_trainset_13_7_jaw_forward_52.jpg,0.07400114834308624,0.07170340418815613,-0.0022977441549301147,8.71765098720789,0.718176007270813
901,/mnt/c/Users/Chirayu/Documents/GitHub/2D-to-3D-image-reconstruction/facescape_224/fsmview_trainset_10_9_mouth_right_37.jpg,0.056547392159700394,0.07170528918504715,0.015157897025346756,8.822916768491268,0.7277454733848572
520,/mnt/c/Users/Chirayu/Documents/GitHub/2D-to-3D-image-reconstruction/facescape_224/fsmview_trainset_9_12_lip_puckerer_54.jpg,0.0723421722650528,0.07176876068115234,-0.0005734115839004517,7.938306424766779,0.6787137389183044
565,/mnt/c/Users/Chirayu/Documents/GitHub/2D-to-3D-image-reconstruction/facescape_224/fsmview_trainset_19_4_anger_25.jpg,0.08099338412284851,0.07260813564062119,-0.008385248482227325,9.466101437807083,0.7550429701805115
559,/mnt/c/Users/Chirayu/Documents/GitHub/2D-to-3D-image-reconstruction/facescape_224/fsmview_trainset_9_9_mouth_right_1.jpg,0.06801478564739227,0.07264336198568344,0.004628576338291168,8.03382821381092,0.7123141884803772
549,/mnt/c/Users/Chirayu/Documents/GitHub/2D-to-3D-image-reconstruction/facescape_224/fsmview_trainset_5_8_mouth_left_57.jpg,0.074129119515419,0.07269774377346039,-0.0014313757419586182,8.553142547607422,0.7456274032592773
535,/mnt/c/Users/Chirayu/Documents/GitHub/2D-to-3D-image-reconstruction/facescape_224/fsmview_trainset_12_6_jaw_right_8.jpg,0.06100517138838768,0.07307568937540054,0.012070517987012863,8.983759045600891,0.7483199834823608
63,/mnt/c/Users/Chirayu/Documents/GitHub/2D-to-3D-image-reconstruction/facescape_224/fsmview_trainset_11_1_neutral_19.jpg,0.06912814825773239,0.07315187901258469,0.004023730754852295,8.90381989069283,0.7195093631744385
62,/mnt/c/Users/Chirayu/Documents/GitHub/2D-to-3D-image-reconstruction/facescape_224/fsmview_trainset_7_17_cheek_blowing_27.jpg,0.059851765632629395,0.07315386086702347,0.013302095234394073,8.42542751133442,0.6872971653938293
517,/mnt/c/Users/Chirayu/Documents/GitHub/2D-to-3D-image-reconstruction/facescape_224/fsmview_trainset_9_19_brow_raiser_28.jpg,0.0590972900390625,0.07324714213609695,0.014149852097034454,8.485824650153518,0.6906477808952332
14,/mnt/c/Users/Chirayu/Documents/GitHub/2D-to-3D-image-reconstruction/facescape_224/fsmview_trainset_4_18_eye_closed_29.jpg,0.07103997468948364,0.0734768882393837,0.002436913549900055,8.27695882320404,0.6961351633071899
597,/mnt/c/Users/Chirayu/Documents/GitHub/2D-to-3D-image-reconstruction/facescape_224/fsmview_trainset_19_1_neutral_9.jpg,0.062423691153526306,0.07361853867769241,0.011194847524166107,9.076771587133408,0.7623271942138672
751,/mnt/c/Users/Chirayu/Documents/GitHub/2D-to-3D-image-reconstruction/facescape_224/fsmview_trainset_16_4_anger_42.jpg,0.06807119399309158,0.07434932142496109,0.006278127431869507,7.820575807243586,0.7245690226554871
943,/mnt/c/Users/Chirayu/Documents/GitHub/2D-to-3D-image-reconstruction/facescape_224/fsmview_trainset_3_6_jaw_right_1.jpg,0.07154102623462677,0.07495491206645966,0.0034138858318328857,8.371934987604618,0.7595378756523132
921,/mnt/c/Users/Chirayu/Documents/GitHub/2D-to-3D-image-reconstruction/facescape_224/fsmview_trainset_19_13_lip_funneler_47.jpg,0.07759307324886322,0.07512178272008896,-0.0024712905287742615,8.31356942281127,0.7224551439285278
820,/mnt/c/Users/Chirayu/Documents/GitHub/2D-to-3D-image-reconstruction/facescape_224/fsmview_trainset_3_18_eye_closed_7.jpg,0.06460653990507126,0.07518791407346725,0.010581374168395996,8.414064206182957,0.717198371887207
18,/mnt/c/Users/Chirayu/Documents/GitHub/2D-to-3D-image-reconstruction/facescape_224/fsmview_trainset_6_14_sadness_1.jpg,0.07469919323921204,0.07524218410253525,0.0005429908633232117,7.998118527233601,0.7377324104309082
56,/mnt/c/Users/Chirayu/Documents/GitHub/2D-to-3D-image-reconstruction/facescape_224/fsmview_trainset_12_13_lip_funneler_27.jpg,0.0733419880270958,0.07528717070817947,0.0019451826810836792,9.091820558533072,0.7797314524650574
357,/mnt/c/Users/Chirayu/Documents/GitHub/2D-to-3D-image-reconstruction/facescape_224/fsmview_trainset_17_15_lip_roll_10.jpg,0.04881802573800087,0.07548728585243225,0.02666926011443138,7.9205393847078085,0.6956778168678284
856,/mnt/c/Users/Chirayu/Documents/GitHub/2D-to-3D-image-reconstruction/facescape_224/fsmview_trainset_13_9_mouth_right_37.jpg,0.07558165490627289,0.07553087919950485,-5.077570676803589e-05,8.205554999411106,0.7049153447151184
829,/mnt/c/Users/Chirayu/Documents/GitHub/2D-to-3D-image-reconstruction/facescape_224/fsmview_trainset_19_12_lip_puckerer_11.jpg,0.07279875874519348,0.07566073536872864,0.0028619766235351562,8.779680002480745,0.7325206398963928
216,/mnt/c/Users/Chirayu/Documents/GitHub/2D-to-3D-image-reconstruction/facescape_224/fsmview_trainset_9_2_smile_2.jpg,0.06634771078824997,0.07569006085395813,0.00934235006570816,8.062689539045095,0.7178894281387329
787,/mnt/c/Users/Chirayu/Documents/GitHub/2D-to-3D-image-reconstruction/facescape_224/fsmview_trainset_19_18_eye_closed_48.jpg,0.06749514490365982,0.07574914395809174,0.008253999054431915,8.356023099273443,0.7188595533370972
450,/mnt/c/Users/Chirayu/Documents/GitHub/2D-to-3D-image-reconstruction/facescape_224/fsmview_trainset_5_3_mouth_stretch_47.jpg,0.07041864097118378,0.0761546939611435,0.005736052989959717,9.122104236856103,0.7388710379600525
158,/mnt/c/Users/Chirayu/Documents/GitHub/2D-to-3D-image-reconstruction/facescape_224/fsmview_trainset_7_3_mouth_stretch_54.jpg,0.07601138204336166,0.07617204636335373,0.00016066431999206543,7.969323750585318,0.7556451559066772
315,/mnt/c/Users/Chirayu/Documents/GitHub/2D-to-3D-image-reconstruction/facescape_224/fsmview_trainset_1_15_lip_roll_25.jpg,0.072984978556633,0.07663313299417496,0.0036481544375419617,8.381200224161148,0.7695722579956055
464,/mnt/c/Users/Chirayu/Documents/GitHub/2D-to-3D-image-reconstruction/facescape_224/fsmview_trainset_18_19_brow_raiser_56.jpg,0.06126604229211807,0.07686031609773636,0.015594273805618286,8.37810418009758,0.7324765920639038
253,/mnt/c/Users/Chirayu/Documents/GitHub/2D-to-3D-image-reconstruction/facescape_224/fsmview_trainset_9_11_chin_raiser_15.jpg,0.06035161018371582,0.0768844410777092,0.016532830893993378,9.258378779515624,0.769835889339447
929,/mnt/c/Users/Chirayu/Documents/GitHub/2D-to-3D-image-reconstruction/facescape_224/fsmview_trainset_11_7_jaw_forward_17.jpg,0.06372302025556564,0.07689447700977325,0.013171456754207611,8.02086765319109,0.6942775845527649
527,/mnt/c/Users/Chirayu/Documents/GitHub/2D-to-3D-image-reconstruction/facescape_224/fsmview_trainset_12_18_eye_closed_39.jpg,0.07272262126207352,0.0769946277141571,0.004272006452083588,8.422031689435244,0.7092741131782532
875,/mnt/c/Users/Chirayu/Documents/GitHub/2D-to-3D-image-reconstruction/facescape_224/fsmview_trainset_16_12_lip_puckerer_7.jpg,0.06593304872512817,0.07721787691116333,0.011284828186035156,8.313090771436691,0.6802784204483032
143,/mnt/c/Users/Chirayu/Documents/GitHub/2D-to-3D-image-reconstruction/facescape_224/fsmview_trainset_5_12_lip_puckerer_39.jpg,0.07553750276565552,0.07736784964799881,0.0018303468823432922,8.29747959971428,0.770889163017273
442,/mnt/c/Users/Chirayu/Documents/GitHub/2D-to-3D-image-reconstruction/facescape_224/fsmview_trainset_9_1_neutral_1.jpg,0.07496002316474915,0.07784342765808105,0.002883404493331909,8.63719942420721,0.6904169321060181
730,/mnt/c/Users/Chirayu/Documents/GitHub/2D-to-3D-image-reconstruction/facescape_224/fsmview_trainset_10_13_lip_funneler_42.jpg,0.07876423001289368,0.07793855667114258,-0.0008256733417510986,7.059338193386793,0.6777449250221252
184,/mnt/c/Users/Chirayu/Documents/GitHub/2D-to-3D-image-reconstruction/facescape_224/fsmview_trainset_3_12_lip_puckerer_1.jpg,0.08085571974515915,0.07800563424825668,-0.002850085496902466,8.65739730745554,0.7256063222885132
677,/mnt/c/Users/Chirayu/Documents/GitHub/2D-to-3D-image-reconstruction/facescape_224/fsmview_trainset_19_11_chin_raiser_6.jpg,0.0744929239153862,0.07833945006132126,0.0038465261459350586,8.626017555594444,0.7104794383049011
169,/mnt/c/Users/Chirayu/Documents/GitHub/2D-to-3D-image-reconstruction/facescape_224/fsmview_trainset_17_1_neutral_56.jpg,0.06995594501495361,0.07874398678541183,0.008788041770458221,9.035749848932028,0.75583815574646
397,/mnt/c/Users/Chirayu/Documents/GitHub/2D-to-3D-image-reconstruction/facescape_224/fsmview_trainset_2_3_mouth_stretch_9.jpg,0.07392775267362595,0.07877104729413986,0.004843294620513916,8.76604574546218,0.7896033525466919
746,/mnt/c/Users/Chirayu/Documents/GitHub/2D-to-3D-image-reconstruction/facescape_224/fsmview_trainset_13_19_brow_raiser_30.jpg,0.06572932004928589,0.07910551875829697,0.013376198709011078,9.047016264870763,0.7472826838493347
696,/mnt/c/Users/Chirayu/Documents/GitHub/2D-to-3D-image-reconstruction/facescape_224/fsmview_trainset_18_14_sadness_42.jpg,0.08377759903669357,0.0798785537481308,-0.0038990452885627747,8.525003585964441,0.7588006854057312
808,/mnt/c/Users/Chirayu/Documents/GitHub/2D-to-3D-image-reconstruction/facescape_224/fsmview_trainset_20_1_neutral_43.jpg,0.07922714203596115,0.07990333437919617,0.0006761923432350159,8.343572899699211,0.6997248530387878
360,/mnt/c/Users/Chirayu/Documents/GitHub/2D-to-3D-image-reconstruction/facescape_224/fsmview_trainset_1_6_jaw_right_54.jpg,0.07558565586805344,0.08005127310752869,0.00446561723947525,8.130191341042519,0.7802271246910095
793,/mnt/c/Users/Chirayu/Documents/GitHub/2D-to-3D-image-reconstruction/facescape_224/fsmview_trainset_2_1_neutral_20.jpg,0.06882071495056152,0.08006759732961655,0.011246882379055023,9.73518078867346,0.7896798253059387
468,/mnt/c/Users/Chirayu/Documents/GitHub/2D-to-3D-image-reconstruction/facescape_224/fsmview_trainset_20_13_lip_funneler_29.jpg,0.06792343407869339,0.08011338859796524,0.01218995451927185,8.007808804512024,0.7063598036766052
583,/mnt/c/Users/Chirayu/Documents/GitHub/2D-to-3D-image-reconstruction/facescape_224/fsmview_trainset_4_10_dimpler_27.jpg,0.07918962091207504,0.080121710896492,0.0009320899844169617,7.866036459803581,0.70426344871521
58,/mnt/c/Users/Chirayu/Documents/GitHub/2D-to-3D-image-reconstruction/facescape_224/fsmview_trainset_9_3_mouth_stretch_2.jpg,0.06887559592723846,0.08012320101261139,0.011247605085372925,8.257571622729301,0.7534216642379761
404,/mnt/c/Users/Chirayu/Documents/GitHub/2D-to-3D-image-reconstruction/facescape_224/fsmview_trainset_13_17_cheek_blowing_2.jpg,0.07870084047317505,0.08043850213289261,0.0017376616597175598,7.892144061625004,0.6386685967445374
684,/mnt/c/Users/Chirayu/Documents/GitHub/2D-to-3D-image-reconstruction/facescape_224/fsmview_trainset_11_16_grin_64.jpg,0.07495039701461792,0.08114392310380936,0.006193526089191437,8.96027784794569,0.8020787239074707
726,/mnt/c/Users/Chirayu/Documents/GitHub/2D-to-3D-image-reconstruction/facescape_224/fsmview_trainset_2_12_lip_puckerer_13.jpg,0.07575038075447083,0.08139924705028534,0.005648866295814514,9.060786029323936,0.7581135034561157
642,/mnt/c/Users/Chirayu/Documents/GitHub/2D-to-3D-image-reconstruction/facescape_224/fsmview_trainset_19_6_jaw_right_24.jpg,0.06986729055643082,0.081536203622818,0.011668913066387177,9.495880429632962,0.7873325347900391
461,/mnt/c/Users/Chirayu/Documents/GitHub/2D-to-3D-image-reconstruction/facescape_224/fsmview_trainset_6_11_chin_raiser_1.jpg,0.07466471940279007,0.08156631141901016,0.006901592016220093,8.477549608796835,0.7181713581085205
306,/mnt/c/Users/Chirayu/Documents/GitHub/2D-to-3D-image-reconstruction/facescape_224/fsmview_trainset_12_16_grin_6.jpg,0.08216740190982819,0.08168482035398483,-0.00048258155584335327,8.671204656362534,0.7572190761566162
288,/mnt/c/Users/Chirayu/Documents/GitHub/2D-to-3D-image-reconstruction/facescape_224/fsmview_trainset_1_4_anger_11.jpg,0.09035903215408325,0.08172266185283661,-0.008636370301246643,8.040988236665726,0.7350468039512634
711,/mnt/c/Users/Chirayu/Documents/GitHub/2D-to-3D-image-reconstruction/facescape_224/fsmview_trainset_7_15_lip_roll_38.jpg,0.0834864005446434,0.08172504603862762,-0.0017613545060157776,7.903059668838978,0.7363531589508057
842,/mnt/c/Users/Chirayu/Documents/GitHub/2D-to-3D-image-reconstruction/facescape_224/fsmview_trainset_11_7_jaw_forward_28.jpg,0.08350729942321777,0.08208802342414856,-0.0014192759990692139,9.23575570806861,0.7370600700378418
956,/mnt/c/Users/Chirayu/Documents/GitHub/2D-to-3D-image-reconstruction/facescape_224/fsmview_trainset_4_14_sadness_27.jpg,0.08216676861047745,0.08227257430553436,0.00010580569505691528,8.139764204621315,0.728377103805542
569,/mnt/c/Users/Chirayu/Documents/GitHub/2D-to-3D-image-reconstruction/facescape_224/fsmview_trainset_11_14_sadness_26.jpg,0.06450393795967102,0.08236506581306458,0.017861127853393555,8.485032927244902,0.7477360367774963
337,/mnt/c/Users/Chirayu/Documents/GitHub/2D-to-3D-image-reconstruction/facescape_224/fsmview_trainset_15_9_mouth_right_33.jpg,0.0623621866106987,0.08242165297269821,0.02005946636199951,8.007109563797712,0.736168622970581
984,/mnt/c/Users/Chirayu/Documents/GitHub/2D-to-3D-image-reconstruction/facescape_224/fsmview_trainset_17_1_neutral_57.jpg,0.0790008082985878,0.08276022970676422,0.003759421408176422,8.610206793993711,0.7220746278762817
979,/mnt/c/Users/Chirayu/Documents/GitHub/2D-to-3D-image-reconstruction/facescape_224/fsmview_trainset_3_17_cheek_blowing_2.jpg,0.0848301500082016,0.0831066444516182,-0.0017235055565834045,8.846692115068436,0.7612141370773315
8,/mnt/c/Users/Chirayu/Documents/GitHub/2D-to-3D-image-reconstruction/facescape_224/fsmview_trainset_7_5_jaw_left_47.jpg,0.06633014976978302,0.0831691324710846,0.016838982701301575,9.480017595924437,0.8201088309288025
727,/mnt/c/Users/Chirayu/Documents/GitHub/2D-to-3D-image-reconstruction/facescape_224/fsmview_trainset_7_14_sadness_49.jpg,0.08265645056962967,0.0836162194609642,0.0009597688913345337,6.261777263134718,0.5419551134109497
179,/mnt/c/Users/Chirayu/Documents/GitHub/2D-to-3D-image-reconstruction/facescape_224/fsmview_trainset_14_2_smile_10.jpg,0.08608658611774445,0.08389457315206528,-0.0021920129656791687,8.097098410129547,0.6708396673202515
384,/mnt/c/Users/Chirayu/Documents/GitHub/2D-to-3D-image-reconstruction/facescape_224/fsmview_trainset_2_9_mouth_right_54.jpg,0.08395058661699295,0.08391033858060837,-4.024803638458252e-05,8.863434746861458,0.7820156216621399
480,/mnt/c/Users/Chirayu/Documents/GitHub/2D-to-3D-image-reconstruction/facescape_224/fsmview_trainset_2_18_eye_closed_30.jpg,0.08135733753442764,0.08427129685878754,0.002913959324359894,9.083561347797513,0.759688138961792
100,/mnt/c/Users/Chirayu/Documents/GitHub/2D-to-3D-image-reconstruction/facescape_224/fsmview_trainset_19_7_jaw_forward_7.jpg,0.06320135295391083,0.0842924639582634,0.02109111100435257,8.542847184464335,0.6973492503166199
41,/mnt/c/Users/Chirayu/Documents/GitHub/2D-to-3D-image-reconstruction/facescape_224/fsmview_trainset_15_9_mouth_right_19.jpg,0.07193263620138168,0.08445350080728531,0.012520864605903625,8.10582266561687,0.6853291988372803
307,/mnt/c/Users/Chirayu/Documents/GitHub/2D-to-3D-image-reconstruction/facescape_224/fsmview_trainset_2_6_jaw_right_56.jpg,0.08591710776090622,0.08469235897064209,-0.0012247487902641296,8.567480769008398,0.7585174441337585
358,/mnt/c/Users/Chirayu/Documents/GitHub/2D-to-3D-image-reconstruction/facescape_224/fsmview_trainset_1_19_brow_raiser_11.jpg,0.09502044320106506,0.08481063693761826,-0.010209806263446808,8.421345800161362,0.7602101564407349
902,/mnt/c/Users/Chirayu/Documents/GitHub/2D-to-3D-image-reconstruction/facescape_224/fsmview_trainset_18_18_eye_closed_43.jpg,0.082526795566082,0.0848563015460968,0.002329505980014801,8.070191100239754,0.6480651497840881
933,/mnt/c/Users/Chirayu/Documents/GitHub/2D-to-3D-image-reconstruction/facescape_224/fsmview_trainset_7_11_chin_raiser_41.jpg,0.08247500658035278,0.08495127409696579,0.0024762675166130066,8.02600422501564,0.6791375875473022
254,/mnt/c/Users/Chirayu/Documents/GitHub/2D-to-3D-image-reconstruction/facescape_224/fsmview_trainset_17_1_neutral_20.jpg,0.07787007838487625,0.08495528995990753,0.0070852115750312805,9.4060799786821,0.7715145945549011
620,/mnt/c/Users/Chirayu/Documents/GitHub/2D-to-3D-image-reconstruction/facescape_224/fsmview_trainset_6_12_lip_puckerer_56.jpg,0.08689599484205246,0.08538930118083954,-0.0015066936612129211,8.563949346542358,0.7440959811210632
144,/mnt/c/Users/Chirayu/Documents/GitHub/2D-to-3D-image-reconstruction/facescape_224/fsmview_trainset_10_8_mouth_left_13.jpg,0.0827409029006958,0.08611921221017838,0.0033783093094825745,7.180561281740665,0.6447486877441406
199,/mnt/c/Users/Chirayu/Documents/GitHub/2D-to-3D-image-reconstruction/facescape_224/fsmview_trainset_2_17_cheek_blowing_35.jpg,0.08975919336080551,0.08640014380216599,-0.0033590495586395264,8.649197783321142,0.6956465244293213
319,/mnt/c/Users/Chirayu/Documents/GitHub/2D-to-3D-image-reconstruction/facescape_224/fsmview_trainset_3_14_sadness_47.jpg,0.06321421265602112,0.0867774486541748,0.023563235998153687,9.069888819009066,0.7621740698814392
821,/mnt/c/Users/Chirayu/Documents/GitHub/2D-to-3D-image-reconstruction/facescape_224/fsmview_trainset_4_7_jaw_forward_49.jpg,0.08304192870855331,0.08711656183004379,0.0040746331214904785,8.196727849543095,0.7833595275878906
217,/mnt/c/Users/Chirayu/Documents/GitHub/2D-to-3D-image-reconstruction/facescape_224/fsmview_trainset_14_13_lip_funneler_49.jpg,0.07984724640846252,0.08711910247802734,0.007271856069564819,8.605589166283607,0.7363999485969543
516,/mnt/c/Users/Chirayu/Documents/GitHub/2D-to-3D-image-reconstruction/facescape_224/fsmview_trainset_20_18_eye_closed_28.jpg,0.07887673377990723,0.0871509239077568,0.008274190127849579,8.162774048745632,0.6754655838012695
260,/mnt/c/Users/Chirayu/Documents/GitHub/2D-to-3D-image-reconstruction/facescape_224/fsmview_trainset_14_13_lip_funneler_10.jpg,0.08641891926527023,0.08734352886676788,0.0009246096014976501,8.104689091444016,0.7380363345146179
20,/mnt/c/Users/Chirayu/Documents/GitHub/2D-to-3D-image-reconstruction/facescape_224/fsmview_trainset_5_18_eye_closed_29.jpg,0.0783952847123146,0.08778195083141327,0.009386666119098663,8.651909250766039,0.716899037361145
733,/mnt/c/Users/Chirayu/Documents/GitHub/2D-to-3D-image-reconstruction/facescape_224/fsmview_trainset_19_16_grin_4.jpg,0.07553453743457794,0.08801611512899399,0.012481577694416046,8.473908960819244,0.6999084949493408
295,/mnt/c/Users/Chirayu/Documents/GitHub/2D-to-3D-image-reconstruction/facescape_224/fsmview_trainset_9_19_brow_raiser_2.jpg,0.07197201997041702,0.08818367123603821,0.016211651265621185,8.411647200584412,0.7226553559303284
839,/mnt/c/Users/Chirayu/Documents/GitHub/2D-to-3D-image-reconstruction/facescape_224/fsmview_trainset_20_10_dimpler_10.jpg,0.08572423458099365,0.0883244052529335,0.00260017067193985,7.778473813086748,0.6888684630393982
354,/mnt/c/Users/Chirayu/Documents/GitHub/2D-to-3D-image-reconstruction/facescape_224/fsmview_trainset_1_11_chin_raiser_13.jpg,0.08648984134197235,0.08839470893144608,0.0019048675894737244,7.500196740031242,0.6623255014419556
938,/mnt/c/Users/Chirayu/Documents/GitHub/2D-to-3D-image-reconstruction/facescape_224/fsmview_trainset_20_15_lip_roll_29.jpg,0.07606793195009232,0.08847115933895111,0.012403227388858795,8.125318706035614,0.6857113838195801
167,/mnt/c/Users/Chirayu/Documents/GitHub/2D-to-3D-image-reconstruction/facescape_224/fsmview_trainset_9_11_chin_raiser_20.jpg,0.08159511536359787,0.08847557753324509,0.006880462169647217,9.805827244184911,0.8074983954429626
103,/mnt/c/Users/Chirayu/Documents/GitHub/2D-to-3D-image-reconstruction/facescape_224/fsmview_trainset_2_2_smile_6.jpg,0.07536697387695312,0.08884716033935547,0.013480186462402344,8.826920341700315,0.775187075138092
263,/mnt/c/Users/Chirayu/Documents/GitHub/2D-to-3D-image-reconstruction/facescape_224/fsmview_trainset_3_19_brow_raiser_2.jpg,0.07344932109117508,0.08886346966028214,0.015414148569107056,8.467050790786743,0.7334290146827698
606,/mnt/c/Users/Chirayu/Documents/GitHub/2D-to-3D-image-reconstruction/facescape_224/fsmview_trainset_12_14_sadness_38.jpg,0.03290610387921333,0.08919502794742584,0.05628892406821251,8.438547821715474,0.7071833610534668
300,/mnt/c/Users/Chirayu/Documents/GitHub/2D-to-3D-image-reconstruction/facescape_224/fsmview_trainset_8_18_eye_closed_16.jpg,0.08884986490011215,0.08991927653551102,0.0010694116353988647,8.152424044907093,0.7314121723175049
97,/mnt/c/Users/Chirayu/Documents/GitHub/2D-to-3D-image-reconstruction/facescape_224/fsmview_trainset_15_3_mouth_stretch_49.jpg,0.08391789346933365,0.0903376117348671,0.006419718265533447,8.494526624679565,0.731609582901001
507,/mnt/c/Users/Chirayu/Documents/GitHub/2D-to-3D-image-reconstruction/facescape_224/fsmview_trainset_20_10_dimpler_28.jpg,0.0870664045214653,0.09037584811449051,0.0033094435930252075,8.31546932645142,0.6789563894271851
832,/mnt/c/Users/Chirayu/Documents/GitHub/2D-to-3D-image-reconstruction/facescape_224/fsmview_trainset_8_5_jaw_left_15.jpg,0.08967320621013641,0.0908455029129982,0.0011722967028617859,7.976406253874302,0.6255037188529968
503,/mnt/c/Users/Chirayu/Documents/GitHub/2D-to-3D-image-reconstruction/facescape_224/fsmview_trainset_1_17_cheek_blowing_11.jpg,0.10113823413848877,0.09138260036706924,-0.009755633771419525,8.218255251646042,0.7514767646789551
273,/mnt/c/Users/Chirayu/Documents/GitHub/2D-to-3D-image-reconstruction/facescape_224/fsmview_trainset_17_11_chin_raiser_56.jpg,0.08502895385026932,0.09151703119277954,0.006488077342510223,8.553661210462451,0.7133496403694153
45,/mnt/c/Users/Chirayu/Documents/GitHub/2D-to-3D-image-reconstruction/facescape_224/fsmview_trainset_1_15_lip_roll_29.jpg,0.07381544262170792,0.09175512194633484,0.017939679324626923,8.08472117036581,0.6705312728881836
676,/mnt/c/Users/Chirayu/Documents/GitHub/2D-to-3D-image-reconstruction/facescape_224/fsmview_trainset_16_16_grin_41.jpg,0.09575428813695908,0.09179574996232986,-0.003958538174629211,8.223345424979925,0.7662749290466309
896,/mnt/c/Users/Chirayu/Documents/GitHub/2D-to-3D-image-reconstruction/facescape_224/fsmview_trainset_17_11_chin_raiser_7.jpg,0.0809972807765007,0.09315145760774612,0.012154176831245422,8.931947566568851,0.7039398550987244
991,/mnt/c/Users/Chirayu/Documents/GitHub/2D-to-3D-image-reconstruction/facescape_224/fsmview_trainset_5_11_chin_raiser_49.jpg,0.10032599419355392,0.09322088211774826,-0.007105112075805664,7.853415064513683,0.6544874906539917
836,/mnt/c/Users/Chirayu/Documents/GitHub/2D-to-3D-image-reconstruction/facescape_224/fsmview_trainset_13_15_lip_roll_55.jpg,0.07643826305866241,0.09337504953145981,0.016936786472797394,8.238930486142635,0.6977221369743347
470,/mnt/c/Users/Chirayu/Documents/GitHub/2D-to-3D-image-reconstruction/facescape_224/fsmview_trainset_4_14_sadness_48.jpg,0.09136800467967987,0.09365779161453247,0.0022897869348526,7.958367891609669,0.7699480056762695
729,/mnt/c/Users/Chirayu/Documents/GitHub/2D-to-3D-image-reconstruction/facescape_224/fsmview_trainset_15_18_eye_closed_49.jpg,0.08500027656555176,0.09389714896678925,0.008896872401237488,8.62207742035389,0.755215048789978
255,/mnt/c/Users/Chirayu/Documents/GitHub/2D-to-3D-image-reconstruction/facescape_224/fsmview_trainset_18_18_eye_closed_11.jpg,0.10095634311437607,0.09415297210216522,-0.006803371012210846,8.161070764064789,0.7218953967094421
962,/mnt/c/Users/Chirayu/Documents/GitHub/2D-to-3D-image-reconstruction/facescape_224/fsmview_trainset_14_8_mouth_left_49.jpg,0.08674174547195435,0.09415534138679504,0.007413595914840698,8.606722921133041,0.7557461857795715
78,/mnt/c/Users/Chirayu/Documents/GitHub/2D-to-3D-image-reconstruction/facescape_224/fsmview_trainset_18_19_brow_raiser_42.jpg,0.10247630625963211,0.09416764974594116,-0.008308656513690948,8.895471155643463,0.8246596455574036
773,/mnt/c/Users/Chirayu/Documents/GitHub/2D-to-3D-image-reconstruction/facescape_224/fsmview_trainset_13_8_mouth_left_38.jpg,0.10700017958879471,0.0943361222743988,-0.012664057314395905,7.569409288465977,0.6579493284225464
706,/mnt/c/Users/Chirayu/Documents/GitHub/2D-to-3D-image-reconstruction/facescape_224/fsmview_trainset_9_4_anger_33.jpg,0.09946402162313461,0.09498859196901321,-0.004475429654121399,8.118539601564407,0.6820781826972961
720,/mnt/c/Users/Chirayu/Documents/GitHub/2D-to-3D-image-reconstruction/facescape_224/fsmview_trainset_16_19_brow_raiser_11.jpg,0.08961915224790573,0.09534133225679398,0.005722180008888245,8.277726709842682,0.7414504289627075
651,/mnt/c/Users/Chirayu/Documents/GitHub/2D-to-3D-image-reconstruction/facescape_224/fsmview_trainset_7_1_neutral_53.jpg,0.09892947226762772,0.0953550934791565,-0.003574378788471222,8.292336486279964,0.7162542343139648
394,/mnt/c/Users/Chirayu/Documents/GitHub/2D-to-3D-image-reconstruction/facescape_224/fsmview_trainset_13_16_grin_9.jpg,0.10597850382328033,0.09557519108057022,-0.010403312742710114,8.109201516956091,0.6853466033935547
262,/mnt/c/Users/Chirayu/Documents/GitHub/2D-to-3D-image-reconstruction/facescape_224/fsmview_trainset_12_15_lip_roll_40.jpg,0.0788319781422615,0.09567445516586304,0.016842477023601532,8.55047481507063,0.6964480876922607
573,/mnt/c/Users/Chirayu/Documents/GitHub/2D-to-3D-image-reconstruction/facescape_224/fsmview_trainset_20_2_smile_44.jpg,0.08769454807043076,0.09594310075044632,0.008248552680015564,9.805730437859893,0.7736067175865173
1,/mnt/c/Users/Chirayu/Documents/GitHub/2D-to-3D-image-reconstruction/facescape_224/fsmview_trainset_16_6_jaw_right_42.jpg,0.08873479813337326,0.09600904583930969,0.007274247705936432,7.243834264576435,0.6831311583518982
318,/mnt/c/Users/Chirayu/Documents/GitHub/2D-to-3D-image-reconstruction/facescape_224/fsmview_trainset_2_11_chin_raiser_38.jpg,0.08299238234758377,0.09651036560535431,0.013517983257770538,8.384122539311647,0.6810304522514343
754,/mnt/c/Users/Chirayu/Documents/GitHub/2D-to-3D-image-reconstruction/facescape_224/fsmview_trainset_16_17_cheek_blowing_39.jpg,0.0872756838798523,0.09713268280029297,0.009856998920440674,8.649431250989437,0.7008407711982727
110,/mnt/c/Users/Chirayu/Documents/GitHub/2D-to-3D-image-reconstruction/facescape_224/fsmview_trainset_3_2_smile_47.jpg,0.07933404296636581,0.09717351943254471,0.017839476466178894,9.226534690707922,0.7446460723876953
67,/mnt/c/Users/Chirayu/Documents/GitHub/2D-to-3D-image-reconstruction/facescape_224/fsmview_trainset_2_13_lip_funneler_38.jpg,0.08479020744562149,0.09739262610673904,0.012602418661117554,8.060348641127348,0.715256929397583
135,/mnt/c/Users/Chirayu/Documents/GitHub/2D-to-3D-image-reconstruction/facescape_224/fsmview_trainset_3_5_jaw_left_2.jpg,0.08088673651218414,0.09742920845746994,0.016542471945285797,7.781522314995527,0.7203257083892822
571,/mnt/c/Users/Chirayu/Documents/GitHub/2D-to-3D-image-reconstruction/facescape_224/fsmview_trainset_7_3_mouth_stretch_41.jpg,0.0955703854560852,0.09768465906381607,0.0021142736077308655,8.174098253250122,0.7758371233940125
707,/mnt/c/Users/Chirayu/Documents/GitHub/2D-to-3D-image-reconstruction/facescape_224/fsmview_trainset_14_3_mouth_stretch_37.jpg,0.09116434305906296,0.0990704670548439,0.007906123995780945,9.116364100947976,0.782704770565033
590,/mnt/c/Users/Chirayu/Documents/GitHub/2D-to-3D-image-reconstruction/facescape_224/fsmview_trainset_18_15_lip_roll_39.jpg,0.10351066291332245,0.09939548373222351,-0.004115179181098938,7.915798474103212,0.7126315236091614
474,/mnt/c/Users/Chirayu/Documents/GitHub/2D-to-3D-image-reconstruction/facescape_224/fsmview_trainset_17_10_dimpler_4.jpg,0.09220573306083679,0.09944353252649307,0.0072377994656562805,9.240978017449379,0.7460190057754517
310,/mnt/c/Users/Chirayu/Documents/GitHub/2D-to-3D-image-reconstruction/facescape_224/fsmview_trainset_5_5_jaw_left_56.jpg,0.10200851410627365,0.09986084699630737,-0.002147667109966278,8.383821062743664,0.7314675450325012
731,/mnt/c/Users/Chirayu/Documents/GitHub/2D-to-3D-image-reconstruction/facescape_224/fsmview_trainset_1_3_mouth_stretch_15.jpg,0.10148480534553528,0.1002885028719902,-0.0011963024735450745,7.878608576953411,0.6933953762054443
701,/mnt/c/Users/Chirayu/Documents/GitHub/2D-to-3D-image-reconstruction/facescape_224/fsmview_trainset_2_6_jaw_right_38.jpg,0.08684197068214417,0.1003696471452713,0.013527676463127136,8.02050894126296,0.6955518126487732
214,/mnt/c/Users/Chirayu/Documents/GitHub/2D-to-3D-image-reconstruction/facescape_224/fsmview_trainset_10_5_jaw_left_45.jpg,0.09435632824897766,0.10116738826036453,0.006811060011386871,9.052283779717982,0.7848133444786072
234,/mnt/c/Users/Chirayu/Documents/GitHub/2D-to-3D-image-reconstruction/facescape_224/fsmview_trainset_15_13_lip_funneler_36.jpg,0.07861220091581345,0.1013265922665596,0.022714391350746155,9.329814090393484,0.8045390844345093
603,/mnt/c/Users/Chirayu/Documents/GitHub/2D-to-3D-image-reconstruction/facescape_224/fsmview_trainset_4_11_chin_raiser_44.jpg,0.10616610944271088,0.10165183991193771,-0.004514269530773163,8.525268599390984,0.7166815996170044
65,/mnt/c/Users/Chirayu/Documents/GitHub/2D-to-3D-image-reconstruction/facescape_224/fsmview_trainset_11_16_grin_59.jpg,0.07834737747907639,0.10244858264923096,0.02410120517015457,8.098901100456715,0.6908207535743713
95,/mnt/c/Users/Chirayu/Documents/GitHub/2D-to-3D-image-reconstruction/facescape_224/fsmview_trainset_5_12_lip_puckerer_47.jpg,0.08044502139091492,0.10255449265241623,0.022109471261501312,9.25962814502418,0.7932941913604736
178,/mnt/c/Users/Chirayu/Documents/GitHub/2D-to-3D-image-reconstruction/facescape_224/fsmview_trainset_19_13_lip_funneler_4.jpg,0.09504713863134384,0.10283868759870529,0.00779154896736145,8.519146252423525,0.7272204160690308
335,/mnt/c/Users/Chirayu/Documents/GitHub/2D-to-3D-image-reconstruction/facescape_224/fsmview_trainset_19_1_neutral_42.jpg,0.08850138634443283,0.10304584354162216,0.014544457197189331,8.36943769827485,0.7475185990333557
739,/mnt/c/Users/Chirayu/Documents/GitHub/2D-to-3D-image-reconstruction/facescape_224/fsmview_trainset_10_5_jaw_left_44.jpg,0.11052206158638,0.10313709825277328,-0.00738496333360672,7.822379544377327,0.6397199630737305
196,/mnt/c/Users/Chirayu/Documents/GitHub/2D-to-3D-image-reconstruction/facescape_224/fsmview_trainset_13_5_jaw_left_43.jpg,0.1061265766620636,0.10374222695827484,-0.0023843497037887573,8.400544419884682,0.705656111240387
403,/mnt/c/Users/Chirayu/Documents/GitHub/2D-to-3D-image-reconstruction/facescape_224/fsmview_trainset_9_13_lip_funneler_2.jpg,0.09328368306159973,0.10382504761219025,0.010541364550590515,8.706530895084143,0.7258902788162231
311,/mnt/c/Users/Chirayu/Documents/GitHub/2D-to-3D-image-reconstruction/facescape_224/fsmview_trainset_20_13_lip_funneler_13.jpg,0.09557132422924042,0.10396202653646469,0.008390702307224274,8.560157801955938,0.7429670095443726
435,/mnt/c/Users/Chirayu/Documents/GitHub/2D-to-3D-image-reconstruction/facescape_224/fsmview_trainset_2_1_neutral_6.jpg,0.08995262533426285,0.10512928664684296,0.015176661312580109,8.81458604335785,0.7542305588722229
493,/mnt/c/Users/Chirayu/Documents/GitHub/2D-to-3D-image-reconstruction/facescape_224/fsmview_trainset_6_18_eye_closed_36.jpg,0.09266136586666107,0.10520552098751068,0.01254415512084961,8.145915862172842,0.6981894373893738
327,/mnt/c/Users/Chirayu/Documents/GitHub/2D-to-3D-image-reconstruction/facescape_224/fsmview_trainset_15_4_anger_37.jpg,0.08300984650850296,0.10636620223522186,0.023356355726718903,9.258132352493703,0.7999328374862671
515,/mnt/c/Users/Chirayu/Documents/GitHub/2D-to-3D-image-reconstruction/facescape_224/fsmview_trainset_19_8_mouth_left_39.jpg,0.10316313058137894,0.10661069303750992,0.0034475624561309814,8.936978928744793,0.7544025182723999
528,/mnt/c/Users/Chirayu/Documents/GitHub/2D-to-3D-image-reconstruction/facescape_224/fsmview_trainset_1_11_chin_raiser_42.jpg,0.10999245941638947,0.10689934343099594,-0.003093115985393524,8.321400471031666,0.7149176001548767
650,/mnt/c/Users/Chirayu/Documents/GitHub/2D-to-3D-image-reconstruction/facescape_224/fsmview_trainset_2_9_mouth_right_55.jpg,0.11029112339019775,0.10775267332792282,-0.002538450062274933,8.796083949506283,0.7680781483650208
385,/mnt/c/Users/Chirayu/Documents/GitHub/2D-to-3D-image-reconstruction/facescape_224/fsmview_trainset_18_5_jaw_left_41.jpg,0.10299399495124817,0.10871311277151108,0.005719117820262909,7.968109488487244,0.7111703157424927
761,/mnt/c/Users/Chirayu/Documents/GitHub/2D-to-3D-image-reconstruction/facescape_224/fsmview_trainset_9_3_mouth_stretch_47.jpg,0.09896273910999298,0.10910456627607346,0.010141827166080475,8.875275017693639,0.7264555096626282
21,/mnt/c/Users/Chirayu/Documents/GitHub/2D-to-3D-image-reconstruction/facescape_224/fsmview_trainset_1_13_lip_funneler_41.jpg,0.11615441739559174,0.10912847518920898,-0.0070259422063827515,8.371756635606289,0.7917898297309875
911,/mnt/c/Users/Chirayu/Documents/GitHub/2D-to-3D-image-reconstruction/facescape_224/fsmview_trainset_6_18_eye_closed_49.jpg,0.13105952739715576,0.10969185829162598,-0.021367669105529785,7.462469179183245,0.6540725231170654
146,/mnt/c/Users/Chirayu/Documents/GitHub/2D-to-3D-image-reconstruction/facescape_224/fsmview_trainset_7_18_eye_closed_36.jpg,0.10097986459732056,0.11081231385469437,0.00983244925737381,7.829707495868206,0.6990026831626892
208,/mnt/c/Users/Chirayu/Documents/GitHub/2D-to-3D-image-reconstruction/facescape_224/fsmview_trainset_6_5_jaw_left_46.jpg,0.1268792301416397,0.11096678674221039,-0.01591244339942932,9.042346954345703,0.7782235741615295
27,/mnt/c/Users/Chirayu/Documents/GitHub/2D-to-3D-image-reconstruction/facescape_224/fsmview_trainset_8_7_jaw_forward_0.jpg,0.10142119973897934,0.11285673081874847,0.011435531079769135,8.055289827287197,0.7102187275886536
438,/mnt/c/Users/Chirayu/Documents/GitHub/2D-to-3D-image-reconstruction/facescape_224/fsmview_trainset_3_3_mouth_stretch_46.jpg,0.11936230212450027,0.11286968737840652,-0.00649261474609375,8.341925390064716,0.7159153819084167
245,/mnt/c/Users/Chirayu/Documents/GitHub/2D-to-3D-image-reconstruction/facescape_224/fsmview_trainset_17_7_jaw_forward_44.jpg,0.11434066295623779,0.11295996606349945,-0.0013806968927383423,7.989931087940931,0.6460558772087097
242,/mnt/c/Users/Chirayu/Documents/GitHub/2D-to-3D-image-reconstruction/facescape_224/fsmview_trainset_16_18_eye_closed_45.jpg,0.10423661768436432,0.11309430748224258,0.008857689797878265,8.710349963977933,0.7158190608024597
865,/mnt/c/Users/Chirayu/Documents/GitHub/2D-to-3D-image-reconstruction/facescape_224/fsmview_trainset_10_11_chin_raiser_44.jpg,0.13239642977714539,0.11341821402311325,-0.018978215754032135,8.243920050561428,0.6814501881599426
39,/mnt/c/Users/Chirayu/Documents/GitHub/2D-to-3D-image-reconstruction/facescape_224/fsmview_trainset_2_12_lip_puckerer_31.jpg,0.10847010463476181,0.11379142850637436,0.005321323871612549,8.409105945378542,0.6590681076049805
722,/mnt/c/Users/Chirayu/Documents/GitHub/2D-to-3D-image-reconstruction/facescape_224/fsmview_trainset_12_5_jaw_left_19.jpg,0.04310910776257515,0.11531509459018707,0.07220598682761192,8.05087150260806,0.6928454637527466
467,/mnt/c/Users/Chirayu/Documents/GitHub/2D-to-3D-image-reconstruction/facescape_224/fsmview_trainset_7_17_cheek_blowing_31.jpg,0.11815999448299408,0.11604586988687515,-0.002114124596118927,7.87609888613224,0.6688410043716431
810,/mnt/c/Users/Chirayu/Documents/GitHub/2D-to-3D-image-reconstruction/facescape_224/fsmview_trainset_6_3_mouth_stretch_46.jpg,0.1218009665608406,0.11609259992837906,-0.005708366632461548,8.259551286697388,0.7589850425720215
562,/mnt/c/Users/Chirayu/Documents/GitHub/2D-to-3D-image-reconstruction/facescape_224/fsmview_trainset_5_14_sadness_41.jpg,0.11291088163852692,0.11609651148319244,0.0031856298446655273,8.052791707217693,0.706658124923706
64,/mnt/c/Users/Chirayu/Documents/GitHub/2D-to-3D-image-reconstruction/facescape_224/fsmview_trainset_2_11_chin_raiser_8.jpg,0.051240116357803345,0.11623957008123398,0.06499945372343063,9.22548889555037,0.7710800170898438
824,/mnt/c/Users/Chirayu/Documents/GitHub/2D-to-3D-image-reconstruction/facescape_224/fsmview_trainset_2_12_lip_puckerer_39.jpg,0.11298304796218872,0.11626532673835754,0.0032822787761688232,8.144942626357079,0.7129075527191162
224,/mnt/c/Users/Chirayu/Documents/GitHub/2D-to-3D-image-reconstruction/facescape_224/fsmview_trainset_14_4_anger_45.jpg,0.1088465228676796,0.1164119690656662,0.007565446197986603,9.122057169675827,0.7085686922073364
82,/mnt/c/Users/Chirayu/Documents/GitHub/2D-to-3D-image-reconstruction/facescape_224/fsmview_trainset_7_5_jaw_left_36.jpg,0.10658155381679535,0.11682653427124023,0.010244980454444885,7.88733484596014,0.7172262668609619
455,/mnt/c/Users/Chirayu/Documents/GitHub/2D-to-3D-image-reconstruction/facescape_224/fsmview_trainset_11_1_neutral_59.jpg,0.04444146156311035,0.11697498708963394,0.07253352552652359,7.640452262014151,0.6777157783508301
147,/mnt/c/Users/Chirayu/Documents/GitHub/2D-to-3D-image-reconstruction/facescape_224/fsmview_trainset_16_16_grin_29.jpg,0.03277505561709404,0.11737657338380814,0.0846015177667141,9.366604239679873,0.8642565011978149
762,/mnt/c/Users/Chirayu/Documents/GitHub/2D-to-3D-image-reconstruction/facescape_224/fsmview_trainset_11_1_neutral_28.jpg,0.1141076534986496,0.1177317425608635,0.0036240890622138977,8.992346746847034,0.7175342440605164
627,/mnt/c/Users/Chirayu/Documents/GitHub/2D-to-3D-image-reconstruction/facescape_224/fsmview_trainset_1_15_lip_roll_42.jpg,0.14472950994968414,0.1180206760764122,-0.026708833873271942,7.947606556117535,0.7576637864112854
534,/mnt/c/Users/Chirayu/Documents/GitHub/2D-to-3D-image-reconstruction/facescape_224/fsmview_trainset_6_9_mouth_right_36.jpg,0.10867837816476822,0.11823121458292007,0.009552836418151855,7.744375582784414,0.6635493636131287
604,/mnt/c/Users/Chirayu/Documents/GitHub/2D-to-3D-image-reconstruction/facescape_224/fsmview_trainset_5_10_dimpler_15.jpg,0.03746991977095604,0.11832348257303238,0.08085356280207634,8.680021282285452,0.7246934771537781
870,/mnt/c/Users/Chirayu/Documents/GitHub/2D-to-3D-image-reconstruction/facescape_224/fsmview_trainset_16_19_brow_raiser_37.jpg,0.09112826734781265,0.11840015649795532,0.02727188915014267,9.249975683167577,0.7667593955993652
828,/mnt/c/Users/Chirayu/Documents/GitHub/2D-to-3D-image-reconstruction/facescape_224/fsmview_trainset_3_8_mouth_left_12.jpg,0.09115977585315704,0.11850107461214066,0.027341298758983612,7.9031712263822556,0.7062536478042603
130,/mnt/c/Users/Chirayu/Documents/GitHub/2D-to-3D-image-reconstruction/facescape_224/fsmview_trainset_2_20_brow_lower_29.jpg,0.09952405840158463,0.11904890090227127,0.019524842500686646,8.265368983149529,0.6858602166175842
718,/mnt/c/Users/Chirayu/Documents/GitHub/2D-to-3D-image-reconstruction/facescape_224/fsmview_trainset_2_4_anger_1.jpg,0.12216416746377945,0.11959555745124817,-0.0025686100125312805,8.920294266194105,0.7697411179542542
867,/mnt/c/Users/Chirayu/Documents/GitHub/2D-to-3D-image-reconstruction/facescape_224/fsmview_trainset_9_19_brow_raiser_43.jpg,0.125016987323761,0.11986188590526581,-0.005155101418495178,7.367183029651642,0.6360875368118286
555,/mnt/c/Users/Chirayu/Documents/GitHub/2D-to-3D-image-reconstruction/facescape_224/fsmview_trainset_5_16_grin_41.jpg,0.11473679542541504,0.11995559930801392,0.005218803882598877,7.881866782903671,0.6944733262062073
774,/mnt/c/Users/Chirayu/Documents/GitHub/2D-to-3D-image-reconstruction/facescape_224/fsmview_trainset_20_16_grin_11.jpg,0.08294530212879181,0.12040668725967407,0.03746138513088226,7.373134037479758,0.7127220034599304
876,/mnt/c/Users/Chirayu/Documents/GitHub/2D-to-3D-image-reconstruction/facescape_224/fsmview_trainset_7_13_lip_funneler_44.jpg,0.11412363499403,0.12140592187643051,0.007282286882400513,7.593070648610592,0.6972671747207642
587,/mnt/c/Users/Chirayu/Documents/GitHub/2D-to-3D-image-reconstruction/facescape_224/fsmview_trainset_1_3_mouth_stretch_44.jpg,0.11617792397737503,0.12189538031816483,0.005717456340789795,8.076036930084229,0.6838905215263367
408,/mnt/c/Users/Chirayu/Documents/GitHub/2D-to-3D-image-reconstruction/facescape_224/fsmview_trainset_14_1_neutral_10.jpg,0.09977172315120697,0.12252002954483032,0.022748306393623352,8.326744168996811,0.703016996383667
378,/mnt/c/Users/Chirayu/Documents/GitHub/2D-to-3D-image-reconstruction/facescape_224/fsmview_trainset_15_2_smile_20.jpg,0.10533799976110458,0.12281864136457443,0.01748064160346985,7.463252693414688,0.6377537846565247
205,/mnt/c/Users/Chirayu/Documents/GitHub/2D-to-3D-image-reconstruction/facescape_224/fsmview_trainset_11_8_mouth_left_40.jpg,0.09794282168149948,0.12320763617753983,0.025264814496040344,8.690096143633127,0.750946044921875
361,/mnt/c/Users/Chirayu/Documents/GitHub/2D-to-3D-image-reconstruction/facescape_224/fsmview_trainset_10_19_brow_raiser_46.jpg,0.11339906603097916,0.1234223023056984,0.010023236274719238,9.550920333713293,0.782192051410675
508,/mnt/c/Users/Chirayu/Documents/GitHub/2D-to-3D-image-reconstruction/facescape_224/fsmview_trainset_10_1_neutral_55.jpg,0.11469113081693649,0.12405640631914139,0.009365275502204895,7.545358307659626,0.7034729719161987
732,/mnt/c/Users/Chirayu/Documents/GitHub/2D-to-3D-image-reconstruction/facescape_224/fsmview_trainset_1_15_lip_roll_52.jpg,0.12434018403291702,0.1257287859916687,0.0013886019587516785,8.24774880334735,0.7437865138053894
393,/mnt/c/Users/Chirayu/Documents/GitHub/2D-to-3D-image-reconstruction/facescape_224/fsmview_trainset_5_13_lip_funneler_45.jpg,0.15470586717128754,0.1276477724313736,-0.02705809473991394,8.195011153817177,0.6856133341789246
998,/mnt/c/Users/Chirayu/Documents/GitHub/2D-to-3D-image-reconstruction/facescape_224/fsmview_trainset_10_3_mouth_stretch_13.jpg,0.13291555643081665,0.12788356840610504,-0.005031988024711609,7.227812185883522,0.6854863166809082
359,/mnt/c/Users/Chirayu/Documents/GitHub/2D-to-3D-image-reconstruction/facescape_224/fsmview_trainset_11_9_mouth_right_44.jpg,0.12741996347904205,0.1278996467590332,0.0004796832799911499,8.340659648180008,0.7925020456314087
351,/mnt/c/Users/Chirayu/Documents/GitHub/2D-to-3D-image-reconstruction/facescape_224/fsmview_trainset_8_8_mouth_left_18.jpg,0.11821673810482025,0.12833087146282196,0.010114133358001709,7.945714712142944,0.7588756680488586
765,/mnt/c/Users/Chirayu/Documents/GitHub/2D-to-3D-image-reconstruction/facescape_224/fsmview_trainset_2_18_eye_closed_29.jpg,0.10334726423025131,0.12853652238845825,0.02518925815820694,8.649392165243626,0.7073209285736084
783,/mnt/c/Users/Chirayu/Documents/GitHub/2D-to-3D-image-reconstruction/facescape_224/fsmview_trainset_20_17_cheek_blowing_10.jpg,0.08143214881420135,0.12871329486370087,0.04728114604949951,8.459966868162155,0.7738741636276245
595,/mnt/c/Users/Chirayu/Documents/GitHub/2D-to-3D-image-reconstruction/facescape_224/fsmview_trainset_3_16_grin_35.jpg,0.11134012788534164,0.12930093705654144,0.0179608091711998,7.7064381539821625,0.7060363292694092
671,/mnt/c/Users/Chirayu/Documents/GitHub/2D-to-3D-image-reconstruction/facescape_224/fsmview_trainset_13_2_smile_33.jpg,0.13271062076091766,0.1293143630027771,-0.003396257758140564,8.076511111110449,0.7130715847015381
181,/mnt/c/Users/Chirayu/Documents/GitHub/2D-to-3D-image-reconstruction/facescape_224/fsmview_trainset_13_4_anger_6.jpg,0.1443479210138321,0.12982822954654694,-0.014519691467285156,8.467343911528587,0.6930667161941528
425,/mnt/c/Users/Chirayu/Documents/GitHub/2D-to-3D-image-reconstruction/facescape_224/fsmview_trainset_10_6_jaw_right_52.jpg,0.12371845543384552,0.13045409321784973,0.006735637784004211,7.012122191488743,0.6439407467842102
367,/mnt/c/Users/Chirayu/Documents/GitHub/2D-to-3D-image-reconstruction/facescape_224/fsmview_trainset_20_5_jaw_left_8.jpg,0.13851799070835114,0.13121524453163147,-0.0073027461767196655,8.641985580325127,0.7985814213752747
894,/mnt/c/Users/Chirayu/Documents/GitHub/2D-to-3D-image-reconstruction/facescape_224/fsmview_trainset_13_10_dimpler_10.jpg,0.09298927336931229,0.13141828775405884,0.03842901438474655,9.204676608555019,0.7944610714912415
854,/mnt/c/Users/Chirayu/Documents/GitHub/2D-to-3D-image-reconstruction/facescape_224/fsmview_trainset_1_7_jaw_forward_41.jpg,0.13132642209529877,0.13162755966186523,0.0003011375665664673,8.116967126727104,0.7521142363548279
906,/mnt/c/Users/Chirayu/Documents/GitHub/2D-to-3D-image-reconstruction/facescape_224/fsmview_trainset_12_9_mouth_right_52.jpg,0.12351956218481064,0.13238801062107086,0.008868448436260223,8.030234389007092,0.6811437010765076
680,/mnt/c/Users/Chirayu/Documents/GitHub/2D-to-3D-image-reconstruction/facescape_224/fsmview_trainset_11_2_smile_28.jpg,0.13674189150333405,0.13305963575839996,-0.003682255744934082,9.35753821209073,0.74382483959198
128,/mnt/c/Users/Chirayu/Documents/GitHub/2D-to-3D-image-reconstruction/facescape_224/fsmview_trainset_4_12_lip_puckerer_0.jpg,0.12795016169548035,0.1334187537431717,0.005468592047691345,8.514702908694744,0.7498070001602173
162,/mnt/c/Users/Chirayu/Documents/GitHub/2D-to-3D-image-reconstruction/facescape_224/fsmview_trainset_12_6_jaw_right_24.jpg,0.12165355682373047,0.133766308426857,0.012112751603126526,8.290404122322798,0.7112084627151489
681,/mnt/c/Users/Chirayu/Documents/GitHub/2D-to-3D-image-reconstruction/facescape_224/fsmview_trainset_8_15_lip_roll_31.jpg,0.11051535606384277,0.1339883804321289,0.023473024368286133,7.6232347041368484,0.6497249603271484
770,/mnt/c/Users/Chirayu/Documents/GitHub/2D-to-3D-image-reconstruction/facescape_224/fsmview_trainset_7_7_jaw_forward_34.jpg,0.06423166394233704,0.1345948576927185,0.07036319375038147,8.90507218055427,0.8551293015480042
734,/mnt/c/Users/Chirayu/Documents/GitHub/2D-to-3D-image-reconstruction/facescape_224/fsmview_trainset_18_14_sadness_45.jpg,0.10801715403795242,0.1361350566148758,0.02811790257692337,9.844714291393757,0.7986947298049927
402,/mnt/c/Users/Chirayu/Documents/GitHub/2D-to-3D-image-reconstruction/facescape_224/fsmview_trainset_17_12_lip_puckerer_57.jpg,0.13419313728809357,0.1370004266500473,0.0028072893619537354,8.797329027205706,0.7299748063087463
519,/mnt/c/Users/Chirayu/Documents/GitHub/2D-to-3D-image-reconstruction/facescape_224/fsmview_trainset_12_1_neutral_43.jpg,0.1293194442987442,0.13781821727752686,0.008498772978782654,7.750269960612059,0.6643326878547668
454,/mnt/c/Users/Chirayu/Documents/GitHub/2D-to-3D-image-reconstruction/facescape_224/fsmview_trainset_4_20_brow_lower_51.jpg,0.14991232752799988,0.13791126012802124,-0.012001067399978638,7.141733326017857,0.7198485732078552
305,/mnt/c/Users/Chirayu/Documents/GitHub/2D-to-3D-image-reconstruction/facescape_224/fsmview_trainset_3_10_dimpler_46.jpg,0.13172174990177155,0.1389351189136505,0.007213369011878967,8.44983410090208,0.716862142086029
554,/mnt/c/Users/Chirayu/Documents/GitHub/2D-to-3D-image-reconstruction/facescape_224/fsmview_trainset_15_13_lip_funneler_33.jpg,0.12175604701042175,0.14070552587509155,0.0189494788646698,7.592415859922767,0.6574386954307556
484,/mnt/c/Users/Chirayu/Documents/GitHub/2D-to-3D-image-reconstruction/facescape_224/fsmview_trainset_15_18_eye_closed_30.jpg,0.12709908187389374,0.14130331575870514,0.014204233884811401,7.9762076660990715,0.6587135195732117
498,/mnt/c/Users/Chirayu/Documents/GitHub/2D-to-3D-image-reconstruction/facescape_224/fsmview_trainset_14_3_mouth_stretch_16.jpg,0.08734262734651566,0.1426410675048828,0.05529844015836716,7.479481689631939,0.6897580027580261
990,/mnt/c/Users/Chirayu/Documents/GitHub/2D-to-3D-image-reconstruction/facescape_224/fsmview_trainset_18_2_smile_38.jpg,0.14921754598617554,0.14280180633068085,-0.00641573965549469,8.70751816034317,0.8552095890045166
798,/mnt/c/Users/Chirayu/Documents/GitHub/2D-to-3D-image-reconstruction/facescape_224/fsmview_trainset_6_5_jaw_left_36.jpg,0.13020382821559906,0.14344774186611176,0.013243913650512695,7.59653015807271,0.7004936933517456
264,/mnt/c/Users/Chirayu/Documents/GitHub/2D-to-3D-image-reconstruction/facescape_224/fsmview_trainset_20_15_lip_roll_47.jpg,0.09973644465208054,0.1436646729707718,0.043928228318691254,7.916051726788282,0.7295849919319153
531,/mnt/c/Users/Chirayu/Documents/GitHub/2D-to-3D-image-reconstruction/facescape_224/fsmview_trainset_17_20_brow_lower_46.jpg,0.14466620981693268,0.14392676949501038,-0.0007394403219223022,8.522503267973661,0.752854585647583
593,/mnt/c/Users/Chirayu/Documents/GitHub/2D-to-3D-image-reconstruction/facescape_224/fsmview_trainset_4_14_sadness_45.jpg,0.11687310039997101,0.14484848082065582,0.027975380420684814,9.753264259546995,0.8101300001144409
861,/mnt/c/Users/Chirayu/Documents/GitHub/2D-to-3D-image-reconstruction/facescape_224/fsmview_trainset_8_6_jaw_right_48.jpg,0.14406488835811615,0.1455223709344864,0.0014574825763702393,7.621718041598797,0.684588611125946
802,/mnt/c/Users/Chirayu/Documents/GitHub/2D-to-3D-image-reconstruction/facescape_224/fsmview_trainset_8_19_brow_raiser_15.jpg,0.14069388806819916,0.14631453156471252,0.005620643496513367,8.146136954426765,0.6712788939476013
544,/mnt/c/Users/Chirayu/Documents/GitHub/2D-to-3D-image-reconstruction/facescape_224/fsmview_trainset_18_1_neutral_39.jpg,0.1547335684299469,0.14730411767959595,-0.007429450750350952,8.538496226072311,0.8205273151397705
191,/mnt/c/Users/Chirayu/Documents/GitHub/2D-to-3D-image-reconstruction/facescape_224/fsmview_trainset_5_4_anger_40.jpg,0.14156579971313477,0.148295059800148,0.006729260087013245,8.193957675248384,0.7456099390983582
813,/mnt/c/Users/Chirayu/Documents/GitHub/2D-to-3D-image-reconstruction/facescape_224/fsmview_trainset_13_6_jaw_right_19.jpg,0.14166828989982605,0.14833658933639526,0.006668299436569214,8.19386874139309,0.6642615795135498
119,/mnt/c/Users/Chirayu/Documents/GitHub/2D-to-3D-image-reconstruction/facescape_224/fsmview_trainset_8_6_jaw_right_38.jpg,0.1649133563041687,0.1489098221063614,-0.016003534197807312,8.24525111913681,0.8547623157501221
912,/mnt/c/Users/Chirayu/Documents/GitHub/2D-to-3D-image-reconstruction/facescape_224/fsmview_trainset_20_15_lip_roll_14.jpg,0.14223730564117432,0.1518779695034027,0.009640663862228394,8.053058609366417,0.6892698407173157
163,/mnt/c/Users/Chirayu/Documents/GitHub/2D-to-3D-image-reconstruction/facescape_224/fsmview_trainset_6_14_sadness_44.jpg,0.16960643231868744,0.15312792360782623,-0.016478508710861206,7.473267585039139,0.7083513736724854
228,/mnt/c/Users/Chirayu/Documents/GitHub/2D-to-3D-image-reconstruction/facescape_224/fsmview_trainset_6_4_anger_45.jpg,0.16879723966121674,0.1539911925792694,-0.014806047081947327,8.015039049088955,0.7583487033843994
568,/mnt/c/Users/Chirayu/Documents/GitHub/2D-to-3D-image-reconstruction/facescape_224/fsmview_trainset_3_2_smile_52.jpg,0.15276888012886047,0.15404434502124786,0.0012754648923873901,8.218950144946575,0.7368748784065247
141,/mnt/c/Users/Chirayu/Documents/GitHub/2D-to-3D-image-reconstruction/facescape_224/fsmview_trainset_18_4_anger_40.jpg,0.1438971906900406,0.15417438745498657,0.010277196764945984,7.258206315338612,0.6466181874275208
488,/mnt/c/Users/Chirayu/Documents/GitHub/2D-to-3D-image-reconstruction/facescape_224/fsmview_trainset_8_14_sadness_15.jpg,0.16318026185035706,0.15517215430736542,-0.008008107542991638,8.097984991967678,0.6629353165626526
670,/mnt/c/Users/Chirayu/Documents/GitHub/2D-to-3D-image-reconstruction/facescape_224/fsmview_trainset_10_14_sadness_40.jpg,0.1353759467601776,0.1558334231376648,0.020457476377487183,7.129340097308159,0.639715313911438
960,/mnt/c/Users/Chirayu/Documents/GitHub/2D-to-3D-image-reconstruction/facescape_224/fsmview_trainset_4_2_smile_40.jpg,0.16606268286705017,0.1559700071811676,-0.010092675685882568,7.0855905413627625,0.6826817989349365
424,/mnt/c/Users/Chirayu/Documents/GitHub/2D-to-3D-image-reconstruction/facescape_224/fsmview_trainset_19_2_smile_37.jpg,0.1244811862707138,0.15657109022140503,0.03208990395069122,8.990229150280356,0.7641245126724243
576,/mnt/c/Users/Chirayu/Documents/GitHub/2D-to-3D-image-reconstruction/facescape_224/fsmview_trainset_12_4_anger_22.jpg,0.169382706284523,0.1583428531885147,-0.0110398530960083,9.07488326728344,0.7037107348442078
243,/mnt/c/Users/Chirayu/Documents/GitHub/2D-to-3D-image-reconstruction/facescape_224/fsmview_trainset_3_1_neutral_40.jpg,0.1492694616317749,0.15875877439975739,0.009489312767982483,7.666272841393948,0.6813973188400269
12,/mnt/c/Users/Chirayu/Documents/GitHub/2D-to-3D-image-reconstruction/facescape_224/fsmview_trainset_20_13_lip_funneler_46.jpg,0.1270504891872406,0.15925036370754242,0.03219987452030182,7.559457760304213,0.6527705192565918
355,/mnt/c/Users/Chirayu/Documents/GitHub/2D-to-3D-image-reconstruction/facescape_224/fsmview_trainset_7_4_anger_40.jpg,0.15086711943149567,0.15973101556301117,0.008863896131515503,6.7499991953372955,0.6101449131965637
219,/mnt/c/Users/Chirayu/Documents/GitHub/2D-to-3D-image-reconstruction/facescape_224/fsmview_trainset_9_19_brow_raiser_32.jpg,0.23297882080078125,0.15987157821655273,-0.07310724258422852,7.602044031023979,0.6556589007377625
266,/mnt/c/Users/Chirayu/Documents/GitHub/2D-to-3D-image-reconstruction/facescape_224/fsmview_trainset_3_2_smile_8.jpg,0.0452783964574337,0.1619204580783844,0.1166420616209507,10.1011020001024,0.8867932558059692
25,/mnt/c/Users/Chirayu/Documents/GitHub/2D-to-3D-image-reconstruction/facescape_224/fsmview_trainset_19_2_smile_32.jpg,0.15338416397571564,0.1637631058692932,0.010378941893577576,7.585773978382349,0.7155003547668457
172,/mnt/c/Users/Chirayu/Documents/GitHub/2D-to-3D-image-reconstruction/facescape_224/fsmview_trainset_5_5_jaw_left_40.jpg,0.1594177782535553,0.16380347311496735,0.004385694861412048,7.749158538877964,0.694056510925293
641,/mnt/c/Users/Chirayu/Documents/GitHub/2D-to-3D-image-reconstruction/facescape_224/fsmview_trainset_15_13_lip_funneler_10.jpg,0.14444875717163086,0.16452255845069885,0.020073801279067993,8.303414031863213,0.7464351058006287
632,/mnt/c/Users/Chirayu/Documents/GitHub/2D-to-3D-image-reconstruction/facescape_224/fsmview_trainset_2_11_chin_raiser_54.jpg,0.17336761951446533,0.1645490676164627,-0.008818551898002625,8.61565638706088,0.714557945728302
621,/mnt/c/Users/Chirayu/Documents/GitHub/2D-to-3D-image-reconstruction/facescape_224/fsmview_trainset_13_18_eye_closed_56.jpg,0.15518631041049957,0.1659788340330124,0.010792523622512817,8.028549320995808,0.658724844455719
372,/mnt/c/Users/Chirayu/Documents/GitHub/2D-to-3D-image-reconstruction/facescape_224/fsmview_trainset_6_20_brow_lower_16.jpg,0.15165939927101135,0.16751007735729218,0.015850678086280823,8.109526872634888,0.7296263575553894
89,/mnt/c/Users/Chirayu/Documents/GitHub/2D-to-3D-image-reconstruction/facescape_224/fsmview_trainset_10_3_mouth_stretch_53.jpg,0.1590888351202011,0.16860191524028778,0.00951308012008667,7.197342999279499,0.6864078640937805
790,/mnt/c/Users/Chirayu/Documents/GitHub/2D-to-3D-image-reconstruction/facescape_224/fsmview_trainset_2_10_dimpler_48.jpg,0.16346675157546997,0.16946262121200562,0.0059958696365356445,9.316372585482895,0.787826657295227
487,/mnt/c/Users/Chirayu/Documents/GitHub/2D-to-3D-image-reconstruction/facescape_224/fsmview_trainset_20_18_eye_closed_29.jpg,0.166982963681221,0.17243067920207977,0.005447715520858765,7.825222659856081,0.6453929543495178
29,/mnt/c/Users/Chirayu/Documents/GitHub/2D-to-3D-image-reconstruction/facescape_224/fsmview_trainset_14_19_brow_raiser_46.jpg,0.16879768669605255,0.17304058372974396,0.004242897033691406,8.802827283740044,0.6740405559539795
375,/mnt/c/Users/Chirayu/Documents/GitHub/2D-to-3D-image-reconstruction/facescape_224/fsmview_trainset_1_9_mouth_right_15.jpg,0.18290920555591583,0.17437244951725006,-0.008536756038665771,7.76410286873579,0.6568406820297241
760,/mnt/c/Users/Chirayu/Documents/GitHub/2D-to-3D-image-reconstruction/facescape_224/fsmview_trainset_9_16_grin_44.jpg,0.17712809145450592,0.17520105838775635,-0.0019270330667495728,8.344874482601881,0.7678160667419434
781,/mnt/c/Users/Chirayu/Documents/GitHub/2D-to-3D-image-reconstruction/facescape_224/fsmview_trainset_4_18_eye_closed_0.jpg,0.1621038168668747,0.17609061300754547,0.013986796140670776,8.187839835882187,0.6973505616188049
211,/mnt/c/Users/Chirayu/Documents/GitHub/2D-to-3D-image-reconstruction/facescape_224/fsmview_trainset_7_18_eye_closed_40.jpg,0.152212992310524,0.1771579384803772,0.02494494616985321,7.162461139261723,0.6516619324684143
658,/mnt/c/Users/Chirayu/Documents/GitHub/2D-to-3D-image-reconstruction/facescape_224/fsmview_trainset_20_9_mouth_right_52.jpg,0.1638033539056778,0.17911933362483978,0.015315979719161987,8.070668824017048,0.710700511932373
137,/mnt/c/Users/Chirayu/Documents/GitHub/2D-to-3D-image-reconstruction/facescape_224/fsmview_trainset_9_1_neutral_36.jpg,0.16378243267536163,0.1797235757112503,0.015941143035888672,7.6207090690732,0.6602275967597961
809,/mnt/c/Users/Chirayu/Documents/GitHub/2D-to-3D-image-reconstruction/facescape_224/fsmview_trainset_19_6_jaw_right_37.jpg,0.13716773688793182,0.18111500144004822,0.043947264552116394,9.476395251229405,0.7836040258407593
849,/mnt/c/Users/Chirayu/Documents/GitHub/2D-to-3D-image-reconstruction/facescape_224/fsmview_trainset_15_14_sadness_34.jpg,0.16471779346466064,0.18175500631332397,0.01703721284866333,7.910817842930555,0.6557360291481018
789,/mnt/c/Users/Chirayu/Documents/GitHub/2D-to-3D-image-reconstruction/facescape_224/fsmview_trainset_2_20_brow_lower_4.jpg,0.1883024424314499,0.18304555118083954,-0.0052568912506103516,9.0699431784451,0.7308001518249512
976,/mnt/c/Users/Chirayu/Documents/GitHub/2D-to-3D-image-reconstruction/facescape_224/fsmview_trainset_20_11_chin_raiser_44.jpg,0.16880498826503754,0.18315036594867706,0.014345377683639526,9.116963811218739,0.7262035608291626
416,/mnt/c/Users/Chirayu/Documents/GitHub/2D-to-3D-image-reconstruction/facescape_224/fsmview_trainset_14_13_lip_funneler_46.jpg,0.18018478155136108,0.18336109817028046,0.0031763166189193726,8.362363062798977,0.6432690024375916
753,/mnt/c/Users/Chirayu/Documents/GitHub/2D-to-3D-image-reconstruction/facescape_224/fsmview_trainset_14_2_smile_9.jpg,0.17112477123737335,0.1838243156671524,0.012699544429779053,8.080620251595974,0.7620463371276855
278,/mnt/c/Users/Chirayu/Documents/GitHub/2D-to-3D-image-reconstruction/facescape_224/fsmview_trainset_14_15_lip_roll_9.jpg,0.17120450735092163,0.18387092649936676,0.01266641914844513,7.4206631407141685,0.7477695345878601
229,/mnt/c/Users/Chirayu/Documents/GitHub/2D-to-3D-image-reconstruction/facescape_224/fsmview_trainset_11_8_mouth_left_14.jpg,0.08557701110839844,0.18392275273799896,0.09834574162960052,10.375761952251196,0.9758761525154114
801,/mnt/c/Users/Chirayu/Documents/GitHub/2D-to-3D-image-reconstruction/facescape_224/fsmview_trainset_3_10_dimpler_33.jpg,0.20014086365699768,0.18412066996097565,-0.016020193696022034,6.905977748334408,0.6648026704788208
883,/mnt/c/Users/Chirayu/Documents/GitHub/2D-to-3D-image-reconstruction/facescape_224/fsmview_trainset_9_15_lip_roll_55.jpg,0.18025077879428864,0.1849164068698883,0.00466562807559967,7.403150446712971,0.6472806930541992
823,/mnt/c/Users/Chirayu/Documents/GitHub/2D-to-3D-image-reconstruction/facescape_224/fsmview_trainset_2_8_mouth_left_1.jpg,0.19662679731845856,0.1861329972743988,-0.010493800044059753,8.178673423826694,0.7028586864471436
879,/mnt/c/Users/Chirayu/Documents/GitHub/2D-to-3D-image-reconstruction/facescape_224/fsmview_trainset_1_11_chin_raiser_47.jpg,0.19852237403392792,0.18616735935211182,-0.012355014681816101,7.088150680065155,0.6808294057846069
377,/mnt/c/Users/Chirayu/Documents/GitHub/2D-to-3D-image-reconstruction/facescape_224/fsmview_trainset_9_15_lip_roll_40.jpg,0.1742822676897049,0.18689453601837158,0.012612268328666687,7.724618751555681,0.6600562334060669
84,/mnt/c/Users/Chirayu/Documents/GitHub/2D-to-3D-image-reconstruction/facescape_224/fsmview_trainset_17_14_sadness_49.jpg,0.20971906185150146,0.1881391853094101,-0.02157987654209137,8.157409831881523,0.6644106507301331
511,/mnt/c/Users/Chirayu/Documents/GitHub/2D-to-3D-image-reconstruction/facescape_224/fsmview_trainset_2_6_jaw_right_2.jpg,0.213356152176857,0.19220297038555145,-0.021153181791305542,8.47958803549409,0.7667054533958435
501,/mnt/c/Users/Chirayu/Documents/GitHub/2D-to-3D-image-reconstruction/facescape_224/fsmview_trainset_15_5_jaw_left_11.jpg,0.13342005014419556,0.19297869503498077,0.05955864489078522,8.52667111158371,0.7425984740257263
380,/mnt/c/Users/Chirayu/Documents/GitHub/2D-to-3D-image-reconstruction/facescape_224/fsmview_trainset_7_17_cheek_blowing_39.jpg,0.22007279098033905,0.19649145007133484,-0.02358134090900421,7.267704173922539,0.6278089284896851
869,/mnt/c/Users/Chirayu/Documents/GitHub/2D-to-3D-image-reconstruction/facescape_224/fsmview_trainset_17_10_dimpler_1.jpg,0.1926039606332779,0.1969134509563446,0.004309490323066711,9.74859506636858,0.7525953650474548
192,/mnt/c/Users/Chirayu/Documents/GitHub/2D-to-3D-image-reconstruction/facescape_224/fsmview_trainset_4_12_lip_puckerer_52.jpg,0.21288606524467468,0.19693271815776825,-0.015953347086906433,6.68161353468895,0.6576070785522461
142,/mnt/c/Users/Chirayu/Documents/GitHub/2D-to-3D-image-reconstruction/facescape_224/fsmview_trainset_9_2_smile_39.jpg,0.1744881123304367,0.19810155034065247,0.02361343801021576,7.486261319369078,0.645012378692627
9,/mnt/c/Users/Chirayu/Documents/GitHub/2D-to-3D-image-reconstruction/facescape_224/fsmview_trainset_2_20_brow_lower_7.jpg,0.22607111930847168,0.19840377569198608,-0.027667343616485596,8.746046368032694,0.7068782448768616
261,/mnt/c/Users/Chirayu/Documents/GitHub/2D-to-3D-image-reconstruction/facescape_224/fsmview_trainset_7_19_brow_raiser_42.jpg,0.16475366055965424,0.19907249510288239,0.03431883454322815,6.859119368717074,0.6771481037139893
342,/mnt/c/Users/Chirayu/Documents/GitHub/2D-to-3D-image-reconstruction/facescape_224/fsmview_trainset_3_7_jaw_forward_50.jpg,0.20312005281448364,0.19942665100097656,-0.00369340181350708,7.431031532585621,0.6750075221061707
660,/mnt/c/Users/Chirayu/Documents/GitHub/2D-to-3D-image-reconstruction/facescape_224/fsmview_trainset_1_5_jaw_left_13.jpg,0.2116614282131195,0.1999834179878235,-0.01167801022529602,7.064490348100662,0.6280601024627686
888,/mnt/c/Users/Chirayu/Documents/GitHub/2D-to-3D-image-reconstruction/facescape_224/fsmview_trainset_18_16_grin_26.jpg,0.2406492829322815,0.20110663771629333,-0.03954264521598816,6.359749518334866,0.6053299903869629
759,/mnt/c/Users/Chirayu/Documents/GitHub/2D-to-3D-image-reconstruction/facescape_224/fsmview_trainset_19_18_eye_closed_45.jpg,0.1859765201807022,0.2036009430885315,0.017624422907829285,9.277403830550611,0.7699342370033264
16,/mnt/c/Users/Chirayu/Documents/GitHub/2D-to-3D-image-reconstruction/facescape_224/fsmview_trainset_7_12_lip_puckerer_40.jpg,0.18340130150318146,0.20616041123867035,0.02275910973548889,7.233681492507458,0.6507875919342041
539,/mnt/c/Users/Chirayu/Documents/GitHub/2D-to-3D-image-reconstruction/facescape_224/fsmview_trainset_11_1_neutral_64.jpg,0.20745013654232025,0.20623798668384552,-0.0012121498584747314,8.204311929643154,0.7297845482826233
505,/mnt/c/Users/Chirayu/Documents/GitHub/2D-to-3D-image-reconstruction/facescape_224/fsmview_trainset_15_18_eye_closed_11.jpg,0.11644650995731354,0.20741836726665497,0.09097185730934143,8.996131431311369,0.7319576740264893
661,/mnt/c/Users/Chirayu/Documents/GitHub/2D-to-3D-image-reconstruction/facescape_224/fsmview_trainset_7_10_dimpler_0.jpg,0.23112967610359192,0.20848102867603302,-0.0226486474275589,7.183066248893738,0.6733514666557312
851,/mnt/c/Users/Chirayu/Documents/GitHub/2D-to-3D-image-reconstruction/facescape_224/fsmview_trainset_19_5_jaw_left_45.jpg,0.17687071859836578,0.2093827873468399,0.03251206874847412,9.216903455555439,0.8167418837547302
6,/mnt/c/Users/Chirayu/Documents/GitHub/2D-to-3D-image-reconstruction/facescape_224/fsmview_trainset_8_17_cheek_blowing_52.jpg,0.21303969621658325,0.21230091154575348,-0.000738784670829773,6.3125643618404865,0.6173675060272217
599,/mnt/c/Users/Chirayu/Documents/GitHub/2D-to-3D-image-reconstruction/facescape_224/fsmview_trainset_7_13_lip_funneler_40.jpg,0.18963880836963654,0.21261627972126007,0.022977471351623535,6.829296298325062,0.6450101733207703
631,/mnt/c/Users/Chirayu/Documents/GitHub/2D-to-3D-image-reconstruction/facescape_224/fsmview_trainset_5_8_mouth_left_54.jpg,0.26816391944885254,0.2126448005437851,-0.055519118905067444,8.274500712752342,0.7629602551460266
708,/mnt/c/Users/Chirayu/Documents/GitHub/2D-to-3D-image-reconstruction/facescape_224/fsmview_trainset_11_20_brow_lower_12.jpg,0.06358658522367477,0.21279816329479218,0.1492115780711174,7.415283814072609,0.6492388248443604
999,/mnt/c/Users/Chirayu/Documents/GitHub/2D-to-3D-image-reconstruction/facescape_224/fsmview_trainset_18_8_mouth_left_13.jpg,0.22121582925319672,0.21747435629367828,-0.0037414729595184326,7.559445295482874,0.6159799098968506
35,/mnt/c/Users/Chirayu/Documents/GitHub/2D-to-3D-image-reconstruction/facescape_224/fsmview_trainset_11_13_lip_funneler_14.jpg,0.19384975731372833,0.22034701704978943,0.026497259736061096,7.824253663420677,0.6653422117233276
74,/mnt/c/Users/Chirayu/Documents/GitHub/2D-to-3D-image-reconstruction/facescape_224/fsmview_trainset_6_16_grin_42.jpg,0.20518359541893005,0.2211252599954605,0.015941664576530457,6.437023747712374,0.6489231586456299
10,/mnt/c/Users/Chirayu/Documents/GitHub/2D-to-3D-image-reconstruction/facescape_224/fsmview_trainset_13_16_grin_2.jpg,0.2161371409893036,0.22270245850086212,0.006565317511558533,6.898596838116646,0.6129036545753479
657,/mnt/c/Users/Chirayu/Documents/GitHub/2D-to-3D-image-reconstruction/facescape_224/fsmview_trainset_11_15_lip_roll_11.jpg,0.08170785754919052,0.22493457794189453,0.143226720392704,7.353995952755213,0.6494670510292053
347,/mnt/c/Users/Chirayu/Documents/GitHub/2D-to-3D-image-reconstruction/facescape_224/fsmview_trainset_4_12_lip_puckerer_15.jpg,0.23122777044773102,0.2267553210258484,-0.004472449421882629,6.207216903567314,0.5862155556678772
46,/mnt/c/Users/Chirayu/Documents/GitHub/2D-to-3D-image-reconstruction/facescape_224/fsmview_trainset_20_16_grin_29.jpg,0.14049847424030304,0.22677543759346008,0.08627696335315704,7.362459184601903,0.6436120271682739
784,/mnt/c/Users/Chirayu/Documents/GitHub/2D-to-3D-image-reconstruction/facescape_224/fsmview_trainset_17_3_mouth_stretch_36.jpg,0.21664097905158997,0.2279924601316452,0.011351481080055237,7.747408282011747,0.6576324701309204
265,/mnt/c/Users/Chirayu/Documents/GitHub/2D-to-3D-image-reconstruction/facescape_224/fsmview_trainset_20_15_lip_roll_12.jpg,0.06356081366539001,0.2285260707139969,0.16496525704860687,7.3390977047383785,0.6993889808654785
280,/mnt/c/Users/Chirayu/Documents/GitHub/2D-to-3D-image-reconstruction/facescape_224/fsmview_trainset_9_7_jaw_forward_42.jpg,0.13781821727752686,0.23400023579597473,0.09618201851844788,6.761545069515705,0.6586862802505493
246,/mnt/c/Users/Chirayu/Documents/GitHub/2D-to-3D-image-reconstruction/facescape_224/fsmview_trainset_13_20_brow_lower_14.jpg,0.04634135589003563,0.23506268858909607,0.18872133269906044,10.495897591114044,0.9739946722984314
433,/mnt/c/Users/Chirayu/Documents/GitHub/2D-to-3D-image-reconstruction/facescape_224/fsmview_trainset_20_9_mouth_right_30.jpg,0.06330671161413193,0.23587287962436676,0.17256616801023483,9.81062212958932,0.92473304271698
965,/mnt/c/Users/Chirayu/Documents/GitHub/2D-to-3D-image-reconstruction/facescape_224/fsmview_trainset_6_13_lip_funneler_12.jpg,0.22084496915340424,0.2362213432788849,0.015376374125480652,7.331238143146038,0.6975387334823608
847,/mnt/c/Users/Chirayu/Documents/GitHub/2D-to-3D-image-reconstruction/facescape_224/fsmview_trainset_11_1_neutral_66.jpg,0.24298101663589478,0.23647651076316833,-0.00650450587272644,7.70312887430191,0.6493867635726929
735,/mnt/c/Users/Chirayu/Documents/GitHub/2D-to-3D-image-reconstruction/facescape_224/fsmview_trainset_15_18_eye_closed_16.jpg,0.21693234145641327,0.23926499485969543,0.022332653403282166,8.004059299826622,0.6655362844467163
497,/mnt/c/Users/Chirayu/Documents/GitHub/2D-to-3D-image-reconstruction/facescape_224/fsmview_trainset_12_15_lip_roll_49.jpg,0.21900513768196106,0.24174295365810394,0.022737815976142883,7.371629264205694,0.6401713490486145
907,/mnt/c/Users/Chirayu/Documents/GitHub/2D-to-3D-image-reconstruction/facescape_224/fsmview_trainset_9_18_eye_closed_42.jpg,0.13874858617782593,0.24765008687973022,0.1089015007019043,7.012673646211624,0.7350766062736511
294,/mnt/c/Users/Chirayu/Documents/GitHub/2D-to-3D-image-reconstruction/facescape_224/fsmview_trainset_2_7_jaw_forward_55.jpg,0.2782433331012726,0.24926242232322693,-0.028980910778045654,7.486589048057795,0.6373518109321594
887,/mnt/c/Users/Chirayu/Documents/GitHub/2D-to-3D-image-reconstruction/facescape_224/fsmview_trainset_15_3_mouth_stretch_48.jpg,0.2192205935716629,0.2504517734050751,0.03123117983341217,8.435896299779415,0.7253727912902832
589,/mnt/c/Users/Chirayu/Documents/GitHub/2D-to-3D-image-reconstruction/facescape_224/fsmview_trainset_8_10_dimpler_40.jpg,0.25548917055130005,0.25527751445770264,-0.0002116560935974121,6.527400732040405,0.6580371856689453
333,/mnt/c/Users/Chirayu/Documents/GitHub/2D-to-3D-image-reconstruction/facescape_224/fsmview_trainset_5_3_mouth_stretch_3.jpg,0.2465813308954239,0.25579553842544556,0.009214207530021667,7.752787701785564,0.6344775557518005
197,/mnt/c/Users/Chirayu/Documents/GitHub/2D-to-3D-image-reconstruction/facescape_224/fsmview_trainset_12_13_lip_funneler_34.jpg,0.22924956679344177,0.25960585474967957,0.030356287956237793,7.392964757978916,0.6408891677856445
390,/mnt/c/Users/Chirayu/Documents/GitHub/2D-to-3D-image-reconstruction/facescape_224/fsmview_trainset_10_19_brow_raiser_51.jpg,0.06265338510274887,0.2601175904273987,0.1974642053246498,10.325733657926321,0.9657307267189026
349,/mnt/c/Users/Chirayu/Documents/GitHub/2D-to-3D-image-reconstruction/facescape_224/fsmview_trainset_8_9_mouth_right_49.jpg,0.17064088582992554,0.26012536883354187,0.08948448300361633,7.67750209569931,0.7694220542907715
914,/mnt/c/Users/Chirayu/Documents/GitHub/2D-to-3D-image-reconstruction/facescape_224/fsmview_trainset_20_4_anger_66.jpg,0.25871264934539795,0.2620078921318054,0.0032952427864074707,7.011245761066675,0.6705214381217957
609,/mnt/c/Users/Chirayu/Documents/GitHub/2D-to-3D-image-reconstruction/facescape_224/fsmview_trainset_15_14_sadness_10.jpg,0.20985421538352966,0.26322993636131287,0.0533757209777832,8.459742829203606,0.7546436190605164
567,/mnt/c/Users/Chirayu/Documents/GitHub/2D-to-3D-image-reconstruction/facescape_224/fsmview_trainset_7_18_eye_closed_22.jpg,0.24387705326080322,0.2632889449596405,0.01941189169883728,7.343625530600548,0.7273464798927307
747,/mnt/c/Users/Chirayu/Documents/GitHub/2D-to-3D-image-reconstruction/facescape_224/fsmview_trainset_20_13_lip_funneler_20.jpg,0.2452532798051834,0.26339495182037354,0.018141672015190125,7.727438200265169,0.6497427821159363
966,/mnt/c/Users/Chirayu/Documents/GitHub/2D-to-3D-image-reconstruction/facescape_224/fsmview_trainset_20_12_lip_puckerer_21.jpg,0.2486618310213089,0.269361287355423,0.020699456334114075,7.665982164442539,0.6437716484069824
814,/mnt/c/Users/Chirayu/Documents/GitHub/2D-to-3D-image-reconstruction/facescape_224/fsmview_trainset_11_8_mouth_left_39.jpg,0.28150323033332825,0.27086806297302246,-0.010635167360305786,8.082604337483644,0.7379535436630249
472,/mnt/c/Users/Chirayu/Documents/GitHub/2D-to-3D-image-reconstruction/facescape_224/fsmview_trainset_17_13_lip_funneler_52.jpg,0.2860638499259949,0.2724427878856659,-0.01362106204032898,7.723172217607498,0.6545572280883789
968,/mnt/c/Users/Chirayu/Documents/GitHub/2D-to-3D-image-reconstruction/facescape_224/fsmview_trainset_13_9_mouth_right_5.jpg,0.05993632599711418,0.2731659412384033,0.21322961524128914,10.923626862466335,1.0138609409332275
652,/mnt/c/Users/Chirayu/Documents/GitHub/2D-to-3D-image-reconstruction/facescape_224/fsmview_trainset_19_19_brow_raiser_12.jpg,0.25993025302886963,0.27467313408851624,0.014742881059646606,7.670848026871681,0.6517337560653687
362,/mnt/c/Users/Chirayu/Documents/GitHub/2D-to-3D-image-reconstruction/facescape_224/fsmview_trainset_17_2_smile_48.jpg,0.28335654735565186,0.2755250632762909,-0.007831484079360962,7.510354563593864,0.614486038684845
140,/mnt/c/Users/Chirayu/Documents/GitHub/2D-to-3D-image-reconstruction/facescape_224/fsmview_trainset_8_8_mouth_left_40.jpg,0.27465030550956726,0.27601054310798645,0.0013602375984191895,6.639439657330513,0.6703560948371887
160,/mnt/c/Users/Chirayu/Documents/GitHub/2D-to-3D-image-reconstruction/facescape_224/fsmview_trainset_15_11_chin_raiser_14.jpg,0.22667205333709717,0.28224119544029236,0.05556914210319519,8.527775011956692,0.724774956703186
419,/mnt/c/Users/Chirayu/Documents/GitHub/2D-to-3D-image-reconstruction/facescape_224/fsmview_trainset_11_12_lip_puckerer_52.jpg,0.456318736076355,0.28393712639808655,-0.17238160967826843,7.545182831585407,0.7184750437736511
241,/mnt/c/Users/Chirayu/Documents/GitHub/2D-to-3D-image-reconstruction/facescape_224/fsmview_trainset_18_2_smile_18.jpg,0.30350634455680847,0.28464266657829285,-0.018863677978515625,7.126725051552057,0.6540015935897827
282,/mnt/c/Users/Chirayu/Documents/GitHub/2D-to-3D-image-reconstruction/facescape_224/fsmview_trainset_20_10_dimpler_50.jpg,0.4317440092563629,0.28603482246398926,-0.14570918679237366,6.900107696652412,0.6936002969741821
239,/mnt/c/Users/Chirayu/Documents/GitHub/2D-to-3D-image-reconstruction/facescape_224/fsmview_trainset_15_9_mouth_right_61.jpg,0.2599515914916992,0.28853729367256165,0.028585702180862427,8.207000441849232,0.6727189421653748
47,/mnt/c/Users/Chirayu/Documents/GitHub/2D-to-3D-image-reconstruction/facescape_224/fsmview_trainset_20_7_jaw_forward_64.jpg,0.29492315649986267,0.2957553267478943,0.0008321702480316162,7.530565924942493,0.707401692867279
52,/mnt/c/Users/Chirayu/Documents/GitHub/2D-to-3D-image-reconstruction/facescape_224/fsmview_trainset_6_4_anger_40.jpg,0.24717919528484344,0.2973880469799042,0.05020885169506073,7.012065559625626,0.699758768081665
107,/mnt/c/Users/Chirayu/Documents/GitHub/2D-to-3D-image-reconstruction/facescape_224/fsmview_trainset_12_8_mouth_left_32.jpg,0.3125877380371094,0.29776903986930847,-0.014818698167800903,7.992045193910599,0.780648410320282
721,/mnt/c/Users/Chirayu/Documents/GitHub/2D-to-3D-image-reconstruction/facescape_224/fsmview_trainset_6_12_lip_puckerer_50.jpg,0.3289833068847656,0.3046356737613678,-0.024347633123397827,6.785454489290714,0.6289892196655273
686,/mnt/c/Users/Chirayu/Documents/GitHub/2D-to-3D-image-reconstruction/facescape_224/fsmview_trainset_6_10_dimpler_42.jpg,0.3129452168941498,0.30597859621047974,-0.006966620683670044,6.650897100567818,0.681699812412262
453,/mnt/c/Users/Chirayu/Documents/GitHub/2D-to-3D-image-reconstruction/facescape_224/fsmview_trainset_20_15_lip_roll_20.jpg,0.25925710797309875,0.30817297101020813,0.048915863037109375,7.641819670796394,0.6385182738304138
296,/mnt/c/Users/Chirayu/Documents/GitHub/2D-to-3D-image-reconstruction/facescape_224/fsmview_trainset_19_15_lip_roll_12.jpg,0.26691290736198425,0.3089316189289093,0.04201871156692505,7.665442883968353,0.6837114095687866
3,/mnt/c/Users/Chirayu/Documents/GitHub/2D-to-3D-image-reconstruction/facescape_224/fsmview_trainset_7_2_smile_35.jpg,0.04712561517953873,0.30992361903190613,0.2627980038523674,11.23156919516623,1.0495078563690186
473,/mnt/c/Users/Chirayu/Documents/GitHub/2D-to-3D-image-reconstruction/facescape_224/fsmview_trainset_6_15_lip_roll_11.jpg,0.3128293752670288,0.3105056881904602,-0.0023236870765686035,6.342741459608078,0.57548588514328
165,/mnt/c/Users/Chirayu/Documents/GitHub/2D-to-3D-image-reconstruction/facescape_224/fsmview_trainset_13_5_jaw_left_39.jpg,0.29294517636299133,0.3130449950695038,0.02009981870651245,8.021869234740734,0.6961963176727295
551,/mnt/c/Users/Chirayu/Documents/GitHub/2D-to-3D-image-reconstruction/facescape_224/fsmview_trainset_9_12_lip_puckerer_40.jpg,0.2768905460834503,0.3148898184299469,0.03799927234649658,6.8202748484909534,0.6296793818473816
256,/mnt/c/Users/Chirayu/Documents/GitHub/2D-to-3D-image-reconstruction/facescape_224/fsmview_trainset_19_19_brow_raiser_55.jpg,0.2894342541694641,0.31743425130844116,0.02799999713897705,7.708407893776894,0.6872782707214355
719,/mnt/c/Users/Chirayu/Documents/GitHub/2D-to-3D-image-reconstruction/facescape_224/fsmview_trainset_20_18_eye_closed_12.jpg,0.06467970460653305,0.32141003012657166,0.2567303255200386,11.97477676346898,1.122550129890442
859,/mnt/c/Users/Chirayu/Documents/GitHub/2D-to-3D-image-reconstruction/facescape_224/fsmview_trainset_15_14_sadness_42.jpg,0.3133343458175659,0.3239573538303375,0.010623008012771606,8.536785289645195,0.754971444606781
168,/mnt/c/Users/Chirayu/Documents/GitHub/2D-to-3D-image-reconstruction/facescape_224/fsmview_trainset_15_7_jaw_forward_41.jpg,0.3034513592720032,0.3240564167499542,0.02060505747795105,8.093424290418625,0.6961708068847656
737,/mnt/c/Users/Chirayu/Documents/GitHub/2D-to-3D-image-reconstruction/facescape_224/fsmview_trainset_18_11_chin_raiser_18.jpg,0.3265010416507721,0.3246634304523468,-0.001837611198425293,7.2224574610590935,0.6347194314002991
478,/mnt/c/Users/Chirayu/Documents/GitHub/2D-to-3D-image-reconstruction/facescape_224/fsmview_trainset_17_12_lip_puckerer_54.jpg,0.35007792711257935,0.32517364621162415,-0.0249042809009552,7.9359325133264065,0.6941207647323608
471,/mnt/c/Users/Chirayu/Documents/GitHub/2D-to-3D-image-reconstruction/facescape_224/fsmview_trainset_19_16_grin_57.jpg,0.30338186025619507,0.32565879821777344,0.02227693796157837,7.379976000636816,0.6525256037712097
586,/mnt/c/Users/Chirayu/Documents/GitHub/2D-to-3D-image-reconstruction/facescape_224/fsmview_trainset_5_18_eye_closed_3.jpg,0.3179292380809784,0.32684800028800964,0.00891876220703125,7.947634883224964,0.6849525570869446
269,/mnt/c/Users/Chirayu/Documents/GitHub/2D-to-3D-image-reconstruction/facescape_224/fsmview_trainset_7_15_lip_roll_28.jpg,0.06418979912996292,0.33486583828926086,0.27067603915929794,12.315264551900327,1.1908292770385742
460,/mnt/c/Users/Chirayu/Documents/GitHub/2D-to-3D-image-reconstruction/facescape_224/fsmview_trainset_2_3_mouth_stretch_22.jpg,0.8298631310462952,0.334911584854126,-0.4949515461921692,7.864178456366062,0.7740681767463684
919,/mnt/c/Users/Chirayu/Documents/GitHub/2D-to-3D-image-reconstruction/facescape_224/fsmview_trainset_13_1_neutral_18.jpg,0.339359849691391,0.3447597622871399,0.005399912595748901,7.521366324275732,0.656848669052124
223,/mnt/c/Users/Chirayu/Documents/GitHub/2D-to-3D-image-reconstruction/facescape_224/fsmview_trainset_15_14_sadness_29.jpg,0.26677486300468445,0.34528064727783203,0.07850578427314758,7.827538747340441,0.6490895748138428
925,/mnt/c/Users/Chirayu/Documents/GitHub/2D-to-3D-image-reconstruction/facescape_224/fsmview_trainset_13_1_neutral_34.jpg,0.3191714882850647,0.3483036160469055,0.02913212776184082,7.52133712824434,0.7169535756111145
897,/mnt/c/Users/Chirayu/Documents/GitHub/2D-to-3D-image-reconstruction/facescape_224/fsmview_trainset_3_19_brow_raiser_42.jpg,0.2390487939119339,0.348812997341156,0.1097642034292221,7.94609484821558,0.8270453214645386
910,/mnt/c/Users/Chirayu/Documents/GitHub/2D-to-3D-image-reconstruction/facescape_224/fsmview_trainset_2_3_mouth_stretch_36.jpg,0.33563390374183655,0.35052183270454407,0.01488792896270752,7.046736419200897,0.5994244813919067
592,/mnt/c/Users/Chirayu/Documents/GitHub/2D-to-3D-image-reconstruction/facescape_224/fsmview_trainset_9_12_lip_puckerer_22.jpg,0.2884192168712616,0.3527964949607849,0.06437727808952332,7.202089756727219,0.6907722353935242
344,/mnt/c/Users/Chirayu/Documents/GitHub/2D-to-3D-image-reconstruction/facescape_224/fsmview_trainset_14_11_chin_raiser_29.jpg,0.1321980059146881,0.3575247526168823,0.2253267467021942,13.555079453624785,1.233064889907837
108,/mnt/c/Users/Chirayu/Documents/GitHub/2D-to-3D-image-reconstruction/facescape_224/fsmview_trainset_14_14_sadness_62.jpg,0.3682447671890259,0.3616190552711487,-0.006625711917877197,7.357467766851187,0.6103359460830688
369,/mnt/c/Users/Chirayu/Documents/GitHub/2D-to-3D-image-reconstruction/facescape_224/fsmview_trainset_6_7_jaw_forward_22.jpg,0.3425309956073761,0.3617250323295593,0.019194036722183228,6.78471764177084,0.5930413007736206
157,/mnt/c/Users/Chirayu/Documents/GitHub/2D-to-3D-image-reconstruction/facescape_224/fsmview_trainset_14_2_smile_47.jpg,0.06942754983901978,0.3631609082221985,0.2937333583831787,12.116484142839909,1.1805580854415894
77,/mnt/c/Users/Chirayu/Documents/GitHub/2D-to-3D-image-reconstruction/facescape_224/fsmview_trainset_5_10_dimpler_39.jpg,0.26690909266471863,0.365606427192688,0.09869733452796936,7.970509622246027,0.7060070037841797
258,/mnt/c/Users/Chirayu/Documents/GitHub/2D-to-3D-image-reconstruction/facescape_224/fsmview_trainset_20_12_lip_puckerer_6.jpg,0.30328691005706787,0.3678116500377655,0.06452473998069763,6.816364513710141,0.6998799443244934
303,/mnt/c/Users/Chirayu/Documents/GitHub/2D-to-3D-image-reconstruction/facescape_224/fsmview_trainset_6_2_smile_0.jpg,0.3804616928100586,0.37097930908203125,-0.009482383728027344,6.554365709424019,0.6399668455123901
237,/mnt/c/Users/Chirayu/Documents/GitHub/2D-to-3D-image-reconstruction/facescape_224/fsmview_trainset_14_11_chin_raiser_62.jpg,0.3820640742778778,0.3741227686405182,-0.00794130563735962,7.684356361627579,0.6398491859436035
995,/mnt/c/Users/Chirayu/Documents/GitHub/2D-to-3D-image-reconstruction/facescape_224/fsmview_trainset_10_14_sadness_52.jpg,0.3707329332828522,0.37441495060920715,0.0036820173263549805,6.893074702471495,0.660386323928833
161,/mnt/c/Users/Chirayu/Documents/GitHub/2D-to-3D-image-reconstruction/facescape_224/fsmview_trainset_5_15_lip_roll_3.jpg,0.37883883714675903,0.3803613781929016,0.0015225410461425781,7.24102920666337,0.6372014880180359
399,/mnt/c/Users/Chirayu/Documents/GitHub/2D-to-3D-image-reconstruction/facescape_224/fsmview_trainset_11_18_eye_closed_21.jpg,0.274272620677948,0.3825312852859497,0.10825866460800171,14.988732658326626,1.3409581184387207
79,/mnt/c/Users/Chirayu/Documents/GitHub/2D-to-3D-image-reconstruction/facescape_224/fsmview_trainset_11_19_brow_raiser_6.jpg,0.20786486566066742,0.3868384063243866,0.17897354066371918,7.824400955811143,0.7577387094497681
904,/mnt/c/Users/Chirayu/Documents/GitHub/2D-to-3D-image-reconstruction/facescape_224/fsmview_trainset_8_5_jaw_left_33.jpg,0.031111884862184525,0.39054980874061584,0.3594379238784313,13.499370411969721,1.1573117971420288
145,/mnt/c/Users/Chirayu/Documents/GitHub/2D-to-3D-image-reconstruction/facescape_224/fsmview_trainset_8_16_grin_49.jpg,0.3888218402862549,0.3915514647960663,0.0027296245098114014,7.628053843975067,0.7242153882980347
87,/mnt/c/Users/Chirayu/Documents/GitHub/2D-to-3D-image-reconstruction/facescape_224/fsmview_trainset_20_7_jaw_forward_4.jpg,0.5264866352081299,0.39722907543182373,-0.12925755977630615,7.629198428243399,0.718729555606842
548,/mnt/c/Users/Chirayu/Documents/GitHub/2D-to-3D-image-reconstruction/facescape_224/fsmview_trainset_5_8_mouth_left_12.jpg,0.3878163695335388,0.4089926481246948,0.021176278591156006,7.428212523460388,0.6236786246299744
90,/mnt/c/Users/Chirayu/Documents/GitHub/2D-to-3D-image-reconstruction/facescape_224/fsmview_trainset_5_12_lip_puckerer_18.jpg,0.03345687314867973,0.41000133752822876,0.376544464379549,14.224334774538875,1.2561026811599731
522,/mnt/c/Users/Chirayu/Documents/GitHub/2D-to-3D-image-reconstruction/facescape_224/fsmview_trainset_20_6_jaw_right_6.jpg,0.4004616439342499,0.41170626878738403,0.011244624853134155,7.420156538486481,0.7348238825798035
124,/mnt/c/Users/Chirayu/Documents/GitHub/2D-to-3D-image-reconstruction/facescape_224/fsmview_trainset_19_18_eye_closed_49.jpg,0.4540277421474457,0.4120146930217743,-0.04201304912567139,8.097819782793522,0.7078111171722412
557,/mnt/c/Users/Chirayu/Documents/GitHub/2D-to-3D-image-reconstruction/facescape_224/fsmview_trainset_1_18_eye_closed_19.jpg,0.4312003254890442,0.4195116460323334,-0.011688679456710815,6.52395049482584,0.6140130758285522
831,/mnt/c/Users/Chirayu/Documents/GitHub/2D-to-3D-image-reconstruction/facescape_224/fsmview_trainset_11_15_lip_roll_45.jpg,0.057247668504714966,0.42053139209747314,0.3632837235927582,14.17271139472723,1.371078372001648
900,/mnt/c/Users/Chirayu/Documents/GitHub/2D-to-3D-image-reconstruction/facescape_224/fsmview_trainset_20_14_sadness_6.jpg,0.48472651839256287,0.4295898973941803,-0.05513662099838257,6.317243747413158,0.6633369326591492
113,/mnt/c/Users/Chirayu/Documents/GitHub/2D-to-3D-image-reconstruction/facescape_224/fsmview_trainset_4_13_lip_funneler_20.jpg,0.03715231269598007,0.4302954375743866,0.3931431248784065,14.227609469555318,1.3161916732788086
561,/mnt/c/Users/Chirayu/Documents/GitHub/2D-to-3D-image-reconstruction/facescape_224/fsmview_trainset_14_1_neutral_53.jpg,0.37512582540512085,0.43154481053352356,0.05641898512840271,8.034253627061844,0.6811672449111938
672,/mnt/c/Users/Chirayu/Documents/GitHub/2D-to-3D-image-reconstruction/facescape_224/fsmview_trainset_19_8_mouth_left_27.jpg,0.5295334458351135,0.43737348914146423,-0.09215995669364929,8.122256066650152,0.7357813715934753
908,/mnt/c/Users/Chirayu/Documents/GitHub/2D-to-3D-image-reconstruction/facescape_224/fsmview_trainset_14_2_smile_61.jpg,0.44952666759490967,0.4466441571712494,-0.0028825104236602783,7.58678438141942,0.615364670753479
427,/mnt/c/Users/Chirayu/Documents/GitHub/2D-to-3D-image-reconstruction/facescape_224/fsmview_trainset_20_17_cheek_blowing_3.jpg,0.546035647392273,0.4483780264854431,-0.09765762090682983,7.828674610704184,0.716131329536438
585,/mnt/c/Users/Chirayu/Documents/GitHub/2D-to-3D-image-reconstruction/facescape_224/fsmview_trainset_12_13_lip_funneler_5.jpg,0.43424680829048157,0.4506427049636841,0.016395896673202515,6.870022937655449,0.6477803587913513
675,/mnt/c/Users/Chirayu/Documents/GitHub/2D-to-3D-image-reconstruction/facescape_224/fsmview_trainset_14_12_lip_puckerer_5.jpg,0.5328854918479919,0.4546908438205719,-0.07819464802742004,7.851642647758126,0.6636149287223816
926,/mnt/c/Users/Chirayu/Documents/GitHub/2D-to-3D-image-reconstruction/facescape_224/fsmview_trainset_2_16_grin_50.jpg,0.43974781036376953,0.4586598873138428,0.018912076950073242,7.2413710448890924,0.6628362536430359
607,/mnt/c/Users/Chirayu/Documents/GitHub/2D-to-3D-image-reconstruction/facescape_224/fsmview_trainset_14_20_brow_lower_64.jpg,0.46803396940231323,0.461830735206604,-0.0062032341957092285,7.084806896746159,0.6151642203330994
348,/mnt/c/Users/Chirayu/Documents/GitHub/2D-to-3D-image-reconstruction/facescape_224/fsmview_trainset_15_14_sadness_66.jpg,0.3858872950077057,0.46486595273017883,0.07897865772247314,9.827441483736038,0.8286213278770447
338,/mnt/c/Users/Chirayu/Documents/GitHub/2D-to-3D-image-reconstruction/facescape_224/fsmview_trainset_11_15_lip_roll_64.jpg,0.4236443042755127,0.47007912397384644,0.04643481969833374,8.243586607277393,0.6835598945617676
70,/mnt/c/Users/Chirayu/Documents/GitHub/2D-to-3D-image-reconstruction/facescape_224/fsmview_trainset_14_10_dimpler_6.jpg,0.23102934658527374,0.4701836407184601,0.23915429413318634,8.06703756377101,0.847308874130249
644,/mnt/c/Users/Chirayu/Documents/GitHub/2D-to-3D-image-reconstruction/facescape_224/fsmview_trainset_2_14_sadness_46.jpg,0.43325743079185486,0.47077763080596924,0.03752020001411438,6.645469449460506,0.6259551644325256
838,/mnt/c/Users/Chirayu/Documents/GitHub/2D-to-3D-image-reconstruction/facescape_224/fsmview_trainset_5_2_smile_11.jpg,0.2386031150817871,0.47307759523391724,0.23447448015213013,13.762816086411476,1.3018932342529297
614,/mnt/c/Users/Chirayu/Documents/GitHub/2D-to-3D-image-reconstruction/facescape_224/fsmview_trainset_17_12_lip_puckerer_12.jpg,0.15199969708919525,0.47721728682518005,0.3252175897359848,13.820540697313845,1.2345950603485107
270,/mnt/c/Users/Chirayu/Documents/GitHub/2D-to-3D-image-reconstruction/facescape_224/fsmview_trainset_20_20_brow_lower_50.jpg,0.5082508325576782,0.4784642457962036,-0.02978658676147461,6.868845731019974,0.6906214952468872
826,/mnt/c/Users/Chirayu/Documents/GitHub/2D-to-3D-image-reconstruction/facescape_224/fsmview_trainset_11_5_jaw_left_62.jpg,0.4700964689254761,0.4789581298828125,0.008861660957336426,8.351757183670998,0.7794764637947083
980,/mnt/c/Users/Chirayu/Documents/GitHub/2D-to-3D-image-reconstruction/facescape_224/fsmview_trainset_19_16_grin_39.jpg,0.5446606278419495,0.4792892336845398,-0.06537139415740967,7.436604809015989,0.7082537412643433
817,/mnt/c/Users/Chirayu/Documents/GitHub/2D-to-3D-image-reconstruction/facescape_224/fsmview_trainset_19_4_anger_44.jpg,0.6582196354866028,0.483517587184906,-0.17470204830169678,7.8026626743376255,0.7366321086883545
134,/mnt/c/Users/Chirayu/Documents/GitHub/2D-to-3D-image-reconstruction/facescape_224/fsmview_trainset_12_13_lip_funneler_10.jpg,0.4882269501686096,0.4837961196899414,-0.004430830478668213,6.815375354140997,0.6195567846298218
898,/mnt/c/Users/Chirayu/Documents/GitHub/2D-to-3D-image-reconstruction/facescape_224/fsmview_trainset_3_18_eye_closed_53.jpg,0.6606811285018921,0.4846572279930115,-0.17602390050888062,8.180379206314683,0.7036644816398621
871,/mnt/c/Users/Chirayu/Documents/GitHub/2D-to-3D-image-reconstruction/facescape_224/fsmview_trainset_7_7_jaw_forward_31.jpg,0.06437314301729202,0.492444783449173,0.42807164043188095,13.250424848869443,1.2375942468643188
742,/mnt/c/Users/Chirayu/Documents/GitHub/2D-to-3D-image-reconstruction/facescape_224/fsmview_trainset_2_9_mouth_right_49.jpg,0.5059962272644043,0.49477651715278625,-0.011219710111618042,6.911158137023449,0.609238862991333
845,/mnt/c/Users/Chirayu/Documents/GitHub/2D-to-3D-image-reconstruction/facescape_224/fsmview_trainset_2_4_anger_44.jpg,0.5318838357925415,0.4956791400909424,-0.03620469570159912,7.275001972913742,0.6602862477302551
819,/mnt/c/Users/Chirayu/Documents/GitHub/2D-to-3D-image-reconstruction/facescape_224/fsmview_trainset_12_13_lip_funneler_26.jpg,0.527234673500061,0.49625295400619507,-0.030981719493865967,7.821156345307827,0.6950784921646118
244,/mnt/c/Users/Chirayu/Documents/GitHub/2D-to-3D-image-reconstruction/facescape_224/fsmview_trainset_17_6_jaw_right_50.jpg,0.5581948757171631,0.5130305886268616,-0.045164287090301514,8.19707840308547,0.6713268756866455
22,/mnt/c/Users/Chirayu/Documents/GitHub/2D-to-3D-image-reconstruction/facescape_224/fsmview_trainset_19_10_dimpler_38.jpg,0.5947054028511047,0.5138595700263977,-0.08084583282470703,7.587805233895779,0.7321106791496277
598,/mnt/c/Users/Chirayu/Documents/GitHub/2D-to-3D-image-reconstruction/facescape_224/fsmview_trainset_19_5_jaw_left_27.jpg,0.6684510707855225,0.5268463492393494,-0.1416047215461731,8.254669398069382,0.726935863494873
923,/mnt/c/Users/Chirayu/Documents/GitHub/2D-to-3D-image-reconstruction/facescape_224/fsmview_trainset_11_16_grin_61.jpg,0.5364342331886292,0.5275993347167969,-0.008834898471832275,7.289872091263533,0.656947672367096
341,/mnt/c/Users/Chirayu/Documents/GitHub/2D-to-3D-image-reconstruction/facescape_224/fsmview_trainset_11_11_chin_raiser_8.jpg,0.4440711438655853,0.5351623296737671,0.09109118580818176,6.962229631841183,0.612351655960083
276,/mnt/c/Users/Chirayu/Documents/GitHub/2D-to-3D-image-reconstruction/facescape_224/fsmview_trainset_11_10_dimpler_51.jpg,0.5275472402572632,0.5362170934677124,0.008669853210449219,6.888615682721138,0.6841024160385132
702,/mnt/c/Users/Chirayu/Documents/GitHub/2D-to-3D-image-reconstruction/facescape_224/fsmview_trainset_3_18_eye_closed_43.jpg,0.6363921761512756,0.5394794344902039,-0.09691274166107178,6.824568271636963,0.6491965651512146
619,/mnt/c/Users/Chirayu/Documents/GitHub/2D-to-3D-image-reconstruction/facescape_224/fsmview_trainset_5_1_neutral_10.jpg,0.24405759572982788,0.5423014163970947,0.29824382066726685,13.935733066871762,1.3066809177398682
558,/mnt/c/Users/Chirayu/Documents/GitHub/2D-to-3D-image-reconstruction/facescape_224/fsmview_trainset_13_12_lip_puckerer_37.jpg,0.03720179572701454,0.5423107147216797,0.5051089189946651,15.998851443640888,1.4929075241088867
981,/mnt/c/Users/Chirayu/Documents/GitHub/2D-to-3D-image-reconstruction/facescape_224/fsmview_trainset_11_13_lip_funneler_3.jpg,0.49695688486099243,0.543569803237915,0.04661291837692261,8.467140664812177,0.7383361458778381
942,/mnt/c/Users/Chirayu/Documents/GitHub/2D-to-3D-image-reconstruction/facescape_224/fsmview_trainset_20_13_lip_funneler_52.jpg,0.5358802080154419,0.5436009764671326,0.007720768451690674,7.461617544293404,0.6748005151748657
55,/mnt/c/Users/Chirayu/Documents/GitHub/2D-to-3D-image-reconstruction/facescape_224/fsmview_trainset_20_3_mouth_stretch_47.jpg,0.13396355509757996,0.5572242736816406,0.42326071858406067,15.409881070256233,1.5517760515213013
186,/mnt/c/Users/Chirayu/Documents/GitHub/2D-to-3D-image-reconstruction/facescape_224/fsmview_trainset_15_19_brow_raiser_12.jpg,0.08261764049530029,0.5785890817642212,0.4959714412689209,16.069426514208317,1.4299603700637817
7,/mnt/c/Users/Chirayu/Documents/GitHub/2D-to-3D-image-reconstruction/facescape_224/fsmview_trainset_19_15_lip_roll_49.jpg,0.7415476441383362,0.5848129391670227,-0.15673470497131348,8.85266619361937,0.7431588172912598
937,/mnt/c/Users/Chirayu/Documents/GitHub/2D-to-3D-image-reconstruction/facescape_224/fsmview_trainset_13_15_lip_roll_32.jpg,0.14534737169742584,0.5970260500907898,0.45167867839336395,16.43357553333044,1.4969701766967773
646,/mnt/c/Users/Chirayu/Documents/GitHub/2D-to-3D-image-reconstruction/facescape_224/fsmview_trainset_18_4_anger_36.jpg,0.05251085013151169,0.5979822278022766,0.5454713776707649,17.650861183181405,1.634556770324707
374,/mnt/c/Users/Chirayu/Documents/GitHub/2D-to-3D-image-reconstruction/facescape_224/fsmview_trainset_11_9_mouth_right_48.jpg,0.7549166083335876,0.6041414737701416,-0.15077513456344604,7.755399938672781,0.6914920806884766
132,/mnt/c/Users/Chirayu/Documents/GitHub/2D-to-3D-image-reconstruction/facescape_224/fsmview_trainset_14_4_anger_8.jpg,0.476258784532547,0.606447696685791,0.13018891215324402,8.7174930293113,0.7752619981765747
411,/mnt/c/Users/Chirayu/Documents/GitHub/2D-to-3D-image-reconstruction/facescape_224/fsmview_trainset_10_20_brow_lower_26.jpg,0.18035386502742767,0.6135566830635071,0.4332028180360794,13.493254233151674,1.2509926557540894
584,/mnt/c/Users/Chirayu/Documents/GitHub/2D-to-3D-image-reconstruction/facescape_224/fsmview_trainset_9_1_neutral_12.jpg,0.032992586493492126,0.6163110733032227,0.5833184868097305,16.688005744479597,1.491688847541809
741,/mnt/c/Users/Chirayu/Documents/GitHub/2D-to-3D-image-reconstruction/facescape_224/fsmview_trainset_7_11_chin_raiser_27.jpg,0.05107260122895241,0.6248128414154053,0.5737402401864529,15.062020137906075,1.4197734594345093
523,/mnt/c/Users/Chirayu/Documents/GitHub/2D-to-3D-image-reconstruction/facescape_224/fsmview_trainset_19_17_cheek_blowing_27.jpg,0.7868154644966125,0.6251145005226135,-0.16170096397399902,8.453241806477308,0.7864304184913635
964,/mnt/c/Users/Chirayu/Documents/GitHub/2D-to-3D-image-reconstruction/facescape_224/fsmview_trainset_5_14_sadness_59.jpg,0.5959882736206055,0.6309325098991394,0.034944236278533936,7.381650552153587,0.6742712259292603
71,/mnt/c/Users/Chirayu/Documents/GitHub/2D-to-3D-image-reconstruction/facescape_224/fsmview_trainset_3_10_dimpler_58.jpg,0.6394617557525635,0.6369632482528687,-0.0024985074996948242,7.198956206440926,0.6580256223678589
96,/mnt/c/Users/Chirayu/Documents/GitHub/2D-to-3D-image-reconstruction/facescape_224/fsmview_trainset_14_5_jaw_left_49.jpg,0.7592211365699768,0.6483763456344604,-0.11084479093551636,7.499808579683304,0.7260037064552307
579,/mnt/c/Users/Chirayu/Documents/GitHub/2D-to-3D-image-reconstruction/facescape_224/fsmview_trainset_20_13_lip_funneler_59.jpg,0.6706627607345581,0.6548586487770081,-0.01580411195755005,7.644604079425335,0.6705955266952515
987,/mnt/c/Users/Chirayu/Documents/GitHub/2D-to-3D-image-reconstruction/facescape_224/fsmview_trainset_1_3_mouth_stretch_55.jpg,0.05647091940045357,0.6549509763717651,0.5984800569713116,17.645213382318616,1.7057582139968872
430,/mnt/c/Users/Chirayu/Documents/GitHub/2D-to-3D-image-reconstruction/facescape_224/fsmview_trainset_17_11_chin_raiser_46.jpg,0.6765784025192261,0.6825910210609436,0.006012618541717529,7.765025109052658,0.6468619108200073
481,/mnt/c/Users/Chirayu/Documents/GitHub/2D-to-3D-image-reconstruction/facescape_224/fsmview_trainset_11_15_lip_roll_60.jpg,0.6516166925430298,0.6857300400733948,0.03411334753036499,8.170702863484621,0.7065951824188232
432,/mnt/c/Users/Chirayu/Documents/GitHub/2D-to-3D-image-reconstruction/facescape_224/fsmview_trainset_5_15_lip_roll_11.jpg,0.5482052564620972,0.6874510645866394,0.13924580812454224,17.001941356807947,1.450773000717163
138,/mnt/c/Users/Chirayu/Documents/GitHub/2D-to-3D-image-reconstruction/facescape_224/fsmview_trainset_9_9_mouth_right_57.jpg,0.6390947699546814,0.688060462474823,0.0489656925201416,7.125717721879482,0.6435632109642029
209,/mnt/c/Users/Chirayu/Documents/GitHub/2D-to-3D-image-reconstruction/facescape_224/fsmview_trainset_9_18_eye_closed_11.jpg,0.2552826702594757,0.6901166439056396,0.43483397364616394,14.051955610513687,1.351491093635559
182,/mnt/c/Users/Chirayu/Documents/GitHub/2D-to-3D-image-reconstruction/facescape_224/fsmview_trainset_11_2_smile_48.jpg,0.880760669708252,0.6905123591423035,-0.1902483105659485,7.496429905295372,0.7140999436378479
336,/mnt/c/Users/Chirayu/Documents/GitHub/2D-to-3D-image-reconstruction/facescape_224/fsmview_trainset_11_14_sadness_6.jpg,0.6950138807296753,0.700205385684967,0.005191504955291748,7.971721935085952,0.6853172779083252
201,/mnt/c/Users/Chirayu/Documents/GitHub/2D-to-3D-image-reconstruction/facescape_224/fsmview_trainset_5_9_mouth_right_55.jpg,0.62249755859375,0.7011141180992126,0.07861655950546265,8.743482559919357,0.7183952331542969
763,/mnt/c/Users/Chirayu/Documents/GitHub/2D-to-3D-image-reconstruction/facescape_224/fsmview_trainset_2_5_jaw_left_57.jpg,0.6715469360351562,0.7012560963630676,0.029709160327911377,7.448641162365675,0.6258829236030579
248,/mnt/c/Users/Chirayu/Documents/GitHub/2D-to-3D-image-reconstruction/facescape_224/fsmview_trainset_20_4_anger_1.jpg,0.6962738633155823,0.7110829949378967,0.014809131622314453,5.968258168548346,0.6104503273963928
486,/mnt/c/Users/Chirayu/Documents/GitHub/2D-to-3D-image-reconstruction/facescape_224/fsmview_trainset_14_2_smile_49.jpg,0.8261570334434509,0.7181640863418579,-0.10799294710159302,8.156240120530128,0.6993138790130615
415,/mnt/c/Users/Chirayu/Documents/GitHub/2D-to-3D-image-reconstruction/facescape_224/fsmview_trainset_4_14_sadness_50.jpg,0.04331317916512489,0.7278745174407959,0.684561338275671,16.297159668058157,1.5400735139846802
120,/mnt/c/Users/Chirayu/Documents/GitHub/2D-to-3D-image-reconstruction/facescape_224/fsmview_trainset_13_8_mouth_left_57.jpg,0.6641504764556885,0.7461410164833069,0.08199054002761841,6.760702298022807,0.6957413554191589
512,/mnt/c/Users/Chirayu/Documents/GitHub/2D-to-3D-image-reconstruction/facescape_224/fsmview_trainset_12_6_jaw_right_25.jpg,0.803394615650177,0.7510039806365967,-0.05239063501358032,8.431280099786818,0.7091454863548279
249,/mnt/c/Users/Chirayu/Documents/GitHub/2D-to-3D-image-reconstruction/facescape_224/fsmview_trainset_5_4_anger_58.jpg,0.6422371864318848,0.7632791996002197,0.12104201316833496,7.7860200852155685,0.6930416226387024
623,/mnt/c/Users/Chirayu/Documents/GitHub/2D-to-3D-image-reconstruction/facescape_224/fsmview_trainset_12_15_lip_roll_20.jpg,0.8452426791191101,0.7690765261650085,-0.07616615295410156,7.987179636955261,0.6741268634796143
815,/mnt/c/Users/Chirayu/Documents/GitHub/2D-to-3D-image-reconstruction/facescape_224/fsmview_trainset_14_19_brow_raiser_26.jpg,0.046708252280950546,0.772617757320404,0.7259095050394535,18.042559027671814,1.730496883392334
31,/mnt/c/Users/Chirayu/Documents/GitHub/2D-to-3D-image-reconstruction/facescape_224/fsmview_trainset_5_5_jaw_left_58.jpg,0.6693092584609985,0.776654064655304,0.10734480619430542,7.849052898585796,0.7628864645957947
647,/mnt/c/Users/Chirayu/Documents/GitHub/2D-to-3D-image-reconstruction/facescape_224/fsmview_trainset_2_2_smile_41.jpg,0.813849151134491,0.7945098876953125,-0.019339263439178467,7.96075371094048,0.7258909344673157
494,/mnt/c/Users/Chirayu/Documents/GitHub/2D-to-3D-image-reconstruction/facescape_224/fsmview_trainset_9_7_jaw_forward_14.jpg,0.03749414533376694,0.8011555671691895,0.7636614218354225,19.30408445559442,1.838679313659668
213,/mnt/c/Users/Chirayu/Documents/GitHub/2D-to-3D-image-reconstruction/facescape_224/fsmview_trainset_9_14_sadness_43.jpg,0.8570520877838135,0.8018056750297546,-0.05524641275405884,7.897680738940835,0.6855987906455994
594,/mnt/c/Users/Chirayu/Documents/GitHub/2D-to-3D-image-reconstruction/facescape_224/fsmview_trainset_12_10_dimpler_0.jpg,0.042518679052591324,0.8090907335281372,0.7665720544755459,18.84443380124867,1.791407585144043
189,/mnt/c/Users/Chirayu/Documents/GitHub/2D-to-3D-image-reconstruction/facescape_224/fsmview_trainset_13_7_jaw_forward_34.jpg,0.8456555604934692,0.8147109746932983,-0.0309445858001709,7.032608300447464,0.6924639344215393
903,/mnt/c/Users/Chirayu/Documents/GitHub/2D-to-3D-image-reconstruction/facescape_224/fsmview_trainset_2_16_grin_45.jpg,1.0208497047424316,0.8178874850273132,-0.2029622197151184,6.485680401325226,0.5870621204376221
537,/mnt/c/Users/Chirayu/Documents/GitHub/2D-to-3D-image-reconstruction/facescape_224/fsmview_trainset_11_8_mouth_left_45.jpg,0.8194144368171692,0.8265409469604492,0.007126510143280029,8.078717604279518,0.6596931219100952
890,/mnt/c/Users/Chirayu/Documents/GitHub/2D-to-3D-image-reconstruction/facescape_224/fsmview_trainset_11_5_jaw_left_48.jpg,1.0173851251602173,0.8281392455101013,-0.18924587965011597,7.9785391092300415,0.729073166847229
106,/mnt/c/Users/Chirayu/Documents/GitHub/2D-to-3D-image-reconstruction/facescape_224/fsmview_trainset_11_19_brow_raiser_61.jpg,0.813041090965271,0.8400747776031494,0.027033686637878418,8.04415338486433,0.6760593056678772
285,/mnt/c/Users/Chirayu/Documents/GitHub/2D-to-3D-image-reconstruction/facescape_224/fsmview_trainset_11_3_mouth_stretch_62.jpg,0.8332362771034241,0.8527361750602722,0.019499897956848145,7.971490517258644,0.6631377339363098
231,/mnt/c/Users/Chirayu/Documents/GitHub/2D-to-3D-image-reconstruction/facescape_224/fsmview_trainset_19_3_mouth_stretch_15.jpg,0.8687829971313477,0.86801677942276,-0.0007662177085876465,7.045385975390673,0.5988333821296692
99,/mnt/c/Users/Chirayu/Documents/GitHub/2D-to-3D-image-reconstruction/facescape_224/fsmview_trainset_7_2_smile_11.jpg,0.3024860918521881,0.8722683191299438,0.5697822272777557,15.027270656079054,1.520328402519226
860,/mnt/c/Users/Chirayu/Documents/GitHub/2D-to-3D-image-reconstruction/facescape_224/fsmview_trainset_17_1_neutral_58.jpg,0.8589834570884705,0.8728858828544617,0.013902425765991211,6.568249993026257,0.6730859279632568
421,/mnt/c/Users/Chirayu/Documents/GitHub/2D-to-3D-image-reconstruction/facescape_224/fsmview_trainset_14_17_cheek_blowing_66.jpg,0.8645005822181702,0.8767187595367432,0.012218177318572998,7.693265780806541,0.684309720993042
284,/mnt/c/Users/Chirayu/Documents/GitHub/2D-to-3D-image-reconstruction/facescape_224/fsmview_trainset_12_14_sadness_28.jpg,0.975232720375061,0.9105926156044006,-0.0646401047706604,8.918190583586693,0.7175984978675842
958,/mnt/c/Users/Chirayu/Documents/GitHub/2D-to-3D-image-reconstruction/facescape_224/fsmview_trainset_1_15_lip_roll_16.jpg,0.04199972748756409,0.913519561290741,0.8715198338031769,19.62988391891122,1.869868516921997
80,/mnt/c/Users/Chirayu/Documents/GitHub/2D-to-3D-image-reconstruction/facescape_224/fsmview_trainset_11_18_eye_closed_51.jpg,0.7995635867118835,0.9537447690963745,0.15418118238449097,18.298378283157945,1.5668530464172363
409,/mnt/c/Users/Chirayu/Documents/GitHub/2D-to-3D-image-reconstruction/facescape_224/fsmview_trainset_16_19_brow_raiser_27.jpg,1.040845274925232,0.9583526849746704,-0.08249258995056152,8.133761689066887,0.7261064052581787
629,/mnt/c/Users/Chirayu/Documents/GitHub/2D-to-3D-image-reconstruction/facescape_224/fsmview_trainset_20_8_mouth_left_7.jpg,0.9829907417297363,0.9888570308685303,0.005866289138793945,7.582465555518866,0.6953396201133728
364,/mnt/c/Users/Chirayu/Documents/GitHub/2D-to-3D-image-reconstruction/facescape_224/fsmview_trainset_20_3_mouth_stretch_7.jpg,1.0832359790802002,1.0319182872772217,-0.051317691802978516,6.421469412744045,0.6058632731437683
93,/mnt/c/Users/Chirayu/Documents/GitHub/2D-to-3D-image-reconstruction/facescape_224/fsmview_trainset_4_13_lip_funneler_31.jpg,0.03592505678534508,1.0405011177062988,1.0045760609209538,21.07662114687264,2.0601961612701416
388,/mnt/c/Users/Chirayu/Documents/GitHub/2D-to-3D-image-reconstruction/facescape_224/fsmview_trainset_7_1_neutral_3.jpg,0.05666530877351761,1.0432887077331543,0.9866233989596367,22.269451919943094,2.2970056533813477
822,/mnt/c/Users/Chirayu/Documents/GitHub/2D-to-3D-image-reconstruction/facescape_224/fsmview_trainset_13_15_lip_roll_2.jpg,1.1470760107040405,1.1006234884262085,-0.04645252227783203,6.583464454859495,0.6747496128082275
775,/mnt/c/Users/Chirayu/Documents/GitHub/2D-to-3D-image-reconstruction/facescape_224/fsmview_trainset_12_8_mouth_left_25.jpg,0.03218718618154526,1.2795403003692627,1.2473531141877174,24.301876997575164,2.3306100368499756
268,/mnt/c/Users/Chirayu/Documents/GitHub/2D-to-3D-image-reconstruction/facescape_224/fsmview_trainset_10_9_mouth_right_26.jpg,0.1365242600440979,1.2903671264648438,1.1538428664207458,24.583674035966396,2.3798205852508545
872,/mnt/c/Users/Chirayu/Documents/GitHub/2D-to-3D-image-reconstruction/facescape_224/fsmview_trainset_16_14_sadness_17.jpg,0.03685883805155754,1.341137409210205,1.3042785711586475,25.80589260160923,2.613462209701538
445,/mnt/c/Users/Chirayu/Documents/GitHub/2D-to-3D-image-reconstruction/facescape_224/fsmview_trainset_18_14_sadness_30.jpg,0.16891734302043915,1.346117615699768,1.177200272679329,25.43785779736936,2.5783309936523438
68,/mnt/c/Users/Chirayu/Documents/GitHub/2D-to-3D-image-reconstruction/facescape_224/fsmview_trainset_8_7_jaw_forward_33.jpg,0.033442407846450806,1.3932451009750366,1.3598026931285858,25.329554276540875,2.44655704498291
674,/mnt/c/Users/Chirayu/Documents/GitHub/2D-to-3D-image-reconstruction/facescape_224/fsmview_trainset_17_3_mouth_stretch_56.jpg,0.7421326637268066,1.4834060668945312,0.7412734031677246,20.601885970681906,1.8739720582962036
207,/mnt/c/Users/Chirayu/Documents/GitHub/2D-to-3D-image-reconstruction/facescape_224/fsmview_trainset_13_8_mouth_left_24.jpg,0.5192185044288635,1.5324832201004028,1.0132647156715393,24.10242711007595,2.276031017303467
381,/mnt/c/Users/Chirayu/Documents/GitHub/2D-to-3D-image-reconstruction/facescape_224/fsmview_trainset_17_14_sadness_42.jpg,0.11369882524013519,1.6270978450775146,1.5133990198373795,25.409219935536385,2.645212173461914
221,/mnt/c/Users/Chirayu/Documents/GitHub/2D-to-3D-image-reconstruction/facescape_224/fsmview_trainset_5_19_brow_raiser_23.jpg,0.02942938730120659,1.638175368309021,1.6087459810078144,26.591667061671615,2.736419439315796
682,/mnt/c/Users/Chirayu/Documents/GitHub/2D-to-3D-image-reconstruction/facescape_224/fsmview_trainset_20_8_mouth_left_47.jpg,0.06357652693986893,1.650796890258789,1.5872203633189201,28.985426031053066,2.8856968879699707
949,/mnt/c/Users/Chirayu/Documents/GitHub/2D-to-3D-image-reconstruction/facescape_224/fsmview_trainset_12_4_anger_23.jpg,0.13677629828453064,1.817026138305664,1.6802498400211334,30.56775888800621,2.995732069015503
321,/mnt/c/Users/Chirayu/Documents/GitHub/2D-to-3D-image-reconstruction/facescape_224/fsmview_trainset_13_5_jaw_left_15.jpg,0.15895478427410126,1.9135187864303589,1.7545640021562576,31.170157462358475,3.133310317993164
382,/mnt/c/Users/Chirayu/Documents/GitHub/2D-to-3D-image-reconstruction/facescape_224/fsmview_trainset_1_4_anger_20.jpg,0.04123746231198311,1.9302700757980347,1.8890326134860516,28.405634712427855,2.897162437438965
