idx,image_path,baseline_lmk_err,finetuned_lmk_err,lmk_err_delta_ft_minus_base,finetuned_cam_score,finetuned_lmk_abs_max,baseline_photo_l1,finetuned_photo_l1,baseline_runtime_ms,finetuned_runtime_ms,landmark_target_source,is_failure,hybrid_selective_fallback
0,/mnt/c/Users/Chirayu/Documents/GitHub/2D-to-3D-image-reconstruction/facescape_224/fsmview_trainset_11_1_neutral_25.jpg,0.03962794318795204,1.2985812425613403,1.2589532993733883,23.893482703715563,2.3281612396240234,0.5376215577125549,0.5376215577125549,nan,nan,real_npy,0,1
1,/mnt/c/Users/Chirayu/Documents/GitHub/2D-to-3D-image-reconstruction/facescape_224/fsmview_trainset_16_6_jaw_right_42.jpg,0.08873099833726883,0.09894641488790512,0.010215416550636292,7.0154120326042175,0.665289580821991,0.44511547684669495,0.44511547684669495,nan,nan,real_npy,0,1
2,/mnt/c/Users/Chirayu/Documents/GitHub/2D-to-3D-image-reconstruction/facescape_224/fsmview_trainset_7_2_smile_1.jpg,0.05355891212821007,0.0512784980237484,-0.00228041410446167,8.173413723707199,0.6998398900032043,0.42115887999534607,0.42115887999534607,nan,nan,real_npy,0,1
3,/mnt/c/Users/Chirayu/Documents/GitHub/2D-to-3D-image-reconstruction/facescape_224/fsmview_trainset_7_2_smile_35.jpg,0.04711763933300972,0.04990428313612938,0.0027866438031196594,8.338509690016508,0.677668571472168,0.4215160310268402,0.4215160310268402,nan,nan,real_npy,0,1
4,/mnt/c/Users/Chirayu/Documents/GitHub/2D-to-3D-image-reconstruction/facescape_224/fsmview_trainset_17_9_mouth_right_9.jpg,0.05628732219338417,0.06254108250141144,0.0062537603080272675,8.431555405259132,0.6652554273605347,0.3694095313549042,0.3694095313549042,nan,nan,real_npy,0,1
5,/mnt/c/Users/Chirayu/Documents/GitHub/2D-to-3D-image-reconstruction/facescape_224/fsmview_trainset_4_18_eye_closed_19.jpg,0.04529913514852524,0.04417087510228157,-0.0011282600462436676,9.041357833892107,0.7393035888671875,0.2790377140045166,0.2790377140045166,20.52734199992301,21.371584000007715,real_npy,0,1
6,/mnt/c/Users/Chirayu/Documents/GitHub/2D-to-3D-image-reconstruction/facescape_224/fsmview_trainset_8_17_cheek_blowing_52.jpg,0.21298974752426147,0.21333685517311096,0.0003471076488494873,6.192814499139786,0.6008922457695007,0.37326133251190186,0.37326133251190186,22.78765599999133,21.30766200002654,real_npy,0,0
7,/mnt/c/Users/Chirayu/Documents/GitHub/2D-to-3D-image-reconstruction/facescape_224/fsmview_trainset_19_15_lip_roll_49.jpg,0.7414683699607849,0.6256657838821411,-0.1158025860786438,8.476396437734365,0.7270355224609375,0.37162894010543823,0.37162894010543823,20.92205799999647,34.23557900009655,real_npy,0,1
8,/mnt/c/Users/Chirayu/Documents/GitHub/2D-to-3D-image-reconstruction/facescape_224/fsmview_trainset_7_5_jaw_left_47.jpg,0.06633657962083817,0.08034325391054153,0.01400667428970337,9.376493130810559,0.8133532404899597,0.4808140993118286,0.4808140993118286,24.457435999920563,20.95080100002633,real_npy,0,1
9,/mnt/c/Users/Chirayu/Documents/GitHub/2D-to-3D-image-reconstruction/facescape_224/fsmview_trainset_2_20_brow_lower_7.jpg,0.22604629397392273,0.2034313827753067,-0.022614911198616028,8.655066892504692,0.7017857432365417,0.37762635946273804,0.37762635946273804,20.730454999920767,22.115127000006396,real_npy,0,1
10,/mnt/c/Users/Chirayu/Documents/GitHub/2D-to-3D-image-reconstruction/facescape_224/fsmview_trainset_13_16_grin_2.jpg,0.2161300629377365,0.22336110472679138,0.007231041789054871,6.730516940355301,0.6032545566558838,0.43702012300491333,0.43702012300491333,21.385157999930016,21.460825999838562,real_npy,0,1
11,/mnt/c/Users/Chirayu/Documents/GitHub/2D-to-3D-image-reconstruction/facescape_224/fsmview_trainset_1_10_dimpler_23.jpg,0.041085727512836456,0.03808058425784111,-0.003005143254995346,8.399895150214434,0.7042014002799988,0.3632708191871643,0.3632708191871643,19.727699999975812,22.59092799999962,real_npy,0,1
12,/mnt/c/Users/Chirayu/Documents/GitHub/2D-to-3D-image-reconstruction/facescape_224/fsmview_trainset_20_13_lip_funneler_46.jpg,0.12706781923770905,0.14123114943504333,0.01416333019733429,7.710008058696985,0.6799837350845337,0.5959072709083557,0.5959072709083557,60.93179999993481,22.99726399996871,real_npy,0,1
13,/mnt/c/Users/Chirayu/Documents/GitHub/2D-to-3D-image-reconstruction/facescape_224/fsmview_trainset_10_19_brow_raiser_7.jpg,0.04175485670566559,0.04793789982795715,0.006183043122291565,7.672780856490135,0.6659156680107117,0.22483651340007782,0.22483651340007782,31.655534000037733,20.769449999988865,real_npy,0,1
14,/mnt/c/Users/Chirayu/Documents/GitHub/2D-to-3D-image-reconstruction/facescape_224/fsmview_trainset_4_18_eye_closed_29.jpg,0.0710335522890091,0.07416676729917526,0.003133215010166168,8.098263323307037,0.6863521933555603,0.33427050709724426,0.33427050709724426,70.62695399986296,20.424011000159226,real_npy,0,1
15,/mnt/c/Users/Chirayu/Documents/GitHub/2D-to-3D-image-reconstruction/facescape_224/fsmview_trainset_19_10_dimpler_6.jpg,0.05460554361343384,0.054435379803180695,-0.0001701638102531433,8.861487807705998,0.7344933152198792,0.28018832206726074,0.28018832206726074,27.675584999997227,20.622414000172284,real_npy,0,1
16,/mnt/c/Users/Chirayu/Documents/GitHub/2D-to-3D-image-reconstruction/facescape_224/fsmview_trainset_7_12_lip_puckerer_40.jpg,0.18347081542015076,0.206630140542984,0.023159325122833252,7.052957588806748,0.6384034752845764,0.45004504919052124,0.45004504919052124,21.560178000072483,22.80799899995145,real_npy,0,1
17,/mnt/c/Users/Chirayu/Documents/GitHub/2D-to-3D-image-reconstruction/facescape_224/fsmview_trainset_4_7_jaw_forward_36.jpg,0.04511132091283798,0.045849498361349106,0.0007381774485111237,7.405361890792847,0.6537194848060608,0.3089570999145508,0.3089570999145508,22.15318200001093,21.944919000134178,real_npy,0,1
18,/mnt/c/Users/Chirayu/Documents/GitHub/2D-to-3D-image-reconstruction/facescape_224/fsmview_trainset_6_14_sadness_1.jpg,0.0746971145272255,0.07459647208452225,-0.00010064244270324707,7.884134851396084,0.7296357750892639,0.3671760559082031,0.3671760559082031,33.84079700003895,20.781891999831714,real_npy,0,1
19,/mnt/c/Users/Chirayu/Documents/GitHub/2D-to-3D-image-reconstruction/facescape_224/fsmview_trainset_5_19_brow_raiser_56.jpg,0.06227286532521248,0.05899784713983536,-0.003275018185377121,8.47987313568592,0.7438281774520874,0.399122953414917,0.399122953414917,68.580140999984,42.795734000037555,real_npy,0,1
20,/mnt/c/Users/Chirayu/Documents/GitHub/2D-to-3D-image-reconstruction/facescape_224/fsmview_trainset_5_18_eye_closed_29.jpg,0.078396737575531,0.08736736327409744,0.008970625698566437,8.544449105858803,0.7109488844871521,0.29963529109954834,0.29963529109954834,20.471440999926926,20.763244999898234,real_npy,0,1
21,/mnt/c/Users/Chirayu/Documents/GitHub/2D-to-3D-image-reconstruction/facescape_224/fsmview_trainset_1_13_lip_funneler_41.jpg,0.11614441871643066,0.10735199600458145,-0.008792422711849213,8.19175823777914,0.7797797322273254,0.4520139992237091,0.4520139992237091,23.092782000048828,75.00312199999826,real_npy,0,1
22,/mnt/c/Users/Chirayu/Documents/GitHub/2D-to-3D-image-reconstruction/facescape_224/fsmview_trainset_19_10_dimpler_38.jpg,0.5946521759033203,0.5019773840904236,-0.09267479181289673,7.327233746647835,0.7077407240867615,0.38551872968673706,0.38551872968673706,20.644109999921056,22.93093299999782,real_npy,0,1
23,/mnt/c/Users/Chirayu/Documents/GitHub/2D-to-3D-image-reconstruction/facescape_224/fsmview_trainset_20_7_jaw_forward_31.jpg,0.03839947655797005,0.0337643064558506,-0.004635170102119446,7.805103795602918,0.6502255201339722,0.4458387494087219,0.4458387494087219,23.07422600006248,20.55740700006936,real_npy,0,1
24,/mnt/c/Users/Chirayu/Documents/GitHub/2D-to-3D-image-reconstruction/facescape_224/fsmview_trainset_9_2_smile_19.jpg,0.05439460277557373,0.05651761218905449,0.0021230094134807587,9.12699128035456,0.7435529828071594,0.3864700496196747,0.3864700496196747,22.09692799988261,21.076043999983085,real_npy,0,1
25,/mnt/c/Users/Chirayu/Documents/GitHub/2D-to-3D-image-reconstruction/facescape_224/fsmview_trainset_19_2_smile_32.jpg,0.15337450802326202,0.16225656867027283,0.008882060647010803,7.472208119928837,0.7098866701126099,0.2019471824169159,0.2019471824169159,26.644329999953698,95.87918300007914,real_npy,0,1
26,/mnt/c/Users/Chirayu/Documents/GitHub/2D-to-3D-image-reconstruction/facescape_224/fsmview_trainset_19_8_mouth_left_22.jpg,0.0642305314540863,0.06744891405105591,0.0032183825969696045,9.539101662114263,0.7916167378425598,0.36723706126213074,0.36723706126213074,48.39384000001701,20.52054599994335,real_npy,0,1
27,/mnt/c/Users/Chirayu/Documents/GitHub/2D-to-3D-image-reconstruction/facescape_224/fsmview_trainset_8_7_jaw_forward_0.jpg,0.10142190754413605,0.10967785865068436,0.00825595110654831,7.954933810979128,0.7050251960754395,0.2726958394050598,0.2726958394050598,20.741763000160063,20.942276000141646,real_npy,0,1
28,/mnt/c/Users/Chirayu/Documents/GitHub/2D-to-3D-image-reconstruction/facescape_224/fsmview_trainset_5_3_mouth_stretch_33.jpg,0.045485373586416245,0.0450592115521431,-0.0004261620342731476,7.644176159054041,0.7371002435684204,0.43496018648147583,0.43496018648147583,113.56594700009737,28.066186999922138,real_npy,0,1
29,/mnt/c/Users/Chirayu/Documents/GitHub/2D-to-3D-image-reconstruction/facescape_224/fsmview_trainset_14_19_brow_raiser_46.jpg,0.16878196597099304,0.1769944131374359,0.008212447166442871,8.446035340428352,0.665332555770874,0.6399165987968445,0.6399165987968445,35.9946089999994,20.770148000110566,real_npy,0,1
30,/mnt/c/Users/Chirayu/Documents/GitHub/2D-to-3D-image-reconstruction/facescape_224/fsmview_trainset_3_7_jaw_forward_29.jpg,0.04071934148669243,0.04809495434165001,0.007375612854957581,8.174190800637007,0.7125621438026428,0.28798985481262207,0.28798985481262207,20.50033400018947,20.947418000105245,real_npy,0,1
31,/mnt/c/Users/Chirayu/Documents/GitHub/2D-to-3D-image-reconstruction/facescape_224/fsmview_trainset_5_5_jaw_left_58.jpg,0.6691986322402954,0.7561984658241272,0.08699983358383179,7.289917221292853,0.7273015975952148,0.455867201089859,0.455867201089859,19.921952999993664,19.37426500012407,real_npy,0,1
32,/mnt/c/Users/Chirayu/Documents/GitHub/2D-to-3D-image-reconstruction/facescape_224/fsmview_trainset_4_17_cheek_blowing_43.jpg,0.028804922476410866,0.029743468388915062,0.0009385459125041962,7.5668057687580585,0.6254931688308716,0.19434833526611328,0.19434833526611328,21.499469999980647,22.48605300019335,real_npy,0,1
33,/mnt/c/Users/Chirayu/Documents/GitHub/2D-to-3D-image-reconstruction/facescape_224/fsmview_trainset_8_20_brow_lower_3.jpg,0.052478425204753876,0.053710583597421646,0.0012321583926677704,7.964024916291237,0.728718101978302,0.2932663559913635,0.2932663559913635,21.840849000000162,20.291921000080038,real_npy,0,1
34,/mnt/c/Users/Chirayu/Documents/GitHub/2D-to-3D-image-reconstruction/facescape_224/fsmview_trainset_14_12_lip_puckerer_44.jpg,0.07058025896549225,0.07086015492677689,0.00027989596128463745,8.545272156596184,0.6877007484436035,0.3573296368122101,0.3573296368122101,21.846480000021984,31.21454699999049,real_npy,0,1
35,/mnt/c/Users/Chirayu/Documents/GitHub/2D-to-3D-image-reconstruction/facescape_224/fsmview_trainset_11_13_lip_funneler_14.jpg,0.19386453926563263,0.2136988639831543,0.019834324717521667,7.763403564691544,0.6564653515815735,0.5636483430862427,0.5636483430862427,88.60695499993199,57.84166600005847,real_npy,0,1
36,/mnt/c/Users/Chirayu/Documents/GitHub/2D-to-3D-image-reconstruction/facescape_224/fsmview_trainset_11_16_grin_60.jpg,0.04120988771319389,0.3056698441505432,0.2644599564373493,12.488035119138658,1.0588948726654053,0.5149634480476379,0.5149634480476379,113.46207099995809,79.65503099990201,real_npy,0,1
37,/mnt/c/Users/Chirayu/Documents/GitHub/2D-to-3D-image-reconstruction/facescape_224/fsmview_trainset_9_17_cheek_blowing_28.jpg,0.041064485907554626,0.04170813411474228,0.0006436482071876526,7.5085247829556465,0.6525033116340637,0.25688207149505615,0.25688207149505615,22.591919999968013,20.03427800013924,real_npy,0,1
38,/mnt/c/Users/Chirayu/Documents/GitHub/2D-to-3D-image-reconstruction/facescape_224/fsmview_trainset_5_13_lip_funneler_56.jpg,0.06694834679365158,0.06441812217235565,-0.002530224621295929,8.27395511418581,0.7141023278236389,0.43158015608787537,0.43158015608787537,21.66059099999984,22.380983999937598,real_npy,0,1
39,/mnt/c/Users/Chirayu/Documents/GitHub/2D-to-3D-image-reconstruction/facescape_224/fsmview_trainset_2_12_lip_puckerer_31.jpg,0.10845816880464554,0.11564748734235764,0.007189318537712097,8.234248345717788,0.6495205760002136,0.4569994807243347,0.4569994807243347,68.57133399989834,23.038218000010602,real_npy,0,1
40,/mnt/c/Users/Chirayu/Documents/GitHub/2D-to-3D-image-reconstruction/facescape_224/fsmview_trainset_5_19_brow_raiser_34.jpg,0.04456677287817001,0.2950243651866913,0.25045759230852127,11.209292965009809,1.1134696006774902,0.43452566862106323,0.43452566862106323,23.345070000004853,69.41997699982494,real_npy,0,1
41,/mnt/c/Users/Chirayu/Documents/GitHub/2D-to-3D-image-reconstruction/facescape_224/fsmview_trainset_15_9_mouth_right_19.jpg,0.07193893939256668,0.08499438315629959,0.01305544376373291,7.787200262770057,0.661981999874115,0.5738368630409241,0.5738368630409241,21.949250000034226,19.579473000021608,real_npy,0,1
42,/mnt/c/Users/Chirayu/Documents/GitHub/2D-to-3D-image-reconstruction/facescape_224/fsmview_trainset_14_16_grin_63.jpg,0.03626032918691635,0.03281484544277191,-0.0034454837441444397,7.722684934735298,0.6874140501022339,0.3643465042114258,0.3643465042114258,23.229001000117933,24.65427099991757,real_npy,0,1
43,/mnt/c/Users/Chirayu/Documents/GitHub/2D-to-3D-image-reconstruction/facescape_224/fsmview_trainset_20_12_lip_puckerer_13.jpg,0.05698930099606514,0.05978420749306679,0.002794906497001648,8.869939714670181,0.7206166386604309,0.3965231776237488,0.3965231776237488,24.021791999985,59.31263599995873,real_npy,0,1
44,/mnt/c/Users/Chirayu/Documents/GitHub/2D-to-3D-image-reconstruction/facescape_224/fsmview_trainset_6_9_mouth_right_32.jpg,0.04958715662360191,0.0511595718562603,0.0015724152326583862,7.738044656813145,0.6431121230125427,0.2980691194534302,0.2980691194534302,57.21268399997825,26.63131200006319,real_npy,0,1
45,/mnt/c/Users/Chirayu/Documents/GitHub/2D-to-3D-image-reconstruction/facescape_224/fsmview_trainset_1_15_lip_roll_29.jpg,0.07378681004047394,0.08703586459159851,0.013249054551124573,7.91689857840538,0.6645795106887817,0.42207491397857666,0.42207491397857666,20.95542500001102,21.96016800007783,real_npy,0,1
46,/mnt/c/Users/Chirayu/Documents/GitHub/2D-to-3D-image-reconstruction/facescape_224/fsmview_trainset_20_16_grin_29.jpg,0.14049682021141052,0.15046988427639008,0.009973064064979553,7.665672216564417,0.6422586441040039,0.34527483582496643,0.34527483582496643,22.93510800018339,23.088148999931946,real_npy,0,1
47,/mnt/c/Users/Chirayu/Documents/GitHub/2D-to-3D-image-reconstruction/facescape_224/fsmview_trainset_20_7_jaw_forward_64.jpg,0.2949458360671997,0.2937697172164917,-0.0011761188507080078,7.35072286427021,0.6959611177444458,0.45648670196533203,0.45648670196533203,31.761770999992223,37.078075999943394,real_npy,0,1
48,/mnt/c/Users/Chirayu/Documents/GitHub/2D-to-3D-image-reconstruction/facescape_224/fsmview_trainset_12_8_mouth_left_29.jpg,0.04842258244752884,0.04582667350769043,-0.0025959089398384094,8.44115175679326,0.7042502760887146,0.4136093556880951,0.4136093556880951,23.288318999902913,22.52333899991754,real_npy,0,1
49,/mnt/c/Users/Chirayu/Documents/GitHub/2D-to-3D-image-reconstruction/facescape_224/fsmview_trainset_13_7_jaw_forward_44.jpg,0.04211725294589996,0.047117456793785095,0.005000203847885132,8.593327213078737,0.7342351078987122,0.3258798122406006,0.3258798122406006,24.396820999982083,21.508380000113902,real_npy,0,1
50,/mnt/c/Users/Chirayu/Documents/GitHub/2D-to-3D-image-reconstruction/facescape_224/fsmview_trainset_13_20_brow_lower_47.jpg,0.053273577243089676,0.05905481055378914,0.005781233310699463,7.842894442379475,0.6531007885932922,0.4178984761238098,0.4178984761238098,20.54452900006254,22.37879500012241,real_npy,0,1
51,/mnt/c/Users/Chirayu/Documents/GitHub/2D-to-3D-image-reconstruction/facescape_224/fsmview_trainset_18_18_eye_closed_42.jpg,0.03487517684698105,0.03654320165514946,0.0016680248081684113,7.83325719088316,0.6477380990982056,0.32483065128326416,0.32483065128326416,22.20265500000096,21.422130000019024,real_npy,0,1
52,/mnt/c/Users/Chirayu/Documents/GitHub/2D-to-3D-image-reconstruction/facescape_224/fsmview_trainset_6_4_anger_40.jpg,0.24715036153793335,0.30034735798835754,0.053196996450424194,6.828076533973217,0.6852760314941406,0.39704859256744385,0.39704859256744385,20.073855999953594,19.50466200014489,real_npy,0,1
53,/mnt/c/Users/Chirayu/Documents/GitHub/2D-to-3D-image-reconstruction/facescape_224/fsmview_trainset_3_3_mouth_stretch_21.jpg,0.03201543539762497,0.03600377216935158,0.003988336771726608,7.84366062656045,0.7161486744880676,0.32566893100738525,0.32566893100738525,23.466625000082786,22.309222000103546,real_npy,0,1
54,/mnt/c/Users/Chirayu/Documents/GitHub/2D-to-3D-image-reconstruction/facescape_224/fsmview_trainset_5_16_grin_32.jpg,0.059196870774030685,0.06610258668661118,0.00690571591258049,7.825151827186346,0.6845599412918091,0.327193021774292,0.327193021774292,22.947853000005125,21.632876000012402,real_npy,0,1
55,/mnt/c/Users/Chirayu/Documents/GitHub/2D-to-3D-image-reconstruction/facescape_224/fsmview_trainset_20_3_mouth_stretch_47.jpg,0.13396187126636505,0.18780645728111267,0.05384458601474762,6.605912152677774,0.6258518099784851,0.6468546390533447,0.6468546390533447,21.946422000155508,22.088766000024407,real_npy,0,1
56,/mnt/c/Users/Chirayu/Documents/GitHub/2D-to-3D-image-reconstruction/facescape_224/fsmview_trainset_12_13_lip_funneler_27.jpg,0.07334484159946442,0.07458227872848511,0.001237437129020691,8.972622593864799,0.7745346426963806,0.5505934357643127,0.5505934357643127,20.058931999983542,21.291863999977068,real_npy,0,1
57,/mnt/c/Users/Chirayu/Documents/GitHub/2D-to-3D-image-reconstruction/facescape_224/fsmview_trainset_18_3_mouth_stretch_9.jpg,0.04391515254974365,0.042938876897096634,-0.0009762756526470184,8.128689471632242,0.7421630620956421,0.32537931203842163,0.32537931203842163,20.849903999987873,20.06961200004298,real_npy,0,1
58,/mnt/c/Users/Chirayu/Documents/GitHub/2D-to-3D-image-reconstruction/facescape_224/fsmview_trainset_9_3_mouth_stretch_2.jpg,0.06886610388755798,0.0856112614274025,0.016745157539844513,8.14327471703291,0.7461443543434143,0.3780031204223633,0.3780031204223633,26.222905999929935,24.004394999792567,real_npy,0,1
59,/mnt/c/Users/Chirayu/Documents/GitHub/2D-to-3D-image-reconstruction/facescape_224/fsmview_trainset_20_10_dimpler_26.jpg,0.05275944992899895,0.060606494545936584,0.007847044616937637,8.058786794543266,0.7112830877304077,0.4767512381076813,0.4767512381076813,20.78343399989535,22.87980100004461,real_npy,0,1
60,/mnt/c/Users/Chirayu/Documents/GitHub/2D-to-3D-image-reconstruction/facescape_224/fsmview_trainset_15_6_jaw_right_42.jpg,0.04481882229447365,0.04637115076184273,0.0015523284673690796,8.11552558094263,0.6889872550964355,0.567866861820221,0.567866861820221,21.102724000002127,22.48523599996588,real_npy,0,1
61,/mnt/c/Users/Chirayu/Documents/GitHub/2D-to-3D-image-reconstruction/facescape_224/fsmview_trainset_7_11_chin_raiser_8.jpg,0.045128025114536285,6.626916408538818,6.581788383424282,53.20892484486103,7.323716163635254,0.3839183747768402,0.3839183747768402,20.36358400005156,19.969273000015164,real_npy,1,1
62,/mnt/c/Users/Chirayu/Documents/GitHub/2D-to-3D-image-reconstruction/facescape_224/fsmview_trainset_7_17_cheek_blowing_27.jpg,0.059845615178346634,0.07273547351360321,0.012889858335256577,8.321002209559083,0.6801391243934631,0.32437363266944885,0.32437363266944885,21.863702000018748,20.42955900014931,real_npy,0,1
63,/mnt/c/Users/Chirayu/Documents/GitHub/2D-to-3D-image-reconstruction/facescape_224/fsmview_trainset_11_1_neutral_19.jpg,0.06912741810083389,0.07275986671447754,0.0036324486136436462,8.805977473035455,0.7122839093208313,0.535876452922821,0.535876452922821,25.139670999806185,22.883475000071485,real_npy,0,1
64,/mnt/c/Users/Chirayu/Documents/GitHub/2D-to-3D-image-reconstruction/facescape_224/fsmview_trainset_2_11_chin_raiser_8.jpg,0.05124620720744133,0.048565756529569626,-0.002680450677871704,9.369561482220888,0.7637568116188049,0.46240171790122986,0.46240171790122986,20.854486999951405,20.456276000004436,real_npy,0,1
65,/mnt/c/Users/Chirayu/Documents/GitHub/2D-to-3D-image-reconstruction/facescape_224/fsmview_trainset_11_16_grin_59.jpg,0.07833778858184814,0.100868359208107,0.02253057062625885,8.001076199114323,0.6841620802879333,0.415808767080307,0.415808767080307,21.28297800004475,19.059501000128876,real_npy,0,1
66,/mnt/c/Users/Chirayu/Documents/GitHub/2D-to-3D-image-reconstruction/facescape_224/fsmview_trainset_20_12_lip_puckerer_24.jpg,0.038065869361162186,0.04011751711368561,0.0020516477525234222,7.777698840945959,0.6410234570503235,0.4573996365070343,0.4573996365070343,20.041675999891595,22.353571000166994,real_npy,0,1
67,/mnt/c/Users/Chirayu/Documents/GitHub/2D-to-3D-image-reconstruction/facescape_224/fsmview_trainset_2_13_lip_funneler_38.jpg,0.08478518575429916,0.09508933126926422,0.010304145514965057,7.926471646875143,0.7089031934738159,0.3879821002483368,0.3879821002483368,23.27648000004956,21.8927400001121,real_npy,0,1
68,/mnt/c/Users/Chirayu/Documents/GitHub/2D-to-3D-image-reconstruction/facescape_224/fsmview_trainset_8_7_jaw_forward_33.jpg,0.033444639295339584,0.0604117214679718,0.026967082172632217,6.927756601944566,0.6002439856529236,0.28824177384376526,0.28824177384376526,19.96029599990834,19.831574999898294,real_npy,0,1
69,/mnt/c/Users/Chirayu/Documents/GitHub/2D-to-3D-image-reconstruction/facescape_224/fsmview_trainset_9_3_mouth_stretch_23.jpg,0.04612451791763306,0.05058937892317772,0.0044648610055446625,7.339066440239549,0.7245133519172668,0.2986826002597809,0.2986826002597809,30.87232000007134,29.015789000141012,real_npy,0,1
70,/mnt/c/Users/Chirayu/Documents/GitHub/2D-to-3D-image-reconstruction/facescape_224/fsmview_trainset_14_10_dimpler_6.jpg,0.23107004165649414,0.3947935700416565,0.16372352838516235,8.004368530586362,0.7646061182022095,0.5996689200401306,0.5996689200401306,21.98787999986962,20.733276999862937,real_npy,0,1
71,/mnt/c/Users/Chirayu/Documents/GitHub/2D-to-3D-image-reconstruction/facescape_224/fsmview_trainset_3_10_dimpler_58.jpg,0.639354944229126,0.6319158673286438,-0.007439076900482178,6.657611146569252,0.6176550388336182,0.3562989830970764,0.3562989830970764,25.30442000011135,22.544186999994054,real_npy,0,1
72,/mnt/c/Users/Chirayu/Documents/GitHub/2D-to-3D-image-reconstruction/facescape_224/fsmview_trainset_13_14_sadness_7.jpg,0.042263537645339966,0.04885851591825485,0.0065949782729148865,8.748465333133936,0.7493489980697632,0.40943455696105957,0.40943455696105957,21.24220299992885,20.202967999921384,real_npy,0,1
73,/mnt/c/Users/Chirayu/Documents/GitHub/2D-to-3D-image-reconstruction/facescape_224/fsmview_trainset_10_14_sadness_54.jpg,0.04615772143006325,0.04771242290735245,0.0015547014772891998,8.29222530219704,0.7070866227149963,0.28871238231658936,0.28871238231658936,20.31453099993996,20.51522500005376,real_npy,0,1
74,/mnt/c/Users/Chirayu/Documents/GitHub/2D-to-3D-image-reconstruction/facescape_224/fsmview_trainset_6_16_grin_42.jpg,0.20522047579288483,0.19683422148227692,-0.00838625431060791,6.124769009649754,0.6194503307342529,0.4100187420845032,0.4100187420845032,23.526789000015924,22.4068279999301,real_npy,0,0
75,/mnt/c/Users/Chirayu/Documents/GitHub/2D-to-3D-image-reconstruction/facescape_224/fsmview_trainset_18_2_smile_23.jpg,0.04213710129261017,0.040936410427093506,-0.0012006908655166626,8.932049686089158,0.7409968376159668,0.433594673871994,0.433594673871994,22.18838500016318,19.725851999965016,real_npy,0,1
76,/mnt/c/Users/Chirayu/Documents/GitHub/2D-to-3D-image-reconstruction/facescape_224/fsmview_trainset_4_15_lip_roll_47.jpg,0.038380641490221024,0.29007387161254883,0.2516932301223278,10.769354222342372,1.0769981145858765,0.2912098169326782,0.2912098169326782,21.360595000032845,22.690644000022075,real_npy,0,1
77,/mnt/c/Users/Chirayu/Documents/GitHub/2D-to-3D-image-reconstruction/facescape_224/fsmview_trainset_5_10_dimpler_39.jpg,0.2670166790485382,0.3710138201713562,0.103997141122818,7.786169741302729,0.6956511735916138,0.42076393961906433,0.42076393961906433,20.89606399999866,21.331557000166868,real_npy,0,1
78,/mnt/c/Users/Chirayu/Documents/GitHub/2D-to-3D-image-reconstruction/facescape_224/fsmview_trainset_18_19_brow_raiser_42.jpg,0.10246875137090683,0.09786141663789749,-0.004607334733009338,8.701867297291756,0.8156720995903015,0.4893304705619812,0.4893304705619812,22.358724000014263,33.08182400019177,real_npy,0,1
79,/mnt/c/Users/Chirayu/Documents/GitHub/2D-to-3D-image-reconstruction/facescape_224/fsmview_trainset_11_19_brow_raiser_6.jpg,0.20798934996128082,0.39888274669647217,0.19089339673519135,7.33164850436151,0.691649317741394,0.6263300776481628,0.6263300776481628,47.40358499998365,42.47630600002594,real_npy,0,1
80,/mnt/c/Users/Chirayu/Documents/GitHub/2D-to-3D-image-reconstruction/facescape_224/fsmview_trainset_11_18_eye_closed_51.jpg,0.7994036078453064,0.6067225933074951,-0.19268101453781128,7.238314401358366,0.6810216307640076,0.645382821559906,0.645382821559906,21.326207000129216,20.727041999862195,real_npy,0,1
81,/mnt/c/Users/Chirayu/Documents/GitHub/2D-to-3D-image-reconstruction/facescape_224/fsmview_trainset_1_4_anger_22.jpg,0.032557446509599686,121.78865814208984,121.75610069558024,197.9216811656952,152.2963104248047,0.3814079165458679,0.3814079165458679,20.276358000046457,20.401586000161842,real_npy,1,1
82,/mnt/c/Users/Chirayu/Documents/GitHub/2D-to-3D-image-reconstruction/facescape_224/fsmview_trainset_7_5_jaw_left_36.jpg,0.10657785087823868,0.1150934100151062,0.008515559136867523,7.755866464227438,0.7096235156059265,0.3903273046016693,0.3903273046016693,22.477180000123553,19.590806999985944,real_npy,0,1
83,/mnt/c/Users/Chirayu/Documents/GitHub/2D-to-3D-image-reconstruction/facescape_224/fsmview_trainset_8_3_mouth_stretch_19.jpg,0.040164701640605927,0.03954888880252838,-0.0006158128380775452,7.5651016952469945,0.739715576171875,0.25972944498062134,0.25972944498062134,56.97664300009819,28.869577000023128,real_npy,0,1
84,/mnt/c/Users/Chirayu/Documents/GitHub/2D-to-3D-image-reconstruction/facescape_224/fsmview_trainset_17_14_sadness_49.jpg,0.20971234142780304,0.1919473558664322,-0.01776498556137085,7.936492521315813,0.6539045572280884,0.43081820011138916,0.43081820011138916,23.633816000028673,20.257645000128832,real_npy,0,1
85,/mnt/c/Users/Chirayu/Documents/GitHub/2D-to-3D-image-reconstruction/facescape_224/fsmview_trainset_9_3_mouth_stretch_53.jpg,0.06974361836910248,0.06901132315397263,-0.0007322952151298523,7.8430388905107975,0.764316737651825,0.45970505475997925,0.45970505475997925,20.565724999869417,21.66610800009039,real_npy,0,1
86,/mnt/c/Users/Chirayu/Documents/GitHub/2D-to-3D-image-reconstruction/facescape_224/fsmview_trainset_5_17_cheek_blowing_2.jpg,0.04717805236577988,0.04635507985949516,-0.0008229725062847137,8.189100258052349,0.668435275554657,0.4266803562641144,0.4266803562641144,26.118517999975666,20.411426999999094,real_npy,0,1
87,/mnt/c/Users/Chirayu/Documents/GitHub/2D-to-3D-image-reconstruction/facescape_224/fsmview_trainset_20_7_jaw_forward_4.jpg,0.5263583064079285,0.36426952481269836,-0.1620887815952301,7.493729438632727,0.653404176235199,0.5671112537384033,0.5671112537384033,21.166872000094372,42.65404800003125,real_npy,0,1
88,/mnt/c/Users/Chirayu/Documents/GitHub/2D-to-3D-image-reconstruction/facescape_224/fsmview_trainset_12_4_anger_14.jpg,0.05725599080324173,0.05483498424291611,-0.0024210065603256226,9.272328862920403,0.7651835083961487,0.5405752658843994,0.5405752658843994,22.009106000041356,32.579481999846394,real_npy,0,1
89,/mnt/c/Users/Chirayu/Documents/GitHub/2D-to-3D-image-reconstruction/facescape_224/fsmview_trainset_10_3_mouth_stretch_53.jpg,0.15911293029785156,0.1725800484418869,0.01346711814403534,7.076610304415226,0.6790854930877686,0.28949108719825745,0.28949108719825745,23.25889200005804,20.461235000084343,real_npy,0,1
90,/mnt/c/Users/Chirayu/Documents/GitHub/2D-to-3D-image-reconstruction/facescape_224/fsmview_trainset_5_12_lip_puckerer_18.jpg,0.033454377204179764,0.03555754944682121,0.002103172242641449,8.216091079637408,0.6853010654449463,0.40577077865600586,0.40577077865600586,21.37307900011365,20.742265000080806,real_npy,0,1
91,/mnt/c/Users/Chirayu/Documents/GitHub/2D-to-3D-image-reconstruction/facescape_224/fsmview_trainset_19_16_grin_26.jpg,0.0587112233042717,0.055718064308166504,-0.002993158996105194,9.016931734979153,0.7621923089027405,0.44511106610298157,0.44511106610298157,21.13137900005313,19.786373999977513,real_npy,0,1
92,/mnt/c/Users/Chirayu/Documents/GitHub/2D-to-3D-image-reconstruction/facescape_224/fsmview_trainset_5_13_lip_funneler_12.jpg,0.05855975300073624,0.061473965644836426,0.002914212644100189,8.265627393499017,0.7064852714538574,0.41037556529045105,0.41037556529045105,22.303979000071195,27.09252199997536,real_npy,0,1
93,/mnt/c/Users/Chirayu/Documents/GitHub/2D-to-3D-image-reconstruction/facescape_224/fsmview_trainset_4_13_lip_funneler_31.jpg,0.035925958305597305,0.042589761316776276,0.00666380301117897,8.440438561141491,0.707129955291748,0.2567184567451477,0.2567184567451477,24.658834999854662,22.253175000059855,real_npy,0,1
94,/mnt/c/Users/Chirayu/Documents/GitHub/2D-to-3D-image-reconstruction/facescape_224/fsmview_trainset_5_2_smile_9.jpg,0.05049601569771767,0.04873193800449371,-0.0017640776932239532,7.950458290055394,0.6524791121482849,0.3599402904510498,0.3599402904510498,22.606135999922117,20.126108999875214,real_npy,0,1
95,/mnt/c/Users/Chirayu/Documents/GitHub/2D-to-3D-image-reconstruction/facescape_224/fsmview_trainset_5_12_lip_puckerer_47.jpg,0.08044153451919556,0.09607107192277908,0.015629537403583527,9.166405713185668,0.7853995561599731,0.46147456765174866,0.46147456765174866,24.78191499994864,22.40222599994013,real_npy,0,1
96,/mnt/c/Users/Chirayu/Documents/GitHub/2D-to-3D-image-reconstruction/facescape_224/fsmview_trainset_14_5_jaw_left_49.jpg,0.759133517742157,0.5835891366004944,-0.1755443811416626,7.037586830556393,0.7008254528045654,0.5768978595733643,0.5768978595733643,20.763217999956396,20.125171000017872,real_npy,0,1
97,/mnt/c/Users/Chirayu/Documents/GitHub/2D-to-3D-image-reconstruction/facescape_224/fsmview_trainset_15_3_mouth_stretch_49.jpg,0.08391881734132767,0.08981136977672577,0.005892552435398102,8.35320158302784,0.7259733080863953,0.6070230603218079,0.6070230603218079,20.32867899993107,22.648095000022295,real_npy,0,1
98,/mnt/c/Users/Chirayu/Documents/GitHub/2D-to-3D-image-reconstruction/facescape_224/fsmview_trainset_19_18_eye_closed_54.jpg,0.0588701069355011,0.06773128360509872,0.008861176669597626,9.133452259935439,0.7825638651847839,0.28122466802597046,0.28122466802597046,21.39636500010056,21.811716999991404,real_npy,0,1
99,/mnt/c/Users/Chirayu/Documents/GitHub/2D-to-3D-image-reconstruction/facescape_224/fsmview_trainset_7_2_smile_11.jpg,0.3024873733520508,0.3676483929157257,0.06516101956367493,7.077912636101246,0.7117750644683838,0.591524600982666,0.591524600982666,21.762766999927408,21.360796000180926,real_npy,0,1
100,/mnt/c/Users/Chirayu/Documents/GitHub/2D-to-3D-image-reconstruction/facescape_224/fsmview_trainset_19_7_jaw_forward_7.jpg,0.06320250779390335,0.08392532914876938,0.020722821354866028,8.449473667889833,0.6940009593963623,0.20117506384849548,0.20117506384849548,21.635096000181875,20.259220000070854,real_npy,0,1
101,/mnt/c/Users/Chirayu/Documents/GitHub/2D-to-3D-image-reconstruction/facescape_224/fsmview_trainset_14_5_jaw_left_64.jpg,0.061454955488443375,0.06211059167981148,0.000655636191368103,8.112563693895936,0.7719767093658447,0.415963351726532,0.415963351726532,22.837746000050174,72.76249599999574,real_npy,0,1
102,/mnt/c/Users/Chirayu/Documents/GitHub/2D-to-3D-image-reconstruction/facescape_224/fsmview_trainset_17_19_brow_raiser_30.jpg,0.05125163868069649,0.046929068863391876,-0.004322569817304611,8.816633190959692,0.7160171866416931,0.29127731919288635,0.29127731919288635,30.818827999837595,20.253003000107128,real_npy,0,1
103,/mnt/c/Users/Chirayu/Documents/GitHub/2D-to-3D-image-reconstruction/facescape_224/fsmview_trainset_2_2_smile_6.jpg,0.07536394149065018,0.0934896171092987,0.01812567561864853,8.719765663146973,0.7588390707969666,0.38911545276641846,0.38911545276641846,21.452510000017355,21.221588000116753,real_npy,0,1
104,/mnt/c/Users/Chirayu/Documents/GitHub/2D-to-3D-image-reconstruction/facescape_224/fsmview_trainset_20_2_smile_33.jpg,0.041678041219711304,0.04589369520545006,0.004215653985738754,7.562029633671045,0.7101027369499207,0.479145884513855,0.479145884513855,24.643709999963903,23.086358999989898,real_npy,0,1
105,/mnt/c/Users/Chirayu/Documents/GitHub/2D-to-3D-image-reconstruction/facescape_224/fsmview_trainset_18_4_anger_7.jpg,0.05223527550697327,0.05679748207330704,0.004562206566333771,8.018830358982086,0.6971938610076904,0.2918267846107483,0.2918267846107483,23.917822000157685,20.429233999948337,real_npy,0,1
106,/mnt/c/Users/Chirayu/Documents/GitHub/2D-to-3D-image-reconstruction/facescape_224/fsmview_trainset_11_19_brow_raiser_61.jpg,0.8130469918251038,0.8278191685676575,0.014772176742553711,7.786698941141367,0.6520347595214844,0.5321911573410034,0.5321911573410034,20.774565000010625,20.894987000019682,real_npy,0,1
107,/mnt/c/Users/Chirayu/Documents/GitHub/2D-to-3D-image-reconstruction/facescape_224/fsmview_trainset_12_8_mouth_left_32.jpg,0.3125651478767395,0.2982451617717743,-0.01431998610496521,7.811273001134396,0.7603546977043152,0.5071002840995789,0.5071002840995789,21.04093200000534,20.024616000000606,real_npy,0,1
108,/mnt/c/Users/Chirayu/Documents/GitHub/2D-to-3D-image-reconstruction/facescape_224/fsmview_trainset_14_14_sadness_62.jpg,0.36826032400131226,0.3629361391067505,-0.005324184894561768,7.236289847642183,0.599280595779419,0.5168671011924744,0.5168671011924744,29.906423000056748,21.382460999802788,real_npy,0,1
109,/mnt/c/Users/Chirayu/Documents/GitHub/2D-to-3D-image-reconstruction/facescape_224/fsmview_trainset_9_6_jaw_right_23.jpg,0.05213071033358574,0.05212687700986862,-3.8333237171173096e-06,8.717862224206328,0.730414867401123,0.42426565289497375,0.42426565289497375,45.49878099987836,19.99431700005516,real_npy,0,1
110,/mnt/c/Users/Chirayu/Documents/GitHub/2D-to-3D-image-reconstruction/facescape_224/fsmview_trainset_3_2_smile_47.jpg,0.07933378964662552,0.09338505566120148,0.014051266014575958,9.134582354687154,0.741216242313385,0.4756621718406677,0.4756621718406677,22.100828000020556,21.84586900011709,real_npy,0,1
111,/mnt/c/Users/Chirayu/Documents/GitHub/2D-to-3D-image-reconstruction/facescape_224/fsmview_trainset_18_11_chin_raiser_19.jpg,0.055312734097242355,0.05669451504945755,0.0013817809522151947,9.265604801476002,0.7341623306274414,0.4180615544319153,0.4180615544319153,23.525912000195603,29.267651000054684,real_npy,0,1
112,/mnt/c/Users/Chirayu/Documents/GitHub/2D-to-3D-image-reconstruction/facescape_224/fsmview_trainset_13_3_mouth_stretch_8.jpg,0.044409915804862976,0.045033033937215805,0.000623118132352829,7.536958560347557,0.6802157163619995,0.32488664984703064,0.32488664984703064,21.201589999918724,20.179952000034973,real_npy,0,1
113,/mnt/c/Users/Chirayu/Documents/GitHub/2D-to-3D-image-reconstruction/facescape_224/fsmview_trainset_4_13_lip_funneler_20.jpg,0.037151336669921875,0.03758653253316879,0.0004351958632469177,8.307258795946836,0.6997807025909424,0.2686648666858673,0.2686648666858673,22.223380000014004,19.35858999991069,real_npy,0,1
114,/mnt/c/Users/Chirayu/Documents/GitHub/2D-to-3D-image-reconstruction/facescape_224/fsmview_trainset_17_15_lip_roll_3.jpg,0.06291021406650543,0.061348073184490204,-0.0015621408820152283,7.683636508882046,0.6586224436759949,0.39266979694366455,0.39266979694366455,32.29137400012405,22.129930000119202,real_npy,0,1
115,/mnt/c/Users/Chirayu/Documents/GitHub/2D-to-3D-image-reconstruction/facescape_224/fsmview_trainset_19_2_smile_50.jpg,0.054517265409231186,0.05499584600329399,0.0004785805940628052,8.803240064531565,0.6783830523490906,0.3927384912967682,0.3927384912967682,21.890490000032514,24.597100999926624,real_npy,0,1
116,/mnt/c/Users/Chirayu/Documents/GitHub/2D-to-3D-image-reconstruction/facescape_224/fsmview_trainset_13_14_sadness_18.jpg,0.04318654537200928,0.043105363845825195,-8.118152618408203e-05,8.990646228194237,0.7904384136199951,0.32346799969673157,0.32346799969673157,70.9614810000403,22.62065300010363,real_npy,0,1
117,/mnt/c/Users/Chirayu/Documents/GitHub/2D-to-3D-image-reconstruction/facescape_224/fsmview_trainset_8_14_sadness_24.jpg,0.03173190727829933,0.03230748325586319,0.000575575977563858,7.687580280005932,0.6534814834594727,0.27247345447540283,0.27247345447540283,22.424221999926885,20.93657700015683,real_npy,0,1
118,/mnt/c/Users/Chirayu/Documents/GitHub/2D-to-3D-image-reconstruction/facescape_224/fsmview_trainset_5_3_mouth_stretch_16.jpg,0.03209656849503517,12.197517395019531,12.165420826524496,71.02581170201302,13.012520790100098,0.29223939776420593,0.29223939776420593,20.13632700004564,18.81456299997808,real_npy,1,1
119,/mnt/c/Users/Chirayu/Documents/GitHub/2D-to-3D-image-reconstruction/facescape_224/fsmview_trainset_8_6_jaw_right_38.jpg,0.16490231454372406,0.15157592296600342,-0.013326391577720642,8.089629784226418,0.8468339443206787,0.48668181896209717,0.48668181896209717,23.92475400006333,23.080551000020932,real_npy,0,1
120,/mnt/c/Users/Chirayu/Documents/GitHub/2D-to-3D-image-reconstruction/facescape_224/fsmview_trainset_13_8_mouth_left_57.jpg,0.6640925407409668,0.7159704566001892,0.05187791585922241,6.216369771398604,0.6617960929870605,0.42964106798171997,0.42964106798171997,21.44134199988912,19.975947999910204,real_npy,0,0
121,/mnt/c/Users/Chirayu/Documents/GitHub/2D-to-3D-image-reconstruction/facescape_224/fsmview_trainset_8_4_anger_35.jpg,0.033667247742414474,0.03935076668858528,0.005683518946170807,7.780728489160538,0.6432973146438599,0.2984746992588043,0.2984746992588043,74.15323400005036,29.240236000077857,real_npy,0,1
122,/mnt/c/Users/Chirayu/Documents/GitHub/2D-to-3D-image-reconstruction/facescape_224/fsmview_trainset_1_19_brow_raiser_31.jpg,0.038945864886045456,1.1798479557037354,1.14090209081769,21.934237975627184,2.106771945953369,0.3074721097946167,0.3074721097946167,22.3526419999871,46.48263199987923,real_npy,0,1
123,/mnt/c/Users/Chirayu/Documents/GitHub/2D-to-3D-image-reconstruction/facescape_224/fsmview_trainset_19_2_smile_7.jpg,0.035864438861608505,0.041816677898168564,0.005952239036560059,8.303976222872734,0.7080011367797852,0.19844448566436768,0.19844448566436768,42.50784200007729,31.117689999973663,real_npy,0,1
124,/mnt/c/Users/Chirayu/Documents/GitHub/2D-to-3D-image-reconstruction/facescape_224/fsmview_trainset_19_18_eye_closed_49.jpg,0.4544467329978943,0.4433673322200775,-0.011079400777816772,7.746075369417667,0.6823678016662598,0.3674760162830353,0.3674760162830353,22.95226699993691,21.987168000123347,real_npy,0,1
125,/mnt/c/Users/Chirayu/Documents/GitHub/2D-to-3D-image-reconstruction/facescape_224/fsmview_trainset_14_16_grin_38.jpg,0.05861400067806244,0.04833638668060303,-0.010277613997459412,7.860452473163605,0.6738198399543762,0.3453919589519501,0.3453919589519501,50.03264800006946,67.22058200011816,real_npy,0,1
126,/mnt/c/Users/Chirayu/Documents/GitHub/2D-to-3D-image-reconstruction/facescape_224/fsmview_trainset_1_16_grin_12.jpg,0.05236675590276718,0.057510074228048325,0.005143318325281143,7.643202539533377,0.7322521209716797,0.3341594934463501,0.3341594934463501,20.662066999875606,19.645631999992474,real_npy,0,1
127,/mnt/c/Users/Chirayu/Documents/GitHub/2D-to-3D-image-reconstruction/facescape_224/fsmview_trainset_16_12_lip_puckerer_19.jpg,0.06888230890035629,0.0685131698846817,-0.00036913901567459106,8.549647418782115,0.7144037485122681,0.37460312247276306,0.37460312247276306,21.69841699992503,42.81187499987027,real_npy,0,1
128,/mnt/c/Users/Chirayu/Documents/GitHub/2D-to-3D-image-reconstruction/facescape_224/fsmview_trainset_4_12_lip_puckerer_0.jpg,0.12795498967170715,0.12953948974609375,0.0015845000743865967,8.395637512207031,0.7429692149162292,0.2667295038700104,0.2667295038700104,59.539489999906436,21.034224999993967,real_npy,0,1
129,/mnt/c/Users/Chirayu/Documents/GitHub/2D-to-3D-image-reconstruction/facescape_224/fsmview_trainset_4_4_anger_12.jpg,0.05773358419537544,0.06567791104316711,0.007944326847791672,7.858686726540327,0.7308502793312073,0.28307652473449707,0.28307652473449707,71.37675299986768,22.4699390000751,real_npy,0,1
130,/mnt/c/Users/Chirayu/Documents/GitHub/2D-to-3D-image-reconstruction/facescape_224/fsmview_trainset_2_20_brow_lower_29.jpg,0.09954773634672165,0.11983052641153336,0.020282790064811707,8.147415965795517,0.6777370572090149,0.32357504963874817,0.32357504963874817,51.98186099983104,24.30638500004534,real_npy,0,1
131,/mnt/c/Users/Chirayu/Documents/GitHub/2D-to-3D-image-reconstruction/facescape_224/fsmview_trainset_3_16_grin_3.jpg,0.048601046204566956,0.04738330468535423,-0.0012177415192127228,7.069883953779936,0.6762356758117676,0.3760710060596466,0.3760710060596466,32.775465000213444,27.75171199982651,real_npy,0,1
132,/mnt/c/Users/Chirayu/Documents/GitHub/2D-to-3D-image-reconstruction/facescape_224/fsmview_trainset_14_4_anger_8.jpg,0.47642505168914795,0.6330085396766663,0.1565834879875183,8.362387999892235,0.7396424412727356,0.5535610318183899,0.5535610318183899,21.8436870000005,20.246175000011135,real_npy,0,1
133,/mnt/c/Users/Chirayu/Documents/GitHub/2D-to-3D-image-reconstruction/facescape_224/fsmview_trainset_11_5_jaw_left_27.jpg,0.032502610236406326,3.6512677669525146,3.6187651567161083,40.85388936847448,4.702571868896484,0.5232556462287903,0.5232556462287903,21.43963999992593,31.381032999888703,real_npy,1,1
134,/mnt/c/Users/Chirayu/Documents/GitHub/2D-to-3D-image-reconstruction/facescape_224/fsmview_trainset_12_13_lip_funneler_10.jpg,0.4882291853427887,0.4956292510032654,0.007400065660476685,6.648088475689292,0.6185580492019653,0.5487250089645386,0.5487250089645386,20.624940000061542,20.80500099987148,real_npy,0,1
135,/mnt/c/Users/Chirayu/Documents/GitHub/2D-to-3D-image-reconstruction/facescape_224/fsmview_trainset_3_5_jaw_left_2.jpg,0.08086936175823212,0.104217030107975,0.02334766834974289,7.666773252189159,0.7063942551612854,0.4267158806324005,0.4267158806324005,20.330190000095172,21.493348999911177,real_npy,0,1
136,/mnt/c/Users/Chirayu/Documents/GitHub/2D-to-3D-image-reconstruction/facescape_224/fsmview_trainset_18_9_mouth_right_32.jpg,0.22819766402244568,139.1564483642578,138.92825070023537,210.95636999607086,179.7451171875,0.25222504138946533,0.25222504138946533,22.643115999926522,22.21898100015096,real_npy,1,1
137,/mnt/c/Users/Chirayu/Documents/GitHub/2D-to-3D-image-reconstruction/facescape_224/fsmview_trainset_9_1_neutral_36.jpg,0.1637597382068634,0.17999713122844696,0.016237393021583557,7.5233489610254765,0.6577833294868469,0.3627096116542816,0.3627096116542816,59.10884199988686,21.217685000010533,real_npy,0,1
138,/mnt/c/Users/Chirayu/Documents/GitHub/2D-to-3D-image-reconstruction/facescape_224/fsmview_trainset_9_9_mouth_right_57.jpg,0.6390001177787781,0.6655228734016418,0.02652275562286377,6.682689819484949,0.6269551515579224,0.4303637742996216,0.4303637742996216,20.142488999908892,19.36637900007554,real_npy,0,1
139,/mnt/c/Users/Chirayu/Documents/GitHub/2D-to-3D-image-reconstruction/facescape_224/fsmview_trainset_4_3_mouth_stretch_23.jpg,0.037822525948286057,0.037917423993349075,9.48980450630188e-05,8.114409644156694,0.6786066889762878,0.2932663857936859,0.2932663857936859,37.580343999934485,22.674596999877394,real_npy,0,1
140,/mnt/c/Users/Chirayu/Documents/GitHub/2D-to-3D-image-reconstruction/facescape_224/fsmview_trainset_8_8_mouth_left_40.jpg,0.2746913731098175,0.2672500014305115,-0.00744137167930603,6.448150433599949,0.651879608631134,0.471128910779953,0.471128910779953,20.709826999791403,20.56513599995924,real_npy,0,0
141,/mnt/c/Users/Chirayu/Documents/GitHub/2D-to-3D-image-reconstruction/facescape_224/fsmview_trainset_18_4_anger_40.jpg,0.14387769997119904,0.155363991856575,0.011486291885375977,7.106544271111488,0.6302134394645691,0.5798562169075012,0.5798562169075012,21.067082000172377,20.351254000161134,real_npy,0,1
142,/mnt/c/Users/Chirayu/Documents/GitHub/2D-to-3D-image-reconstruction/facescape_224/fsmview_trainset_9_2_smile_39.jpg,0.1744905710220337,0.19965454936027527,0.025163978338241577,7.3433750458061695,0.6340556144714355,0.4482518434524536,0.4482518434524536,21.546609000097305,19.743900000094072,real_npy,0,1
143,/mnt/c/Users/Chirayu/Documents/GitHub/2D-to-3D-image-reconstruction/facescape_224/fsmview_trainset_5_12_lip_puckerer_39.jpg,0.07553917169570923,0.07893124967813492,0.0033920779824256897,8.178815744817257,0.7621992826461792,0.43376246094703674,0.43376246094703674,20.404396000003544,19.9263609999889,real_npy,0,1
144,/mnt/c/Users/Chirayu/Documents/GitHub/2D-to-3D-image-reconstruction/facescape_224/fsmview_trainset_10_8_mouth_left_13.jpg,0.08274322748184204,0.08396752178668976,0.0012242943048477173,7.0724659115076065,0.6337712407112122,0.45663774013519287,0.45663774013519287,20.807353999998668,19.573148000063156,real_npy,0,1
145,/mnt/c/Users/Chirayu/Documents/GitHub/2D-to-3D-image-reconstruction/facescape_224/fsmview_trainset_8_16_grin_49.jpg,0.38880228996276855,0.3508140444755554,-0.037988245487213135,7.1577151119709015,0.6511395573616028,0.48483899235725403,0.48483899235725403,21.55815499986602,21.75269400004254,real_npy,0,1
146,/mnt/c/Users/Chirayu/Documents/GitHub/2D-to-3D-image-reconstruction/facescape_224/fsmview_trainset_7_18_eye_closed_36.jpg,0.10097716748714447,0.11213943362236023,0.01116226613521576,7.693747356534004,0.6922120451927185,0.4068131446838379,0.4068131446838379,39.06478799990509,20.814169999994192,real_npy,0,1
147,/mnt/c/Users/Chirayu/Documents/GitHub/2D-to-3D-image-reconstruction/facescape_224/fsmview_trainset_16_16_grin_29.jpg,0.03277771547436714,0.036228571087121964,0.0034508556127548218,7.841102924197912,0.6854548454284668,0.3376433253288269,0.3376433253288269,21.802887999911036,102.07305500011898,real_npy,0,1
148,/mnt/c/Users/Chirayu/Documents/GitHub/2D-to-3D-image-reconstruction/facescape_224/fsmview_trainset_17_9_mouth_right_31.jpg,0.042895928025245667,0.04547687992453575,0.002580951899290085,8.638689862564206,0.7046317458152771,0.4191829562187195,0.4191829562187195,21.08586200006357,21.584279999842693,real_npy,0,1
149,/mnt/c/Users/Chirayu/Documents/GitHub/2D-to-3D-image-reconstruction/facescape_224/fsmview_trainset_7_20_brow_lower_32.jpg,0.05463886260986328,0.05931723862886429,0.004678376019001007,7.926126070320606,0.6767063140869141,0.3549964427947998,0.3549964427947998,40.12025800011543,34.00480899995273,real_npy,0,1
150,/mnt/c/Users/Chirayu/Documents/GitHub/2D-to-3D-image-reconstruction/facescape_224/fsmview_trainset_11_16_grin_65.jpg,0.058066897094249725,0.05721849575638771,-0.0008484013378620148,8.869153356179595,0.7631350159645081,0.4806336760520935,0.4806336760520935,36.87292300014633,36.22309599995788,real_npy,0,1
151,/mnt/c/Users/Chirayu/Documents/GitHub/2D-to-3D-image-reconstruction/facescape_224/fsmview_trainset_12_18_eye_closed_29.jpg,0.05429162085056305,0.05397358536720276,-0.00031803548336029053,9.165455892682076,0.7612003087997437,0.5501218438148499,0.5501218438148499,64.48373699981857,43.866152999953556,real_npy,0,1
152,/mnt/c/Users/Chirayu/Documents/GitHub/2D-to-3D-image-reconstruction/facescape_224/fsmview_trainset_10_6_jaw_right_7.jpg,0.04721058905124664,0.05380219221115112,0.00659160315990448,7.326301258057356,0.6455554962158203,0.23040005564689636,0.23040005564689636,20.90623999993113,85.36818299990045,real_npy,0,1
153,/mnt/c/Users/Chirayu/Documents/GitHub/2D-to-3D-image-reconstruction/facescape_224/fsmview_trainset_11_14_sadness_31.jpg,0.03371342644095421,0.03936109319329262,0.005647666752338409,8.04686687886715,0.6507532596588135,0.4771769940853119,0.4771769940853119,34.247527000161426,62.5014069998997,real_npy,0,1
154,/mnt/c/Users/Chirayu/Documents/GitHub/2D-to-3D-image-reconstruction/facescape_224/fsmview_trainset_7_13_lip_funneler_14.jpg,0.03983902931213379,0.04008235037326813,0.00024332106113433838,8.05927190836519,0.6917892694473267,0.43016529083251953,0.43016529083251953,23.6250480002127,85.77297200008616,real_npy,0,1
155,/mnt/c/Users/Chirayu/Documents/GitHub/2D-to-3D-image-reconstruction/facescape_224/fsmview_trainset_1_14_sadness_32.jpg,0.3029710352420807,35.08203125,34.77906021475792,116.3970079421997,37.06947708129883,0.23917536437511444,0.23917536437511444,20.80074299988155,20.067737000090347,real_npy,1,1
156,/mnt/c/Users/Chirayu/Documents/GitHub/2D-to-3D-image-reconstruction/facescape_224/fsmview_trainset_15_12_lip_puckerer_43.jpg,0.0575580969452858,0.06099336966872215,0.0034352727234363556,8.257127042859793,0.6691028475761414,0.5713145732879639,0.5713145732879639,20.683004999909826,22.603093999805424,real_npy,0,1
157,/mnt/c/Users/Chirayu/Documents/GitHub/2D-to-3D-image-reconstruction/facescape_224/fsmview_trainset_14_2_smile_47.jpg,0.06942113488912582,0.1236480101943016,0.05422687530517578,8.208872690796852,0.752998411655426,0.6600844860076904,0.6600844860076904,21.729735000008077,23.397896999995282,real_npy,0,1
158,/mnt/c/Users/Chirayu/Documents/GitHub/2D-to-3D-image-reconstruction/facescape_224/fsmview_trainset_7_3_mouth_stretch_54.jpg,0.07600945979356766,0.07464887201786041,-0.0013605877757072449,7.869314190000296,0.7497283220291138,0.5117875337600708,0.5117875337600708,24.59223400001065,22.449180999956297,real_npy,0,1
159,/mnt/c/Users/Chirayu/Documents/GitHub/2D-to-3D-image-reconstruction/facescape_224/fsmview_trainset_8_10_dimpler_53.jpg,0.04998974874615669,0.05140227451920509,0.0014125257730484009,8.068384185433388,0.7138566374778748,0.2640915513038635,0.2640915513038635,22.060806999888882,35.98333400009324,real_npy,0,1
160,/mnt/c/Users/Chirayu/Documents/GitHub/2D-to-3D-image-reconstruction/facescape_224/fsmview_trainset_15_11_chin_raiser_14.jpg,0.22666975855827332,0.2629585862159729,0.036288827657699585,8.303371399641037,0.6895118355751038,0.5614816546440125,0.5614816546440125,20.71578799996132,19.461705999901824,real_npy,0,1
161,/mnt/c/Users/Chirayu/Documents/GitHub/2D-to-3D-image-reconstruction/facescape_224/fsmview_trainset_5_15_lip_roll_3.jpg,0.3788389265537262,0.38105663657188416,0.002217710018157959,7.13056044280529,0.6259945034980774,0.362200528383255,0.362200528383255,23.849165999990873,64.38143400009722,real_npy,0,1
162,/mnt/c/Users/Chirayu/Documents/GitHub/2D-to-3D-image-reconstruction/facescape_224/fsmview_trainset_12_6_jaw_right_24.jpg,0.1216466873884201,0.1326931267976761,0.011046439409255981,8.115882433950901,0.6992009878158569,0.45315665006637573,0.45315665006637573,22.09850799999913,23.081899000089834,real_npy,0,1
163,/mnt/c/Users/Chirayu/Documents/GitHub/2D-to-3D-image-reconstruction/facescape_224/fsmview_trainset_6_14_sadness_44.jpg,0.1696043312549591,0.15393608808517456,-0.015668243169784546,7.359578102827072,0.6955713629722595,0.4048716127872467,0.4048716127872467,20.514863000016703,22.429200000033234,real_npy,0,1
164,/mnt/c/Users/Chirayu/Documents/GitHub/2D-to-3D-image-reconstruction/facescape_224/fsmview_trainset_8_1_neutral_47.jpg,0.038756780326366425,0.038672469556331635,-8.431077003479004e-05,7.911582071334124,0.6595379710197449,0.3082064688205719,0.3082064688205719,67.03127300011147,61.00557399986428,real_npy,0,1
165,/mnt/c/Users/Chirayu/Documents/GitHub/2D-to-3D-image-reconstruction/facescape_224/fsmview_trainset_13_5_jaw_left_39.jpg,0.2929536700248718,0.30826887488365173,0.015315204858779907,7.851110264658928,0.6872432231903076,0.3057522773742676,0.3057522773742676,23.51150599997709,22.13100099993426,real_npy,0,1
166,/mnt/c/Users/Chirayu/Documents/GitHub/2D-to-3D-image-reconstruction/facescape_224/fsmview_trainset_18_15_lip_roll_32.jpg,0.034498024731874466,12.215678215026855,12.181180190294981,71.23718068003654,12.918116569519043,0.4282306432723999,0.4282306432723999,20.649427000080323,19.64540600010878,real_npy,1,1
167,/mnt/c/Users/Chirayu/Documents/GitHub/2D-to-3D-image-reconstruction/facescape_224/fsmview_trainset_9_11_chin_raiser_20.jpg,0.0815981924533844,0.08377622812986374,0.0021780356764793396,9.66743691591546,0.7991662621498108,0.38894668221473694,0.38894668221473694,31.05298699983905,23.005528000112463,real_npy,0,1
168,/mnt/c/Users/Chirayu/Documents/GitHub/2D-to-3D-image-reconstruction/facescape_224/fsmview_trainset_15_7_jaw_forward_41.jpg,0.30345889925956726,0.320054829120636,0.016595929861068726,7.985220342874527,0.681319534778595,0.5076743364334106,0.5076743364334106,23.237179000034303,20.10651599994162,real_npy,0,1
169,/mnt/c/Users/Chirayu/Documents/GitHub/2D-to-3D-image-reconstruction/facescape_224/fsmview_trainset_17_1_neutral_56.jpg,0.06996065378189087,0.07858554273843765,0.008624888956546783,8.914158210158348,0.7472570538520813,0.41640201210975647,0.41640201210975647,23.16669899983026,32.03695499996684,real_npy,0,1
170,/mnt/c/Users/Chirayu/Documents/GitHub/2D-to-3D-image-reconstruction/facescape_224/fsmview_trainset_12_16_grin_55.jpg,0.03842954337596893,0.043847501277923584,0.005417957901954651,8.53798532485962,0.754723310470581,0.3993988335132599,0.3993988335132599,20.82873299991661,20.65475100016556,real_npy,0,1
171,/mnt/c/Users/Chirayu/Documents/GitHub/2D-to-3D-image-reconstruction/facescape_224/fsmview_trainset_18_20_brow_lower_21.jpg,0.04189847782254219,0.043119877576828,0.0012213997542858124,8.033681783825159,0.6529020667076111,0.36455392837524414,0.36455392837524414,23.646688000098948,22.222103000103743,real_npy,0,1
172,/mnt/c/Users/Chirayu/Documents/GitHub/2D-to-3D-image-reconstruction/facescape_224/fsmview_trainset_5_5_jaw_left_40.jpg,0.15941067039966583,0.16343630850315094,0.004025638103485107,7.640828050673008,0.6807652711868286,0.4378482401371002,0.4378482401371002,20.951594000052864,43.09488100011549,real_npy,0,1
173,/mnt/c/Users/Chirayu/Documents/GitHub/2D-to-3D-image-reconstruction/facescape_224/fsmview_trainset_1_19_brow_raiser_52.jpg,0.0365721620619297,0.03635725378990173,-0.00021490827202796936,8.21838618721813,0.6904565691947937,0.3034045100212097,0.3034045100212097,29.69017200007329,20.573142000102962,real_npy,0,1
174,/mnt/c/Users/Chirayu/Documents/GitHub/2D-to-3D-image-reconstruction/facescape_224/fsmview_trainset_16_5_jaw_left_3.jpg,0.06425520032644272,0.06678968667984009,0.0025344863533973694,7.8892547860741615,0.7425374388694763,0.39737433195114136,0.39737433195114136,87.87986100014678,64.22078100013096,real_npy,0,1
175,/mnt/c/Users/Chirayu/Documents/GitHub/2D-to-3D-image-reconstruction/facescape_224/fsmview_trainset_19_5_jaw_left_1.jpg,0.04252246394753456,0.04252279922366142,3.3527612686157227e-07,8.275739133358002,0.6993387937545776,0.23397429287433624,0.23397429287433624,45.53538599998319,21.143185000028097,real_npy,0,1
176,/mnt/c/Users/Chirayu/Documents/GitHub/2D-to-3D-image-reconstruction/facescape_224/fsmview_trainset_14_7_jaw_forward_22.jpg,0.033725205808877945,0.03412138298153877,0.00039617717266082764,6.868438800796866,0.6193466186523438,0.4333280026912689,0.4333280026912689,23.609286999999313,20.795071000065946,real_npy,0,1
177,/mnt/c/Users/Chirayu/Documents/GitHub/2D-to-3D-image-reconstruction/facescape_224/fsmview_trainset_14_8_mouth_left_58.jpg,0.053940802812576294,0.05417817458510399,0.0002373717725276947,8.178218930959702,0.7445437908172607,0.35005784034729004,0.35005784034729004,21.077370999819323,74.93438899996363,real_npy,0,1
178,/mnt/c/Users/Chirayu/Documents/GitHub/2D-to-3D-image-reconstruction/facescape_224/fsmview_trainset_19_13_lip_funneler_4.jpg,0.09503542631864548,0.1042054295539856,0.009170003235340118,8.390681963413954,0.7214260101318359,0.21039991080760956,0.21039991080760956,22.39416399993388,21.9871649999277,real_npy,0,1
179,/mnt/c/Users/Chirayu/Documents/GitHub/2D-to-3D-image-reconstruction/facescape_224/fsmview_trainset_14_2_smile_10.jpg,0.08607693761587143,0.08192981034517288,-0.004147127270698547,8.036240473389626,0.6706547141075134,0.606490433216095,0.606490433216095,26.60795700012386,29.70391799999561,real_npy,0,1
180,/mnt/c/Users/Chirayu/Documents/GitHub/2D-to-3D-image-reconstruction/facescape_224/fsmview_trainset_5_5_jaw_left_16.jpg,0.03447271138429642,0.03955093398690224,0.00507822260260582,8.152103297412395,0.6789393424987793,0.31592002511024475,0.31592002511024475,72.47383000003538,24.479941999970833,real_npy,0,1
181,/mnt/c/Users/Chirayu/Documents/GitHub/2D-to-3D-image-reconstruction/facescape_224/fsmview_trainset_13_4_anger_6.jpg,0.14434470236301422,0.13085901737213135,-0.013485684990882874,8.316391490399837,0.6841446757316589,0.46374231576919556,0.46374231576919556,59.357799000054,28.481265000209532,real_npy,0,1
182,/mnt/c/Users/Chirayu/Documents/GitHub/2D-to-3D-image-reconstruction/facescape_224/fsmview_trainset_11_2_smile_48.jpg,0.8801767826080322,0.6309999823570251,-0.24917680025100708,7.225846596062183,0.6774188280105591,0.5795509219169617,0.5795509219169617,76.32689599995501,20.808772999998837,real_npy,0,1
183,/mnt/c/Users/Chirayu/Documents/GitHub/2D-to-3D-image-reconstruction/facescape_224/fsmview_trainset_9_4_anger_35.jpg,0.055351994931697845,0.05260348320007324,-0.0027485117316246033,8.176769696176052,0.6327087879180908,0.388292521238327,0.388292521238327,38.34799399987787,22.14128199989318,real_npy,0,1
184,/mnt/c/Users/Chirayu/Documents/GitHub/2D-to-3D-image-reconstruction/facescape_224/fsmview_trainset_3_12_lip_puckerer_1.jpg,0.08086008578538895,0.0789276733994484,-0.0019324123859405518,8.511778935790062,0.7145576477050781,0.4295082688331604,0.4295082688331604,21.31648999989011,21.245014999976775,real_npy,0,1
185,/mnt/c/Users/Chirayu/Documents/GitHub/2D-to-3D-image-reconstruction/facescape_224/fsmview_trainset_13_7_jaw_forward_55.jpg,0.04865717142820358,0.05391242727637291,0.005255255848169327,8.6063741305843,0.7464241981506348,0.35551226139068604,0.35551226139068604,21.914051000067047,58.98657300008381,real_npy,0,1
186,/mnt/c/Users/Chirayu/Documents/GitHub/2D-to-3D-image-reconstruction/facescape_224/fsmview_trainset_15_19_brow_raiser_12.jpg,0.08261198550462723,0.16521626710891724,0.08260428160429001,7.653993174433708,0.701887309551239,0.6005553603172302,0.6005553603172302,20.647576999863304,56.81283399985659,real_npy,0,1
187,/mnt/c/Users/Chirayu/Documents/GitHub/2D-to-3D-image-reconstruction/facescape_224/fsmview_trainset_7_8_mouth_left_26.jpg,0.04368807375431061,0.047471873462200165,0.003783799707889557,8.123644854873419,0.660057783126831,0.35146886110305786,0.35146886110305786,21.024248000003354,21.241199000087363,real_npy,0,1
188,/mnt/c/Users/Chirayu/Documents/GitHub/2D-to-3D-image-reconstruction/facescape_224/fsmview_trainset_6_5_jaw_left_35.jpg,0.035713162273168564,0.03761615604162216,0.001902993768453598,8.049839552491903,0.6570132970809937,0.3788807988166809,0.3788807988166809,20.93759600006706,20.802756000193767,real_npy,0,1
189,/mnt/c/Users/Chirayu/Documents/GitHub/2D-to-3D-image-reconstruction/facescape_224/fsmview_trainset_13_7_jaw_forward_34.jpg,0.8457587957382202,0.8045163750648499,-0.04124242067337036,6.670803248882294,0.6612836122512817,0.355803906917572,0.355803906917572,22.64170900002682,20.784849999927246,real_npy,0,1
190,/mnt/c/Users/Chirayu/Documents/GitHub/2D-to-3D-image-reconstruction/facescape_224/fsmview_trainset_1_18_eye_closed_55.jpg,0.046627700328826904,0.04915628582239151,0.0025285854935646057,8.138981241732836,0.7404143810272217,0.3233789801597595,0.3233789801597595,22.585983999988457,20.24974799996926,real_npy,0,1
191,/mnt/c/Users/Chirayu/Documents/GitHub/2D-to-3D-image-reconstruction/facescape_224/fsmview_trainset_5_4_anger_40.jpg,0.14158177375793457,0.14629854261875153,0.004716768860816956,7.9665729738771915,0.7326263189315796,0.4678478538990021,0.4678478538990021,20.954195000058462,23.102751999886095,real_npy,0,1
192,/mnt/c/Users/Chirayu/Documents/GitHub/2D-to-3D-image-reconstruction/facescape_224/fsmview_trainset_4_12_lip_puckerer_52.jpg,0.21285228431224823,0.1990596204996109,-0.013792663812637329,6.510902360081673,0.6498918533325195,0.36544090509414673,0.36544090509414673,52.87322599997424,21.637681000129305,real_npy,0,1
193,/mnt/c/Users/Chirayu/Documents/GitHub/2D-to-3D-image-reconstruction/facescape_224/fsmview_trainset_3_2_smile_9.jpg,0.05126252770423889,0.3001379370689392,0.24887540936470032,12.48639402538538,1.0780822038650513,0.3849935829639435,0.3849935829639435,43.256861999907414,27.050895999991553,real_npy,0,1
194,/mnt/c/Users/Chirayu/Documents/GitHub/2D-to-3D-image-reconstruction/facescape_224/fsmview_trainset_12_13_lip_funneler_49.jpg,0.05795922875404358,0.05575593188405037,-0.00220329686999321,7.970254495739937,0.69687420129776,0.4671745002269745,0.4671745002269745,72.83753899992007,21.433229999956893,real_npy,0,1
195,/mnt/c/Users/Chirayu/Documents/GitHub/2D-to-3D-image-reconstruction/facescape_224/fsmview_trainset_19_20_brow_lower_36.jpg,0.06213613227009773,0.055814988911151886,-0.0063211433589458466,8.748326312750578,0.6996819376945496,0.3613568842411041,0.3613568842411041,20.480024999869784,24.871962000133863,real_npy,0,1
196,/mnt/c/Users/Chirayu/Documents/GitHub/2D-to-3D-image-reconstruction/facescape_224/fsmview_trainset_13_5_jaw_left_43.jpg,0.10613323003053665,0.10219673812389374,-0.003936491906642914,8.256259426474571,0.697131335735321,0.40942302346229553,0.40942302346229553,49.93879300013759,35.7363709999845,real_npy,0,1
197,/mnt/c/Users/Chirayu/Documents/GitHub/2D-to-3D-image-reconstruction/facescape_224/fsmview_trainset_12_13_lip_funneler_34.jpg,0.22930292785167694,0.2617456316947937,0.03244270384311676,7.2032274678349495,0.6293532848358154,0.4897729754447937,0.4897729754447937,51.41449300003842,22.602261999963957,real_npy,0,1
198,/mnt/c/Users/Chirayu/Documents/GitHub/2D-to-3D-image-reconstruction/facescape_224/fsmview_trainset_7_1_neutral_25.jpg,0.03702281415462494,0.03835706412792206,0.0013342499732971191,7.825780287384987,0.6642207503318787,0.36237916350364685,0.36237916350364685,21.108513999934075,21.106723999992028,real_npy,0,1
199,/mnt/c/Users/Chirayu/Documents/GitHub/2D-to-3D-image-reconstruction/facescape_224/fsmview_trainset_2_17_cheek_blowing_35.jpg,0.08974677324295044,0.08870097249746323,-0.0010458007454872131,8.496824759989977,0.6859013438224792,0.43438899517059326,0.43438899517059326,21.114224000029935,30.99689399982708,real_npy,0,1
200,/mnt/c/Users/Chirayu/Documents/GitHub/2D-to-3D-image-reconstruction/facescape_224/fsmview_trainset_9_10_dimpler_20.jpg,0.04735707491636276,0.046783361583948135,-0.0005737133324146271,8.898911533877254,0.723969042301178,0.37213006615638733,0.37213006615638733,21.83696800011603,22.509497000100964,real_npy,0,1
201,/mnt/c/Users/Chirayu/Documents/GitHub/2D-to-3D-image-reconstruction/facescape_224/fsmview_trainset_5_9_mouth_right_55.jpg,0.6223853826522827,0.6867948174476624,0.06440943479537964,8.433587402105331,0.7210812568664551,0.4256982207298279,0.4256982207298279,21.201635000124952,86.81195200006186,real_npy,0,1
202,/mnt/c/Users/Chirayu/Documents/GitHub/2D-to-3D-image-reconstruction/facescape_224/fsmview_trainset_4_1_neutral_42.jpg,0.06992841511964798,0.07273662835359573,0.002808213233947754,7.72864269092679,0.6916216611862183,0.373017281293869,0.373017281293869,21.716809000054127,21.859409999933632,real_npy,0,1
203,/mnt/c/Users/Chirayu/Documents/GitHub/2D-to-3D-image-reconstruction/facescape_224/fsmview_trainset_8_6_jaw_right_27.jpg,0.06815426796674728,0.06662008166313171,-0.00153418630361557,7.473562657833099,0.6966830492019653,0.34254953265190125,0.34254953265190125,38.01470500002324,23.083266999947227,real_npy,0,1
204,/mnt/c/Users/Chirayu/Documents/GitHub/2D-to-3D-image-reconstruction/facescape_224/fsmview_trainset_9_1_neutral_5.jpg,0.03910766541957855,1.9038974046707153,1.8647897392511368,29.856045424938202,3.197070360183716,0.3614563047885895,0.3614563047885895,22.629817000051844,27.032401000042228,real_npy,0,1
205,/mnt/c/Users/Chirayu/Documents/GitHub/2D-to-3D-image-reconstruction/facescape_224/fsmview_trainset_11_8_mouth_left_40.jpg,0.09791796654462814,0.12003161013126373,0.02211364358663559,8.732510898262262,0.7543371915817261,0.596910297870636,0.596910297870636,22.240753000005498,27.98229099994387,real_npy,0,1
206,/mnt/c/Users/Chirayu/Documents/GitHub/2D-to-3D-image-reconstruction/facescape_224/fsmview_trainset_12_20_brow_lower_43.jpg,0.04729515686631203,0.04545589163899422,-0.00183926522731781,8.913382908329368,0.7047325372695923,0.48728713393211365,0.48728713393211365,69.92937500012886,20.896322999988115,real_npy,0,1
207,/mnt/c/Users/Chirayu/Documents/GitHub/2D-to-3D-image-reconstruction/facescape_224/fsmview_trainset_13_8_mouth_left_24.jpg,0.5192771553993225,0.474173367023468,-0.04510378837585449,6.63299897685647,0.6004266738891602,0.5096208453178406,0.5096208453178406,21.91530700019939,21.880758999941463,real_npy,0,1
208,/mnt/c/Users/Chirayu/Documents/GitHub/2D-to-3D-image-reconstruction/facescape_224/fsmview_trainset_6_5_jaw_left_46.jpg,0.1268731951713562,0.11308929324150085,-0.013783901929855347,8.916231632232666,0.7688570618629456,0.4375445246696472,0.4375445246696472,60.82289999994828,39.35109300005024,real_npy,0,1
209,/mnt/c/Users/Chirayu/Documents/GitHub/2D-to-3D-image-reconstruction/facescape_224/fsmview_trainset_9_18_eye_closed_11.jpg,0.25525182485580444,0.2674248516559601,0.01217302680015564,7.085656531155109,0.6675570607185364,0.606285035610199,0.606285035610199,62.93522800001483,22.95097100000021,real_npy,0,1
210,/mnt/c/Users/Chirayu/Documents/GitHub/2D-to-3D-image-reconstruction/facescape_224/fsmview_trainset_20_13_lip_funneler_65.jpg,0.05231752246618271,0.05228979140520096,-2.7731060981750488e-05,8.88324671331793,0.7755894064903259,0.4414450228214264,0.4414450228214264,76.23651400012932,28.67659100002129,real_npy,0,1
211,/mnt/c/Users/Chirayu/Documents/GitHub/2D-to-3D-image-reconstruction/facescape_224/fsmview_trainset_7_18_eye_closed_40.jpg,0.15224584937095642,0.18270190060138702,0.030456051230430603,6.968620039522648,0.6369823217391968,0.35108840465545654,0.35108840465545654,20.428180999942924,21.175623999852178,real_npy,0,1
212,/mnt/c/Users/Chirayu/Documents/GitHub/2D-to-3D-image-reconstruction/facescape_224/fsmview_trainset_6_7_jaw_forward_19.jpg,0.04459718242287636,0.047131311148405075,0.002534128725528717,8.594481483567506,0.7084622979164124,0.3216087520122528,0.3216087520122528,20.10332500003642,20.572603999880812,real_npy,0,1
213,/mnt/c/Users/Chirayu/Documents/GitHub/2D-to-3D-image-reconstruction/facescape_224/fsmview_trainset_9_14_sadness_43.jpg,0.8570553064346313,0.8074356317520142,-0.04961967468261719,7.594180544838309,0.6804390549659729,0.37954676151275635,0.37954676151275635,21.752800000058414,47.328171000117436,real_npy,0,1
214,/mnt/c/Users/Chirayu/Documents/GitHub/2D-to-3D-image-reconstruction/facescape_224/fsmview_trainset_10_5_jaw_left_45.jpg,0.0943569466471672,0.0964350551366806,0.002078108489513397,8.953709770925343,0.7777460813522339,0.3801308274269104,0.3801308274269104,26.27323100000467,23.396499000000404,real_npy,0,1
215,/mnt/c/Users/Chirayu/Documents/GitHub/2D-to-3D-image-reconstruction/facescape_224/fsmview_trainset_5_10_dimpler_12.jpg,0.4080476760864258,1.5250715017318726,1.1170238256454468,26.9345197211951,2.639904737472534,0.2794714570045471,0.2794714570045471,32.916451000119196,26.645766999990883,real_npy,0,1
216,/mnt/c/Users/Chirayu/Documents/GitHub/2D-to-3D-image-reconstruction/facescape_224/fsmview_trainset_9_2_smile_2.jpg,0.06634128838777542,0.08250434696674347,0.016163058578968048,7.966198042035103,0.7038993239402771,0.3786717653274536,0.3786717653274536,22.95339299985244,19.49865000005957,real_npy,0,1
217,/mnt/c/Users/Chirayu/Documents/GitHub/2D-to-3D-image-reconstruction/facescape_224/fsmview_trainset_14_13_lip_funneler_49.jpg,0.07985369116067886,0.08458871394395828,0.004735022783279419,8.42438917607069,0.7266378998756409,0.5448146462440491,0.5448146462440491,81.65519499993934,29.78046000021095,real_npy,0,1
218,/mnt/c/Users/Chirayu/Documents/GitHub/2D-to-3D-image-reconstruction/facescape_224/fsmview_trainset_16_10_dimpler_24.jpg,0.0350278839468956,0.037149906158447266,0.0021220222115516663,8.450774954166263,0.7076828479766846,0.3644515573978424,0.3644515573978424,37.816661000078966,101.43946200014398,real_npy,0,1
219,/mnt/c/Users/Chirayu/Documents/GitHub/2D-to-3D-image-reconstruction/facescape_224/fsmview_trainset_9_19_brow_raiser_32.jpg,0.23297464847564697,0.16121208667755127,-0.0717625617980957,7.362954959273338,0.6472733020782471,0.47047215700149536,0.47047215700149536,41.81930200002171,20.307645000002594,real_npy,0,1
220,/mnt/c/Users/Chirayu/Documents/GitHub/2D-to-3D-image-reconstruction/facescape_224/fsmview_trainset_9_17_cheek_blowing_3.jpg,0.04887280613183975,0.05193207040429115,0.0030592642724514008,7.248177628964186,0.5994464159011841,0.3503273129463196,0.3503273129463196,21.005414999990535,21.31405000000086,real_npy,0,1
221,/mnt/c/Users/Chirayu/Documents/GitHub/2D-to-3D-image-reconstruction/facescape_224/fsmview_trainset_5_19_brow_raiser_23.jpg,0.029432622715830803,0.07079879194498062,0.04136616922914982,7.571074981242418,0.7191072702407837,0.3420640826225281,0.3420640826225281,22.546699000031367,22.859792999952333,real_npy,0,1
222,/mnt/c/Users/Chirayu/Documents/GitHub/2D-to-3D-image-reconstruction/facescape_224/fsmview_trainset_1_9_mouth_right_43.jpg,0.03371954709291458,0.03271355479955673,-0.0010059922933578491,7.688904568552971,0.6575640439987183,0.2822452783584595,0.2822452783584595,21.29646599996704,19.847850000132894,real_npy,0,1
223,/mnt/c/Users/Chirayu/Documents/GitHub/2D-to-3D-image-reconstruction/facescape_224/fsmview_trainset_15_14_sadness_29.jpg,0.2667752206325531,0.3312995731830597,0.06452435255050659,7.6713437139987946,0.6419097781181335,0.4045591354370117,0.4045591354370117,36.103473000139275,22.04396899992389,real_npy,0,1
224,/mnt/c/Users/Chirayu/Documents/GitHub/2D-to-3D-image-reconstruction/facescape_224/fsmview_trainset_14_4_anger_45.jpg,0.10885384678840637,0.11611064523458481,0.007256798446178436,8.7838124781847,0.693454384803772,0.590469241142273,0.590469241142273,69.32371399989279,21.22436399986327,real_npy,0,1
225,/mnt/c/Users/Chirayu/Documents/GitHub/2D-to-3D-image-reconstruction/facescape_224/fsmview_trainset_19_11_chin_raiser_1.jpg,0.03697142377495766,0.03652477636933327,-0.00044664740562438965,8.139526966959238,0.6678306460380554,0.2347998321056366,0.2347998321056366,21.676430000070468,23.131343000159177,real_npy,0,1
226,/mnt/c/Users/Chirayu/Documents/GitHub/2D-to-3D-image-reconstruction/facescape_224/fsmview_trainset_18_5_jaw_left_10.jpg,0.030533643439412117,0.03447163850069046,0.003937995061278343,7.976979471743107,0.6790730953216553,0.3249754011631012,0.3249754011631012,22.66110400000798,21.5836689999378,real_npy,0,1
227,/mnt/c/Users/Chirayu/Documents/GitHub/2D-to-3D-image-reconstruction/facescape_224/fsmview_trainset_6_19_brow_raiser_8.jpg,0.04367433488368988,0.04651530459523201,0.0028409697115421295,8.063468040898442,0.6790823936462402,0.3417123258113861,0.3417123258113861,37.47599300004367,21.522478999941086,real_npy,0,1
228,/mnt/c/Users/Chirayu/Documents/GitHub/2D-to-3D-image-reconstruction/facescape_224/fsmview_trainset_6_4_anger_45.jpg,0.1687910556793213,0.15568268299102783,-0.013108372688293457,7.88857701420784,0.743522047996521,0.40034064650535583,0.40034064650535583,21.188184000038746,21.351687999867863,real_npy,0,1
229,/mnt/c/Users/Chirayu/Documents/GitHub/2D-to-3D-image-reconstruction/facescape_224/fsmview_trainset_11_8_mouth_left_14.jpg,0.08557049185037613,0.10903271287679672,0.023462221026420593,8.173060223460197,0.6955371499061584,0.5510371327400208,0.5510371327400208,92.55426500021713,45.519800999954896,real_npy,0,1
230,/mnt/c/Users/Chirayu/Documents/GitHub/2D-to-3D-image-reconstruction/facescape_224/fsmview_trainset_1_1_neutral_48.jpg,0.04117400571703911,0.04200711101293564,0.0008331052958965302,7.98606364428997,0.6616119742393494,0.3976896107196808,0.3976896107196808,42.678738999939014,35.74130199990577,real_npy,0,1
231,/mnt/c/Users/Chirayu/Documents/GitHub/2D-to-3D-image-reconstruction/facescape_224/fsmview_trainset_19_3_mouth_stretch_15.jpg,0.8687973022460938,0.8534623384475708,-0.01533496379852295,6.764619771391153,0.5881524085998535,0.4361310601234436,0.4361310601234436,30.179044000078648,20.365084999866667,real_npy,0,1
232,/mnt/c/Users/Chirayu/Documents/GitHub/2D-to-3D-image-reconstruction/facescape_224/fsmview_trainset_12_2_smile_41.jpg,0.057380449026823044,0.06761670112609863,0.010236252099275589,9.21660562325269,0.7695518732070923,0.4549639821052551,0.4549639821052551,21.669691999932184,20.524148000049536,real_npy,0,1
233,/mnt/c/Users/Chirayu/Documents/GitHub/2D-to-3D-image-reconstruction/facescape_224/fsmview_trainset_3_19_brow_raiser_6.jpg,0.05041291564702988,0.039736032485961914,-0.010676883161067963,8.469188943505287,0.718664288520813,0.32586419582366943,0.32586419582366943,41.21232600004987,20.280288999856566,real_npy,0,1
234,/mnt/c/Users/Chirayu/Documents/GitHub/2D-to-3D-image-reconstruction/facescape_224/fsmview_trainset_15_13_lip_funneler_36.jpg,0.07858898490667343,0.09852461516857147,0.01993563026189804,9.215060049667954,0.7980764508247375,0.5494956374168396,0.5494956374168396,34.733026000139944,28.34858799997164,real_npy,0,1
235,/mnt/c/Users/Chirayu/Documents/GitHub/2D-to-3D-image-reconstruction/facescape_224/fsmview_trainset_3_4_anger_24.jpg,0.047739338129758835,0.04803723469376564,0.0002978965640068054,8.73793610278517,0.7248733043670654,0.44569551944732666,0.44569551944732666,22.157119999974384,22.53931600012038,real_npy,0,1
236,/mnt/c/Users/Chirayu/Documents/GitHub/2D-to-3D-image-reconstruction/facescape_224/fsmview_trainset_12_13_lip_funneler_45.jpg,0.04942573979496956,0.04885796085000038,-0.0005677789449691772,8.72635417431593,0.7341684103012085,0.37994521856307983,0.37994521856307983,99.63270199978069,21.88979599986851,real_npy,0,1
237,/mnt/c/Users/Chirayu/Documents/GitHub/2D-to-3D-image-reconstruction/facescape_224/fsmview_trainset_14_11_chin_raiser_62.jpg,0.3821412920951843,0.37620028853416443,-0.0059410035610198975,7.559320267289877,0.6296439170837402,0.5090100765228271,0.5090100765228271,69.69006600002103,20.715254999913668,real_npy,0,1
238,/mnt/c/Users/Chirayu/Documents/GitHub/2D-to-3D-image-reconstruction/facescape_224/fsmview_trainset_13_4_anger_10.jpg,0.04333813861012459,0.043407175689935684,6.903707981109619e-05,8.770400216802955,0.7317200899124146,0.4189307391643524,0.4189307391643524,20.131443999844123,22.656371000039144,real_npy,0,1
239,/mnt/c/Users/Chirayu/Documents/GitHub/2D-to-3D-image-reconstruction/facescape_224/fsmview_trainset_15_9_mouth_right_61.jpg,0.25994569063186646,0.2933924198150635,0.03344672918319702,8.010734364390373,0.6680833101272583,0.4677474796772003,0.4677474796772003,50.63707600015732,22.313470999961282,real_npy,0,1
240,/mnt/c/Users/Chirayu/Documents/GitHub/2D-to-3D-image-reconstruction/facescape_224/fsmview_trainset_4_8_mouth_left_25.jpg,0.05718835070729256,0.05619435012340546,-0.0009940005838871002,7.870198473334312,0.6919234991073608,0.3869987428188324,0.3869987428188324,20.19008699994629,24.309409000125015,real_npy,0,1
241,/mnt/c/Users/Chirayu/Documents/GitHub/2D-to-3D-image-reconstruction/facescape_224/fsmview_trainset_18_2_smile_18.jpg,0.30351847410202026,0.28646448254585266,-0.017053991556167603,6.944637279957533,0.6458757519721985,0.5312390327453613,0.5312390327453613,21.039080999798898,56.28934899982596,real_npy,0,1
242,/mnt/c/Users/Chirayu/Documents/GitHub/2D-to-3D-image-reconstruction/facescape_224/fsmview_trainset_16_18_eye_closed_45.jpg,0.10422904044389725,0.11020667105913162,0.005977630615234375,8.624169509857893,0.7111210227012634,0.42259714007377625,0.42259714007377625,31.71158899999682,22.624004000135756,real_npy,0,1
243,/mnt/c/Users/Chirayu/Documents/GitHub/2D-to-3D-image-reconstruction/facescape_224/fsmview_trainset_3_1_neutral_40.jpg,0.1492682695388794,0.16403086483478546,0.014762595295906067,7.461226977407932,0.6676484942436218,0.4673062264919281,0.4673062264919281,21.36725800005479,21.71645300018099,real_npy,0,1
244,/mnt/c/Users/Chirayu/Documents/GitHub/2D-to-3D-image-reconstruction/facescape_224/fsmview_trainset_17_6_jaw_right_50.jpg,0.5582271218299866,0.5255643129348755,-0.032662808895111084,7.99393367767334,0.6709624528884888,0.4746691584587097,0.4746691584587097,30.643446000112817,19.791594000025725,real_npy,0,1
245,/mnt/c/Users/Chirayu/Documents/GitHub/2D-to-3D-image-reconstruction/facescape_224/fsmview_trainset_17_7_jaw_forward_44.jpg,0.11434092372655869,0.11137641966342926,-0.002964504063129425,7.863253638148308,0.639333188533783,0.4460009038448334,0.4460009038448334,20.822740999847156,32.3257200000171,real_npy,0,1
246,/mnt/c/Users/Chirayu/Documents/GitHub/2D-to-3D-image-reconstruction/facescape_224/fsmview_trainset_13_20_brow_lower_14.jpg,0.04633630812168121,0.05386129766702652,0.007524989545345306,7.922652557492256,0.6428772807121277,0.4419771432876587,0.4419771432876587,21.912038999971628,21.774442999912935,real_npy,0,1
247,/mnt/c/Users/Chirayu/Documents/GitHub/2D-to-3D-image-reconstruction/facescape_224/fsmview_trainset_7_11_chin_raiser_53.jpg,0.05918741226196289,0.05606258660554886,-0.003124825656414032,7.860739193856716,0.6802621483802795,0.5026848912239075,0.5026848912239075,24.875312999938615,22.508170999799404,real_npy,0,1
248,/mnt/c/Users/Chirayu/Documents/GitHub/2D-to-3D-image-reconstruction/facescape_224/fsmview_trainset_20_4_anger_1.jpg,0.6962882876396179,0.7040152549743652,0.0077269673347473145,5.845779176801443,0.6057320833206177,0.4460088312625885,0.4460088312625885,32.0773220000774,20.4696530001911,real_npy,0,0
249,/mnt/c/Users/Chirayu/Documents/GitHub/2D-to-3D-image-reconstruction/facescape_224/fsmview_trainset_5_4_anger_58.jpg,0.642178475856781,0.745954155921936,0.10377568006515503,7.126524791121483,0.603848934173584,0.49486222863197327,0.49486222863197327,60.911673999953564,22.89433500004634,real_npy,0,1
250,/mnt/c/Users/Chirayu/Documents/GitHub/2D-to-3D-image-reconstruction/facescape_224/fsmview_trainset_5_13_lip_funneler_20.jpg,0.034146640449762344,0.0371973030269146,0.003050662577152252,7.519701838493347,0.6238221526145935,0.304169237613678,0.304169237613678,21.90863900000295,21.662658999957785,real_npy,0,1
251,/mnt/c/Users/Chirayu/Documents/GitHub/2D-to-3D-image-reconstruction/facescape_224/fsmview_trainset_15_20_brow_lower_36.jpg,0.045696258544921875,0.04239931330084801,-0.003296945244073868,8.877354890108109,0.7375974059104919,0.561180591583252,0.561180591583252,21.246706999818343,20.146948000046905,real_npy,0,1
252,/mnt/c/Users/Chirayu/Documents/GitHub/2D-to-3D-image-reconstruction/facescape_224/fsmview_trainset_10_5_jaw_left_34.jpg,0.03997998312115669,0.039921585470438004,-5.8397650718688965e-05,7.812330925837159,0.6859169006347656,0.3362162411212921,0.3362162411212921,20.926845999838406,20.38493700001709,real_npy,0,1
253,/mnt/c/Users/Chirayu/Documents/GitHub/2D-to-3D-image-reconstruction/facescape_224/fsmview_trainset_9_11_chin_raiser_15.jpg,0.060360152274370193,0.07353466004133224,0.013174507766962051,9.157413590699434,0.7626110911369324,0.37552329897880554,0.37552329897880554,27.726491000066744,21.410988000070574,real_npy,0,1
254,/mnt/c/Users/Chirayu/Documents/GitHub/2D-to-3D-image-reconstruction/facescape_224/fsmview_trainset_17_1_neutral_20.jpg,0.07787542045116425,0.08002372086048126,0.0021483004093170166,9.331658862531185,0.7646605372428894,0.3577939569950104,0.3577939569950104,58.702021000044624,19.81698199983839,real_npy,0,1
255,/mnt/c/Users/Chirayu/Documents/GitHub/2D-to-3D-image-reconstruction/facescape_224/fsmview_trainset_18_18_eye_closed_11.jpg,0.10095804184675217,0.09117457270622253,-0.009783469140529633,8.071790985763073,0.7171701192855835,0.43073517084121704,0.43073517084121704,41.60447300000669,52.792697000086264,real_npy,0,1
256,/mnt/c/Users/Chirayu/Documents/GitHub/2D-to-3D-image-reconstruction/facescape_224/fsmview_trainset_19_19_brow_raiser_55.jpg,0.28942230343818665,0.31495872139930725,0.025536417961120605,7.514776606112719,0.6729820966720581,0.27586010098457336,0.27586010098457336,70.03743800009943,67.09885099985513,real_npy,0,1
257,/mnt/c/Users/Chirayu/Documents/GitHub/2D-to-3D-image-reconstruction/facescape_224/fsmview_trainset_2_10_dimpler_24.jpg,0.06222684308886528,0.06464464217424393,0.002417799085378647,9.572626157663763,0.7638567090034485,0.48760461807250977,0.48760461807250977,89.39983200002644,22.136750000072425,real_npy,0,1
258,/mnt/c/Users/Chirayu/Documents/GitHub/2D-to-3D-image-reconstruction/facescape_224/fsmview_trainset_20_12_lip_puckerer_6.jpg,0.30316415429115295,0.3519447147846222,0.04878056049346924,6.622464999556541,0.6909393072128296,0.5800445079803467,0.5800445079803467,22.07782000004954,24.276251999935994,real_npy,0,1
259,/mnt/c/Users/Chirayu/Documents/GitHub/2D-to-3D-image-reconstruction/facescape_224/fsmview_trainset_6_12_lip_puckerer_20.jpg,0.05719656124711037,0.06047360226511955,0.003277041018009186,8.939315846189857,0.7547146677970886,0.380533903837204,0.380533903837204,27.02158299985058,28.29130800000712,real_npy,0,1
260,/mnt/c/Users/Chirayu/Documents/GitHub/2D-to-3D-image-reconstruction/facescape_224/fsmview_trainset_14_13_lip_funneler_10.jpg,0.08640985190868378,0.08589058369398117,-0.0005192682147026062,8.025540344417095,0.7255816459655762,0.621976375579834,0.621976375579834,22.809531999882893,32.98097099991537,real_npy,0,1
261,/mnt/c/Users/Chirayu/Documents/GitHub/2D-to-3D-image-reconstruction/facescape_224/fsmview_trainset_7_19_brow_raiser_42.jpg,0.16475993394851685,0.15002819895744324,-0.014731734991073608,6.131878077983856,0.5799144506454468,0.4810997545719147,0.4810997545719147,19.788647000041237,20.904484000084267,real_npy,0,0
262,/mnt/c/Users/Chirayu/Documents/GitHub/2D-to-3D-image-reconstruction/facescape_224/fsmview_trainset_12_15_lip_roll_40.jpg,0.0788102000951767,0.09572330862283707,0.01691310852766037,8.435974953696132,0.6890398263931274,0.3822232186794281,0.3822232186794281,25.426619999961986,23.46728800011988,real_npy,0,1
263,/mnt/c/Users/Chirayu/Documents/GitHub/2D-to-3D-image-reconstruction/facescape_224/fsmview_trainset_3_19_brow_raiser_2.jpg,0.07342976331710815,0.09434659034013748,0.020916827023029327,8.3787678219378,0.7238478660583496,0.4292225241661072,0.4292225241661072,36.25817499982986,21.41549699990719,real_npy,0,1
264,/mnt/c/Users/Chirayu/Documents/GitHub/2D-to-3D-image-reconstruction/facescape_224/fsmview_trainset_20_15_lip_roll_47.jpg,0.09972984343767166,0.13088509440422058,0.03115525096654892,7.823805894702673,0.7091195583343506,0.6189622282981873,0.6189622282981873,79.09735900011583,24.633130000211167,real_npy,0,1
265,/mnt/c/Users/Chirayu/Documents/GitHub/2D-to-3D-image-reconstruction/facescape_224/fsmview_trainset_20_15_lip_roll_12.jpg,0.06354553252458572,0.15971070528030396,0.09616517275571823,7.008035980165005,0.6540790796279907,0.5712980031967163,0.5712980031967163,53.60686800008807,23.0349749999732,real_npy,0,1
266,/mnt/c/Users/Chirayu/Documents/GitHub/2D-to-3D-image-reconstruction/facescape_224/fsmview_trainset_3_2_smile_8.jpg,0.045280106365680695,0.0405004546046257,-0.004779651761054993,8.043582610785961,0.7021716833114624,0.366894006729126,0.366894006729126,99.95866899998873,19.946880000134115,real_npy,0,1
267,/mnt/c/Users/Chirayu/Documents/GitHub/2D-to-3D-image-reconstruction/facescape_224/fsmview_trainset_14_2_smile_22.jpg,0.04025644809007645,0.040779486298561096,0.0005230382084846497,7.398363124579191,0.6263563632965088,0.39650607109069824,0.39650607109069824,21.16191400000389,22.041229000024032,real_npy,0,1
268,/mnt/c/Users/Chirayu/Documents/GitHub/2D-to-3D-image-reconstruction/facescape_224/fsmview_trainset_10_9_mouth_right_26.jpg,0.13654306530952454,0.1768220216035843,0.04027895629405975,6.624760672450066,0.6247456669807434,0.5905819535255432,0.5905819535255432,20.709149999902365,29.724548000103823,real_npy,0,1
269,/mnt/c/Users/Chirayu/Documents/GitHub/2D-to-3D-image-reconstruction/facescape_224/fsmview_trainset_7_15_lip_roll_28.jpg,0.0641840323805809,0.08025520294904709,0.016071170568466187,8.10690638795495,0.6921792030334473,0.3186362087726593,0.3186362087726593,23.80911700015531,59.436199999936434,real_npy,0,1
270,/mnt/c/Users/Chirayu/Documents/GitHub/2D-to-3D-image-reconstruction/facescape_224/fsmview_trainset_20_20_brow_lower_50.jpg,0.5082826018333435,0.44641050696372986,-0.06187209486961365,6.639374911785126,0.6317592859268188,0.5657190680503845,0.5657190680503845,20.683748000010382,21.0569729999861,template_fallback,0,1
271,/mnt/c/Users/Chirayu/Documents/GitHub/2D-to-3D-image-reconstruction/facescape_224/fsmview_trainset_20_10_dimpler_13.jpg,0.05828024446964264,0.05701485276222229,-0.0012653917074203491,8.427930861711502,0.7225843667984009,0.391445130109787,0.391445130109787,20.45026600012534,19.299212000078114,real_npy,0,1
272,/mnt/c/Users/Chirayu/Documents/GitHub/2D-to-3D-image-reconstruction/facescape_224/fsmview_trainset_20_12_lip_puckerer_36.jpg,0.05109214782714844,0.04711505398154259,-0.00397709384560585,8.403504295274615,0.7147634625434875,0.523152768611908,0.523152768611908,20.284403999994538,21.192963999965286,real_npy,0,1
273,/mnt/c/Users/Chirayu/Documents/GitHub/2D-to-3D-image-reconstruction/facescape_224/fsmview_trainset_17_11_chin_raiser_56.jpg,0.08501876145601273,0.09537217020988464,0.010353408753871918,8.447153933346272,0.7041318416595459,0.3583064079284668,0.3583064079284668,83.16687100000308,20.812116999877617,real_npy,0,1
274,/mnt/c/Users/Chirayu/Documents/GitHub/2D-to-3D-image-reconstruction/facescape_224/fsmview_trainset_11_9_mouth_right_34.jpg,0.04724454879760742,0.04701836034655571,-0.00022618845105171204,8.66723857820034,0.7135359048843384,0.5942273736000061,0.5942273736000061,20.765026999924885,22.95450700012225,real_npy,0,1
275,/mnt/c/Users/Chirayu/Documents/GitHub/2D-to-3D-image-reconstruction/facescape_224/fsmview_trainset_9_10_dimpler_12.jpg,0.03976556286215782,0.040966637432575226,0.0012010745704174042,8.191186241805553,0.6820749044418335,0.2303553968667984,0.2303553968667984,21.402561000058995,24.813316000063423,real_npy,0,1
276,/mnt/c/Users/Chirayu/Documents/GitHub/2D-to-3D-image-reconstruction/facescape_224/fsmview_trainset_11_10_dimpler_51.jpg,0.5275275111198425,0.5254054069519043,-0.0021221041679382324,6.682748943567276,0.6715138554573059,0.619712233543396,0.619712233543396,30.97447799996189,21.880371999941417,real_npy,0,1
277,/mnt/c/Users/Chirayu/Documents/GitHub/2D-to-3D-image-reconstruction/facescape_224/fsmview_trainset_9_3_mouth_stretch_32.jpg,0.04145927354693413,0.046821944415569305,0.005362670868635178,7.542682457715273,0.7128894925117493,0.3116810619831085,0.3116810619831085,21.45478599982198,22.207188000038514,real_npy,0,1
278,/mnt/c/Users/Chirayu/Documents/GitHub/2D-to-3D-image-reconstruction/facescape_224/fsmview_trainset_14_15_lip_roll_9.jpg,0.17124874889850616,0.2055528312921524,0.03430408239364624,7.08581973426044,0.7179456353187561,0.5624945163726807,0.5624945163726807,26.207642999906966,48.600684999883015,real_npy,0,1
279,/mnt/c/Users/Chirayu/Documents/GitHub/2D-to-3D-image-reconstruction/facescape_224/fsmview_trainset_8_5_jaw_left_2.jpg,0.06357000023126602,0.057773806154727936,-0.005796194076538086,7.95676226913929,0.7266250848770142,0.27148377895355225,0.27148377895355225,21.263158000010662,20.33818500012785,real_npy,0,1
280,/mnt/c/Users/Chirayu/Documents/GitHub/2D-to-3D-image-reconstruction/facescape_224/fsmview_trainset_9_7_jaw_forward_42.jpg,0.13780730962753296,0.178932785987854,0.041125476360321045,6.5676612332463264,0.6141762137413025,0.4419816732406616,0.4419816732406616,69.6352879999722,32.97285999997257,real_npy,0,1
281,/mnt/c/Users/Chirayu/Documents/GitHub/2D-to-3D-image-reconstruction/facescape_224/fsmview_trainset_5_20_brow_lower_7.jpg,0.046200383454561234,0.042886629700660706,-0.003313753753900528,8.187105543911457,0.7222700119018555,0.27351367473602295,0.27351367473602295,44.14623200000278,21.902787000044555,real_npy,0,1
282,/mnt/c/Users/Chirayu/Documents/GitHub/2D-to-3D-image-reconstruction/facescape_224/fsmview_trainset_20_10_dimpler_50.jpg,0.4315924048423767,0.27861151099205017,-0.15298089385032654,6.629579588770866,0.6543411612510681,0.5685679912567139,0.5685679912567139,91.48433400014255,19.642891999865242,real_npy,0,1
283,/mnt/c/Users/Chirayu/Documents/GitHub/2D-to-3D-image-reconstruction/facescape_224/fsmview_trainset_2_15_lip_roll_34.jpg,0.0426519438624382,0.046959832310676575,0.004307888448238373,8.345381185412407,0.7111837863922119,0.4772498607635498,0.4772498607635498,24.2021990000012,23.64045400008763,real_npy,0,1
284,/mnt/c/Users/Chirayu/Documents/GitHub/2D-to-3D-image-reconstruction/facescape_224/fsmview_trainset_12_14_sadness_28.jpg,0.9751989841461182,0.8712558746337891,-0.1039431095123291,8.481509886682034,0.6989244222640991,0.5293877720832825,0.5293877720832825,21.057638000002044,20.14977000021645,real_npy,0,1
285,/mnt/c/Users/Chirayu/Documents/GitHub/2D-to-3D-image-reconstruction/facescape_224/fsmview_trainset_11_3_mouth_stretch_62.jpg,0.8332204818725586,0.841620922088623,0.008400440216064453,7.709088444709778,0.6623117923736572,0.5158084630966187,0.5158084630966187,31.392697000001135,70.0229419999232,real_npy,0,1
286,/mnt/c/Users/Chirayu/Documents/GitHub/2D-to-3D-image-reconstruction/facescape_224/fsmview_trainset_18_15_lip_roll_35.jpg,0.046146463602781296,0.04516925662755966,-0.000977206975221634,9.272965759038925,0.7868592143058777,0.480735719203949,0.480735719203949,25.688042999945537,81.25716499989721,real_npy,0,1
287,/mnt/c/Users/Chirayu/Documents/GitHub/2D-to-3D-image-reconstruction/facescape_224/fsmview_trainset_3_13_lip_funneler_32.jpg,0.0458645224571228,0.048058684915304184,0.0021941624581813812,7.685760922729969,0.6950828433036804,0.3597484827041626,0.3597484827041626,23.541563999970094,53.77068500001769,real_npy,0,1
288,/mnt/c/Users/Chirayu/Documents/GitHub/2D-to-3D-image-reconstruction/facescape_224/fsmview_trainset_1_4_anger_11.jpg,0.09035993367433548,0.07823475450277328,-0.012125179171562195,7.946176573634148,0.7291756272315979,0.38508448004722595,0.38508448004722595,20.27197999996133,20.88834300002418,real_npy,0,1
289,/mnt/c/Users/Chirayu/Documents/GitHub/2D-to-3D-image-reconstruction/facescape_224/fsmview_trainset_11_15_lip_roll_12.jpg,0.06308399885892868,0.06516655534505844,0.0020825564861297607,7.919234745204449,0.6445061564445496,0.48082077503204346,0.48082077503204346,120.46881600008419,20.164292999879763,real_npy,0,1
290,/mnt/c/Users/Chirayu/Documents/GitHub/2D-to-3D-image-reconstruction/facescape_224/fsmview_trainset_3_20_brow_lower_19.jpg,0.034503690898418427,0.033401958644390106,-0.0011017322540283203,8.031308434903622,0.680324912071228,0.32400766015052795,0.32400766015052795,34.39728900002592,21.33778200004599,real_npy,0,1
291,/mnt/c/Users/Chirayu/Documents/GitHub/2D-to-3D-image-reconstruction/facescape_224/fsmview_trainset_1_3_mouth_stretch_32.jpg,0.19648177921772003,0.8529946804046631,0.656512901186943,20.45130769535899,1.9307963848114014,0.2312060445547104,0.2312060445547104,92.38641499996447,23.623827999927016,real_npy,0,1
292,/mnt/c/Users/Chirayu/Documents/GitHub/2D-to-3D-image-reconstruction/facescape_224/fsmview_trainset_3_19_brow_raiser_18.jpg,0.044255562126636505,0.044168323278427124,-8.72388482093811e-05,8.375258730724454,0.6969588398933411,0.399167537689209,0.399167537689209,22.42957299995396,19.556993999913175,real_npy,0,1
293,/mnt/c/Users/Chirayu/Documents/GitHub/2D-to-3D-image-reconstruction/facescape_224/fsmview_trainset_14_9_mouth_right_64.jpg,0.036129966378211975,0.03487078472971916,-0.0012591816484928131,7.729528784751892,0.6796846985816956,0.36109164357185364,0.36109164357185364,33.63481299993509,66.81472900004337,real_npy,0,1
294,/mnt/c/Users/Chirayu/Documents/GitHub/2D-to-3D-image-reconstruction/facescape_224/fsmview_trainset_2_7_jaw_forward_55.jpg,0.2782757580280304,0.24696950614452362,-0.031306251883506775,7.374894060194492,0.6219128966331482,0.42019185423851013,0.42019185423851013,21.43271900013133,22.20200599981581,real_npy,0,1
295,/mnt/c/Users/Chirayu/Documents/GitHub/2D-to-3D-image-reconstruction/facescape_224/fsmview_trainset_9_19_brow_raiser_2.jpg,0.07196659594774246,0.09336556494235992,0.021398968994617462,8.326413255184889,0.7138394713401794,0.3874259889125824,0.3874259889125824,20.645976999958293,20.458464999819626,real_npy,0,1
296,/mnt/c/Users/Chirayu/Documents/GitHub/2D-to-3D-image-reconstruction/facescape_224/fsmview_trainset_19_15_lip_roll_12.jpg,0.2670014500617981,0.3111853301525116,0.0441838800907135,7.481151960790157,0.6779053807258606,0.303756445646286,0.303756445646286,21.317846999863832,21.224642999868593,real_npy,0,1
297,/mnt/c/Users/Chirayu/Documents/GitHub/2D-to-3D-image-reconstruction/facescape_224/fsmview_trainset_18_8_mouth_left_29.jpg,0.05748489871621132,0.058176908642053604,0.0006920099258422852,8.806442599743605,0.6887813806533813,0.45608681440353394,0.45608681440353394,21.00618300005408,23.22483599982661,real_npy,0,1
298,/mnt/c/Users/Chirayu/Documents/GitHub/2D-to-3D-image-reconstruction/facescape_224/fsmview_trainset_19_8_mouth_left_21.jpg,0.04719584062695503,0.044711653143167496,-0.0024841874837875366,8.806774778291583,0.6978062987327576,0.31539008021354675,0.31539008021354675,54.033210999932635,20.657475999996677,real_npy,0,1
299,/mnt/c/Users/Chirayu/Documents/GitHub/2D-to-3D-image-reconstruction/facescape_224/fsmview_trainset_12_17_cheek_blowing_45.jpg,0.05116569250822067,0.05791429802775383,0.006748605519533157,9.007377671077847,0.7613933682441711,0.49000340700149536,0.49000340700149536,42.755325999905835,20.46180699994693,real_npy,0,1
300,/mnt/c/Users/Chirayu/Documents/GitHub/2D-to-3D-image-reconstruction/facescape_224/fsmview_trainset_8_18_eye_closed_16.jpg,0.08884460479021072,0.08988615870475769,0.0010415539145469666,8.035546138882637,0.7253246903419495,0.40274956822395325,0.40274956822395325,37.94500499998321,31.035558999974455,real_npy,0,1
301,/mnt/c/Users/Chirayu/Documents/GitHub/2D-to-3D-image-reconstruction/facescape_224/fsmview_trainset_19_4_anger_16.jpg,0.05268673971295357,0.05020434781908989,-0.002482391893863678,9.17831958271563,0.7649449706077576,0.28716781735420227,0.28716781735420227,23.637522999933935,21.199233000061213,real_npy,0,1
302,/mnt/c/Users/Chirayu/Documents/GitHub/2D-to-3D-image-reconstruction/facescape_224/fsmview_trainset_18_7_jaw_forward_19.jpg,0.06255689263343811,0.06177202984690666,-0.0007848627865314484,9.31085525918752,0.7590366005897522,0.41850385069847107,0.41850385069847107,55.45042099993225,22.052069999972446,real_npy,0,1
303,/mnt/c/Users/Chirayu/Documents/GitHub/2D-to-3D-image-reconstruction/facescape_224/fsmview_trainset_6_2_smile_0.jpg,0.3804515302181244,0.3613978624343872,-0.019053667783737183,6.443152874708176,0.6235587000846863,0.4231325089931488,0.4231325089931488,24.39997700003005,22.739128000011988,real_npy,0,0
304,/mnt/c/Users/Chirayu/Documents/GitHub/2D-to-3D-image-reconstruction/facescape_224/fsmview_trainset_15_18_eye_closed_18.jpg,0.04821222648024559,0.05697331205010414,0.008761085569858551,8.288108557462692,0.716185450553894,0.5484738945960999,0.5484738945960999,21.573300999989442,56.792696999991676,real_npy,0,1
305,/mnt/c/Users/Chirayu/Documents/GitHub/2D-to-3D-image-reconstruction/facescape_224/fsmview_trainset_3_10_dimpler_46.jpg,0.13173100352287292,0.14032170176506042,0.0085906982421875,8.320492096245289,0.7061029672622681,0.5110867023468018,0.5110867023468018,22.730367999884038,43.73844600013399,real_npy,0,1
306,/mnt/c/Users/Chirayu/Documents/GitHub/2D-to-3D-image-reconstruction/facescape_224/fsmview_trainset_12_16_grin_6.jpg,0.082170769572258,0.07974198460578918,-0.002428784966468811,8.519458010792732,0.7462419867515564,0.595248281955719,0.595248281955719,22.096857999940767,21.0813670000789,real_npy,0,1
307,/mnt/c/Users/Chirayu/Documents/GitHub/2D-to-3D-image-reconstruction/facescape_224/fsmview_trainset_2_6_jaw_right_56.jpg,0.08591888844966888,0.08809925615787506,0.0021803677082061768,8.443053763359785,0.7466057538986206,0.4139948785305023,0.4139948785305023,21.11566300004597,23.52934800001094,real_npy,0,1
308,/mnt/c/Users/Chirayu/Documents/GitHub/2D-to-3D-image-reconstruction/facescape_224/fsmview_trainset_12_19_brow_raiser_27.jpg,0.0610031932592392,0.06535981595516205,0.0043566226959228516,9.156057783402503,0.7541649341583252,0.4970698952674866,0.4970698952674866,22.73152299994763,21.99486499989689,real_npy,0,1
309,/mnt/c/Users/Chirayu/Documents/GitHub/2D-to-3D-image-reconstruction/facescape_224/fsmview_trainset_18_10_dimpler_47.jpg,0.04619203135371208,0.04530567303299904,-0.0008863583207130432,8.370035253465176,0.6714204549789429,0.41209492087364197,0.41209492087364197,26.349062000008416,72.0571370000016,real_npy,0,1
310,/mnt/c/Users/Chirayu/Documents/GitHub/2D-to-3D-image-reconstruction/facescape_224/fsmview_trainset_5_5_jaw_left_56.jpg,0.1020127683877945,0.09620384871959686,-0.005808919668197632,8.25159664079547,0.7240200042724609,0.43866100907325745,0.43866100907325745,24.533105000045907,23.93557100003818,real_npy,0,1
311,/mnt/c/Users/Chirayu/Documents/GitHub/2D-to-3D-image-reconstruction/facescape_224/fsmview_trainset_20_13_lip_funneler_13.jpg,0.09556905180215836,0.10266125947237015,0.007092207670211792,8.385221913456917,0.7330588102340698,0.45947176218032837,0.45947176218032837,23.66528799984735,68.24891599990224,real_npy,0,1
312,/mnt/c/Users/Chirayu/Documents/GitHub/2D-to-3D-image-reconstruction/facescape_224/fsmview_trainset_5_12_lip_puckerer_23.jpg,0.034178655594587326,0.7423089146614075,0.7081302590668201,17.379325116053224,1.736432433128357,0.3363340198993683,0.3363340198993683,24.535334999882252,26.808098999936192,real_npy,0,1
313,/mnt/c/Users/Chirayu/Documents/GitHub/2D-to-3D-image-reconstruction/facescape_224/fsmview_trainset_5_11_chin_raiser_31.jpg,0.04857777804136276,0.044203002005815506,-0.0043747760355472565,8.13589210063219,0.6700389981269836,0.4385364353656769,0.4385364353656769,22.47819600006551,22.816895999994813,real_npy,0,1
314,/mnt/c/Users/Chirayu/Documents/GitHub/2D-to-3D-image-reconstruction/facescape_224/fsmview_trainset_15_20_brow_lower_65.jpg,0.05950406193733215,0.06055564060807228,0.0010515786707401276,8.485379852354527,0.7832144498825073,0.4783177077770233,0.4783177077770233,22.493300999940402,19.976653999947303,real_npy,0,1
315,/mnt/c/Users/Chirayu/Documents/GitHub/2D-to-3D-image-reconstruction/facescape_224/fsmview_trainset_1_15_lip_roll_25.jpg,0.07299350202083588,0.07607563585042953,0.0030821338295936584,8.263450562953949,0.7624524235725403,0.4877466559410095,0.4877466559410095,22.41895499992097,31.02081800011547,real_npy,0,1
316,/mnt/c/Users/Chirayu/Documents/GitHub/2D-to-3D-image-reconstruction/facescape_224/fsmview_trainset_20_3_mouth_stretch_60.jpg,0.05461627244949341,0.053585734218358994,-0.0010305382311344147,8.552742121741176,0.784574031829834,0.4581228196620941,0.4581228196620941,23.474804999978005,22.664595000151166,real_npy,0,1
317,/mnt/c/Users/Chirayu/Documents/GitHub/2D-to-3D-image-reconstruction/facescape_224/fsmview_trainset_3_16_grin_34.jpg,0.04374546930193901,0.046231094747781754,0.002485625445842743,7.815942421555519,0.6661649346351624,0.4230189323425293,0.4230189323425293,21.857748000002175,22.785537000117984,real_npy,0,1
318,/mnt/c/Users/Chirayu/Documents/GitHub/2D-to-3D-image-reconstruction/facescape_224/fsmview_trainset_2_11_chin_raiser_38.jpg,0.08299838751554489,0.0946769043803215,0.011678516864776611,8.245144292712212,0.6712942123413086,0.3115585148334503,0.3115585148334503,23.416820999955235,50.12608600009116,real_npy,0,1
319,/mnt/c/Users/Chirayu/Documents/GitHub/2D-to-3D-image-reconstruction/facescape_224/fsmview_trainset_3_14_sadness_47.jpg,0.06320977210998535,0.08295165747404099,0.019741885364055634,8.946665469557047,0.7522462010383606,0.47971898317337036,0.47971898317337036,29.954438000004302,20.416544999989128,real_npy,0,1
320,/mnt/c/Users/Chirayu/Documents/GitHub/2D-to-3D-image-reconstruction/facescape_224/fsmview_trainset_20_13_lip_funneler_35.jpg,0.05575355514883995,0.05621778219938278,0.0004642270505428314,8.410377047024667,0.7104200720787048,0.5090314149856567,0.5090314149856567,20.67406299988761,20.23721000000478,real_npy,0,1
321,/mnt/c/Users/Chirayu/Documents/GitHub/2D-to-3D-image-reconstruction/facescape_224/fsmview_trainset_13_5_jaw_left_15.jpg,0.15901370346546173,0.138413205742836,-0.020600497722625732,7.164438396692276,0.6135261654853821,0.5243456363677979,0.5243456363677979,23.717544000191992,21.48094700010006,real_npy,0,1
322,/mnt/c/Users/Chirayu/Documents/GitHub/2D-to-3D-image-reconstruction/facescape_224/fsmview_trainset_18_14_sadness_43.jpg,0.033396754413843155,0.03147203102707863,-0.0019247233867645264,7.7913437485694885,0.6509183049201965,0.32818713784217834,0.32818713784217834,23.95768200017301,23.530868000079863,real_npy,0,1
323,/mnt/c/Users/Chirayu/Documents/GitHub/2D-to-3D-image-reconstruction/facescape_224/fsmview_trainset_1_10_dimpler_45.jpg,0.03866051137447357,0.6361398100852966,0.5974792987108231,14.585480749607086,1.4020636081695557,0.3543740510940552,0.3543740510940552,54.90534400018987,22.81367099999443,real_npy,0,1
324,/mnt/c/Users/Chirayu/Documents/GitHub/2D-to-3D-image-reconstruction/facescape_224/fsmview_trainset_11_18_eye_closed_23.jpg,0.047996848821640015,0.04589978978037834,-0.002097059041261673,8.213657803833485,0.6458212733268738,0.5327277183532715,0.5327277183532715,21.664302000090174,21.811651999996684,real_npy,0,1
325,/mnt/c/Users/Chirayu/Documents/GitHub/2D-to-3D-image-reconstruction/facescape_224/fsmview_trainset_1_6_jaw_right_50.jpg,0.04146350175142288,0.2484312653541565,0.2069677636027336,10.014923606067896,0.9991652965545654,0.39048445224761963,0.39048445224761963,22.595903000137696,21.75233200000548,real_npy,0,1
326,/mnt/c/Users/Chirayu/Documents/GitHub/2D-to-3D-image-reconstruction/facescape_224/fsmview_trainset_18_2_smile_35.jpg,0.043636664748191833,0.46005457639694214,0.4164179116487503,14.319620626047254,1.401026725769043,0.41648104786872864,0.41648104786872864,23.416836000023977,21.266468000021632,real_npy,0,1
327,/mnt/c/Users/Chirayu/Documents/GitHub/2D-to-3D-image-reconstruction/facescape_224/fsmview_trainset_15_4_anger_37.jpg,0.0830053761601448,0.09981513768434525,0.01680976152420044,9.124818717129529,0.7891051769256592,0.5669615864753723,0.5669615864753723,40.52277200003118,21.764609000001656,real_npy,0,1
328,/mnt/c/Users/Chirayu/Documents/GitHub/2D-to-3D-image-reconstruction/facescape_224/fsmview_trainset_11_11_chin_raiser_56.jpg,0.06659538298845291,0.06453315168619156,-0.0020622313022613525,9.146663239225745,0.7928765416145325,0.4657000005245209,0.4657000005245209,30.047617000036553,21.22950799980572,real_npy,0,1
329,/mnt/c/Users/Chirayu/Documents/GitHub/2D-to-3D-image-reconstruction/facescape_224/fsmview_trainset_17_2_smile_37.jpg,0.05415794998407364,0.0599568746984005,0.0057989247143268585,7.717007977887988,0.6442528963088989,0.3879675567150116,0.3879675567150116,33.35338900001261,31.51670100010051,real_npy,0,1
330,/mnt/c/Users/Chirayu/Documents/GitHub/2D-to-3D-image-reconstruction/facescape_224/fsmview_trainset_4_17_cheek_blowing_33.jpg,0.0311930812895298,23.839393615722656,23.808200534433126,97.32851107418537,25.06700897216797,0.2820451557636261,0.2820451557636261,22.040198000013334,19.068129000061163,real_npy,1,1
331,/mnt/c/Users/Chirayu/Documents/GitHub/2D-to-3D-image-reconstruction/facescape_224/fsmview_trainset_6_1_neutral_33.jpg,0.042968153953552246,0.08087942004203796,0.03791126608848572,7.335185021162033,0.6850950121879578,0.38378608226776123,0.38378608226776123,21.412145000113014,20.88931000002958,real_npy,0,1
332,/mnt/c/Users/Chirayu/Documents/GitHub/2D-to-3D-image-reconstruction/facescape_224/fsmview_trainset_2_10_dimpler_30.jpg,0.05006769299507141,0.04947381094098091,-0.0005938820540904999,8.944004530087113,0.7373027205467224,0.3763578534126282,0.3763578534126282,21.614921000036702,22.858894000137298,real_npy,0,1
333,/mnt/c/Users/Chirayu/Documents/GitHub/2D-to-3D-image-reconstruction/facescape_224/fsmview_trainset_5_3_mouth_stretch_3.jpg,0.24657970666885376,0.2554718852043152,0.008892178535461426,7.65358304977417,0.6248961091041565,0.36733728647232056,0.36733728647232056,21.988664999980756,23.121447999983502,real_npy,0,1
334,/mnt/c/Users/Chirayu/Documents/GitHub/2D-to-3D-image-reconstruction/facescape_224/fsmview_trainset_19_17_cheek_blowing_22.jpg,0.06223529949784279,0.0680069774389267,0.005771677941083908,9.272895915433764,0.7666497826576233,0.36304378509521484,0.36304378509521484,22.270306999871536,22.317015999988143,real_npy,0,1
335,/mnt/c/Users/Chirayu/Documents/GitHub/2D-to-3D-image-reconstruction/facescape_224/fsmview_trainset_19_1_neutral_42.jpg,0.08849741518497467,0.1020650565624237,0.013567641377449036,8.225076120346785,0.7274152636528015,0.40786996483802795,0.40786996483802795,30.86809000001267,45.26214800011985,real_npy,0,1
336,/mnt/c/Users/Chirayu/Documents/GitHub/2D-to-3D-image-reconstruction/facescape_224/fsmview_trainset_11_14_sadness_6.jpg,0.695067286491394,0.7166486978530884,0.021581411361694336,7.856463678181171,0.6705642342567444,0.6077684164047241,0.6077684164047241,21.184816999948453,22.423630000048433,real_npy,0,1
337,/mnt/c/Users/Chirayu/Documents/GitHub/2D-to-3D-image-reconstruction/facescape_224/fsmview_trainset_15_9_mouth_right_33.jpg,0.06234605237841606,0.07956051081418991,0.01721445843577385,7.9057525005191565,0.7298757433891296,0.5549266338348389,0.5549266338348389,19.89362299991626,21.057982000002085,real_npy,0,1
338,/mnt/c/Users/Chirayu/Documents/GitHub/2D-to-3D-image-reconstruction/facescape_224/fsmview_trainset_11_15_lip_roll_64.jpg,0.42366769909858704,0.45858654379844666,0.03491884469985962,8.05127927288413,0.6735607385635376,0.5116760730743408,0.5116760730743408,24.435009999933754,21.50149399994916,real_npy,0,1
339,/mnt/c/Users/Chirayu/Documents/GitHub/2D-to-3D-image-reconstruction/facescape_224/fsmview_trainset_16_10_dimpler_43.jpg,0.033711060881614685,0.0349067822098732,0.0011957213282585144,7.613547220826149,0.6368076205253601,0.30304354429244995,0.30304354429244995,23.347263000005114,37.23192699999345,real_npy,0,1
340,/mnt/c/Users/Chirayu/Documents/GitHub/2D-to-3D-image-reconstruction/facescape_224/fsmview_trainset_18_6_jaw_right_8.jpg,0.04064159467816353,0.040744904428720474,0.0001033097505569458,8.71431271545589,0.7523192167282104,0.29853421449661255,0.29853421449661255,21.858759999986432,20.496023999839963,real_npy,0,1
341,/mnt/c/Users/Chirayu/Documents/GitHub/2D-to-3D-image-reconstruction/facescape_224/fsmview_trainset_11_11_chin_raiser_8.jpg,0.4441438615322113,0.5658164620399475,0.1216726005077362,6.787788216024637,0.6051526069641113,0.5798762440681458,0.5798762440681458,20.35351300014554,19.98966999985896,real_npy,0,1
342,/mnt/c/Users/Chirayu/Documents/GitHub/2D-to-3D-image-reconstruction/facescape_224/fsmview_trainset_3_7_jaw_forward_50.jpg,0.2031288743019104,0.1992294043302536,-0.0038994699716567993,7.2502897419035435,0.6619200110435486,0.5307843089103699,0.5307843089103699,22.435651000023427,19.777669999939462,real_npy,0,1
343,/mnt/c/Users/Chirayu/Documents/GitHub/2D-to-3D-image-reconstruction/facescape_224/fsmview_trainset_11_7_jaw_forward_13.jpg,0.06756699085235596,0.07018888741731644,0.0026218965649604797,7.451834715902805,0.637633740901947,0.45826804637908936,0.45826804637908936,62.80029599997761,20.444764999865583,real_npy,0,1
344,/mnt/c/Users/Chirayu/Documents/GitHub/2D-to-3D-image-reconstruction/facescape_224/fsmview_trainset_14_11_chin_raiser_29.jpg,0.1321936845779419,0.14409007132053375,0.011896386742591858,7.855993967503309,0.651461660861969,0.32444021105766296,0.32444021105766296,22.72893600002135,23.393255999963003,real_npy,0,1
345,/mnt/c/Users/Chirayu/Documents/GitHub/2D-to-3D-image-reconstruction/facescape_224/fsmview_trainset_15_19_brow_raiser_22.jpg,0.037696097046136856,0.038452569395303726,0.0007564723491668701,7.115223206579685,0.6122065782546997,0.45958495140075684,0.45958495140075684,22.045470999955796,21.009527999922284,real_npy,0,1
346,/mnt/c/Users/Chirayu/Documents/GitHub/2D-to-3D-image-reconstruction/facescape_224/fsmview_trainset_4_1_neutral_39.jpg,0.053226567804813385,0.04664701595902443,-0.006579551845788956,8.199110116809607,0.7165575623512268,0.3332628905773163,0.3332628905773163,20.575930999939374,20.098483000083434,real_npy,0,1
347,/mnt/c/Users/Chirayu/Documents/GitHub/2D-to-3D-image-reconstruction/facescape_224/fsmview_trainset_4_12_lip_puckerer_15.jpg,0.23123987019062042,0.22122281789779663,-0.010017052292823792,6.1123290210962296,0.5660523772239685,0.43098679184913635,0.43098679184913635,22.469136999916373,20.78507000010177,real_npy,0,0
348,/mnt/c/Users/Chirayu/Documents/GitHub/2D-to-3D-image-reconstruction/facescape_224/fsmview_trainset_15_14_sadness_66.jpg,0.38579249382019043,0.4590302109718323,0.07323771715164185,9.679612558335066,0.829639732837677,0.4715571999549866,0.4715571999549866,23.408523999933095,22.040696999965803,real_npy,0,1
349,/mnt/c/Users/Chirayu/Documents/GitHub/2D-to-3D-image-reconstruction/facescape_224/fsmview_trainset_8_9_mouth_right_49.jpg,0.17062871158123016,0.17012228071689606,-0.0005064308643341064,7.150882098823786,0.64082932472229,0.4868529438972473,0.4868529438972473,46.201703999940946,19.915217000061602,real_npy,0,1
350,/mnt/c/Users/Chirayu/Documents/GitHub/2D-to-3D-image-reconstruction/facescape_224/fsmview_trainset_6_2_smile_24.jpg,0.048264238983392715,0.04620428755879402,-0.002059951424598694,8.32221795618534,0.7146947979927063,0.3994881212711334,0.3994881212711334,21.572871999978815,21.483185000079175,real_npy,0,1
351,/mnt/c/Users/Chirayu/Documents/GitHub/2D-to-3D-image-reconstruction/facescape_224/fsmview_trainset_8_8_mouth_left_18.jpg,0.11821713298559189,0.12561121582984924,0.007394082844257355,7.773230358958244,0.750709056854248,0.44735774397850037,0.44735774397850037,21.593578999954843,22.839855000029274,real_npy,0,1
352,/mnt/c/Users/Chirayu/Documents/GitHub/2D-to-3D-image-reconstruction/facescape_224/fsmview_trainset_11_16_grin_22.jpg,0.04294286668300629,0.04378329962491989,0.0008404329419136047,7.949460156261921,0.6556622982025146,0.4783419966697693,0.4783419966697693,21.442156999910367,21.26620500007448,real_npy,0,1
353,/mnt/c/Users/Chirayu/Documents/GitHub/2D-to-3D-image-reconstruction/facescape_224/fsmview_trainset_14_10_dimpler_38.jpg,0.06696883589029312,0.052926015108823776,-0.014042820781469345,7.683595158159733,0.6292482018470764,0.33879420161247253,0.33879420161247253,36.987886000133585,33.269621000044935,real_npy,0,1
354,/mnt/c/Users/Chirayu/Documents/GitHub/2D-to-3D-image-reconstruction/facescape_224/fsmview_trainset_1_11_chin_raiser_13.jpg,0.08649570494890213,0.09009955078363419,0.0036038458347320557,7.339219927787781,0.6517393589019775,0.498416930437088,0.498416930437088,20.747584999980972,21.81030099995951,real_npy,0,1
355,/mnt/c/Users/Chirayu/Documents/GitHub/2D-to-3D-image-reconstruction/facescape_224/fsmview_trainset_7_4_anger_40.jpg,0.1508701741695404,0.16210784018039703,0.011237666010856628,6.591403931379318,0.5982973575592041,0.27548661828041077,0.27548661828041077,20.93032800007677,26.095983000004708,real_npy,0,1
356,/mnt/c/Users/Chirayu/Documents/GitHub/2D-to-3D-image-reconstruction/facescape_224/fsmview_trainset_13_12_lip_puckerer_43.jpg,0.07554744929075241,0.2624800503253937,0.18693260103464127,10.078355193138123,0.9552515745162964,0.41578465700149536,0.41578465700149536,21.146882000039113,20.676149000109945,real_npy,0,1
357,/mnt/c/Users/Chirayu/Documents/GitHub/2D-to-3D-image-reconstruction/facescape_224/fsmview_trainset_17_15_lip_roll_10.jpg,0.04881871119141579,0.052041761577129364,0.0032230503857135773,8.31487500667572,0.7227674126625061,0.3012450039386749,0.3012450039386749,20.830014000011943,21.886805999884018,real_npy,0,1
358,/mnt/c/Users/Chirayu/Documents/GitHub/2D-to-3D-image-reconstruction/facescape_224/fsmview_trainset_1_19_brow_raiser_11.jpg,0.09501636028289795,0.08233984559774399,-0.012676514685153961,8.31492718681693,0.7543545365333557,0.3817848563194275,0.3817848563194275,20.07587999992211,19.74184799996692,real_npy,0,1
359,/mnt/c/Users/Chirayu/Documents/GitHub/2D-to-3D-image-reconstruction/facescape_224/fsmview_trainset_11_9_mouth_right_44.jpg,0.12744233012199402,0.13199473917484283,0.004552409052848816,8.220618590712547,0.7655361890792847,0.5733210444450378,0.5733210444450378,29.686988999856112,27.649739999787926,real_npy,0,1
360,/mnt/c/Users/Chirayu/Documents/GitHub/2D-to-3D-image-reconstruction/facescape_224/fsmview_trainset_1_6_jaw_right_54.jpg,0.07557950913906097,0.07989532500505447,0.0043158158659935,7.9811640083789825,0.7703701853752136,0.32279807329177856,0.32279807329177856,22.39615100006631,21.969380999962596,real_npy,0,1
361,/mnt/c/Users/Chirayu/Documents/GitHub/2D-to-3D-image-reconstruction/facescape_224/fsmview_trainset_10_19_brow_raiser_46.jpg,0.11339661478996277,0.1194130927324295,0.006016477942466736,9.455044258385897,0.7754992842674255,0.3834877014160156,0.3834877014160156,24.00064699986615,22.867981999979747,real_npy,0,1
362,/mnt/c/Users/Chirayu/Documents/GitHub/2D-to-3D-image-reconstruction/facescape_224/fsmview_trainset_17_2_smile_48.jpg,0.28337931632995605,0.2783530056476593,-0.005026310682296753,7.323973687365651,0.6083891987800598,0.41824087500572205,0.41824087500572205,20.901848999983486,19.917290999956094,real_npy,0,1
363,/mnt/c/Users/Chirayu/Documents/GitHub/2D-to-3D-image-reconstruction/facescape_224/fsmview_trainset_20_16_grin_33.jpg,0.03076714649796486,0.8424320220947266,0.8116648755967617,19.209538660943508,1.810694694519043,0.4676646590232849,0.4676646590232849,21.009229999890522,23.630523999827346,real_npy,0,1
364,/mnt/c/Users/Chirayu/Documents/GitHub/2D-to-3D-image-reconstruction/facescape_224/fsmview_trainset_20_3_mouth_stretch_7.jpg,1.0832617282867432,1.029115080833435,-0.054146647453308105,6.29122793674469,0.6014881134033203,0.46431803703308105,0.46431803703308105,20.37741700019069,27.65255799999977,real_npy,0,0
365,/mnt/c/Users/Chirayu/Documents/GitHub/2D-to-3D-image-reconstruction/facescape_224/fsmview_trainset_11_15_lip_roll_56.jpg,0.051791079342365265,0.053776588290929794,0.0019855089485645294,9.261850150302052,0.7938418984413147,0.4518694579601288,0.4518694579601288,22.435265000012805,21.197933000166813,real_npy,0,1
366,/mnt/c/Users/Chirayu/Documents/GitHub/2D-to-3D-image-reconstruction/facescape_224/fsmview_trainset_4_15_lip_roll_33.jpg,0.029352741315960884,47.16130065917969,47.13194791786373,132.59112751483917,48.525726318359375,0.28584328293800354,0.28584328293800354,22.407532999977775,21.461834000092495,real_npy,1,1
367,/mnt/c/Users/Chirayu/Documents/GitHub/2D-to-3D-image-reconstruction/facescape_224/fsmview_trainset_20_5_jaw_left_8.jpg,0.1385146677494049,0.12847349047660828,-0.01004117727279663,8.443103797733784,0.7870914340019226,0.5357789397239685,0.5357789397239685,20.74150299995381,21.82056299989199,real_npy,0,1
368,/mnt/c/Users/Chirayu/Documents/GitHub/2D-to-3D-image-reconstruction/facescape_224/fsmview_trainset_10_2_smile_16.jpg,0.03772895783185959,0.04083126410841942,0.0031023062765598297,7.713345415890217,0.6589776873588562,0.2809250056743622,0.2809250056743622,22.44898200001444,21.890764000090712,real_npy,0,1
369,/mnt/c/Users/Chirayu/Documents/GitHub/2D-to-3D-image-reconstruction/facescape_224/fsmview_trainset_6_7_jaw_forward_22.jpg,0.34255078434944153,0.36818087100982666,0.025630086660385132,6.660960368812084,0.5836233496665955,0.541290819644928,0.541290819644928,23.13992200015491,19.305307999957222,real_npy,0,1
370,/mnt/c/Users/Chirayu/Documents/GitHub/2D-to-3D-image-reconstruction/facescape_224/fsmview_trainset_5_18_eye_closed_38.jpg,0.04724813997745514,0.04871874675154686,0.0014706067740917206,7.57424646243453,0.6757090091705322,0.38077786564826965,0.38077786564826965,29.781521999893812,21.336587999940093,real_npy,0,1
371,/mnt/c/Users/Chirayu/Documents/GitHub/2D-to-3D-image-reconstruction/facescape_224/fsmview_trainset_8_1_neutral_42.jpg,0.06214836239814758,0.06446444988250732,0.002316087484359741,8.132783807814121,0.7376354932785034,0.3662024140357971,0.3662024140357971,33.36064600011923,26.823677000038515,real_npy,0,1
372,/mnt/c/Users/Chirayu/Documents/GitHub/2D-to-3D-image-reconstruction/facescape_224/fsmview_trainset_6_20_brow_lower_16.jpg,0.15165762603282928,0.1656455099582672,0.013987883925437927,7.985145661979914,0.7211174964904785,0.24736744165420532,0.24736744165420532,24.94305000004715,22.132244999966133,real_npy,0,1
373,/mnt/c/Users/Chirayu/Documents/GitHub/2D-to-3D-image-reconstruction/facescape_224/fsmview_trainset_6_10_dimpler_16.jpg,0.029821308329701424,8.73710823059082,8.707286922261119,60.99306679517031,9.511981010437012,0.28283917903900146,0.28283917903900146,21.345335999967574,18.4278969998104,real_npy,1,1
374,/mnt/c/Users/Chirayu/Documents/GitHub/2D-to-3D-image-reconstruction/facescape_224/fsmview_trainset_11_9_mouth_right_48.jpg,0.7548772096633911,0.761452853679657,0.006575644016265869,7.431980721652508,0.6735296249389648,0.5383922457695007,0.5383922457695007,22.94092800002545,21.554308999839122,real_npy,0,1
375,/mnt/c/Users/Chirayu/Documents/GitHub/2D-to-3D-image-reconstruction/facescape_224/fsmview_trainset_1_9_mouth_right_15.jpg,0.18294623494148254,0.17683127522468567,-0.006114959716796875,7.618829235434532,0.6517398953437805,0.4921194911003113,0.4921194911003113,23.024557000098866,22.02863399998023,real_npy,0,1
376,/mnt/c/Users/Chirayu/Documents/GitHub/2D-to-3D-image-reconstruction/facescape_224/fsmview_trainset_5_8_mouth_left_35.jpg,0.05140793323516846,0.0498984158039093,-0.0015095174312591553,8.271937655285,0.697691798210144,0.39867767691612244,0.39867767691612244,19.64335200000278,19.64718899989748,real_npy,0,1
377,/mnt/c/Users/Chirayu/Documents/GitHub/2D-to-3D-image-reconstruction/facescape_224/fsmview_trainset_9_15_lip_roll_40.jpg,0.17427034676074982,0.19023339450359344,0.015963047742843628,7.539958901703358,0.6472132205963135,0.46144700050354004,0.46144700050354004,22.686168000063844,23.045844999842302,real_npy,0,1
378,/mnt/c/Users/Chirayu/Documents/GitHub/2D-to-3D-image-reconstruction/facescape_224/fsmview_trainset_15_2_smile_20.jpg,0.10533127933740616,0.12250655144453049,0.01717527210712433,7.3286866545677185,0.6349867582321167,0.42274951934814453,0.42274951934814453,20.619886000076804,20.823595000138084,real_npy,0,1
379,/mnt/c/Users/Chirayu/Documents/GitHub/2D-to-3D-image-reconstruction/facescape_224/fsmview_trainset_2_20_brow_lower_8.jpg,0.0515526682138443,0.9337226748466492,0.8821700066328049,21.43328481912613,2.1167209148406982,0.4464970827102661,0.4464970827102661,25.627731999975367,23.09963799984871,real_npy,0,1
380,/mnt/c/Users/Chirayu/Documents/GitHub/2D-to-3D-image-reconstruction/facescape_224/fsmview_trainset_7_17_cheek_blowing_39.jpg,0.2200925350189209,0.19825929403305054,-0.02183324098587036,7.092916272580624,0.6227585077285767,0.5047426819801331,0.5047426819801331,48.451010000007955,25.40023899996413,real_npy,0,1
381,/mnt/c/Users/Chirayu/Documents/GitHub/2D-to-3D-image-reconstruction/facescape_224/fsmview_trainset_17_14_sadness_42.jpg,0.1137268990278244,0.15396390855312347,0.04023700952529907,7.367064176127315,0.6784451007843018,0.43646955490112305,0.43646955490112305,28.039366000029986,32.039807000046494,real_npy,0,1
382,/mnt/c/Users/Chirayu/Documents/GitHub/2D-to-3D-image-reconstruction/facescape_224/fsmview_trainset_1_4_anger_20.jpg,0.041239771991968155,0.11974971741437912,0.07850994542241096,7.270655524916947,0.6738365292549133,0.35333871841430664,0.35333871841430664,21.95519100018828,21.81080400009705,real_npy,0,1
383,/mnt/c/Users/Chirayu/Documents/GitHub/2D-to-3D-image-reconstruction/facescape_224/fsmview_trainset_10_10_dimpler_7.jpg,0.04051332175731659,0.04787631332874298,0.007362991571426392,7.450381066650152,0.6472553014755249,0.22376170754432678,0.22376170754432678,20.95803700012766,20.860883000068497,real_npy,0,1
384,/mnt/c/Users/Chirayu/Documents/GitHub/2D-to-3D-image-reconstruction/facescape_224/fsmview_trainset_2_9_mouth_right_54.jpg,0.08396486937999725,0.08967572450637817,0.00571085512638092,8.72720056772232,0.7684516310691833,0.4743451774120331,0.4743451774120331,32.42635700007668,20.75421099993946,real_npy,0,1
385,/mnt/c/Users/Chirayu/Documents/GitHub/2D-to-3D-image-reconstruction/facescape_224/fsmview_trainset_18_5_jaw_left_41.jpg,0.10298473387956619,0.10598941147327423,0.0030046775937080383,7.79581393301487,0.7003066539764404,0.49274033308029175,0.49274033308029175,21.774349999986953,36.57556200005274,real_npy,0,1
386,/mnt/c/Users/Chirayu/Documents/GitHub/2D-to-3D-image-reconstruction/facescape_224/fsmview_trainset_14_16_grin_35.jpg,0.047883156687021255,0.05016730725765228,0.0022841505706310272,8.649446689058095,0.7276244759559631,0.5433282852172852,0.5433282852172852,24.018694999995205,21.786160999909043,real_npy,0,1
387,/mnt/c/Users/Chirayu/Documents/GitHub/2D-to-3D-image-reconstruction/facescape_224/fsmview_trainset_17_15_lip_roll_35.jpg,0.05233381688594818,0.05282263085246086,0.00048881396651268,8.043314606882632,0.6906997561454773,0.39107444882392883,0.39107444882392883,20.652146999964316,22.892843999898105,real_npy,0,1
388,/mnt/c/Users/Chirayu/Documents/GitHub/2D-to-3D-image-reconstruction/facescape_224/fsmview_trainset_7_1_neutral_3.jpg,0.05666497349739075,0.05254669487476349,-0.004118278622627258,8.19399505853653,0.7701320648193359,0.38797545433044434,0.38797545433044434,24.60863999999674,38.021447999881275,real_npy,0,1
389,/mnt/c/Users/Chirayu/Documents/GitHub/2D-to-3D-image-reconstruction/facescape_224/fsmview_trainset_5_3_mouth_stretch_29.jpg,0.04363323748111725,0.04595652595162392,0.002323288470506668,7.911059331148863,0.7137756943702698,0.331966370344162,0.331966370344162,22.976920000019163,20.14289900012045,real_npy,0,1
390,/mnt/c/Users/Chirayu/Documents/GitHub/2D-to-3D-image-reconstruction/facescape_224/fsmview_trainset_10_19_brow_raiser_51.jpg,0.06265005469322205,0.06381883472204208,0.0011687800288200378,7.768323324620724,0.6713526248931885,0.37581896781921387,0.37581896781921387,22.6699299998927,21.070452999992995,real_npy,0,1
391,/mnt/c/Users/Chirayu/Documents/GitHub/2D-to-3D-image-reconstruction/facescape_224/fsmview_trainset_6_16_grin_23.jpg,0.04190944880247116,0.1202150210738182,0.07830557227134705,7.1597732827067375,0.6520628333091736,0.29240792989730835,0.29240792989730835,83.18953399998463,27.144360999955097,real_npy,0,1
392,/mnt/c/Users/Chirayu/Documents/GitHub/2D-to-3D-image-reconstruction/facescape_224/fsmview_trainset_8_13_lip_funneler_50.jpg,0.046894848346710205,0.04858925938606262,0.001694411039352417,7.73050057888031,0.6974195837974548,0.32296326756477356,0.32296326756477356,22.284800000079485,24.98077500013096,real_npy,0,1
393,/mnt/c/Users/Chirayu/Documents/GitHub/2D-to-3D-image-reconstruction/facescape_224/fsmview_trainset_5_13_lip_funneler_45.jpg,0.15469501912593842,0.13029369711875916,-0.02440132200717926,8.028383135795593,0.6741269826889038,0.49051955342292786,0.49051955342292786,22.20801900011793,19.827927000051204,real_npy,0,1
394,/mnt/c/Users/Chirayu/Documents/GitHub/2D-to-3D-image-reconstruction/facescape_224/fsmview_trainset_13_16_grin_9.jpg,0.10597267001867294,0.09355015307664871,-0.012422516942024231,7.957985043525696,0.679250955581665,0.4167385697364807,0.4167385697364807,20.22546200009856,22.06700799979444,real_npy,0,1
395,/mnt/c/Users/Chirayu/Documents/GitHub/2D-to-3D-image-reconstruction/facescape_224/fsmview_trainset_11_6_jaw_right_65.jpg,0.05059579759836197,54.97085189819336,54.920256100595,141.09609991312027,56.855560302734375,0.4843273460865021,0.4843273460865021,20.949651999899288,21.41450400017675,real_npy,1,1
396,/mnt/c/Users/Chirayu/Documents/GitHub/2D-to-3D-image-reconstruction/facescape_224/fsmview_trainset_3_7_jaw_forward_32.jpg,0.0473177395761013,0.05010552331805229,0.0027877837419509888,8.034085981547832,0.6671999096870422,0.35414090752601624,0.35414090752601624,20.057877999988705,49.28973200003384,real_npy,0,1
397,/mnt/c/Users/Chirayu/Documents/GitHub/2D-to-3D-image-reconstruction/facescape_224/fsmview_trainset_2_3_mouth_stretch_9.jpg,0.07393071055412292,0.08488349616527557,0.010952785611152649,8.63328043743968,0.7780042886734009,0.41245704889297485,0.41245704889297485,24.094498000067688,21.974072999910277,real_npy,0,1
398,/mnt/c/Users/Chirayu/Documents/GitHub/2D-to-3D-image-reconstruction/facescape_224/fsmview_trainset_17_13_lip_funneler_29.jpg,0.06675678491592407,0.0702807754278183,0.003523990511894226,8.170350724831223,0.7106159925460815,0.2316301316022873,0.2316301316022873,20.626252999818462,20.16175999983716,real_npy,0,1
399,/mnt/c/Users/Chirayu/Documents/GitHub/2D-to-3D-image-reconstruction/facescape_224/fsmview_trainset_11_18_eye_closed_21.jpg,0.2742661237716675,0.28977012634277344,0.015504002571105957,8.413848210126162,0.6992982029914856,0.44286367297172546,0.44286367297172546,22.7179559999513,20.93771999989258,real_npy,0,1
400,/mnt/c/Users/Chirayu/Documents/GitHub/2D-to-3D-image-reconstruction/facescape_224/fsmview_trainset_13_3_mouth_stretch_40.jpg,0.03397509083151817,0.034322913736104965,0.000347822904586792,7.16290320456028,0.6604052186012268,0.2729777693748474,0.2729777693748474,23.730776999855152,44.64564800014159,real_npy,0,1
401,/mnt/c/Users/Chirayu/Documents/GitHub/2D-to-3D-image-reconstruction/facescape_224/fsmview_trainset_19_11_chin_raiser_48.jpg,0.05617467686533928,0.05843070521950722,0.0022560283541679382,7.802663762122393,0.6667250990867615,0.3327157199382782,0.3327157199382782,20.629697000003944,32.10243800003809,real_npy,0,1
402,/mnt/c/Users/Chirayu/Documents/GitHub/2D-to-3D-image-reconstruction/facescape_224/fsmview_trainset_17_12_lip_puckerer_57.jpg,0.13419732451438904,0.1422073394060135,0.00801001489162445,8.658197656273842,0.717728853225708,0.36601266264915466,0.36601266264915466,20.22460900002443,30.41963600003328,real_npy,0,1
403,/mnt/c/Users/Chirayu/Documents/GitHub/2D-to-3D-image-reconstruction/facescape_224/fsmview_trainset_9_13_lip_funneler_2.jpg,0.09326715022325516,0.1098901554942131,0.016623005270957947,8.609909556806087,0.7180328965187073,0.39435040950775146,0.39435040950775146,21.544863000144687,25.680968999949982,real_npy,0,1
404,/mnt/c/Users/Chirayu/Documents/GitHub/2D-to-3D-image-reconstruction/facescape_224/fsmview_trainset_13_17_cheek_blowing_2.jpg,0.07869696617126465,0.08213388174772263,0.0034369155764579773,7.75143351405859,0.6302772164344788,0.4751998782157898,0.4751998782157898,20.65948900008152,20.240004000015688,real_npy,0,1
405,/mnt/c/Users/Chirayu/Documents/GitHub/2D-to-3D-image-reconstruction/facescape_224/fsmview_trainset_2_6_jaw_right_15.jpg,0.04536755383014679,0.047729045152664185,0.002361491322517395,8.600382309406996,0.7079064249992371,0.4291512668132782,0.4291512668132782,27.442711999810854,20.297748000075444,real_npy,0,1
406,/mnt/c/Users/Chirayu/Documents/GitHub/2D-to-3D-image-reconstruction/facescape_224/fsmview_trainset_6_11_chin_raiser_2.jpg,0.052549947053194046,0.058975670486688614,0.006425723433494568,8.457695558667183,0.7171422839164734,0.38796454668045044,0.38796454668045044,25.797668999985035,19.591389999959574,real_npy,0,1
407,/mnt/c/Users/Chirayu/Documents/GitHub/2D-to-3D-image-reconstruction/facescape_224/fsmview_trainset_6_4_anger_1.jpg,0.06018999591469765,0.05918768048286438,-0.0010023154318332672,7.783053070306778,0.7143099904060364,0.36813560128211975,0.36813560128211975,83.80807200001072,29.780242000015278,real_npy,0,1
408,/mnt/c/Users/Chirayu/Documents/GitHub/2D-to-3D-image-reconstruction/facescape_224/fsmview_trainset_14_1_neutral_10.jpg,0.09979259222745895,0.1157456710934639,0.015953078866004944,8.255628451704979,0.6999213695526123,0.6043975353240967,0.6043975353240967,20.454144000041197,20.147415999872464,real_npy,0,1
409,/mnt/c/Users/Chirayu/Documents/GitHub/2D-to-3D-image-reconstruction/facescape_224/fsmview_trainset_16_19_brow_raiser_27.jpg,1.0408949851989746,0.8812787532806396,-0.15961623191833496,7.759152017533779,0.7128195762634277,0.4407268166542053,0.4407268166542053,54.273885999919,24.544898999920406,real_npy,0,1
410,/mnt/c/Users/Chirayu/Documents/GitHub/2D-to-3D-image-reconstruction/facescape_224/fsmview_trainset_17_4_anger_18.jpg,0.04299285262823105,0.04543513432145119,0.0024422816932201385,8.791448241099715,0.7189463376998901,0.3727159798145294,0.3727159798145294,36.750866999909704,19.286802000124226,real_npy,0,1
411,/mnt/c/Users/Chirayu/Documents/GitHub/2D-to-3D-image-reconstruction/facescape_224/fsmview_trainset_10_20_brow_lower_26.jpg,0.18035513162612915,0.20432110130786896,0.023965969681739807,6.449430786073208,0.626623809337616,0.6248012185096741,0.6248012185096741,25.908283000035226,20.084021000002394,real_npy,0,0
412,/mnt/c/Users/Chirayu/Documents/GitHub/2D-to-3D-image-reconstruction/facescape_224/fsmview_trainset_12_17_cheek_blowing_15.jpg,0.04406515881419182,0.04331061989068985,-0.0007545389235019684,8.92887333035469,0.7737522721290588,0.3956418037414551,0.3956418037414551,22.531112000024223,57.59309199993368,real_npy,0,1
413,/mnt/c/Users/Chirayu/Documents/GitHub/2D-to-3D-image-reconstruction/facescape_224/fsmview_trainset_10_13_lip_funneler_16.jpg,0.0564885213971138,0.05964890494942665,0.003160383552312851,7.52005086094141,0.669763445854187,0.2840769290924072,0.2840769290924072,34.110068000018146,120.3261810001095,real_npy,0,1
414,/mnt/c/Users/Chirayu/Documents/GitHub/2D-to-3D-image-reconstruction/facescape_224/fsmview_trainset_3_2_smile_16.jpg,0.06742795556783676,0.06776725500822067,0.00033929944038391113,8.400801353156567,0.7171841859817505,0.33039653301239014,0.33039653301239014,20.792816000039238,21.4900519999901,real_npy,0,1
415,/mnt/c/Users/Chirayu/Documents/GitHub/2D-to-3D-image-reconstruction/facescape_224/fsmview_trainset_4_14_sadness_50.jpg,0.04331088811159134,0.04539606347680092,0.0020851753652095795,8.388775579631329,0.6818718910217285,0.3232268989086151,0.3232268989086151,44.38800599996284,58.82967500019731,real_npy,0,1
416,/mnt/c/Users/Chirayu/Documents/GitHub/2D-to-3D-image-reconstruction/facescape_224/fsmview_trainset_14_13_lip_funneler_46.jpg,0.18019749224185944,0.1873721480369568,0.007174655795097351,8.039055801928043,0.6348000764846802,0.6414470076560974,0.6414470076560974,23.238063999997394,21.103511999854163,real_npy,0,1
417,/mnt/c/Users/Chirayu/Documents/GitHub/2D-to-3D-image-reconstruction/facescape_224/fsmview_trainset_4_16_grin_54.jpg,0.038462791591882706,0.04030909016728401,0.0018462985754013062,8.107251349836588,0.6812458038330078,0.19953884184360504,0.19953884184360504,23.67207999986931,20.379267999942385,real_npy,0,1
418,/mnt/c/Users/Chirayu/Documents/GitHub/2D-to-3D-image-reconstruction/facescape_224/fsmview_trainset_18_2_smile_8.jpg,0.04497873783111572,0.6844434142112732,0.6394646763801575,17.676835272461176,1.743032693862915,0.30695798993110657,0.30695798993110657,23.55379300001914,24.454167999920173,real_npy,0,1
419,/mnt/c/Users/Chirayu/Documents/GitHub/2D-to-3D-image-reconstruction/facescape_224/fsmview_trainset_11_12_lip_puckerer_52.jpg,0.45623746514320374,0.2710091173648834,-0.1852283477783203,7.316048175096512,0.7018613815307617,0.5204474925994873,0.5204474925994873,51.67617199981578,33.42766099990513,real_npy,0,1
420,/mnt/c/Users/Chirayu/Documents/GitHub/2D-to-3D-image-reconstruction/facescape_224/fsmview_trainset_14_12_lip_puckerer_67.jpg,0.03888615593314171,0.03901289030909538,0.00012673437595367432,8.353758816607296,0.689017117023468,0.46781712770462036,0.46781712770462036,22.102184000004854,19.829013000162377,real_npy,0,1
421,/mnt/c/Users/Chirayu/Documents/GitHub/2D-to-3D-image-reconstruction/facescape_224/fsmview_trainset_14_17_cheek_blowing_66.jpg,0.8645038604736328,0.8680873513221741,0.0035834908485412598,7.502890255302191,0.6717939376831055,0.466621071100235,0.466621071100235,34.32226999984778,28.040502000067136,real_npy,0,1
422,/mnt/c/Users/Chirayu/Documents/GitHub/2D-to-3D-image-reconstruction/facescape_224/fsmview_trainset_1_12_lip_puckerer_55.jpg,0.09537135809659958,0.19062520563602448,0.0952538475394249,8.85762782767415,0.831138551235199,0.29128560423851013,0.29128560423851013,66.32214799992653,61.0472779999327,real_npy,0,1
423,/mnt/c/Users/Chirayu/Documents/GitHub/2D-to-3D-image-reconstruction/facescape_224/fsmview_trainset_12_9_mouth_right_54.jpg,0.053709786385297775,0.049858901649713516,-0.003850884735584259,8.8971857894212,0.7469894289970398,0.484336793422699,0.484336793422699,20.19879900012711,21.573249999846666,real_npy,0,1
424,/mnt/c/Users/Chirayu/Documents/GitHub/2D-to-3D-image-reconstruction/facescape_224/fsmview_trainset_19_2_smile_37.jpg,0.1244647353887558,0.1500835120677948,0.025618776679039,8.86506200954318,0.758974552154541,0.40821054577827454,0.40821054577827454,51.64283599992814,22.51060300000063,real_npy,0,1
425,/mnt/c/Users/Chirayu/Documents/GitHub/2D-to-3D-image-reconstruction/facescape_224/fsmview_trainset_10_6_jaw_right_52.jpg,0.12372973561286926,0.12596926093101501,0.002239525318145752,6.81634234264493,0.6328637003898621,0.4109300971031189,0.4109300971031189,22.086648000140485,20.12278300003345,real_npy,0,1
426,/mnt/c/Users/Chirayu/Documents/GitHub/2D-to-3D-image-reconstruction/facescape_224/fsmview_trainset_16_4_anger_50.jpg,0.047081444412469864,0.04830661788582802,0.0012251734733581543,8.04106006026268,0.6782897114753723,0.4240606427192688,0.4240606427192688,20.635524999988775,20.408318999898256,real_npy,0,1
427,/mnt/c/Users/Chirayu/Documents/GitHub/2D-to-3D-image-reconstruction/facescape_224/fsmview_trainset_20_17_cheek_blowing_3.jpg,0.5459858179092407,0.44222620129585266,-0.10375961661338806,7.461196961812675,0.7140616178512573,0.5751022100448608,0.5751022100448608,20.456827000089106,19.30720200016367,template_fallback,0,1
428,/mnt/c/Users/Chirayu/Documents/GitHub/2D-to-3D-image-reconstruction/facescape_224/fsmview_trainset_12_18_eye_closed_42.jpg,0.039996206760406494,0.03857564926147461,-0.0014205574989318848,8.227813117206097,0.6943727135658264,0.3253357708454132,0.3253357708454132,21.316224999964106,18.73894499999551,real_npy,0,1
429,/mnt/c/Users/Chirayu/Documents/GitHub/2D-to-3D-image-reconstruction/facescape_224/fsmview_trainset_20_3_mouth_stretch_41.jpg,0.04085890203714371,0.04317939281463623,0.002320490777492523,7.502112381160259,0.7057490944862366,0.3967735767364502,0.3967735767364502,52.963480000016716,41.29972900000212,real_npy,0,1
430,/mnt/c/Users/Chirayu/Documents/GitHub/2D-to-3D-image-reconstruction/facescape_224/fsmview_trainset_17_11_chin_raiser_46.jpg,0.676568865776062,0.6761159300804138,-0.00045293569564819336,7.6343125849962234,0.6358163356781006,0.45976340770721436,0.45976340770721436,37.264328999981444,19.727128999875276,real_npy,0,1
431,/mnt/c/Users/Chirayu/Documents/GitHub/2D-to-3D-image-reconstruction/facescape_224/fsmview_trainset_20_16_grin_58.jpg,0.04961216077208519,0.05153551325201988,0.0019233524799346924,8.967317055910826,0.7988435626029968,0.39453205466270447,0.39453205466270447,61.01811999997153,22.84275199986041,real_npy,0,1
432,/mnt/c/Users/Chirayu/Documents/GitHub/2D-to-3D-image-reconstruction/facescape_224/fsmview_trainset_5_15_lip_roll_11.jpg,0.5483323335647583,0.22517667710781097,-0.3231556564569473,6.47817488014698,0.6929939389228821,0.5640919208526611,0.5640919208526611,34.541470000021945,44.91543099993578,real_npy,0,0
433,/mnt/c/Users/Chirayu/Documents/GitHub/2D-to-3D-image-reconstruction/facescape_224/fsmview_trainset_20_9_mouth_right_30.jpg,0.06330341845750809,0.07483362406492233,0.011530205607414246,7.635336950421333,0.6847732067108154,0.3150187134742737,0.3150187134742737,25.118380000094476,60.62292299998262,real_npy,0,1
434,/mnt/c/Users/Chirayu/Documents/GitHub/2D-to-3D-image-reconstruction/facescape_224/fsmview_trainset_11_20_brow_lower_34.jpg,0.033605583012104034,0.8584499955177307,0.8248444125056267,19.50146127305925,1.8725600242614746,0.5707105398178101,0.5707105398178101,29.539924000118845,74.62039600000026,real_npy,0,1
435,/mnt/c/Users/Chirayu/Documents/GitHub/2D-to-3D-image-reconstruction/facescape_224/fsmview_trainset_2_1_neutral_6.jpg,0.08994106203317642,0.10978803783655167,0.019846975803375244,8.701738201081753,0.736916720867157,0.3931867480278015,0.3931867480278015,21.350909999910073,20.81058299995675,real_npy,0,1
436,/mnt/c/Users/Chirayu/Documents/GitHub/2D-to-3D-image-reconstruction/facescape_224/fsmview_trainset_10_5_jaw_left_6.jpg,0.049031879752874374,0.050861869007349014,0.00182998925447464,7.797888308763504,0.6796333193778992,0.25825661420822144,0.25825661420822144,32.66142500001479,20.70516999992833,real_npy,0,1
437,/mnt/c/Users/Chirayu/Documents/GitHub/2D-to-3D-image-reconstruction/facescape_224/fsmview_trainset_1_2_smile_18.jpg,0.039246175438165665,0.0387931652367115,-0.0004530102014541626,8.377080786041915,0.6888411045074463,0.36477816104888916,0.36477816104888916,44.635341999992306,21.414130999801273,real_npy,0,1
438,/mnt/c/Users/Chirayu/Documents/GitHub/2D-to-3D-image-reconstruction/facescape_224/fsmview_trainset_3_3_mouth_stretch_46.jpg,0.11936478316783905,0.11514626443386078,-0.0042185187339782715,8.182628870010376,0.7090526223182678,0.5117491483688354,0.5117491483688354,60.570400999949925,19.899847000033333,real_npy,0,1
439,/mnt/c/Users/Chirayu/Documents/GitHub/2D-to-3D-image-reconstruction/facescape_224/fsmview_trainset_16_3_mouth_stretch_24.jpg,0.04041391611099243,0.0417969673871994,0.0013830512762069702,7.6929049557074904,0.6703134775161743,0.3543473184108734,0.3543473184108734,29.142652000018643,22.183719999929963,real_npy,0,1
440,/mnt/c/Users/Chirayu/Documents/GitHub/2D-to-3D-image-reconstruction/facescape_224/fsmview_trainset_12_5_jaw_left_18.jpg,0.0545881949365139,0.05092397332191467,-0.003664221614599228,8.852788928896189,0.7275553345680237,0.5446250438690186,0.5446250438690186,51.767661999974734,21.965607999845815,real_npy,0,1
441,/mnt/c/Users/Chirayu/Documents/GitHub/2D-to-3D-image-reconstruction/facescape_224/fsmview_trainset_3_15_lip_roll_13.jpg,0.05905595421791077,0.05716324225068092,-0.0018927119672298431,8.327616514638066,0.7154841423034668,0.42553797364234924,0.42553797364234924,69.99333399994612,30.703864000088288,real_npy,0,1
442,/mnt/c/Users/Chirayu/Documents/GitHub/2D-to-3D-image-reconstruction/facescape_224/fsmview_trainset_9_1_neutral_1.jpg,0.0749584510922432,0.07793666422367096,0.002978213131427765,8.517100915312767,0.6826373338699341,0.40183931589126587,0.40183931589126587,45.14351800003169,19.77824799996597,real_npy,0,1
443,/mnt/c/Users/Chirayu/Documents/GitHub/2D-to-3D-image-reconstruction/facescape_224/fsmview_trainset_5_2_smile_15.jpg,0.035040758550167084,0.037821102887392044,0.0027803443372249603,8.216578710824251,0.6972708702087402,0.38428184390068054,0.38428184390068054,40.62772999986919,21.592412000018157,real_npy,0,1
444,/mnt/c/Users/Chirayu/Documents/GitHub/2D-to-3D-image-reconstruction/facescape_224/fsmview_trainset_3_2_smile_38.jpg,0.05441932752728462,0.05961161479353905,0.005192287266254425,7.944426015019417,0.7290275692939758,0.41943129897117615,0.41943129897117615,68.80179199993108,20.63506500007861,real_npy,0,1
445,/mnt/c/Users/Chirayu/Documents/GitHub/2D-to-3D-image-reconstruction/facescape_224/fsmview_trainset_18_14_sadness_30.jpg,0.1689128577709198,0.24908463656902313,0.08017177879810333,7.038685243576765,0.6177420616149902,0.35737594962120056,0.35737594962120056,20.19523100011611,22.685971000100835,real_npy,0,1
446,/mnt/c/Users/Chirayu/Documents/GitHub/2D-to-3D-image-reconstruction/facescape_224/fsmview_trainset_14_6_jaw_right_24.jpg,0.03454302251338959,0.03418411314487457,-0.00035890936851501465,7.090420352295041,0.6079973578453064,0.44072696566581726,0.44072696566581726,24.1638029999649,38.96821100011039,real_npy,0,1
447,/mnt/c/Users/Chirayu/Documents/GitHub/2D-to-3D-image-reconstruction/facescape_224/fsmview_trainset_12_1_neutral_15.jpg,0.05460071563720703,0.05124619975686073,-0.0033545158803462982,8.819488452747464,0.7235624194145203,0.5001314282417297,0.5001314282417297,22.05366199996206,22.068045000196435,real_npy,0,1
448,/mnt/c/Users/Chirayu/Documents/GitHub/2D-to-3D-image-reconstruction/facescape_224/fsmview_trainset_18_20_brow_lower_54.jpg,0.03641427308320999,0.03595654293894768,-0.00045773014426231384,8.544809352606535,0.710038423538208,0.3662188947200775,0.3662188947200775,46.27477500002897,46.85045299993362,real_npy,0,1
449,/mnt/c/Users/Chirayu/Documents/GitHub/2D-to-3D-image-reconstruction/facescape_224/fsmview_trainset_13_5_jaw_left_23.jpg,0.04181668162345886,0.03919130191206932,-0.0026253797113895416,8.622992666438222,0.6823350787162781,0.42399314045906067,0.42399314045906067,20.9713090000605,20.96499300000687,real_npy,0,1
450,/mnt/c/Users/Chirayu/Documents/GitHub/2D-to-3D-image-reconstruction/facescape_224/fsmview_trainset_5_3_mouth_stretch_47.jpg,0.07042059302330017,0.07496289163827896,0.00454229861497879,9.042937332764268,0.7353535294532776,0.460392028093338,0.460392028093338,28.14033799995741,22.54490500013162,real_npy,0,1
451,/mnt/c/Users/Chirayu/Documents/GitHub/2D-to-3D-image-reconstruction/facescape_224/fsmview_trainset_9_14_sadness_30.jpg,0.052492689341306686,0.051161520183086395,-0.0013311691582202911,8.09784291870892,0.6736185550689697,0.3368051052093506,0.3368051052093506,41.43806499996572,32.73233500021888,real_npy,0,1
452,/mnt/c/Users/Chirayu/Documents/GitHub/2D-to-3D-image-reconstruction/facescape_224/fsmview_trainset_6_7_jaw_forward_34.jpg,0.04338902607560158,0.10598558932542801,0.06259656324982643,7.286908436566591,0.6985135674476624,0.37545740604400635,0.37545740604400635,22.34250600008636,20.805158000030133,real_npy,0,1
453,/mnt/c/Users/Chirayu/Documents/GitHub/2D-to-3D-image-reconstruction/facescape_224/fsmview_trainset_20_15_lip_roll_20.jpg,0.2592490613460541,0.2980444133281708,0.0387953519821167,7.483553174883127,0.6335126161575317,0.34921538829803467,0.34921538829803467,50.04293299998608,24.393710999902396,real_npy,0,1
454,/mnt/c/Users/Chirayu/Documents/GitHub/2D-to-3D-image-reconstruction/facescape_224/fsmview_trainset_4_20_brow_lower_51.jpg,0.14983469247817993,0.13915376365184784,-0.010680928826332092,6.969500035047531,0.7056441903114319,0.36281028389930725,0.36281028389930725,26.14563600013753,55.739327000082994,real_npy,0,1
455,/mnt/c/Users/Chirayu/Documents/GitHub/2D-to-3D-image-reconstruction/facescape_224/fsmview_trainset_11_1_neutral_59.jpg,0.0444345697760582,0.0560760423541069,0.011641472578048706,8.267717592418194,0.6765315532684326,0.4157955050468445,0.4157955050468445,22.956864999969184,19.787693000125728,real_npy,0,1
456,/mnt/c/Users/Chirayu/Documents/GitHub/2D-to-3D-image-reconstruction/facescape_224/fsmview_trainset_17_1_neutral_32.jpg,0.04725298658013344,0.050770729780197144,0.0035177432000637054,8.278668023645878,0.7074648141860962,0.32235783338546753,0.32235783338546753,25.952927999924214,21.306080999920596,real_npy,0,1
457,/mnt/c/Users/Chirayu/Documents/GitHub/2D-to-3D-image-reconstruction/facescape_224/fsmview_trainset_14_13_lip_funneler_34.jpg,0.044138334691524506,0.05276116356253624,0.008622828871011734,7.801836667582393,0.7629601955413818,0.5101891756057739,0.5101891756057739,20.70607799987556,21.083708000105617,real_npy,0,1
458,/mnt/c/Users/Chirayu/Documents/GitHub/2D-to-3D-image-reconstruction/facescape_224/fsmview_trainset_15_9_mouth_right_40.jpg,0.055880945175886154,0.06314287334680557,0.007261928170919418,8.688043966889381,0.7248683571815491,0.6110203862190247,0.6110203862190247,21.234822999986136,22.476023000081113,real_npy,0,1
459,/mnt/c/Users/Chirayu/Documents/GitHub/2D-to-3D-image-reconstruction/facescape_224/fsmview_trainset_14_7_jaw_forward_25.jpg,0.035296764224767685,4.57774543762207,4.542448673397303,44.554701656103134,5.6951584815979,0.4829610586166382,0.4829610586166382,59.890812999810805,46.206183000094825,real_npy,1,1
460,/mnt/c/Users/Chirayu/Documents/GitHub/2D-to-3D-image-reconstruction/facescape_224/fsmview_trainset_2_3_mouth_stretch_22.jpg,0.8299241662025452,0.4823755919933319,-0.34754857420921326,7.270117888227105,0.6776925325393677,0.5800930857658386,0.5800930857658386,20.883684999944307,38.29101599990281,real_npy,0,1
461,/mnt/c/Users/Chirayu/Documents/GitHub/2D-to-3D-image-reconstruction/facescape_224/fsmview_trainset_6_11_chin_raiser_1.jpg,0.0746689960360527,0.08034402877092361,0.005675032734870911,8.34080283343792,0.7088451385498047,0.38675522804260254,0.38675522804260254,31.178894000049695,21.37480300007155,real_npy,0,1
462,/mnt/c/Users/Chirayu/Documents/GitHub/2D-to-3D-image-reconstruction/facescape_224/fsmview_trainset_5_15_lip_roll_4.jpg,0.05761231482028961,0.047826871275901794,-0.009785443544387817,7.874770324677229,0.7117733359336853,0.29607126116752625,0.29607126116752625,20.046750000119573,20.25200399998539,real_npy,0,1
463,/mnt/c/Users/Chirayu/Documents/GitHub/2D-to-3D-image-reconstruction/facescape_224/fsmview_trainset_20_20_brow_lower_19.jpg,0.04171650856733322,0.042679499834775925,0.0009629912674427032,7.765929188579321,0.6495208740234375,0.4896034598350525,0.4896034598350525,21.60549599989281,22.686919000079797,real_npy,0,1
464,/mnt/c/Users/Chirayu/Documents/GitHub/2D-to-3D-image-reconstruction/facescape_224/fsmview_trainset_18_19_brow_raiser_56.jpg,0.06127438694238663,0.07519318163394928,0.013918794691562653,8.286532424390316,0.7243096232414246,0.3188028633594513,0.3188028633594513,43.9434390000315,21.07748299999912,real_npy,0,1
465,/mnt/c/Users/Chirayu/Documents/GitHub/2D-to-3D-image-reconstruction/facescape_224/fsmview_trainset_9_17_cheek_blowing_5.jpg,0.04804620146751404,0.05105645954608917,0.0030102580785751343,7.662539903074503,0.682590901851654,0.35522815585136414,0.35522815585136414,22.3730870000054,20.55762500003766,real_npy,0,1
466,/mnt/c/Users/Chirayu/Documents/GitHub/2D-to-3D-image-reconstruction/facescape_224/fsmview_trainset_3_17_cheek_blowing_13.jpg,0.0640462264418602,0.05943933501839638,-0.004606891423463821,8.600929021835327,0.7131195068359375,0.4319021701812744,0.4319021701812744,21.78884099998868,19.246661000124732,real_npy,0,1
467,/mnt/c/Users/Chirayu/Documents/GitHub/2D-to-3D-image-reconstruction/facescape_224/fsmview_trainset_7_17_cheek_blowing_31.jpg,0.11816094815731049,0.1206553652882576,0.002494417130947113,7.676208510994911,0.6512035131454468,0.4911363422870636,0.4911363422870636,20.35344000000805,20.478953000065303,real_npy,0,1
468,/mnt/c/Users/Chirayu/Documents/GitHub/2D-to-3D-image-reconstruction/facescape_224/fsmview_trainset_20_13_lip_funneler_29.jpg,0.06792744249105453,0.0805915892124176,0.012664146721363068,7.912402682006359,0.6993736624717712,0.32081013917922974,0.32081013917922974,23.13556400008565,25.07258900004672,real_npy,0,1
469,/mnt/c/Users/Chirayu/Documents/GitHub/2D-to-3D-image-reconstruction/facescape_224/fsmview_trainset_15_6_jaw_right_22.jpg,0.03463958948850632,0.03439317271113396,-0.00024641677737236023,7.026156023144722,0.5897495746612549,0.513390839099884,0.513390839099884,24.062439000090308,22.29046100001142,real_npy,0,1
470,/mnt/c/Users/Chirayu/Documents/GitHub/2D-to-3D-image-reconstruction/facescape_224/fsmview_trainset_4_14_sadness_48.jpg,0.09137231856584549,0.09471432119607925,0.0033420026302337646,7.796908795833588,0.7604596018791199,0.30598610639572144,0.30598610639572144,23.119545000099606,23.696867999888127,real_npy,0,1
471,/mnt/c/Users/Chirayu/Documents/GitHub/2D-to-3D-image-reconstruction/facescape_224/fsmview_trainset_19_16_grin_57.jpg,0.30342549085617065,0.3285048305988312,0.025079339742660522,7.183912180364132,0.6393296718597412,0.269451379776001,0.269451379776001,21.146907000002102,31.701554999926884,real_npy,0,1
472,/mnt/c/Users/Chirayu/Documents/GitHub/2D-to-3D-image-reconstruction/facescape_224/fsmview_trainset_17_13_lip_funneler_52.jpg,0.2860822081565857,0.2716563940048218,-0.014425814151763916,7.54803766310215,0.630007803440094,0.4326638877391815,0.4326638877391815,52.4990199999138,19.888947000026747,real_npy,0,1
473,/mnt/c/Users/Chirayu/Documents/GitHub/2D-to-3D-image-reconstruction/facescape_224/fsmview_trainset_6_15_lip_roll_11.jpg,0.31283530592918396,0.3112199604511261,-0.0016153454780578613,6.222806423902512,0.5664699673652649,0.5274311304092407,0.5274311304092407,19.58364199981588,21.219679000068936,real_npy,0,0
474,/mnt/c/Users/Chirayu/Documents/GitHub/2D-to-3D-image-reconstruction/facescape_224/fsmview_trainset_17_10_dimpler_4.jpg,0.09221234172582626,0.09897174686193466,0.0067594051361083984,9.087276089936495,0.7294412851333618,0.40572527050971985,0.40572527050971985,87.8330850000566,20.012356000052023,real_npy,0,1
475,/mnt/c/Users/Chirayu/Documents/GitHub/2D-to-3D-image-reconstruction/facescape_224/fsmview_trainset_3_2_smile_26.jpg,0.03444009646773338,0.03602074831724167,0.0015806518495082855,7.910976875573397,0.664089024066925,0.33476126194000244,0.33476126194000244,22.125594000044657,81.7971869998928,real_npy,0,1
476,/mnt/c/Users/Chirayu/Documents/GitHub/2D-to-3D-image-reconstruction/facescape_224/fsmview_trainset_18_20_brow_lower_5.jpg,0.05490630120038986,0.05913831293582916,0.0042320117354393005,8.28589029610157,0.6914559602737427,0.3360166549682617,0.3360166549682617,24.369072000126835,24.38321900012852,real_npy,0,1
477,/mnt/c/Users/Chirayu/Documents/GitHub/2D-to-3D-image-reconstruction/facescape_224/fsmview_trainset_3_19_brow_raiser_28.jpg,0.03601715341210365,0.03502534702420235,-0.0009918063879013062,7.61894515901804,0.6458650231361389,0.2784073054790497,0.2784073054790497,22.178445999998075,21.155607000082455,real_npy,0,1
478,/mnt/c/Users/Chirayu/Documents/GitHub/2D-to-3D-image-reconstruction/facescape_224/fsmview_trainset_17_12_lip_puckerer_54.jpg,0.35008013248443604,0.3231295347213745,-0.026950597763061523,7.815718162804842,0.6815586686134338,0.4240695834159851,0.4240695834159851,21.147930000097404,23.688827000114543,real_npy,0,1
479,/mnt/c/Users/Chirayu/Documents/GitHub/2D-to-3D-image-reconstruction/facescape_224/fsmview_trainset_20_11_chin_raiser_26.jpg,0.03512914106249809,0.03807493671774864,0.0029457956552505493,8.02077353745699,0.6706968545913696,0.4331682026386261,0.4331682026386261,34.05451000003268,34.9571780000133,real_npy,0,1
480,/mnt/c/Users/Chirayu/Documents/GitHub/2D-to-3D-image-reconstruction/facescape_224/fsmview_trainset_2_18_eye_closed_30.jpg,0.08136332780122757,0.08587414026260376,0.00451081246137619,8.96662981621921,0.7511866688728333,0.38011112809181213,0.38011112809181213,55.73637700013023,20.083117000012862,real_npy,0,1
481,/mnt/c/Users/Chirayu/Documents/GitHub/2D-to-3D-image-reconstruction/facescape_224/fsmview_trainset_11_15_lip_roll_60.jpg,0.651577353477478,0.6727343797683716,0.021157026290893555,7.9101313799619675,0.6827592849731445,0.5231847763061523,0.5231847763061523,36.0695609999766,19.919473999834736,real_npy,0,1
482,/mnt/c/Users/Chirayu/Documents/GitHub/2D-to-3D-image-reconstruction/facescape_224/fsmview_trainset_3_15_lip_roll_19.jpg,0.0518508218228817,0.05457967519760132,0.0027288533747196198,8.253758668899536,0.6972818374633789,0.35077589750289917,0.35077589750289917,21.791979999989053,22.259868999981336,real_npy,0,1
483,/mnt/c/Users/Chirayu/Documents/GitHub/2D-to-3D-image-reconstruction/facescape_224/fsmview_trainset_14_9_mouth_right_26.jpg,0.0502706840634346,0.060486990958452225,0.010216306895017624,7.871943149715662,0.7282407879829407,0.48394638299942017,0.48394638299942017,22.92748400009259,21.58372199983205,real_npy,0,1
484,/mnt/c/Users/Chirayu/Documents/GitHub/2D-to-3D-image-reconstruction/facescape_224/fsmview_trainset_15_18_eye_closed_30.jpg,0.12709440290927887,0.14260710775852203,0.015512704849243164,7.885332975536585,0.6461221575737,0.4221703112125397,0.4221703112125397,21.92781600001581,28.66813099990395,real_npy,0,1
485,/mnt/c/Users/Chirayu/Documents/GitHub/2D-to-3D-image-reconstruction/facescape_224/fsmview_trainset_14_7_jaw_forward_31.jpg,0.03131233528256416,11.312813758850098,11.281501423567533,68.80700102448463,11.835628509521484,0.43383410573005676,0.43383410573005676,21.932758000048125,19.327787999827706,real_npy,1,1
486,/mnt/c/Users/Chirayu/Documents/GitHub/2D-to-3D-image-reconstruction/facescape_224/fsmview_trainset_14_2_smile_49.jpg,0.8261261582374573,0.7409437298774719,-0.08518242835998535,7.842307772487402,0.6660820841789246,0.578789234161377,0.578789234161377,30.4683719998593,21.049721000053978,real_npy,0,1
487,/mnt/c/Users/Chirayu/Documents/GitHub/2D-to-3D-image-reconstruction/facescape_224/fsmview_trainset_20_18_eye_closed_29.jpg,0.16698117554187775,0.1744323968887329,0.007451221346855164,7.732277661561966,0.6422138214111328,0.3341212868690491,0.3341212868690491,23.65387500003635,21.726403000002392,real_npy,0,1
488,/mnt/c/Users/Chirayu/Documents/GitHub/2D-to-3D-image-reconstruction/facescape_224/fsmview_trainset_8_14_sadness_15.jpg,0.1631845086812973,0.1544780731201172,-0.008706435561180115,7.914836056530476,0.6550986170768738,0.4165508449077606,0.4165508449077606,47.69942500001889,40.47126099999332,real_npy,0,1
489,/mnt/c/Users/Chirayu/Documents/GitHub/2D-to-3D-image-reconstruction/facescape_224/fsmview_trainset_13_9_mouth_right_13.jpg,0.050341684371232986,7.6945037841796875,7.6441620998084545,54.03684202581644,9.495394706726074,0.46335259079933167,0.46335259079933167,22.699215000102413,21.735006999961115,real_npy,1,1
490,/mnt/c/Users/Chirayu/Documents/GitHub/2D-to-3D-image-reconstruction/facescape_224/fsmview_trainset_1_13_lip_funneler_6.jpg,0.0377049446105957,0.04036613181233406,0.0026611872017383575,7.876907678321004,0.7083481550216675,0.2709927260875702,0.2709927260875702,21.873696000056952,21.57699200006391,real_npy,0,1
491,/mnt/c/Users/Chirayu/Documents/GitHub/2D-to-3D-image-reconstruction/facescape_224/fsmview_trainset_11_12_lip_puckerer_33.jpg,0.036669742316007614,3.479051113128662,3.4423813708126545,39.55685166269541,4.475243091583252,0.5236365795135498,0.5236365795135498,22.783904000107214,29.6554820001802,real_npy,1,1
492,/mnt/c/Users/Chirayu/Documents/GitHub/2D-to-3D-image-reconstruction/facescape_224/fsmview_trainset_6_10_dimpler_30.jpg,0.04833535850048065,0.04398166388273239,-0.0043536946177482605,8.115451581776142,0.6747639775276184,0.41863951086997986,0.41863951086997986,28.993518999868684,21.95876899986615,real_npy,0,1
493,/mnt/c/Users/Chirayu/Documents/GitHub/2D-to-3D-image-reconstruction/facescape_224/fsmview_trainset_6_18_eye_closed_36.jpg,0.09266085922718048,0.10468263179063797,0.012021772563457489,8.03215354308486,0.6904523372650146,0.34383225440979004,0.34383225440979004,48.290367000163315,20.35020399989662,real_npy,0,1
494,/mnt/c/Users/Chirayu/Documents/GitHub/2D-to-3D-image-reconstruction/facescape_224/fsmview_trainset_9_7_jaw_forward_14.jpg,0.03749663010239601,0.036974262446165085,-0.0005223676562309265,7.820518381893635,0.6852130889892578,0.3597376048564911,0.3597376048564911,22.271192000062,20.511685999963447,real_npy,0,1
495,/mnt/c/Users/Chirayu/Documents/GitHub/2D-to-3D-image-reconstruction/facescape_224/fsmview_trainset_13_11_chin_raiser_15.jpg,0.04367227107286453,0.0483609139919281,0.004688642919063568,8.524359554052353,0.7167376279830933,0.3886965811252594,0.3886965811252594,43.63253200017425,23.235719000012978,real_npy,0,1
496,/mnt/c/Users/Chirayu/Documents/GitHub/2D-to-3D-image-reconstruction/facescape_224/fsmview_trainset_18_8_mouth_left_33.jpg,0.036774370819330215,0.037103429436683655,0.00032905861735343933,8.666888197883964,0.7234975695610046,0.41223883628845215,0.41223883628845215,47.9719740001201,19.903505000002042,real_npy,0,1
497,/mnt/c/Users/Chirayu/Documents/GitHub/2D-to-3D-image-reconstruction/facescape_224/fsmview_trainset_12_15_lip_roll_49.jpg,0.2190139889717102,0.24139449000358582,0.02238050103187561,7.250686280429363,0.6313450336456299,0.4690704345703125,0.4690704345703125,20.079270999985965,20.778983999889533,real_npy,0,1
498,/mnt/c/Users/Chirayu/Documents/GitHub/2D-to-3D-image-reconstruction/facescape_224/fsmview_trainset_14_3_mouth_stretch_16.jpg,0.08733488619327545,0.12353835254907608,0.03620346635580063,7.511655230075121,0.699285626411438,0.4626448154449463,0.4626448154449463,22.164208000049257,20.155712999894604,real_npy,0,1
499,/mnt/c/Users/Chirayu/Documents/GitHub/2D-to-3D-image-reconstruction/facescape_224/fsmview_trainset_14_12_lip_puckerer_65.jpg,0.056411053985357285,0.05823225900530815,0.0018212050199508667,9.111031344160438,0.8176575899124146,0.4432125389575958,0.4432125389575958,22.065379000196117,21.389084000020375,real_npy,0,1
500,/mnt/c/Users/Chirayu/Documents/GitHub/2D-to-3D-image-reconstruction/facescape_224/fsmview_trainset_16_6_jaw_right_10.jpg,0.031138258054852486,0.032484378665685654,0.001346120610833168,7.779050245881081,0.6538357138633728,0.3067227900028229,0.3067227900028229,21.97591599997395,20.387024000001475,real_npy,0,1
501,/mnt/c/Users/Chirayu/Documents/GitHub/2D-to-3D-image-reconstruction/facescape_224/fsmview_trainset_15_5_jaw_left_11.jpg,0.13337793946266174,0.17989997565746307,0.04652203619480133,8.412301313132048,0.73564213514328,0.5511730909347534,0.5511730909347534,19.968617999893468,19.58276499999556,real_npy,0,1
502,/mnt/c/Users/Chirayu/Documents/GitHub/2D-to-3D-image-reconstruction/facescape_224/fsmview_trainset_4_5_jaw_left_25.jpg,0.037033263593912125,0.4009380340576172,0.36390477046370506,13.682042586617172,1.1878489255905151,0.2990436851978302,0.2990436851978302,20.60801899983744,34.324030000107086,real_npy,0,1
503,/mnt/c/Users/Chirayu/Documents/GitHub/2D-to-3D-image-reconstruction/facescape_224/fsmview_trainset_1_17_cheek_blowing_11.jpg,0.10113957524299622,0.08819770067930222,-0.012941874563694,8.081108268350363,0.7434656620025635,0.3878903090953827,0.3878903090953827,22.966533000044365,21.073140999988027,real_npy,0,1
504,/mnt/c/Users/Chirayu/Documents/GitHub/2D-to-3D-image-reconstruction/facescape_224/fsmview_trainset_16_18_eye_closed_33.jpg,0.03680214658379555,0.03826403617858887,0.0014618895947933197,8.311953069642186,0.685721218585968,0.3876514434814453,0.3876514434814453,73.0773269999645,22.004110999887416,real_npy,0,1
505,/mnt/c/Users/Chirayu/Documents/GitHub/2D-to-3D-image-reconstruction/facescape_224/fsmview_trainset_15_18_eye_closed_11.jpg,0.11645166575908661,0.1796596199274063,0.0632079541683197,8.868916604667902,0.7448464035987854,0.5699161291122437,0.5699161291122437,20.625527999982296,46.81520400004047,real_npy,0,1
506,/mnt/c/Users/Chirayu/Documents/GitHub/2D-to-3D-image-reconstruction/facescape_224/fsmview_trainset_19_16_grin_36.jpg,0.03722284734249115,0.04308832436800003,0.005865477025508881,8.336745416745543,0.7289466857910156,0.3353250026702881,0.3353250026702881,20.7548810001299,20.168469000054756,real_npy,0,1
507,/mnt/c/Users/Chirayu/Documents/GitHub/2D-to-3D-image-reconstruction/facescape_224/fsmview_trainset_20_10_dimpler_28.jpg,0.08705917745828629,0.0881122425198555,0.0010530650615692139,8.198530614376068,0.6721868515014648,0.4883582592010498,0.4883582592010498,22.316947000035725,23.017110999944634,real_npy,0,1
508,/mnt/c/Users/Chirayu/Documents/GitHub/2D-to-3D-image-reconstruction/facescape_224/fsmview_trainset_10_1_neutral_55.jpg,0.11468353867530823,0.12053617089986801,0.005852632224559784,7.418713044375181,0.6955214738845825,0.30659323930740356,0.30659323930740356,34.757794999904945,21.12854699998934,real_npy,0,1
509,/mnt/c/Users/Chirayu/Documents/GitHub/2D-to-3D-image-reconstruction/facescape_224/fsmview_trainset_1_9_mouth_right_54.jpg,0.034657154232263565,2.476198196411133,2.4415410421788692,33.31333050131798,3.494016647338867,0.3046026825904846,0.3046026825904846,20.99017199998343,28.288917000054425,real_npy,1,1
510,/mnt/c/Users/Chirayu/Documents/GitHub/2D-to-3D-image-reconstruction/facescape_224/fsmview_trainset_5_19_brow_raiser_15.jpg,0.03306732326745987,1.1373234987258911,1.1042561754584312,22.542953964322805,2.0931901931762695,0.38292524218559265,0.38292524218559265,21.90000600012354,70.17202399993039,real_npy,0,1
511,/mnt/c/Users/Chirayu/Documents/GitHub/2D-to-3D-image-reconstruction/facescape_224/fsmview_trainset_2_6_jaw_right_2.jpg,0.2134006917476654,0.19664981961250305,-0.016750872135162354,8.379828244447708,0.7386995553970337,0.4783596992492676,0.4783596992492676,20.518005999974775,21.628275000011854,real_npy,0,1
512,/mnt/c/Users/Chirayu/Documents/GitHub/2D-to-3D-image-reconstruction/facescape_224/fsmview_trainset_12_6_jaw_right_25.jpg,0.8034213781356812,0.6994958519935608,-0.10392552614212036,8.088984744623303,0.7409010529518127,0.5277134776115417,0.5277134776115417,20.57486900002914,22.796575000029407,real_npy,0,1
513,/mnt/c/Users/Chirayu/Documents/GitHub/2D-to-3D-image-reconstruction/facescape_224/fsmview_trainset_6_10_dimpler_26.jpg,0.0480814054608345,0.04759669676423073,-0.000484708696603775,8.056170157156885,0.6827173829078674,0.3674190044403076,0.3674190044403076,23.84133199984717,24.588874999835753,real_npy,0,1
514,/mnt/c/Users/Chirayu/Documents/GitHub/2D-to-3D-image-reconstruction/facescape_224/fsmview_trainset_13_7_jaw_forward_16.jpg,0.053138233721256256,0.04955218732357025,-0.0035860463976860046,8.582274368032813,0.724420964717865,0.4147831201553345,0.4147831201553345,30.06871200000205,19.330933999981426,real_npy,0,1
515,/mnt/c/Users/Chirayu/Documents/GitHub/2D-to-3D-image-reconstruction/facescape_224/fsmview_trainset_19_8_mouth_left_39.jpg,0.10317300260066986,0.11401408165693283,0.01084107905626297,8.826183650642633,0.743256688117981,0.37238335609436035,0.37238335609436035,62.29953300021407,24.454046000073504,real_npy,0,1
516,/mnt/c/Users/Chirayu/Documents/GitHub/2D-to-3D-image-reconstruction/facescape_224/fsmview_trainset_20_18_eye_closed_28.jpg,0.07887092977762222,0.08289021998643875,0.004019290208816528,8.017664011567831,0.6671038866043091,0.48619887232780457,0.48619887232780457,58.63276900004166,19.745527999930346,real_npy,0,1
517,/mnt/c/Users/Chirayu/Documents/GitHub/2D-to-3D-image-reconstruction/facescape_224/fsmview_trainset_9_19_brow_raiser_28.jpg,0.05909173563122749,0.07407151907682419,0.014979783445596695,8.370844531804323,0.6826609969139099,0.2716761827468872,0.2716761827468872,74.4893679998313,21.07052700011991,real_npy,0,1
518,/mnt/c/Users/Chirayu/Documents/GitHub/2D-to-3D-image-reconstruction/facescape_224/fsmview_trainset_19_16_grin_8.jpg,0.04256351664662361,0.05866033211350441,0.0160968154668808,8.756574038416147,0.7715706825256348,0.22704382240772247,0.22704382240772247,62.08990999994057,20.54967799995211,real_npy,0,1
519,/mnt/c/Users/Chirayu/Documents/GitHub/2D-to-3D-image-reconstruction/facescape_224/fsmview_trainset_12_1_neutral_43.jpg,0.12932497262954712,0.1374451220035553,0.008120149374008179,7.572629850357771,0.6552261114120483,0.47617223858833313,0.47617223858833313,20.901511999909417,20.226115000014033,real_npy,0,1
520,/mnt/c/Users/Chirayu/Documents/GitHub/2D-to-3D-image-reconstruction/facescape_224/fsmview_trainset_9_12_lip_puckerer_54.jpg,0.07233806699514389,0.0710502564907074,-0.001287810504436493,7.790121711790562,0.6669554114341736,0.4572223424911499,0.4572223424911499,19.88025699984064,19.945985999811455,real_npy,0,1
521,/mnt/c/Users/Chirayu/Documents/GitHub/2D-to-3D-image-reconstruction/facescape_224/fsmview_trainset_13_7_jaw_forward_52.jpg,0.07400012761354446,0.06956503540277481,-0.004435092210769653,8.558788474649191,0.706520140171051,0.38808730244636536,0.38808730244636536,20.64626799983671,21.660129000110828,real_npy,0,1
522,/mnt/c/Users/Chirayu/Documents/GitHub/2D-to-3D-image-reconstruction/facescape_224/fsmview_trainset_20_6_jaw_right_6.jpg,0.40048325061798096,0.42451342940330505,0.024030178785324097,6.890828352421522,0.684765636920929,0.5939916372299194,0.5939916372299194,20.92627199999697,20.10471200014763,real_npy,0,1
523,/mnt/c/Users/Chirayu/Documents/GitHub/2D-to-3D-image-reconstruction/facescape_224/fsmview_trainset_19_17_cheek_blowing_27.jpg,0.7868843078613281,0.5712816119194031,-0.21560269594192505,8.108244163915515,0.7382126450538635,0.38959434628486633,0.38959434628486633,21.654128999898603,20.893021000119916,real_npy,0,1
524,/mnt/c/Users/Chirayu/Documents/GitHub/2D-to-3D-image-reconstruction/facescape_224/fsmview_trainset_1_2_smile_24.jpg,0.06686550378799438,0.06999261677265167,0.0031271129846572876,8.09476712346077,0.7388206720352173,0.48433855175971985,0.48433855175971985,47.04655000000457,43.20531099983782,real_npy,0,1
525,/mnt/c/Users/Chirayu/Documents/GitHub/2D-to-3D-image-reconstruction/facescape_224/fsmview_trainset_14_15_lip_roll_20.jpg,0.051070284098386765,0.052826959639787674,0.0017566755414009094,7.231179639697075,0.639102578163147,0.3034943640232086,0.3034943640232086,20.35948799994003,51.931252000031236,real_npy,0,1
526,/mnt/c/Users/Chirayu/Documents/GitHub/2D-to-3D-image-reconstruction/facescape_224/fsmview_trainset_7_5_jaw_left_18.jpg,0.03513379022479057,0.03478255867958069,-0.00035123154520988464,8.109886155463755,0.6656472086906433,0.41949185729026794,0.41949185729026794,63.910726000131035,19.509889999881125,real_npy,0,1
527,/mnt/c/Users/Chirayu/Documents/GitHub/2D-to-3D-image-reconstruction/facescape_224/fsmview_trainset_12_18_eye_closed_39.jpg,0.07272288203239441,0.0771217793226242,0.004398897290229797,8.29929206520319,0.6987656950950623,0.46277081966400146,0.46277081966400146,53.40928299983716,19.457060999911846,real_npy,0,1
528,/mnt/c/Users/Chirayu/Documents/GitHub/2D-to-3D-image-reconstruction/facescape_224/fsmview_trainset_1_11_chin_raiser_42.jpg,0.1099846363067627,0.11090324819087982,0.0009186118841171265,8.151102107018232,0.7079049348831177,0.4522884488105774,0.4522884488105774,40.34781599989401,79.32490199982567,real_npy,0,1
529,/mnt/c/Users/Chirayu/Documents/GitHub/2D-to-3D-image-reconstruction/facescape_224/fsmview_trainset_14_1_neutral_38.jpg,0.05470532178878784,0.05234691500663757,-0.0023584067821502686,7.485919818282127,0.6192899942398071,0.3317272663116455,0.3317272663116455,25.56678499990994,23.280762000013056,real_npy,0,1
530,/mnt/c/Users/Chirayu/Documents/GitHub/2D-to-3D-image-reconstruction/facescape_224/fsmview_trainset_8_17_cheek_blowing_33.jpg,0.030402084812521935,0.39169037342071533,0.3612882886081934,13.651054396294057,1.2152420282363892,0.2874932885169983,0.2874932885169983,21.13237100002152,24.091608999924574,real_npy,0,1
531,/mnt/c/Users/Chirayu/Documents/GitHub/2D-to-3D-image-reconstruction/facescape_224/fsmview_trainset_17_20_brow_lower_46.jpg,0.14463932812213898,0.14402838051319122,-0.0006109476089477539,8.36018549464643,0.743399977684021,0.4333338439464569,0.4333338439464569,22.34591100000216,19.30877900008454,real_npy,0,1
532,/mnt/c/Users/Chirayu/Documents/GitHub/2D-to-3D-image-reconstruction/facescape_224/fsmview_trainset_18_20_brow_lower_24.jpg,0.034995898604393005,0.03428757190704346,-0.0007083266973495483,8.239121050573885,0.7047956585884094,0.4116453230381012,0.4116453230381012,35.430222000059075,25.374586999987514,real_npy,0,1
533,/mnt/c/Users/Chirayu/Documents/GitHub/2D-to-3D-image-reconstruction/facescape_224/fsmview_trainset_20_3_mouth_stretch_58.jpg,0.07664484530687332,0.07357852160930634,-0.003066323697566986,8.388978317379951,0.7605382204055786,0.3718288242816925,0.3718288242816925,58.32228000008399,22.818688000143084,real_npy,0,1
534,/mnt/c/Users/Chirayu/Documents/GitHub/2D-to-3D-image-reconstruction/facescape_224/fsmview_trainset_6_9_mouth_right_36.jpg,0.10868047177791595,0.11653696745634079,0.007856495678424835,7.644436605274677,0.6603835225105286,0.3382125198841095,0.3382125198841095,24.305558000150995,33.483146999969904,real_npy,0,1
535,/mnt/c/Users/Chirayu/Documents/GitHub/2D-to-3D-image-reconstruction/facescape_224/fsmview_trainset_12_6_jaw_right_8.jpg,0.06099650636315346,0.07858022302389145,0.01758371666073799,8.869455572217703,0.7380964159965515,0.5085646510124207,0.5085646510124207,42.85602300001301,48.7261779999244,real_npy,0,1
536,/mnt/c/Users/Chirayu/Documents/GitHub/2D-to-3D-image-reconstruction/facescape_224/fsmview_trainset_19_9_mouth_right_26.jpg,0.06406964361667633,0.059119898825883865,-0.004949744790792465,9.126420304179192,0.7525555491447449,0.43291208148002625,0.43291208148002625,37.77443000012681,81.05574699993667,real_npy,0,1
537,/mnt/c/Users/Chirayu/Documents/GitHub/2D-to-3D-image-reconstruction/facescape_224/fsmview_trainset_11_8_mouth_left_45.jpg,0.8194262385368347,0.831473708152771,0.01204746961593628,7.647894740104675,0.6342065334320068,0.556919276714325,0.556919276714325,21.41157400001248,20.119186999863814,real_npy,0,1
538,/mnt/c/Users/Chirayu/Documents/GitHub/2D-to-3D-image-reconstruction/facescape_224/fsmview_trainset_1_12_lip_puckerer_33.jpg,0.03583012521266937,153.78538513183594,153.74955500662327,221.65619206428528,201.83580017089844,0.37233251333236694,0.37233251333236694,23.676117999912094,22.14122500004123,real_npy,1,1
539,/mnt/c/Users/Chirayu/Documents/GitHub/2D-to-3D-image-reconstruction/facescape_224/fsmview_trainset_11_1_neutral_64.jpg,0.20747436583042145,0.20939667522907257,0.001922309398651123,8.150076225399971,0.714171826839447,0.4333241879940033,0.4333241879940033,28.063089999932345,23.92548100010572,real_npy,0,1
540,/mnt/c/Users/Chirayu/Documents/GitHub/2D-to-3D-image-reconstruction/facescape_224/fsmview_trainset_8_14_sadness_36.jpg,0.05395285785198212,0.045402493327856064,-0.008550364524126053,7.8848864287137985,0.6687778234481812,0.3118177652359009,0.3118177652359009,22.483115999875736,22.345771000118475,real_npy,0,1
541,/mnt/c/Users/Chirayu/Documents/GitHub/2D-to-3D-image-reconstruction/facescape_224/fsmview_trainset_1_14_sadness_55.jpg,0.12027440220117569,9.169292449951172,9.049018047749996,62.855180874466896,9.827792167663574,0.28756198287010193,0.28756198287010193,43.643136999889975,32.98315200004254,real_npy,1,1
542,/mnt/c/Users/Chirayu/Documents/GitHub/2D-to-3D-image-reconstruction/facescape_224/fsmview_trainset_2_17_cheek_blowing_14.jpg,0.038074884563684464,0.037669505923986435,-0.00040537863969802856,7.914159586653113,0.7001933455467224,0.43426740169525146,0.43426740169525146,63.33904899997833,20.425760000080118,real_npy,0,1
543,/mnt/c/Users/Chirayu/Documents/GitHub/2D-to-3D-image-reconstruction/facescape_224/fsmview_trainset_20_4_anger_23.jpg,0.029773792251944542,0.02947307750582695,-0.00030071474611759186,7.465194225311279,0.6008367538452148,0.428470253944397,0.428470253944397,23.76007199995911,20.08297199995468,real_npy,0,1
544,/mnt/c/Users/Chirayu/Documents/GitHub/2D-to-3D-image-reconstruction/facescape_224/fsmview_trainset_18_1_neutral_39.jpg,0.1547349989414215,0.15046989917755127,-0.004265099763870239,8.402571067214012,0.8065603971481323,0.5385992527008057,0.5385992527008057,20.395103999817366,20.063223000079233,real_npy,0,1
545,/mnt/c/Users/Chirayu/Documents/GitHub/2D-to-3D-image-reconstruction/facescape_224/fsmview_trainset_20_16_grin_18.jpg,0.04394027963280678,0.04185544699430466,-0.002084832638502121,7.717374008148909,0.637468695640564,0.49556970596313477,0.49556970596313477,76.4361579999786,22.261356999933923,real_npy,0,1
546,/mnt/c/Users/Chirayu/Documents/GitHub/2D-to-3D-image-reconstruction/facescape_224/fsmview_trainset_20_11_chin_raiser_13.jpg,0.053458649665117264,0.05264963582158089,-0.000809013843536377,8.349282890558243,0.7019726634025574,0.3882107436656952,0.3882107436656952,59.76536399998622,34.5796369999789,real_npy,0,1
547,/mnt/c/Users/Chirayu/Documents/GitHub/2D-to-3D-image-reconstruction/facescape_224/fsmview_trainset_14_5_jaw_left_30.jpg,0.04349648952484131,0.05515018478035927,0.01165369525551796,6.980164356529713,0.6121298670768738,0.27721816301345825,0.27721816301345825,42.51756899998327,46.025414000041565,real_npy,0,1
548,/mnt/c/Users/Chirayu/Documents/GitHub/2D-to-3D-image-reconstruction/facescape_224/fsmview_trainset_5_8_mouth_left_12.jpg,0.3878127932548523,0.4074079990386963,0.019595205783843994,7.328149743378162,0.6161365509033203,0.2783668041229248,0.2783668041229248,20.878931999959605,23.156200999892462,real_npy,0,1
549,/mnt/c/Users/Chirayu/Documents/GitHub/2D-to-3D-image-reconstruction/facescape_224/fsmview_trainset_5_8_mouth_left_57.jpg,0.07413450628519058,0.07246309518814087,-0.0016714110970497131,8.407728657126427,0.7376809120178223,0.4203137159347534,0.4203137159347534,19.93869199986875,18.942736999861154,real_npy,0,1
550,/mnt/c/Users/Chirayu/Documents/GitHub/2D-to-3D-image-reconstruction/facescape_224/fsmview_trainset_3_16_grin_24.jpg,0.03868642821907997,0.03877897188067436,9.254366159439087e-05,7.200220908969641,0.6492054462432861,0.3063829839229584,0.3063829839229584,20.397631999912846,19.62997999999061,real_npy,0,1
551,/mnt/c/Users/Chirayu/Documents/GitHub/2D-to-3D-image-reconstruction/facescape_224/fsmview_trainset_9_12_lip_puckerer_40.jpg,0.276838481426239,0.32278957962989807,0.04595109820365906,6.678175434470177,0.6246832013130188,0.44121307134628296,0.44121307134628296,21.228666000070007,24.085900000045513,real_npy,0,1
552,/mnt/c/Users/Chirayu/Documents/GitHub/2D-to-3D-image-reconstruction/facescape_224/fsmview_trainset_17_19_brow_raiser_15.jpg,0.04787120595574379,0.0484607070684433,0.0005895011126995087,8.633657833561301,0.7080771327018738,0.3597918152809143,0.3597918152809143,21.502880999832996,22.40747999985615,real_npy,0,1
553,/mnt/c/Users/Chirayu/Documents/GitHub/2D-to-3D-image-reconstruction/facescape_224/fsmview_trainset_11_13_lip_funneler_21.jpg,0.04305092617869377,0.0444762147963047,0.0014252886176109314,7.924776196479797,0.6483438014984131,0.486493319272995,0.486493319272995,19.71656000000621,21.3153769998371,real_npy,0,1
554,/mnt/c/Users/Chirayu/Documents/GitHub/2D-to-3D-image-reconstruction/facescape_224/fsmview_trainset_15_13_lip_funneler_33.jpg,0.12175386399030685,0.1379408836364746,0.016187019646167755,7.4889927636832,0.650265097618103,0.5843969583511353,0.5843969583511353,20.356450000008408,19.887730999926134,real_npy,0,1
555,/mnt/c/Users/Chirayu/Documents/GitHub/2D-to-3D-image-reconstruction/facescape_224/fsmview_trainset_5_16_grin_41.jpg,0.11470271646976471,0.11616942286491394,0.001466706395149231,7.729184601455927,0.6862673759460449,0.4667949080467224,0.4667949080467224,20.682937999936257,20.59544000007918,real_npy,0,1
556,/mnt/c/Users/Chirayu/Documents/GitHub/2D-to-3D-image-reconstruction/facescape_224/fsmview_trainset_12_1_neutral_30.jpg,0.05731897056102753,0.05505777895450592,-0.0022611916065216064,9.283114643767476,0.7701936364173889,0.5492187142372131,0.5492187142372131,23.52441099992575,20.868190000101094,real_npy,0,1
557,/mnt/c/Users/Chirayu/Documents/GitHub/2D-to-3D-image-reconstruction/facescape_224/fsmview_trainset_1_18_eye_closed_19.jpg,0.4312874376773834,0.4207344055175781,-0.010553032159805298,6.39966631680727,0.6099402904510498,0.4621879756450653,0.4621879756450653,20.541364999871803,18.816729000036503,real_npy,0,0
558,/mnt/c/Users/Chirayu/Documents/GitHub/2D-to-3D-image-reconstruction/facescape_224/fsmview_trainset_13_12_lip_puckerer_37.jpg,0.03720392286777496,0.037421151995658875,0.00021722912788391113,8.637585552409291,0.7602382898330688,0.3233707845211029,0.3233707845211029,21.863793999955305,19.66283599995222,real_npy,0,1
559,/mnt/c/Users/Chirayu/Documents/GitHub/2D-to-3D-image-reconstruction/facescape_224/fsmview_trainset_9_9_mouth_right_1.jpg,0.0680202916264534,0.07110182195901871,0.0030815303325653076,7.917348936200142,0.7049866914749146,0.3832211196422577,0.3832211196422577,21.231996999858893,22.59208899999976,real_npy,0,1
560,/mnt/c/Users/Chirayu/Documents/GitHub/2D-to-3D-image-reconstruction/facescape_224/fsmview_trainset_11_6_jaw_right_34.jpg,0.0380241833627224,3.2238988876342773,3.185874704271555,38.23074383288622,4.472504138946533,0.5696970224380493,0.5696970224380493,21.774167999865313,32.98686399989492,real_npy,1,1
561,/mnt/c/Users/Chirayu/Documents/GitHub/2D-to-3D-image-reconstruction/facescape_224/fsmview_trainset_14_1_neutral_53.jpg,0.3750954270362854,0.4245881140232086,0.04949268698692322,7.69570828974247,0.6720408797264099,0.563467264175415,0.563467264175415,20.838833999960116,20.039686000018264,real_npy,0,1
562,/mnt/c/Users/Chirayu/Documents/GitHub/2D-to-3D-image-reconstruction/facescape_224/fsmview_trainset_5_14_sadness_41.jpg,0.1128918007016182,0.11385264247655869,0.0009608417749404907,7.90454488992691,0.698158323764801,0.47746971249580383,0.47746971249580383,20.650402999990547,21.13498499988964,real_npy,0,1
563,/mnt/c/Users/Chirayu/Documents/GitHub/2D-to-3D-image-reconstruction/facescape_224/fsmview_trainset_4_18_eye_closed_50.jpg,0.04570230469107628,0.04965517297387123,0.003952868282794952,8.613041952252388,0.7213102579116821,0.31921878457069397,0.31921878457069397,58.055753999951776,20.07479600001716,real_npy,0,1
564,/mnt/c/Users/Chirayu/Documents/GitHub/2D-to-3D-image-reconstruction/facescape_224/fsmview_trainset_8_18_eye_closed_56.jpg,0.03930139169096947,0.04008544981479645,0.0007840581238269806,8.267570475116372,0.7039319276809692,0.24128125607967377,0.24128125607967377,20.326794000084192,19.742414999882385,real_npy,0,1
565,/mnt/c/Users/Chirayu/Documents/GitHub/2D-to-3D-image-reconstruction/facescape_224/fsmview_trainset_19_4_anger_25.jpg,0.08101356774568558,0.07477159798145294,-0.0062419697642326355,9.312883917242289,0.7421079874038696,0.4530054032802582,0.4530054032802582,21.892750000006345,20.043048000161434,real_npy,0,1
566,/mnt/c/Users/Chirayu/Documents/GitHub/2D-to-3D-image-reconstruction/facescape_224/fsmview_trainset_15_2_smile_58.jpg,0.06040152534842491,0.06498519331216812,0.00458366796374321,8.541130635887384,0.771014392375946,0.4610586166381836,0.4610586166381836,23.204886000030456,63.9150229999359,real_npy,0,1
567,/mnt/c/Users/Chirayu/Documents/GitHub/2D-to-3D-image-reconstruction/facescape_224/fsmview_trainset_7_18_eye_closed_22.jpg,0.24387721717357635,0.24200204014778137,-0.001875177025794983,7.095683172345161,0.6861527562141418,0.6120597720146179,0.6120597720146179,66.08296199988217,26.557663000176035,real_npy,0,1
568,/mnt/c/Users/Chirayu/Documents/GitHub/2D-to-3D-image-reconstruction/facescape_224/fsmview_trainset_3_2_smile_52.jpg,0.15277831256389618,0.15386129915714264,0.00108298659324646,8.053456515073776,0.725877583026886,0.4561603367328644,0.4561603367328644,59.60449599979256,42.00314900003832,real_npy,0,1
569,/mnt/c/Users/Chirayu/Documents/GitHub/2D-to-3D-image-reconstruction/facescape_224/fsmview_trainset_11_14_sadness_26.jpg,0.06451055407524109,0.08132057636976242,0.016810022294521332,8.365635238587856,0.7388688325881958,0.48332685232162476,0.48332685232162476,21.069314999976996,21.545494000065446,real_npy,0,1
570,/mnt/c/Users/Chirayu/Documents/GitHub/2D-to-3D-image-reconstruction/facescape_224/fsmview_trainset_6_7_jaw_forward_27.jpg,0.04960023611783981,0.04675803333520889,-0.0028422027826309204,8.374668560922146,0.6908888220787048,0.37269988656044006,0.37269988656044006,20.578563999833932,19.94333299990103,real_npy,0,1
571,/mnt/c/Users/Chirayu/Documents/GitHub/2D-to-3D-image-reconstruction/facescape_224/fsmview_trainset_7_3_mouth_stretch_41.jpg,0.09556840360164642,0.09311213344335556,-0.002456270158290863,8.0034796372056,0.7656479477882385,0.48061904311180115,0.48061904311180115,46.131605000027776,117.72905700013325,real_npy,0,1
572,/mnt/c/Users/Chirayu/Documents/GitHub/2D-to-3D-image-reconstruction/facescape_224/fsmview_trainset_4_10_dimpler_8.jpg,0.04122776910662651,0.03780517727136612,-0.0034225918352603912,7.70670036226511,0.6649221181869507,0.1804199367761612,0.1804199367761612,21.640631000082067,54.45455500012031,real_npy,0,1
573,/mnt/c/Users/Chirayu/Documents/GitHub/2D-to-3D-image-reconstruction/facescape_224/fsmview_trainset_20_2_smile_44.jpg,0.08768850564956665,0.09585246443748474,0.00816395878791809,9.682344673201442,0.7663567662239075,0.4214431643486023,0.4214431643486023,26.032126000018252,21.581211000011535,real_npy,0,1
574,/mnt/c/Users/Chirayu/Documents/GitHub/2D-to-3D-image-reconstruction/facescape_224/fsmview_trainset_5_18_eye_closed_20.jpg,0.055278386920690536,0.05548235401511192,0.00020396709442138672,8.72716005332768,0.7416760325431824,0.3837125599384308,0.3837125599384308,20.978280000008453,68.11405999997078,real_npy,0,1
575,/mnt/c/Users/Chirayu/Documents/GitHub/2D-to-3D-image-reconstruction/facescape_224/fsmview_trainset_8_12_lip_puckerer_20.jpg,0.04205984249711037,0.04140198603272438,-0.0006578564643859863,8.527774232439697,0.7007811665534973,0.2873433232307434,0.2873433232307434,20.610997999938263,21.00460299993756,real_npy,0,1
576,/mnt/c/Users/Chirayu/Documents/GitHub/2D-to-3D-image-reconstruction/facescape_224/fsmview_trainset_12_4_anger_22.jpg,0.16938090324401855,0.1601228564977646,-0.009258046746253967,8.885400675237179,0.6897979974746704,0.5559110045433044,0.5559110045433044,21.52339100007339,30.74452000009842,real_npy,0,1
577,/mnt/c/Users/Chirayu/Documents/GitHub/2D-to-3D-image-reconstruction/facescape_224/fsmview_trainset_12_15_lip_roll_36.jpg,0.04253139719367027,0.14552609622478485,0.10299469903111458,8.362851107493043,0.7193074822425842,0.3813866674900055,0.3813866674900055,20.80528199985565,63.54080100004467,real_npy,0,1
578,/mnt/c/Users/Chirayu/Documents/GitHub/2D-to-3D-image-reconstruction/facescape_224/fsmview_trainset_18_3_mouth_stretch_12.jpg,0.04836323484778404,0.05145678669214249,0.003093551844358444,7.902675397694111,0.7571325302124023,0.4047447741031647,0.4047447741031647,25.69797799992557,21.229413999890312,real_npy,0,1
579,/mnt/c/Users/Chirayu/Documents/GitHub/2D-to-3D-image-reconstruction/facescape_224/fsmview_trainset_20_13_lip_funneler_59.jpg,0.6706624627113342,0.6538627743721008,-0.0167996883392334,7.476359989494085,0.6632506251335144,0.461026668548584,0.461026668548584,59.42854799991437,48.90267600012521,real_npy,0,1
580,/mnt/c/Users/Chirayu/Documents/GitHub/2D-to-3D-image-reconstruction/facescape_224/fsmview_trainset_11_3_mouth_stretch_41.jpg,0.04635677859187126,0.04369863495230675,-0.002658143639564514,7.944599302485585,0.7413318753242493,0.4480973184108734,0.4480973184108734,55.56348100003561,70.65559399984522,real_npy,0,1
581,/mnt/c/Users/Chirayu/Documents/GitHub/2D-to-3D-image-reconstruction/facescape_224/fsmview_trainset_11_12_lip_puckerer_29.jpg,0.17109709978103638,0.5821956992149353,0.4110985994338989,17.128037926740944,1.6250925064086914,0.41843947768211365,0.41843947768211365,22.493509000014456,23.693596999919464,real_npy,0,1
582,/mnt/c/Users/Chirayu/Documents/GitHub/2D-to-3D-image-reconstruction/facescape_224/fsmview_trainset_3_4_anger_2.jpg,0.049152255058288574,0.056811895221471786,0.007659640163183212,8.396145410835743,0.730795681476593,0.43584001064300537,0.43584001064300537,31.34347899981549,23.64117700017232,real_npy,0,1
583,/mnt/c/Users/Chirayu/Documents/GitHub/2D-to-3D-image-reconstruction/facescape_224/fsmview_trainset_4_10_dimpler_27.jpg,0.07920005917549133,0.07962851226329803,0.00042845308780670166,7.732186406850815,0.695832371711731,0.3588310182094574,0.3588310182094574,34.270738000032,23.09655399994881,real_npy,0,1
584,/mnt/c/Users/Chirayu/Documents/GitHub/2D-to-3D-image-reconstruction/facescape_224/fsmview_trainset_9_1_neutral_12.jpg,0.032996200025081635,0.036568205803632736,0.0035720057785511017,7.842365995049477,0.6632425785064697,0.23448629677295685,0.23448629677295685,40.288692999865816,23.387460000094507,real_npy,0,1
585,/mnt/c/Users/Chirayu/Documents/GitHub/2D-to-3D-image-reconstruction/facescape_224/fsmview_trainset_12_13_lip_funneler_5.jpg,0.4342351257801056,0.44980746507644653,0.015572339296340942,6.687838546931744,0.6442350745201111,0.5006036758422852,0.5006036758422852,32.866743999875325,20.184468000024935,real_npy,0,1
586,/mnt/c/Users/Chirayu/Documents/GitHub/2D-to-3D-image-reconstruction/facescape_224/fsmview_trainset_5_18_eye_closed_3.jpg,0.31794360280036926,0.32650306820869446,0.008559465408325195,7.8115622997283936,0.6715652942657471,0.3763418197631836,0.3763418197631836,20.704906999981176,20.34649300003366,real_npy,0,1
587,/mnt/c/Users/Chirayu/Documents/GitHub/2D-to-3D-image-reconstruction/facescape_224/fsmview_trainset_1_3_mouth_stretch_44.jpg,0.11618208140134811,0.12276820838451385,0.006586126983165741,7.946322470903397,0.6744508743286133,0.4969756305217743,0.4969756305217743,20.663177999949767,88.59331400003612,real_npy,0,1
588,/mnt/c/Users/Chirayu/Documents/GitHub/2D-to-3D-image-reconstruction/facescape_224/fsmview_trainset_11_3_mouth_stretch_17.jpg,0.047936227172613144,0.05316826328635216,0.005232036113739014,7.584134601056576,0.7243324518203735,0.5002537965774536,0.5002537965774536,29.48899800003346,90.9062839998569,real_npy,0,1
589,/mnt/c/Users/Chirayu/Documents/GitHub/2D-to-3D-image-reconstruction/facescape_224/fsmview_trainset_8_10_dimpler_40.jpg,0.25555938482284546,0.25305747985839844,-0.0025019049644470215,6.387240260839462,0.6477978229522705,0.43297427892684937,0.43297427892684937,33.27670199996646,19.493904999990264,real_npy,0,0
590,/mnt/c/Users/Chirayu/Documents/GitHub/2D-to-3D-image-reconstruction/facescape_224/fsmview_trainset_18_15_lip_roll_39.jpg,0.10348866879940033,0.0965002253651619,-0.006988443434238434,7.7529137916862965,0.7024967074394226,0.5248039960861206,0.5248039960861206,21.491940000032628,20.911148000095636,real_npy,0,1
591,/mnt/c/Users/Chirayu/Documents/GitHub/2D-to-3D-image-reconstruction/facescape_224/fsmview_trainset_19_12_lip_puckerer_5.jpg,0.05689314380288124,0.06535238772630692,0.008459243923425674,8.282009828835726,0.6810204386711121,0.2442668378353119,0.2442668378353119,48.528217000011864,23.47888999997849,real_npy,0,1
592,/mnt/c/Users/Chirayu/Documents/GitHub/2D-to-3D-image-reconstruction/facescape_224/fsmview_trainset_9_12_lip_puckerer_22.jpg,0.2884283661842346,0.3531149923801422,0.06468662619590759,6.9100427478551865,0.6701523065567017,0.6099624633789062,0.6099624633789062,22.496891999935542,22.23081099987212,real_npy,0,1
593,/mnt/c/Users/Chirayu/Documents/GitHub/2D-to-3D-image-reconstruction/facescape_224/fsmview_trainset_4_14_sadness_45.jpg,0.11686001718044281,0.1346353441476822,0.01777532696723938,9.682322895154357,0.8023860454559326,0.3023150861263275,0.3023150861263275,34.96131499991861,23.371251000071425,real_npy,0,1
594,/mnt/c/Users/Chirayu/Documents/GitHub/2D-to-3D-image-reconstruction/facescape_224/fsmview_trainset_12_10_dimpler_0.jpg,0.04251622408628464,0.044759105890989304,0.002242881804704666,8.310295443981886,0.6721908450126648,0.40273210406303406,0.40273210406303406,23.269183999900633,23.107252000045264,real_npy,0,1
595,/mnt/c/Users/Chirayu/Documents/GitHub/2D-to-3D-image-reconstruction/facescape_224/fsmview_trainset_3_16_grin_35.jpg,0.11134376376867294,0.12953311204910278,0.01818934828042984,7.583576440811157,0.7011111974716187,0.3745650053024292,0.3745650053024292,22.179671999992934,21.210301999872172,real_npy,0,1
596,/mnt/c/Users/Chirayu/Documents/GitHub/2D-to-3D-image-reconstruction/facescape_224/fsmview_trainset_14_1_neutral_59.jpg,0.04687432944774628,0.052007101476192474,0.0051327720284461975,7.2953683361411095,0.6364662647247314,0.35642388463020325,0.35642388463020325,21.964917000104833,21.456517000160602,real_npy,0,1
597,/mnt/c/Users/Chirayu/Documents/GitHub/2D-to-3D-image-reconstruction/facescape_224/fsmview_trainset_19_1_neutral_9.jpg,0.062409743666648865,0.07772403955459595,0.015314295887947083,8.973963394761086,0.7475345134735107,0.2641943395137787,0.2641943395137787,32.739285999923595,26.487301999850388,real_npy,0,1
598,/mnt/c/Users/Chirayu/Documents/GitHub/2D-to-3D-image-reconstruction/facescape_224/fsmview_trainset_19_5_jaw_left_27.jpg,0.6684127449989319,0.4778020977973938,-0.19061064720153809,8.004466015845537,0.7098687887191772,0.38147464394569397,0.38147464394569397,34.98835400000644,46.09775700009777,real_npy,0,1
599,/mnt/c/Users/Chirayu/Documents/GitHub/2D-to-3D-image-reconstruction/facescape_224/fsmview_trainset_7_13_lip_funneler_40.jpg,0.18967244029045105,0.22000591456890106,0.030333474278450012,6.662637583911419,0.6301331520080566,0.4355403780937195,0.4355403780937195,23.745195999936186,22.0674729998791,real_npy,0,1
600,/mnt/c/Users/Chirayu/Documents/GitHub/2D-to-3D-image-reconstruction/facescape_224/fsmview_trainset_3_2_smile_25.jpg,0.035013485699892044,0.03610246628522873,0.0010889805853366852,7.70681082457304,0.6614759564399719,0.32926955819129944,0.32926955819129944,65.38174199999958,20.764349000046423,real_npy,0,1
601,/mnt/c/Users/Chirayu/Documents/GitHub/2D-to-3D-image-reconstruction/facescape_224/fsmview_trainset_7_3_mouth_stretch_16.jpg,0.04487498104572296,0.7774785161018372,0.7326035350561142,17.967192601412535,1.7246959209442139,0.35120680928230286,0.35120680928230286,20.977339000182837,23.4522119999383,real_npy,0,1
602,/mnt/c/Users/Chirayu/Documents/GitHub/2D-to-3D-image-reconstruction/facescape_224/fsmview_trainset_7_13_lip_funneler_18.jpg,0.04121340438723564,0.04053662717342377,-0.0006767772138118744,8.383289265446365,0.6876025795936584,0.42149871587753296,0.42149871587753296,22.004552999987936,20.36694699995678,real_npy,0,1
603,/mnt/c/Users/Chirayu/Documents/GitHub/2D-to-3D-image-reconstruction/facescape_224/fsmview_trainset_4_11_chin_raiser_44.jpg,0.10616426914930344,0.10033243149518967,-0.0058318376541137695,8.389403589069843,0.7084516882896423,0.3701329529285431,0.3701329529285431,25.153019000072163,22.38939200015011,real_npy,0,1
604,/mnt/c/Users/Chirayu/Documents/GitHub/2D-to-3D-image-reconstruction/facescape_224/fsmview_trainset_5_10_dimpler_15.jpg,0.03747231885790825,0.0394468680024147,0.0019745491445064545,8.066476484760642,0.6678632497787476,0.38586440682411194,0.38586440682411194,47.598289000006844,21.45975799999178,real_npy,0,1
605,/mnt/c/Users/Chirayu/Documents/GitHub/2D-to-3D-image-reconstruction/facescape_224/fsmview_trainset_15_16_grin_18.jpg,0.0466533899307251,0.05065783113241196,0.004004441201686859,8.015562653541565,0.7385543584823608,0.5432904958724976,0.5432904958724976,26.552920000085578,87.30939200017929,real_npy,0,1
606,/mnt/c/Users/Chirayu/Documents/GitHub/2D-to-3D-image-reconstruction/facescape_224/fsmview_trainset_12_14_sadness_38.jpg,0.032904285937547684,0.03243371471762657,-0.00047057121992111206,8.465192634612322,0.7072417736053467,0.43636980652809143,0.43636980652809143,21.22378000012759,25.437103999820465,real_npy,0,1
607,/mnt/c/Users/Chirayu/Documents/GitHub/2D-to-3D-image-reconstruction/facescape_224/fsmview_trainset_14_20_brow_lower_64.jpg,0.46804359555244446,0.4580919146537781,-0.009951680898666382,6.9825451746582985,0.610572874546051,0.46292486786842346,0.46292486786842346,20.835504999922705,21.105069999975967,real_npy,0,1
608,/mnt/c/Users/Chirayu/Documents/GitHub/2D-to-3D-image-reconstruction/facescape_224/fsmview_trainset_8_17_cheek_blowing_22.jpg,0.045236993581056595,0.04530015215277672,6.315857172012329e-05,8.0290501229465,0.6649668216705322,0.2935929596424103,0.2935929596424103,41.481283999928564,21.55025599995497,real_npy,0,1
609,/mnt/c/Users/Chirayu/Documents/GitHub/2D-to-3D-image-reconstruction/facescape_224/fsmview_trainset_15_14_sadness_10.jpg,0.20986150205135345,0.2640365660190582,0.05417506396770477,8.133478794246912,0.7279319763183594,0.5904510021209717,0.5904510021209717,38.06974700000865,34.58156199985751,real_npy,0,1
610,/mnt/c/Users/Chirayu/Documents/GitHub/2D-to-3D-image-reconstruction/facescape_224/fsmview_trainset_15_8_mouth_left_18.jpg,0.04113558307290077,0.040661923587322235,-0.000473659485578537,7.893341541290283,0.648472785949707,0.5479838848114014,0.5479838848114014,27.39305700015393,80.73312800001986,real_npy,0,1
611,/mnt/c/Users/Chirayu/Documents/GitHub/2D-to-3D-image-reconstruction/facescape_224/fsmview_trainset_17_4_anger_19.jpg,0.05737876892089844,0.058685388416051865,0.0013066194951534271,9.06420417316258,0.7759813666343689,0.33018627762794495,0.33018627762794495,21.066482999913205,20.307544000161215,real_npy,0,1
612,/mnt/c/Users/Chirayu/Documents/GitHub/2D-to-3D-image-reconstruction/facescape_224/fsmview_trainset_14_18_eye_closed_19.jpg,0.04264434427022934,0.046900104731321335,0.004255760461091995,7.146668508648872,0.6396957039833069,0.5449700355529785,0.5449700355529785,20.19132800000989,22.648942000159877,real_npy,0,1
613,/mnt/c/Users/Chirayu/Documents/GitHub/2D-to-3D-image-reconstruction/facescape_224/fsmview_trainset_9_2_smile_25.jpg,0.04501541703939438,0.04519209265708923,0.00017667561769485474,8.519413586705923,0.7031468152999878,0.3313310146331787,0.3313310146331787,21.197624000024007,21.7756009999448,real_npy,0,1
614,/mnt/c/Users/Chirayu/Documents/GitHub/2D-to-3D-image-reconstruction/facescape_224/fsmview_trainset_17_12_lip_puckerer_12.jpg,0.15200452506542206,0.15345986187458038,0.0014553368091583252,7.869689766317606,0.7505417466163635,0.24646049737930298,0.24646049737930298,81.49734399989939,63.56450499993116,real_npy,0,1
615,/mnt/c/Users/Chirayu/Documents/GitHub/2D-to-3D-image-reconstruction/facescape_224/fsmview_trainset_14_18_eye_closed_64.jpg,0.06764275580644608,0.0698518455028534,0.002209089696407318,9.032313615083694,0.824248194694519,0.43885770440101624,0.43885770440101624,20.659698000145,21.062345000018468,real_npy,0,1
616,/mnt/c/Users/Chirayu/Documents/GitHub/2D-to-3D-image-reconstruction/facescape_224/fsmview_trainset_1_3_mouth_stretch_17.jpg,0.0457400307059288,7.876161575317383,7.830421544611454,57.78504292666912,8.580774307250977,0.3351636230945587,0.3351636230945587,21.747643000026073,30.308332000004157,real_npy,1,1
617,/mnt/c/Users/Chirayu/Documents/GitHub/2D-to-3D-image-reconstruction/facescape_224/fsmview_trainset_1_2_smile_10.jpg,0.032527584582567215,0.034427106380462646,0.0018995217978954315,8.362329125404358,0.738413393497467,0.3085261285305023,0.3085261285305023,22.229641999956584,20.91597899993758,real_npy,0,1
618,/mnt/c/Users/Chirayu/Documents/GitHub/2D-to-3D-image-reconstruction/facescape_224/fsmview_trainset_15_6_jaw_right_18.jpg,0.05074191093444824,0.0493939146399498,-0.0013479962944984436,8.053772762417793,0.7038513422012329,0.546326756477356,0.546326756477356,22.908086000143157,21.801791000143567,real_npy,0,1
619,/mnt/c/Users/Chirayu/Documents/GitHub/2D-to-3D-image-reconstruction/facescape_224/fsmview_trainset_5_1_neutral_10.jpg,0.24419844150543213,0.18308041989803314,-0.06111802160739899,6.559941124171019,0.6746966242790222,0.5788794755935669,0.5788794755935669,21.035782999888397,65.65488600017488,real_npy,0,1
620,/mnt/c/Users/Chirayu/Documents/GitHub/2D-to-3D-image-reconstruction/facescape_224/fsmview_trainset_6_12_lip_puckerer_56.jpg,0.0868949368596077,0.08483297377824783,-0.0020619630813598633,8.421756744384766,0.7346014976501465,0.36923345923423767,0.36923345923423767,28.56088099997578,47.093465999978434,real_npy,0,1
621,/mnt/c/Users/Chirayu/Documents/GitHub/2D-to-3D-image-reconstruction/facescape_224/fsmview_trainset_13_18_eye_closed_56.jpg,0.15519589185714722,0.16846555471420288,0.013269662857055664,7.910415131598711,0.6544667482376099,0.41399815678596497,0.41399815678596497,23.142741000128808,21.650751999914064,real_npy,0,1
622,/mnt/c/Users/Chirayu/Documents/GitHub/2D-to-3D-image-reconstruction/facescape_224/fsmview_trainset_5_1_neutral_27.jpg,0.04168592765927315,0.04728394001722336,0.005598012357950211,7.632080860435963,0.6405794620513916,0.28012198209762573,0.28012198209762573,70.38017800005036,66.22828000013214,real_npy,0,1
623,/mnt/c/Users/Chirayu/Documents/GitHub/2D-to-3D-image-reconstruction/facescape_224/fsmview_trainset_12_15_lip_roll_20.jpg,0.8452455401420593,0.752442479133606,-0.09280306100845337,7.617053933441639,0.6703346967697144,0.4954589009284973,0.4954589009284973,99.84673899998597,21.693723999987924,real_npy,0,1
624,/mnt/c/Users/Chirayu/Documents/GitHub/2D-to-3D-image-reconstruction/facescape_224/fsmview_trainset_15_10_dimpler_59.jpg,0.03972279280424118,0.04363783821463585,0.003915045410394669,7.880981657654047,0.6430853009223938,0.40469881892204285,0.40469881892204285,21.741484999893146,21.445982000159347,real_npy,0,1
625,/mnt/c/Users/Chirayu/Documents/GitHub/2D-to-3D-image-reconstruction/facescape_224/fsmview_trainset_1_11_chin_raiser_32.jpg,0.27277639508247375,197.97271728515625,197.69994089007378,248.89086121320724,252.99447631835938,0.24136222898960114,0.24136222898960114,21.96105100006207,18.26166099999682,real_npy,1,1
626,/mnt/c/Users/Chirayu/Documents/GitHub/2D-to-3D-image-reconstruction/facescape_224/fsmview_trainset_16_3_mouth_stretch_10.jpg,0.028866758570075035,0.03259581699967384,0.0037290584295988083,7.180897541344166,0.6399733424186707,0.30968430638313293,0.30968430638313293,23.98960999994415,33.40006399980666,real_npy,0,1
627,/mnt/c/Users/Chirayu/Documents/GitHub/2D-to-3D-image-reconstruction/facescape_224/fsmview_trainset_1_15_lip_roll_42.jpg,0.144734725356102,0.12334790080785751,-0.021386824548244476,7.7634874656796455,0.7466968894004822,0.44607818126678467,0.44607818126678467,59.08726200004821,19.931159999941883,real_npy,0,1
628,/mnt/c/Users/Chirayu/Documents/GitHub/2D-to-3D-image-reconstruction/facescape_224/fsmview_trainset_19_17_cheek_blowing_3.jpg,0.07627294212579727,0.07124838978052139,-0.005024552345275879,9.40306567773223,0.7557477355003357,0.35662177205085754,0.35662177205085754,20.97180999999182,23.488917000122456,real_npy,0,1
629,/mnt/c/Users/Chirayu/Documents/GitHub/2D-to-3D-image-reconstruction/facescape_224/fsmview_trainset_20_8_mouth_left_7.jpg,0.9829792976379395,0.9854835271835327,0.0025042295455932617,7.291364038363099,0.6895503401756287,0.5077872276306152,0.5077872276306152,23.501785999997082,22.961342999906265,real_npy,0,1
630,/mnt/c/Users/Chirayu/Documents/GitHub/2D-to-3D-image-reconstruction/facescape_224/fsmview_trainset_12_16_grin_49.jpg,0.05264591425657272,0.04945846647024155,-0.0031874477863311768,7.906984720379114,0.6876137256622314,0.4624752104282379,0.4624752104282379,54.63491699993028,21.394892999978765,real_npy,0,1
631,/mnt/c/Users/Chirayu/Documents/GitHub/2D-to-3D-image-reconstruction/facescape_224/fsmview_trainset_5_8_mouth_left_54.jpg,0.2680462598800659,0.20994292199611664,-0.05810333788394928,7.967808932065964,0.7374188899993896,0.5084623694419861,0.5084623694419861,34.2271399999845,62.80194200007827,real_npy,0,1
632,/mnt/c/Users/Chirayu/Documents/GitHub/2D-to-3D-image-reconstruction/facescape_224/fsmview_trainset_2_11_chin_raiser_54.jpg,0.17338189482688904,0.17126069962978363,-0.0021211951971054077,8.477620579302311,0.7029737234115601,0.49403151869773865,0.49403151869773865,22.167483999965043,21.45261999999093,real_npy,0,1
633,/mnt/c/Users/Chirayu/Documents/GitHub/2D-to-3D-image-reconstruction/facescape_224/fsmview_trainset_7_9_mouth_right_10.jpg,0.030797302722930908,0.032619278877973557,0.0018219761550426483,7.659753262996674,0.6426694989204407,0.3365754187107086,0.3365754187107086,22.63621600013721,23.686674000146013,real_npy,0,1
634,/mnt/c/Users/Chirayu/Documents/GitHub/2D-to-3D-image-reconstruction/facescape_224/fsmview_trainset_3_13_lip_funneler_6.jpg,0.05404389277100563,0.052414219826459885,-0.0016296729445457458,8.218685939908028,0.7494887709617615,0.3253061771392822,0.3253061771392822,44.61779299981572,57.52540100002079,real_npy,0,1
635,/mnt/c/Users/Chirayu/Documents/GitHub/2D-to-3D-image-reconstruction/facescape_224/fsmview_trainset_9_15_lip_roll_28.jpg,0.0465208925306797,0.04430823400616646,-0.0022126585245132446,7.669236928224564,0.6359203457832336,0.24663875997066498,0.24663875997066498,42.96717300007913,33.76384600005622,real_npy,0,1
636,/mnt/c/Users/Chirayu/Documents/GitHub/2D-to-3D-image-reconstruction/facescape_224/fsmview_trainset_13_13_lip_funneler_9.jpg,0.06597740948200226,0.06994684785604477,0.003969438374042511,8.189239776693285,0.6988871693611145,0.4180554747581482,0.4180554747581482,34.659615999999005,108.58657300013874,real_npy,0,1
637,/mnt/c/Users/Chirayu/Documents/GitHub/2D-to-3D-image-reconstruction/facescape_224/fsmview_trainset_3_14_sadness_39.jpg,0.04943351447582245,0.05330077186226845,0.003867257386445999,7.728255312889814,0.691718578338623,0.38110002875328064,0.38110002875328064,22.708357999817963,21.507282000129635,real_npy,0,1
638,/mnt/c/Users/Chirayu/Documents/GitHub/2D-to-3D-image-reconstruction/facescape_224/fsmview_trainset_12_2_smile_52.jpg,0.052941709756851196,0.05133381858468056,-0.001607891172170639,7.7562523409724236,0.6336319446563721,0.4765028655529022,0.4765028655529022,20.684265999989293,19.43030400002499,real_npy,0,1
639,/mnt/c/Users/Chirayu/Documents/GitHub/2D-to-3D-image-reconstruction/facescape_224/fsmview_trainset_1_9_mouth_right_55.jpg,0.05501462519168854,0.05767751857638359,0.002662893384695053,7.783309832215309,0.7292781472206116,0.3305267095565796,0.3305267095565796,24.129090000087672,20.822746000021652,real_npy,0,1
640,/mnt/c/Users/Chirayu/Documents/GitHub/2D-to-3D-image-reconstruction/facescape_224/fsmview_trainset_3_9_mouth_right_28.jpg,0.03695455193519592,0.03624781221151352,-0.0007067397236824036,7.601058840751648,0.6440111398696899,0.2812926769256592,0.2812926769256592,21.783020999919245,20.513924999931987,real_npy,0,1
641,/mnt/c/Users/Chirayu/Documents/GitHub/2D-to-3D-image-reconstruction/facescape_224/fsmview_trainset_15_13_lip_funneler_10.jpg,0.14444981515407562,0.16024738550186157,0.01579757034778595,8.220264304429293,0.7401315569877625,0.5664705038070679,0.5664705038070679,24.348938999992242,21.796111999947243,real_npy,0,1
642,/mnt/c/Users/Chirayu/Documents/GitHub/2D-to-3D-image-reconstruction/facescape_224/fsmview_trainset_19_6_jaw_right_24.jpg,0.06987421959638596,0.07702865451574326,0.0071544349193573,9.414200853556395,0.7871298789978027,0.33272045850753784,0.33272045850753784,21.54719899999691,21.099151000044003,real_npy,0,1
643,/mnt/c/Users/Chirayu/Documents/GitHub/2D-to-3D-image-reconstruction/facescape_224/fsmview_trainset_10_2_smile_32.jpg,0.2503792941570282,138.48394775390625,138.23356845974922,210.22857868671417,178.0859375,0.21470031142234802,0.21470031142234802,20.865349000132483,85.35784700006843,real_npy,1,1
644,/mnt/c/Users/Chirayu/Documents/GitHub/2D-to-3D-image-reconstruction/facescape_224/fsmview_trainset_2_14_sadness_46.jpg,0.4332473576068878,0.4769933521747589,0.043745994567871094,6.489200450479984,0.6129193902015686,0.5112932920455933,0.5112932920455933,23.715872000138916,21.40391400007502,template_fallback,0,0
645,/mnt/c/Users/Chirayu/Documents/GitHub/2D-to-3D-image-reconstruction/facescape_224/fsmview_trainset_13_19_brow_raiser_4.jpg,0.058669526129961014,0.05606886371970177,-0.002600662410259247,9.198627054691315,0.7561179995536804,0.39463010430336,0.39463010430336,31.2039249999998,20.029317000080482,real_npy,0,1
646,/mnt/c/Users/Chirayu/Documents/GitHub/2D-to-3D-image-reconstruction/facescape_224/fsmview_trainset_18_4_anger_36.jpg,0.05250990390777588,0.04502047598361969,-0.007489427924156189,8.063799917697906,0.692142903804779,0.4332020580768585,0.4332020580768585,22.05289699986679,23.358327999858375,real_npy,0,1
647,/mnt/c/Users/Chirayu/Documents/GitHub/2D-to-3D-image-reconstruction/facescape_224/fsmview_trainset_2_2_smile_41.jpg,0.8137064576148987,0.8035799860954285,-0.010126471519470215,7.7547277975827456,0.7249187231063843,0.40586578845977783,0.40586578845977783,22.988961999999447,19.882383000094705,real_npy,0,1
648,/mnt/c/Users/Chirayu/Documents/GitHub/2D-to-3D-image-reconstruction/facescape_224/fsmview_trainset_2_14_sadness_27.jpg,0.06343504786491394,0.06495263427495956,0.0015175864100456238,9.250353522598743,0.7707666158676147,0.4302729368209839,0.4302729368209839,21.100513999954273,22.309171999950195,real_npy,0,1
649,/mnt/c/Users/Chirayu/Documents/GitHub/2D-to-3D-image-reconstruction/facescape_224/fsmview_trainset_7_19_brow_raiser_27.jpg,0.056287407875061035,0.05272548273205757,-0.0035619251430034637,8.795879578217864,0.728837788105011,0.42359185218811035,0.42359185218811035,21.807457000022623,22.186256999930265,real_npy,0,1
650,/mnt/c/Users/Chirayu/Documents/GitHub/2D-to-3D-image-reconstruction/facescape_224/fsmview_trainset_2_9_mouth_right_55.jpg,0.11028571426868439,0.11206720769405365,0.0017814934253692627,8.691094759851694,0.7583087086677551,0.42509400844573975,0.42509400844573975,21.539987999858567,22.053148999930272,real_npy,0,1
651,/mnt/c/Users/Chirayu/Documents/GitHub/2D-to-3D-image-reconstruction/facescape_224/fsmview_trainset_7_1_neutral_53.jpg,0.09892777353525162,0.09738963842391968,-0.0015381351113319397,8.142284609377384,0.7072378396987915,0.43653008341789246,0.43653008341789246,20.495891999871674,21.496922999858725,real_npy,0,1
652,/mnt/c/Users/Chirayu/Documents/GitHub/2D-to-3D-image-reconstruction/facescape_224/fsmview_trainset_19_19_brow_raiser_12.jpg,0.2599117159843445,0.27466312050819397,0.014751404523849487,7.523807529360056,0.6426947712898254,0.305603951215744,0.305603951215744,64.11049100006494,19.81579499988584,real_npy,0,1
653,/mnt/c/Users/Chirayu/Documents/GitHub/2D-to-3D-image-reconstruction/facescape_224/fsmview_trainset_12_16_grin_21.jpg,0.06039397045969963,0.06493441015481949,0.004540439695119858,9.11811456643045,0.737158477306366,0.5503809452056885,0.5503809452056885,29.89753300016673,20.688474000053247,real_npy,0,1
654,/mnt/c/Users/Chirayu/Documents/GitHub/2D-to-3D-image-reconstruction/facescape_224/fsmview_trainset_3_9_mouth_right_17.jpg,0.033211689442396164,0.07822448760271072,0.04501279816031456,7.187517516314983,0.6301969289779663,0.34022974967956543,0.34022974967956543,20.614182999906916,20.888426999817966,real_npy,0,1
655,/mnt/c/Users/Chirayu/Documents/GitHub/2D-to-3D-image-reconstruction/facescape_224/fsmview_trainset_10_20_brow_lower_19.jpg,0.04939712584018707,0.05149297043681145,0.0020958445966243744,8.548739238176495,0.7221084237098694,0.34271878004074097,0.34271878004074097,21.137253999995664,23.27901000012389,real_npy,0,1
656,/mnt/c/Users/Chirayu/Documents/GitHub/2D-to-3D-image-reconstruction/facescape_224/fsmview_trainset_3_14_sadness_24.jpg,0.044982846826314926,0.047128889709711075,0.0021460428833961487,8.540616752579808,0.6922807693481445,0.4445990025997162,0.4445990025997162,20.600445999889416,29.595669999935126,real_npy,0,1
657,/mnt/c/Users/Chirayu/Documents/GitHub/2D-to-3D-image-reconstruction/facescape_224/fsmview_trainset_11_15_lip_roll_11.jpg,0.08170579373836517,0.16426602005958557,0.0825602263212204,7.2635712921619415,0.6625949740409851,0.5791813731193542,0.5791813731193542,21.501966999949218,21.7558059998737,real_npy,0,1
658,/mnt/c/Users/Chirayu/Documents/GitHub/2D-to-3D-image-reconstruction/facescape_224/fsmview_trainset_20_9_mouth_right_52.jpg,0.16379381716251373,0.17814402282238007,0.014350205659866333,7.834339275956154,0.698175847530365,0.5087763071060181,0.5087763071060181,38.06857700010369,64.15816499998073,real_npy,0,1
659,/mnt/c/Users/Chirayu/Documents/GitHub/2D-to-3D-image-reconstruction/facescape_224/fsmview_trainset_12_12_lip_puckerer_32.jpg,0.03746684268116951,2.0417652130126953,2.004298370331526,30.29986000061035,3.1374990940093994,0.44356340169906616,0.44356340169906616,22.269750000077693,27.303587999995216,real_npy,1,1
660,/mnt/c/Users/Chirayu/Documents/GitHub/2D-to-3D-image-reconstruction/facescape_224/fsmview_trainset_1_5_jaw_left_13.jpg,0.21169447898864746,0.20494046807289124,-0.006754010915756226,6.894344717264175,0.617290735244751,0.5029977560043335,0.5029977560043335,20.895950000067387,23.679392000076405,real_npy,0,1
661,/mnt/c/Users/Chirayu/Documents/GitHub/2D-to-3D-image-reconstruction/facescape_224/fsmview_trainset_7_10_dimpler_0.jpg,0.23112992942333221,0.2130512297153473,-0.018078699707984924,7.036666609346867,0.670927882194519,0.4833834171295166,0.4833834171295166,23.84356399988974,22.333769999931974,real_npy,0,1
662,/mnt/c/Users/Chirayu/Documents/GitHub/2D-to-3D-image-reconstruction/facescape_224/fsmview_trainset_5_13_lip_funneler_9.jpg,0.03806310519576073,0.04244488850235939,0.004381783306598663,8.06005296856165,0.6825755834579468,0.30542418360710144,0.30542418360710144,21.210956000004444,31.605288999799086,real_npy,0,1
663,/mnt/c/Users/Chirayu/Documents/GitHub/2D-to-3D-image-reconstruction/facescape_224/fsmview_trainset_8_8_mouth_left_2.jpg,0.05143988877534866,0.04949476197361946,-0.0019451268017292023,7.683892548084259,0.6681861877441406,0.2701028287410736,0.2701028287410736,36.72130799986917,21.277740999948946,real_npy,0,1
664,/mnt/c/Users/Chirayu/Documents/GitHub/2D-to-3D-image-reconstruction/facescape_224/fsmview_trainset_6_14_sadness_17.jpg,0.03957252576947212,0.040719497948884964,0.0011469721794128418,8.33167346008122,0.6949594616889954,0.37111902236938477,0.37111902236938477,20.108218999894234,19.634995999922467,real_npy,0,1
665,/mnt/c/Users/Chirayu/Documents/GitHub/2D-to-3D-image-reconstruction/facescape_224/fsmview_trainset_20_1_neutral_21.jpg,0.034201182425022125,0.03340545669198036,-0.0007957257330417633,7.694677330553532,0.633655309677124,0.39892831444740295,0.39892831444740295,20.705617999965398,19.867503999876135,real_npy,0,1
666,/mnt/c/Users/Chirayu/Documents/GitHub/2D-to-3D-image-reconstruction/facescape_224/fsmview_trainset_13_7_jaw_forward_8.jpg,0.04020531103014946,83.83765411376953,83.79744880273938,170.03268441557884,88.96947479248047,0.3988213837146759,0.3988213837146759,24.510769000016808,36.714575000132754,real_npy,1,1
667,/mnt/c/Users/Chirayu/Documents/GitHub/2D-to-3D-image-reconstruction/facescape_224/fsmview_trainset_15_15_lip_roll_25.jpg,0.027454741299152374,0.02745821513235569,3.473833203315735e-06,7.088778391480446,0.5816974639892578,0.5494062304496765,0.5494062304496765,20.56016400001681,19.892529999879116,real_npy,0,1
668,/mnt/c/Users/Chirayu/Documents/GitHub/2D-to-3D-image-reconstruction/facescape_224/fsmview_trainset_3_10_dimpler_47.jpg,0.04485578462481499,0.049440898001194,0.004585113376379013,8.941750071942806,0.7427458763122559,0.4816135764122009,0.4816135764122009,24.94990900004268,20.21911099996032,real_npy,0,1
669,/mnt/c/Users/Chirayu/Documents/GitHub/2D-to-3D-image-reconstruction/facescape_224/fsmview_trainset_5_12_lip_puckerer_19.jpg,0.04306746646761894,0.04438728466629982,0.0013198181986808777,8.518057704903185,0.7131209969520569,0.35808104276657104,0.35808104276657104,20.797001999881104,20.001124999907915,real_npy,0,1
670,/mnt/c/Users/Chirayu/Documents/GitHub/2D-to-3D-image-reconstruction/facescape_224/fsmview_trainset_10_14_sadness_40.jpg,0.1354006677865982,0.1553097516298294,0.0199090838432312,7.029387965798378,0.6312927603721619,0.5299487113952637,0.5299487113952637,20.888779999950202,19.323116000123264,real_npy,0,1
671,/mnt/c/Users/Chirayu/Documents/GitHub/2D-to-3D-image-reconstruction/facescape_224/fsmview_trainset_13_2_smile_33.jpg,0.13270466029644012,0.12592525780200958,-0.006779402494430542,7.948811657726765,0.705264151096344,0.41534608602523804,0.41534608602523804,21.604740000157108,23.41764399989188,real_npy,0,1
672,/mnt/c/Users/Chirayu/Documents/GitHub/2D-to-3D-image-reconstruction/facescape_224/fsmview_trainset_19_8_mouth_left_27.jpg,0.5293145179748535,0.4159563183784485,-0.11335819959640503,7.9573711305856705,0.7202802896499634,0.40189361572265625,0.40189361572265625,21.832934000030946,21.196031000044968,real_npy,0,1
673,/mnt/c/Users/Chirayu/Documents/GitHub/2D-to-3D-image-reconstruction/facescape_224/fsmview_trainset_18_4_anger_34.jpg,0.031094277277588844,105.7649917602539,105.73389748297632,188.58880585432053,123.3232421875,0.4224729537963867,0.4224729537963867,37.01507400000992,18.75741100002415,real_npy,1,1
674,/mnt/c/Users/Chirayu/Documents/GitHub/2D-to-3D-image-reconstruction/facescape_224/fsmview_trainset_17_3_mouth_stretch_56.jpg,0.7421239614486694,0.7519902586936951,0.009866297245025635,6.872502859681845,0.5973031520843506,0.29213815927505493,0.29213815927505493,21.103593999896475,59.51464000008855,real_npy,0,1
675,/mnt/c/Users/Chirayu/Documents/GitHub/2D-to-3D-image-reconstruction/facescape_224/fsmview_trainset_14_12_lip_puckerer_5.jpg,0.5328933000564575,0.47309762239456177,-0.05979567766189575,7.4799206629395485,0.6544625759124756,0.6031820178031921,0.6031820178031921,20.249416999831737,58.8108839999677,template_fallback,0,1
676,/mnt/c/Users/Chirayu/Documents/GitHub/2D-to-3D-image-reconstruction/facescape_224/fsmview_trainset_16_16_grin_41.jpg,0.09574823081493378,0.09338414669036865,-0.0023640841245651245,7.972622446715832,0.7510981559753418,0.4477621614933014,0.4477621614933014,25.673728999890955,24.167031999922983,real_npy,0,1
677,/mnt/c/Users/Chirayu/Documents/GitHub/2D-to-3D-image-reconstruction/facescape_224/fsmview_trainset_19_11_chin_raiser_6.jpg,0.07447376102209091,0.07706279307603836,0.0025890320539474487,8.508649399504066,0.7042219042778015,0.262211412191391,0.262211412191391,59.72974500014061,26.66299399993477,real_npy,0,1
678,/mnt/c/Users/Chirayu/Documents/GitHub/2D-to-3D-image-reconstruction/facescape_224/fsmview_trainset_16_12_lip_puckerer_31.jpg,0.044130537658929825,0.04481282830238342,0.000682290643453598,8.664310406893492,0.7267921566963196,0.2996973693370819,0.2996973693370819,21.421841999881508,18.901051000057123,real_npy,0,1
679,/mnt/c/Users/Chirayu/Documents/GitHub/2D-to-3D-image-reconstruction/facescape_224/fsmview_trainset_10_14_sadness_39.jpg,0.04730987548828125,0.046807680279016495,-0.0005021952092647552,7.856988832354546,0.6719876527786255,0.38315874338150024,0.38315874338150024,20.46649600015371,20.150089000026128,real_npy,0,1
680,/mnt/c/Users/Chirayu/Documents/GitHub/2D-to-3D-image-reconstruction/facescape_224/fsmview_trainset_11_2_smile_28.jpg,0.13674892485141754,0.1338592767715454,-0.0028896480798721313,9.203369129449129,0.7331587672233582,0.5667174458503723,0.5667174458503723,60.60416300010729,22.34627100006037,real_npy,0,1
681,/mnt/c/Users/Chirayu/Documents/GitHub/2D-to-3D-image-reconstruction/facescape_224/fsmview_trainset_8_15_lip_roll_31.jpg,0.11051487922668457,0.13231544196605682,0.021800562739372253,7.52139613032341,0.643398106098175,0.26135560870170593,0.26135560870170593,20.302750999917407,21.244247999902655,real_npy,0,1
682,/mnt/c/Users/Chirayu/Documents/GitHub/2D-to-3D-image-reconstruction/facescape_224/fsmview_trainset_20_8_mouth_left_47.jpg,0.06358878314495087,0.11729352921247482,0.053704746067523956,7.180482909083366,0.6403658390045166,0.668083667755127,0.668083667755127,19.941539000001285,19.347136000078535,real_npy,0,1
683,/mnt/c/Users/Chirayu/Documents/GitHub/2D-to-3D-image-reconstruction/facescape_224/fsmview_trainset_16_2_smile_3.jpg,0.057829733937978745,0.0683123916387558,0.010482657700777054,7.539841145277023,0.7073056101799011,0.4029715955257416,0.4029715955257416,40.33568399995602,30.798162000110096,real_npy,0,1
684,/mnt/c/Users/Chirayu/Documents/GitHub/2D-to-3D-image-reconstruction/facescape_224/fsmview_trainset_11_16_grin_64.jpg,0.07495252788066864,0.0842854380607605,0.009332910180091858,8.876812979578972,0.7919943928718567,0.433687299489975,0.433687299489975,59.67673100008142,20.575325000208977,real_npy,0,1
685,/mnt/c/Users/Chirayu/Documents/GitHub/2D-to-3D-image-reconstruction/facescape_224/fsmview_trainset_19_16_grin_22.jpg,0.039561718702316284,0.040787551552057266,0.001225832849740982,8.472231984138489,0.7115045189857483,0.30552175641059875,0.30552175641059875,21.538173999942956,32.092567000063354,real_npy,0,1
686,/mnt/c/Users/Chirayu/Documents/GitHub/2D-to-3D-image-reconstruction/facescape_224/fsmview_trainset_6_10_dimpler_42.jpg,0.3131524622440338,0.2818053662776947,-0.03134709596633911,6.294442698359489,0.6547683477401733,0.40089738368988037,0.40089738368988037,22.573766999812506,21.042469999883906,real_npy,0,0
687,/mnt/c/Users/Chirayu/Documents/GitHub/2D-to-3D-image-reconstruction/facescape_224/fsmview_trainset_4_5_jaw_left_37.jpg,0.07166862487792969,0.06806084513664246,-0.0036077797412872314,8.169718347489834,0.7040346264839172,0.3230222165584564,0.3230222165584564,21.227356000053987,70.03872699988278,real_npy,0,1
688,/mnt/c/Users/Chirayu/Documents/GitHub/2D-to-3D-image-reconstruction/facescape_224/fsmview_trainset_8_11_chin_raiser_43.jpg,0.031550776213407516,0.03551958501338959,0.003968808799982071,7.613450437784195,0.6360782980918884,0.20634442567825317,0.20634442567825317,57.133158999931766,22.181481999950847,real_npy,0,1
689,/mnt/c/Users/Chirayu/Documents/GitHub/2D-to-3D-image-reconstruction/facescape_224/fsmview_trainset_18_1_neutral_5.jpg,0.051152635365724564,0.05698832497000694,0.005835689604282379,8.270242366939783,0.7192990779876709,0.33650028705596924,0.33650028705596924,25.368717999981527,22.57941099992422,real_npy,0,1
690,/mnt/c/Users/Chirayu/Documents/GitHub/2D-to-3D-image-reconstruction/facescape_224/fsmview_trainset_13_17_cheek_blowing_0.jpg,0.03431856259703636,119.9358139038086,119.90149534121156,198.61547791957855,148.1679229736328,0.39141422510147095,0.39141422510147095,21.070233000045846,28.6574220001512,real_npy,1,1
691,/mnt/c/Users/Chirayu/Documents/GitHub/2D-to-3D-image-reconstruction/facescape_224/fsmview_trainset_3_10_dimpler_25.jpg,0.03350653871893883,1.8510757684707642,1.8175692297518253,28.201005408540368,2.8925588130950928,0.3211786150932312,0.3211786150932312,68.63091199988958,27.445133000128408,real_npy,0,1
692,/mnt/c/Users/Chirayu/Documents/GitHub/2D-to-3D-image-reconstruction/facescape_224/fsmview_trainset_1_19_brow_raiser_23.jpg,0.03664056584239006,0.03769810125231743,0.0010575354099273682,8.271587471477687,0.6968149542808533,0.36637425422668457,0.36637425422668457,23.552113000050667,21.145034000028318,real_npy,0,1
693,/mnt/c/Users/Chirayu/Documents/GitHub/2D-to-3D-image-reconstruction/facescape_224/fsmview_trainset_13_18_eye_closed_5.jpg,0.05347321927547455,0.05300821363925934,-0.00046500563621520996,8.51916616782546,0.666929304599762,0.4459347724914551,0.4459347724914551,22.019285000169475,22.171973000013168,real_npy,0,1
694,/mnt/c/Users/Chirayu/Documents/GitHub/2D-to-3D-image-reconstruction/facescape_224/fsmview_trainset_5_20_brow_lower_34.jpg,0.04809644818305969,0.29705044627189636,0.24895399808883667,10.880359970033169,1.0757555961608887,0.433559775352478,0.433559775352478,24.812177000058,22.576162999939697,real_npy,0,1
695,/mnt/c/Users/Chirayu/Documents/GitHub/2D-to-3D-image-reconstruction/facescape_224/fsmview_trainset_16_19_brow_raiser_24.jpg,0.041100818663835526,0.04352852329611778,0.002427704632282257,8.519300131127238,0.7147862315177917,0.3674924075603485,0.3674924075603485,20.526644000028682,18.717333999802577,real_npy,0,1
696,/mnt/c/Users/Chirayu/Documents/GitHub/2D-to-3D-image-reconstruction/facescape_224/fsmview_trainset_18_14_sadness_42.jpg,0.08377616852521896,0.07996708154678345,-0.0038090869784355164,8.387133792042732,0.7553358674049377,0.49920424818992615,0.49920424818992615,20.936622000135685,29.978594999874986,real_npy,0,1
697,/mnt/c/Users/Chirayu/Documents/GitHub/2D-to-3D-image-reconstruction/facescape_224/fsmview_trainset_2_1_neutral_31.jpg,0.05819794908165932,0.062062010169029236,0.003864061087369919,8.668809957802296,0.6943701505661011,0.47356730699539185,0.47356730699539185,24.762218999967445,23.125891000063348,real_npy,0,1
698,/mnt/c/Users/Chirayu/Documents/GitHub/2D-to-3D-image-reconstruction/facescape_224/fsmview_trainset_9_11_chin_raiser_34.jpg,0.04059996455907822,0.049024492502212524,0.008424527943134308,7.9457121174782515,0.6596786975860596,0.42865923047065735,0.42865923047065735,76.87464400009958,105.08577399991736,real_npy,0,1
699,/mnt/c/Users/Chirayu/Documents/GitHub/2D-to-3D-image-reconstruction/facescape_224/fsmview_trainset_8_8_mouth_left_19.jpg,0.0398055724799633,0.0406557135283947,0.0008501410484313965,8.642036496661603,0.728448212146759,0.2894468903541565,0.2894468903541565,21.118747999935295,20.897641000146905,real_npy,0,1
700,/mnt/c/Users/Chirayu/Documents/GitHub/2D-to-3D-image-reconstruction/facescape_224/fsmview_trainset_4_4_anger_7.jpg,0.0390213318169117,0.044844016432762146,0.005822684615850449,7.900519520044327,0.6731273531913757,0.18942205607891083,0.18942205607891083,20.76778600007856,21.463582000023962,real_npy,0,1
701,/mnt/c/Users/Chirayu/Documents/GitHub/2D-to-3D-image-reconstruction/facescape_224/fsmview_trainset_2_6_jaw_right_38.jpg,0.08684390783309937,0.09728763997554779,0.010443732142448425,7.871235620230436,0.6889247894287109,0.386805921792984,0.386805921792984,59.317804999864165,21.889993000058894,real_npy,0,1
702,/mnt/c/Users/Chirayu/Documents/GitHub/2D-to-3D-image-reconstruction/facescape_224/fsmview_trainset_3_18_eye_closed_43.jpg,0.6364428400993347,0.5770359635353088,-0.05940687656402588,6.546062204986811,0.6187435984611511,0.4385756850242615,0.4385756850242615,22.650444999953834,20.74551700002303,real_npy,0,1
703,/mnt/c/Users/Chirayu/Documents/GitHub/2D-to-3D-image-reconstruction/facescape_224/fsmview_trainset_18_14_sadness_1.jpg,0.0283968523144722,0.028731491416692734,0.0003346391022205353,8.094406578689814,0.6624643802642822,0.33399060368537903,0.33399060368537903,21.49307299987413,21.19802900006107,real_npy,0,1
704,/mnt/c/Users/Chirayu/Documents/GitHub/2D-to-3D-image-reconstruction/facescape_224/fsmview_trainset_12_18_eye_closed_41.jpg,0.04884237423539162,0.04631074145436287,-0.0025316327810287476,8.704991810023785,0.7583574652671814,0.3767728805541992,0.3767728805541992,45.63651400007984,20.515519999889875,real_npy,0,1
705,/mnt/c/Users/Chirayu/Documents/GitHub/2D-to-3D-image-reconstruction/facescape_224/fsmview_trainset_11_19_brow_raiser_29.jpg,0.19986283779144287,0.25867730379104614,0.05881446599960327,7.675657633692026,0.656600296497345,0.4291144609451294,0.4291144609451294,23.949174000108542,20.893658999966647,real_npy,0,1
706,/mnt/c/Users/Chirayu/Documents/GitHub/2D-to-3D-image-reconstruction/facescape_224/fsmview_trainset_9_4_anger_33.jpg,0.09949281066656113,0.09642305225133896,-0.003069758415222168,7.909442871809006,0.6657720804214478,0.45197436213493347,0.45197436213493347,22.46597000021211,21.04538000003231,real_npy,0,1
707,/mnt/c/Users/Chirayu/Documents/GitHub/2D-to-3D-image-reconstruction/facescape_224/fsmview_trainset_14_3_mouth_stretch_37.jpg,0.09116657823324203,0.09699584543704987,0.005829267203807831,8.991767089813948,0.7735066413879395,0.5244734287261963,0.5244734287261963,23.14976800016666,21.311094999873603,real_npy,0,1
708,/mnt/c/Users/Chirayu/Documents/GitHub/2D-to-3D-image-reconstruction/facescape_224/fsmview_trainset_11_20_brow_lower_12.jpg,0.06358271092176437,0.14384271204471588,0.08026000112295151,7.364723864942789,0.6690829992294312,0.5902206301689148,0.5902206301689148,22.080035000044518,19.86650899993947,real_npy,0,1
709,/mnt/c/Users/Chirayu/Documents/GitHub/2D-to-3D-image-reconstruction/facescape_224/fsmview_trainset_12_1_neutral_50.jpg,0.03230314701795578,1.2416430711746216,1.2093399241566658,23.807365564629436,2.2578377723693848,0.44100916385650635,0.44100916385650635,57.74503499992534,25.179781000133516,real_npy,0,1
710,/mnt/c/Users/Chirayu/Documents/GitHub/2D-to-3D-image-reconstruction/facescape_224/fsmview_trainset_8_13_lip_funneler_36.jpg,0.05759991705417633,0.04883209243416786,-0.008767824620008469,7.648864932358265,0.7206681966781616,0.30059337615966797,0.30059337615966797,21.363018999863925,21.114077999982328,real_npy,0,1
711,/mnt/c/Users/Chirayu/Documents/GitHub/2D-to-3D-image-reconstruction/facescape_224/fsmview_trainset_7_15_lip_roll_38.jpg,0.08348138630390167,0.08482243120670319,0.0013410449028015137,7.763066526502371,0.7280604839324951,0.41199737787246704,0.41199737787246704,20.37447499992595,21.397191000005478,real_npy,0,1
712,/mnt/c/Users/Chirayu/Documents/GitHub/2D-to-3D-image-reconstruction/facescape_224/fsmview_trainset_8_9_mouth_right_25.jpg,0.05412178859114647,0.052087705582380295,-0.0020340830087661743,7.238656044006348,0.6504553556442261,0.3547350764274597,0.3547350764274597,21.483281999962855,60.14916999993147,real_npy,0,1
713,/mnt/c/Users/Chirayu/Documents/GitHub/2D-to-3D-image-reconstruction/facescape_224/fsmview_trainset_19_18_eye_closed_2.jpg,0.06253340095281601,0.05797654017806053,-0.004556860774755478,9.34450601041317,0.7555873990058899,0.30484896898269653,0.30484896898269653,21.23966899989682,71.01450300001488,real_npy,0,1
714,/mnt/c/Users/Chirayu/Documents/GitHub/2D-to-3D-image-reconstruction/facescape_224/fsmview_trainset_20_14_sadness_42.jpg,0.047942209988832474,0.046746883541345596,-0.0011953264474868774,8.453997334465384,0.6713107824325562,0.5265964865684509,0.5265964865684509,49.985809999952835,19.869108999955643,real_npy,0,1
715,/mnt/c/Users/Chirayu/Documents/GitHub/2D-to-3D-image-reconstruction/facescape_224/fsmview_trainset_14_4_anger_41.jpg,0.03130399063229561,0.03499498590826988,0.0036909952759742737,7.759578034281731,0.6512347459793091,0.41101840138435364,0.41101840138435364,19.84078500004216,19.81113500005449,real_npy,0,1
716,/mnt/c/Users/Chirayu/Documents/GitHub/2D-to-3D-image-reconstruction/facescape_224/fsmview_trainset_1_16_grin_35.jpg,0.05793340876698494,0.05087872967123985,-0.007054679095745087,8.407128594815731,0.7674198150634766,0.36559823155403137,0.36559823155403137,22.875703999943653,51.040382999872236,real_npy,0,1
717,/mnt/c/Users/Chirayu/Documents/GitHub/2D-to-3D-image-reconstruction/facescape_224/fsmview_trainset_3_5_jaw_left_24.jpg,0.03273683786392212,0.6826179027557373,0.6498810648918152,16.781722290441394,1.5899851322174072,0.32231083512306213,0.32231083512306213,22.905859000047712,22.17422700005045,real_npy,0,1
718,/mnt/c/Users/Chirayu/Documents/GitHub/2D-to-3D-image-reconstruction/facescape_224/fsmview_trainset_2_4_anger_1.jpg,0.12217464298009872,0.12234748154878616,0.00017283856868743896,8.785816833376884,0.7581833600997925,0.4818607270717621,0.4818607270717621,24.075494000044273,19.765111999959117,real_npy,0,1
719,/mnt/c/Users/Chirayu/Documents/GitHub/2D-to-3D-image-reconstruction/facescape_224/fsmview_trainset_20_18_eye_closed_12.jpg,0.06466713547706604,0.15663792192935944,0.0919707864522934,7.251432228833437,0.6776970028877258,0.5843247175216675,0.5843247175216675,20.66201499997078,20.34882199995991,real_npy,0,1
720,/mnt/c/Users/Chirayu/Documents/GitHub/2D-to-3D-image-reconstruction/facescape_224/fsmview_trainset_16_19_brow_raiser_11.jpg,0.08962137252092361,0.10179666429758072,0.012175291776657104,8.185364995151758,0.7310229539871216,0.3656708598136902,0.3656708598136902,24.398597999834237,23.559706000014558,real_npy,0,1
721,/mnt/c/Users/Chirayu/Documents/GitHub/2D-to-3D-image-reconstruction/facescape_224/fsmview_trainset_6_12_lip_puckerer_50.jpg,0.32896187901496887,0.3074093163013458,-0.021552562713623047,6.608173526823521,0.6259705424308777,0.4145434498786926,0.4145434498786926,20.23925599996801,19.81753200016101,real_npy,0,1
722,/mnt/c/Users/Chirayu/Documents/GitHub/2D-to-3D-image-reconstruction/facescape_224/fsmview_trainset_12_5_jaw_left_19.jpg,0.043106477707624435,0.04104277119040489,-0.0020637065172195435,8.737748727202415,0.7621320486068726,0.3873852789402008,0.3873852789402008,22.69622799985882,21.789867000052254,real_npy,0,1
723,/mnt/c/Users/Chirayu/Documents/GitHub/2D-to-3D-image-reconstruction/facescape_224/fsmview_trainset_10_8_mouth_left_24.jpg,0.0390082448720932,0.6276674866676331,0.5886592417955399,16.832639131695032,1.5164203643798828,0.3370824158191681,0.3370824158191681,22.008736999850953,23.98540299986962,real_npy,0,1
724,/mnt/c/Users/Chirayu/Documents/GitHub/2D-to-3D-image-reconstruction/facescape_224/fsmview_trainset_14_15_lip_roll_34.jpg,0.06584786623716354,0.1005958691239357,0.034748002886772156,7.172243032604456,0.7094122171401978,0.5175021290779114,0.5175021290779114,21.509865000098216,21.357329000011305,real_npy,0,1
725,/mnt/c/Users/Chirayu/Documents/GitHub/2D-to-3D-image-reconstruction/facescape_224/fsmview_trainset_12_10_dimpler_53.jpg,0.06217257305979729,0.06451421231031418,0.0023416392505168915,8.355570182204247,0.7020605206489563,0.5071947574615479,0.5071947574615479,23.079021000057764,20.537265000029947,real_npy,0,1
726,/mnt/c/Users/Chirayu/Documents/GitHub/2D-to-3D-image-reconstruction/facescape_224/fsmview_trainset_2_12_lip_puckerer_13.jpg,0.07575673609972,0.07880102843046188,0.0030442923307418823,8.953538374975324,0.75147944688797,0.4569122791290283,0.4569122791290283,23.489053000048443,21.481195999967895,real_npy,0,1
727,/mnt/c/Users/Chirayu/Documents/GitHub/2D-to-3D-image-reconstruction/facescape_224/fsmview_trainset_7_14_sadness_49.jpg,0.08265974372625351,0.08219849318265915,-0.00046125054359436035,6.144041445106268,0.5347409844398499,0.4944019317626953,0.4944019317626953,20.90983299990512,19.58736400001726,real_npy,0,0
728,/mnt/c/Users/Chirayu/Documents/GitHub/2D-to-3D-image-reconstruction/facescape_224/fsmview_trainset_14_16_grin_25.jpg,0.037661705166101456,0.3084936738014221,0.27083196863532066,11.98829926084727,1.0581904649734497,0.4546268880367279,0.4546268880367279,29.056469000124707,73.38904900007037,real_npy,0,1
729,/mnt/c/Users/Chirayu/Documents/GitHub/2D-to-3D-image-reconstruction/facescape_224/fsmview_trainset_15_18_eye_closed_49.jpg,0.08499588817358017,0.0898967757821083,0.004900887608528137,8.389940708875656,0.7419142127037048,0.6016882658004761,0.6016882658004761,24.174392000077205,20.577306999939537,real_npy,0,1
730,/mnt/c/Users/Chirayu/Documents/GitHub/2D-to-3D-image-reconstruction/facescape_224/fsmview_trainset_10_13_lip_funneler_42.jpg,0.07876386493444443,0.0795099064707756,0.0007460415363311768,6.927370578050613,0.6699855923652649,0.4621885120868683,0.4621885120868683,21.2008800001513,21.338288000151806,real_npy,0,1
731,/mnt/c/Users/Chirayu/Documents/GitHub/2D-to-3D-image-reconstruction/facescape_224/fsmview_trainset_1_3_mouth_stretch_15.jpg,0.10148849338293076,0.10188674926757812,0.0003982558846473694,7.679056733846664,0.6755887269973755,0.48174139857292175,0.48174139857292175,21.910440999818093,20.604967000053875,real_npy,0,1
732,/mnt/c/Users/Chirayu/Documents/GitHub/2D-to-3D-image-reconstruction/facescape_224/fsmview_trainset_1_15_lip_roll_52.jpg,0.124335877597332,0.12669746577739716,0.002361588180065155,8.134776759892702,0.7390497326850891,0.3119288980960846,0.3119288980960846,24.589910000031523,62.93084499998258,real_npy,0,1
733,/mnt/c/Users/Chirayu/Documents/GitHub/2D-to-3D-image-reconstruction/facescape_224/fsmview_trainset_19_16_grin_4.jpg,0.07553499191999435,0.08774283528327942,0.012207843363285065,8.363782737404108,0.6931965351104736,0.21181635558605194,0.21181635558605194,20.819440999957806,20.51242499987893,real_npy,0,1
734,/mnt/c/Users/Chirayu/Documents/GitHub/2D-to-3D-image-reconstruction/facescape_224/fsmview_trainset_18_14_sadness_45.jpg,0.10799553990364075,0.12861274182796478,0.020617201924324036,9.743831343948841,0.7978476285934448,0.46648940443992615,0.46648940443992615,23.135028000069724,22.7131950000512,real_npy,0,1
735,/mnt/c/Users/Chirayu/Documents/GitHub/2D-to-3D-image-reconstruction/facescape_224/fsmview_trainset_15_18_eye_closed_16.jpg,0.21692416071891785,0.23440256714820862,0.01747840642929077,7.895877704024315,0.680901825428009,0.48660483956336975,0.48660483956336975,21.980570000096122,21.534565999900224,real_npy,0,1
736,/mnt/c/Users/Chirayu/Documents/GitHub/2D-to-3D-image-reconstruction/facescape_224/fsmview_trainset_8_9_mouth_right_29.jpg,0.062447723001241684,0.06382086127996445,0.001373138278722763,8.117853447794914,0.6636765599250793,0.3482059836387634,0.3482059836387634,35.217307000039,86.89458499998182,real_npy,0,1
737,/mnt/c/Users/Chirayu/Documents/GitHub/2D-to-3D-image-reconstruction/facescape_224/fsmview_trainset_18_11_chin_raiser_18.jpg,0.3265015780925751,0.32368284463882446,-0.0028187334537506104,7.055457852780819,0.6301944851875305,0.5224876403808594,0.5224876403808594,20.86757699998998,20.596800000021176,real_npy,0,1
738,/mnt/c/Users/Chirayu/Documents/GitHub/2D-to-3D-image-reconstruction/facescape_224/fsmview_trainset_8_20_brow_lower_25.jpg,0.050731007009744644,0.04812611639499664,-0.002604890614748001,7.95585472881794,0.7091071605682373,0.3684101104736328,0.3684101104736328,43.78298400001768,19.82542099995044,real_npy,0,1
739,/mnt/c/Users/Chirayu/Documents/GitHub/2D-to-3D-image-reconstruction/facescape_224/fsmview_trainset_10_5_jaw_left_44.jpg,0.1105060949921608,0.10125960409641266,-0.009246490895748138,7.677023246884346,0.6309705376625061,0.462413489818573,0.462413489818573,41.519623000112915,18.961716999911005,real_npy,0,1
740,/mnt/c/Users/Chirayu/Documents/GitHub/2D-to-3D-image-reconstruction/facescape_224/fsmview_trainset_6_8_mouth_left_5.jpg,0.03439417853951454,1.610884428024292,1.5764902494847775,27.546870790421963,3.0067241191864014,0.36663028597831726,0.36663028597831726,28.118754999923112,26.267626000162636,real_npy,0,1
741,/mnt/c/Users/Chirayu/Documents/GitHub/2D-to-3D-image-reconstruction/facescape_224/fsmview_trainset_7_11_chin_raiser_27.jpg,0.051070310175418854,0.049561914056539536,-0.0015083961188793182,7.960134867578745,0.6345868110656738,0.3602512776851654,0.3602512776851654,43.43933299992386,21.61855399981505,real_npy,0,1
742,/mnt/c/Users/Chirayu/Documents/GitHub/2D-to-3D-image-reconstruction/facescape_224/fsmview_trainset_2_9_mouth_right_49.jpg,0.5059711337089539,0.5032182335853577,-0.0027529001235961914,6.720376685261726,0.607089102268219,0.45768558979034424,0.45768558979034424,20.58169900010398,20.979201000045578,real_npy,0,1
743,/mnt/c/Users/Chirayu/Documents/GitHub/2D-to-3D-image-reconstruction/facescape_224/fsmview_trainset_16_5_jaw_left_5.jpg,0.04924675077199936,0.05502040311694145,0.005773652344942093,7.670376338064671,0.6643012762069702,0.3032377362251282,0.3032377362251282,24.54929100008485,51.79717500004699,real_npy,0,1
744,/mnt/c/Users/Chirayu/Documents/GitHub/2D-to-3D-image-reconstruction/facescape_224/fsmview_trainset_7_19_brow_raiser_5.jpg,0.03947395458817482,0.03783899173140526,-0.0016349628567695618,7.626928459852934,0.6568423509597778,0.38517287373542786,0.38517287373542786,21.425109000119846,21.085577999883753,real_npy,0,1
745,/mnt/c/Users/Chirayu/Documents/GitHub/2D-to-3D-image-reconstruction/facescape_224/fsmview_trainset_18_17_cheek_blowing_9.jpg,0.05386016145348549,0.058208029717206955,0.004347868263721466,8.347578093409538,0.7243790626525879,0.3288955092430115,0.3288955092430115,21.023947999992743,24.208544999964943,real_npy,0,1
746,/mnt/c/Users/Chirayu/Documents/GitHub/2D-to-3D-image-reconstruction/facescape_224/fsmview_trainset_13_19_brow_raiser_30.jpg,0.06573054194450378,0.08389801532030106,0.01816747337579727,8.958691028878093,0.7377535700798035,0.29883304238319397,0.29883304238319397,21.328280000034283,19.583356000111962,real_npy,0,1
747,/mnt/c/Users/Chirayu/Documents/GitHub/2D-to-3D-image-reconstruction/facescape_224/fsmview_trainset_20_13_lip_funneler_20.jpg,0.24525390565395355,0.2621517777442932,0.01689787209033966,7.624296355992556,0.6455108523368835,0.3514942526817322,0.3514942526817322,21.44056199995248,19.620702999873174,real_npy,0,1
748,/mnt/c/Users/Chirayu/Documents/GitHub/2D-to-3D-image-reconstruction/facescape_224/fsmview_trainset_6_8_mouth_left_35.jpg,0.036861568689346313,0.040554024279117584,0.0036924555897712708,8.333843268454075,0.6643902659416199,0.3748590648174286,0.3748590648174286,21.016107999912492,24.39066300007653,real_npy,0,1
749,/mnt/c/Users/Chirayu/Documents/GitHub/2D-to-3D-image-reconstruction/facescape_224/fsmview_trainset_1_2_smile_35.jpg,0.05111437290906906,0.04647156223654747,-0.004642810672521591,8.27546913921833,0.7177364230155945,0.3792344629764557,0.3792344629764557,22.14477799998349,23.300894999920274,real_npy,0,1
750,/mnt/c/Users/Chirayu/Documents/GitHub/2D-to-3D-image-reconstruction/facescape_224/fsmview_trainset_13_15_lip_roll_29.jpg,0.04220099374651909,0.04827690124511719,0.006075907498598099,8.025274462997913,0.6280947923660278,0.36408570408821106,0.36408570408821106,22.174500999881275,20.45068999996147,real_npy,0,1
751,/mnt/c/Users/Chirayu/Documents/GitHub/2D-to-3D-image-reconstruction/facescape_224/fsmview_trainset_16_4_anger_42.jpg,0.06806928664445877,0.07295098155736923,0.004881694912910461,7.682835839688778,0.714787483215332,0.4344162046909332,0.4344162046909332,21.246861999998146,20.55247699991014,real_npy,0,1
752,/mnt/c/Users/Chirayu/Documents/GitHub/2D-to-3D-image-reconstruction/facescape_224/fsmview_trainset_4_2_smile_50.jpg,0.044440433382987976,0.04798280820250511,0.0035423748195171356,8.71058202907443,0.7196066379547119,0.3279253840446472,0.3279253840446472,29.536626999970395,46.69557400006852,real_npy,0,1
753,/mnt/c/Users/Chirayu/Documents/GitHub/2D-to-3D-image-reconstruction/facescape_224/fsmview_trainset_14_2_smile_9.jpg,0.17119553685188293,0.18807703256607056,0.016881495714187622,7.755984012037516,0.7340509295463562,0.5380061268806458,0.5380061268806458,21.12113499993029,20.46267699984128,real_npy,0,1
754,/mnt/c/Users/Chirayu/Documents/GitHub/2D-to-3D-image-reconstruction/facescape_224/fsmview_trainset_16_17_cheek_blowing_39.jpg,0.08727136254310608,0.10186102241277695,0.014589659869670868,8.565493643283844,0.6941007375717163,0.434609055519104,0.434609055519104,21.29555800001981,21.030752999877222,real_npy,0,1
755,/mnt/c/Users/Chirayu/Documents/GitHub/2D-to-3D-image-reconstruction/facescape_224/fsmview_trainset_5_18_eye_closed_31.jpg,0.0495028980076313,0.05209779739379883,0.0025948993861675262,8.463427357375622,0.7047463655471802,0.44612976908683777,0.44612976908683777,25.240148000193585,20.596116999968217,real_npy,0,1
756,/mnt/c/Users/Chirayu/Documents/GitHub/2D-to-3D-image-reconstruction/facescape_224/fsmview_trainset_7_2_smile_19.jpg,0.03490714356303215,0.03673243150115013,0.001825287938117981,8.701166044920683,0.7121849656105042,0.38084617257118225,0.38084617257118225,20.551064000073893,22.928598999897076,real_npy,0,1
757,/mnt/c/Users/Chirayu/Documents/GitHub/2D-to-3D-image-reconstruction/facescape_224/fsmview_trainset_9_3_mouth_stretch_25.jpg,0.035762686282396317,0.037015631794929504,0.0012529455125331879,6.850697498768568,0.6834176778793335,0.2901475429534912,0.2901475429534912,20.79592700010835,61.163695000004736,real_npy,0,1
758,/mnt/c/Users/Chirayu/Documents/GitHub/2D-to-3D-image-reconstruction/facescape_224/fsmview_trainset_1_3_mouth_stretch_35.jpg,0.04382851719856262,196.77923583984375,196.7354073226452,247.92382669448853,254.8834686279297,0.36652398109436035,0.36652398109436035,20.531642999912947,20.756199000061315,real_npy,1,1
759,/mnt/c/Users/Chirayu/Documents/GitHub/2D-to-3D-image-reconstruction/facescape_224/fsmview_trainset_19_18_eye_closed_45.jpg,0.18600432574748993,0.20008383691310883,0.014079511165618896,9.131905968300998,0.7599831223487854,0.36949172616004944,0.36949172616004944,36.654828999871825,42.79411600009553,real_npy,0,1
760,/mnt/c/Users/Chirayu/Documents/GitHub/2D-to-3D-image-reconstruction/facescape_224/fsmview_trainset_9_16_grin_44.jpg,0.17714543640613556,0.1710556298494339,-0.00608980655670166,8.189468439668417,0.7569975852966309,0.4131529927253723,0.4131529927253723,20.57471200009786,19.84132600000521,real_npy,0,1
761,/mnt/c/Users/Chirayu/Documents/GitHub/2D-to-3D-image-reconstruction/facescape_224/fsmview_trainset_9_3_mouth_stretch_47.jpg,0.09896890074014664,0.10504087060689926,0.0060719698667526245,8.758354786783457,0.7168110013008118,0.45704323053359985,0.45704323053359985,22.98780599994643,51.74259700015682,real_npy,0,1
762,/mnt/c/Users/Chirayu/Documents/GitHub/2D-to-3D-image-reconstruction/facescape_224/fsmview_trainset_11_1_neutral_28.jpg,0.11410293728113174,0.11363067477941513,-0.00047226250171661377,8.84487684816122,0.7110111117362976,0.5702133774757385,0.5702133774757385,21.403467000027376,20.949386000211234,real_npy,0,1
763,/mnt/c/Users/Chirayu/Documents/GitHub/2D-to-3D-image-reconstruction/facescape_224/fsmview_trainset_2_5_jaw_left_57.jpg,0.6715192198753357,0.6866642236709595,0.01514500379562378,7.140213128179312,0.6175764203071594,0.41581279039382935,0.41581279039382935,27.62480600017625,18.919171999868922,real_npy,0,1
764,/mnt/c/Users/Chirayu/Documents/GitHub/2D-to-3D-image-reconstruction/facescape_224/fsmview_trainset_1_4_anger_46.jpg,0.04467158019542694,2.3654139041900635,2.3207423239946365,28.561256773769855,3.5755345821380615,0.3540792763233185,0.3540792763233185,34.04820700006894,29.51356400012628,real_npy,1,1
765,/mnt/c/Users/Chirayu/Documents/GitHub/2D-to-3D-image-reconstruction/facescape_224/fsmview_trainset_2_18_eye_closed_29.jpg,0.10335423052310944,0.12921574711799622,0.02586151659488678,8.536663902923465,0.7009066343307495,0.3376842737197876,0.3376842737197876,21.530514000005496,21.954874999892127,real_npy,0,1
766,/mnt/c/Users/Chirayu/Documents/GitHub/2D-to-3D-image-reconstruction/facescape_224/fsmview_trainset_13_3_mouth_stretch_53.jpg,0.051139410585165024,0.05298617482185364,0.001846764236688614,7.80416411627084,0.681847095489502,0.33256393671035767,0.33256393671035767,21.070981000093525,32.318712999995114,real_npy,0,1
767,/mnt/c/Users/Chirayu/Documents/GitHub/2D-to-3D-image-reconstruction/facescape_224/fsmview_trainset_19_9_mouth_right_24.jpg,0.056613989174366,0.06097647175192833,0.004362482577562332,9.356095190159976,0.7919058799743652,0.3574247360229492,0.3574247360229492,22.2462640001595,20.32344400004149,real_npy,0,1
768,/mnt/c/Users/Chirayu/Documents/GitHub/2D-to-3D-image-reconstruction/facescape_224/fsmview_trainset_7_11_chin_raiser_54.jpg,0.06403301656246185,0.06400163471698761,-3.1381845474243164e-05,7.975251339375973,0.6958751678466797,0.417485773563385,0.417485773563385,21.964590999914435,34.16500900016217,real_npy,0,1
769,/mnt/c/Users/Chirayu/Documents/GitHub/2D-to-3D-image-reconstruction/facescape_224/fsmview_trainset_7_11_chin_raiser_5.jpg,0.03669576719403267,0.037808530032634735,0.001112762838602066,8.034399431198835,0.6649911403656006,0.3535841405391693,0.3535841405391693,20.90234600018448,19.320873999959076,real_npy,0,1
770,/mnt/c/Users/Chirayu/Documents/GitHub/2D-to-3D-image-reconstruction/facescape_224/fsmview_trainset_7_7_jaw_forward_34.jpg,0.06422511488199234,0.07046901434659958,0.006243899464607239,7.91193763166666,0.675313413143158,0.4486370384693146,0.4486370384693146,20.877961999985928,21.274597999990874,real_npy,0,1
771,/mnt/c/Users/Chirayu/Documents/GitHub/2D-to-3D-image-reconstruction/facescape_224/fsmview_trainset_11_5_jaw_left_29.jpg,0.2868424654006958,5.764591217041016,5.47774875164032,50.80784383416176,6.852184772491455,0.44208765029907227,0.44208765029907227,20.25754400006008,28.838423000024704,real_npy,1,1
772,/mnt/c/Users/Chirayu/Documents/GitHub/2D-to-3D-image-reconstruction/facescape_224/fsmview_trainset_6_8_mouth_left_39.jpg,0.06762856990098953,0.06749535351991653,-0.00013321638107299805,8.381634302437305,0.7173531651496887,0.31498438119888306,0.31498438119888306,21.784787999877153,20.386002999885022,real_npy,0,1
773,/mnt/c/Users/Chirayu/Documents/GitHub/2D-to-3D-image-reconstruction/facescape_224/fsmview_trainset_13_8_mouth_left_38.jpg,0.1069866344332695,0.09283176809549332,-0.014154866337776184,7.436946481466293,0.6534484624862671,0.4103967547416687,0.4103967547416687,59.99753200012492,21.040107999851898,real_npy,0,1
774,/mnt/c/Users/Chirayu/Documents/GitHub/2D-to-3D-image-reconstruction/facescape_224/fsmview_trainset_20_16_grin_11.jpg,0.08292374759912491,0.11316747218370438,0.030243724584579468,7.265352256596088,0.7097827792167664,0.5406946539878845,0.5406946539878845,22.218598999870665,18.554241999936494,real_npy,0,1
775,/mnt/c/Users/Chirayu/Documents/GitHub/2D-to-3D-image-reconstruction/facescape_224/fsmview_trainset_12_8_mouth_left_25.jpg,0.03218860551714897,0.08004330098628998,0.047854695469141006,7.247632376849651,0.6092977523803711,0.48155808448791504,0.48155808448791504,33.98666399993999,36.73682699991332,real_npy,0,1
776,/mnt/c/Users/Chirayu/Documents/GitHub/2D-to-3D-image-reconstruction/facescape_224/fsmview_trainset_3_11_chin_raiser_35.jpg,0.03928986191749573,0.03997710347175598,0.0006872415542602539,7.946757087484002,0.6342883706092834,0.4249761998653412,0.4249761998653412,34.111185000028854,21.475919000067734,real_npy,0,1
777,/mnt/c/Users/Chirayu/Documents/GitHub/2D-to-3D-image-reconstruction/facescape_224/fsmview_trainset_9_11_chin_raiser_17.jpg,0.047871798276901245,0.04838458076119423,0.000512782484292984,8.641972552984953,0.7079120874404907,0.29898807406425476,0.29898807406425476,20.418454000036945,20.588915999951496,real_npy,0,1
778,/mnt/c/Users/Chirayu/Documents/GitHub/2D-to-3D-image-reconstruction/facescape_224/fsmview_trainset_12_20_brow_lower_13.jpg,0.03217477723956108,0.1920768767595291,0.15990209951996803,10.045046208426356,0.8570987582206726,0.4750092625617981,0.4750092625617981,19.940734000101656,22.711211000114417,real_npy,0,1
779,/mnt/c/Users/Chirayu/Documents/GitHub/2D-to-3D-image-reconstruction/facescape_224/fsmview_trainset_9_12_lip_puckerer_17.jpg,0.036663129925727844,0.6986533999443054,0.6619902700185776,17.71264621987939,1.5997272729873657,0.3093951344490051,0.3093951344490051,26.299782000023697,54.17552899984912,real_npy,0,1
780,/mnt/c/Users/Chirayu/Documents/GitHub/2D-to-3D-image-reconstruction/facescape_224/fsmview_trainset_11_9_mouth_right_30.jpg,0.03876190260052681,3.574995279312134,3.536233376711607,40.37629509717226,4.748931407928467,0.4802728593349457,0.4802728593349457,20.34649300003366,30.266984000036246,real_npy,1,1
781,/mnt/c/Users/Chirayu/Documents/GitHub/2D-to-3D-image-reconstruction/facescape_224/fsmview_trainset_4_18_eye_closed_0.jpg,0.1620984673500061,0.172353133559227,0.010254666209220886,8.066908776760101,0.6913560032844543,0.26896488666534424,0.26896488666534424,46.41660500010403,20.25699499995426,real_npy,0,1
782,/mnt/c/Users/Chirayu/Documents/GitHub/2D-to-3D-image-reconstruction/facescape_224/fsmview_trainset_14_20_brow_lower_56.jpg,0.05627850815653801,0.05094890296459198,-0.00532960519194603,7.997079763561487,0.7401224970817566,0.3559594750404358,0.3559594750404358,19.91109999994478,21.736685999940164,real_npy,0,1
783,/mnt/c/Users/Chirayu/Documents/GitHub/2D-to-3D-image-reconstruction/facescape_224/fsmview_trainset_20_17_cheek_blowing_10.jpg,0.0814175084233284,0.10402586311101913,0.022608354687690735,6.804024986922741,0.6111618280410767,0.49489882588386536,0.49489882588386536,19.925854000121035,48.01366600008805,real_npy,0,1
784,/mnt/c/Users/Chirayu/Documents/GitHub/2D-to-3D-image-reconstruction/facescape_224/fsmview_trainset_17_3_mouth_stretch_36.jpg,0.21664966642856598,0.23284582793712616,0.01619616150856018,7.605077303946018,0.6457472443580627,0.34991225600242615,0.34991225600242615,56.73248999983116,22.514392999937627,real_npy,0,1
785,/mnt/c/Users/Chirayu/Documents/GitHub/2D-to-3D-image-reconstruction/facescape_224/fsmview_trainset_19_18_eye_closed_47.jpg,0.05506887286901474,0.05687013640999794,0.0018012635409832,8.77440994232893,0.7051314115524292,0.3438256084918976,0.3438256084918976,23.498497999980827,19.473973000003753,real_npy,0,1
786,/mnt/c/Users/Chirayu/Documents/GitHub/2D-to-3D-image-reconstruction/facescape_224/fsmview_trainset_2_8_mouth_left_26.jpg,0.03699616715312004,0.039578039199113846,0.002581872045993805,8.220412690192461,0.6649536490440369,0.343899667263031,0.343899667263031,59.7358229999827,22.713094999971872,real_npy,0,1
787,/mnt/c/Users/Chirayu/Documents/GitHub/2D-to-3D-image-reconstruction/facescape_224/fsmview_trainset_19_18_eye_closed_48.jpg,0.0674881786108017,0.07753647118806839,0.010048292577266693,8.210809540003538,0.7084799408912659,0.3252069652080536,0.3252069652080536,23.667495999916355,23.18714800003363,real_npy,0,1
788,/mnt/c/Users/Chirayu/Documents/GitHub/2D-to-3D-image-reconstruction/facescape_224/fsmview_trainset_12_7_jaw_forward_28.jpg,0.049747832119464874,0.05985792353749275,0.010110091418027878,8.988496989011765,0.7397404909133911,0.4929535388946533,0.4929535388946533,55.181956000069476,24.49776599996767,real_npy,0,1
789,/mnt/c/Users/Chirayu/Documents/GitHub/2D-to-3D-image-reconstruction/facescape_224/fsmview_trainset_2_20_brow_lower_4.jpg,0.18829463422298431,0.1917370706796646,0.003442436456680298,8.94093519449234,0.7198924422264099,0.46353235840797424,0.46353235840797424,21.71273600015411,22.105481000153304,real_npy,0,1
790,/mnt/c/Users/Chirayu/Documents/GitHub/2D-to-3D-image-reconstruction/facescape_224/fsmview_trainset_2_10_dimpler_48.jpg,0.16347113251686096,0.16340531408786774,-6.58184289932251e-05,9.210459087044,0.7879524827003479,0.49096736311912537,0.49096736311912537,21.682585999997173,20.812083000009807,real_npy,0,1
791,/mnt/c/Users/Chirayu/Documents/GitHub/2D-to-3D-image-reconstruction/facescape_224/fsmview_trainset_3_5_jaw_left_19.jpg,0.0536249540746212,0.05488317832350731,0.0012582242488861084,8.394673839211464,0.6840587854385376,0.39582669734954834,0.39582669734954834,38.6147599999731,19.63312699990638,real_npy,0,1
792,/mnt/c/Users/Chirayu/Documents/GitHub/2D-to-3D-image-reconstruction/facescape_224/fsmview_trainset_1_15_lip_roll_22.jpg,0.03469531238079071,23.202346801757812,23.167651489377022,95.38148920238018,24.7639217376709,0.3719750940799713,0.3719750940799713,20.871049999868774,42.864480000162075,real_npy,1,1
793,/mnt/c/Users/Chirayu/Documents/GitHub/2D-to-3D-image-reconstruction/facescape_224/fsmview_trainset_2_1_neutral_20.jpg,0.06881771236658096,0.07466241717338562,0.005844704806804657,9.610030221752822,0.7816057205200195,0.4262562394142151,0.4262562394142151,25.15049600015118,23.063575999913155,real_npy,0,1
794,/mnt/c/Users/Chirayu/Documents/GitHub/2D-to-3D-image-reconstruction/facescape_224/fsmview_trainset_16_7_jaw_forward_20.jpg,0.05548698082566261,0.05360128730535507,-0.001885693520307541,8.69545697979629,0.7307680249214172,0.37862852215766907,0.37862852215766907,59.048809999922014,20.950479000021005,real_npy,0,1
795,/mnt/c/Users/Chirayu/Documents/GitHub/2D-to-3D-image-reconstruction/facescape_224/fsmview_trainset_3_3_mouth_stretch_9.jpg,0.04480370506644249,0.045548297464847565,0.0007445923984050751,7.556372828781605,0.7023575901985168,0.36929386854171753,0.36929386854171753,20.89163000005101,19.220443999984127,real_npy,0,1
796,/mnt/c/Users/Chirayu/Documents/GitHub/2D-to-3D-image-reconstruction/facescape_224/fsmview_trainset_3_10_dimpler_3.jpg,0.04803263023495674,0.0440216138958931,-0.004011016339063644,7.380247674882412,0.6513023376464844,0.3729389011859894,0.3729389011859894,20.500245999983235,20.135519000177737,real_npy,0,1
797,/mnt/c/Users/Chirayu/Documents/GitHub/2D-to-3D-image-reconstruction/facescape_224/fsmview_trainset_16_18_eye_closed_9.jpg,0.04439244419336319,0.05277930572628975,0.00838686153292656,8.37399361282587,0.7277867794036865,0.33470407128334045,0.33470407128334045,22.578543999998146,21.88303699995231,real_npy,0,1
798,/mnt/c/Users/Chirayu/Documents/GitHub/2D-to-3D-image-reconstruction/facescape_224/fsmview_trainset_6_5_jaw_left_36.jpg,0.13019993901252747,0.14235125482082367,0.012151315808296204,7.479064092040062,0.6941933631896973,0.31715142726898193,0.31715142726898193,20.56543200001215,18.837108999832708,real_npy,0,1
799,/mnt/c/Users/Chirayu/Documents/GitHub/2D-to-3D-image-reconstruction/facescape_224/fsmview_trainset_13_19_brow_raiser_14.jpg,0.06646547466516495,0.06537006795406342,-0.001095406711101532,9.130619026720524,0.7829789519309998,0.46205028891563416,0.46205028891563416,22.239991000105874,19.27921200012861,real_npy,0,1
800,/mnt/c/Users/Chirayu/Documents/GitHub/2D-to-3D-image-reconstruction/facescape_224/fsmview_trainset_12_9_mouth_right_6.jpg,0.06265533715486526,0.06388550251722336,0.0012301653623580933,8.58222783356905,0.7259564995765686,0.5988399982452393,0.5988399982452393,42.545092999944245,35.68896000001587,real_npy,0,1
801,/mnt/c/Users/Chirayu/Documents/GitHub/2D-to-3D-image-reconstruction/facescape_224/fsmview_trainset_3_10_dimpler_33.jpg,0.20022335648536682,0.181983083486557,-0.018240272998809814,6.704591527581215,0.6503864526748657,0.5181901454925537,0.5181901454925537,21.04764199998499,21.82444899995062,real_npy,0,1
802,/mnt/c/Users/Chirayu/Documents/GitHub/2D-to-3D-image-reconstruction/facescape_224/fsmview_trainset_8_19_brow_raiser_15.jpg,0.14068160951137543,0.1484251320362091,0.007743522524833679,8.000246584415436,0.6654468774795532,0.40599364042282104,0.40599364042282104,21.172371999909956,18.797725000013088,real_npy,0,1
803,/mnt/c/Users/Chirayu/Documents/GitHub/2D-to-3D-image-reconstruction/facescape_224/fsmview_trainset_5_17_cheek_blowing_23.jpg,0.036541372537612915,4.395470142364502,4.358928769826889,43.34864558279514,5.486429214477539,0.3428521752357483,0.3428521752357483,21.170750999999655,28.55739300002824,real_npy,1,1
804,/mnt/c/Users/Chirayu/Documents/GitHub/2D-to-3D-image-reconstruction/facescape_224/fsmview_trainset_9_7_jaw_forward_23.jpg,0.03897221013903618,2.315516233444214,2.2765440233051777,32.099569372832775,3.406496047973633,0.31111472845077515,0.31111472845077515,21.616660000063348,40.42046299991853,real_npy,1,1
805,/mnt/c/Users/Chirayu/Documents/GitHub/2D-to-3D-image-reconstruction/facescape_224/fsmview_trainset_18_7_jaw_forward_54.jpg,0.0701458603143692,0.07248330116271973,0.002337440848350525,8.153482712805271,0.7196590900421143,0.3733169436454773,0.3733169436454773,38.79364500016891,40.08696100004272,real_npy,0,1
806,/mnt/c/Users/Chirayu/Documents/GitHub/2D-to-3D-image-reconstruction/facescape_224/fsmview_trainset_6_12_lip_puckerer_55.jpg,0.061591021716594696,0.0654960349202156,0.0039050132036209106,8.289378583431244,0.7124408483505249,0.397098571062088,0.397098571062088,20.189169000104812,19.63755199994921,real_npy,0,1
807,/mnt/c/Users/Chirayu/Documents/GitHub/2D-to-3D-image-reconstruction/facescape_224/fsmview_trainset_8_14_sadness_2.jpg,0.05333630368113518,0.049821168184280396,-0.003515135496854782,7.644993096590042,0.6797976493835449,0.27665093541145325,0.27665093541145325,20.91180299998996,47.87805199998729,real_npy,0,1
808,/mnt/c/Users/Chirayu/Documents/GitHub/2D-to-3D-image-reconstruction/facescape_224/fsmview_trainset_20_1_neutral_43.jpg,0.07923419028520584,0.0801166370511055,0.0008824467658996582,8.204992540180683,0.6900273561477661,0.5506426095962524,0.5506426095962524,55.35330500015334,21.2116979998882,real_npy,0,1
809,/mnt/c/Users/Chirayu/Documents/GitHub/2D-to-3D-image-reconstruction/facescape_224/fsmview_trainset_19_6_jaw_right_37.jpg,0.13714554905891418,0.17486700415611267,0.037721455097198486,9.32905668951571,0.7751777768135071,0.4060257375240326,0.4060257375240326,20.938435000061872,67.0112479999716,real_npy,0,1
810,/mnt/c/Users/Chirayu/Documents/GitHub/2D-to-3D-image-reconstruction/facescape_224/fsmview_trainset_6_3_mouth_stretch_46.jpg,0.12177596241235733,0.11700070649385452,-0.004775255918502808,8.066321909427643,0.7503322958946228,0.3971138298511505,0.3971138298511505,102.2242340000048,31.24126900002011,real_npy,0,1
811,/mnt/c/Users/Chirayu/Documents/GitHub/2D-to-3D-image-reconstruction/facescape_224/fsmview_trainset_7_6_jaw_right_5.jpg,0.041082702577114105,0.03480932489037514,-0.006273377686738968,7.846554800868034,0.669131875038147,0.3494514226913452,0.3494514226913452,21.36154199979501,19.23194500000136,real_npy,0,1
812,/mnt/c/Users/Chirayu/Documents/GitHub/2D-to-3D-image-reconstruction/facescape_224/fsmview_trainset_18_15_lip_roll_5.jpg,0.04205581545829773,0.04555070400238037,0.0034948885440826416,8.469655398279428,0.7247336506843567,0.338261216878891,0.338261216878891,20.885416000055557,21.26795399999537,real_npy,0,1
813,/mnt/c/Users/Chirayu/Documents/GitHub/2D-to-3D-image-reconstruction/facescape_224/fsmview_trainset_13_6_jaw_right_19.jpg,0.141675665974617,0.14966191351413727,0.007986247539520264,8.05552888661623,0.6588553786277771,0.32488134503364563,0.32488134503364563,90.94194199997219,31.283933999930014,real_npy,0,1
814,/mnt/c/Users/Chirayu/Documents/GitHub/2D-to-3D-image-reconstruction/facescape_224/fsmview_trainset_11_8_mouth_left_39.jpg,0.2815200984477997,0.2736299932003021,-0.007890105247497559,7.959715377539396,0.7135865092277527,0.5550031661987305,0.5550031661987305,20.306892000007792,34.60286700010329,real_npy,0,1
815,/mnt/c/Users/Chirayu/Documents/GitHub/2D-to-3D-image-reconstruction/facescape_224/fsmview_trainset_14_19_brow_raiser_26.jpg,0.04670300707221031,0.06046474725008011,0.013761740177869797,8.085589330643415,0.7572260499000549,0.4956153333187103,0.4956153333187103,51.44374999986212,22.056003999978202,real_npy,0,1
816,/mnt/c/Users/Chirayu/Documents/GitHub/2D-to-3D-image-reconstruction/facescape_224/fsmview_trainset_8_1_neutral_55.jpg,0.049313630908727646,0.05460445582866669,0.005290824919939041,7.742693081498146,0.7052784562110901,0.2679924964904785,0.2679924964904785,20.980346999976973,35.669906000066476,real_npy,0,1
817,/mnt/c/Users/Chirayu/Documents/GitHub/2D-to-3D-image-reconstruction/facescape_224/fsmview_trainset_19_4_anger_44.jpg,0.6581825613975525,0.4591905176639557,-0.1989920437335968,7.516470137983561,0.7183136940002441,0.44136425852775574,0.44136425852775574,20.896421999850645,20.24480499994752,real_npy,0,1
818,/mnt/c/Users/Chirayu/Documents/GitHub/2D-to-3D-image-reconstruction/facescape_224/fsmview_trainset_12_18_eye_closed_16.jpg,0.050536178052425385,0.047817621380090714,-0.002718556672334671,8.893394209444523,0.7397494912147522,0.5039554834365845,0.5039554834365845,22.903165000116132,25.467532999982723,real_npy,0,1
819,/mnt/c/Users/Chirayu/Documents/GitHub/2D-to-3D-image-reconstruction/facescape_224/fsmview_trainset_12_13_lip_funneler_26.jpg,0.5272449254989624,0.4954385757446289,-0.031806349754333496,7.662481594830751,0.679497480392456,0.5514529347419739,0.5514529347419739,81.44026800005122,37.271500000088054,template_fallback,0,1
820,/mnt/c/Users/Chirayu/Documents/GitHub/2D-to-3D-image-reconstruction/facescape_224/fsmview_trainset_3_18_eye_closed_7.jpg,0.06461171805858612,0.07828053832054138,0.013668820261955261,8.319181848317385,0.713347315788269,0.29073479771614075,0.29073479771614075,22.885718999987148,22.35207400008221,real_npy,0,1
821,/mnt/c/Users/Chirayu/Documents/GitHub/2D-to-3D-image-reconstruction/facescape_224/fsmview_trainset_4_7_jaw_forward_49.jpg,0.08304109424352646,0.08851994574069977,0.005478851497173309,8.07076295092702,0.7767847180366516,0.30279919505119324,0.30279919505119324,84.52014399995278,20.64853999991101,real_npy,0,1
822,/mnt/c/Users/Chirayu/Documents/GitHub/2D-to-3D-image-reconstruction/facescape_224/fsmview_trainset_13_15_lip_roll_2.jpg,1.147087812423706,1.0985093116760254,-0.048578500747680664,6.254462916404009,0.6479535102844238,0.35604485869407654,0.35604485869407654,36.89789899999596,20.839432999991914,real_npy,0,0
823,/mnt/c/Users/Chirayu/Documents/GitHub/2D-to-3D-image-reconstruction/facescape_224/fsmview_trainset_2_8_mouth_left_1.jpg,0.19661012291908264,0.18973715603351593,-0.006872966885566711,8.054430808871984,0.6931872963905334,0.49299007654190063,0.49299007654190063,60.468016999948304,20.294882999905894,real_npy,0,1
824,/mnt/c/Users/Chirayu/Documents/GitHub/2D-to-3D-image-reconstruction/facescape_224/fsmview_trainset_2_12_lip_puckerer_39.jpg,0.11298047751188278,0.11861516535282135,0.005634687840938568,7.990265943109989,0.701349675655365,0.43704965710639954,0.43704965710639954,22.09469900003569,23.092155000085768,real_npy,0,1
825,/mnt/c/Users/Chirayu/Documents/GitHub/2D-to-3D-image-reconstruction/facescape_224/fsmview_trainset_4_1_neutral_52.jpg,0.03760387748479843,0.03652872145175934,-0.001075156033039093,9.063745436258614,0.7648375630378723,0.21823973953723907,0.21823973953723907,23.03350700003648,20.217408999997133,real_npy,0,1
826,/mnt/c/Users/Chirayu/Documents/GitHub/2D-to-3D-image-reconstruction/facescape_224/fsmview_trainset_11_5_jaw_left_62.jpg,0.47006872296333313,0.46651867032051086,-0.0035500526428222656,8.130602773278952,0.7590439915657043,0.5306856036186218,0.5306856036186218,51.974532000031104,21.170547000110673,real_npy,0,1
827,/mnt/c/Users/Chirayu/Documents/GitHub/2D-to-3D-image-reconstruction/facescape_224/fsmview_trainset_10_8_mouth_left_4.jpg,0.0428021177649498,0.04848751798272133,0.00568540021777153,7.5513342544436455,0.649064302444458,0.22105072438716888,0.22105072438716888,21.512803999939933,23.650520000046527,real_npy,0,1
828,/mnt/c/Users/Chirayu/Documents/GitHub/2D-to-3D-image-reconstruction/facescape_224/fsmview_trainset_3_8_mouth_left_12.jpg,0.09116176515817642,0.1144222542643547,0.023260489106178284,7.813925463706255,0.7010037899017334,0.24961692094802856,0.24961692094802856,53.8082000000486,22.186830999999074,real_npy,0,1
829,/mnt/c/Users/Chirayu/Documents/GitHub/2D-to-3D-image-reconstruction/facescape_224/fsmview_trainset_19_12_lip_puckerer_11.jpg,0.07280027121305466,0.07750540971755981,0.0047051385045051575,8.6622478030622,0.7225416302680969,0.3277492821216583,0.3277492821216583,58.92159600011837,21.896766000054413,real_npy,0,1
830,/mnt/c/Users/Chirayu/Documents/GitHub/2D-to-3D-image-reconstruction/facescape_224/fsmview_trainset_5_7_jaw_forward_2.jpg,0.06330841034650803,0.057879190891981125,-0.005429219454526901,8.605841398239136,0.6828224658966064,0.44452786445617676,0.44452786445617676,23.916822000046523,21.051722999800404,real_npy,0,1
831,/mnt/c/Users/Chirayu/Documents/GitHub/2D-to-3D-image-reconstruction/facescape_224/fsmview_trainset_11_15_lip_roll_45.jpg,0.05724405497312546,0.07841131091117859,0.02116725593805313,7.820625729858875,0.7124473452568054,0.6428841948509216,0.6428841948509216,47.439680000024964,19.11320599992905,real_npy,0,1
832,/mnt/c/Users/Chirayu/Documents/GitHub/2D-to-3D-image-reconstruction/facescape_224/fsmview_trainset_8_5_jaw_left_15.jpg,0.0896802470088005,0.09116999059915543,0.0014897435903549194,7.809581123292446,0.6201267838478088,0.40998750925064087,0.40998750925064087,22.279022000020632,19.294231000003492,real_npy,0,1
833,/mnt/c/Users/Chirayu/Documents/GitHub/2D-to-3D-image-reconstruction/facescape_224/fsmview_trainset_16_3_mouth_stretch_1.jpg,0.02894427254796028,0.33019769191741943,0.30125341936945915,12.236379927955568,1.0924344062805176,0.3042123317718506,0.3042123317718506,39.112743000032424,22.76531999996223,real_npy,0,1
834,/mnt/c/Users/Chirayu/Documents/GitHub/2D-to-3D-image-reconstruction/facescape_224/fsmview_trainset_5_16_grin_19.jpg,0.04296915605664253,0.0456303209066391,0.0026611648499965668,8.87062044069171,0.7424718737602234,0.3534547984600067,0.3534547984600067,24.459091999915472,22.17162500005543,real_npy,0,1
835,/mnt/c/Users/Chirayu/Documents/GitHub/2D-to-3D-image-reconstruction/facescape_224/fsmview_trainset_3_4_anger_23.jpg,0.02998296730220318,0.36424267292022705,0.3342597056180239,13.051325591281056,1.1835970878601074,0.33128562569618225,0.33128562569618225,20.746588000065458,56.62434999999277,real_npy,0,1
836,/mnt/c/Users/Chirayu/Documents/GitHub/2D-to-3D-image-reconstruction/facescape_224/fsmview_trainset_13_15_lip_roll_55.jpg,0.0764472559094429,0.09321310371160507,0.01676584780216217,8.123081777244806,0.6900232434272766,0.3074433207511902,0.3074433207511902,21.76454899995406,20.415925000179413,real_npy,0,1
837,/mnt/c/Users/Chirayu/Documents/GitHub/2D-to-3D-image-reconstruction/facescape_224/fsmview_trainset_8_11_chin_raiser_9.jpg,0.045003123581409454,0.03877352923154831,-0.006229594349861145,8.074454449117184,0.6570461988449097,0.22955112159252167,0.22955112159252167,25.735188999988168,21.48970999996891,real_npy,0,1
838,/mnt/c/Users/Chirayu/Documents/GitHub/2D-to-3D-image-reconstruction/facescape_224/fsmview_trainset_5_2_smile_11.jpg,0.23862889409065247,0.23583805561065674,-0.0027908384799957275,6.758625410497189,0.6698842644691467,0.5780972838401794,0.5780972838401794,54.884600000150385,22.488678999934564,real_npy,0,1
839,/mnt/c/Users/Chirayu/Documents/GitHub/2D-to-3D-image-reconstruction/facescape_224/fsmview_trainset_20_10_dimpler_10.jpg,0.08573238551616669,0.08240736275911331,-0.0033250227570533752,7.75665557384491,0.6940661072731018,0.570749044418335,0.570749044418335,21.673922999980277,21.120601000120587,real_npy,0,1
840,/mnt/c/Users/Chirayu/Documents/GitHub/2D-to-3D-image-reconstruction/facescape_224/fsmview_trainset_3_20_brow_lower_7.jpg,0.05329344794154167,0.07061416655778885,0.017320718616247177,8.194222070276737,0.7082010507583618,0.2863719165325165,0.2863719165325165,20.704353000155606,30.911027000001923,real_npy,0,1
841,/mnt/c/Users/Chirayu/Documents/GitHub/2D-to-3D-image-reconstruction/facescape_224/fsmview_trainset_4_19_brow_raiser_19.jpg,0.0401664562523365,0.03980971872806549,-0.00035673752427101135,8.949684727936983,0.7359029650688171,0.27928292751312256,0.27928292751312256,33.90728499994111,21.17282900007922,real_npy,0,1
842,/mnt/c/Users/Chirayu/Documents/GitHub/2D-to-3D-image-reconstruction/facescape_224/fsmview_trainset_11_7_jaw_forward_28.jpg,0.08350151032209396,0.07955392450094223,-0.003947585821151733,9.129837453365326,0.7293936610221863,0.5489073991775513,0.5489073991775513,21.771531000013056,21.504188000108115,real_npy,0,1
843,/mnt/c/Users/Chirayu/Documents/GitHub/2D-to-3D-image-reconstruction/facescape_224/fsmview_trainset_13_18_eye_closed_45.jpg,0.06838922947645187,0.06869811564683914,0.00030888617038726807,8.329025335609913,0.6867439150810242,0.40348172187805176,0.40348172187805176,33.77482000018972,22.59475799996835,real_npy,0,1
844,/mnt/c/Users/Chirayu/Documents/GitHub/2D-to-3D-image-reconstruction/facescape_224/fsmview_trainset_6_10_dimpler_17.jpg,0.040597643703222275,0.04176468029618263,0.0011670365929603577,8.203718921169639,0.6942955255508423,0.3702225387096405,0.3702225387096405,21.24206200005574,21.487071999899854,real_npy,0,1
845,/mnt/c/Users/Chirayu/Documents/GitHub/2D-to-3D-image-reconstruction/facescape_224/fsmview_trainset_2_4_anger_44.jpg,0.5319088101387024,0.4997320771217346,-0.03217673301696777,7.113166391849518,0.6451779007911682,0.49110960960388184,0.49110960960388184,21.296129000120345,54.01804699999957,real_npy,0,1
846,/mnt/c/Users/Chirayu/Documents/GitHub/2D-to-3D-image-reconstruction/facescape_224/fsmview_trainset_13_6_jaw_right_38.jpg,0.051854606717824936,0.05020711198449135,-0.0016474947333335876,7.9402827844023705,0.7061310410499573,0.3451143801212311,0.3451143801212311,20.892541999955938,22.61302900001283,real_npy,0,1
847,/mnt/c/Users/Chirayu/Documents/GitHub/2D-to-3D-image-reconstruction/facescape_224/fsmview_trainset_11_1_neutral_66.jpg,0.24296985566616058,0.2351304292678833,-0.007839426398277283,7.535020619630814,0.6345770359039307,0.5062687397003174,0.5062687397003174,20.36782699997275,19.263908000084484,real_npy,0,1
848,/mnt/c/Users/Chirayu/Documents/GitHub/2D-to-3D-image-reconstruction/facescape_224/fsmview_trainset_17_9_mouth_right_55.jpg,0.06260973960161209,0.06564782559871674,0.0030380859971046448,8.389834582805634,0.6940938234329224,0.3769940435886383,0.3769940435886383,24.03531799996017,22.311104999971576,real_npy,0,1
849,/mnt/c/Users/Chirayu/Documents/GitHub/2D-to-3D-image-reconstruction/facescape_224/fsmview_trainset_15_14_sadness_34.jpg,0.16471661627292633,0.18043310940265656,0.015716493129730225,7.803090184926987,0.6426181197166443,0.5756279826164246,0.5756279826164246,33.4916990000238,45.80046699993545,real_npy,0,1
850,/mnt/c/Users/Chirayu/Documents/GitHub/2D-to-3D-image-reconstruction/facescape_224/fsmview_trainset_10_19_brow_raiser_32.jpg,0.04168912395834923,0.04460422694683075,0.0029151029884815216,7.636252885684371,0.668143093585968,0.29583609104156494,0.29583609104156494,20.045428000003085,19.42331700001887,real_npy,0,1
851,/mnt/c/Users/Chirayu/Documents/GitHub/2D-to-3D-image-reconstruction/facescape_224/fsmview_trainset_19_5_jaw_left_45.jpg,0.17685741186141968,0.20389355719089508,0.027036145329475403,9.047763831913471,0.8064162135124207,0.3715129792690277,0.3715129792690277,20.618788999854587,21.63986699997622,real_npy,0,1
852,/mnt/c/Users/Chirayu/Documents/GitHub/2D-to-3D-image-reconstruction/facescape_224/fsmview_trainset_7_9_mouth_right_1.jpg,0.058220479637384415,0.05863792821764946,0.00041744858026504517,8.062328264117241,0.7010406851768494,0.41748732328414917,0.41748732328414917,114.9312480001754,20.91609800004335,real_npy,0,1
853,/mnt/c/Users/Chirayu/Documents/GitHub/2D-to-3D-image-reconstruction/facescape_224/fsmview_trainset_17_13_lip_funneler_13.jpg,0.06644534319639206,0.07263679057359695,0.006191447377204895,8.388918602839112,0.6993182301521301,0.39738038182258606,0.39738038182258606,36.72610400008125,21.575855000037336,real_npy,0,1
854,/mnt/c/Users/Chirayu/Documents/GitHub/2D-to-3D-image-reconstruction/facescape_224/fsmview_trainset_1_7_jaw_forward_41.jpg,0.13131558895111084,0.1270415484905243,-0.004274040460586548,7.956358470022678,0.7414583563804626,0.44199734926223755,0.44199734926223755,22.12806899979114,20.08394299991778,real_npy,0,1
855,/mnt/c/Users/Chirayu/Documents/GitHub/2D-to-3D-image-reconstruction/facescape_224/fsmview_trainset_10_18_eye_closed_55.jpg,0.04833630099892616,0.04927840083837509,0.0009420998394489288,8.251277301460505,0.7008781433105469,0.29219305515289307,0.29219305515289307,20.28906099985761,19.98280599991631,real_npy,0,1
856,/mnt/c/Users/Chirayu/Documents/GitHub/2D-to-3D-image-reconstruction/facescape_224/fsmview_trainset_13_9_mouth_right_37.jpg,0.07556712627410889,0.07727290689945221,0.0017057806253433228,8.02823419868946,0.6901548504829407,0.4041873514652252,0.4041873514652252,58.28548499994213,35.039329000028374,real_npy,0,1
857,/mnt/c/Users/Chirayu/Documents/GitHub/2D-to-3D-image-reconstruction/facescape_224/fsmview_trainset_10_5_jaw_left_3.jpg,0.0584959015250206,0.056878481060266495,-0.0016174204647541046,7.765930570662022,0.7096757292747498,0.33603864908218384,0.33603864908218384,49.59482300000673,20.711244000040097,real_npy,0,1
858,/mnt/c/Users/Chirayu/Documents/GitHub/2D-to-3D-image-reconstruction/facescape_224/fsmview_trainset_13_16_grin_3.jpg,0.04443774372339249,0.04302997514605522,-0.001407768577337265,8.28703286498785,0.6516815423965454,0.43899664282798767,0.43899664282798767,21.149814000182232,22.374058999957924,real_npy,0,1
859,/mnt/c/Users/Chirayu/Documents/GitHub/2D-to-3D-image-reconstruction/facescape_224/fsmview_trainset_15_14_sadness_42.jpg,0.31331130862236023,0.3224382698535919,0.00912696123123169,8.419358871877193,0.7410331964492798,0.49940863251686096,0.49940863251686096,21.67237399999067,21.076198999935514,real_npy,0,1
860,/mnt/c/Users/Chirayu/Documents/GitHub/2D-to-3D-image-reconstruction/facescape_224/fsmview_trainset_17_1_neutral_58.jpg,0.8588152527809143,0.854105532169342,-0.004709720611572266,6.3688554130494595,0.6530956029891968,0.19829216599464417,0.19829216599464417,32.22658999993655,20.295065000027535,real_npy,0,0
861,/mnt/c/Users/Chirayu/Documents/GitHub/2D-to-3D-image-reconstruction/facescape_224/fsmview_trainset_8_6_jaw_right_48.jpg,0.14404800534248352,0.1429833024740219,-0.0010647028684616089,7.458438493311405,0.6767603754997253,0.3030596375465393,0.3030596375465393,32.916356999976415,22.16176400020231,real_npy,0,1
862,/mnt/c/Users/Chirayu/Documents/GitHub/2D-to-3D-image-reconstruction/facescape_224/fsmview_trainset_13_8_mouth_left_32.jpg,0.0392613485455513,0.03716479241847992,-0.0020965561270713806,8.861364042386413,0.7227270007133484,0.4317830204963684,0.4317830204963684,21.82565499992961,21.091927000043142,real_npy,0,1
863,/mnt/c/Users/Chirayu/Documents/GitHub/2D-to-3D-image-reconstruction/facescape_224/fsmview_trainset_14_17_cheek_blowing_18.jpg,0.06933674961328506,0.06491313874721527,-0.004423610866069794,7.886307522654533,0.6619517803192139,0.5182579755783081,0.5182579755783081,22.215000999949552,27.28756900000917,real_npy,0,1
864,/mnt/c/Users/Chirayu/Documents/GitHub/2D-to-3D-image-reconstruction/facescape_224/fsmview_trainset_18_17_cheek_blowing_18.jpg,0.05724598094820976,0.05770060792565346,0.00045462697744369507,9.109380150213838,0.7429060339927673,0.41484832763671875,0.41484832763671875,53.056554000022516,22.81614899993656,real_npy,0,1
865,/mnt/c/Users/Chirayu/Documents/GitHub/2D-to-3D-image-reconstruction/facescape_224/fsmview_trainset_10_11_chin_raiser_44.jpg,0.1323968917131424,0.11456006020307541,-0.017836831510066986,8.08790621906519,0.6732888221740723,0.45228829979896545,0.45228829979896545,24.050506000094174,20.650867999847833,real_npy,0,1
866,/mnt/c/Users/Chirayu/Documents/GitHub/2D-to-3D-image-reconstruction/facescape_224/fsmview_trainset_8_13_lip_funneler_29.jpg,0.054694801568984985,0.05941158905625343,0.004716787487268448,7.798178099095821,0.6764887571334839,0.36754560470581055,0.36754560470581055,33.60873899987382,58.20401899995886,real_npy,0,1
867,/mnt/c/Users/Chirayu/Documents/GitHub/2D-to-3D-image-reconstruction/facescape_224/fsmview_trainset_9_19_brow_raiser_43.jpg,0.12502235174179077,0.11865551024675369,-0.006366841495037079,7.237026937305927,0.6300890445709229,0.4200142025947571,0.4200142025947571,21.72545300004458,30.744421000008515,real_npy,0,1
868,/mnt/c/Users/Chirayu/Documents/GitHub/2D-to-3D-image-reconstruction/facescape_224/fsmview_trainset_8_9_mouth_right_46.jpg,0.05966266617178917,0.06342008709907532,0.003757420927286148,7.806195020675659,0.7007271647453308,0.33456727862358093,0.33456727862358093,43.09203899993008,20.476087999895753,real_npy,0,1
869,/mnt/c/Users/Chirayu/Documents/GitHub/2D-to-3D-image-reconstruction/facescape_224/fsmview_trainset_17_10_dimpler_1.jpg,0.19260187447071075,0.19625410437583923,0.003652229905128479,9.623514451086521,0.7473728656768799,0.4024462401866913,0.4024462401866913,22.888332000093214,33.551080000052025,real_npy,0,1
870,/mnt/c/Users/Chirayu/Documents/GitHub/2D-to-3D-image-reconstruction/facescape_224/fsmview_trainset_16_19_brow_raiser_37.jpg,0.09111873805522919,0.11430756002664566,0.023188821971416473,9.149334091693163,0.7619150280952454,0.4407002925872803,0.4407002925872803,21.19593299994449,20.119821999969645,real_npy,0,1
871,/mnt/c/Users/Chirayu/Documents/GitHub/2D-to-3D-image-reconstruction/facescape_224/fsmview_trainset_7_7_jaw_forward_31.jpg,0.06435024738311768,0.06635136157274246,0.0020011141896247864,8.18715926259756,0.6726202368736267,0.47378891706466675,0.47378891706466675,21.565930999940974,20.035085000017716,real_npy,0,1
872,/mnt/c/Users/Chirayu/Documents/GitHub/2D-to-3D-image-reconstruction/facescape_224/fsmview_trainset_16_14_sadness_17.jpg,0.036861661821603775,0.043745119124650955,0.00688345730304718,8.02121202275157,0.6642522811889648,0.36293739080429077,0.36293739080429077,39.89104400011456,19.33888799999295,real_npy,0,1
873,/mnt/c/Users/Chirayu/Documents/GitHub/2D-to-3D-image-reconstruction/facescape_224/fsmview_trainset_6_7_jaw_forward_24.jpg,0.056718144565820694,0.056357625871896744,-0.0003605186939239502,8.442443766631186,0.7034780979156494,0.39124706387519836,0.39124706387519836,21.942809999927704,22.67372799997247,real_npy,0,1
874,/mnt/c/Users/Chirayu/Documents/GitHub/2D-to-3D-image-reconstruction/facescape_224/fsmview_trainset_9_17_cheek_blowing_29.jpg,0.05120915547013283,0.057379983365535736,0.006170827895402908,8.070684134960175,0.7030205130577087,0.2719251215457916,0.2719251215457916,21.489320999990014,21.597635000034643,real_npy,0,1
875,/mnt/c/Users/Chirayu/Documents/GitHub/2D-to-3D-image-reconstruction/facescape_224/fsmview_trainset_16_12_lip_puckerer_7.jpg,0.06593889743089676,0.07947105169296265,0.013532154262065887,8.187217228114605,0.6716210842132568,0.2682947516441345,0.2682947516441345,52.50114799991934,22.536781999860978,real_npy,0,1
876,/mnt/c/Users/Chirayu/Documents/GitHub/2D-to-3D-image-reconstruction/facescape_224/fsmview_trainset_7_13_lip_funneler_44.jpg,0.11412083357572556,0.12113458663225174,0.007013753056526184,7.4534534104168415,0.6858773231506348,0.5003924369812012,0.5003924369812012,43.664938000119946,21.891368000069633,real_npy,0,1
877,/mnt/c/Users/Chirayu/Documents/GitHub/2D-to-3D-image-reconstruction/facescape_224/fsmview_trainset_13_6_jaw_right_1.jpg,0.0441867969930172,0.042916372418403625,-0.0012704245746135712,8.350800516083837,0.6984859704971313,0.41713669896125793,0.41713669896125793,20.516997999948217,20.18542700011494,real_npy,0,1
878,/mnt/c/Users/Chirayu/Documents/GitHub/2D-to-3D-image-reconstruction/facescape_224/fsmview_trainset_17_16_grin_35.jpg,0.05793161690235138,0.06172682344913483,0.0037952065467834473,8.759198823943734,0.738119900226593,0.385345458984375,0.385345458984375,30.67726099993706,20.416854000131934,real_npy,0,1
879,/mnt/c/Users/Chirayu/Documents/GitHub/2D-to-3D-image-reconstruction/facescape_224/fsmview_trainset_1_11_chin_raiser_47.jpg,0.1985447108745575,0.19567546248435974,-0.002869248390197754,6.889146137982607,0.6677589416503906,0.3660784661769867,0.3660784661769867,27.022203999877092,19.8329110000941,real_npy,0,1
880,/mnt/c/Users/Chirayu/Documents/GitHub/2D-to-3D-image-reconstruction/facescape_224/fsmview_trainset_9_5_jaw_left_18.jpg,0.04355526715517044,0.04162701219320297,-0.0019282549619674683,8.316917176358402,0.6960411667823792,0.38807329535484314,0.38807329535484314,22.57443999997122,23.505631000034555,real_npy,0,1
881,/mnt/c/Users/Chirayu/Documents/GitHub/2D-to-3D-image-reconstruction/facescape_224/fsmview_trainset_10_2_smile_47.jpg,0.05174339562654495,9.518009185791016,9.46626579016447,59.74524683505297,11.239625930786133,0.33744943141937256,0.33744943141937256,29.060884000045917,19.20020099987596,real_npy,1,1
882,/mnt/c/Users/Chirayu/Documents/GitHub/2D-to-3D-image-reconstruction/facescape_224/fsmview_trainset_8_14_sadness_12.jpg,0.045958422124385834,0.046473532915115356,0.0005151107907295227,7.961425133049488,0.7188072800636292,0.2905504107475281,0.2905504107475281,20.590120999941064,19.811113999821828,real_npy,0,1
883,/mnt/c/Users/Chirayu/Documents/GitHub/2D-to-3D-image-reconstruction/facescape_224/fsmview_trainset_9_15_lip_roll_55.jpg,0.18029776215553284,0.18699227273464203,0.006694510579109192,7.264829650521278,0.6386294960975647,0.4276222288608551,0.4276222288608551,34.336513999960516,28.037678999908167,real_npy,0,1
884,/mnt/c/Users/Chirayu/Documents/GitHub/2D-to-3D-image-reconstruction/facescape_224/fsmview_trainset_12_5_jaw_left_16.jpg,0.05007314682006836,0.043429408222436905,-0.0066437385976314545,8.815730579197407,0.6944947242736816,0.47407519817352295,0.47407519817352295,77.50499600001604,43.00261000003047,real_npy,0,1
885,/mnt/c/Users/Chirayu/Documents/GitHub/2D-to-3D-image-reconstruction/facescape_224/fsmview_trainset_3_5_jaw_left_8.jpg,0.04227956011891365,0.12279855459928513,0.08051899448037148,8.408764477819204,0.742922306060791,0.3758045434951782,0.3758045434951782,23.847339999974793,21.47068199997193,real_npy,0,1
886,/mnt/c/Users/Chirayu/Documents/GitHub/2D-to-3D-image-reconstruction/facescape_224/fsmview_trainset_13_3_mouth_stretch_50.jpg,0.048750050365924835,0.04810265824198723,-0.0006473921239376068,7.29736502468586,0.6815912127494812,0.36406028270721436,0.36406028270721436,20.994159000110812,20.646204000058788,real_npy,0,1
887,/mnt/c/Users/Chirayu/Documents/GitHub/2D-to-3D-image-reconstruction/facescape_224/fsmview_trainset_15_3_mouth_stretch_48.jpg,0.21922770142555237,0.23669354617595673,0.017465844750404358,8.086338981986046,0.7233547568321228,0.6327422857284546,0.6327422857284546,22.538380000014513,21.45836599993345,real_npy,0,1
888,/mnt/c/Users/Chirayu/Documents/GitHub/2D-to-3D-image-reconstruction/facescape_224/fsmview_trainset_18_16_grin_26.jpg,0.24056799709796906,0.19015629589557648,-0.05041170120239258,6.247345257550478,0.6002823710441589,0.6018533110618591,0.6018533110618591,23.562979999951494,21.019812000076854,real_npy,0,0
889,/mnt/c/Users/Chirayu/Documents/GitHub/2D-to-3D-image-reconstruction/facescape_224/fsmview_trainset_2_10_dimpler_28.jpg,0.03796384483575821,0.04015234485268593,0.002188500016927719,7.402237970381975,0.6723420023918152,0.28225070238113403,0.28225070238113403,21.90823899991301,21.58986700010246,real_npy,0,1
890,/mnt/c/Users/Chirayu/Documents/GitHub/2D-to-3D-image-reconstruction/facescape_224/fsmview_trainset_11_5_jaw_left_48.jpg,1.0166816711425781,0.7026457190513611,-0.31403595209121704,7.586540684103966,0.7154642343521118,0.5680316686630249,0.5680316686630249,62.91372200007572,34.012591999953656,real_npy,0,1
891,/mnt/c/Users/Chirayu/Documents/GitHub/2D-to-3D-image-reconstruction/facescape_224/fsmview_trainset_1_7_jaw_forward_56.jpg,0.09172221273183823,2.053265333175659,1.961543120443821,31.875651985406876,3.4310414791107178,0.2902890145778656,0.2902890145778656,24.04214700004559,29.34261699988383,real_npy,1,1
892,/mnt/c/Users/Chirayu/Documents/GitHub/2D-to-3D-image-reconstruction/facescape_224/fsmview_trainset_6_20_brow_lower_28.jpg,0.040224671363830566,0.04621222987771034,0.005987558513879776,7.717255391180515,0.6585335731506348,0.22931338846683502,0.22931338846683502,20.52786100011872,22.16369500001747,real_npy,0,1
893,/mnt/c/Users/Chirayu/Documents/GitHub/2D-to-3D-image-reconstruction/facescape_224/fsmview_trainset_20_13_lip_funneler_12.jpg,0.046766526997089386,0.05126960203051567,0.004503075033426285,8.543365374207497,0.7071740031242371,0.38685429096221924,0.38685429096221924,102.42790600000262,20.207881000033012,real_npy,0,1
894,/mnt/c/Users/Chirayu/Documents/GitHub/2D-to-3D-image-reconstruction/facescape_224/fsmview_trainset_13_10_dimpler_10.jpg,0.09298256039619446,0.12649168074131012,0.03350912034511566,9.079104617238045,0.7880207896232605,0.48380428552627563,0.48380428552627563,21.348000999978467,22.972138999875824,real_npy,0,1
895,/mnt/c/Users/Chirayu/Documents/GitHub/2D-to-3D-image-reconstruction/facescape_224/fsmview_trainset_20_10_dimpler_31.jpg,0.034005098044872284,0.03165355697274208,-0.0023515410721302032,7.663379423320293,0.6461922526359558,0.41889169812202454,0.41889169812202454,20.601380000016434,19.640458000139915,real_npy,0,1
896,/mnt/c/Users/Chirayu/Documents/GitHub/2D-to-3D-image-reconstruction/facescape_224/fsmview_trainset_17_11_chin_raiser_7.jpg,0.08098850399255753,0.09658420830965042,0.015595704317092896,8.83507725596428,0.691497266292572,0.28045907616615295,0.28045907616615295,42.7238209999814,20.289413999989847,real_npy,0,1
897,/mnt/c/Users/Chirayu/Documents/GitHub/2D-to-3D-image-reconstruction/facescape_224/fsmview_trainset_3_19_brow_raiser_42.jpg,0.23923669755458832,0.2734983563423157,0.034261658787727356,7.6466189082711935,0.7264789342880249,0.4571093022823334,0.4571093022823334,38.896179999937885,19.101855999906547,real_npy,0,1
898,/mnt/c/Users/Chirayu/Documents/GitHub/2D-to-3D-image-reconstruction/facescape_224/fsmview_trainset_3_18_eye_closed_53.jpg,0.6608994007110596,0.4601303040981293,-0.2007690966129303,7.8782018553465605,0.6743672490119934,0.43323349952697754,0.43323349952697754,20.062124999867592,21.331166999971174,real_npy,0,1
899,/mnt/c/Users/Chirayu/Documents/GitHub/2D-to-3D-image-reconstruction/facescape_224/fsmview_trainset_16_1_neutral_29.jpg,0.049914952367544174,0.05543547868728638,0.005520526319742203,7.79565753787756,0.6473755836486816,0.4228871166706085,0.4228871166706085,22.054371999956857,60.95893199994862,real_npy,0,1
900,/mnt/c/Users/Chirayu/Documents/GitHub/2D-to-3D-image-reconstruction/facescape_224/fsmview_trainset_20_14_sadness_6.jpg,0.484715074300766,0.4333382844924927,-0.051376789808273315,6.234009146690369,0.6621935963630676,0.49191734194755554,0.49191734194755554,19.826482000098622,22.064572000090266,template_fallback,0,0
901,/mnt/c/Users/Chirayu/Documents/GitHub/2D-to-3D-image-reconstruction/facescape_224/fsmview_trainset_10_9_mouth_right_37.jpg,0.056538376957178116,0.06834522634744644,0.011806849390268326,8.722323765978217,0.7265055775642395,0.40712857246398926,0.40712857246398926,21.376766000003045,19.420848999970985,real_npy,0,1
902,/mnt/c/Users/Chirayu/Documents/GitHub/2D-to-3D-image-reconstruction/facescape_224/fsmview_trainset_18_18_eye_closed_43.jpg,0.08253883570432663,0.08347456902265549,0.0009357333183288574,7.9280740693211555,0.6384631991386414,0.5030818581581116,0.5030818581581116,22.80346600014127,22.700568000118437,real_npy,0,1
903,/mnt/c/Users/Chirayu/Documents/GitHub/2D-to-3D-image-reconstruction/facescape_224/fsmview_trainset_2_16_grin_45.jpg,1.0208079814910889,0.8202587962150574,-0.2005491852760315,6.336082253605127,0.5737708806991577,0.4987034201622009,0.4987034201622009,20.65819399990687,19.520645000056902,real_npy,0,0
904,/mnt/c/Users/Chirayu/Documents/GitHub/2D-to-3D-image-reconstruction/facescape_224/fsmview_trainset_8_5_jaw_left_33.jpg,0.03111211024224758,0.032860130071640015,0.0017480198293924332,7.851958490908146,0.6692487001419067,0.2832782566547394,0.2832782566547394,20.331851000037204,62.121975000081875,real_npy,0,1
905,/mnt/c/Users/Chirayu/Documents/GitHub/2D-to-3D-image-reconstruction/facescape_224/fsmview_trainset_4_7_jaw_forward_2.jpg,0.06296109408140182,0.05571004003286362,-0.007251054048538208,7.488265842199326,0.6777164936065674,0.27488112449645996,0.27488112449645996,53.005644999984725,72.67724999996972,real_npy,0,1
906,/mnt/c/Users/Chirayu/Documents/GitHub/2D-to-3D-image-reconstruction/facescape_224/fsmview_trainset_12_9_mouth_right_52.jpg,0.12351209670305252,0.1306883543729782,0.00717625766992569,7.858211234211922,0.6708186864852905,0.4912307560443878,0.4912307560443878,22.4629689998892,20.60009399997398,real_npy,0,1
907,/mnt/c/Users/Chirayu/Documents/GitHub/2D-to-3D-image-reconstruction/facescape_224/fsmview_trainset_9_18_eye_closed_42.jpg,0.1387416571378708,0.20069853961467743,0.06195688247680664,6.542178142815828,0.6721184849739075,0.4432443082332611,0.4432443082332611,23.317546999805927,22.287632999905327,real_npy,0,1
908,/mnt/c/Users/Chirayu/Documents/GitHub/2D-to-3D-image-reconstruction/facescape_224/fsmview_trainset_14_2_smile_61.jpg,0.4495314955711365,0.4456138610839844,-0.0039176344871521,7.421378273516893,0.5976866483688354,0.5059278607368469,0.5059278607368469,63.876472999936595,23.17280300007951,real_npy,0,1
909,/mnt/c/Users/Chirayu/Documents/GitHub/2D-to-3D-image-reconstruction/facescape_224/fsmview_trainset_7_8_mouth_left_12.jpg,0.2909263074398041,132.34144592285156,132.05051961541176,205.90365514159203,168.54147338867188,0.2750994563102722,0.2750994563102722,23.24322099980236,21.445881000090594,real_npy,1,1
910,/mnt/c/Users/Chirayu/Documents/GitHub/2D-to-3D-image-reconstruction/facescape_224/fsmview_trainset_2_3_mouth_stretch_36.jpg,0.33563703298568726,0.3523949086666107,0.016757875680923462,6.9203128553926945,0.595566987991333,0.3872579038143158,0.3872579038143158,20.715007000035257,21.815041000081692,real_npy,0,1
911,/mnt/c/Users/Chirayu/Documents/GitHub/2D-to-3D-image-reconstruction/facescape_224/fsmview_trainset_6_18_eye_closed_49.jpg,0.13106948137283325,0.11354118585586548,-0.017528295516967773,7.253952406346798,0.6419046521186829,0.43022623658180237,0.43022623658180237,22.8271980001864,22.669690999919112,real_npy,0,1
912,/mnt/c/Users/Chirayu/Documents/GitHub/2D-to-3D-image-reconstruction/facescape_224/fsmview_trainset_20_15_lip_roll_14.jpg,0.14224505424499512,0.14707545936107635,0.004830405116081238,7.896644867956638,0.6826713681221008,0.4812876880168915,0.4812876880168915,24.19815700000072,22.055571000009877,real_npy,0,1
913,/mnt/c/Users/Chirayu/Documents/GitHub/2D-to-3D-image-reconstruction/facescape_224/fsmview_trainset_3_5_jaw_left_23.jpg,0.04488912597298622,0.04574151337146759,0.000852387398481369,8.198627882637084,0.6669750213623047,0.4426657259464264,0.4426657259464264,21.205994000183637,20.011027999998987,real_npy,0,1
914,/mnt/c/Users/Chirayu/Documents/GitHub/2D-to-3D-image-reconstruction/facescape_224/fsmview_trainset_20_4_anger_66.jpg,0.2587410807609558,0.25603824853897095,-0.0027028322219848633,6.832569494843483,0.6535906195640564,0.4504334330558777,0.4504334330558777,21.461670999997295,21.47819900005743,real_npy,0,1
915,/mnt/c/Users/Chirayu/Documents/GitHub/2D-to-3D-image-reconstruction/facescape_224/fsmview_trainset_14_11_chin_raiser_60.jpg,0.04022512212395668,0.03924556449055672,-0.0009795576333999634,8.635818773880601,0.7400761842727661,0.45520642399787903,0.45520642399787903,22.556064999889713,19.94928399994933,real_npy,0,1
916,/mnt/c/Users/Chirayu/Documents/GitHub/2D-to-3D-image-reconstruction/facescape_224/fsmview_trainset_6_17_cheek_blowing_19.jpg,0.051858462393283844,0.05953370779752731,0.007675245404243469,8.70131205022335,0.773481547832489,0.3266463279724121,0.3266463279724121,20.456232000015007,23.680958000113606,real_npy,0,1
917,/mnt/c/Users/Chirayu/Documents/GitHub/2D-to-3D-image-reconstruction/facescape_224/fsmview_trainset_17_11_chin_raiser_16.jpg,0.046536631882190704,17.092302322387695,17.045765690505505,83.21237151324749,17.851749420166016,0.31121495366096497,0.31121495366096497,21.279391999996733,35.30726999997569,real_npy,1,1
918,/mnt/c/Users/Chirayu/Documents/GitHub/2D-to-3D-image-reconstruction/facescape_224/fsmview_trainset_12_8_mouth_left_44.jpg,0.04334930703043938,0.042771998792886734,-0.0005773082375526428,7.496742449700832,0.6160783767700195,0.46108847856521606,0.46108847856521606,21.621736999804853,20.563831000117716,real_npy,0,1
919,/mnt/c/Users/Chirayu/Documents/GitHub/2D-to-3D-image-reconstruction/facescape_224/fsmview_trainset_13_1_neutral_18.jpg,0.33939945697784424,0.3240531086921692,-0.015346348285675049,7.378307078033686,0.6541383266448975,0.4166359007358551,0.4166359007358551,21.066512000061266,21.53449399997953,real_npy,0,1
920,/mnt/c/Users/Chirayu/Documents/GitHub/2D-to-3D-image-reconstruction/facescape_224/fsmview_trainset_4_9_mouth_right_19.jpg,0.03902970254421234,0.0378122553229332,-0.0012174472212791443,8.891806725412607,0.7269323468208313,0.2760600447654724,0.2760600447654724,25.00440099993284,21.310114000016256,real_npy,0,1
921,/mnt/c/Users/Chirayu/Documents/GitHub/2D-to-3D-image-reconstruction/facescape_224/fsmview_trainset_19_13_lip_funneler_47.jpg,0.0775815024971962,0.07613212615251541,-0.0014493763446807861,8.163543667644262,0.7143310904502869,0.34393393993377686,0.34393393993377686,21.65599599993584,43.90712099984739,real_npy,0,1
922,/mnt/c/Users/Chirayu/Documents/GitHub/2D-to-3D-image-reconstruction/facescape_224/fsmview_trainset_11_12_lip_puckerer_16.jpg,0.05415275692939758,0.06276895105838776,0.008616194128990173,7.7196314968168736,0.6462017297744751,0.4807364344596863,0.4807364344596863,31.806356999823038,23.374607000050673,real_npy,0,1
923,/mnt/c/Users/Chirayu/Documents/GitHub/2D-to-3D-image-reconstruction/facescape_224/fsmview_trainset_11_16_grin_61.jpg,0.536439836025238,0.5225855708122253,-0.013854265213012695,7.152993908151984,0.6519426703453064,0.5014179944992065,0.5014179944992065,26.573172000098566,85.72436899999047,real_npy,0,1
924,/mnt/c/Users/Chirayu/Documents/GitHub/2D-to-3D-image-reconstruction/facescape_224/fsmview_trainset_14_14_sadness_22.jpg,0.04118964448571205,0.04189364239573479,0.0007039979100227356,7.258347809314728,0.6067457795143127,0.3925381600856781,0.3925381600856781,29.179014999954234,66.22502000004715,real_npy,0,1
925,/mnt/c/Users/Chirayu/Documents/GitHub/2D-to-3D-image-reconstruction/facescape_224/fsmview_trainset_13_1_neutral_34.jpg,0.31932148337364197,0.348892480134964,0.02957099676132202,7.276683364063501,0.6911348104476929,0.4506545066833496,0.4506545066833496,59.47137500015742,19.61378999999397,real_npy,0,1
926,/mnt/c/Users/Chirayu/Documents/GitHub/2D-to-3D-image-reconstruction/facescape_224/fsmview_trainset_2_16_grin_50.jpg,0.43976446986198425,0.4402860105037689,0.000521540641784668,7.110287733376026,0.6584853529930115,0.47697651386260986,0.47697651386260986,49.952937000171005,20.20794800000658,template_fallback,0,1
927,/mnt/c/Users/Chirayu/Documents/GitHub/2D-to-3D-image-reconstruction/facescape_224/fsmview_trainset_19_12_lip_puckerer_31.jpg,0.04084106907248497,0.042786046862602234,0.0019449777901172638,8.398800963535905,0.6887483596801758,0.28158730268478394,0.28158730268478394,32.21281200012527,20.20160400002169,real_npy,0,1
928,/mnt/c/Users/Chirayu/Documents/GitHub/2D-to-3D-image-reconstruction/facescape_224/fsmview_trainset_4_11_chin_raiser_54.jpg,0.03665231913328171,0.03699800744652748,0.0003456883132457733,8.09892851114273,0.6919651627540588,0.19850708544254303,0.19850708544254303,20.603695000090738,49.03769399993507,real_npy,0,1
929,/mnt/c/Users/Chirayu/Documents/GitHub/2D-to-3D-image-reconstruction/facescape_224/fsmview_trainset_11_7_jaw_forward_17.jpg,0.06372709572315216,0.075007863342762,0.011280767619609833,7.919320143759251,0.6893333196640015,0.499267041683197,0.499267041683197,20.45512599988797,22.0802389999335,real_npy,0,1
930,/mnt/c/Users/Chirayu/Documents/GitHub/2D-to-3D-image-reconstruction/facescape_224/fsmview_trainset_16_2_smile_56.jpg,0.028614090755581856,0.03409021720290184,0.0054761264473199844,7.842679347842932,0.6776142716407776,0.3132737874984741,0.3132737874984741,20.09302800001933,20.549922999862247,real_npy,0,1
931,/mnt/c/Users/Chirayu/Documents/GitHub/2D-to-3D-image-reconstruction/facescape_224/fsmview_trainset_8_2_smile_10.jpg,0.0387222059071064,0.04115283489227295,0.0024306289851665497,8.41589405760169,0.7049873471260071,0.22912117838859558,0.22912117838859558,68.31445099987832,22.27943400021104,real_npy,0,1
932,/mnt/c/Users/Chirayu/Documents/GitHub/2D-to-3D-image-reconstruction/facescape_224/fsmview_trainset_19_8_mouth_left_24.jpg,0.05319351330399513,0.05461294576525688,0.0014194324612617493,9.053413599729538,0.7654479146003723,0.33367303013801575,0.33367303013801575,21.30556399993111,21.548667999923055,real_npy,0,1
933,/mnt/c/Users/Chirayu/Documents/GitHub/2D-to-3D-image-reconstruction/facescape_224/fsmview_trainset_7_11_chin_raiser_41.jpg,0.08247700333595276,0.08427844196557999,0.0018014386296272278,7.935547702014446,0.6735072135925293,0.5020990967750549,0.5020990967750549,62.43076999999175,22.807039000099394,real_npy,0,1
934,/mnt/c/Users/Chirayu/Documents/GitHub/2D-to-3D-image-reconstruction/facescape_224/fsmview_trainset_10_4_anger_8.jpg,0.03595953807234764,0.03519681468605995,-0.0007627233862876892,7.596133306622505,0.6519545316696167,0.2287251502275467,0.2287251502275467,22.222864000013942,46.29187999989881,real_npy,0,1
935,/mnt/c/Users/Chirayu/Documents/GitHub/2D-to-3D-image-reconstruction/facescape_224/fsmview_trainset_4_16_grin_23.jpg,0.040619008243083954,0.03978019580245018,-0.0008388124406337738,8.524043845012784,0.692520260810852,0.2976384162902832,0.2976384162902832,78.66912299982687,41.78002000003289,real_npy,0,1
936,/mnt/c/Users/Chirayu/Documents/GitHub/2D-to-3D-image-reconstruction/facescape_224/fsmview_trainset_17_10_dimpler_34.jpg,0.04383543133735657,0.04990867152810097,0.0060732401907444,7.96356987208128,0.6612539291381836,0.42465516924858093,0.42465516924858093,21.164772000020093,21.48582999984683,real_npy,0,1
937,/mnt/c/Users/Chirayu/Documents/GitHub/2D-to-3D-image-reconstruction/facescape_224/fsmview_trainset_13_15_lip_roll_32.jpg,0.14539605379104614,0.11041576415300369,-0.03498028963804245,8.126603800803423,0.6735677123069763,0.518656313419342,0.518656313419342,23.359186000107,22.808285000110118,real_npy,0,1
938,/mnt/c/Users/Chirayu/Documents/GitHub/2D-to-3D-image-reconstruction/facescape_224/fsmview_trainset_20_15_lip_roll_29.jpg,0.07607537508010864,0.08692733198404312,0.010851956903934479,8.031834356486797,0.6808842420578003,0.3258541226387024,0.3258541226387024,22.260899999992034,20.842330000050424,real_npy,0,1
939,/mnt/c/Users/Chirayu/Documents/GitHub/2D-to-3D-image-reconstruction/facescape_224/fsmview_trainset_20_1_neutral_47.jpg,0.07365221530199051,0.07076997309923172,-0.002882242202758789,7.378297694027424,0.6935744285583496,0.4931551218032837,0.4931551218032837,20.791205999785234,21.26627699999517,real_npy,0,1
940,/mnt/c/Users/Chirayu/Documents/GitHub/2D-to-3D-image-reconstruction/facescape_224/fsmview_trainset_7_6_jaw_right_22.jpg,0.03778386861085892,7.626013278961182,7.588229410350323,56.97204797714949,8.738502502441406,0.37488237023353577,0.37488237023353577,22.28681199994753,18.872723999947993,real_npy,1,1
941,/mnt/c/Users/Chirayu/Documents/GitHub/2D-to-3D-image-reconstruction/facescape_224/fsmview_trainset_17_7_jaw_forward_6.jpg,0.055286794900894165,0.5757586359977722,0.520471841096878,15.892086133360863,1.5159318447113037,0.32014110684394836,0.32014110684394836,20.30972300008216,24.154936000059024,real_npy,0,1
942,/mnt/c/Users/Chirayu/Documents/GitHub/2D-to-3D-image-reconstruction/facescape_224/fsmview_trainset_20_13_lip_funneler_52.jpg,0.5359766483306885,0.49730104207992554,-0.03867560625076294,7.036813456565142,0.6198424100875854,0.5010544061660767,0.5010544061660767,19.718822999948316,19.480841999893528,real_npy,0,1
943,/mnt/c/Users/Chirayu/Documents/GitHub/2D-to-3D-image-reconstruction/facescape_224/fsmview_trainset_3_6_jaw_right_1.jpg,0.07154089957475662,0.07539660483598709,0.0038557052612304688,8.2321932092309,0.750042200088501,0.41301271319389343,0.41301271319389343,23.781314999951064,21.95149199997104,real_npy,0,1
944,/mnt/c/Users/Chirayu/Documents/GitHub/2D-to-3D-image-reconstruction/facescape_224/fsmview_trainset_13_4_anger_40.jpg,0.052724774926900864,0.052007343620061874,-0.0007174313068389893,7.347152695059776,0.6071956157684326,0.42209988832473755,0.42209988832473755,21.386093000046458,23.01379599998654,real_npy,0,1
945,/mnt/c/Users/Chirayu/Documents/GitHub/2D-to-3D-image-reconstruction/facescape_224/fsmview_trainset_6_16_grin_39.jpg,0.0706506073474884,0.0737808421254158,0.0031302347779273987,8.128200262784958,0.7409003376960754,0.3176040053367615,0.3176040053367615,31.75686899999164,21.915100000114762,real_npy,0,1
946,/mnt/c/Users/Chirayu/Documents/GitHub/2D-to-3D-image-reconstruction/facescape_224/fsmview_trainset_17_9_mouth_right_25.jpg,0.0338754877448082,8.278111457824707,8.244235970079899,59.06840389221907,9.513137817382812,0.29532742500305176,0.29532742500305176,72.89424900000085,20.629275999908714,real_npy,1,1
947,/mnt/c/Users/Chirayu/Documents/GitHub/2D-to-3D-image-reconstruction/facescape_224/fsmview_trainset_10_18_eye_closed_25.jpg,0.059279344975948334,0.05918438360095024,-9.496137499809265e-05,7.838939767330885,0.7293460369110107,0.4271896779537201,0.4271896779537201,45.671001000073375,19.71433300013814,real_npy,0,1
948,/mnt/c/Users/Chirayu/Documents/GitHub/2D-to-3D-image-reconstruction/facescape_224/fsmview_trainset_20_8_mouth_left_27.jpg,0.03186041861772537,0.03317069262266159,0.0013102740049362183,7.806861147284508,0.6584848761558533,0.48383647203445435,0.48383647203445435,62.56870699985484,21.95376200006649,real_npy,0,1
949,/mnt/c/Users/Chirayu/Documents/GitHub/2D-to-3D-image-reconstruction/facescape_224/fsmview_trainset_12_4_anger_23.jpg,0.13678725063800812,0.1454070806503296,0.008619830012321472,8.715053342282772,0.7870419025421143,0.6197326183319092,0.6197326183319092,20.049392999908378,19.774305000055392,real_npy,0,1
950,/mnt/c/Users/Chirayu/Documents/GitHub/2D-to-3D-image-reconstruction/facescape_224/fsmview_trainset_20_12_lip_puckerer_18.jpg,0.05465049669146538,0.051292017102241516,-0.0033584795892238617,7.797536700963974,0.6280728578567505,0.4915401339530945,0.4915401339530945,20.611105999932988,19.438343000047098,real_npy,0,1
951,/mnt/c/Users/Chirayu/Documents/GitHub/2D-to-3D-image-reconstruction/facescape_224/fsmview_trainset_6_9_mouth_right_17.jpg,0.038972027599811554,0.04114743322134018,0.0021754056215286255,7.667188357561827,0.6650570631027222,0.28097596764564514,0.28097596764564514,20.999157999995077,20.165029000054346,real_npy,0,1
952,/mnt/c/Users/Chirayu/Documents/GitHub/2D-to-3D-image-reconstruction/facescape_224/fsmview_trainset_20_9_mouth_right_65.jpg,0.06578800082206726,0.06621767580509186,0.00042967498302459717,8.765802387148142,0.8273360133171082,0.43904176354408264,0.43904176354408264,71.78234499997416,45.991881000190915,real_npy,0,1
953,/mnt/c/Users/Chirayu/Documents/GitHub/2D-to-3D-image-reconstruction/facescape_224/fsmview_trainset_16_5_jaw_left_33.jpg,0.03529391810297966,0.03667072951793671,0.0013768114149570465,8.060338705778122,0.6732642650604248,0.3744714856147766,0.3744714856147766,20.606046000011702,21.072365000009086,real_npy,0,1
954,/mnt/c/Users/Chirayu/Documents/GitHub/2D-to-3D-image-reconstruction/facescape_224/fsmview_trainset_14_14_sadness_59.jpg,0.04145866259932518,0.04239325597882271,0.0009345933794975281,7.395573206245899,0.6217844486236572,0.36656105518341064,0.36656105518341064,20.03041500006475,21.353655999973853,real_npy,0,1
955,/mnt/c/Users/Chirayu/Documents/GitHub/2D-to-3D-image-reconstruction/facescape_224/fsmview_trainset_12_14_sadness_36.jpg,0.054286811500787735,0.05546538904309273,0.0011785775423049927,8.513570845127106,0.7189009189605713,0.3749639093875885,0.3749639093875885,36.290906999965955,19.290217999923698,real_npy,0,1
956,/mnt/c/Users/Chirayu/Documents/GitHub/2D-to-3D-image-reconstruction/facescape_224/fsmview_trainset_4_14_sadness_27.jpg,0.08217067271471024,0.08167684823274612,-0.0004938244819641113,8.003041759133339,0.722036600112915,0.37607255578041077,0.37607255578041077,41.54424900002596,20.64281499997378,real_npy,0,1
957,/mnt/c/Users/Chirayu/Documents/GitHub/2D-to-3D-image-reconstruction/facescape_224/fsmview_trainset_13_19_brow_raiser_39.jpg,0.06947474181652069,0.062063973397016525,-0.007410768419504166,8.779244676232338,0.7162358164787292,0.4763682782649994,0.4763682782649994,33.901501999935135,23.70176099998389,real_npy,0,1
958,/mnt/c/Users/Chirayu/Documents/GitHub/2D-to-3D-image-reconstruction/facescape_224/fsmview_trainset_1_15_lip_roll_16.jpg,0.04200085625052452,0.04277312383055687,0.0007722675800323486,7.940252244472504,0.6642611622810364,0.2827872633934021,0.2827872633934021,21.1325239999951,19.09744399995361,real_npy,0,1
959,/mnt/c/Users/Chirayu/Documents/GitHub/2D-to-3D-image-reconstruction/facescape_224/fsmview_trainset_18_8_mouth_left_10.jpg,0.03365560993552208,0.03713706508278847,0.003481455147266388,8.472771473228931,0.6784326434135437,0.3456035852432251,0.3456035852432251,30.299452000008387,44.52190500001052,real_npy,0,1
960,/mnt/c/Users/Chirayu/Documents/GitHub/2D-to-3D-image-reconstruction/facescape_224/fsmview_trainset_4_2_smile_40.jpg,0.16608509421348572,0.16037391126155853,-0.005711182951927185,6.991556115448475,0.6756614446640015,0.5209238529205322,0.5209238529205322,57.744515999957,20.477762000155053,real_npy,0,1
961,/mnt/c/Users/Chirayu/Documents/GitHub/2D-to-3D-image-reconstruction/facescape_224/fsmview_trainset_17_4_anger_5.jpg,0.05546397343277931,0.05767665430903435,0.0022126808762550354,8.630502864718437,0.6941341757774353,0.37974813580513,0.37974813580513,24.24395499997445,23.91563700007282,real_npy,0,1
962,/mnt/c/Users/Chirayu/Documents/GitHub/2D-to-3D-image-reconstruction/facescape_224/fsmview_trainset_14_8_mouth_left_49.jpg,0.08673910051584244,0.09260258078575134,0.005863480269908905,8.439351364970207,0.7453786134719849,0.5533139109611511,0.5533139109611511,25.335933000178557,23.282799000071464,real_npy,0,1
963,/mnt/c/Users/Chirayu/Documents/GitHub/2D-to-3D-image-reconstruction/facescape_224/fsmview_trainset_18_14_sadness_22.jpg,0.056336577981710434,0.055303916335105896,-0.001032661646604538,8.89331989735365,0.7347914576530457,0.44459086656570435,0.44459086656570435,22.92956199994478,22.756845000003523,real_npy,0,1
964,/mnt/c/Users/Chirayu/Documents/GitHub/2D-to-3D-image-reconstruction/facescape_224/fsmview_trainset_5_14_sadness_59.jpg,0.5959197878837585,0.6215205788612366,0.025600790977478027,6.951219819486141,0.6621711850166321,0.4088655114173889,0.4088655114173889,20.155490999968606,48.596051999993506,real_npy,0,1
965,/mnt/c/Users/Chirayu/Documents/GitHub/2D-to-3D-image-reconstruction/facescape_224/fsmview_trainset_6_13_lip_funneler_12.jpg,0.22085334360599518,0.2352592945098877,0.014405950903892517,7.202695406973362,0.6921629309654236,0.24556733667850494,0.24556733667850494,22.518654000123206,20.928713999865067,real_npy,0,1
966,/mnt/c/Users/Chirayu/Documents/GitHub/2D-to-3D-image-reconstruction/facescape_224/fsmview_trainset_20_12_lip_puckerer_21.jpg,0.2486647516489029,0.2669453024864197,0.018280550837516785,7.551236733794212,0.6388829946517944,0.34944015741348267,0.34944015741348267,36.922236000009434,21.372001999907297,real_npy,0,1
967,/mnt/c/Users/Chirayu/Documents/GitHub/2D-to-3D-image-reconstruction/facescape_224/fsmview_trainset_9_17_cheek_blowing_32.jpg,0.04733048379421234,0.05306500568985939,0.005734521895647049,7.094254650175571,0.6058946251869202,0.3055931329727173,0.3055931329727173,20.20440699993742,26.47556299984899,real_npy,0,1
968,/mnt/c/Users/Chirayu/Documents/GitHub/2D-to-3D-image-reconstruction/facescape_224/fsmview_trainset_13_9_mouth_right_5.jpg,0.05994747579097748,0.05881624296307564,-0.0011312328279018402,8.167264208197594,0.6700791120529175,0.4544704556465149,0.4544704556465149,24.453069000173855,19.77979299999788,real_npy,0,1
969,/mnt/c/Users/Chirayu/Documents/GitHub/2D-to-3D-image-reconstruction/facescape_224/fsmview_trainset_16_10_dimpler_19.jpg,0.05256396904587746,0.05530426278710365,0.0027402937412261963,9.141682345420122,0.7645959854125977,0.3871486186981201,0.3871486186981201,21.953358000018852,40.09212000005391,real_npy,0,1
970,/mnt/c/Users/Chirayu/Documents/GitHub/2D-to-3D-image-reconstruction/facescape_224/fsmview_trainset_15_15_lip_roll_23.jpg,0.03120969980955124,0.03160577639937401,0.00039607658982276917,6.969759475439787,0.559033215045929,0.5456572771072388,0.5456572771072388,77.91097400013314,21.917696000173237,real_npy,0,1
971,/mnt/c/Users/Chirayu/Documents/GitHub/2D-to-3D-image-reconstruction/facescape_224/fsmview_trainset_2_20_brow_lower_25.jpg,0.0324850007891655,0.035491395741701126,0.0030063949525356293,7.960517080500722,0.665435791015625,0.3580128252506256,0.3580128252506256,20.80691499986642,21.520189000057144,real_npy,0,1
972,/mnt/c/Users/Chirayu/Documents/GitHub/2D-to-3D-image-reconstruction/facescape_224/fsmview_trainset_19_7_jaw_forward_34.jpg,0.045702237635850906,0.04476781561970711,-0.0009344220161437988,8.668438164517283,0.7498048543930054,0.3227134644985199,0.3227134644985199,25.124530000084633,22.97676800003501,real_npy,0,1
973,/mnt/c/Users/Chirayu/Documents/GitHub/2D-to-3D-image-reconstruction/facescape_224/fsmview_trainset_18_8_mouth_left_1.jpg,0.03011404164135456,90.78044891357422,90.75033487193286,176.46938997507095,99.76577758789062,0.34701526165008545,0.34701526165008545,21.520835999808696,20.204809000006207,real_npy,1,1
974,/mnt/c/Users/Chirayu/Documents/GitHub/2D-to-3D-image-reconstruction/facescape_224/fsmview_trainset_12_4_anger_18.jpg,0.052077505737543106,0.05277898535132408,0.0007014796137809753,8.672140199691057,0.7129184603691101,0.5159387588500977,0.5159387588500977,34.62480300004245,20.2732919999562,real_npy,0,1
975,/mnt/c/Users/Chirayu/Documents/GitHub/2D-to-3D-image-reconstruction/facescape_224/fsmview_trainset_13_9_mouth_right_25.jpg,0.043130915611982346,0.050998274236917496,0.00786735862493515,8.93922189436853,0.733392059803009,0.41617411375045776,0.41617411375045776,20.91394100011712,22.94035799991434,real_npy,0,1
976,/mnt/c/Users/Chirayu/Documents/GitHub/2D-to-3D-image-reconstruction/facescape_224/fsmview_trainset_20_11_chin_raiser_44.jpg,0.1687932014465332,0.1809508055448532,0.012157604098320007,9.011790515854955,0.720344066619873,0.3246297836303711,0.3246297836303711,20.909936000180096,22.761199000115084,real_npy,0,1
977,/mnt/c/Users/Chirayu/Documents/GitHub/2D-to-3D-image-reconstruction/facescape_224/fsmview_trainset_7_3_mouth_stretch_19.jpg,0.045112621039152145,0.044158972799777985,-0.0009536482393741608,7.8769344706088305,0.7420219779014587,0.36540013551712036,0.36540013551712036,38.00544299997455,45.541522000121404,real_npy,0,1
978,/mnt/c/Users/Chirayu/Documents/GitHub/2D-to-3D-image-reconstruction/facescape_224/fsmview_trainset_10_9_mouth_right_6.jpg,0.03875819221138954,0.04200207069516182,0.003243878483772278,7.684978840872645,0.6634858250617981,0.26284080743789673,0.26284080743789673,21.715987000106907,21.850184999948397,real_npy,0,1
979,/mnt/c/Users/Chirayu/Documents/GitHub/2D-to-3D-image-reconstruction/facescape_224/fsmview_trainset_3_17_cheek_blowing_2.jpg,0.08483977615833282,0.08547849953174591,0.0006387233734130859,8.713424641638994,0.7510116696357727,0.4395935535430908,0.4395935535430908,32.626214000174514,21.38943999989351,real_npy,0,1
980,/mnt/c/Users/Chirayu/Documents/GitHub/2D-to-3D-image-reconstruction/facescape_224/fsmview_trainset_19_16_grin_39.jpg,0.5447977781295776,0.46985751390457153,-0.0749402642250061,7.176519889384508,0.6755707859992981,0.3796253204345703,0.3796253204345703,22.489913999834243,20.297575000086,real_npy,0,1
981,/mnt/c/Users/Chirayu/Documents/GitHub/2D-to-3D-image-reconstruction/facescape_224/fsmview_trainset_11_13_lip_funneler_3.jpg,0.4969675540924072,0.5067323446273804,0.009764790534973145,8.276478871703148,0.7178760766983032,0.6385740041732788,0.6385740041732788,20.676476000062394,20.72031199986668,real_npy,0,1
982,/mnt/c/Users/Chirayu/Documents/GitHub/2D-to-3D-image-reconstruction/facescape_224/fsmview_trainset_12_8_mouth_left_43.jpg,0.043886665254831314,0.04553442820906639,0.001647762954235077,7.789025627076626,0.6355181932449341,0.32739436626434326,0.32739436626434326,21.510454000008394,31.129384999985632,real_npy,0,1
983,/mnt/c/Users/Chirayu/Documents/GitHub/2D-to-3D-image-reconstruction/facescape_224/fsmview_trainset_14_12_lip_puckerer_35.jpg,0.04319801181554794,0.043766412883996964,0.0005684010684490204,8.682789996266365,0.7346122860908508,0.5515480637550354,0.5515480637550354,22.16406200000165,20.936875000188593,real_npy,0,1
984,/mnt/c/Users/Chirayu/Documents/GitHub/2D-to-3D-image-reconstruction/facescape_224/fsmview_trainset_17_1_neutral_57.jpg,0.07900022715330124,0.08609867095947266,0.007098443806171417,8.495299153029919,0.7106298208236694,0.36412185430526733,0.36412185430526733,23.3901210001477,22.73430099990037,real_npy,0,1
985,/mnt/c/Users/Chirayu/Documents/GitHub/2D-to-3D-image-reconstruction/facescape_224/fsmview_trainset_15_3_mouth_stretch_65.jpg,0.05254683271050453,0.05283116549253464,0.0002843327820301056,8.607746627181768,0.811749279499054,0.47750476002693176,0.47750476002693176,24.44472999991376,22.238082999820108,real_npy,0,1
986,/mnt/c/Users/Chirayu/Documents/GitHub/2D-to-3D-image-reconstruction/facescape_224/fsmview_trainset_16_20_brow_lower_33.jpg,0.03622416779398918,0.03603927418589592,-0.00018489360809326172,8.18680202588439,0.6718424558639526,0.37575897574424744,0.37575897574424744,20.89227600004051,22.613338999917687,real_npy,0,1
987,/mnt/c/Users/Chirayu/Documents/GitHub/2D-to-3D-image-reconstruction/facescape_224/fsmview_trainset_1_3_mouth_stretch_55.jpg,0.05647360160946846,0.07166878134012222,0.015195179730653763,8.373387552797794,0.7560181021690369,0.27875593304634094,0.27875593304634094,19.8039819999849,21.09205400006431,real_npy,0,1
988,/mnt/c/Users/Chirayu/Documents/GitHub/2D-to-3D-image-reconstruction/facescape_224/fsmview_trainset_8_1_neutral_16.jpg,0.03383413702249527,0.035178039222955704,0.001343902200460434,7.9278225637972355,0.671274721622467,0.2440134584903717,0.2440134584903717,24.13790700006757,22.14642199987793,real_npy,0,1
989,/mnt/c/Users/Chirayu/Documents/GitHub/2D-to-3D-image-reconstruction/facescape_224/fsmview_trainset_9_6_jaw_right_17.jpg,0.043909404426813126,0.04362844303250313,-0.00028096139430999756,8.390808099880815,0.7048622965812683,0.38517698645591736,0.38517698645591736,21.40939400010211,35.84502800003975,real_npy,0,1
990,/mnt/c/Users/Chirayu/Documents/GitHub/2D-to-3D-image-reconstruction/facescape_224/fsmview_trainset_18_2_smile_38.jpg,0.14922349154949188,0.14465631544589996,-0.004567176103591919,8.56238043308258,0.8428618907928467,0.5406137108802795,0.5406137108802795,21.299213000020245,24.945975000036924,real_npy,0,1
991,/mnt/c/Users/Chirayu/Documents/GitHub/2D-to-3D-image-reconstruction/facescape_224/fsmview_trainset_5_11_chin_raiser_49.jpg,0.10033175349235535,0.09686792641878128,-0.003463827073574066,7.676825854927301,0.645948052406311,0.44015979766845703,0.44015979766845703,22.77483299985761,20.87626200000159,real_npy,0,1
992,/mnt/c/Users/Chirayu/Documents/GitHub/2D-to-3D-image-reconstruction/facescape_224/fsmview_trainset_8_19_brow_raiser_46.jpg,0.052208904176950455,0.0550219789147377,0.0028130747377872467,7.875938668847084,0.6907788515090942,0.32639431953430176,0.32639431953430176,41.50823100007983,24.008836999882988,real_npy,0,1
993,/mnt/c/Users/Chirayu/Documents/GitHub/2D-to-3D-image-reconstruction/facescape_224/fsmview_trainset_11_18_eye_closed_67.jpg,0.06325802206993103,0.06865859031677246,0.005400568246841431,9.13274851301685,0.7432219982147217,0.4969986379146576,0.4969986379146576,35.54647499981911,21.427446999950917,real_npy,0,1
994,/mnt/c/Users/Chirayu/Documents/GitHub/2D-to-3D-image-reconstruction/facescape_224/fsmview_trainset_8_9_mouth_right_16.jpg,0.038548778742551804,0.03838369622826576,-0.00016508251428604126,7.758396632969379,0.6631403565406799,0.23826871812343597,0.23826871812343597,21.139612000069974,20.23004299985587,real_npy,0,1
995,/mnt/c/Users/Chirayu/Documents/GitHub/2D-to-3D-image-reconstruction/facescape_224/fsmview_trainset_10_14_sadness_52.jpg,0.37097907066345215,0.3623824715614319,-0.008596599102020264,6.709190033376217,0.6461538672447205,0.3911406099796295,0.3911406099796295,33.63930399996207,20.649704999868845,real_npy,0,1
996,/mnt/c/Users/Chirayu/Documents/GitHub/2D-to-3D-image-reconstruction/facescape_224/fsmview_trainset_18_15_lip_roll_33.jpg,0.04513874650001526,0.042514536529779434,-0.0026242099702358246,8.431161053478718,0.7042836546897888,0.43040308356285095,0.43040308356285095,32.44409600006293,20.760180000024775,real_npy,0,1
997,/mnt/c/Users/Chirayu/Documents/GitHub/2D-to-3D-image-reconstruction/facescape_224/fsmview_trainset_9_3_mouth_stretch_6.jpg,0.044459715485572815,0.049615733325481415,0.0051560178399086,7.598446033895016,0.6960651874542236,0.2605609893798828,0.2605609893798828,20.548305999909644,21.625767999921663,real_npy,0,1
998,/mnt/c/Users/Chirayu/Documents/GitHub/2D-to-3D-image-reconstruction/facescape_224/fsmview_trainset_10_3_mouth_stretch_13.jpg,0.13290633261203766,0.12687546014785767,-0.006030872464179993,7.11403863877058,0.6788703203201294,0.46673256158828735,0.46673256158828735,20.53096400004506,21.118096000009245,real_npy,0,1
999,/mnt/c/Users/Chirayu/Documents/GitHub/2D-to-3D-image-reconstruction/facescape_224/fsmview_trainset_18_8_mouth_left_13.jpg,0.2212579846382141,0.22134354710578918,8.556246757507324e-05,7.432487472891808,0.6047353744506836,0.5979489684104919,0.5979489684104919,22.826704999943104,59.516325000004144,real_npy,0,1
