idx,image_path,baseline_lmk_err,finetuned_lmk_err,lmk_err_delta_ft_minus_base,finetuned_cam_score,finetuned_lmk_abs_max,baseline_photo_l1,finetuned_photo_l1,baseline_runtime_ms,finetuned_runtime_ms,landmark_target_source,is_failure,hybrid_selective_fallback
0,/mnt/c/Users/Chirayu/Documents/GitHub/2D-to-3D-image-reconstruction/facescape_224/fsmview_trainset_11_1_neutral_25.jpg,0.03962866589426994,1.2108901739120483,1.1712615080177784,23.677895821630955,2.2622475624084473,0.5376215577125549,0.5376215577125549,nan,nan,real_npy,0,1
1,/mnt/c/Users/Chirayu/Documents/GitHub/2D-to-3D-image-reconstruction/facescape_224/fsmview_trainset_16_6_jaw_right_42.jpg,0.08873490244150162,0.09588760882616043,0.0071527063846588135,7.000549349933863,0.663331925868988,0.44511547684669495,0.44511547684669495,nan,nan,real_npy,0,1
2,/mnt/c/Users/Chirayu/Documents/GitHub/2D-to-3D-image-reconstruction/facescape_224/fsmview_trainset_7_2_smile_1.jpg,0.05356064811348915,0.052316948771476746,-0.0012436993420124054,8.151533760130405,0.697113037109375,0.42115887999534607,0.42115887999534607,nan,nan,real_npy,0,1
3,/mnt/c/Users/Chirayu/Documents/GitHub/2D-to-3D-image-reconstruction/facescape_224/fsmview_trainset_7_2_smile_35.jpg,0.04712088406085968,0.04876931011676788,0.0016484260559082031,8.33236063271761,0.6750841736793518,0.4215160310268402,0.4215160310268402,nan,nan,real_npy,0,1
4,/mnt/c/Users/Chirayu/Documents/GitHub/2D-to-3D-image-reconstruction/facescape_224/fsmview_trainset_17_9_mouth_right_9.jpg,0.05628739297389984,0.06258484721183777,0.006297454237937927,8.433315973728895,0.6634151339530945,0.3694095313549042,0.3694095313549042,nan,nan,real_npy,0,1
5,/mnt/c/Users/Chirayu/Documents/GitHub/2D-to-3D-image-reconstruction/facescape_224/fsmview_trainset_4_18_eye_closed_19.jpg,0.045300450176000595,0.04406728595495224,-0.001233164221048355,9.021043729037046,0.7377530932426453,0.2790377140045166,0.2790377140045166,21.963680999988355,20.75934499998766,real_npy,0,1
6,/mnt/c/Users/Chirayu/Documents/GitHub/2D-to-3D-image-reconstruction/facescape_224/fsmview_trainset_8_17_cheek_blowing_52.jpg,0.21298851072788239,0.2093919962644577,-0.0035965144634246826,6.195339433848858,0.6028954386711121,0.37326133251190186,0.37326133251190186,20.145304999914515,21.535780000021987,real_npy,0,0
7,/mnt/c/Users/Chirayu/Documents/GitHub/2D-to-3D-image-reconstruction/facescape_224/fsmview_trainset_19_15_lip_roll_49.jpg,0.7413747310638428,0.5724201202392578,-0.16895461082458496,8.486155640333891,0.7237959504127502,0.37162894010543823,0.37162894010543823,19.8359429998618,18.987299999935203,real_npy,0,1
8,/mnt/c/Users/Chirayu/Documents/GitHub/2D-to-3D-image-reconstruction/facescape_224/fsmview_trainset_7_5_jaw_left_47.jpg,0.06634104996919632,0.07946524024009705,0.013124190270900726,9.37233304604888,0.8124326467514038,0.4808140993118286,0.4808140993118286,21.30402099987805,20.107506999920588,real_npy,0,1
9,/mnt/c/Users/Chirayu/Documents/GitHub/2D-to-3D-image-reconstruction/facescape_224/fsmview_trainset_2_20_brow_lower_7.jpg,0.2260318249464035,0.21147705614566803,-0.014554768800735474,8.545873772352934,0.6884021759033203,0.37762635946273804,0.37762635946273804,21.881471999904534,20.17038999997567,real_npy,0,1
10,/mnt/c/Users/Chirayu/Documents/GitHub/2D-to-3D-image-reconstruction/facescape_224/fsmview_trainset_13_16_grin_2.jpg,0.2161363959312439,0.21167166531085968,-0.004464730620384216,6.723534546792507,0.6054017543792725,0.43702012300491333,0.43702012300491333,20.5652749998535,19.23069999998006,real_npy,0,1
11,/mnt/c/Users/Chirayu/Documents/GitHub/2D-to-3D-image-reconstruction/facescape_224/fsmview_trainset_1_10_dimpler_23.jpg,0.04108504205942154,0.0374736525118351,-0.003611389547586441,8.382946295663714,0.7031273245811462,0.3632708191871643,0.3632708191871643,23.6808629999814,20.672336999950858,real_npy,0,1
12,/mnt/c/Users/Chirayu/Documents/GitHub/2D-to-3D-image-reconstruction/facescape_224/fsmview_trainset_20_13_lip_funneler_46.jpg,0.1270623803138733,0.14614887535572052,0.01908649504184723,7.5814585238695145,0.6791197657585144,0.5959072709083557,0.5959072709083557,20.74561399990671,23.10534399998687,real_npy,0,1
13,/mnt/c/Users/Chirayu/Documents/GitHub/2D-to-3D-image-reconstruction/facescape_224/fsmview_trainset_10_19_brow_raiser_7.jpg,0.041757188737392426,0.04831535741686821,0.006558168679475784,7.6507363095879555,0.6656764149665833,0.22483651340007782,0.22483651340007782,21.304105999888634,29.826834000004965,real_npy,0,1
14,/mnt/c/Users/Chirayu/Documents/GitHub/2D-to-3D-image-reconstruction/facescape_224/fsmview_trainset_4_18_eye_closed_29.jpg,0.07103751599788666,0.07278143614530563,0.0017439201474189758,8.120241157710552,0.6890702843666077,0.33427050709724426,0.33427050709724426,21.666761999995288,21.5410549999433,real_npy,0,1
15,/mnt/c/Users/Chirayu/Documents/GitHub/2D-to-3D-image-reconstruction/facescape_224/fsmview_trainset_19_10_dimpler_6.jpg,0.054605647921562195,0.05444304272532463,-0.0001626051962375641,8.844658087939024,0.7348178625106812,0.28018832206726074,0.28018832206726074,33.26582500017139,23.199732999955813,real_npy,0,1
16,/mnt/c/Users/Chirayu/Documents/GitHub/2D-to-3D-image-reconstruction/facescape_224/fsmview_trainset_7_12_lip_puckerer_40.jpg,0.18348298966884613,0.19143857061862946,0.007955580949783325,7.0586222521960735,0.6386094689369202,0.45004504919052124,0.45004504919052124,24.31583999987197,22.560359999943103,real_npy,0,1
17,/mnt/c/Users/Chirayu/Documents/GitHub/2D-to-3D-image-reconstruction/facescape_224/fsmview_trainset_4_7_jaw_forward_36.jpg,0.04511365666985512,0.04641129449009895,0.0012976378202438354,7.396374836564064,0.6513990759849548,0.3089570999145508,0.3089570999145508,20.581989999982397,21.545378000155324,real_npy,0,1
18,/mnt/c/Users/Chirayu/Documents/GitHub/2D-to-3D-image-reconstruction/facescape_224/fsmview_trainset_6_14_sadness_1.jpg,0.07469265162944794,0.07414048165082932,-0.0005521699786186218,7.8644484877586365,0.7280442714691162,0.3671760559082031,0.3671760559082031,37.75990600001933,86.15584000017407,real_npy,0,1
19,/mnt/c/Users/Chirayu/Documents/GitHub/2D-to-3D-image-reconstruction/facescape_224/fsmview_trainset_5_19_brow_raiser_56.jpg,0.062274280935525894,0.06073187291622162,-0.0015424080193042755,8.473720163106918,0.7374655604362488,0.399122953414917,0.399122953414917,23.782023999956436,23.01632100011375,real_npy,0,1
20,/mnt/c/Users/Chirayu/Documents/GitHub/2D-to-3D-image-reconstruction/facescape_224/fsmview_trainset_5_18_eye_closed_29.jpg,0.07839547097682953,0.08709437400102615,0.008698903024196625,8.53515125438571,0.7131046652793884,0.29963529109954834,0.29963529109954834,21.285823999960485,18.975252000018372,real_npy,0,1
21,/mnt/c/Users/Chirayu/Documents/GitHub/2D-to-3D-image-reconstruction/facescape_224/fsmview_trainset_1_13_lip_funneler_41.jpg,0.11613713204860687,0.10483802109956741,-0.01129911094903946,8.191517882049084,0.776147186756134,0.4520139992237091,0.4520139992237091,30.274928999915574,45.91574400001264,real_npy,0,1
22,/mnt/c/Users/Chirayu/Documents/GitHub/2D-to-3D-image-reconstruction/facescape_224/fsmview_trainset_19_10_dimpler_38.jpg,0.5946179628372192,0.562937319278717,-0.0316806435585022,7.338330879807472,0.6942350268363953,0.38551872968673706,0.38551872968673706,19.79978300005314,20.947745000057694,real_npy,0,1
23,/mnt/c/Users/Chirayu/Documents/GitHub/2D-to-3D-image-reconstruction/facescape_224/fsmview_trainset_20_7_jaw_forward_31.jpg,0.038400448858737946,0.03394211828708649,-0.004458330571651459,7.8100451156497,0.6498475670814514,0.4458387494087219,0.4458387494087219,21.324205000155416,21.722583999917333,real_npy,0,1
24,/mnt/c/Users/Chirayu/Documents/GitHub/2D-to-3D-image-reconstruction/facescape_224/fsmview_trainset_9_2_smile_19.jpg,0.05439379811286926,0.056570302695035934,0.0021765045821666718,9.118540694005787,0.7446207404136658,0.3864700496196747,0.3864700496196747,76.44929800017053,23.388124999883075,real_npy,0,1
25,/mnt/c/Users/Chirayu/Documents/GitHub/2D-to-3D-image-reconstruction/facescape_224/fsmview_trainset_19_2_smile_32.jpg,0.15337404608726501,0.16195888817310333,0.008584842085838318,7.461663588881493,0.7101243138313293,0.2019471824169159,0.2019471824169159,19.42371399991316,18.98067299998729,real_npy,0,1
26,/mnt/c/Users/Chirayu/Documents/GitHub/2D-to-3D-image-reconstruction/facescape_224/fsmview_trainset_19_8_mouth_left_22.jpg,0.0642327293753624,0.06709257513284683,0.002859845757484436,9.533079697750509,0.7939050197601318,0.36723706126213074,0.36723706126213074,34.59845699990183,77.819879000117,real_npy,0,1
27,/mnt/c/Users/Chirayu/Documents/GitHub/2D-to-3D-image-reconstruction/facescape_224/fsmview_trainset_8_7_jaw_forward_0.jpg,0.10142196714878082,0.10906031727790833,0.0076383501291275024,7.969099435955286,0.7049181461334229,0.2726958394050598,0.2726958394050598,21.23757200001819,19.236277000118207,real_npy,0,1
28,/mnt/c/Users/Chirayu/Documents/GitHub/2D-to-3D-image-reconstruction/facescape_224/fsmview_trainset_5_3_mouth_stretch_33.jpg,0.04548558592796326,0.04444180056452751,-0.0010437853634357452,7.6495483592152596,0.7352790832519531,0.43496018648147583,0.43496018648147583,60.0918449999881,41.137891000062154,real_npy,0,1
29,/mnt/c/Users/Chirayu/Documents/GitHub/2D-to-3D-image-reconstruction/facescape_224/fsmview_trainset_14_19_brow_raiser_46.jpg,0.1687859147787094,0.17520694434642792,0.006421029567718506,8.416389510035515,0.6607412695884705,0.6399165987968445,0.6399165987968445,20.30820500021946,46.92215000000033,real_npy,0,1
30,/mnt/c/Users/Chirayu/Documents/GitHub/2D-to-3D-image-reconstruction/facescape_224/fsmview_trainset_3_7_jaw_forward_29.jpg,0.04071913659572601,0.048208318650722504,0.0074891820549964905,8.15568821132183,0.7125756740570068,0.28798985481262207,0.28798985481262207,38.0963459999748,21.932201000026907,real_npy,0,1
31,/mnt/c/Users/Chirayu/Documents/GitHub/2D-to-3D-image-reconstruction/facescape_224/fsmview_trainset_5_5_jaw_left_58.jpg,0.6691904067993164,0.7498219609260559,0.0806315541267395,7.240008167922497,0.718400776386261,0.455867201089859,0.455867201089859,90.23348599998826,43.62455500017859,real_npy,0,1
32,/mnt/c/Users/Chirayu/Documents/GitHub/2D-to-3D-image-reconstruction/facescape_224/fsmview_trainset_4_17_cheek_blowing_43.jpg,0.028805434703826904,0.030107764527201653,0.0013023298233747482,7.5561242662370205,0.6243237853050232,0.19434833526611328,0.19434833526611328,25.572439999905328,28.421546999879865,real_npy,0,1
33,/mnt/c/Users/Chirayu/Documents/GitHub/2D-to-3D-image-reconstruction/facescape_224/fsmview_trainset_8_20_brow_lower_3.jpg,0.0524810254573822,0.05449630320072174,0.0020152777433395386,7.933566644787788,0.7233494520187378,0.2932663559913635,0.2932663559913635,46.132051000085994,18.74946600014482,real_npy,0,1
34,/mnt/c/Users/Chirayu/Documents/GitHub/2D-to-3D-image-reconstruction/facescape_224/fsmview_trainset_14_12_lip_puckerer_44.jpg,0.0705813392996788,0.07104434072971344,0.00046300143003463745,8.561721131205559,0.6885678172111511,0.3573296368122101,0.3573296368122101,19.958548999966297,19.692927000050986,real_npy,0,1
35,/mnt/c/Users/Chirayu/Documents/GitHub/2D-to-3D-image-reconstruction/facescape_224/fsmview_trainset_11_13_lip_funneler_14.jpg,0.19386479258537292,0.21059885621070862,0.016734063625335693,7.75422079116106,0.6569342613220215,0.5636483430862427,0.5636483430862427,30.962543999976333,28.653600000097867,real_npy,0,1
36,/mnt/c/Users/Chirayu/Documents/GitHub/2D-to-3D-image-reconstruction/facescape_224/fsmview_trainset_11_16_grin_60.jpg,0.04121193662285805,0.28066521883010864,0.2394532822072506,12.34347260557115,1.0347779989242554,0.5149634480476379,0.5149634480476379,20.149631999856865,21.280243000092014,real_npy,0,1
37,/mnt/c/Users/Chirayu/Documents/GitHub/2D-to-3D-image-reconstruction/facescape_224/fsmview_trainset_9_17_cheek_blowing_28.jpg,0.04106494039297104,0.0416547991335392,0.000589858740568161,7.501454330980778,0.6545611619949341,0.25688207149505615,0.25688207149505615,27.351081999995586,86.98489299990797,real_npy,0,1
38,/mnt/c/Users/Chirayu/Documents/GitHub/2D-to-3D-image-reconstruction/facescape_224/fsmview_trainset_5_13_lip_funneler_56.jpg,0.06694556027650833,0.06459122896194458,-0.0023543313145637512,8.301327265799046,0.7106430530548096,0.43158015608787537,0.43158015608787537,20.930570000018633,19.69600500001434,real_npy,0,1
39,/mnt/c/Users/Chirayu/Documents/GitHub/2D-to-3D-image-reconstruction/facescape_224/fsmview_trainset_2_12_lip_puckerer_31.jpg,0.1084621399641037,0.11548206210136414,0.007019922137260437,8.2486433647573,0.6476513147354126,0.4569994807243347,0.4569994807243347,33.10293200001979,85.80022099999951,real_npy,0,1
40,/mnt/c/Users/Chirayu/Documents/GitHub/2D-to-3D-image-reconstruction/facescape_224/fsmview_trainset_5_19_brow_raiser_34.jpg,0.04456710070371628,0.26749828457832336,0.2229311838746071,10.98436071909964,1.0886129140853882,0.43452566862106323,0.43452566862106323,21.167078999951627,20.93425299995033,real_npy,0,1
41,/mnt/c/Users/Chirayu/Documents/GitHub/2D-to-3D-image-reconstruction/facescape_224/fsmview_trainset_15_9_mouth_right_19.jpg,0.07193746417760849,0.08297771215438843,0.011040247976779938,7.81027446500957,0.6669875979423523,0.5738368630409241,0.5738368630409241,45.80725699997856,26.217522000024474,real_npy,0,1
42,/mnt/c/Users/Chirayu/Documents/GitHub/2D-to-3D-image-reconstruction/facescape_224/fsmview_trainset_14_16_grin_63.jpg,0.03626452386379242,0.03295550122857094,-0.0033090226352214813,7.707085229456425,0.6877954602241516,0.3643465042114258,0.3643465042114258,20.763320000014573,21.79686599993147,real_npy,0,1
43,/mnt/c/Users/Chirayu/Documents/GitHub/2D-to-3D-image-reconstruction/facescape_224/fsmview_trainset_20_12_lip_puckerer_13.jpg,0.056989818811416626,0.05954042449593544,0.002550605684518814,8.85721655935049,0.7203198075294495,0.3965231776237488,0.3965231776237488,24.349565999955303,40.16628199997285,real_npy,0,1
44,/mnt/c/Users/Chirayu/Documents/GitHub/2D-to-3D-image-reconstruction/facescape_224/fsmview_trainset_6_9_mouth_right_32.jpg,0.0495842844247818,0.05091049522161484,0.0013262107968330383,7.713341668248177,0.6425162553787231,0.2980691194534302,0.2980691194534302,36.41906400002881,20.30423100018197,real_npy,0,1
45,/mnt/c/Users/Chirayu/Documents/GitHub/2D-to-3D-image-reconstruction/facescape_224/fsmview_trainset_1_15_lip_roll_29.jpg,0.07378659397363663,0.08403944969177246,0.010252855718135834,7.898874495178461,0.6625513434410095,0.42207491397857666,0.42207491397857666,21.698845999935656,19.532478999963132,real_npy,0,1
46,/mnt/c/Users/Chirayu/Documents/GitHub/2D-to-3D-image-reconstruction/facescape_224/fsmview_trainset_20_16_grin_29.jpg,0.14050135016441345,0.15056058764457703,0.010059237480163574,7.659519322216511,0.6427838802337646,0.34527483582496643,0.34527483582496643,19.720905999975002,22.07481999994343,real_npy,0,1
47,/mnt/c/Users/Chirayu/Documents/GitHub/2D-to-3D-image-reconstruction/facescape_224/fsmview_trainset_20_7_jaw_forward_64.jpg,0.29493629932403564,0.29670098423957825,0.0017646849155426025,7.3671132363379,0.695887565612793,0.45648670196533203,0.45648670196533203,19.83766199987258,19.142779000048904,real_npy,0,1
48,/mnt/c/Users/Chirayu/Documents/GitHub/2D-to-3D-image-reconstruction/facescape_224/fsmview_trainset_12_8_mouth_left_29.jpg,0.04842113330960274,0.045410946011543274,-0.0030101872980594635,8.430503975600004,0.7030714154243469,0.4136093556880951,0.4136093556880951,46.58861500001876,21.446987999979683,real_npy,0,1
49,/mnt/c/Users/Chirayu/Documents/GitHub/2D-to-3D-image-reconstruction/facescape_224/fsmview_trainset_13_7_jaw_forward_44.jpg,0.04211508110165596,0.047153498977422714,0.005038417875766754,8.582313358783722,0.7343061566352844,0.3258798122406006,0.3258798122406006,55.3750310000396,97.57257799992658,real_npy,0,1
50,/mnt/c/Users/Chirayu/Documents/GitHub/2D-to-3D-image-reconstruction/facescape_224/fsmview_trainset_13_20_brow_lower_47.jpg,0.05327105522155762,0.05733208730816841,0.004061032086610794,7.848108779639006,0.6562640070915222,0.4178984761238098,0.4178984761238098,21.60021500003495,18.97002300006534,real_npy,0,1
51,/mnt/c/Users/Chirayu/Documents/GitHub/2D-to-3D-image-reconstruction/facescape_224/fsmview_trainset_18_18_eye_closed_42.jpg,0.034875184297561646,0.036177974194288254,0.0013027898967266083,7.81942443549633,0.6484441757202148,0.32483065128326416,0.32483065128326416,20.039510000060545,19.59305399986988,real_npy,0,1
52,/mnt/c/Users/Chirayu/Documents/GitHub/2D-to-3D-image-reconstruction/facescape_224/fsmview_trainset_6_4_anger_40.jpg,0.2471410483121872,0.26397109031677246,0.016830042004585266,6.789877340197563,0.6712924838066101,0.39704859256744385,0.39704859256744385,22.14966299993648,56.44888300003004,real_npy,0,1
53,/mnt/c/Users/Chirayu/Documents/GitHub/2D-to-3D-image-reconstruction/facescape_224/fsmview_trainset_3_3_mouth_stretch_21.jpg,0.03201587498188019,0.036970242857933044,0.0049543678760528564,7.8238082602620125,0.7133590579032898,0.32566893100738525,0.32566893100738525,33.01706100000956,21.410329999980604,real_npy,0,1
54,/mnt/c/Users/Chirayu/Documents/GitHub/2D-to-3D-image-reconstruction/facescape_224/fsmview_trainset_5_16_grin_32.jpg,0.05919942632317543,0.06524074822664261,0.006041321903467178,7.8206576108932495,0.6827678680419922,0.327193021774292,0.327193021774292,66.51470299993889,21.3995789999899,real_npy,0,1
55,/mnt/c/Users/Chirayu/Documents/GitHub/2D-to-3D-image-reconstruction/facescape_224/fsmview_trainset_20_3_mouth_stretch_47.jpg,0.13396310806274414,0.18214677274227142,0.04818366467952728,6.6796684339642525,0.6573882699012756,0.6468546390533447,0.6468546390533447,78.78394199997274,19.246585000018968,real_npy,0,1
56,/mnt/c/Users/Chirayu/Documents/GitHub/2D-to-3D-image-reconstruction/facescape_224/fsmview_trainset_12_13_lip_funneler_27.jpg,0.07335460186004639,0.07237329334020615,-0.0009813085198402405,8.977595220319927,0.7740623354911804,0.5505934357643127,0.5505934357643127,22.20405100001699,19.788736999998946,real_npy,0,1
57,/mnt/c/Users/Chirayu/Documents/GitHub/2D-to-3D-image-reconstruction/facescape_224/fsmview_trainset_18_3_mouth_stretch_9.jpg,0.04391705244779587,0.043208833783864975,-0.0007082186639308929,8.120302058756351,0.7399839162826538,0.32537931203842163,0.32537931203842163,21.30669600001056,42.74089000000458,real_npy,0,1
58,/mnt/c/Users/Chirayu/Documents/GitHub/2D-to-3D-image-reconstruction/facescape_224/fsmview_trainset_9_3_mouth_stretch_2.jpg,0.06886399537324905,0.0825248509645462,0.01366085559129715,8.15157550573349,0.7442241311073303,0.3780031204223633,0.3780031204223633,20.375598999862632,20.051371999898038,real_npy,0,1
59,/mnt/c/Users/Chirayu/Documents/GitHub/2D-to-3D-image-reconstruction/facescape_224/fsmview_trainset_20_10_dimpler_26.jpg,0.05276082083582878,0.06261727213859558,0.0098564513027668,8.026146538555622,0.7069275975227356,0.4767512381076813,0.4767512381076813,23.151266000013493,21.03351699997802,real_npy,0,1
60,/mnt/c/Users/Chirayu/Documents/GitHub/2D-to-3D-image-reconstruction/facescape_224/fsmview_trainset_15_6_jaw_right_42.jpg,0.04482034966349602,0.04618394747376442,0.001363597810268402,8.112505957484245,0.687425971031189,0.567866861820221,0.567866861820221,21.507426999960444,78.1933549999394,real_npy,0,1
61,/mnt/c/Users/Chirayu/Documents/GitHub/2D-to-3D-image-reconstruction/facescape_224/fsmview_trainset_7_11_chin_raiser_8.jpg,0.04512716084718704,7.332319259643555,7.287192098796368,57.800480380654335,8.263215065002441,0.3839183747768402,0.3839183747768402,32.326238999985435,19.987340999932712,real_npy,1,1
62,/mnt/c/Users/Chirayu/Documents/GitHub/2D-to-3D-image-reconstruction/facescape_224/fsmview_trainset_7_17_cheek_blowing_27.jpg,0.059841737151145935,0.07299687713384628,0.013155139982700348,8.306606214493513,0.6813058853149414,0.32437363266944885,0.32437363266944885,24.994089000074382,22.485771999981807,real_npy,0,1
63,/mnt/c/Users/Chirayu/Documents/GitHub/2D-to-3D-image-reconstruction/facescape_224/fsmview_trainset_11_1_neutral_19.jpg,0.06912652403116226,0.07137894630432129,0.002252422273159027,8.806666754186153,0.7143136858940125,0.535876452922821,0.535876452922821,21.640220000108457,22.890891999850282,real_npy,0,1
64,/mnt/c/Users/Chirayu/Documents/GitHub/2D-to-3D-image-reconstruction/facescape_224/fsmview_trainset_2_11_chin_raiser_8.jpg,0.05124817416071892,0.0488278865814209,-0.0024202875792980194,9.375901099294424,0.7652421593666077,0.46240171790122986,0.46240171790122986,21.93907100013348,22.033330999875034,real_npy,0,1
65,/mnt/c/Users/Chirayu/Documents/GitHub/2D-to-3D-image-reconstruction/facescape_224/fsmview_trainset_11_16_grin_59.jpg,0.07833458483219147,0.09990525990724564,0.02157067507505417,7.987711645662785,0.6849488019943237,0.415808767080307,0.415808767080307,21.80862199998046,20.679258999962258,real_npy,0,1
66,/mnt/c/Users/Chirayu/Documents/GitHub/2D-to-3D-image-reconstruction/facescape_224/fsmview_trainset_20_12_lip_puckerer_24.jpg,0.03806629776954651,0.0408308282494545,0.0027645304799079895,7.7577882669866085,0.6408898830413818,0.4573996365070343,0.4573996365070343,87.40587400006916,19.23324299991691,real_npy,0,1
67,/mnt/c/Users/Chirayu/Documents/GitHub/2D-to-3D-image-reconstruction/facescape_224/fsmview_trainset_2_13_lip_funneler_38.jpg,0.08479025959968567,0.09365183115005493,0.008861571550369263,7.931057333946228,0.7072198987007141,0.3879821002483368,0.3879821002483368,21.993239000039466,38.63762700007101,real_npy,0,1
68,/mnt/c/Users/Chirayu/Documents/GitHub/2D-to-3D-image-reconstruction/facescape_224/fsmview_trainset_8_7_jaw_forward_33.jpg,0.03344447910785675,0.0439201295375824,0.010475650429725647,7.245011677965522,0.6144591569900513,0.28824177384376526,0.28824177384376526,20.560560999911104,22.805435999998735,real_npy,0,1
69,/mnt/c/Users/Chirayu/Documents/GitHub/2D-to-3D-image-reconstruction/facescape_224/fsmview_trainset_9_3_mouth_stretch_23.jpg,0.046126268804073334,0.05086296424269676,0.004736695438623428,7.313250429928303,0.723904550075531,0.2986826002597809,0.2986826002597809,24.927624000156356,21.46335500015084,real_npy,0,1
70,/mnt/c/Users/Chirayu/Documents/GitHub/2D-to-3D-image-reconstruction/facescape_224/fsmview_trainset_14_10_dimpler_6.jpg,0.23111382126808167,0.3689335584640503,0.13781973719596863,7.947679055854678,0.7768438458442688,0.5996689200401306,0.5996689200401306,70.3938780000044,21.02416999991874,real_npy,0,1
71,/mnt/c/Users/Chirayu/Documents/GitHub/2D-to-3D-image-reconstruction/facescape_224/fsmview_trainset_3_10_dimpler_58.jpg,0.639270544052124,0.6087654232978821,-0.030505120754241943,6.718966674059629,0.6505514979362488,0.3562989830970764,0.3562989830970764,21.59151299997575,32.92470099995626,real_npy,0,1
72,/mnt/c/Users/Chirayu/Documents/GitHub/2D-to-3D-image-reconstruction/facescape_224/fsmview_trainset_13_14_sadness_7.jpg,0.042258795350790024,0.04678536206483841,0.004526566714048386,8.78570680692792,0.7524683475494385,0.40943455696105957,0.40943455696105957,20.710507000103462,21.738889000062045,real_npy,0,1
73,/mnt/c/Users/Chirayu/Documents/GitHub/2D-to-3D-image-reconstruction/facescape_224/fsmview_trainset_10_14_sadness_54.jpg,0.046157751232385635,0.047834452241659164,0.001676701009273529,8.272432306781411,0.70500248670578,0.28871238231658936,0.28871238231658936,41.724468999973396,21.195697999928598,real_npy,0,1
74,/mnt/c/Users/Chirayu/Documents/GitHub/2D-to-3D-image-reconstruction/facescape_224/fsmview_trainset_6_16_grin_42.jpg,0.20520493388175964,0.18494698405265808,-0.020257949829101562,6.070478029549122,0.6170620322227478,0.4100187420845032,0.4100187420845032,98.61093599988635,22.103127000036693,real_npy,0,0
75,/mnt/c/Users/Chirayu/Documents/GitHub/2D-to-3D-image-reconstruction/facescape_224/fsmview_trainset_18_2_smile_23.jpg,0.04214025288820267,0.04082268476486206,-0.0013175681233406067,8.921124110929668,0.7398721575737,0.433594673871994,0.433594673871994,20.22651400011455,19.89976499999102,real_npy,0,1
76,/mnt/c/Users/Chirayu/Documents/GitHub/2D-to-3D-image-reconstruction/facescape_224/fsmview_trainset_4_15_lip_roll_47.jpg,0.03838023915886879,0.3106282651424408,0.272248025983572,11.146655367687345,1.1098345518112183,0.2912098169326782,0.2912098169326782,24.612623999928473,42.155763999971896,real_npy,0,1
77,/mnt/c/Users/Chirayu/Documents/GitHub/2D-to-3D-image-reconstruction/facescape_224/fsmview_trainset_5_10_dimpler_39.jpg,0.2670280933380127,0.3199678957462311,0.052939802408218384,7.744665157049894,0.7030792832374573,0.42076393961906433,0.42076393961906433,20.490657999971518,19.758874999979525,real_npy,0,1
78,/mnt/c/Users/Chirayu/Documents/GitHub/2D-to-3D-image-reconstruction/facescape_224/fsmview_trainset_18_19_brow_raiser_42.jpg,0.10246369987726212,0.0962330773472786,-0.0062306225299835205,8.740325652062893,0.8157802224159241,0.4893304705619812,0.4893304705619812,73.23766100012108,64.7348999998485,real_npy,0,1
79,/mnt/c/Users/Chirayu/Documents/GitHub/2D-to-3D-image-reconstruction/facescape_224/fsmview_trainset_11_19_brow_raiser_6.jpg,0.20798949897289276,0.32987144589424133,0.12188194692134857,7.1657890528440475,0.6731218099594116,0.6263300776481628,0.6263300776481628,20.857867999893642,20.158307999963654,real_npy,0,1
80,/mnt/c/Users/Chirayu/Documents/GitHub/2D-to-3D-image-reconstruction/facescape_224/fsmview_trainset_11_18_eye_closed_51.jpg,0.7994711995124817,0.6072364449501038,-0.19223475456237793,7.2356930784881115,0.6928277611732483,0.645382821559906,0.645382821559906,45.77665400006481,23.344695999867326,real_npy,0,1
81,/mnt/c/Users/Chirayu/Documents/GitHub/2D-to-3D-image-reconstruction/facescape_224/fsmview_trainset_1_4_anger_22.jpg,0.03255810588598251,117.16439819335938,117.13184008747339,199.65394741296768,148.65408325195312,0.3814079165458679,0.3814079165458679,31.724769999982527,84.86751500004175,real_npy,1,1
82,/mnt/c/Users/Chirayu/Documents/GitHub/2D-to-3D-image-reconstruction/facescape_224/fsmview_trainset_7_5_jaw_left_36.jpg,0.10657805949449539,0.11374638229608536,0.007168322801589966,7.764518655836582,0.7085498571395874,0.3903273046016693,0.3903273046016693,34.478865000210135,20.52758299987545,real_npy,0,1
83,/mnt/c/Users/Chirayu/Documents/GitHub/2D-to-3D-image-reconstruction/facescape_224/fsmview_trainset_8_3_mouth_stretch_19.jpg,0.0401647575199604,0.03938451409339905,-0.0007802434265613556,7.546832658350468,0.7359249591827393,0.25972944498062134,0.25972944498062134,21.43174900015765,22.899608999978227,real_npy,0,1
84,/mnt/c/Users/Chirayu/Documents/GitHub/2D-to-3D-image-reconstruction/facescape_224/fsmview_trainset_17_14_sadness_49.jpg,0.20972290635108948,0.18821874260902405,-0.02150416374206543,7.968410512432456,0.6565344333648682,0.43081820011138916,0.43081820011138916,23.45168800002284,22.847131999924386,real_npy,0,1
85,/mnt/c/Users/Chirayu/Documents/GitHub/2D-to-3D-image-reconstruction/facescape_224/fsmview_trainset_9_3_mouth_stretch_53.jpg,0.06973845511674881,0.06790100783109665,-0.0018374472856521606,7.819159086793661,0.7622382044792175,0.45970505475997925,0.45970505475997925,20.583385000009002,19.997181000007913,real_npy,0,1
86,/mnt/c/Users/Chirayu/Documents/GitHub/2D-to-3D-image-reconstruction/facescape_224/fsmview_trainset_5_17_cheek_blowing_2.jpg,0.047177765518426895,0.04584895819425583,-0.0013288073241710663,8.185492612421513,0.665328323841095,0.4266803562641144,0.4266803562641144,90.8509349999349,22.076783999864347,real_npy,0,1
87,/mnt/c/Users/Chirayu/Documents/GitHub/2D-to-3D-image-reconstruction/facescape_224/fsmview_trainset_20_7_jaw_forward_4.jpg,0.5263591408729553,0.31528517603874207,-0.21107396483421326,7.476930897682905,0.6528318524360657,0.5671112537384033,0.5671112537384033,23.152280999966024,20.026247000032527,real_npy,0,1
88,/mnt/c/Users/Chirayu/Documents/GitHub/2D-to-3D-image-reconstruction/facescape_224/fsmview_trainset_12_4_anger_14.jpg,0.05725505203008652,0.0537097230553627,-0.003545328974723816,9.26631832588464,0.7643325328826904,0.5405752658843994,0.5405752658843994,67.76557800003502,21.927058999835936,real_npy,0,1
89,/mnt/c/Users/Chirayu/Documents/GitHub/2D-to-3D-image-reconstruction/facescape_224/fsmview_trainset_10_3_mouth_stretch_53.jpg,0.1591198891401291,0.17231714725494385,0.013197258114814758,7.071576159447432,0.678602933883667,0.28949108719825745,0.28949108719825745,21.59434100008184,20.440256000028967,real_npy,0,1
90,/mnt/c/Users/Chirayu/Documents/GitHub/2D-to-3D-image-reconstruction/facescape_224/fsmview_trainset_5_12_lip_puckerer_18.jpg,0.03345385193824768,0.03588253632187843,0.0024286843836307526,8.198497561737895,0.6836541891098022,0.40577077865600586,0.40577077865600586,50.875566000058825,20.046817000093142,real_npy,0,1
91,/mnt/c/Users/Chirayu/Documents/GitHub/2D-to-3D-image-reconstruction/facescape_224/fsmview_trainset_19_16_grin_26.jpg,0.058715805411338806,0.055365871638059616,-0.00334993377327919,9.028677329421043,0.7599753141403198,0.44511106610298157,0.44511106610298157,21.79752799997914,68.0220100000497,real_npy,0,1
92,/mnt/c/Users/Chirayu/Documents/GitHub/2D-to-3D-image-reconstruction/facescape_224/fsmview_trainset_5_13_lip_funneler_12.jpg,0.0585620254278183,0.06099654734134674,0.0024345219135284424,8.236069432459772,0.7031751871109009,0.41037556529045105,0.41037556529045105,20.694964000085747,19.854477000080806,real_npy,0,1
93,/mnt/c/Users/Chirayu/Documents/GitHub/2D-to-3D-image-reconstruction/facescape_224/fsmview_trainset_4_13_lip_funneler_31.jpg,0.03592745587229729,0.04373130574822426,0.0078038498759269714,8.421199284493923,0.7046501636505127,0.2567184567451477,0.2567184567451477,20.171164999965185,20.136927000066862,real_npy,0,1
94,/mnt/c/Users/Chirayu/Documents/GitHub/2D-to-3D-image-reconstruction/facescape_224/fsmview_trainset_5_2_smile_9.jpg,0.05049614980816841,0.04859668388962746,-0.0018994659185409546,7.93921921402216,0.6512925624847412,0.3599402904510498,0.3599402904510498,44.83870600006412,24.618217999886838,real_npy,0,1
95,/mnt/c/Users/Chirayu/Documents/GitHub/2D-to-3D-image-reconstruction/facescape_224/fsmview_trainset_5_12_lip_puckerer_47.jpg,0.08044251799583435,0.09787143021821976,0.017428912222385406,9.156636982224882,0.7823787331581116,0.46147456765174866,0.46147456765174866,48.28586200005702,22.436493999975937,real_npy,0,1
96,/mnt/c/Users/Chirayu/Documents/GitHub/2D-to-3D-image-reconstruction/facescape_224/fsmview_trainset_14_5_jaw_left_49.jpg,0.7590915560722351,0.7123539447784424,-0.046737611293792725,7.235397543758154,0.699932336807251,0.5768978595733643,0.5768978595733643,104.31529199991019,63.59072600002946,real_npy,0,1
97,/mnt/c/Users/Chirayu/Documents/GitHub/2D-to-3D-image-reconstruction/facescape_224/fsmview_trainset_15_3_mouth_stretch_49.jpg,0.08391998708248138,0.08850351721048355,0.004583530128002167,8.322576567530632,0.7220464944839478,0.6070230603218079,0.6070230603218079,23.88464500018017,20.114551999995456,real_npy,0,1
98,/mnt/c/Users/Chirayu/Documents/GitHub/2D-to-3D-image-reconstruction/facescape_224/fsmview_trainset_19_18_eye_closed_54.jpg,0.05886804312467575,0.06824953109025955,0.009381487965583801,9.136147555429488,0.7822821140289307,0.28122466802597046,0.28122466802597046,38.574737999852005,20.564336000006733,real_npy,0,1
99,/mnt/c/Users/Chirayu/Documents/GitHub/2D-to-3D-image-reconstruction/facescape_224/fsmview_trainset_7_2_smile_11.jpg,0.3024788200855255,0.3682181239128113,0.06573930382728577,7.170438259840012,0.710655689239502,0.591524600982666,0.591524600982666,21.948156000007657,20.77015500003654,real_npy,0,1
100,/mnt/c/Users/Chirayu/Documents/GitHub/2D-to-3D-image-reconstruction/facescape_224/fsmview_trainset_19_7_jaw_forward_7.jpg,0.06320048123598099,0.08444495499134064,0.02124447375535965,8.441056311130524,0.6925973892211914,0.20117506384849548,0.20117506384849548,21.24106600012965,42.050371999948766,real_npy,0,1
101,/mnt/c/Users/Chirayu/Documents/GitHub/2D-to-3D-image-reconstruction/facescape_224/fsmview_trainset_14_5_jaw_left_64.jpg,0.061455368995666504,0.06237594410777092,0.0009205751121044159,8.093801636248827,0.7711164951324463,0.415963351726532,0.415963351726532,19.907702999944377,19.231208999826777,real_npy,0,1
102,/mnt/c/Users/Chirayu/Documents/GitHub/2D-to-3D-image-reconstruction/facescape_224/fsmview_trainset_17_19_brow_raiser_30.jpg,0.05125012993812561,0.04657868668437004,-0.0046714432537555695,8.817090507596731,0.7164382934570312,0.29127731919288635,0.29127731919288635,35.40258900011395,20.504052999967826,real_npy,0,1
103,/mnt/c/Users/Chirayu/Documents/GitHub/2D-to-3D-image-reconstruction/facescape_224/fsmview_trainset_2_2_smile_6.jpg,0.07536815106868744,0.09093279391527176,0.01556464284658432,8.74792892485857,0.7637563943862915,0.38911545276641846,0.38911545276641846,22.194753000121636,21.538192999969397,real_npy,0,1
104,/mnt/c/Users/Chirayu/Documents/GitHub/2D-to-3D-image-reconstruction/facescape_224/fsmview_trainset_20_2_smile_33.jpg,0.04167890548706055,0.04698255658149719,0.0053036510944366455,7.548074439167976,0.7072134017944336,0.479145884513855,0.479145884513855,22.491569000067102,20.215938000092137,real_npy,0,1
105,/mnt/c/Users/Chirayu/Documents/GitHub/2D-to-3D-image-reconstruction/facescape_224/fsmview_trainset_18_4_anger_7.jpg,0.05223139002919197,0.056267376989126205,0.004035986959934235,8.007348991930485,0.6941751837730408,0.2918267846107483,0.2918267846107483,23.54497100009212,23.577379000016663,real_npy,0,1
106,/mnt/c/Users/Chirayu/Documents/GitHub/2D-to-3D-image-reconstruction/facescape_224/fsmview_trainset_11_19_brow_raiser_61.jpg,0.8130565881729126,0.8314624428749084,0.01840585470199585,7.803731460124254,0.648526668548584,0.5321911573410034,0.5321911573410034,28.120019000198226,23.283474999971077,real_npy,0,1
107,/mnt/c/Users/Chirayu/Documents/GitHub/2D-to-3D-image-reconstruction/facescape_224/fsmview_trainset_12_8_mouth_left_32.jpg,0.31255868077278137,0.2964492440223694,-0.016109436750411987,7.740733206272125,0.7627006769180298,0.5071002840995789,0.5071002840995789,29.89114599995446,44.56566300018494,real_npy,0,1
108,/mnt/c/Users/Chirayu/Documents/GitHub/2D-to-3D-image-reconstruction/facescape_224/fsmview_trainset_14_14_sadness_62.jpg,0.36824190616607666,0.35795125365257263,-0.010290652513504028,7.226133152842522,0.5992382168769836,0.5168671011924744,0.5168671011924744,30.771489000017027,23.09793900008117,real_npy,0,1
109,/mnt/c/Users/Chirayu/Documents/GitHub/2D-to-3D-image-reconstruction/facescape_224/fsmview_trainset_9_6_jaw_right_23.jpg,0.05212944373488426,0.052029989659786224,-9.945407509803772e-05,8.70356254465878,0.7296570539474487,0.42426565289497375,0.42426565289497375,20.708679000108532,19.68449200012401,real_npy,0,1
110,/mnt/c/Users/Chirayu/Documents/GitHub/2D-to-3D-image-reconstruction/facescape_224/fsmview_trainset_3_2_smile_47.jpg,0.07932732999324799,0.09400225430727005,0.014674924314022064,9.133207587525249,0.7393970489501953,0.4756621718406677,0.4756621718406677,21.087556999873414,19.946889000038937,real_npy,0,1
111,/mnt/c/Users/Chirayu/Documents/GitHub/2D-to-3D-image-reconstruction/facescape_224/fsmview_trainset_18_11_chin_raiser_19.jpg,0.05530956760048866,0.05653196573257446,0.0012223981320858002,9.259316517971456,0.7340279817581177,0.4180615544319153,0.4180615544319153,36.52241699978731,25.321177000023454,real_npy,0,1
112,/mnt/c/Users/Chirayu/Documents/GitHub/2D-to-3D-image-reconstruction/facescape_224/fsmview_trainset_13_3_mouth_stretch_8.jpg,0.04441007599234581,0.04487095773220062,0.0004608817398548126,7.534756116569042,0.6778281927108765,0.32488664984703064,0.32488664984703064,20.50649800003157,21.250305999956254,real_npy,0,1
113,/mnt/c/Users/Chirayu/Documents/GitHub/2D-to-3D-image-reconstruction/facescape_224/fsmview_trainset_4_13_lip_funneler_20.jpg,0.0371515117585659,0.03780384734272957,0.0006523355841636658,8.294990926980972,0.6971977353096008,0.2686648666858673,0.2686648666858673,21.502857999848857,20.72388800002045,real_npy,0,1
114,/mnt/c/Users/Chirayu/Documents/GitHub/2D-to-3D-image-reconstruction/facescape_224/fsmview_trainset_17_15_lip_roll_3.jpg,0.06291372328996658,0.06180134415626526,-0.0011123791337013245,7.692684631794691,0.6576234102249146,0.39266979694366455,0.39266979694366455,21.010890000070503,20.059356000047046,real_npy,0,1
115,/mnt/c/Users/Chirayu/Documents/GitHub/2D-to-3D-image-reconstruction/facescape_224/fsmview_trainset_19_2_smile_50.jpg,0.05451776087284088,0.05431647226214409,-0.0002012886106967926,8.816392123699188,0.6809466481208801,0.3927384912967682,0.3927384912967682,24.568964000081905,20.55313899995781,real_npy,0,1
116,/mnt/c/Users/Chirayu/Documents/GitHub/2D-to-3D-image-reconstruction/facescape_224/fsmview_trainset_13_14_sadness_18.jpg,0.04318390414118767,0.04339591786265373,0.00021201372146606445,8.982718087732792,0.7902849912643433,0.32346799969673157,0.32346799969673157,25.40723699985392,20.83462900009181,real_npy,0,1
117,/mnt/c/Users/Chirayu/Documents/GitHub/2D-to-3D-image-reconstruction/facescape_224/fsmview_trainset_8_14_sadness_24.jpg,0.03173253312706947,0.03246600925922394,0.0007334761321544647,7.678393449634314,0.652359127998352,0.27247345447540283,0.27247345447540283,20.777715000122043,21.317425999995976,real_npy,0,1
118,/mnt/c/Users/Chirayu/Documents/GitHub/2D-to-3D-image-reconstruction/facescape_224/fsmview_trainset_5_3_mouth_stretch_16.jpg,0.032098863273859024,10.35973834991455,10.327639486640692,68.11944580078125,11.263190269470215,0.29223939776420593,0.29223939776420593,21.39843899999505,19.868742999960887,real_npy,1,1
119,/mnt/c/Users/Chirayu/Documents/GitHub/2D-to-3D-image-reconstruction/facescape_224/fsmview_trainset_8_6_jaw_right_38.jpg,0.1649152636528015,0.15308065712451935,-0.011834606528282166,8.075404912233353,0.8455494046211243,0.48668181896209717,0.48668181896209717,20.919784999932745,19.726621000017985,real_npy,0,1
120,/mnt/c/Users/Chirayu/Documents/GitHub/2D-to-3D-image-reconstruction/facescape_224/fsmview_trainset_13_8_mouth_left_57.jpg,0.6641098856925964,0.7110396027565002,0.04692971706390381,6.281125832349062,0.650455892086029,0.42964106798171997,0.42964106798171997,21.09565000000657,21.958678000146392,real_npy,0,0
121,/mnt/c/Users/Chirayu/Documents/GitHub/2D-to-3D-image-reconstruction/facescape_224/fsmview_trainset_8_4_anger_35.jpg,0.03366682305932045,0.03933270648121834,0.005665883421897888,7.78504404425621,0.6454985737800598,0.2984746992588043,0.2984746992588043,84.1667879999477,18.666318999976284,real_npy,0,1
122,/mnt/c/Users/Chirayu/Documents/GitHub/2D-to-3D-image-reconstruction/facescape_224/fsmview_trainset_1_19_brow_raiser_31.jpg,0.038947995752096176,1.2681835889816284,1.2292355932295322,23.295010332018137,2.221430778503418,0.3074721097946167,0.3074721097946167,100.97406899990347,32.20810800007712,real_npy,0,1
123,/mnt/c/Users/Chirayu/Documents/GitHub/2D-to-3D-image-reconstruction/facescape_224/fsmview_trainset_19_2_smile_7.jpg,0.035863932222127914,0.04171527922153473,0.005851346999406815,8.305062487721443,0.70784592628479,0.19844448566436768,0.19844448566436768,30.848045999846363,26.72861699988971,real_npy,0,1
124,/mnt/c/Users/Chirayu/Documents/GitHub/2D-to-3D-image-reconstruction/facescape_224/fsmview_trainset_19_18_eye_closed_49.jpg,0.4544923007488251,0.38018664717674255,-0.07430565357208252,7.744119256734848,0.6874149441719055,0.3674760162830353,0.3674760162830353,86.37874700002612,22.74485599991749,real_npy,0,1
125,/mnt/c/Users/Chirayu/Documents/GitHub/2D-to-3D-image-reconstruction/facescape_224/fsmview_trainset_14_16_grin_38.jpg,0.05860802158713341,0.048786696046590805,-0.009821325540542603,7.859326396137476,0.671471357345581,0.3453919589519501,0.3453919589519501,21.36589500014452,20.078227000112747,real_npy,0,1
126,/mnt/c/Users/Chirayu/Documents/GitHub/2D-to-3D-image-reconstruction/facescape_224/fsmview_trainset_1_16_grin_12.jpg,0.052368197590112686,0.057639457285404205,0.005271259695291519,7.640153873711824,0.7311363220214844,0.3341594934463501,0.3341594934463501,22.38900299994384,19.59055400016041,real_npy,0,1
127,/mnt/c/Users/Chirayu/Documents/GitHub/2D-to-3D-image-reconstruction/facescape_224/fsmview_trainset_16_12_lip_puckerer_19.jpg,0.06888231635093689,0.06759816408157349,-0.0012841522693634033,8.544045738875866,0.717571496963501,0.37460312247276306,0.37460312247276306,32.02781599998161,33.72045499986598,real_npy,0,1
128,/mnt/c/Users/Chirayu/Documents/GitHub/2D-to-3D-image-reconstruction/facescape_224/fsmview_trainset_4_12_lip_puckerer_0.jpg,0.12794815003871918,0.12885555624961853,0.000907406210899353,8.406924404203892,0.7436549067497253,0.2667295038700104,0.2667295038700104,21.18297300012273,22.90863000007448,real_npy,0,1
129,/mnt/c/Users/Chirayu/Documents/GitHub/2D-to-3D-image-reconstruction/facescape_224/fsmview_trainset_4_4_anger_12.jpg,0.05773148685693741,0.0665600448846817,0.008828558027744293,7.822863318026066,0.7261769771575928,0.28307652473449707,0.28307652473449707,22.43085100008102,29.377433000036035,real_npy,0,1
130,/mnt/c/Users/Chirayu/Documents/GitHub/2D-to-3D-image-reconstruction/facescape_224/fsmview_trainset_2_20_brow_lower_29.jpg,0.0995408296585083,0.11955168843269348,0.02001085877418518,8.137183018028736,0.6778622269630432,0.32357504963874817,0.32357504963874817,20.899675000009665,19.963724000035654,real_npy,0,1
131,/mnt/c/Users/Chirayu/Documents/GitHub/2D-to-3D-image-reconstruction/facescape_224/fsmview_trainset_3_16_grin_3.jpg,0.04860261455178261,0.047565214335918427,-0.0010374002158641815,7.0662050396203995,0.6747348308563232,0.3760710060596466,0.3760710060596466,20.09024399990267,20.26919199988697,real_npy,0,1
132,/mnt/c/Users/Chirayu/Documents/GitHub/2D-to-3D-image-reconstruction/facescape_224/fsmview_trainset_14_4_anger_8.jpg,0.47633737325668335,0.5573229789733887,0.08098560571670532,8.402757402509451,0.7248538732528687,0.5535610318183899,0.5535610318183899,37.93153500009794,23.340775999940888,real_npy,0,1
133,/mnt/c/Users/Chirayu/Documents/GitHub/2D-to-3D-image-reconstruction/facescape_224/fsmview_trainset_11_5_jaw_left_27.jpg,0.03250133991241455,3.430382251739502,3.3978809118270874,40.895790446549654,4.545769691467285,0.5232556462287903,0.5232556462287903,21.686683000098128,31.309691000160456,real_npy,1,1
134,/mnt/c/Users/Chirayu/Documents/GitHub/2D-to-3D-image-reconstruction/facescape_224/fsmview_trainset_12_13_lip_funneler_10.jpg,0.488218754529953,0.4528222382068634,-0.0353965163230896,6.633360091596842,0.6225893497467041,0.5487250089645386,0.5487250089645386,20.922222000081092,91.76702299987483,real_npy,0,1
135,/mnt/c/Users/Chirayu/Documents/GitHub/2D-to-3D-image-reconstruction/facescape_224/fsmview_trainset_3_5_jaw_left_2.jpg,0.08086885511875153,0.1019052267074585,0.02103637158870697,7.681804645806551,0.7129743099212646,0.4267158806324005,0.4267158806324005,27.308134999884714,22.61460900012935,real_npy,0,1
136,/mnt/c/Users/Chirayu/Documents/GitHub/2D-to-3D-image-reconstruction/facescape_224/fsmview_trainset_18_9_mouth_right_32.jpg,0.2281922996044159,137.9912109375,137.76301863789558,215.42162722349167,182.6959686279297,0.25222504138946533,0.25222504138946533,20.27192099990316,48.8111370000297,real_npy,1,1
137,/mnt/c/Users/Chirayu/Documents/GitHub/2D-to-3D-image-reconstruction/facescape_224/fsmview_trainset_9_1_neutral_36.jpg,0.16375881433486938,0.18007300794124603,0.016314193606376648,7.51383151486516,0.6587730646133423,0.3627096116542816,0.3627096116542816,22.828223000033177,22.477216999959637,real_npy,0,1
138,/mnt/c/Users/Chirayu/Documents/GitHub/2D-to-3D-image-reconstruction/facescape_224/fsmview_trainset_9_9_mouth_right_57.jpg,0.6390166878700256,0.6542277932167053,0.015211105346679688,6.650996088981628,0.6292877197265625,0.4303637742996216,0.4303637742996216,28.864912000017284,20.74767499993868,real_npy,0,1
139,/mnt/c/Users/Chirayu/Documents/GitHub/2D-to-3D-image-reconstruction/facescape_224/fsmview_trainset_4_3_mouth_stretch_23.jpg,0.03782355785369873,0.037915173918008804,9.161606431007385e-05,8.09410149231553,0.6779975891113281,0.2932663857936859,0.2932663857936859,20.777132000148413,20.78553199999078,real_npy,0,1
140,/mnt/c/Users/Chirayu/Documents/GitHub/2D-to-3D-image-reconstruction/facescape_224/fsmview_trainset_8_8_mouth_left_40.jpg,0.2746843695640564,0.2726127803325653,-0.002071589231491089,6.434802159667015,0.6559063196182251,0.471128910779953,0.471128910779953,20.028890000048705,19.039173000010123,real_npy,0,0
141,/mnt/c/Users/Chirayu/Documents/GitHub/2D-to-3D-image-reconstruction/facescape_224/fsmview_trainset_18_4_anger_40.jpg,0.14389103651046753,0.1555889993906021,0.011697962880134583,7.08340722322464,0.653360903263092,0.5798562169075012,0.5798562169075012,20.075765999990836,19.341497999903368,real_npy,0,1
142,/mnt/c/Users/Chirayu/Documents/GitHub/2D-to-3D-image-reconstruction/facescape_224/fsmview_trainset_9_2_smile_39.jpg,0.17449398338794708,0.19435736536979675,0.01986338198184967,7.314698986709118,0.6321296095848083,0.4482518434524536,0.4482518434524536,20.50430300005246,20.27738800006773,real_npy,0,1
143,/mnt/c/Users/Chirayu/Documents/GitHub/2D-to-3D-image-reconstruction/facescape_224/fsmview_trainset_5_12_lip_puckerer_39.jpg,0.07553526014089584,0.07819116860628128,0.002655908465385437,8.183475136756897,0.7615532875061035,0.43376246094703674,0.43376246094703674,40.69165900000371,84.94917100006205,real_npy,0,1
144,/mnt/c/Users/Chirayu/Documents/GitHub/2D-to-3D-image-reconstruction/facescape_224/fsmview_trainset_10_8_mouth_left_13.jpg,0.08275067061185837,0.08630784600973129,0.003557175397872925,7.032024919986725,0.6297008991241455,0.45663774013519287,0.45663774013519287,52.05975300009413,19.15510000003451,real_npy,0,1
145,/mnt/c/Users/Chirayu/Documents/GitHub/2D-to-3D-image-reconstruction/facescape_224/fsmview_trainset_8_16_grin_49.jpg,0.38878244161605835,0.3567543625831604,-0.03202807903289795,7.257392928004265,0.6597877740859985,0.48483899235725403,0.48483899235725403,115.67493400002604,28.832543000135047,real_npy,0,1
146,/mnt/c/Users/Chirayu/Documents/GitHub/2D-to-3D-image-reconstruction/facescape_224/fsmview_trainset_7_18_eye_closed_36.jpg,0.10098325461149216,0.11012475937604904,0.009141504764556885,7.728844124823809,0.6923605799674988,0.4068131446838379,0.4068131446838379,21.809333000192055,45.56433399989146,real_npy,0,1
147,/mnt/c/Users/Chirayu/Documents/GitHub/2D-to-3D-image-reconstruction/facescape_224/fsmview_trainset_16_16_grin_29.jpg,0.032777197659015656,0.03686933219432831,0.004092134535312653,7.8332554288208485,0.6826911568641663,0.3376433253288269,0.3376433253288269,34.43035400005101,30.3566420000152,real_npy,0,1
148,/mnt/c/Users/Chirayu/Documents/GitHub/2D-to-3D-image-reconstruction/facescape_224/fsmview_trainset_17_9_mouth_right_31.jpg,0.04289954900741577,0.04540129378437996,0.0025017447769641876,8.632748359814286,0.7046717405319214,0.4191829562187195,0.4191829562187195,21.828386000152022,94.1090300000269,real_npy,0,1
149,/mnt/c/Users/Chirayu/Documents/GitHub/2D-to-3D-image-reconstruction/facescape_224/fsmview_trainset_7_20_brow_lower_32.jpg,0.05463313311338425,0.05905797332525253,0.004424840211868286,7.914572194218636,0.6757713556289673,0.3549964427947998,0.3549964427947998,55.83846500007894,38.163638000014544,real_npy,0,1
150,/mnt/c/Users/Chirayu/Documents/GitHub/2D-to-3D-image-reconstruction/facescape_224/fsmview_trainset_11_16_grin_65.jpg,0.05806596949696541,0.057735100388526917,-0.0003308691084384918,8.836654242128134,0.7585285305976868,0.4806336760520935,0.4806336760520935,22.875850999980685,21.387975999914488,real_npy,0,1
151,/mnt/c/Users/Chirayu/Documents/GitHub/2D-to-3D-image-reconstruction/facescape_224/fsmview_trainset_12_18_eye_closed_29.jpg,0.054296109825372696,0.0523085743188858,-0.0019875355064868927,9.157826335169375,0.7596875429153442,0.5501218438148499,0.5501218438148499,22.759604999919247,49.58458900000551,real_npy,0,1
152,/mnt/c/Users/Chirayu/Documents/GitHub/2D-to-3D-image-reconstruction/facescape_224/fsmview_trainset_10_6_jaw_right_7.jpg,0.04721023514866829,0.05274911969900131,0.005538884550333023,7.315654892474413,0.6449037194252014,0.23040005564689636,0.23040005564689636,40.68753999990804,22.589596999978312,real_npy,0,1
153,/mnt/c/Users/Chirayu/Documents/GitHub/2D-to-3D-image-reconstruction/facescape_224/fsmview_trainset_11_14_sadness_31.jpg,0.03371373936533928,0.0393872894346714,0.005673550069332123,8.043416526168585,0.6505479216575623,0.4771769940853119,0.4771769940853119,23.669516999916596,22.22218600013548,real_npy,0,1
154,/mnt/c/Users/Chirayu/Documents/GitHub/2D-to-3D-image-reconstruction/facescape_224/fsmview_trainset_7_13_lip_funneler_14.jpg,0.039839666336774826,0.04012865200638771,0.0002889856696128845,8.052411494776607,0.6898545026779175,0.43016529083251953,0.43016529083251953,22.250584999937928,19.360812000059013,real_npy,0,1
155,/mnt/c/Users/Chirayu/Documents/GitHub/2D-to-3D-image-reconstruction/facescape_224/fsmview_trainset_1_14_sadness_32.jpg,0.30297061800956726,35.08514404296875,34.78217342495918,119.29449415206909,36.35955047607422,0.23917536437511444,0.23917536437511444,20.952493000095274,18.386985999995886,real_npy,1,1
156,/mnt/c/Users/Chirayu/Documents/GitHub/2D-to-3D-image-reconstruction/facescape_224/fsmview_trainset_15_12_lip_puckerer_43.jpg,0.057555243372917175,0.06116959825158119,0.0036143548786640167,8.257022954523563,0.667389988899231,0.5713145732879639,0.5713145732879639,23.16947999997865,21.20559700006197,real_npy,0,1
157,/mnt/c/Users/Chirayu/Documents/GitHub/2D-to-3D-image-reconstruction/facescape_224/fsmview_trainset_14_2_smile_47.jpg,0.06942161172628403,0.12648162245750427,0.057060010731220245,8.068938836455345,0.7535951733589172,0.6600844860076904,0.6600844860076904,22.910510999963662,27.09625799980131,real_npy,0,1
158,/mnt/c/Users/Chirayu/Documents/GitHub/2D-to-3D-image-reconstruction/facescape_224/fsmview_trainset_7_3_mouth_stretch_54.jpg,0.07600623369216919,0.07574257999658585,-0.0002636536955833435,7.847200606018305,0.7446213364601135,0.5117875337600708,0.5117875337600708,74.25181399980829,40.01085400000193,real_npy,0,1
159,/mnt/c/Users/Chirayu/Documents/GitHub/2D-to-3D-image-reconstruction/facescape_224/fsmview_trainset_8_10_dimpler_53.jpg,0.049988824874162674,0.05175101384520531,0.001762188971042633,8.059545420110226,0.7121408581733704,0.2640915513038635,0.2640915513038635,53.0316589999984,21.481143000073644,real_npy,0,1
160,/mnt/c/Users/Chirayu/Documents/GitHub/2D-to-3D-image-reconstruction/facescape_224/fsmview_trainset_15_11_chin_raiser_14.jpg,0.22668613493442535,0.26723581552505493,0.04054968059062958,8.275406882166862,0.6854012608528137,0.5614816546440125,0.5614816546440125,21.165987999893332,20.788693999975294,real_npy,0,1
161,/mnt/c/Users/Chirayu/Documents/GitHub/2D-to-3D-image-reconstruction/facescape_224/fsmview_trainset_5_15_lip_roll_3.jpg,0.37883859872817993,0.37931326031684875,0.00047466158866882324,7.1274343729019165,0.6275416016578674,0.362200528383255,0.362200528383255,23.658152000052723,19.797870999809675,real_npy,0,1
162,/mnt/c/Users/Chirayu/Documents/GitHub/2D-to-3D-image-reconstruction/facescape_224/fsmview_trainset_12_6_jaw_right_24.jpg,0.12165161967277527,0.1320004165172577,0.010348796844482422,8.204512529075146,0.7033693194389343,0.45315665006637573,0.45315665006637573,21.65436200016302,21.68718000007175,real_npy,0,1
163,/mnt/c/Users/Chirayu/Documents/GitHub/2D-to-3D-image-reconstruction/facescape_224/fsmview_trainset_6_14_sadness_44.jpg,0.16960474848747253,0.15318439900875092,-0.01642034947872162,7.358879864215851,0.6969870328903198,0.4048716127872467,0.4048716127872467,23.390751999841086,21.66204300010577,real_npy,0,1
164,/mnt/c/Users/Chirayu/Documents/GitHub/2D-to-3D-image-reconstruction/facescape_224/fsmview_trainset_8_1_neutral_47.jpg,0.03875962272286415,0.03785032406449318,-0.0009092986583709717,7.905255921185017,0.6595894694328308,0.3082064688205719,0.3082064688205719,24.228207000078328,22.52702199984924,real_npy,0,1
165,/mnt/c/Users/Chirayu/Documents/GitHub/2D-to-3D-image-reconstruction/facescape_224/fsmview_trainset_13_5_jaw_left_39.jpg,0.29295483231544495,0.3087691068649292,0.015814274549484253,7.861720569431782,0.6885226368904114,0.3057522773742676,0.3057522773742676,21.601465000003373,22.85372300002564,real_npy,0,1
166,/mnt/c/Users/Chirayu/Documents/GitHub/2D-to-3D-image-reconstruction/facescape_224/fsmview_trainset_18_15_lip_roll_32.jpg,0.034497980028390884,12.454329490661621,12.41983151063323,74.34172968566418,13.249679565429688,0.4282306432723999,0.4282306432723999,20.511252000005697,18.89001500012455,real_npy,1,1
167,/mnt/c/Users/Chirayu/Documents/GitHub/2D-to-3D-image-reconstruction/facescape_224/fsmview_trainset_9_11_chin_raiser_20.jpg,0.08159708976745605,0.08505313843488693,0.0034560486674308777,9.705925039947033,0.8015720844268799,0.38894668221473694,0.38894668221473694,23.03918200004773,20.47244500022316,real_npy,0,1
168,/mnt/c/Users/Chirayu/Documents/GitHub/2D-to-3D-image-reconstruction/facescape_224/fsmview_trainset_15_7_jaw_forward_41.jpg,0.30346134305000305,0.31995952129364014,0.016498178243637085,8.044733181595802,0.6851781010627747,0.5076743364334106,0.5076743364334106,23.253792000105022,22.144984000078693,real_npy,0,1
169,/mnt/c/Users/Chirayu/Documents/GitHub/2D-to-3D-image-reconstruction/facescape_224/fsmview_trainset_17_1_neutral_56.jpg,0.0699576660990715,0.07867533713579178,0.008717671036720276,8.94147458486259,0.7493544816970825,0.41640201210975647,0.41640201210975647,21.076073000131146,21.046401999910813,real_npy,0,1
170,/mnt/c/Users/Chirayu/Documents/GitHub/2D-to-3D-image-reconstruction/facescape_224/fsmview_trainset_12_16_grin_55.jpg,0.03842906281352043,0.043881624937057495,0.005452562123537064,8.520356388762593,0.7529807090759277,0.3993988335132599,0.3993988335132599,21.32334099997024,20.994304999931046,real_npy,0,1
171,/mnt/c/Users/Chirayu/Documents/GitHub/2D-to-3D-image-reconstruction/facescape_224/fsmview_trainset_18_20_brow_lower_21.jpg,0.04189804196357727,0.043189629912376404,0.0012915879487991333,8.025839572772384,0.6529279947280884,0.36455392837524414,0.36455392837524414,40.3090009999687,43.81063899995752,real_npy,0,1
172,/mnt/c/Users/Chirayu/Documents/GitHub/2D-to-3D-image-reconstruction/facescape_224/fsmview_trainset_5_5_jaw_left_40.jpg,0.15940867364406586,0.16205577552318573,0.002647101879119873,7.648901775479317,0.6791515946388245,0.4378482401371002,0.4378482401371002,43.76967799998965,22.56248300000152,real_npy,0,1
173,/mnt/c/Users/Chirayu/Documents/GitHub/2D-to-3D-image-reconstruction/facescape_224/fsmview_trainset_1_19_brow_raiser_52.jpg,0.03657275065779686,0.03629916533827782,-0.00027358531951904297,8.204113270621747,0.6893820762634277,0.3034045100212097,0.3034045100212097,19.782448000114528,20.764850999967166,real_npy,0,1
174,/mnt/c/Users/Chirayu/Documents/GitHub/2D-to-3D-image-reconstruction/facescape_224/fsmview_trainset_16_5_jaw_left_3.jpg,0.06425649672746658,0.06753181666135788,0.0032753199338912964,7.870463326573372,0.7390665411949158,0.39737433195114136,0.39737433195114136,21.75614499992662,19.858554999927946,real_npy,0,1
175,/mnt/c/Users/Chirayu/Documents/GitHub/2D-to-3D-image-reconstruction/facescape_224/fsmview_trainset_19_5_jaw_left_1.jpg,0.042521994560956955,0.042542990297079086,2.0995736122131348e-05,8.269984008744359,0.6987484097480774,0.23397429287433624,0.23397429287433624,20.55390200007423,19.561527000178103,real_npy,0,1
176,/mnt/c/Users/Chirayu/Documents/GitHub/2D-to-3D-image-reconstruction/facescape_224/fsmview_trainset_14_7_jaw_forward_22.jpg,0.03372792527079582,0.0343843474984169,0.0006564222276210785,6.854644820094109,0.6178626418113708,0.4333280026912689,0.4333280026912689,21.57667100004801,19.683795000219106,real_npy,0,1
177,/mnt/c/Users/Chirayu/Documents/GitHub/2D-to-3D-image-reconstruction/facescape_224/fsmview_trainset_14_8_mouth_left_58.jpg,0.053940653800964355,0.054118648171424866,0.00017799437046051025,8.170477591454983,0.7444468140602112,0.35005784034729004,0.35005784034729004,24.77245399995809,23.47125899996172,real_npy,0,1
178,/mnt/c/Users/Chirayu/Documents/GitHub/2D-to-3D-image-reconstruction/facescape_224/fsmview_trainset_19_13_lip_funneler_4.jpg,0.09503312408924103,0.1041317954659462,0.00909867137670517,8.39272740483284,0.7179436683654785,0.21039991080760956,0.21039991080760956,21.291466999855402,22.365004999983285,real_npy,0,1
179,/mnt/c/Users/Chirayu/Documents/GitHub/2D-to-3D-image-reconstruction/facescape_224/fsmview_trainset_14_2_smile_10.jpg,0.08607167750597,0.08085571974515915,-0.005215957760810852,8.033057577908039,0.6696876287460327,0.606490433216095,0.606490433216095,23.219659000005777,42.30819800000063,real_npy,0,1
180,/mnt/c/Users/Chirayu/Documents/GitHub/2D-to-3D-image-reconstruction/facescape_224/fsmview_trainset_5_5_jaw_left_16.jpg,0.03447120264172554,0.039838287979364395,0.005367085337638855,8.13728903606534,0.6779752373695374,0.31592002511024475,0.31592002511024475,61.18269200010218,70.26524499997322,real_npy,0,1
181,/mnt/c/Users/Chirayu/Documents/GitHub/2D-to-3D-image-reconstruction/facescape_224/fsmview_trainset_13_4_anger_6.jpg,0.14435411989688873,0.1329418569803238,-0.011412262916564941,8.300509363412857,0.6796720623970032,0.46374231576919556,0.46374231576919556,20.19831399979921,19.937315999868588,real_npy,0,1
182,/mnt/c/Users/Chirayu/Documents/GitHub/2D-to-3D-image-reconstruction/facescape_224/fsmview_trainset_11_2_smile_48.jpg,0.8802508115768433,0.7529945373535156,-0.12725627422332764,7.302148379385471,0.6639691591262817,0.5795509219169617,0.5795509219169617,20.7609419999244,21.16763699996227,real_npy,0,1
183,/mnt/c/Users/Chirayu/Documents/GitHub/2D-to-3D-image-reconstruction/facescape_224/fsmview_trainset_9_4_anger_35.jpg,0.055352721363306046,0.051987964659929276,-0.00336475670337677,8.172716915607452,0.6322712302207947,0.388292521238327,0.388292521238327,23.431784999957017,22.834354999986317,real_npy,0,1
184,/mnt/c/Users/Chirayu/Documents/GitHub/2D-to-3D-image-reconstruction/facescape_224/fsmview_trainset_3_12_lip_puckerer_1.jpg,0.08086062967777252,0.07833653688430786,-0.0025240927934646606,8.52480660378933,0.7151906490325928,0.4295082688331604,0.4295082688331604,25.337044000025344,28.07640299988634,real_npy,0,1
185,/mnt/c/Users/Chirayu/Documents/GitHub/2D-to-3D-image-reconstruction/facescape_224/fsmview_trainset_13_7_jaw_forward_55.jpg,0.04866001382470131,0.054224614053964615,0.005564600229263306,8.583274739328772,0.7449068427085876,0.35551226139068604,0.35551226139068604,22.252724000054513,20.622949999960838,real_npy,0,1
186,/mnt/c/Users/Chirayu/Documents/GitHub/2D-to-3D-image-reconstruction/facescape_224/fsmview_trainset_15_19_brow_raiser_12.jpg,0.0826091468334198,0.17635692656040192,0.09374777972698212,7.592381596565247,0.6912329196929932,0.6005553603172302,0.6005553603172302,21.53571999997439,25.06183900004544,real_npy,0,1
187,/mnt/c/Users/Chirayu/Documents/GitHub/2D-to-3D-image-reconstruction/facescape_224/fsmview_trainset_7_8_mouth_left_26.jpg,0.043683409690856934,0.04838646203279495,0.004703052341938019,8.11608375608921,0.6608162522315979,0.35146886110305786,0.35146886110305786,24.212639999859675,42.500473000018246,real_npy,0,1
188,/mnt/c/Users/Chirayu/Documents/GitHub/2D-to-3D-image-reconstruction/facescape_224/fsmview_trainset_6_5_jaw_left_35.jpg,0.03571166843175888,0.037301771342754364,0.0015901029109954834,8.045040845870972,0.6544427275657654,0.3788807988166809,0.3788807988166809,22.081393000007665,21.98275199998534,real_npy,0,1
189,/mnt/c/Users/Chirayu/Documents/GitHub/2D-to-3D-image-reconstruction/facescape_224/fsmview_trainset_13_7_jaw_forward_34.jpg,0.8457731604576111,0.8238149285316467,-0.021958231925964355,6.733850535005331,0.6743936538696289,0.355803906917572,0.355803906917572,20.800378000103592,20.01364099987768,real_npy,0,1
190,/mnt/c/Users/Chirayu/Documents/GitHub/2D-to-3D-image-reconstruction/facescape_224/fsmview_trainset_1_18_eye_closed_55.jpg,0.046626798808574677,0.049560680985450745,0.002933882176876068,8.121585424989462,0.7374577522277832,0.3233789801597595,0.3233789801597595,25.313125000138825,21.099937999906615,real_npy,0,1
191,/mnt/c/Users/Chirayu/Documents/GitHub/2D-to-3D-image-reconstruction/facescape_224/fsmview_trainset_5_4_anger_40.jpg,0.14157581329345703,0.138360396027565,-0.003215417265892029,7.915975280106068,0.7201985120773315,0.4678478538990021,0.4678478538990021,22.535181999955967,23.056410999970467,real_npy,0,1
192,/mnt/c/Users/Chirayu/Documents/GitHub/2D-to-3D-image-reconstruction/facescape_224/fsmview_trainset_4_12_lip_puckerer_52.jpg,0.2128460556268692,0.19224335253238678,-0.020602703094482422,6.5463789366185665,0.6500356793403625,0.36544090509414673,0.36544090509414673,23.540125000181433,46.17152800005897,real_npy,0,1
193,/mnt/c/Users/Chirayu/Documents/GitHub/2D-to-3D-image-reconstruction/facescape_224/fsmview_trainset_3_2_smile_9.jpg,0.051262952387332916,0.3362762928009033,0.2850133404135704,13.315154291689396,1.1467636823654175,0.3849935829639435,0.3849935829639435,22.537038999871584,23.83854100003191,real_npy,0,1
194,/mnt/c/Users/Chirayu/Documents/GitHub/2D-to-3D-image-reconstruction/facescape_224/fsmview_trainset_12_13_lip_funneler_49.jpg,0.0579608753323555,0.055478308349847794,-0.0024825669825077057,7.965857207775116,0.6954878568649292,0.4671745002269745,0.4671745002269745,22.04204800000298,31.26544399992781,real_npy,0,1
195,/mnt/c/Users/Chirayu/Documents/GitHub/2D-to-3D-image-reconstruction/facescape_224/fsmview_trainset_19_20_brow_lower_36.jpg,0.062134306877851486,0.056034062057733536,-0.0061002448201179504,8.755943447351456,0.7024723291397095,0.3613568842411041,0.3613568842411041,21.633042000075875,20.688309999968624,real_npy,0,1
196,/mnt/c/Users/Chirayu/Documents/GitHub/2D-to-3D-image-reconstruction/facescape_224/fsmview_trainset_13_5_jaw_left_43.jpg,0.10612589865922928,0.10145512968301773,-0.004670768976211548,8.252535305917263,0.6982793211936951,0.40942302346229553,0.40942302346229553,21.914636000019527,22.83989899979133,real_npy,0,1
197,/mnt/c/Users/Chirayu/Documents/GitHub/2D-to-3D-image-reconstruction/facescape_224/fsmview_trainset_12_13_lip_funneler_34.jpg,0.22927935421466827,0.24485553801059723,0.015576183795928955,7.206257522106171,0.6277531981468201,0.4897729754447937,0.4897729754447937,34.57409399993594,23.084782999831077,real_npy,0,1
198,/mnt/c/Users/Chirayu/Documents/GitHub/2D-to-3D-image-reconstruction/facescape_224/fsmview_trainset_7_1_neutral_25.jpg,0.0370226688683033,0.03917262703180313,0.002149958163499832,7.820294301956892,0.662759006023407,0.36237916350364685,0.36237916350364685,21.114248999992924,19.32110100005957,real_npy,0,1
199,/mnt/c/Users/Chirayu/Documents/GitHub/2D-to-3D-image-reconstruction/facescape_224/fsmview_trainset_2_17_cheek_blowing_35.jpg,0.08974158018827438,0.08676808327436447,-0.002973496913909912,8.503738852217793,0.6846540570259094,0.43438899517059326,0.43438899517059326,22.19277300014255,26.429013000097257,real_npy,0,1
200,/mnt/c/Users/Chirayu/Documents/GitHub/2D-to-3D-image-reconstruction/facescape_224/fsmview_trainset_9_10_dimpler_20.jpg,0.04735540598630905,0.046568043529987335,-0.0007873624563217163,8.887461076490581,0.7242222428321838,0.37213006615638733,0.37213006615638733,20.861760999878243,20.596883000052912,real_npy,0,1
201,/mnt/c/Users/Chirayu/Documents/GitHub/2D-to-3D-image-reconstruction/facescape_224/fsmview_trainset_5_9_mouth_right_55.jpg,0.6224099397659302,0.6707348823547363,0.04832494258880615,8.417847454547882,0.7232394814491272,0.4256982207298279,0.4256982207298279,44.058768000013515,21.558780999839655,real_npy,0,1
202,/mnt/c/Users/Chirayu/Documents/GitHub/2D-to-3D-image-reconstruction/facescape_224/fsmview_trainset_4_1_neutral_42.jpg,0.06992654502391815,0.0723610520362854,0.0024345070123672485,7.732564192265272,0.691453754901886,0.373017281293869,0.373017281293869,20.882759999949485,55.67127799986338,real_npy,0,1
203,/mnt/c/Users/Chirayu/Documents/GitHub/2D-to-3D-image-reconstruction/facescape_224/fsmview_trainset_8_6_jaw_right_27.jpg,0.06815282255411148,0.06834276765584946,0.00018994510173797607,7.44112440943718,0.6922533512115479,0.34254953265190125,0.34254953265190125,34.482425999840416,19.06326900007116,real_npy,0,1
204,/mnt/c/Users/Chirayu/Documents/GitHub/2D-to-3D-image-reconstruction/facescape_224/fsmview_trainset_9_1_neutral_5.jpg,0.03910886496305466,1.6068387031555176,1.567729838192463,28.609303578734398,2.9939181804656982,0.3614563047885895,0.3614563047885895,30.17053799999303,29.16011999991497,real_npy,0,1
205,/mnt/c/Users/Chirayu/Documents/GitHub/2D-to-3D-image-reconstruction/facescape_224/fsmview_trainset_11_8_mouth_left_40.jpg,0.09791965782642365,0.12062179297208786,0.022702135145664215,8.684986256062984,0.7542266249656677,0.596910297870636,0.596910297870636,21.969294999962585,23.200082999892402,real_npy,0,1
206,/mnt/c/Users/Chirayu/Documents/GitHub/2D-to-3D-image-reconstruction/facescape_224/fsmview_trainset_12_20_brow_lower_43.jpg,0.04729653522372246,0.04538322985172272,-0.0019133053719997406,8.914727272465825,0.7064928412437439,0.48728713393211365,0.48728713393211365,20.622226000114097,19.516976999966573,real_npy,0,1
207,/mnt/c/Users/Chirayu/Documents/GitHub/2D-to-3D-image-reconstruction/facescape_224/fsmview_trainset_13_8_mouth_left_24.jpg,0.5193020701408386,0.5442826747894287,0.024980604648590088,6.634360570460558,0.5998154282569885,0.5096208453178406,0.5096208453178406,47.68701800003328,53.9496250000866,real_npy,0,1
208,/mnt/c/Users/Chirayu/Documents/GitHub/2D-to-3D-image-reconstruction/facescape_224/fsmview_trainset_6_5_jaw_left_46.jpg,0.12687231600284576,0.11371292918920517,-0.013159386813640594,8.887745961546898,0.7655034065246582,0.4375445246696472,0.4375445246696472,21.900196999922628,22.261414000013247,real_npy,0,1
209,/mnt/c/Users/Chirayu/Documents/GitHub/2D-to-3D-image-reconstruction/facescape_224/fsmview_trainset_9_18_eye_closed_11.jpg,0.2552836835384369,0.2714780867099762,0.016194403171539307,7.092689670622349,0.6723706722259521,0.606285035610199,0.606285035610199,21.14487500011819,21.766391000028307,real_npy,0,1
210,/mnt/c/Users/Chirayu/Documents/GitHub/2D-to-3D-image-reconstruction/facescape_224/fsmview_trainset_20_13_lip_funneler_65.jpg,0.052319515496492386,0.05192193016409874,-0.00039758533239364624,8.849591561593115,0.772495448589325,0.4414450228214264,0.4414450228214264,75.0694419998581,67.57547799998065,real_npy,0,1
211,/mnt/c/Users/Chirayu/Documents/GitHub/2D-to-3D-image-reconstruction/facescape_224/fsmview_trainset_7_18_eye_closed_40.jpg,0.15224140882492065,0.1652771532535553,0.013035744428634644,6.992318745702505,0.6340839266777039,0.35108840465545654,0.35108840465545654,21.853967999959423,20.15386900006888,real_npy,0,1
212,/mnt/c/Users/Chirayu/Documents/GitHub/2D-to-3D-image-reconstruction/facescape_224/fsmview_trainset_6_7_jaw_forward_19.jpg,0.044595275074243546,0.04729469493031502,0.002699419856071472,8.579419001471251,0.7070990204811096,0.3216087520122528,0.3216087520122528,21.20000600007188,25.054545000102735,real_npy,0,1
213,/mnt/c/Users/Chirayu/Documents/GitHub/2D-to-3D-image-reconstruction/facescape_224/fsmview_trainset_9_14_sadness_43.jpg,0.8570411801338196,0.7939175963401794,-0.06312358379364014,7.581249762326479,0.6765621304512024,0.37954676151275635,0.37954676151275635,19.968088000041462,73.05219599993507,real_npy,0,1
214,/mnt/c/Users/Chirayu/Documents/GitHub/2D-to-3D-image-reconstruction/facescape_224/fsmview_trainset_10_5_jaw_left_45.jpg,0.09435482323169708,0.09672767668962479,0.002372853457927704,8.946801722049713,0.7782177925109863,0.3801308274269104,0.3801308274269104,42.9382469999382,21.059702999991714,real_npy,0,1
215,/mnt/c/Users/Chirayu/Documents/GitHub/2D-to-3D-image-reconstruction/facescape_224/fsmview_trainset_5_10_dimpler_12.jpg,0.40804341435432434,1.704161524772644,1.2961181104183197,29.446657206863165,2.903862953186035,0.2794714570045471,0.2794714570045471,20.4259600000114,27.06051599989223,real_npy,0,1
216,/mnt/c/Users/Chirayu/Documents/GitHub/2D-to-3D-image-reconstruction/facescape_224/fsmview_trainset_9_2_smile_2.jpg,0.06634095311164856,0.0781715139746666,0.011830560863018036,7.974601570516825,0.7121580243110657,0.3786717653274536,0.3786717653274536,25.212370999952327,22.92263799995453,real_npy,0,1
217,/mnt/c/Users/Chirayu/Documents/GitHub/2D-to-3D-image-reconstruction/facescape_224/fsmview_trainset_14_13_lip_funneler_49.jpg,0.07985446602106094,0.08339086920022964,0.003536403179168701,8.376076817512512,0.7219436168670654,0.5448146462440491,0.5448146462440491,20.963025999890306,21.19983000011416,real_npy,0,1
218,/mnt/c/Users/Chirayu/Documents/GitHub/2D-to-3D-image-reconstruction/facescape_224/fsmview_trainset_16_10_dimpler_24.jpg,0.035028595477342606,0.03734738752245903,0.0023187920451164246,8.43693286087364,0.7055966854095459,0.3644515573978424,0.3644515573978424,30.63296999994236,51.06205500010219,real_npy,0,1
219,/mnt/c/Users/Chirayu/Documents/GitHub/2D-to-3D-image-reconstruction/facescape_224/fsmview_trainset_9_19_brow_raiser_32.jpg,0.23293019831180573,0.19334252178668976,-0.03958767652511597,7.154231429100037,0.6326476335525513,0.47047215700149536,0.47047215700149536,21.294431999876906,20.165233999932752,real_npy,0,1
220,/mnt/c/Users/Chirayu/Documents/GitHub/2D-to-3D-image-reconstruction/facescape_224/fsmview_trainset_9_17_cheek_blowing_3.jpg,0.04887271299958229,0.05189910903573036,0.0030263960361480713,7.2463889345526695,0.5964806079864502,0.3503273129463196,0.3503273129463196,24.812876999931177,32.2311280001486,real_npy,0,1
221,/mnt/c/Users/Chirayu/Documents/GitHub/2D-to-3D-image-reconstruction/facescape_224/fsmview_trainset_5_19_brow_raiser_23.jpg,0.029432963579893112,0.06461592018604279,0.03518295660614967,7.620148407295346,0.711836040019989,0.3420640826225281,0.3420640826225281,23.13429800005906,21.0740079999141,real_npy,0,1
222,/mnt/c/Users/Chirayu/Documents/GitHub/2D-to-3D-image-reconstruction/facescape_224/fsmview_trainset_1_9_mouth_right_43.jpg,0.033719420433044434,0.0326356366276741,-0.0010837838053703308,7.6729331612586975,0.6562303900718689,0.2822452783584595,0.2822452783584595,60.00629999994089,20.85288200009927,real_npy,0,1
223,/mnt/c/Users/Chirayu/Documents/GitHub/2D-to-3D-image-reconstruction/facescape_224/fsmview_trainset_15_14_sadness_29.jpg,0.266783744096756,0.33597514033317566,0.06919139623641968,7.70870178937912,0.649773895740509,0.4045591354370117,0.4045591354370117,60.03308700019261,23.675836999927924,real_npy,0,1
224,/mnt/c/Users/Chirayu/Documents/GitHub/2D-to-3D-image-reconstruction/facescape_224/fsmview_trainset_14_4_anger_45.jpg,0.10885738581418991,0.11339551210403442,0.004538126289844513,8.7532749325037,0.6878001689910889,0.590469241142273,0.590469241142273,23.106870999981766,19.790820000025633,real_npy,0,1
225,/mnt/c/Users/Chirayu/Documents/GitHub/2D-to-3D-image-reconstruction/facescape_224/fsmview_trainset_19_11_chin_raiser_1.jpg,0.03697044402360916,0.03644368425011635,-0.0005267597734928131,8.133321944624186,0.663977861404419,0.2347998321056366,0.2347998321056366,22.249997000017174,21.639019000076587,real_npy,0,1
226,/mnt/c/Users/Chirayu/Documents/GitHub/2D-to-3D-image-reconstruction/facescape_224/fsmview_trainset_18_5_jaw_left_10.jpg,0.030533503741025925,0.03570384159684181,0.0051703378558158875,7.9577846378088,0.6756537556648254,0.3249754011631012,0.3249754011631012,21.384515999898213,20.700307999959477,real_npy,0,1
227,/mnt/c/Users/Chirayu/Documents/GitHub/2D-to-3D-image-reconstruction/facescape_224/fsmview_trainset_6_19_brow_raiser_8.jpg,0.0436747781932354,0.04599526524543762,0.0023204870522022247,8.046811413019896,0.6774208545684814,0.3417123258113861,0.3417123258113861,24.339005000001634,20.264551000082065,real_npy,0,1
228,/mnt/c/Users/Chirayu/Documents/GitHub/2D-to-3D-image-reconstruction/facescape_224/fsmview_trainset_6_4_anger_45.jpg,0.1687910109758377,0.15697669982910156,-0.011814311146736145,7.896050311625004,0.7492697238922119,0.40034064650535583,0.40034064650535583,42.22385699995357,49.03601599994545,real_npy,0,1
229,/mnt/c/Users/Chirayu/Documents/GitHub/2D-to-3D-image-reconstruction/facescape_224/fsmview_trainset_11_8_mouth_left_14.jpg,0.08556627482175827,0.11250067502260208,0.02693440020084381,8.14137714728713,0.6909359693527222,0.5510371327400208,0.5510371327400208,27.296444000057818,21.648335000008956,real_npy,0,1
230,/mnt/c/Users/Chirayu/Documents/GitHub/2D-to-3D-image-reconstruction/facescape_224/fsmview_trainset_1_1_neutral_48.jpg,0.04117613658308983,0.040990304201841354,-0.00018583238124847412,7.985367089509964,0.6580924391746521,0.3976896107196808,0.3976896107196808,119.75718100006816,28.75189499991393,real_npy,0,1
231,/mnt/c/Users/Chirayu/Documents/GitHub/2D-to-3D-image-reconstruction/facescape_224/fsmview_trainset_19_3_mouth_stretch_15.jpg,0.8687820434570312,0.8706206679344177,0.0018386244773864746,6.820735804736614,0.5835369825363159,0.4361310601234436,0.4361310601234436,21.27021199999035,20.488231999934214,real_npy,0,1
232,/mnt/c/Users/Chirayu/Documents/GitHub/2D-to-3D-image-reconstruction/facescape_224/fsmview_trainset_12_2_smile_41.jpg,0.05737970769405365,0.06830912828445435,0.010929420590400696,9.218282273039222,0.7703182697296143,0.4549639821052551,0.4549639821052551,23.437490000105754,21.78723700012597,real_npy,0,1
233,/mnt/c/Users/Chirayu/Documents/GitHub/2D-to-3D-image-reconstruction/facescape_224/fsmview_trainset_3_19_brow_raiser_6.jpg,0.05041453614830971,0.0396176315844059,-0.010796904563903809,8.450960278511047,0.7215829491615295,0.32586419582366943,0.32586419582366943,26.582354000083797,23.976188000006005,real_npy,0,1
234,/mnt/c/Users/Chirayu/Documents/GitHub/2D-to-3D-image-reconstruction/facescape_224/fsmview_trainset_15_13_lip_funneler_36.jpg,0.07858803868293762,0.09927982836961746,0.02069178968667984,9.239765261299908,0.7990322709083557,0.5494956374168396,0.5494956374168396,21.82215399989218,19.671517999995558,real_npy,0,1
235,/mnt/c/Users/Chirayu/Documents/GitHub/2D-to-3D-image-reconstruction/facescape_224/fsmview_trainset_3_4_anger_24.jpg,0.047738611698150635,0.04775989428162575,2.1282583475112915e-05,8.728176915086806,0.723789393901825,0.44569551944732666,0.44569551944732666,34.32802800011814,20.673422000072605,real_npy,0,1
236,/mnt/c/Users/Chirayu/Documents/GitHub/2D-to-3D-image-reconstruction/facescape_224/fsmview_trainset_12_13_lip_funneler_45.jpg,0.049425385892391205,0.04896879941225052,-0.00045658648014068604,8.72092191874981,0.7317516207695007,0.37994521856307983,0.37994521856307983,20.99734300009004,62.9469779998999,real_npy,0,1
237,/mnt/c/Users/Chirayu/Documents/GitHub/2D-to-3D-image-reconstruction/facescape_224/fsmview_trainset_14_11_chin_raiser_62.jpg,0.38214805722236633,0.37090638279914856,-0.011241674423217773,7.552026525139809,0.6269535422325134,0.5090100765228271,0.5090100765228271,22.830885000075796,22.092100999998365,real_npy,0,1
238,/mnt/c/Users/Chirayu/Documents/GitHub/2D-to-3D-image-reconstruction/facescape_224/fsmview_trainset_13_4_anger_10.jpg,0.04333749786019325,0.04366353526711464,0.0003260374069213867,8.74544295296073,0.728986382484436,0.4189307391643524,0.4189307391643524,21.101981000128944,20.074396999916644,real_npy,0,1
239,/mnt/c/Users/Chirayu/Documents/GitHub/2D-to-3D-image-reconstruction/facescape_224/fsmview_trainset_15_9_mouth_right_61.jpg,0.25995591282844543,0.2796443998813629,0.01968848705291748,8.02394574135542,0.6678149700164795,0.4677474796772003,0.4677474796772003,22.182445999987976,43.43147999998109,real_npy,0,1
240,/mnt/c/Users/Chirayu/Documents/GitHub/2D-to-3D-image-reconstruction/facescape_224/fsmview_trainset_4_8_mouth_left_25.jpg,0.057189762592315674,0.05711531266570091,-7.444992661476135e-05,7.857668519020081,0.6897068023681641,0.3869987428188324,0.3869987428188324,24.03681200007668,25.84028399996896,real_npy,0,1
241,/mnt/c/Users/Chirayu/Documents/GitHub/2D-to-3D-image-reconstruction/facescape_224/fsmview_trainset_18_2_smile_18.jpg,0.30351778864860535,0.2782423794269562,-0.02527540922164917,6.982046902179718,0.6496481895446777,0.5312390327453613,0.5312390327453613,19.873968999945646,19.99765400000797,real_npy,0,1
242,/mnt/c/Users/Chirayu/Documents/GitHub/2D-to-3D-image-reconstruction/facescape_224/fsmview_trainset_16_18_eye_closed_45.jpg,0.10422719269990921,0.11265233159065247,0.008425138890743256,8.64696453884244,0.7132619619369507,0.42259714007377625,0.42259714007377625,20.712777999960963,20.19935099997383,real_npy,0,1
243,/mnt/c/Users/Chirayu/Documents/GitHub/2D-to-3D-image-reconstruction/facescape_224/fsmview_trainset_3_1_neutral_40.jpg,0.14926032721996307,0.1547248214483261,0.005464494228363037,7.494055986404419,0.6704506874084473,0.4673062264919281,0.4673062264919281,21.771849000060683,22.740630000043893,real_npy,0,1
244,/mnt/c/Users/Chirayu/Documents/GitHub/2D-to-3D-image-reconstruction/facescape_224/fsmview_trainset_17_6_jaw_right_50.jpg,0.5582175254821777,0.5096755027770996,-0.048542022705078125,8.077314473688602,0.6724650263786316,0.4746691584587097,0.4746691584587097,22.68475200003195,20.552133999899524,real_npy,0,1
245,/mnt/c/Users/Chirayu/Documents/GitHub/2D-to-3D-image-reconstruction/facescape_224/fsmview_trainset_17_7_jaw_forward_44.jpg,0.1143450066447258,0.11150790750980377,-0.0028370991349220276,7.8739167377352715,0.6378679871559143,0.4460009038448334,0.4460009038448334,41.76779399995212,22.051296999961778,real_npy,0,1
246,/mnt/c/Users/Chirayu/Documents/GitHub/2D-to-3D-image-reconstruction/facescape_224/fsmview_trainset_13_20_brow_lower_14.jpg,0.04633435979485512,0.053477201610803604,0.007142841815948486,7.920280009508133,0.6414745450019836,0.4419771432876587,0.4419771432876587,67.55854499988345,20.98749400011002,real_npy,0,1
247,/mnt/c/Users/Chirayu/Documents/GitHub/2D-to-3D-image-reconstruction/facescape_224/fsmview_trainset_7_11_chin_raiser_53.jpg,0.0591854564845562,0.05752906948328018,-0.0016563870012760162,7.846591278910637,0.678443968296051,0.5026848912239075,0.5026848912239075,21.322690000033617,21.998273999997764,real_npy,0,1
248,/mnt/c/Users/Chirayu/Documents/GitHub/2D-to-3D-image-reconstruction/facescape_224/fsmview_trainset_20_4_anger_1.jpg,0.6962798237800598,0.7103179693222046,0.014038145542144775,5.786437273025513,0.5916125774383545,0.4460088312625885,0.4460088312625885,20.385489000091184,19.428118999940125,real_npy,0,0
249,/mnt/c/Users/Chirayu/Documents/GitHub/2D-to-3D-image-reconstruction/facescape_224/fsmview_trainset_5_4_anger_58.jpg,0.6421651244163513,0.7374702095985413,0.09530508518218994,7.168419625610113,0.5957576632499695,0.49486222863197327,0.49486222863197327,24.983187999850998,38.55058799990729,real_npy,0,1
250,/mnt/c/Users/Chirayu/Documents/GitHub/2D-to-3D-image-reconstruction/facescape_224/fsmview_trainset_5_13_lip_funneler_20.jpg,0.03414677456021309,0.037593625485897064,0.0034468509256839752,7.489883579313755,0.6216086149215698,0.304169237613678,0.304169237613678,33.20378300008997,21.679383999980928,real_npy,0,1
251,/mnt/c/Users/Chirayu/Documents/GitHub/2D-to-3D-image-reconstruction/facescape_224/fsmview_trainset_15_20_brow_lower_36.jpg,0.04569699615240097,0.042377274483442307,-0.003319721668958664,8.87390755303204,0.7359975576400757,0.561180591583252,0.561180591583252,21.375694000198564,20.521785000028103,real_npy,0,1
252,/mnt/c/Users/Chirayu/Documents/GitHub/2D-to-3D-image-reconstruction/facescape_224/fsmview_trainset_10_5_jaw_left_34.jpg,0.039979539811611176,0.04006675258278847,8.721277117729187e-05,7.805430848151445,0.6858448386192322,0.3362162411212921,0.3362162411212921,20.32048399996711,20.38412399997469,real_npy,0,1
253,/mnt/c/Users/Chirayu/Documents/GitHub/2D-to-3D-image-reconstruction/facescape_224/fsmview_trainset_9_11_chin_raiser_15.jpg,0.06036021560430527,0.07399053871631622,0.013630323112010956,9.158606812357903,0.7627650499343872,0.37552329897880554,0.37552329897880554,20.96073900020201,20.479943000054845,real_npy,0,1
254,/mnt/c/Users/Chirayu/Documents/GitHub/2D-to-3D-image-reconstruction/facescape_224/fsmview_trainset_17_1_neutral_20.jpg,0.07786790281534195,0.08203564584255219,0.004167743027210236,9.327395140193403,0.7654008269309998,0.3577939569950104,0.3577939569950104,21.46973000003527,19.433521000109977,real_npy,0,1
255,/mnt/c/Users/Chirayu/Documents/GitHub/2D-to-3D-image-reconstruction/facescape_224/fsmview_trainset_18_18_eye_closed_11.jpg,0.10096260160207748,0.09144961088895798,-0.009512990713119507,8.083026617765427,0.7142952084541321,0.43073517084121704,0.43073517084121704,22.259205999944243,20.428321999816035,real_npy,0,1
256,/mnt/c/Users/Chirayu/Documents/GitHub/2D-to-3D-image-reconstruction/facescape_224/fsmview_trainset_19_19_brow_raiser_55.jpg,0.2894136309623718,0.3034380078315735,0.01402437686920166,7.488391473889351,0.6715114116668701,0.27586010098457336,0.27586010098457336,21.963475000120525,21.056854000107705,real_npy,0,1
257,/mnt/c/Users/Chirayu/Documents/GitHub/2D-to-3D-image-reconstruction/facescape_224/fsmview_trainset_2_10_dimpler_24.jpg,0.062226422131061554,0.06431172788143158,0.0020853057503700256,9.575849540531635,0.7649586200714111,0.48760461807250977,0.48760461807250977,22.124329999996917,19.83780800014756,real_npy,0,1
258,/mnt/c/Users/Chirayu/Documents/GitHub/2D-to-3D-image-reconstruction/facescape_224/fsmview_trainset_20_12_lip_puckerer_6.jpg,0.3032131791114807,0.30959105491638184,0.006377875804901123,6.520585188642144,0.6849357485771179,0.5800445079803467,0.5800445079803467,20.435494000139443,90.87425299981078,real_npy,0,1
259,/mnt/c/Users/Chirayu/Documents/GitHub/2D-to-3D-image-reconstruction/facescape_224/fsmview_trainset_6_12_lip_puckerer_20.jpg,0.05719520151615143,0.06003478169441223,0.0028395801782608032,8.930694927461445,0.7559326887130737,0.380533903837204,0.380533903837204,21.68355599997085,35.85688999987724,real_npy,0,1
260,/mnt/c/Users/Chirayu/Documents/GitHub/2D-to-3D-image-reconstruction/facescape_224/fsmview_trainset_14_13_lip_funneler_10.jpg,0.08641095459461212,0.08449862152338028,-0.001912333071231842,8.040172174572945,0.7213221192359924,0.621976375579834,0.621976375579834,21.243423999976585,20.063695000089865,real_npy,0,1
261,/mnt/c/Users/Chirayu/Documents/GitHub/2D-to-3D-image-reconstruction/facescape_224/fsmview_trainset_7_19_brow_raiser_42.jpg,0.16475825011730194,0.15078191459178925,-0.013976335525512695,6.224032916128635,0.5881689786911011,0.4810997545719147,0.4810997545719147,66.63225499983128,21.639710999806994,real_npy,0,0
262,/mnt/c/Users/Chirayu/Documents/GitHub/2D-to-3D-image-reconstruction/facescape_224/fsmview_trainset_12_15_lip_roll_40.jpg,0.07881909608840942,0.09566326439380646,0.016844168305397034,8.420485515147448,0.6902887225151062,0.3822232186794281,0.3822232186794281,21.976568000127372,20.53897199994026,real_npy,0,1
263,/mnt/c/Users/Chirayu/Documents/GitHub/2D-to-3D-image-reconstruction/facescape_224/fsmview_trainset_3_19_brow_raiser_2.jpg,0.07343164086341858,0.09050256758928299,0.01707092672586441,8.394248723983765,0.7313284277915955,0.4292225241661072,0.4292225241661072,46.45420099996045,19.484766999994463,real_npy,0,1
264,/mnt/c/Users/Chirayu/Documents/GitHub/2D-to-3D-image-reconstruction/facescape_224/fsmview_trainset_20_15_lip_roll_47.jpg,0.09973325580358505,0.13887383043766022,0.039140574634075165,7.682765666395426,0.698874294757843,0.6189622282981873,0.6189622282981873,56.76250800001981,26.121736000050078,real_npy,0,1
265,/mnt/c/Users/Chirayu/Documents/GitHub/2D-to-3D-image-reconstruction/facescape_224/fsmview_trainset_20_15_lip_roll_12.jpg,0.06354709714651108,0.17634393274784088,0.1127968356013298,7.006646174937487,0.652553141117096,0.5712980031967163,0.5712980031967163,20.81457400004183,18.991258000141897,real_npy,0,1
266,/mnt/c/Users/Chirayu/Documents/GitHub/2D-to-3D-image-reconstruction/facescape_224/fsmview_trainset_3_2_smile_8.jpg,0.04528077319264412,0.0404631532728672,-0.0048176199197769165,8.029132060706615,0.6998277902603149,0.366894006729126,0.366894006729126,29.23231699992357,132.2523229998751,real_npy,0,1
267,/mnt/c/Users/Chirayu/Documents/GitHub/2D-to-3D-image-reconstruction/facescape_224/fsmview_trainset_14_2_smile_22.jpg,0.040254101157188416,0.04065029323101044,0.0003961920738220215,7.3899361081421375,0.6249256730079651,0.39650607109069824,0.39650607109069824,35.28406400005224,18.92813499989643,real_npy,0,1
268,/mnt/c/Users/Chirayu/Documents/GitHub/2D-to-3D-image-reconstruction/facescape_224/fsmview_trainset_10_9_mouth_right_26.jpg,0.1365440934896469,0.18215765058994293,0.04561355710029602,6.6437695771455765,0.6420911550521851,0.5905819535255432,0.5905819535255432,21.20709599989823,21.954915999913283,real_npy,0,1
269,/mnt/c/Users/Chirayu/Documents/GitHub/2D-to-3D-image-reconstruction/facescape_224/fsmview_trainset_7_15_lip_roll_28.jpg,0.06418107450008392,0.08020162582397461,0.016020551323890686,8.099510751664639,0.6935442090034485,0.3186362087726593,0.3186362087726593,59.931524999910835,24.164826999822253,real_npy,0,1
270,/mnt/c/Users/Chirayu/Documents/GitHub/2D-to-3D-image-reconstruction/facescape_224/fsmview_trainset_20_20_brow_lower_50.jpg,0.5083233118057251,0.42712584137916565,-0.08119747042655945,6.626445710659027,0.6161402463912964,0.5657190680503845,0.5657190680503845,20.432763999906456,19.340123999882053,template_fallback,0,1
271,/mnt/c/Users/Chirayu/Documents/GitHub/2D-to-3D-image-reconstruction/facescape_224/fsmview_trainset_20_10_dimpler_13.jpg,0.05827252194285393,0.05621587857604027,-0.0020566433668136597,8.418149046599865,0.725066065788269,0.391445130109787,0.391445130109787,20.876599000075657,20.575360000066212,real_npy,0,1
272,/mnt/c/Users/Chirayu/Documents/GitHub/2D-to-3D-image-reconstruction/facescape_224/fsmview_trainset_20_12_lip_puckerer_36.jpg,0.05109134316444397,0.04661262035369873,-0.004478722810745239,8.394657692871988,0.7135024070739746,0.523152768611908,0.523152768611908,23.807847999933074,20.22769499990318,real_npy,0,1
273,/mnt/c/Users/Chirayu/Documents/GitHub/2D-to-3D-image-reconstruction/facescape_224/fsmview_trainset_17_11_chin_raiser_56.jpg,0.08502031862735748,0.09405544400215149,0.009035125374794006,8.481309648603201,0.708143949508667,0.3583064079284668,0.3583064079284668,97.00149500008592,40.04207700018014,real_npy,0,1
274,/mnt/c/Users/Chirayu/Documents/GitHub/2D-to-3D-image-reconstruction/facescape_224/fsmview_trainset_11_9_mouth_right_34.jpg,0.04724350944161415,0.04684087261557579,-0.0004026368260383606,8.651458923704922,0.7116458415985107,0.5942273736000061,0.5942273736000061,24.118369999996503,20.34997900000235,real_npy,0,1
275,/mnt/c/Users/Chirayu/Documents/GitHub/2D-to-3D-image-reconstruction/facescape_224/fsmview_trainset_9_10_dimpler_12.jpg,0.03976498916745186,0.04094043746590614,0.0011754482984542847,8.186594881117344,0.6814634203910828,0.2303553968667984,0.2303553968667984,20.939951999935147,19.7508740000103,real_npy,0,1
276,/mnt/c/Users/Chirayu/Documents/GitHub/2D-to-3D-image-reconstruction/facescape_224/fsmview_trainset_11_10_dimpler_51.jpg,0.5275347232818604,0.5208971500396729,-0.0066375732421875,6.53661185503006,0.6752762794494629,0.619712233543396,0.619712233543396,22.09642499997244,19.61101699998835,real_npy,0,1
277,/mnt/c/Users/Chirayu/Documents/GitHub/2D-to-3D-image-reconstruction/facescape_224/fsmview_trainset_9_3_mouth_stretch_32.jpg,0.0414608009159565,0.04729665815830231,0.00583585724234581,7.53121966868639,0.7109244465827942,0.3116810619831085,0.3116810619831085,24.530823999839413,22.540079999998852,real_npy,0,1
278,/mnt/c/Users/Chirayu/Documents/GitHub/2D-to-3D-image-reconstruction/facescape_224/fsmview_trainset_14_15_lip_roll_9.jpg,0.1713133454322815,0.15817274153232574,-0.01314060389995575,7.107577055692673,0.7249152064323425,0.5624945163726807,0.5624945163726807,20.302505000017845,19.524224999940998,real_npy,0,1
279,/mnt/c/Users/Chirayu/Documents/GitHub/2D-to-3D-image-reconstruction/facescape_224/fsmview_trainset_8_5_jaw_left_2.jpg,0.0635712519288063,0.056678805500268936,-0.006892446428537369,7.943053722381592,0.7247489094734192,0.27148377895355225,0.27148377895355225,33.05963899993003,21.4967599999909,real_npy,0,1
280,/mnt/c/Users/Chirayu/Documents/GitHub/2D-to-3D-image-reconstruction/facescape_224/fsmview_trainset_9_7_jaw_forward_42.jpg,0.1378173828125,0.17177769541740417,0.033960312604904175,6.434047527611256,0.5953661799430847,0.4419816732406616,0.4419816732406616,24.224573999845234,23.725240999965536,real_npy,0,0
281,/mnt/c/Users/Chirayu/Documents/GitHub/2D-to-3D-image-reconstruction/facescape_224/fsmview_trainset_5_20_brow_lower_7.jpg,0.04620165750384331,0.04361903667449951,-0.0025826208293437958,8.176866106688976,0.7229813933372498,0.27351367473602295,0.27351367473602295,22.439707000103226,19.634990999975344,real_npy,0,1
282,/mnt/c/Users/Chirayu/Documents/GitHub/2D-to-3D-image-reconstruction/facescape_224/fsmview_trainset_20_10_dimpler_50.jpg,0.43152502179145813,0.28511446714401245,-0.14641055464744568,6.576680798083544,0.6435191035270691,0.5685679912567139,0.5685679912567139,21.140023000043584,20.46987599987915,real_npy,0,1
283,/mnt/c/Users/Chirayu/Documents/GitHub/2D-to-3D-image-reconstruction/facescape_224/fsmview_trainset_2_15_lip_roll_34.jpg,0.042650286108255386,0.04684457555413246,0.004194289445877075,8.343206722289324,0.7084985971450806,0.4772498607635498,0.4772498607635498,20.45829999997295,20.334214000058637,real_npy,0,1
284,/mnt/c/Users/Chirayu/Documents/GitHub/2D-to-3D-image-reconstruction/facescape_224/fsmview_trainset_12_14_sadness_28.jpg,0.9751827120780945,0.9444398283958435,-0.030742883682250977,8.59952737390995,0.6956276297569275,0.5293877720832825,0.5293877720832825,23.662931999979264,21.917903000030492,real_npy,0,1
285,/mnt/c/Users/Chirayu/Documents/GitHub/2D-to-3D-image-reconstruction/facescape_224/fsmview_trainset_11_3_mouth_stretch_62.jpg,0.8332186341285706,0.8448571562767029,0.011638522148132324,7.776151865720749,0.6735983490943909,0.5158084630966187,0.5158084630966187,20.340021000038178,18.770205999999234,real_npy,0,1
286,/mnt/c/Users/Chirayu/Documents/GitHub/2D-to-3D-image-reconstruction/facescape_224/fsmview_trainset_18_15_lip_roll_35.jpg,0.04614458605647087,0.04514375701546669,-0.001000829041004181,9.2608835818246,0.78531813621521,0.480735719203949,0.480735719203949,24.60371600000144,21.360231000016938,real_npy,0,1
287,/mnt/c/Users/Chirayu/Documents/GitHub/2D-to-3D-image-reconstruction/facescape_224/fsmview_trainset_3_13_lip_funneler_32.jpg,0.045866020023822784,0.0488753542304039,0.0030093342065811157,7.659909639507532,0.6921176314353943,0.3597484827041626,0.3597484827041626,20.232634000194594,19.50571099996523,real_npy,0,1
288,/mnt/c/Users/Chirayu/Documents/GitHub/2D-to-3D-image-reconstruction/facescape_224/fsmview_trainset_1_4_anger_11.jpg,0.0903593972325325,0.07637660950422287,-0.013982787728309631,7.937959253787994,0.7262635231018066,0.38508448004722595,0.38508448004722595,21.933634000106395,41.57799899985548,real_npy,0,1
289,/mnt/c/Users/Chirayu/Documents/GitHub/2D-to-3D-image-reconstruction/facescape_224/fsmview_trainset_11_15_lip_roll_12.jpg,0.06308018416166306,0.06432108581066132,0.0012409016489982605,7.9008565582334995,0.6434818506240845,0.48082077503204346,0.48082077503204346,24.903705000042464,21.745534000046973,real_npy,0,1
290,/mnt/c/Users/Chirayu/Documents/GitHub/2D-to-3D-image-reconstruction/facescape_224/fsmview_trainset_3_20_brow_lower_19.jpg,0.03450268134474754,0.033621061593294144,-0.0008816197514533997,8.008598934859037,0.6774466633796692,0.32400766015052795,0.32400766015052795,20.543895000173507,20.741069999985484,real_npy,0,1
291,/mnt/c/Users/Chirayu/Documents/GitHub/2D-to-3D-image-reconstruction/facescape_224/fsmview_trainset_1_3_mouth_stretch_32.jpg,0.19648313522338867,0.9025706052780151,0.7060874700546265,21.577017825096846,2.0328571796417236,0.2312060445547104,0.2312060445547104,21.514571000125216,25.927344999900015,real_npy,0,1
292,/mnt/c/Users/Chirayu/Documents/GitHub/2D-to-3D-image-reconstruction/facescape_224/fsmview_trainset_3_19_brow_raiser_18.jpg,0.04425642639398575,0.0441540889441967,-0.00010233744978904724,8.356657825410366,0.6966780424118042,0.399167537689209,0.399167537689209,20.814262000158124,21.362849000070128,real_npy,0,1
293,/mnt/c/Users/Chirayu/Documents/GitHub/2D-to-3D-image-reconstruction/facescape_224/fsmview_trainset_14_9_mouth_right_64.jpg,0.03612656146287918,0.034937240183353424,-0.0011893212795257568,7.718195885419846,0.680850625038147,0.36109164357185364,0.36109164357185364,20.063529000026392,33.22455800002899,real_npy,0,1
294,/mnt/c/Users/Chirayu/Documents/GitHub/2D-to-3D-image-reconstruction/facescape_224/fsmview_trainset_2_7_jaw_forward_55.jpg,0.27827346324920654,0.27303722500801086,-0.005236238241195679,7.3052242659032345,0.6276299953460693,0.42019185423851013,0.42019185423851013,21.86725199999273,18.723976000046605,real_npy,0,1
295,/mnt/c/Users/Chirayu/Documents/GitHub/2D-to-3D-image-reconstruction/facescape_224/fsmview_trainset_9_19_brow_raiser_2.jpg,0.07196958363056183,0.09051535278558731,0.018545769155025482,8.333301395177841,0.7188869118690491,0.3874259889125824,0.3874259889125824,68.13097400004153,21.42738499992447,real_npy,0,1
296,/mnt/c/Users/Chirayu/Documents/GitHub/2D-to-3D-image-reconstruction/facescape_224/fsmview_trainset_19_15_lip_roll_12.jpg,0.2670120298862457,0.28781765699386597,0.02080562710762024,7.462131142616272,0.6721795201301575,0.303756445646286,0.303756445646286,20.37083999994138,19.46529799988639,real_npy,0,1
297,/mnt/c/Users/Chirayu/Documents/GitHub/2D-to-3D-image-reconstruction/facescape_224/fsmview_trainset_18_8_mouth_left_29.jpg,0.0574839748442173,0.05726897716522217,-0.00021499767899513245,8.795046329498291,0.6884242296218872,0.45608681440353394,0.45608681440353394,45.659190000151284,43.834873999912816,real_npy,0,1
298,/mnt/c/Users/Chirayu/Documents/GitHub/2D-to-3D-image-reconstruction/facescape_224/fsmview_trainset_19_8_mouth_left_21.jpg,0.047196388244628906,0.04392973706126213,-0.0032666511833667755,8.811004750430584,0.6984040141105652,0.31539008021354675,0.31539008021354675,22.83856099984405,28.89548600001035,real_npy,0,1
299,/mnt/c/Users/Chirayu/Documents/GitHub/2D-to-3D-image-reconstruction/facescape_224/fsmview_trainset_12_17_cheek_blowing_45.jpg,0.0511675663292408,0.05851088464260101,0.007343318313360214,8.997768554836512,0.7623176574707031,0.49000340700149536,0.49000340700149536,20.843192000029376,22.20436199991127,real_npy,0,1
300,/mnt/c/Users/Chirayu/Documents/GitHub/2D-to-3D-image-reconstruction/facescape_224/fsmview_trainset_8_18_eye_closed_16.jpg,0.0888412818312645,0.08925747126340866,0.00041618943214416504,8.017016537487507,0.7208678126335144,0.40274956822395325,0.40274956822395325,21.531899999899906,21.873070999845368,real_npy,0,1
301,/mnt/c/Users/Chirayu/Documents/GitHub/2D-to-3D-image-reconstruction/facescape_224/fsmview_trainset_19_4_anger_16.jpg,0.05268660932779312,0.04993119090795517,-0.0027554184198379517,9.167263179086149,0.7658550143241882,0.28716781735420227,0.28716781735420227,21.981708999874172,22.434527000086746,real_npy,0,1
302,/mnt/c/Users/Chirayu/Documents/GitHub/2D-to-3D-image-reconstruction/facescape_224/fsmview_trainset_18_7_jaw_forward_19.jpg,0.06255632638931274,0.06131359562277794,-0.0012427307665348053,9.314808376133442,0.7613685727119446,0.41850385069847107,0.41850385069847107,22.3470680000446,25.38899399996808,real_npy,0,1
303,/mnt/c/Users/Chirayu/Documents/GitHub/2D-to-3D-image-reconstruction/facescape_224/fsmview_trainset_6_2_smile_0.jpg,0.3804503083229065,0.3616879880428314,-0.018762320280075073,6.340330921113491,0.6259405016899109,0.4231325089931488,0.4231325089931488,21.158206000109203,19.54542700013917,real_npy,0,0
304,/mnt/c/Users/Chirayu/Documents/GitHub/2D-to-3D-image-reconstruction/facescape_224/fsmview_trainset_15_18_eye_closed_18.jpg,0.04821092262864113,0.05584423616528511,0.007633313536643982,8.269257202744484,0.7129405736923218,0.5484738945960999,0.5484738945960999,20.784369000011793,19.64994300010403,real_npy,0,1
305,/mnt/c/Users/Chirayu/Documents/GitHub/2D-to-3D-image-reconstruction/facescape_224/fsmview_trainset_3_10_dimpler_46.jpg,0.1317317634820938,0.1386374533176422,0.006905689835548401,8.294685691595078,0.7096872329711914,0.5110867023468018,0.5110867023468018,24.754574000098728,23.5170549999566,real_npy,0,1
306,/mnt/c/Users/Chirayu/Documents/GitHub/2D-to-3D-image-reconstruction/facescape_224/fsmview_trainset_12_16_grin_6.jpg,0.08216949552297592,0.07728586345911026,-0.004883632063865662,8.5280686840415,0.7453896403312683,0.595248281955719,0.595248281955719,36.57194799984609,56.77143100001558,real_npy,0,1
307,/mnt/c/Users/Chirayu/Documents/GitHub/2D-to-3D-image-reconstruction/facescape_224/fsmview_trainset_2_6_jaw_right_56.jpg,0.08592600375413895,0.08756506443023682,0.0016390606760978699,8.419274501502514,0.7500214576721191,0.4139948785305023,0.4139948785305023,34.25675499988756,21.080033000089315,real_npy,0,1
308,/mnt/c/Users/Chirayu/Documents/GitHub/2D-to-3D-image-reconstruction/facescape_224/fsmview_trainset_12_19_brow_raiser_27.jpg,0.06100397929549217,0.06530548632144928,0.0043015070259571075,9.145248022861779,0.753369152545929,0.4970698952674866,0.4970698952674866,23.059053999986645,18.734952000158955,real_npy,0,1
309,/mnt/c/Users/Chirayu/Documents/GitHub/2D-to-3D-image-reconstruction/facescape_224/fsmview_trainset_18_10_dimpler_47.jpg,0.04618995636701584,0.04486554488539696,-0.0013244114816188812,8.369491346180439,0.6717066764831543,0.41209492087364197,0.41209492087364197,21.35162800004764,47.70938000001479,real_npy,0,1
310,/mnt/c/Users/Chirayu/Documents/GitHub/2D-to-3D-image-reconstruction/facescape_224/fsmview_trainset_5_5_jaw_left_56.jpg,0.10201172530651093,0.09577199816703796,-0.006239727139472961,8.262934193015099,0.7214139103889465,0.43866100907325745,0.43866100907325745,21.44807599984233,19.569162999914624,real_npy,0,1
311,/mnt/c/Users/Chirayu/Documents/GitHub/2D-to-3D-image-reconstruction/facescape_224/fsmview_trainset_20_13_lip_funneler_13.jpg,0.09557897597551346,0.10397966206073761,0.008400686085224152,8.36083148047328,0.7301656603813171,0.45947176218032837,0.45947176218032837,72.97743599997375,20.99769300002663,real_npy,0,1
312,/mnt/c/Users/Chirayu/Documents/GitHub/2D-to-3D-image-reconstruction/facescape_224/fsmview_trainset_5_12_lip_puckerer_23.jpg,0.0341813750565052,0.5846120715141296,0.5504306964576244,15.945431458763778,1.5805093050003052,0.3363340198993683,0.3363340198993683,20.555422999905204,32.712826000079076,real_npy,0,1
313,/mnt/c/Users/Chirayu/Documents/GitHub/2D-to-3D-image-reconstruction/facescape_224/fsmview_trainset_5_11_chin_raiser_31.jpg,0.04857810214161873,0.0436684712767601,-0.004909630864858627,8.134048968553543,0.6703070402145386,0.4385364353656769,0.4385364353656769,35.26865599997109,48.41585900021528,real_npy,0,1
314,/mnt/c/Users/Chirayu/Documents/GitHub/2D-to-3D-image-reconstruction/facescape_224/fsmview_trainset_15_20_brow_lower_65.jpg,0.05950283259153366,0.06061520427465439,0.0011123716831207275,8.47899342700839,0.7825296521186829,0.4783177077770233,0.4783177077770233,82.06212999994023,20.434660000091753,real_npy,0,1
315,/mnt/c/Users/Chirayu/Documents/GitHub/2D-to-3D-image-reconstruction/facescape_224/fsmview_trainset_1_15_lip_roll_25.jpg,0.07299318164587021,0.07702258229255676,0.004029400646686554,8.250764310359955,0.7598373889923096,0.4877466559410095,0.4877466559410095,20.783409999921787,20.140458000014405,real_npy,0,1
316,/mnt/c/Users/Chirayu/Documents/GitHub/2D-to-3D-image-reconstruction/facescape_224/fsmview_trainset_20_3_mouth_stretch_60.jpg,0.05461737886071205,0.05329602584242821,-0.001321353018283844,8.533856307156384,0.7842159271240234,0.4581228196620941,0.4581228196620941,20.767431999956898,20.137741000098686,real_npy,0,1
317,/mnt/c/Users/Chirayu/Documents/GitHub/2D-to-3D-image-reconstruction/facescape_224/fsmview_trainset_3_16_grin_34.jpg,0.04374563694000244,0.046763237565755844,0.0030176006257534027,7.805698849260807,0.6625241041183472,0.4230189323425293,0.4230189323425293,24.049364999882528,22.32468199986215,real_npy,0,1
318,/mnt/c/Users/Chirayu/Documents/GitHub/2D-to-3D-image-reconstruction/facescape_224/fsmview_trainset_2_11_chin_raiser_38.jpg,0.08299567550420761,0.09427069127559662,0.011275015771389008,8.26343558728695,0.6759163737297058,0.3115585148334503,0.3115585148334503,20.62036799998168,20.01792999999452,real_npy,0,1
319,/mnt/c/Users/Chirayu/Documents/GitHub/2D-to-3D-image-reconstruction/facescape_224/fsmview_trainset_3_14_sadness_47.jpg,0.06320811808109283,0.08313436806201935,0.019926249980926514,8.963958552107215,0.7528996467590332,0.47971898317337036,0.47971898317337036,20.61193000008643,20.86221500007923,real_npy,0,1
320,/mnt/c/Users/Chirayu/Documents/GitHub/2D-to-3D-image-reconstruction/facescape_224/fsmview_trainset_20_13_lip_funneler_35.jpg,0.05575326457619667,0.05543510988354683,-0.0003181546926498413,8.403932437300682,0.7092993259429932,0.5090314149856567,0.5090314149856567,19.684943999891402,20.414076999941244,real_npy,0,1
321,/mnt/c/Users/Chirayu/Documents/GitHub/2D-to-3D-image-reconstruction/facescape_224/fsmview_trainset_13_5_jaw_left_15.jpg,0.15899018943309784,0.1582963764667511,-0.0006938129663467407,7.0045608170330524,0.6027510166168213,0.5243456363677979,0.5243456363677979,21.11687699994036,21.946057000150176,real_npy,0,1
322,/mnt/c/Users/Chirayu/Documents/GitHub/2D-to-3D-image-reconstruction/facescape_224/fsmview_trainset_18_14_sadness_43.jpg,0.03339673578739166,0.030940139666199684,-0.0024565961211919785,7.774488233029842,0.6477208137512207,0.32818713784217834,0.32818713784217834,26.49156799998309,55.761686999858284,real_npy,0,1
323,/mnt/c/Users/Chirayu/Documents/GitHub/2D-to-3D-image-reconstruction/facescape_224/fsmview_trainset_1_10_dimpler_45.jpg,0.03866131603717804,0.6780675053596497,0.6394061893224716,15.23545840382576,1.4564368724822998,0.3543740510940552,0.3543740510940552,20.618883999986792,21.99752299998181,real_npy,0,1
324,/mnt/c/Users/Chirayu/Documents/GitHub/2D-to-3D-image-reconstruction/facescape_224/fsmview_trainset_11_18_eye_closed_23.jpg,0.04799722507596016,0.045406561344861984,-0.002590663731098175,8.193629771471024,0.6456654667854309,0.5327277183532715,0.5327277183532715,20.630671999924743,20.709532999944713,real_npy,0,1
325,/mnt/c/Users/Chirayu/Documents/GitHub/2D-to-3D-image-reconstruction/facescape_224/fsmview_trainset_1_6_jaw_right_50.jpg,0.041461993008852005,0.22331374883651733,0.18185175582766533,9.767724640667439,0.9740391969680786,0.39048445224761963,0.39048445224761963,21.976353000127347,21.652865999840287,real_npy,0,1
326,/mnt/c/Users/Chirayu/Documents/GitHub/2D-to-3D-image-reconstruction/facescape_224/fsmview_trainset_18_2_smile_35.jpg,0.043634988367557526,0.584254801273346,0.5406198129057884,16.456295369192958,1.624593734741211,0.41648104786872864,0.41648104786872864,39.47845800007599,39.66186100001323,real_npy,0,1
327,/mnt/c/Users/Chirayu/Documents/GitHub/2D-to-3D-image-reconstruction/facescape_224/fsmview_trainset_15_4_anger_37.jpg,0.08300556242465973,0.10095662623643875,0.017951063811779022,9.148575194180012,0.7902501225471497,0.5669615864753723,0.5669615864753723,22.502408000036667,70.1242560000992,real_npy,0,1
328,/mnt/c/Users/Chirayu/Documents/GitHub/2D-to-3D-image-reconstruction/facescape_224/fsmview_trainset_11_11_chin_raiser_56.jpg,0.06659306585788727,0.06441301852464676,-0.002180047333240509,9.129955034703016,0.7892975807189941,0.4657000005245209,0.4657000005245209,19.935617999863098,21.710209000048053,real_npy,0,1
329,/mnt/c/Users/Chirayu/Documents/GitHub/2D-to-3D-image-reconstruction/facescape_224/fsmview_trainset_17_2_smile_37.jpg,0.05415754392743111,0.06021272391080856,0.006055179983377457,7.70788318477571,0.6422486305236816,0.3879675567150116,0.3879675567150116,21.435089000078733,74.26393199989434,real_npy,0,1
330,/mnt/c/Users/Chirayu/Documents/GitHub/2D-to-3D-image-reconstruction/facescape_224/fsmview_trainset_4_17_cheek_blowing_33.jpg,0.031193431466817856,20.775146484375,20.743953052908182,94.26270613074303,21.483890533447266,0.2820451557636261,0.2820451557636261,19.844173999899795,20.291514000064126,real_npy,1,1
331,/mnt/c/Users/Chirayu/Documents/GitHub/2D-to-3D-image-reconstruction/facescape_224/fsmview_trainset_6_1_neutral_33.jpg,0.042970169335603714,0.061857160180807114,0.0188869908452034,7.678312487900257,0.6909603476524353,0.38378608226776123,0.38378608226776123,21.544171000186907,36.34906700017382,real_npy,0,1
332,/mnt/c/Users/Chirayu/Documents/GitHub/2D-to-3D-image-reconstruction/facescape_224/fsmview_trainset_2_10_dimpler_30.jpg,0.05006952956318855,0.04859302192926407,-0.0014765076339244843,8.956385588273406,0.7406129837036133,0.3763578534126282,0.3763578534126282,21.29048300002978,26.400341999988086,real_npy,0,1
333,/mnt/c/Users/Chirayu/Documents/GitHub/2D-to-3D-image-reconstruction/facescape_224/fsmview_trainset_5_3_mouth_stretch_3.jpg,0.24657325446605682,0.2544839680194855,0.00791071355342865,7.656293295323849,0.6253613829612732,0.36733728647232056,0.36733728647232056,22.811166999872512,23.073533000115276,real_npy,0,1
334,/mnt/c/Users/Chirayu/Documents/GitHub/2D-to-3D-image-reconstruction/facescape_224/fsmview_trainset_19_17_cheek_blowing_22.jpg,0.06223461776971817,0.06787663698196411,0.005642019212245941,9.281116861384362,0.7683468461036682,0.36304378509521484,0.36304378509521484,20.937356999866097,28.6848949999694,real_npy,0,1
335,/mnt/c/Users/Chirayu/Documents/GitHub/2D-to-3D-image-reconstruction/facescape_224/fsmview_trainset_19_1_neutral_42.jpg,0.08848831802606583,0.10232942551374435,0.013841107487678528,8.289574686437845,0.7294814586639404,0.40786996483802795,0.40786996483802795,22.697067000081006,21.39553300003172,real_npy,0,1
336,/mnt/c/Users/Chirayu/Documents/GitHub/2D-to-3D-image-reconstruction/facescape_224/fsmview_trainset_11_14_sadness_6.jpg,0.6950830817222595,0.691653311252594,-0.0034297704696655273,7.784248341806233,0.662924587726593,0.6077684164047241,0.6077684164047241,21.328525999933845,18.77781700000014,real_npy,0,1
337,/mnt/c/Users/Chirayu/Documents/GitHub/2D-to-3D-image-reconstruction/facescape_224/fsmview_trainset_15_9_mouth_right_33.jpg,0.062347475439310074,0.08192307502031326,0.01957559958100319,7.882909029722214,0.7271659970283508,0.5549266338348389,0.5549266338348389,30.07190699986495,44.6885740000198,real_npy,0,1
338,/mnt/c/Users/Chirayu/Documents/GitHub/2D-to-3D-image-reconstruction/facescape_224/fsmview_trainset_11_15_lip_roll_64.jpg,0.4236743748188019,0.4634646773338318,0.03979030251502991,8.054253108799458,0.6745285391807556,0.5116760730743408,0.5116760730743408,20.539692999818726,30.662797999866598,real_npy,0,1
339,/mnt/c/Users/Chirayu/Documents/GitHub/2D-to-3D-image-reconstruction/facescape_224/fsmview_trainset_16_10_dimpler_43.jpg,0.03370920196175575,0.034755825996398926,0.0010466240346431732,7.599354039877653,0.6353799700737,0.30304354429244995,0.30304354429244995,20.10065899980873,19.9276620001001,real_npy,0,1
340,/mnt/c/Users/Chirayu/Documents/GitHub/2D-to-3D-image-reconstruction/facescape_224/fsmview_trainset_18_6_jaw_right_8.jpg,0.040640898048877716,0.04049040377140045,-0.0001504942774772644,8.707219189032912,0.751953661441803,0.29853421449661255,0.29853421449661255,107.76506499996685,40.93462900004852,real_npy,0,1
341,/mnt/c/Users/Chirayu/Documents/GitHub/2D-to-3D-image-reconstruction/facescape_224/fsmview_trainset_11_11_chin_raiser_8.jpg,0.444133996963501,0.4694784879684448,0.025344491004943848,6.707587793469429,0.6060213446617126,0.5798762440681458,0.5798762440681458,20.352931999923385,22.177813000098467,real_npy,0,1
342,/mnt/c/Users/Chirayu/Documents/GitHub/2D-to-3D-image-reconstruction/facescape_224/fsmview_trainset_3_7_jaw_forward_50.jpg,0.20313437283039093,0.19318662583827972,-0.009947746992111206,7.251260489225388,0.6641953587532043,0.5307843089103699,0.5307843089103699,20.940919000167924,20.13753800019913,real_npy,0,1
343,/mnt/c/Users/Chirayu/Documents/GitHub/2D-to-3D-image-reconstruction/facescape_224/fsmview_trainset_11_7_jaw_forward_13.jpg,0.067571721971035,0.06907167285680771,0.001499950885772705,7.432248279452324,0.6393817067146301,0.45826804637908936,0.45826804637908936,21.696029999930033,21.671897000032914,real_npy,0,1
344,/mnt/c/Users/Chirayu/Documents/GitHub/2D-to-3D-image-reconstruction/facescape_224/fsmview_trainset_14_11_chin_raiser_29.jpg,0.13219253718852997,0.14472290873527527,0.0125303715467453,7.828670274466276,0.6515516042709351,0.32444021105766296,0.32444021105766296,23.037933999830784,60.84206900004574,real_npy,0,1
345,/mnt/c/Users/Chirayu/Documents/GitHub/2D-to-3D-image-reconstruction/facescape_224/fsmview_trainset_15_19_brow_raiser_22.jpg,0.0376964695751667,0.03901872783899307,0.0013222582638263702,7.105128675699234,0.6099927425384521,0.45958495140075684,0.45958495140075684,19.7245340000336,19.75618599999507,real_npy,0,1
346,/mnt/c/Users/Chirayu/Documents/GitHub/2D-to-3D-image-reconstruction/facescape_224/fsmview_trainset_4_1_neutral_39.jpg,0.05322767049074173,0.04658789932727814,-0.0066397711634635925,8.20178273320198,0.7135457396507263,0.3332628905773163,0.3332628905773163,20.53906800006189,21.32822499993381,real_npy,0,1
347,/mnt/c/Users/Chirayu/Documents/GitHub/2D-to-3D-image-reconstruction/facescape_224/fsmview_trainset_4_12_lip_puckerer_15.jpg,0.2312384992837906,0.22207722067832947,-0.00916127860546112,6.057244077324867,0.5754201412200928,0.43098679184913635,0.43098679184913635,23.206503999972483,20.788226999911785,real_npy,0,0
348,/mnt/c/Users/Chirayu/Documents/GitHub/2D-to-3D-image-reconstruction/facescape_224/fsmview_trainset_15_14_sadness_66.jpg,0.38576212525367737,0.47052550315856934,0.08476337790489197,9.683091685175896,0.8235450387001038,0.4715571999549866,0.4715571999549866,20.302890000039042,21.560485000009066,real_npy,0,1
349,/mnt/c/Users/Chirayu/Documents/GitHub/2D-to-3D-image-reconstruction/facescape_224/fsmview_trainset_8_9_mouth_right_49.jpg,0.1706276386976242,0.1795533448457718,0.008925706148147583,7.165633846074343,0.6313827037811279,0.4868529438972473,0.4868529438972473,20.555198000010932,18.795442000055118,real_npy,0,1
350,/mnt/c/Users/Chirayu/Documents/GitHub/2D-to-3D-image-reconstruction/facescape_224/fsmview_trainset_6_2_smile_24.jpg,0.04826553538441658,0.04684083163738251,-0.0014247037470340729,8.303776398301125,0.7137067317962646,0.3994881212711334,0.3994881212711334,22.094295999977476,22.69735900017622,real_npy,0,1
351,/mnt/c/Users/Chirayu/Documents/GitHub/2D-to-3D-image-reconstruction/facescape_224/fsmview_trainset_8_8_mouth_left_18.jpg,0.11821132898330688,0.12157921493053436,0.003367885947227478,7.777074888348579,0.7493149042129517,0.44735774397850037,0.44735774397850037,44.522637999989456,44.5130269999936,real_npy,0,1
352,/mnt/c/Users/Chirayu/Documents/GitHub/2D-to-3D-image-reconstruction/facescape_224/fsmview_trainset_11_16_grin_22.jpg,0.04294366016983986,0.0437554270029068,0.0008117668330669403,7.932499889284372,0.6563176512718201,0.4783419966697693,0.4783419966697693,47.070174000054976,22.073986999885165,real_npy,0,1
353,/mnt/c/Users/Chirayu/Documents/GitHub/2D-to-3D-image-reconstruction/facescape_224/fsmview_trainset_14_10_dimpler_38.jpg,0.06696287542581558,0.05343497544527054,-0.013527899980545044,7.692298039793968,0.631068229675293,0.33879420161247253,0.33879420161247253,47.754279999935534,49.63223000004291,real_npy,0,1
354,/mnt/c/Users/Chirayu/Documents/GitHub/2D-to-3D-image-reconstruction/facescape_224/fsmview_trainset_1_11_chin_raiser_13.jpg,0.08649534732103348,0.089622363448143,0.0031270161271095276,7.313909977674484,0.6476199626922607,0.498416930437088,0.498416930437088,23.913708000009137,21.834334000004674,real_npy,0,1
355,/mnt/c/Users/Chirayu/Documents/GitHub/2D-to-3D-image-reconstruction/facescape_224/fsmview_trainset_7_4_anger_40.jpg,0.15086911618709564,0.1599295288324356,0.009060412645339966,6.597137071192265,0.6010990738868713,0.27548661828041077,0.27548661828041077,20.26211800011879,59.2007029999877,real_npy,0,1
356,/mnt/c/Users/Chirayu/Documents/GitHub/2D-to-3D-image-reconstruction/facescape_224/fsmview_trainset_13_12_lip_puckerer_43.jpg,0.07554695010185242,0.2705511152744293,0.1950041651725769,10.255321502685547,0.9683195352554321,0.41578465700149536,0.41578465700149536,20.73560400003771,20.868852999910814,real_npy,0,1
357,/mnt/c/Users/Chirayu/Documents/GitHub/2D-to-3D-image-reconstruction/facescape_224/fsmview_trainset_17_15_lip_roll_10.jpg,0.048818666487932205,0.052876852452754974,0.004058185964822769,8.288863997906446,0.7211955785751343,0.3012450039386749,0.3012450039386749,67.92717799999082,19.032470999945872,real_npy,0,1
358,/mnt/c/Users/Chirayu/Documents/GitHub/2D-to-3D-image-reconstruction/facescape_224/fsmview_trainset_1_19_brow_raiser_11.jpg,0.09502385556697845,0.080870121717453,-0.014153733849525452,8.307381018996239,0.7512637376785278,0.3817848563194275,0.3817848563194275,43.3946420000666,64.53410399990389,real_npy,0,1
359,/mnt/c/Users/Chirayu/Documents/GitHub/2D-to-3D-image-reconstruction/facescape_224/fsmview_trainset_11_9_mouth_right_44.jpg,0.12745511531829834,0.13390205800533295,0.006446942687034607,8.187577545642853,0.7787132263183594,0.5733210444450378,0.5733210444450378,20.957415000111723,22.117223999885027,real_npy,0,1
360,/mnt/c/Users/Chirayu/Documents/GitHub/2D-to-3D-image-reconstruction/facescape_224/fsmview_trainset_1_6_jaw_right_54.jpg,0.07558412104845047,0.07920271903276443,0.003618597984313965,7.946051739156246,0.7668402791023254,0.32279807329177856,0.32279807329177856,22.681422000005114,27.704536000101143,real_npy,0,1
361,/mnt/c/Users/Chirayu/Documents/GitHub/2D-to-3D-image-reconstruction/facescape_224/fsmview_trainset_10_19_brow_raiser_46.jpg,0.1133933886885643,0.11975843459367752,0.00636504590511322,9.449568967334926,0.7772354483604431,0.3834877014160156,0.3834877014160156,20.460474999936196,42.30483600008483,real_npy,0,1
362,/mnt/c/Users/Chirayu/Documents/GitHub/2D-to-3D-image-reconstruction/facescape_224/fsmview_trainset_17_2_smile_48.jpg,0.2833808362483978,0.27205222845077515,-0.01132860779762268,7.3621644750237465,0.6095737218856812,0.41824087500572205,0.41824087500572205,20.777386999952796,19.596073000002434,real_npy,0,1
363,/mnt/c/Users/Chirayu/Documents/GitHub/2D-to-3D-image-reconstruction/facescape_224/fsmview_trainset_20_16_grin_33.jpg,0.030766919255256653,0.6074703335762024,0.5767034143209457,16.761998829431832,1.5411765575408936,0.4676646590232849,0.4676646590232849,20.18704500005697,43.46864499984804,real_npy,0,1
364,/mnt/c/Users/Chirayu/Documents/GitHub/2D-to-3D-image-reconstruction/facescape_224/fsmview_trainset_20_3_mouth_stretch_7.jpg,1.0832562446594238,1.032171368598938,-0.05108487606048584,6.266349829733372,0.6001806259155273,0.46431803703308105,0.46431803703308105,21.00598699985312,21.002666999947905,real_npy,0,0
365,/mnt/c/Users/Chirayu/Documents/GitHub/2D-to-3D-image-reconstruction/facescape_224/fsmview_trainset_11_15_lip_roll_56.jpg,0.05179184302687645,0.053993478417396545,0.002201635390520096,9.253082435578108,0.7935851812362671,0.4518694579601288,0.4518694579601288,20.509155000127066,24.64185600001656,real_npy,0,1
366,/mnt/c/Users/Chirayu/Documents/GitHub/2D-to-3D-image-reconstruction/facescape_224/fsmview_trainset_4_15_lip_roll_33.jpg,0.029352115467190742,46.23209762573242,46.20274551026523,134.99863490462303,46.88260269165039,0.28584328293800354,0.28584328293800354,50.06059699985599,54.83983499993883,real_npy,1,1
367,/mnt/c/Users/Chirayu/Documents/GitHub/2D-to-3D-image-reconstruction/facescape_224/fsmview_trainset_20_5_jaw_left_8.jpg,0.1385173499584198,0.12450367212295532,-0.014013677835464478,8.427171483635902,0.7863068580627441,0.5357789397239685,0.5357789397239685,85.118570999839,45.46984000012344,real_npy,0,1
368,/mnt/c/Users/Chirayu/Documents/GitHub/2D-to-3D-image-reconstruction/facescape_224/fsmview_trainset_10_2_smile_16.jpg,0.03772919625043869,0.041132256388664246,0.0034030601382255554,7.696953151375055,0.6586227416992188,0.2809250056743622,0.2809250056743622,20.906267000100343,43.48524700003509,real_npy,0,1
369,/mnt/c/Users/Chirayu/Documents/GitHub/2D-to-3D-image-reconstruction/facescape_224/fsmview_trainset_6_7_jaw_forward_22.jpg,0.3425331115722656,0.3604845404624939,0.01795142889022827,6.577949225902557,0.5795964002609253,0.541290819644928,0.541290819644928,21.46210599994447,23.867118999987724,real_npy,0,1
370,/mnt/c/Users/Chirayu/Documents/GitHub/2D-to-3D-image-reconstruction/facescape_224/fsmview_trainset_5_18_eye_closed_38.jpg,0.04724802076816559,0.049018312245607376,0.0017702914774417877,7.54438466578722,0.6715702414512634,0.38077786564826965,0.38077786564826965,88.88492799997039,18.691414000159057,real_npy,0,1
371,/mnt/c/Users/Chirayu/Documents/GitHub/2D-to-3D-image-reconstruction/facescape_224/fsmview_trainset_8_1_neutral_42.jpg,0.062145620584487915,0.06392469257116318,0.0017790719866752625,8.126756899058819,0.7366170883178711,0.3662024140357971,0.3662024140357971,49.50820199996997,29.147448999992775,real_npy,0,1
372,/mnt/c/Users/Chirayu/Documents/GitHub/2D-to-3D-image-reconstruction/facescape_224/fsmview_trainset_6_20_brow_lower_16.jpg,0.1516736000776291,0.1652727574110031,0.013599157333374023,7.988609112799168,0.7216713428497314,0.24736744165420532,0.24736744165420532,55.37939800001368,19.008100000064587,real_npy,0,1
373,/mnt/c/Users/Chirayu/Documents/GitHub/2D-to-3D-image-reconstruction/facescape_224/fsmview_trainset_6_10_dimpler_16.jpg,0.02982141263782978,7.065237998962402,7.035416586324573,57.18858525156975,7.905756950378418,0.28283917903900146,0.28283917903900146,20.697674999837545,20.81371200006288,real_npy,1,1
374,/mnt/c/Users/Chirayu/Documents/GitHub/2D-to-3D-image-reconstruction/facescape_224/fsmview_trainset_11_9_mouth_right_48.jpg,0.7548494338989258,0.7803804874420166,0.02553105354309082,7.46970484033227,0.6858609914779663,0.5383922457695007,0.5383922457695007,69.3687380000938,19.889205999788828,real_npy,0,1
375,/mnt/c/Users/Chirayu/Documents/GitHub/2D-to-3D-image-reconstruction/facescape_224/fsmview_trainset_1_9_mouth_right_15.jpg,0.18293872475624084,0.18123425543308258,-0.0017044693231582642,7.574385195970535,0.6418497562408447,0.4921194911003113,0.4921194911003113,68.04713099995752,33.062222999888036,real_npy,0,1
376,/mnt/c/Users/Chirayu/Documents/GitHub/2D-to-3D-image-reconstruction/facescape_224/fsmview_trainset_5_8_mouth_left_35.jpg,0.0514058843255043,0.05038082227110863,-0.0010250620543956757,8.26327426545322,0.6975565552711487,0.39867767691612244,0.39867767691612244,21.70743599981506,20.05079300010948,real_npy,0,1
377,/mnt/c/Users/Chirayu/Documents/GitHub/2D-to-3D-image-reconstruction/facescape_224/fsmview_trainset_9_15_lip_roll_40.jpg,0.17428255081176758,0.1790768951177597,0.0047943443059921265,7.509695749729872,0.6455483436584473,0.46144700050354004,0.46144700050354004,21.152643000050375,20.630848999871887,real_npy,0,1
378,/mnt/c/Users/Chirayu/Documents/GitHub/2D-to-3D-image-reconstruction/facescape_224/fsmview_trainset_15_2_smile_20.jpg,0.10532431304454803,0.12309817969799042,0.017773866653442383,7.307812064886093,0.6352404356002808,0.42274951934814453,0.42274951934814453,20.151406999957544,25.708764999990308,real_npy,0,1
379,/mnt/c/Users/Chirayu/Documents/GitHub/2D-to-3D-image-reconstruction/facescape_224/fsmview_trainset_2_20_brow_lower_8.jpg,0.051554180681705475,0.8523250222206116,0.8007708415389061,21.06072225421667,2.027064800262451,0.4464970827102661,0.4464970827102661,48.37214200006201,27.571529000169903,real_npy,0,1
380,/mnt/c/Users/Chirayu/Documents/GitHub/2D-to-3D-image-reconstruction/facescape_224/fsmview_trainset_7_17_cheek_blowing_39.jpg,0.22006988525390625,0.1932823210954666,-0.026787564158439636,7.127418473362923,0.6226467490196228,0.5047426819801331,0.5047426819801331,20.87860799997543,44.787777000010465,real_npy,0,1
381,/mnt/c/Users/Chirayu/Documents/GitHub/2D-to-3D-image-reconstruction/facescape_224/fsmview_trainset_17_14_sadness_42.jpg,0.1137283593416214,0.14694944024085999,0.033221080899238586,7.478217581287026,0.6741209626197815,0.43646955490112305,0.43646955490112305,20.687570000063715,21.752781000031973,real_npy,0,1
382,/mnt/c/Users/Chirayu/Documents/GitHub/2D-to-3D-image-reconstruction/facescape_224/fsmview_trainset_1_4_anger_20.jpg,0.04123862087726593,0.08318500220775604,0.04194638133049011,7.606191040948033,0.6622284650802612,0.35333871841430664,0.35333871841430664,20.66220199981217,45.49272400004156,real_npy,0,1
383,/mnt/c/Users/Chirayu/Documents/GitHub/2D-to-3D-image-reconstruction/facescape_224/fsmview_trainset_10_10_dimpler_7.jpg,0.04051090031862259,0.04754934832453728,0.007038448005914688,7.437801867723465,0.6481465697288513,0.22376170754432678,0.22376170754432678,20.09422999981325,45.73292800000672,real_npy,0,1
384,/mnt/c/Users/Chirayu/Documents/GitHub/2D-to-3D-image-reconstruction/facescape_224/fsmview_trainset_2_9_mouth_right_54.jpg,0.08395431935787201,0.09093758463859558,0.006983265280723572,8.730970613658428,0.7702564001083374,0.4743451774120331,0.4743451774120331,38.30743799994707,19.221797999989576,real_npy,0,1
385,/mnt/c/Users/Chirayu/Documents/GitHub/2D-to-3D-image-reconstruction/facescape_224/fsmview_trainset_18_5_jaw_left_41.jpg,0.10298711061477661,0.10471682250499725,0.001729711890220642,7.782437480986118,0.6982553601264954,0.49274033308029175,0.49274033308029175,20.85806600007345,19.68525100005536,real_npy,0,1
386,/mnt/c/Users/Chirayu/Documents/GitHub/2D-to-3D-image-reconstruction/facescape_224/fsmview_trainset_14_16_grin_35.jpg,0.04787825793027878,0.05043648183345795,0.0025582239031791687,8.629802544601262,0.7249548435211182,0.5433282852172852,0.5433282852172852,55.21683300003133,30.1039219998529,real_npy,0,1
387,/mnt/c/Users/Chirayu/Documents/GitHub/2D-to-3D-image-reconstruction/facescape_224/fsmview_trainset_17_15_lip_roll_35.jpg,0.052335772663354874,0.05319279059767723,0.0008570179343223572,8.066410077735782,0.6932387351989746,0.39107444882392883,0.39107444882392883,20.54445800013127,20.098425000014686,real_npy,0,1
388,/mnt/c/Users/Chirayu/Documents/GitHub/2D-to-3D-image-reconstruction/facescape_224/fsmview_trainset_7_1_neutral_3.jpg,0.05666625127196312,0.052787311375141144,-0.0038789398968219757,8.192626990377903,0.770390510559082,0.38797545433044434,0.38797545433044434,73.73334199996862,39.61639799990735,real_npy,0,1
389,/mnt/c/Users/Chirayu/Documents/GitHub/2D-to-3D-image-reconstruction/facescape_224/fsmview_trainset_5_3_mouth_stretch_29.jpg,0.04363241791725159,0.04610461741685867,0.002472199499607086,7.895172443240881,0.7094033360481262,0.331966370344162,0.331966370344162,22.93812099992465,20.804732999977205,real_npy,0,1
390,/mnt/c/Users/Chirayu/Documents/GitHub/2D-to-3D-image-reconstruction/facescape_224/fsmview_trainset_10_19_brow_raiser_51.jpg,0.06264883279800415,0.062477923929691315,-0.0001709088683128357,7.756453171372414,0.6678617000579834,0.37581896781921387,0.37581896781921387,23.49177300015981,22.38814700012881,real_npy,0,1
391,/mnt/c/Users/Chirayu/Documents/GitHub/2D-to-3D-image-reconstruction/facescape_224/fsmview_trainset_6_16_grin_23.jpg,0.041908953338861465,0.12693175673484802,0.08502280339598656,6.814994867891073,0.6221262812614441,0.29240792989730835,0.29240792989730835,20.577124000055846,19.147237999959543,real_npy,0,1
392,/mnt/c/Users/Chirayu/Documents/GitHub/2D-to-3D-image-reconstruction/facescape_224/fsmview_trainset_8_13_lip_funneler_50.jpg,0.04689599946141243,0.04770291969180107,0.0008069202303886414,7.720256097614765,0.6929767727851868,0.32296326756477356,0.32296326756477356,22.225468999977238,22.131024999907822,real_npy,0,1
393,/mnt/c/Users/Chirayu/Documents/GitHub/2D-to-3D-image-reconstruction/facescape_224/fsmview_trainset_5_13_lip_funneler_45.jpg,0.15467755496501923,0.13022080063819885,-0.024456754326820374,8.039891012012959,0.6765596866607666,0.49051955342292786,0.49051955342292786,21.51137300006667,20.408852999935334,real_npy,0,1
394,/mnt/c/Users/Chirayu/Documents/GitHub/2D-to-3D-image-reconstruction/facescape_224/fsmview_trainset_13_16_grin_9.jpg,0.10597958415746689,0.09283765405416489,-0.013141930103302002,7.943282704800367,0.6735579371452332,0.4167385697364807,0.4167385697364807,20.408708999866576,44.28203699990263,real_npy,0,1
395,/mnt/c/Users/Chirayu/Documents/GitHub/2D-to-3D-image-reconstruction/facescape_224/fsmview_trainset_11_6_jaw_right_65.jpg,0.05059649422764778,55.01443862915039,54.96384213492274,144.54220202565193,56.10922622680664,0.4843273460865021,0.4843273460865021,21.499270999811415,18.09192200016696,real_npy,1,1
396,/mnt/c/Users/Chirayu/Documents/GitHub/2D-to-3D-image-reconstruction/facescape_224/fsmview_trainset_3_7_jaw_forward_32.jpg,0.0473184809088707,0.050729986280202866,0.0034115053713321686,8.030901551246643,0.6643691062927246,0.35414090752601624,0.35414090752601624,34.48459400010506,77.94901600004778,real_npy,0,1
397,/mnt/c/Users/Chirayu/Documents/GitHub/2D-to-3D-image-reconstruction/facescape_224/fsmview_trainset_2_3_mouth_stretch_9.jpg,0.07394358515739441,0.08362795412540436,0.009684368968009949,8.637619575485587,0.7760885953903198,0.41245704889297485,0.41245704889297485,20.625152000093294,20.495849999861093,real_npy,0,1
398,/mnt/c/Users/Chirayu/Documents/GitHub/2D-to-3D-image-reconstruction/facescape_224/fsmview_trainset_17_13_lip_funneler_29.jpg,0.06675522774457932,0.06965578347444534,0.002900555729866028,8.165563844144344,0.7116008996963501,0.2316301316022873,0.2316301316022873,41.59802399999535,67.49507600011384,real_npy,0,1
399,/mnt/c/Users/Chirayu/Documents/GitHub/2D-to-3D-image-reconstruction/facescape_224/fsmview_trainset_11_18_eye_closed_21.jpg,0.2742742598056793,0.2912229597568512,0.016948699951171875,8.36832757294178,0.6988927125930786,0.44286367297172546,0.44286367297172546,20.789310000054684,19.613235999941026,real_npy,0,1
400,/mnt/c/Users/Chirayu/Documents/GitHub/2D-to-3D-image-reconstruction/facescape_224/fsmview_trainset_13_3_mouth_stretch_40.jpg,0.033972207456827164,0.034676529467105865,0.0007043220102787018,7.1671239621937275,0.657777726650238,0.2729777693748474,0.2729777693748474,54.2643680000765,21.902430999944045,real_npy,0,1
401,/mnt/c/Users/Chirayu/Documents/GitHub/2D-to-3D-image-reconstruction/facescape_224/fsmview_trainset_19_11_chin_raiser_48.jpg,0.05617769435048103,0.057211462408304214,0.0010337680578231812,7.825715243816376,0.6665005683898926,0.3327157199382782,0.3327157199382782,21.3139110001066,20.39182799990158,real_npy,0,1
402,/mnt/c/Users/Chirayu/Documents/GitHub/2D-to-3D-image-reconstruction/facescape_224/fsmview_trainset_17_12_lip_puckerer_57.jpg,0.13420088589191437,0.14327570796012878,0.009074822068214417,8.690176002681255,0.7196632623672485,0.36601266264915466,0.36601266264915466,61.1555519999456,20.44486600016171,real_npy,0,1
403,/mnt/c/Users/Chirayu/Documents/GitHub/2D-to-3D-image-reconstruction/facescape_224/fsmview_trainset_9_13_lip_funneler_2.jpg,0.09327149391174316,0.10781129449605942,0.014539800584316254,8.628744792193174,0.7234041690826416,0.39435040950775146,0.39435040950775146,20.668630000045596,20.324220000020432,real_npy,0,1
404,/mnt/c/Users/Chirayu/Documents/GitHub/2D-to-3D-image-reconstruction/facescape_224/fsmview_trainset_13_17_cheek_blowing_2.jpg,0.0786949098110199,0.08228888362646103,0.0035939738154411316,7.760072041302919,0.6344321966171265,0.4751998782157898,0.4751998782157898,20.94787600003656,20.483391999960077,real_npy,0,1
405,/mnt/c/Users/Chirayu/Documents/GitHub/2D-to-3D-image-reconstruction/facescape_224/fsmview_trainset_2_6_jaw_right_15.jpg,0.04536763206124306,0.04760511964559555,0.0022374875843524933,8.594098486937582,0.7085278630256653,0.4291512668132782,0.4291512668132782,20.150370999999723,41.786072999911994,real_npy,0,1
406,/mnt/c/Users/Chirayu/Documents/GitHub/2D-to-3D-image-reconstruction/facescape_224/fsmview_trainset_6_11_chin_raiser_2.jpg,0.05255264788866043,0.0571049228310585,0.004552274942398071,8.469553273171186,0.7230395674705505,0.38796454668045044,0.38796454668045044,25.37720400005128,66.6831920000277,real_npy,0,1
407,/mnt/c/Users/Chirayu/Documents/GitHub/2D-to-3D-image-reconstruction/facescape_224/fsmview_trainset_6_4_anger_1.jpg,0.060188181698322296,0.05904848501086235,-0.0011396966874599457,7.760243847966194,0.7119026780128479,0.36813560128211975,0.36813560128211975,53.56514300001436,22.751304999928834,real_npy,0,1
408,/mnt/c/Users/Chirayu/Documents/GitHub/2D-to-3D-image-reconstruction/facescape_224/fsmview_trainset_14_1_neutral_10.jpg,0.09978456795215607,0.10713933408260345,0.007354766130447388,8.241772398352623,0.6969349384307861,0.6043975353240967,0.6043975353240967,38.33364500019343,69.79409900009159,real_npy,0,1
409,/mnt/c/Users/Chirayu/Documents/GitHub/2D-to-3D-image-reconstruction/facescape_224/fsmview_trainset_16_19_brow_raiser_27.jpg,1.0409404039382935,1.001500129699707,-0.039440274238586426,7.815206192433834,0.6667615175247192,0.4407268166542053,0.4407268166542053,55.90025400010745,78.57933200011757,real_npy,0,1
410,/mnt/c/Users/Chirayu/Documents/GitHub/2D-to-3D-image-reconstruction/facescape_224/fsmview_trainset_17_4_anger_18.jpg,0.04299274459481239,0.04546339437365532,0.002470649778842926,8.788535726256669,0.7176846265792847,0.3727159798145294,0.3727159798145294,37.19635199990989,21.24294899999768,real_npy,0,1
411,/mnt/c/Users/Chirayu/Documents/GitHub/2D-to-3D-image-reconstruction/facescape_224/fsmview_trainset_10_20_brow_lower_26.jpg,0.18034328520298004,0.21606029570102692,0.035717010498046875,6.53593585640192,0.6681575775146484,0.6248012185096741,0.6248012185096741,19.880356000157917,21.586419999948703,real_npy,0,1
412,/mnt/c/Users/Chirayu/Documents/GitHub/2D-to-3D-image-reconstruction/facescape_224/fsmview_trainset_12_17_cheek_blowing_15.jpg,0.044062770903110504,0.04333008825778961,-0.0007326826453208923,8.915941260755062,0.7732560634613037,0.3956418037414551,0.3956418037414551,20.138505999966583,21.795010000005277,real_npy,0,1
413,/mnt/c/Users/Chirayu/Documents/GitHub/2D-to-3D-image-reconstruction/facescape_224/fsmview_trainset_10_13_lip_funneler_16.jpg,0.05648689344525337,0.05911270156502724,0.0026258081197738647,7.519790202379227,0.6676716208457947,0.2840769290924072,0.2840769290924072,20.13384700012466,25.676391000160947,real_npy,0,1
414,/mnt/c/Users/Chirayu/Documents/GitHub/2D-to-3D-image-reconstruction/facescape_224/fsmview_trainset_3_2_smile_16.jpg,0.06742912530899048,0.06753045320510864,0.00010132789611816406,8.368632227182388,0.7153770923614502,0.33039653301239014,0.33039653301239014,22.43229800001245,22.380520000069737,real_npy,0,1
415,/mnt/c/Users/Chirayu/Documents/GitHub/2D-to-3D-image-reconstruction/facescape_224/fsmview_trainset_4_14_sadness_50.jpg,0.04331158101558685,0.04476606845855713,0.0014544874429702759,8.379736635833979,0.6836681962013245,0.3232268989086151,0.3232268989086151,23.819510999828708,19.69675999998799,real_npy,0,1
416,/mnt/c/Users/Chirayu/Documents/GitHub/2D-to-3D-image-reconstruction/facescape_224/fsmview_trainset_14_13_lip_funneler_46.jpg,0.18019959330558777,0.18543529510498047,0.0052357017993927,8.043700866401196,0.6292991042137146,0.6414470076560974,0.6414470076560974,24.862596999810194,20.68675100008477,real_npy,0,1
417,/mnt/c/Users/Chirayu/Documents/GitHub/2D-to-3D-image-reconstruction/facescape_224/fsmview_trainset_4_16_grin_54.jpg,0.03846345469355583,0.04027572646737099,0.001812271773815155,8.100232165306807,0.6808795928955078,0.19953884184360504,0.19953884184360504,54.29298700005347,22.0073919999777,real_npy,0,1
418,/mnt/c/Users/Chirayu/Documents/GitHub/2D-to-3D-image-reconstruction/facescape_224/fsmview_trainset_18_2_smile_8.jpg,0.04497950151562691,0.7186256647109985,0.6736461631953716,18.592506904155016,1.8183863162994385,0.30695798993110657,0.30695798993110657,31.0563360001197,23.151439999992363,real_npy,0,1
419,/mnt/c/Users/Chirayu/Documents/GitHub/2D-to-3D-image-reconstruction/facescape_224/fsmview_trainset_11_12_lip_puckerer_52.jpg,0.45629754662513733,0.3516279458999634,-0.10466960072517395,7.205774802714586,0.6647735834121704,0.5204474925994873,0.5204474925994873,20.52674600008686,32.48617100007323,real_npy,0,1
420,/mnt/c/Users/Chirayu/Documents/GitHub/2D-to-3D-image-reconstruction/facescape_224/fsmview_trainset_14_12_lip_puckerer_67.jpg,0.03888401761651039,0.038633886724710464,-0.00025013089179992676,8.342298503033817,0.6887553930282593,0.46781712770462036,0.46781712770462036,26.007701000025918,21.796491000031892,real_npy,0,1
421,/mnt/c/Users/Chirayu/Documents/GitHub/2D-to-3D-image-reconstruction/facescape_224/fsmview_trainset_14_17_cheek_blowing_66.jpg,0.8644974827766418,0.8692696690559387,0.004772186279296875,7.515681117773056,0.6724715232849121,0.466621071100235,0.466621071100235,21.251594999966983,20.38962899996477,real_npy,0,1
422,/mnt/c/Users/Chirayu/Documents/GitHub/2D-to-3D-image-reconstruction/facescape_224/fsmview_trainset_1_12_lip_puckerer_55.jpg,0.0953793078660965,0.18421916663646698,0.08883985877037048,9.160115735605359,0.8559790849685669,0.29128560423851013,0.29128560423851013,21.14214599987463,20.33021700003701,real_npy,0,1
423,/mnt/c/Users/Chirayu/Documents/GitHub/2D-to-3D-image-reconstruction/facescape_224/fsmview_trainset_12_9_mouth_right_54.jpg,0.053712066262960434,0.04864828661084175,-0.005063779652118683,8.896776678040624,0.7482335567474365,0.484336793422699,0.484336793422699,58.01085000007333,21.038588999999774,real_npy,0,1
424,/mnt/c/Users/Chirayu/Documents/GitHub/2D-to-3D-image-reconstruction/facescape_224/fsmview_trainset_19_2_smile_37.jpg,0.12446644902229309,0.15144950151443481,0.026983052492141724,8.887007475830615,0.7586649656295776,0.40821054577827454,0.40821054577827454,20.3188279999722,21.038536999867574,real_npy,0,1
425,/mnt/c/Users/Chirayu/Documents/GitHub/2D-to-3D-image-reconstruction/facescape_224/fsmview_trainset_10_6_jaw_right_52.jpg,0.12373626977205276,0.11538174748420715,-0.008354522287845612,6.844861604273319,0.6421180367469788,0.4109300971031189,0.4109300971031189,19.784573999913846,34.36110899997402,real_npy,0,1
426,/mnt/c/Users/Chirayu/Documents/GitHub/2D-to-3D-image-reconstruction/facescape_224/fsmview_trainset_16_4_anger_50.jpg,0.04708156734704971,0.047506481409072876,0.00042491406202316284,8.032436434179544,0.6758773922920227,0.4240606427192688,0.4240606427192688,20.567166999853725,56.475897999916924,real_npy,0,1
427,/mnt/c/Users/Chirayu/Documents/GitHub/2D-to-3D-image-reconstruction/facescape_224/fsmview_trainset_20_17_cheek_blowing_3.jpg,0.5460103750228882,0.43660563230514526,-0.10940474271774292,7.423519177362323,0.713421106338501,0.5751022100448608,0.5751022100448608,64.74561300001369,19.951839999976073,template_fallback,0,1
428,/mnt/c/Users/Chirayu/Documents/GitHub/2D-to-3D-image-reconstruction/facescape_224/fsmview_trainset_12_18_eye_closed_42.jpg,0.039995186030864716,0.03895875811576843,-0.001036427915096283,8.229646559804678,0.6935974955558777,0.3253357708454132,0.3253357708454132,73.50552000002608,22.2289579999142,real_npy,0,1
429,/mnt/c/Users/Chirayu/Documents/GitHub/2D-to-3D-image-reconstruction/facescape_224/fsmview_trainset_20_3_mouth_stretch_41.jpg,0.040859121829271317,0.04420919343829155,0.003350071609020233,7.496261775493622,0.7026214599609375,0.3967735767364502,0.3967735767364502,19.85445099990102,20.246409000037602,real_npy,0,1
430,/mnt/c/Users/Chirayu/Documents/GitHub/2D-to-3D-image-reconstruction/facescape_224/fsmview_trainset_17_11_chin_raiser_46.jpg,0.6765687465667725,0.6725240349769592,-0.004044711589813232,7.575172808021307,0.6353909373283386,0.45976340770721436,0.45976340770721436,30.740488999981608,45.07930600016152,real_npy,0,1
431,/mnt/c/Users/Chirayu/Documents/GitHub/2D-to-3D-image-reconstruction/facescape_224/fsmview_trainset_20_16_grin_58.jpg,0.049610685557127,0.05202135071158409,0.0024106651544570923,8.951987102627754,0.7985748648643494,0.39453205466270447,0.39453205466270447,21.855958000060127,22.147104000168838,real_npy,0,1
432,/mnt/c/Users/Chirayu/Documents/GitHub/2D-to-3D-image-reconstruction/facescape_224/fsmview_trainset_5_15_lip_roll_11.jpg,0.5481621026992798,0.22386756539344788,-0.3242945373058319,6.784371912479401,0.7730509638786316,0.5640919208526611,0.5640919208526611,20.229663999998593,22.50418400012677,real_npy,0,1
433,/mnt/c/Users/Chirayu/Documents/GitHub/2D-to-3D-image-reconstruction/facescape_224/fsmview_trainset_20_9_mouth_right_30.jpg,0.06330062448978424,0.07595760375261307,0.012656979262828827,7.631393361836672,0.6832497119903564,0.3150187134742737,0.3150187134742737,21.832799000094383,21.442769000032058,real_npy,0,1
434,/mnt/c/Users/Chirayu/Documents/GitHub/2D-to-3D-image-reconstruction/facescape_224/fsmview_trainset_11_20_brow_lower_34.jpg,0.03360440582036972,0.814939558506012,0.7813351526856422,19.487924680113792,1.8446592092514038,0.5707105398178101,0.5707105398178101,20.273428999871612,23.893155999985538,real_npy,0,1
435,/mnt/c/Users/Chirayu/Documents/GitHub/2D-to-3D-image-reconstruction/facescape_224/fsmview_trainset_2_1_neutral_6.jpg,0.0899462178349495,0.10776486992835999,0.017818652093410492,8.726572006940842,0.7425435185432434,0.3931867480278015,0.3931867480278015,20.86183300002631,20.068522999963534,real_npy,0,1
436,/mnt/c/Users/Chirayu/Documents/GitHub/2D-to-3D-image-reconstruction/facescape_224/fsmview_trainset_10_5_jaw_left_6.jpg,0.049032170325517654,0.05012013018131256,0.0010879598557949066,7.7876088581979275,0.6809200644493103,0.25825661420822144,0.25825661420822144,20.34158500009653,23.495225000033315,real_npy,0,1
437,/mnt/c/Users/Chirayu/Documents/GitHub/2D-to-3D-image-reconstruction/facescape_224/fsmview_trainset_1_2_smile_18.jpg,0.03924570977687836,0.03867727890610695,-0.0005684308707714081,8.358703895006329,0.6867728233337402,0.36477816104888916,0.36477816104888916,20.777466000026834,61.403764000033334,real_npy,0,1
438,/mnt/c/Users/Chirayu/Documents/GitHub/2D-to-3D-image-reconstruction/facescape_224/fsmview_trainset_3_3_mouth_stretch_46.jpg,0.1193656399846077,0.1148194894194603,-0.0045461505651474,8.177237085998058,0.7042526602745056,0.5117491483688354,0.5117491483688354,21.98320100001183,22.380292999969242,real_npy,0,1
439,/mnt/c/Users/Chirayu/Documents/GitHub/2D-to-3D-image-reconstruction/facescape_224/fsmview_trainset_16_3_mouth_stretch_24.jpg,0.04041462764143944,0.0415470190346241,0.0011323913931846619,7.680108550004661,0.6700537204742432,0.3543473184108734,0.3543473184108734,23.683847000029346,22.325921999936327,real_npy,0,1
440,/mnt/c/Users/Chirayu/Documents/GitHub/2D-to-3D-image-reconstruction/facescape_224/fsmview_trainset_12_5_jaw_left_18.jpg,0.05458323284983635,0.04996151477098465,-0.0046217180788517,8.856464870274067,0.726597249507904,0.5446250438690186,0.5446250438690186,23.608577000004516,53.44152399993618,real_npy,0,1
441,/mnt/c/Users/Chirayu/Documents/GitHub/2D-to-3D-image-reconstruction/facescape_224/fsmview_trainset_3_15_lip_roll_13.jpg,0.05905856192111969,0.05633890628814697,-0.0027196556329727173,8.320003680884838,0.7154180407524109,0.42553797364234924,0.42553797364234924,19.959563999918828,20.837865999965288,real_npy,0,1
442,/mnt/c/Users/Chirayu/Documents/GitHub/2D-to-3D-image-reconstruction/facescape_224/fsmview_trainset_9_1_neutral_1.jpg,0.07495929300785065,0.07651308923959732,0.0015537962317466736,8.508167650550604,0.6818947196006775,0.40183931589126587,0.40183931589126587,22.79530500004512,19.554726000023948,real_npy,0,1
443,/mnt/c/Users/Chirayu/Documents/GitHub/2D-to-3D-image-reconstruction/facescape_224/fsmview_trainset_5_2_smile_15.jpg,0.035040512681007385,0.038281895220279694,0.0032413825392723083,8.193642953410745,0.6956823468208313,0.38428184390068054,0.38428184390068054,20.536514000013995,19.731882000087353,real_npy,0,1
444,/mnt/c/Users/Chirayu/Documents/GitHub/2D-to-3D-image-reconstruction/facescape_224/fsmview_trainset_3_2_smile_38.jpg,0.054416216909885406,0.058982934802770615,0.004566717892885208,7.9279832392930984,0.7251825332641602,0.41943129897117615,0.41943129897117615,67.06076399996164,21.727996999970856,real_npy,0,1
445,/mnt/c/Users/Chirayu/Documents/GitHub/2D-to-3D-image-reconstruction/facescape_224/fsmview_trainset_18_14_sadness_30.jpg,0.16891397535800934,0.24699275195598602,0.07807877659797668,6.742109289392829,0.6194049119949341,0.35737594962120056,0.35737594962120056,20.923369999991337,19.590062999895963,real_npy,0,1
446,/mnt/c/Users/Chirayu/Documents/GitHub/2D-to-3D-image-reconstruction/facescape_224/fsmview_trainset_14_6_jaw_right_24.jpg,0.03454238921403885,0.03416409343481064,-0.00037829577922821045,7.075236389413476,0.6060823798179626,0.44072696566581726,0.44072696566581726,19.959887999903003,20.04404500007695,real_npy,0,1
447,/mnt/c/Users/Chirayu/Documents/GitHub/2D-to-3D-image-reconstruction/facescape_224/fsmview_trainset_12_1_neutral_15.jpg,0.05460449680685997,0.0510709248483181,-0.00353357195854187,8.810224065557122,0.7249483466148376,0.5001314282417297,0.5001314282417297,42.58563600001253,39.9097909999,real_npy,0,1
448,/mnt/c/Users/Chirayu/Documents/GitHub/2D-to-3D-image-reconstruction/facescape_224/fsmview_trainset_18_20_brow_lower_54.jpg,0.036413609981536865,0.036176376044750214,-0.0002372339367866516,8.527623257599771,0.7087236046791077,0.3662188947200775,0.3662188947200775,55.234535999943546,19.308226000021023,real_npy,0,1
449,/mnt/c/Users/Chirayu/Documents/GitHub/2D-to-3D-image-reconstruction/facescape_224/fsmview_trainset_13_5_jaw_left_23.jpg,0.04181784391403198,0.038786571472883224,-0.003031272441148758,8.619163451716304,0.6826673150062561,0.42399314045906067,0.42399314045906067,57.9740989999209,22.801516000072297,real_npy,0,1
450,/mnt/c/Users/Chirayu/Documents/GitHub/2D-to-3D-image-reconstruction/facescape_224/fsmview_trainset_5_3_mouth_stretch_47.jpg,0.07041696459054947,0.07602858543395996,0.005611620843410492,9.026286400854588,0.7416278719902039,0.460392028093338,0.460392028093338,38.919341999871904,19.842252999978882,real_npy,0,1
451,/mnt/c/Users/Chirayu/Documents/GitHub/2D-to-3D-image-reconstruction/facescape_224/fsmview_trainset_9_14_sadness_30.jpg,0.05249182507395744,0.050316642969846725,-0.0021751821041107178,8.09210273064673,0.6732442378997803,0.3368051052093506,0.3368051052093506,21.138653999969392,20.89490499997737,real_npy,0,1
452,/mnt/c/Users/Chirayu/Documents/GitHub/2D-to-3D-image-reconstruction/facescape_224/fsmview_trainset_6_7_jaw_forward_34.jpg,0.04338906332850456,0.10794731229543686,0.0645582489669323,7.24417021125555,0.6930842995643616,0.37545740604400635,0.37545740604400635,21.1284650001744,21.205961000077878,real_npy,0,1
453,/mnt/c/Users/Chirayu/Documents/GitHub/2D-to-3D-image-reconstruction/facescape_224/fsmview_trainset_20_15_lip_roll_20.jpg,0.25925081968307495,0.2985174059867859,0.03926658630371094,7.413197733461857,0.6337710022926331,0.34921538829803467,0.34921538829803467,20.38488699986374,20.263723999960348,real_npy,0,1
454,/mnt/c/Users/Chirayu/Documents/GitHub/2D-to-3D-image-reconstruction/facescape_224/fsmview_trainset_4_20_brow_lower_51.jpg,0.1498352438211441,0.1293555051088333,-0.02047973871231079,7.014815002679825,0.7108854651451111,0.36281028389930725,0.36281028389930725,20.521184000017456,29.053959000066243,real_npy,0,1
455,/mnt/c/Users/Chirayu/Documents/GitHub/2D-to-3D-image-reconstruction/facescape_224/fsmview_trainset_11_1_neutral_59.jpg,0.04443537816405296,0.05666983127593994,0.012234453111886978,8.249829363077879,0.6757091879844666,0.4157955050468445,0.4157955050468445,36.9499519999863,22.540906999893195,real_npy,0,1
456,/mnt/c/Users/Chirayu/Documents/GitHub/2D-to-3D-image-reconstruction/facescape_224/fsmview_trainset_17_1_neutral_32.jpg,0.047254402190446854,0.05157780647277832,0.004323404282331467,8.263979334384203,0.7047500014305115,0.32235783338546753,0.32235783338546753,21.535562000053687,19.27771600003325,real_npy,0,1
457,/mnt/c/Users/Chirayu/Documents/GitHub/2D-to-3D-image-reconstruction/facescape_224/fsmview_trainset_14_13_lip_funneler_34.jpg,0.044132836163043976,0.05371588096022606,0.009583044797182083,7.790686257183552,0.7605584263801575,0.5101891756057739,0.5101891756057739,20.663216999992073,19.27858799990645,real_npy,0,1
458,/mnt/c/Users/Chirayu/Documents/GitHub/2D-to-3D-image-reconstruction/facescape_224/fsmview_trainset_15_9_mouth_right_40.jpg,0.05587957054376602,0.06267066299915314,0.0067910924553871155,8.693516563624144,0.7271015048027039,0.6110203862190247,0.6110203862190247,20.525531999965096,85.33533499985424,real_npy,0,1
459,/mnt/c/Users/Chirayu/Documents/GitHub/2D-to-3D-image-reconstruction/facescape_224/fsmview_trainset_14_7_jaw_forward_25.jpg,0.03529651090502739,4.02360200881958,3.9883054979145527,43.31522561982274,5.133360385894775,0.4829610586166382,0.4829610586166382,21.62310200014872,30.217096000114907,real_npy,1,1
460,/mnt/c/Users/Chirayu/Documents/GitHub/2D-to-3D-image-reconstruction/facescape_224/fsmview_trainset_2_3_mouth_stretch_22.jpg,0.8299371600151062,0.5145842432975769,-0.3153529167175293,7.313755467534065,0.6958453059196472,0.5800930857658386,0.5800930857658386,50.596184999903926,46.63945100014644,real_npy,0,1
461,/mnt/c/Users/Chirayu/Documents/GitHub/2D-to-3D-image-reconstruction/facescape_224/fsmview_trainset_6_11_chin_raiser_1.jpg,0.07466559112071991,0.0804215595126152,0.005755968391895294,8.334475614130497,0.708313524723053,0.38675522804260254,0.38675522804260254,21.599371000093015,26.092429000073025,real_npy,0,1
462,/mnt/c/Users/Chirayu/Documents/GitHub/2D-to-3D-image-reconstruction/facescape_224/fsmview_trainset_5_15_lip_roll_4.jpg,0.05761532858014107,0.04781380295753479,-0.009801525622606277,7.859696704894304,0.7088817954063416,0.29607126116752625,0.29607126116752625,22.015516000010393,35.518967999905726,real_npy,0,1
463,/mnt/c/Users/Chirayu/Documents/GitHub/2D-to-3D-image-reconstruction/facescape_224/fsmview_trainset_20_20_brow_lower_19.jpg,0.04171694815158844,0.042515307664871216,0.0007983595132827759,7.7551782839000225,0.6502604484558105,0.4896034598350525,0.4896034598350525,21.55292899988126,86.99571900001501,real_npy,0,1
464,/mnt/c/Users/Chirayu/Documents/GitHub/2D-to-3D-image-reconstruction/facescape_224/fsmview_trainset_18_19_brow_raiser_56.jpg,0.061274204403162,0.07602769136428833,0.014753486961126328,8.269436545670033,0.7226331830024719,0.3188028633594513,0.3188028633594513,41.127021000193054,29.31171299997004,real_npy,0,1
465,/mnt/c/Users/Chirayu/Documents/GitHub/2D-to-3D-image-reconstruction/facescape_224/fsmview_trainset_9_17_cheek_blowing_5.jpg,0.04804806783795357,0.05143135413527489,0.0033832862973213196,7.655013777315617,0.6837818622589111,0.35522815585136414,0.35522815585136414,74.83729099999437,20.42853400007516,real_npy,0,1
466,/mnt/c/Users/Chirayu/Documents/GitHub/2D-to-3D-image-reconstruction/facescape_224/fsmview_trainset_3_17_cheek_blowing_13.jpg,0.0640479251742363,0.05871932581067085,-0.005328599363565445,8.585867057554424,0.7110930681228638,0.4319021701812744,0.4319021701812744,20.464485000047716,20.446028999913324,real_npy,0,1
467,/mnt/c/Users/Chirayu/Documents/GitHub/2D-to-3D-image-reconstruction/facescape_224/fsmview_trainset_7_17_cheek_blowing_31.jpg,0.1181536540389061,0.1206948459148407,0.002541191875934601,7.671551462262869,0.656161367893219,0.4911363422870636,0.4911363422870636,21.13056600001073,21.84635900016474,real_npy,0,1
468,/mnt/c/Users/Chirayu/Documents/GitHub/2D-to-3D-image-reconstruction/facescape_224/fsmview_trainset_20_13_lip_funneler_29.jpg,0.06791921705007553,0.08115046471357346,0.013231247663497925,7.905269011855125,0.6978052854537964,0.32081013917922974,0.32081013917922974,21.96243899993533,20.206057999985205,real_npy,0,1
469,/mnt/c/Users/Chirayu/Documents/GitHub/2D-to-3D-image-reconstruction/facescape_224/fsmview_trainset_15_6_jaw_right_22.jpg,0.03464064747095108,0.034922823309898376,0.00028217583894729614,7.013940513134003,0.590022087097168,0.513390839099884,0.513390839099884,21.501687999943897,22.52593399998659,real_npy,0,1
470,/mnt/c/Users/Chirayu/Documents/GitHub/2D-to-3D-image-reconstruction/facescape_224/fsmview_trainset_4_14_sadness_48.jpg,0.09137339144945145,0.09456465393304825,0.0031912624835968018,7.814936269074678,0.7587220668792725,0.30598610639572144,0.30598610639572144,22.04893600014657,20.258057000091867,real_npy,0,1
471,/mnt/c/Users/Chirayu/Documents/GitHub/2D-to-3D-image-reconstruction/facescape_224/fsmview_trainset_19_16_grin_57.jpg,0.30343034863471985,0.3123888075351715,0.00895845890045166,7.154980875551701,0.6417759656906128,0.269451379776001,0.269451379776001,20.856117999983326,19.849910999937492,real_npy,0,1
472,/mnt/c/Users/Chirayu/Documents/GitHub/2D-to-3D-image-reconstruction/facescape_224/fsmview_trainset_17_13_lip_funneler_52.jpg,0.2860678434371948,0.27935293316841125,-0.006714910268783569,7.489506870508194,0.6547030806541443,0.4326638877391815,0.4326638877391815,74.50856800005567,23.70492899990495,real_npy,0,1
473,/mnt/c/Users/Chirayu/Documents/GitHub/2D-to-3D-image-reconstruction/facescape_224/fsmview_trainset_6_15_lip_roll_11.jpg,0.31283238530158997,0.30525660514831543,-0.007575780153274536,6.160058323293924,0.5634938478469849,0.5274311304092407,0.5274311304092407,19.85346500009655,19.67589700007011,real_npy,0,0
474,/mnt/c/Users/Chirayu/Documents/GitHub/2D-to-3D-image-reconstruction/facescape_224/fsmview_trainset_17_10_dimpler_4.jpg,0.09221390634775162,0.09906089305877686,0.006846986711025238,9.122791228815913,0.7319716811180115,0.40572527050971985,0.40572527050971985,21.813970000039262,21.51316799995584,real_npy,0,1
475,/mnt/c/Users/Chirayu/Documents/GitHub/2D-to-3D-image-reconstruction/facescape_224/fsmview_trainset_3_2_smile_26.jpg,0.034441087394952774,0.03648091480135918,0.0020398274064064026,7.894240893423557,0.6641757488250732,0.33476126194000244,0.33476126194000244,23.09714900002291,19.561783999961335,real_npy,0,1
476,/mnt/c/Users/Chirayu/Documents/GitHub/2D-to-3D-image-reconstruction/facescape_224/fsmview_trainset_18_20_brow_lower_5.jpg,0.05490697920322418,0.058898065239191055,0.003991086035966873,8.26910974085331,0.6884461045265198,0.3360166549682617,0.3360166549682617,20.510715000000346,92.93702600007236,real_npy,0,1
477,/mnt/c/Users/Chirayu/Documents/GitHub/2D-to-3D-image-reconstruction/facescape_224/fsmview_trainset_3_19_brow_raiser_28.jpg,0.03601586073637009,0.03543635457754135,-0.0005795061588287354,7.61628482863307,0.643774688243866,0.2784073054790497,0.2784073054790497,19.894696999926964,19.687051999881078,real_npy,0,1
478,/mnt/c/Users/Chirayu/Documents/GitHub/2D-to-3D-image-reconstruction/facescape_224/fsmview_trainset_17_12_lip_puckerer_54.jpg,0.3501312732696533,0.3347075581550598,-0.015423715114593506,7.754225470125675,0.6847695708274841,0.4240695834159851,0.4240695834159851,69.54609000013079,21.023568000146042,real_npy,0,1
479,/mnt/c/Users/Chirayu/Documents/GitHub/2D-to-3D-image-reconstruction/facescape_224/fsmview_trainset_20_11_chin_raiser_26.jpg,0.0351276732981205,0.0389082171022892,0.003780543804168701,7.990532984957099,0.6679455637931824,0.4331682026386261,0.4331682026386261,20.793654000044626,23.123263999877963,real_npy,0,1
480,/mnt/c/Users/Chirayu/Documents/GitHub/2D-to-3D-image-reconstruction/facescape_224/fsmview_trainset_2_18_eye_closed_30.jpg,0.08136860281229019,0.08510471880435944,0.0037361159920692444,8.962327875196934,0.7541341185569763,0.38011112809181213,0.38011112809181213,22.208023000075627,21.95809900013046,real_npy,0,1
481,/mnt/c/Users/Chirayu/Documents/GitHub/2D-to-3D-image-reconstruction/facescape_224/fsmview_trainset_11_15_lip_roll_60.jpg,0.6515899300575256,0.6728922128677368,0.02130228281021118,7.8994308933615685,0.6796922087669373,0.5231847763061523,0.5231847763061523,75.6369650000579,35.65409199995884,real_npy,0,1
482,/mnt/c/Users/Chirayu/Documents/GitHub/2D-to-3D-image-reconstruction/facescape_224/fsmview_trainset_3_15_lip_roll_19.jpg,0.05185030773282051,0.05444510281085968,0.0025947950780391693,8.226930181495845,0.6963911652565002,0.35077589750289917,0.35077589750289917,64.71033799994075,22.571891999859872,real_npy,0,1
483,/mnt/c/Users/Chirayu/Documents/GitHub/2D-to-3D-image-reconstruction/facescape_224/fsmview_trainset_14_9_mouth_right_26.jpg,0.050265368074178696,0.06163134425878525,0.011365976184606552,7.853300876915455,0.7254533767700195,0.48394638299942017,0.48394638299942017,77.48747100004039,26.430011000002196,real_npy,0,1
484,/mnt/c/Users/Chirayu/Documents/GitHub/2D-to-3D-image-reconstruction/facescape_224/fsmview_trainset_15_18_eye_closed_30.jpg,0.12709684669971466,0.1433553546667099,0.01625850796699524,7.886180862784386,0.6456881761550903,0.4221703112125397,0.4221703112125397,21.19150999988051,21.130085000095278,real_npy,0,1
485,/mnt/c/Users/Chirayu/Documents/GitHub/2D-to-3D-image-reconstruction/facescape_224/fsmview_trainset_14_7_jaw_forward_31.jpg,0.031312838196754456,10.098936080932617,10.067623242735863,67.59336385130882,10.666171073913574,0.43383410573005676,0.43383410573005676,84.24455299996225,32.100270999990244,real_npy,1,1
486,/mnt/c/Users/Chirayu/Documents/GitHub/2D-to-3D-image-reconstruction/facescape_224/fsmview_trainset_14_2_smile_49.jpg,0.8261361122131348,0.7598569393157959,-0.06627917289733887,7.988480348140001,0.6758061647415161,0.578789234161377,0.578789234161377,32.268319999957384,20.86876199996368,real_npy,0,1
487,/mnt/c/Users/Chirayu/Documents/GitHub/2D-to-3D-image-reconstruction/facescape_224/fsmview_trainset_20_18_eye_closed_29.jpg,0.16698354482650757,0.17555584013462067,0.008572295308113098,7.699695065617561,0.6418857574462891,0.3341212868690491,0.3341212868690491,25.38564199994653,25.84985399994366,real_npy,0,1
488,/mnt/c/Users/Chirayu/Documents/GitHub/2D-to-3D-image-reconstruction/facescape_224/fsmview_trainset_8_14_sadness_15.jpg,0.1631939858198166,0.15400822460651398,-0.009185761213302612,7.96015028655529,0.6563171148300171,0.4165508449077606,0.4165508449077606,21.389716999919983,19.84088199992584,real_npy,0,1
489,/mnt/c/Users/Chirayu/Documents/GitHub/2D-to-3D-image-reconstruction/facescape_224/fsmview_trainset_13_9_mouth_right_13.jpg,0.05034561827778816,6.305017948150635,6.254672329872847,50.34496134519577,8.14769458770752,0.46335259079933167,0.46335259079933167,21.846603999847503,37.04334600001857,real_npy,1,1
490,/mnt/c/Users/Chirayu/Documents/GitHub/2D-to-3D-image-reconstruction/facescape_224/fsmview_trainset_1_13_lip_funneler_6.jpg,0.037706032395362854,0.04077732935547829,0.0030712969601154327,7.879827037453651,0.7057034969329834,0.2709927260875702,0.2709927260875702,20.74275400013903,20.186979999834875,real_npy,0,1
491,/mnt/c/Users/Chirayu/Documents/GitHub/2D-to-3D-image-reconstruction/facescape_224/fsmview_trainset_11_12_lip_puckerer_33.jpg,0.03666970506310463,3.148874521255493,3.1122048161923885,39.045198019593954,4.344366550445557,0.5236365795135498,0.5236365795135498,21.772665000071356,50.99369799995657,real_npy,1,1
492,/mnt/c/Users/Chirayu/Documents/GitHub/2D-to-3D-image-reconstruction/facescape_224/fsmview_trainset_6_10_dimpler_30.jpg,0.0483369342982769,0.04253825917840004,-0.005798675119876862,8.09764326363802,0.6712338924407959,0.41863951086997986,0.41863951086997986,22.27480199985621,21.63646400003927,real_npy,0,1
493,/mnt/c/Users/Chirayu/Documents/GitHub/2D-to-3D-image-reconstruction/facescape_224/fsmview_trainset_6_18_eye_closed_36.jpg,0.09265346825122833,0.1031278446316719,0.010474376380443573,8.039103534072638,0.6891829967498779,0.34383225440979004,0.34383225440979004,20.990237999967576,21.5630099999089,real_npy,0,1
494,/mnt/c/Users/Chirayu/Documents/GitHub/2D-to-3D-image-reconstruction/facescape_224/fsmview_trainset_9_7_jaw_forward_14.jpg,0.03749633580446243,0.03672446310520172,-0.0007718726992607117,7.831419330090284,0.6869957447052002,0.3597376048564911,0.3597376048564911,20.582436000040616,20.82160700001623,real_npy,0,1
495,/mnt/c/Users/Chirayu/Documents/GitHub/2D-to-3D-image-reconstruction/facescape_224/fsmview_trainset_13_11_chin_raiser_15.jpg,0.04366982355713844,0.047551870346069336,0.003882046788930893,8.522094300948083,0.7169482707977295,0.3886965811252594,0.3886965811252594,19.94500999990123,19.26068500006295,real_npy,0,1
496,/mnt/c/Users/Chirayu/Documents/GitHub/2D-to-3D-image-reconstruction/facescape_224/fsmview_trainset_18_8_mouth_left_33.jpg,0.036775924265384674,0.03756329044699669,0.0007873661816120148,8.653662098571658,0.7235007882118225,0.41223883628845215,0.41223883628845215,21.047421000048416,30.28154399999039,real_npy,0,1
497,/mnt/c/Users/Chirayu/Documents/GitHub/2D-to-3D-image-reconstruction/facescape_224/fsmview_trainset_12_15_lip_roll_49.jpg,0.2190011590719223,0.23903611302375793,0.020034953951835632,7.254126023501158,0.6303812861442566,0.4690704345703125,0.4690704345703125,71.10860500006311,59.99583000016173,real_npy,0,1
498,/mnt/c/Users/Chirayu/Documents/GitHub/2D-to-3D-image-reconstruction/facescape_224/fsmview_trainset_14_3_mouth_stretch_16.jpg,0.08734456449747086,0.1299278885126114,0.04258332401514053,7.463740184903145,0.6928573250770569,0.4626448154449463,0.4626448154449463,42.79686900008528,20.060048000004826,real_npy,0,1
499,/mnt/c/Users/Chirayu/Documents/GitHub/2D-to-3D-image-reconstruction/facescape_224/fsmview_trainset_14_12_lip_puckerer_65.jpg,0.056413404643535614,0.05869727581739426,0.0022838711738586426,9.088184736669064,0.8145949244499207,0.4432125389575958,0.4432125389575958,20.72566100014228,22.94242699986171,real_npy,0,1
500,/mnt/c/Users/Chirayu/Documents/GitHub/2D-to-3D-image-reconstruction/facescape_224/fsmview_trainset_16_6_jaw_right_10.jpg,0.031138848513364792,0.03253301978111267,0.001394171267747879,7.769120182842016,0.654594898223877,0.3067227900028229,0.3067227900028229,64.99686999995902,18.77185500006817,real_npy,0,1
501,/mnt/c/Users/Chirayu/Documents/GitHub/2D-to-3D-image-reconstruction/facescape_224/fsmview_trainset_15_5_jaw_left_11.jpg,0.1333809345960617,0.1739390343427658,0.0405580997467041,8.313047274947166,0.7302277088165283,0.5511730909347534,0.5511730909347534,90.1911169999039,34.12232899995615,real_npy,0,1
502,/mnt/c/Users/Chirayu/Documents/GitHub/2D-to-3D-image-reconstruction/facescape_224/fsmview_trainset_4_5_jaw_left_25.jpg,0.03703274577856064,0.35895657539367676,0.3219238296151161,13.317823153920472,1.1483880281448364,0.2990436851978302,0.2990436851978302,20.69717200015475,48.98814500006665,real_npy,0,1
503,/mnt/c/Users/Chirayu/Documents/GitHub/2D-to-3D-image-reconstruction/facescape_224/fsmview_trainset_1_17_cheek_blowing_11.jpg,0.10114644467830658,0.08730699121952057,-0.01383945345878601,8.086342431604862,0.7421625852584839,0.3878903090953827,0.3878903090953827,20.218350000050123,21.167489999925237,real_npy,0,1
504,/mnt/c/Users/Chirayu/Documents/GitHub/2D-to-3D-image-reconstruction/facescape_224/fsmview_trainset_16_18_eye_closed_33.jpg,0.036800019443035126,0.0387253537774086,0.0019253343343734741,8.295321349054575,0.68452388048172,0.3876514434814453,0.3876514434814453,48.769125000035274,25.609233000068343,real_npy,0,1
505,/mnt/c/Users/Chirayu/Documents/GitHub/2D-to-3D-image-reconstruction/facescape_224/fsmview_trainset_15_18_eye_closed_11.jpg,0.11644415557384491,0.1692364364862442,0.05279228091239929,8.790392436087132,0.7392709851264954,0.5699161291122437,0.5699161291122437,95.03985500009549,42.11825099991984,real_npy,0,1
506,/mnt/c/Users/Chirayu/Documents/GitHub/2D-to-3D-image-reconstruction/facescape_224/fsmview_trainset_19_16_grin_36.jpg,0.0372234582901001,0.04306457191705704,0.00584111362695694,8.347642216831446,0.7264598608016968,0.3353250026702881,0.3353250026702881,20.380625000143482,49.835527999903206,real_npy,0,1
507,/mnt/c/Users/Chirayu/Documents/GitHub/2D-to-3D-image-reconstruction/facescape_224/fsmview_trainset_20_10_dimpler_28.jpg,0.08706198632717133,0.08751246333122253,0.0004504770040512085,8.20061451382935,0.6754291653633118,0.4883582592010498,0.4883582592010498,47.45093200017436,24.641222999889578,real_npy,0,1
508,/mnt/c/Users/Chirayu/Documents/GitHub/2D-to-3D-image-reconstruction/facescape_224/fsmview_trainset_10_1_neutral_55.jpg,0.11468033492565155,0.11980228126049042,0.005121946334838867,7.391718368977308,0.6919588446617126,0.30659323930740356,0.30659323930740356,37.73220799985211,30.02423400016596,real_npy,0,1
509,/mnt/c/Users/Chirayu/Documents/GitHub/2D-to-3D-image-reconstruction/facescape_224/fsmview_trainset_1_9_mouth_right_54.jpg,0.03465816378593445,2.0452215671539307,2.010563403367996,31.098282653838396,3.076557159423828,0.3046026825904846,0.3046026825904846,23.914011999977447,30.205935999902067,real_npy,1,1
510,/mnt/c/Users/Chirayu/Documents/GitHub/2D-to-3D-image-reconstruction/facescape_224/fsmview_trainset_5_19_brow_raiser_15.jpg,0.03306590020656586,1.0992393493652344,1.0661734491586685,22.783478882163763,2.105149745941162,0.38292524218559265,0.38292524218559265,21.595571000034397,25.93523199993797,real_npy,0,1
511,/mnt/c/Users/Chirayu/Documents/GitHub/2D-to-3D-image-reconstruction/facescape_224/fsmview_trainset_2_6_jaw_right_2.jpg,0.21341750025749207,0.20645102858543396,-0.0069664716720581055,8.314924914389849,0.7577499747276306,0.4783596992492676,0.4783596992492676,20.77534399995784,45.849881999856734,real_npy,0,1
512,/mnt/c/Users/Chirayu/Documents/GitHub/2D-to-3D-image-reconstruction/facescape_224/fsmview_trainset_12_6_jaw_right_25.jpg,0.8034044504165649,0.6599492430686951,-0.14345520734786987,8.138200211338699,0.7401847839355469,0.5277134776115417,0.5277134776115417,71.46044399996754,20.22846800014122,real_npy,0,1
513,/mnt/c/Users/Chirayu/Documents/GitHub/2D-to-3D-image-reconstruction/facescape_224/fsmview_trainset_6_10_dimpler_26.jpg,0.04808240756392479,0.04726091027259827,-0.0008214972913265228,8.044551843777299,0.6829477548599243,0.3674190044403076,0.3674190044403076,23.59522000006109,20.39990299999772,real_npy,0,1
514,/mnt/c/Users/Chirayu/Documents/GitHub/2D-to-3D-image-reconstruction/facescape_224/fsmview_trainset_13_7_jaw_forward_16.jpg,0.053139857947826385,0.04880281165242195,-0.004337046295404434,8.561497784219682,0.721411406993866,0.4147831201553345,0.4147831201553345,21.78959399998348,19.148852999933297,real_npy,0,1
515,/mnt/c/Users/Chirayu/Documents/GitHub/2D-to-3D-image-reconstruction/facescape_224/fsmview_trainset_19_8_mouth_left_39.jpg,0.10318049788475037,0.11032086610794067,0.007140368223190308,8.884898766875267,0.754710853099823,0.37238335609436035,0.37238335609436035,20.28350499995213,19.183427000143638,real_npy,0,1
516,/mnt/c/Users/Chirayu/Documents/GitHub/2D-to-3D-image-reconstruction/facescape_224/fsmview_trainset_20_18_eye_closed_28.jpg,0.07886446267366409,0.08308809250593185,0.004223629832267761,8.030553478747606,0.6688582301139832,0.48619887232780457,0.48619887232780457,40.629932000001645,45.99852399996962,real_npy,0,1
517,/mnt/c/Users/Chirayu/Documents/GitHub/2D-to-3D-image-reconstruction/facescape_224/fsmview_trainset_9_19_brow_raiser_28.jpg,0.059090130031108856,0.07358118891716003,0.014491058886051178,8.368905317038298,0.6839757561683655,0.2716761827468872,0.2716761827468872,21.84618999990562,82.04001199987943,real_npy,0,1
518,/mnt/c/Users/Chirayu/Documents/GitHub/2D-to-3D-image-reconstruction/facescape_224/fsmview_trainset_19_16_grin_8.jpg,0.04256261885166168,0.0571184903383255,0.014555871486663818,8.75482539832592,0.7734662294387817,0.22704382240772247,0.22704382240772247,20.089503000008335,20.400004000066474,real_npy,0,1
519,/mnt/c/Users/Chirayu/Documents/GitHub/2D-to-3D-image-reconstruction/facescape_224/fsmview_trainset_12_1_neutral_43.jpg,0.12932999432086945,0.13523457944393158,0.005904585123062134,7.601806305348873,0.6550937294960022,0.47617223858833313,0.47617223858833313,22.169134000023405,20.77679299986812,real_npy,0,1
520,/mnt/c/Users/Chirayu/Documents/GitHub/2D-to-3D-image-reconstruction/facescape_224/fsmview_trainset_9_12_lip_puckerer_54.jpg,0.0723402351140976,0.07129309326410294,-0.0010471418499946594,7.786645546555519,0.6668286323547363,0.4572223424911499,0.4572223424911499,21.750264000047537,38.87242099995092,real_npy,0,1
521,/mnt/c/Users/Chirayu/Documents/GitHub/2D-to-3D-image-reconstruction/facescape_224/fsmview_trainset_13_7_jaw_forward_52.jpg,0.07399961352348328,0.0685245543718338,-0.005475059151649475,8.575153715908527,0.706993818283081,0.38808730244636536,0.38808730244636536,21.917829999893,35.228167000013855,real_npy,0,1
522,/mnt/c/Users/Chirayu/Documents/GitHub/2D-to-3D-image-reconstruction/facescape_224/fsmview_trainset_20_6_jaw_right_6.jpg,0.40047577023506165,0.40948715806007385,0.009011387825012207,6.8222605269402266,0.6723026037216187,0.5939916372299194,0.5939916372299194,22.278662000189797,24.838617000114027,real_npy,0,1
523,/mnt/c/Users/Chirayu/Documents/GitHub/2D-to-3D-image-reconstruction/facescape_224/fsmview_trainset_19_17_cheek_blowing_27.jpg,0.7869969606399536,0.6969848871231079,-0.0900120735168457,8.249253436923027,0.7496518492698669,0.38959434628486633,0.38959434628486633,30.61819899994589,24.91461799991157,real_npy,0,1
524,/mnt/c/Users/Chirayu/Documents/GitHub/2D-to-3D-image-reconstruction/facescape_224/fsmview_trainset_1_2_smile_24.jpg,0.0668649971485138,0.07092906534671783,0.0040640681982040405,8.070725359022617,0.7352823615074158,0.48433855175971985,0.48433855175971985,103.59844899994641,24.26196099986555,real_npy,0,1
525,/mnt/c/Users/Chirayu/Documents/GitHub/2D-to-3D-image-reconstruction/facescape_224/fsmview_trainset_14_15_lip_roll_20.jpg,0.05106841400265694,0.05256805196404457,0.0014996379613876343,7.223130494356155,0.6412173509597778,0.3034943640232086,0.3034943640232086,29.23675700003514,77.72095299992543,real_npy,0,1
526,/mnt/c/Users/Chirayu/Documents/GitHub/2D-to-3D-image-reconstruction/facescape_224/fsmview_trainset_7_5_jaw_left_18.jpg,0.03513254225254059,0.035028599202632904,-0.00010394304990768433,8.089476063847542,0.6636954545974731,0.41949185729026794,0.41949185729026794,29.255320999936885,55.54735499981689,real_npy,0,1
527,/mnt/c/Users/Chirayu/Documents/GitHub/2D-to-3D-image-reconstruction/facescape_224/fsmview_trainset_12_18_eye_closed_39.jpg,0.07272189110517502,0.07605881989002228,0.0033369287848472595,8.295573402196169,0.7019826173782349,0.46277081966400146,0.46277081966400146,41.73875199990107,123.45848900008605,real_npy,0,1
528,/mnt/c/Users/Chirayu/Documents/GitHub/2D-to-3D-image-reconstruction/facescape_224/fsmview_trainset_1_11_chin_raiser_42.jpg,0.1099850982427597,0.10918013006448746,-0.0008049681782722473,8.2022713907063,0.7102037668228149,0.4522884488105774,0.4522884488105774,23.370379999960278,20.49312100007228,real_npy,0,1
529,/mnt/c/Users/Chirayu/Documents/GitHub/2D-to-3D-image-reconstruction/facescape_224/fsmview_trainset_14_1_neutral_38.jpg,0.0547083355486393,0.05251362919807434,-0.0021947063505649567,7.4891239404678345,0.6184267401695251,0.3317272663116455,0.3317272663116455,68.80899399993723,22.8932340000938,real_npy,0,1
530,/mnt/c/Users/Chirayu/Documents/GitHub/2D-to-3D-image-reconstruction/facescape_224/fsmview_trainset_8_17_cheek_blowing_33.jpg,0.030402235686779022,0.3192406892776489,0.2888384535908699,12.813069115392864,1.1230003833770752,0.2874932885169983,0.2874932885169983,19.875624000178505,21.632357000044067,real_npy,0,1
531,/mnt/c/Users/Chirayu/Documents/GitHub/2D-to-3D-image-reconstruction/facescape_224/fsmview_trainset_17_20_brow_lower_46.jpg,0.14464722573757172,0.14585861563682556,0.0012113898992538452,8.372922736220062,0.7461373805999756,0.4333338439464569,0.4333338439464569,27.324354000029416,50.42798899989975,real_npy,0,1
532,/mnt/c/Users/Chirayu/Documents/GitHub/2D-to-3D-image-reconstruction/facescape_224/fsmview_trainset_18_20_brow_lower_24.jpg,0.034995440393686295,0.03451353684067726,-0.0004819035530090332,8.22727731242776,0.704365611076355,0.4116453230381012,0.4116453230381012,20.75115200000255,21.450768000022435,real_npy,0,1
533,/mnt/c/Users/Chirayu/Documents/GitHub/2D-to-3D-image-reconstruction/facescape_224/fsmview_trainset_20_3_mouth_stretch_58.jpg,0.0766456127166748,0.0733237937092781,-0.003321819007396698,8.364192213863134,0.7602689862251282,0.3718288242816925,0.3718288242816925,20.879824999838092,21.107300000039686,real_npy,0,1
534,/mnt/c/Users/Chirayu/Documents/GitHub/2D-to-3D-image-reconstruction/facescape_224/fsmview_trainset_6_9_mouth_right_36.jpg,0.10867951065301895,0.11637865751981735,0.007699146866798401,7.6510472893714905,0.660531222820282,0.3382125198841095,0.3382125198841095,77.19175000011091,57.26488799996332,real_npy,0,1
535,/mnt/c/Users/Chirayu/Documents/GitHub/2D-to-3D-image-reconstruction/facescape_224/fsmview_trainset_12_6_jaw_right_8.jpg,0.061003852635622025,0.07552226632833481,0.014518413692712784,8.884853765368462,0.7444350719451904,0.5085646510124207,0.5085646510124207,21.257219000062832,23.819889000151306,real_npy,0,1
536,/mnt/c/Users/Chirayu/Documents/GitHub/2D-to-3D-image-reconstruction/facescape_224/fsmview_trainset_19_9_mouth_right_26.jpg,0.06407057493925095,0.0583479218184948,-0.005722653120756149,9.135129857808352,0.7499935626983643,0.43291208148002625,0.43291208148002625,21.390228999962346,24.784883999927843,real_npy,0,1
537,/mnt/c/Users/Chirayu/Documents/GitHub/2D-to-3D-image-reconstruction/facescape_224/fsmview_trainset_11_8_mouth_left_45.jpg,0.8194287419319153,0.8158096671104431,-0.003619074821472168,7.768492139875889,0.6578797101974487,0.556919276714325,0.556919276714325,36.39961599992603,19.61915000015324,real_npy,0,1
538,/mnt/c/Users/Chirayu/Documents/GitHub/2D-to-3D-image-reconstruction/facescape_224/fsmview_trainset_1_12_lip_puckerer_33.jpg,0.035831328481435776,153.72056579589844,153.684734467417,228.30941027402878,205.17552185058594,0.37233251333236694,0.37233251333236694,24.197361000005913,19.930745000010575,real_npy,1,1
539,/mnt/c/Users/Chirayu/Documents/GitHub/2D-to-3D-image-reconstruction/facescape_224/fsmview_trainset_11_1_neutral_64.jpg,0.2074824571609497,0.2161369025707245,0.00865444540977478,8.035725925117731,0.7180821895599365,0.4333241879940033,0.4333241879940033,60.43169999998099,20.90051699997275,real_npy,0,1
540,/mnt/c/Users/Chirayu/Documents/GitHub/2D-to-3D-image-reconstruction/facescape_224/fsmview_trainset_8_14_sadness_36.jpg,0.05395102500915527,0.045660052448511124,-0.00829097256064415,7.862861007452011,0.6650488376617432,0.3118177652359009,0.3118177652359009,21.136855999884574,20.868016000122225,real_npy,0,1
541,/mnt/c/Users/Chirayu/Documents/GitHub/2D-to-3D-image-reconstruction/facescape_224/fsmview_trainset_1_14_sadness_55.jpg,0.1202750876545906,8.494325637817383,8.374050550162792,62.876049757003784,9.312268257141113,0.28756198287010193,0.28756198287010193,20.51088799998979,27.6409269999931,real_npy,1,1
542,/mnt/c/Users/Chirayu/Documents/GitHub/2D-to-3D-image-reconstruction/facescape_224/fsmview_trainset_2_17_cheek_blowing_14.jpg,0.03807574138045311,0.037872664630413055,-0.00020307675004005432,7.903451039455831,0.699687123298645,0.43426740169525146,0.43426740169525146,21.011200999964785,65.33401000001504,real_npy,0,1
543,/mnt/c/Users/Chirayu/Documents/GitHub/2D-to-3D-image-reconstruction/facescape_224/fsmview_trainset_20_4_anger_23.jpg,0.029773754999041557,0.02942064218223095,-0.0003531128168106079,7.443683605641127,0.5985136032104492,0.428470253944397,0.428470253944397,21.08615100019051,22.283072999925935,real_npy,0,1
544,/mnt/c/Users/Chirayu/Documents/GitHub/2D-to-3D-image-reconstruction/facescape_224/fsmview_trainset_18_1_neutral_39.jpg,0.1547268182039261,0.14857308566570282,-0.006153732538223267,8.390254184603691,0.800230860710144,0.5385992527008057,0.5385992527008057,25.12109600002077,19.4954510000116,real_npy,0,1
545,/mnt/c/Users/Chirayu/Documents/GitHub/2D-to-3D-image-reconstruction/facescape_224/fsmview_trainset_20_16_grin_18.jpg,0.04394426569342613,0.04143510386347771,-0.0025091618299484253,7.710481453686953,0.6350771188735962,0.49556970596313477,0.49556970596313477,21.630206000054386,33.817127000020264,real_npy,0,1
546,/mnt/c/Users/Chirayu/Documents/GitHub/2D-to-3D-image-reconstruction/facescape_224/fsmview_trainset_20_11_chin_raiser_13.jpg,0.05345554277300835,0.052996546030044556,-0.0004589967429637909,8.321475643664598,0.700592041015625,0.3882107436656952,0.3882107436656952,21.85789600002863,23.747336000042196,real_npy,0,1
547,/mnt/c/Users/Chirayu/Documents/GitHub/2D-to-3D-image-reconstruction/facescape_224/fsmview_trainset_14_5_jaw_left_30.jpg,0.043493833392858505,0.05628577247262001,0.012791939079761505,6.971297156065702,0.6112275719642639,0.27721816301345825,0.27721816301345825,20.766555999898628,59.37777400004052,real_npy,0,1
548,/mnt/c/Users/Chirayu/Documents/GitHub/2D-to-3D-image-reconstruction/facescape_224/fsmview_trainset_5_8_mouth_left_12.jpg,0.38781553506851196,0.4082840085029602,0.020468473434448242,7.32450558245182,0.6140581965446472,0.2783668041229248,0.2783668041229248,21.16305899994586,21.6484009999931,real_npy,0,1
549,/mnt/c/Users/Chirayu/Documents/GitHub/2D-to-3D-image-reconstruction/facescape_224/fsmview_trainset_5_8_mouth_left_57.jpg,0.07412645220756531,0.07285847514867783,-0.0012679770588874817,8.410163275897503,0.732664942741394,0.4203137159347534,0.4203137159347534,28.841509999892878,22.089972999992824,real_npy,0,1
550,/mnt/c/Users/Chirayu/Documents/GitHub/2D-to-3D-image-reconstruction/facescape_224/fsmview_trainset_3_16_grin_24.jpg,0.03868589177727699,0.039271146059036255,0.0005852542817592621,7.191570229828358,0.6467843651771545,0.3063829839229584,0.3063829839229584,31.714492999981303,69.12236800008031,real_npy,0,1
551,/mnt/c/Users/Chirayu/Documents/GitHub/2D-to-3D-image-reconstruction/facescape_224/fsmview_trainset_9_12_lip_puckerer_40.jpg,0.27688068151474,0.2955472469329834,0.018666565418243408,6.640750903636217,0.6196978688240051,0.44121307134628296,0.44121307134628296,20.398582999860082,18.72983400016892,real_npy,0,1
552,/mnt/c/Users/Chirayu/Documents/GitHub/2D-to-3D-image-reconstruction/facescape_224/fsmview_trainset_17_19_brow_raiser_15.jpg,0.047872163355350494,0.04839491844177246,0.0005227550864219666,8.62660004850477,0.7079775333404541,0.3597918152809143,0.3597918152809143,36.42300100000284,27.683487999865974,real_npy,0,1
553,/mnt/c/Users/Chirayu/Documents/GitHub/2D-to-3D-image-reconstruction/facescape_224/fsmview_trainset_11_13_lip_funneler_21.jpg,0.04305245727300644,0.045075416564941406,0.002022959291934967,7.903900939971209,0.6482990980148315,0.486493319272995,0.486493319272995,20.766168999898582,44.48037799988924,real_npy,0,1
554,/mnt/c/Users/Chirayu/Documents/GitHub/2D-to-3D-image-reconstruction/facescape_224/fsmview_trainset_15_13_lip_funneler_33.jpg,0.12175143510103226,0.13977684080600739,0.018025405704975128,7.492723096162081,0.6482394337654114,0.5843969583511353,0.5843969583511353,53.312247000121715,27.756128999953944,real_npy,0,1
555,/mnt/c/Users/Chirayu/Documents/GitHub/2D-to-3D-image-reconstruction/facescape_224/fsmview_trainset_5_16_grin_41.jpg,0.11471397429704666,0.11267098039388657,-0.002042993903160095,7.73585931956768,0.6822646260261536,0.4667949080467224,0.4667949080467224,21.66190999992068,22.454361999962202,real_npy,0,1
556,/mnt/c/Users/Chirayu/Documents/GitHub/2D-to-3D-image-reconstruction/facescape_224/fsmview_trainset_12_1_neutral_30.jpg,0.057322222739458084,0.0542169027030468,-0.0031053200364112854,9.282678104937077,0.7699306011199951,0.5492187142372131,0.5492187142372131,53.508657000065796,20.80967699998837,real_npy,0,1
557,/mnt/c/Users/Chirayu/Documents/GitHub/2D-to-3D-image-reconstruction/facescape_224/fsmview_trainset_1_18_eye_closed_19.jpg,0.43130043148994446,0.4065385162830353,-0.02476191520690918,6.385961577296257,0.6094503402709961,0.4621879756450653,0.4621879756450653,95.16794399996797,22.117694999906234,real_npy,0,0
558,/mnt/c/Users/Chirayu/Documents/GitHub/2D-to-3D-image-reconstruction/facescape_224/fsmview_trainset_13_12_lip_puckerer_37.jpg,0.03720269352197647,0.03728056699037552,7.787346839904785e-05,8.623044271022081,0.7603609561920166,0.3233707845211029,0.3233707845211029,35.42234700012159,21.373859000050288,real_npy,0,1
559,/mnt/c/Users/Chirayu/Documents/GitHub/2D-to-3D-image-reconstruction/facescape_224/fsmview_trainset_9_9_mouth_right_1.jpg,0.06801978498697281,0.07097715884447098,0.002957373857498169,7.9055304527282715,0.7036132216453552,0.3832211196422577,0.3832211196422577,22.222626000029777,20.842032000018662,real_npy,0,1
560,/mnt/c/Users/Chirayu/Documents/GitHub/2D-to-3D-image-reconstruction/facescape_224/fsmview_trainset_11_6_jaw_right_34.jpg,0.038022730499506,2.631521463394165,2.593498732894659,35.8528573140502,3.9831135272979736,0.5696970224380493,0.5696970224380493,64.1367050000099,36.919305000083114,real_npy,1,1
561,/mnt/c/Users/Chirayu/Documents/GitHub/2D-to-3D-image-reconstruction/facescape_224/fsmview_trainset_14_1_neutral_53.jpg,0.37508606910705566,0.4203023910522461,0.04521632194519043,7.655981563031673,0.6707038283348083,0.563467264175415,0.563467264175415,21.95503000007193,22.77271599996311,real_npy,0,1
562,/mnt/c/Users/Chirayu/Documents/GitHub/2D-to-3D-image-reconstruction/facescape_224/fsmview_trainset_5_14_sadness_41.jpg,0.11289806663990021,0.11135945469141006,-0.0015386119484901428,7.906629130244255,0.6941671371459961,0.47746971249580383,0.47746971249580383,81.86676499985879,64.23398400011138,real_npy,0,1
563,/mnt/c/Users/Chirayu/Documents/GitHub/2D-to-3D-image-reconstruction/facescape_224/fsmview_trainset_4_18_eye_closed_50.jpg,0.04570189490914345,0.04928387328982353,0.0035819783806800842,8.599730119109154,0.7222495675086975,0.31921878457069397,0.31921878457069397,32.578859000068405,22.264420999817958,real_npy,0,1
564,/mnt/c/Users/Chirayu/Documents/GitHub/2D-to-3D-image-reconstruction/facescape_224/fsmview_trainset_8_18_eye_closed_56.jpg,0.03930165618658066,0.04017547890543938,0.0008738227188587189,8.247376627288759,0.7022553086280823,0.24128125607967377,0.24128125607967377,33.84719399991809,27.94380000000274,real_npy,0,1
565,/mnt/c/Users/Chirayu/Documents/GitHub/2D-to-3D-image-reconstruction/facescape_224/fsmview_trainset_19_4_anger_25.jpg,0.0810064747929573,0.07476960122585297,-0.00623687356710434,9.31996464729309,0.7467621564865112,0.4530054032802582,0.4530054032802582,21.417059999976118,23.90334200003963,real_npy,0,1
566,/mnt/c/Users/Chirayu/Documents/GitHub/2D-to-3D-image-reconstruction/facescape_224/fsmview_trainset_15_2_smile_58.jpg,0.06040113791823387,0.06492119282484055,0.004520054906606674,8.542575426399708,0.77142733335495,0.4610586166381836,0.4610586166381836,35.92972199999167,21.181176000027335,real_npy,0,1
567,/mnt/c/Users/Chirayu/Documents/GitHub/2D-to-3D-image-reconstruction/facescape_224/fsmview_trainset_7_18_eye_closed_22.jpg,0.24389900267124176,0.24637632071971893,0.002477318048477173,7.094213545322418,0.6963808536529541,0.6120597720146179,0.6120597720146179,20.81225100005213,28.633049000063693,real_npy,0,1
568,/mnt/c/Users/Chirayu/Documents/GitHub/2D-to-3D-image-reconstruction/facescape_224/fsmview_trainset_3_2_smile_52.jpg,0.15280717611312866,0.15680977702140808,0.004002600908279419,8.00399286299944,0.7231536507606506,0.4561603367328644,0.4561603367328644,87.57628000012119,20.45946099997309,real_npy,0,1
569,/mnt/c/Users/Chirayu/Documents/GitHub/2D-to-3D-image-reconstruction/facescape_224/fsmview_trainset_11_14_sadness_26.jpg,0.06451094895601273,0.08250575512647629,0.017994806170463562,8.351367585361004,0.7371163368225098,0.48332685232162476,0.48332685232162476,21.060717999944245,20.836391999864645,real_npy,0,1
570,/mnt/c/Users/Chirayu/Documents/GitHub/2D-to-3D-image-reconstruction/facescape_224/fsmview_trainset_6_7_jaw_forward_27.jpg,0.049601100385189056,0.04640656337141991,-0.0031945370137691498,8.368536116555333,0.6924548149108887,0.37269988656044006,0.37269988656044006,22.36564100007854,19.96151599996665,real_npy,0,1
571,/mnt/c/Users/Chirayu/Documents/GitHub/2D-to-3D-image-reconstruction/facescape_224/fsmview_trainset_7_3_mouth_stretch_41.jpg,0.09556526690721512,0.09060555696487427,-0.004959709942340851,7.981129176914692,0.7608683109283447,0.48061904311180115,0.48061904311180115,25.33184899994012,24.053278000110367,real_npy,0,1
572,/mnt/c/Users/Chirayu/Documents/GitHub/2D-to-3D-image-reconstruction/facescape_224/fsmview_trainset_4_10_dimpler_8.jpg,0.04122709482908249,0.03822679445147514,-0.0030003003776073456,7.698019437491894,0.6650425791740417,0.1804199367761612,0.1804199367761612,20.106005999878107,21.904648999907295,real_npy,0,1
573,/mnt/c/Users/Chirayu/Documents/GitHub/2D-to-3D-image-reconstruction/facescape_224/fsmview_trainset_20_2_smile_44.jpg,0.08769086003303528,0.09467674791812897,0.006985887885093689,9.681049523875117,0.7651968598365784,0.4214431643486023,0.4214431643486023,69.02930399996876,22.546817000147712,real_npy,0,1
574,/mnt/c/Users/Chirayu/Documents/GitHub/2D-to-3D-image-reconstruction/facescape_224/fsmview_trainset_5_18_eye_closed_20.jpg,0.055275771766901016,0.05495773255825043,-0.000318039208650589,8.715291421860456,0.7414571046829224,0.3837125599384308,0.3837125599384308,23.443987000064226,25.193392999881326,real_npy,0,1
575,/mnt/c/Users/Chirayu/Documents/GitHub/2D-to-3D-image-reconstruction/facescape_224/fsmview_trainset_8_12_lip_puckerer_20.jpg,0.042057473212480545,0.041234586387872696,-0.0008228868246078491,8.510767679661512,0.7002562284469604,0.2873433232307434,0.2873433232307434,20.46264299997347,19.562534999977288,real_npy,0,1
576,/mnt/c/Users/Chirayu/Documents/GitHub/2D-to-3D-image-reconstruction/facescape_224/fsmview_trainset_12_4_anger_22.jpg,0.16938228905200958,0.16058069467544556,-0.008801594376564026,8.812984973192215,0.6903761029243469,0.5559110045433044,0.5559110045433044,21.502060000102574,84.50240800016218,real_npy,0,1
577,/mnt/c/Users/Chirayu/Documents/GitHub/2D-to-3D-image-reconstruction/facescape_224/fsmview_trainset_12_15_lip_roll_36.jpg,0.0425310917198658,0.1247052326798439,0.0821741409599781,7.2041448764503,0.6294031739234924,0.3813866674900055,0.3813866674900055,20.306342999901972,23.404905000006693,real_npy,0,1
578,/mnt/c/Users/Chirayu/Documents/GitHub/2D-to-3D-image-reconstruction/facescape_224/fsmview_trainset_18_3_mouth_stretch_12.jpg,0.048362672328948975,0.052017007023096085,0.00365433469414711,7.910166390240192,0.7540168762207031,0.4047447741031647,0.4047447741031647,25.606934999814257,57.886277999841695,real_npy,0,1
579,/mnt/c/Users/Chirayu/Documents/GitHub/2D-to-3D-image-reconstruction/facescape_224/fsmview_trainset_20_13_lip_funneler_59.jpg,0.6706603169441223,0.650265097618103,-0.020395219326019287,7.530725535005331,0.6829667091369629,0.461026668548584,0.461026668548584,51.974159000110376,19.923935999941023,real_npy,0,1
580,/mnt/c/Users/Chirayu/Documents/GitHub/2D-to-3D-image-reconstruction/facescape_224/fsmview_trainset_11_3_mouth_stretch_41.jpg,0.04635507985949516,0.043723274022340775,-0.0026318058371543884,7.938646826893091,0.7386720180511475,0.4480973184108734,0.4480973184108734,21.014789999981076,19.31814299996404,real_npy,0,1
581,/mnt/c/Users/Chirayu/Documents/GitHub/2D-to-3D-image-reconstruction/facescape_224/fsmview_trainset_11_12_lip_puckerer_29.jpg,0.17109669744968414,0.5774273872375488,0.4063306897878647,17.51347661204636,1.6522623300552368,0.41843947768211365,0.41843947768211365,22.325749999936306,24.29194000001189,real_npy,0,1
582,/mnt/c/Users/Chirayu/Documents/GitHub/2D-to-3D-image-reconstruction/facescape_224/fsmview_trainset_3_4_anger_2.jpg,0.04915298894047737,0.055228494107723236,0.006075505167245865,8.407016634941101,0.7351592183113098,0.43584001064300537,0.43584001064300537,22.649126999795044,81.3540120000198,real_npy,0,1
583,/mnt/c/Users/Chirayu/Documents/GitHub/2D-to-3D-image-reconstruction/facescape_224/fsmview_trainset_4_10_dimpler_27.jpg,0.07919970899820328,0.08098195493221283,0.001782245934009552,7.716449573636055,0.6922826170921326,0.3588310182094574,0.3588310182094574,36.65792300012072,20.23005700016256,real_npy,0,1
584,/mnt/c/Users/Chirayu/Documents/GitHub/2D-to-3D-image-reconstruction/facescape_224/fsmview_trainset_9_1_neutral_12.jpg,0.032995469868183136,0.0367276668548584,0.0037321969866752625,7.827392216771841,0.6616170406341553,0.23448629677295685,0.23448629677295685,30.970734999982596,19.032466999988173,real_npy,0,1
585,/mnt/c/Users/Chirayu/Documents/GitHub/2D-to-3D-image-reconstruction/facescape_224/fsmview_trainset_12_13_lip_funneler_5.jpg,0.43421393632888794,0.4356115162372589,0.0013975799083709717,6.635282009840012,0.6497043967247009,0.5006036758422852,0.5006036758422852,21.381216999998287,21.065669000108755,real_npy,0,1
586,/mnt/c/Users/Chirayu/Documents/GitHub/2D-to-3D-image-reconstruction/facescape_224/fsmview_trainset_5_18_eye_closed_3.jpg,0.31794166564941406,0.3257265090942383,0.007784843444824219,7.8333775624632835,0.6729599237442017,0.3763418197631836,0.3763418197631836,71.86018799984595,19.939667000016925,real_npy,0,1
587,/mnt/c/Users/Chirayu/Documents/GitHub/2D-to-3D-image-reconstruction/facescape_224/fsmview_trainset_1_3_mouth_stretch_44.jpg,0.11618681997060776,0.11926142126321793,0.0030746012926101685,7.925862595438957,0.6737108826637268,0.4969756305217743,0.4969756305217743,21.00671599987436,21.6558070001156,real_npy,0,1
588,/mnt/c/Users/Chirayu/Documents/GitHub/2D-to-3D-image-reconstruction/facescape_224/fsmview_trainset_11_3_mouth_stretch_17.jpg,0.04793637990951538,0.05383104085922241,0.005894660949707031,7.574640549719334,0.7227889895439148,0.5002537965774536,0.5002537965774536,41.778052000154275,19.155111999907604,real_npy,0,1
589,/mnt/c/Users/Chirayu/Documents/GitHub/2D-to-3D-image-reconstruction/facescape_224/fsmview_trainset_8_10_dimpler_40.jpg,0.25557008385658264,0.27730071544647217,0.021730631589889526,6.320252403616905,0.6177946329116821,0.43297427892684937,0.43297427892684937,69.12285300018084,20.064026999989437,real_npy,0,0
590,/mnt/c/Users/Chirayu/Documents/GitHub/2D-to-3D-image-reconstruction/facescape_224/fsmview_trainset_18_15_lip_roll_39.jpg,0.10348696261644363,0.09294266253709793,-0.010544300079345703,7.773175977170467,0.7023476958274841,0.5248039960861206,0.5248039960861206,34.041265000041676,80.20070399993529,real_npy,0,1
591,/mnt/c/Users/Chirayu/Documents/GitHub/2D-to-3D-image-reconstruction/facescape_224/fsmview_trainset_19_12_lip_puckerer_5.jpg,0.05689004808664322,0.06517381221055984,0.008283764123916626,8.262607783079147,0.6774548292160034,0.2442668378353119,0.2442668378353119,22.352247000071657,23.142510000070615,real_npy,0,1
592,/mnt/c/Users/Chirayu/Documents/GitHub/2D-to-3D-image-reconstruction/facescape_224/fsmview_trainset_9_12_lip_puckerer_22.jpg,0.2884311079978943,0.3413844406604767,0.0529533326625824,6.957454062998295,0.6558547616004944,0.6099624633789062,0.6099624633789062,62.01935700005379,44.181823000144504,real_npy,0,1
593,/mnt/c/Users/Chirayu/Documents/GitHub/2D-to-3D-image-reconstruction/facescape_224/fsmview_trainset_4_14_sadness_45.jpg,0.1168626919388771,0.13650882244110107,0.01964613050222397,9.66348943207413,0.8011748194694519,0.3023150861263275,0.3023150861263275,101.34600599985788,23.376385999881677,real_npy,0,1
594,/mnt/c/Users/Chirayu/Documents/GitHub/2D-to-3D-image-reconstruction/facescape_224/fsmview_trainset_12_10_dimpler_0.jpg,0.0425160713493824,0.04516872391104698,0.0026526525616645813,8.297535510733724,0.6715997457504272,0.40273210406303406,0.40273210406303406,24.58839800010537,58.651110999790035,real_npy,0,1
595,/mnt/c/Users/Chirayu/Documents/GitHub/2D-to-3D-image-reconstruction/facescape_224/fsmview_trainset_3_16_grin_35.jpg,0.11134106665849686,0.12733207643032074,0.015991009771823883,7.5771216452121735,0.6973729133605957,0.3745650053024292,0.3745650053024292,20.407714000157284,54.63750900003106,real_npy,0,1
596,/mnt/c/Users/Chirayu/Documents/GitHub/2D-to-3D-image-reconstruction/facescape_224/fsmview_trainset_14_1_neutral_59.jpg,0.0468752458691597,0.05231676995754242,0.005441524088382721,7.281350739300251,0.6344138979911804,0.35642388463020325,0.35642388463020325,19.711049000079583,21.0196040000028,real_npy,0,1
597,/mnt/c/Users/Chirayu/Documents/GitHub/2D-to-3D-image-reconstruction/facescape_224/fsmview_trainset_19_1_neutral_9.jpg,0.06241370737552643,0.07505737990140915,0.012643672525882721,8.996484287083149,0.7514073848724365,0.2641943395137787,0.2641943395137787,20.63173800002005,37.18803600008869,real_npy,0,1
598,/mnt/c/Users/Chirayu/Documents/GitHub/2D-to-3D-image-reconstruction/facescape_224/fsmview_trainset_19_5_jaw_left_27.jpg,0.6684872508049011,0.5833162069320679,-0.08517104387283325,8.074524007737637,0.6988590359687805,0.38147464394569397,0.38147464394569397,57.68853300014598,19.30477700011579,real_npy,0,1
599,/mnt/c/Users/Chirayu/Documents/GitHub/2D-to-3D-image-reconstruction/facescape_224/fsmview_trainset_7_13_lip_funneler_40.jpg,0.18967199325561523,0.20457258820533752,0.01490059494972229,6.64133894816041,0.6302685737609863,0.4355403780937195,0.4355403780937195,54.57264899996517,20.31330399995568,real_npy,0,1
600,/mnt/c/Users/Chirayu/Documents/GitHub/2D-to-3D-image-reconstruction/facescape_224/fsmview_trainset_3_2_smile_25.jpg,0.03501322865486145,0.03648918494582176,0.0014759562909603119,7.699287928640842,0.6590669751167297,0.32926955819129944,0.32926955819129944,21.91256100013561,21.781366000141134,real_npy,0,1
601,/mnt/c/Users/Chirayu/Documents/GitHub/2D-to-3D-image-reconstruction/facescape_224/fsmview_trainset_7_3_mouth_stretch_16.jpg,0.04487552493810654,0.6234685182571411,0.5785929933190346,16.430308266542852,1.5565614700317383,0.35120680928230286,0.35120680928230286,78.55063400006657,26.295431000107783,real_npy,0,1
602,/mnt/c/Users/Chirayu/Documents/GitHub/2D-to-3D-image-reconstruction/facescape_224/fsmview_trainset_7_13_lip_funneler_18.jpg,0.04121490940451622,0.04052191600203514,-0.0006929934024810791,8.362811108585447,0.6853516697883606,0.42149871587753296,0.42149871587753296,20.30377000005501,31.508080999856247,real_npy,0,1
603,/mnt/c/Users/Chirayu/Documents/GitHub/2D-to-3D-image-reconstruction/facescape_224/fsmview_trainset_4_11_chin_raiser_44.jpg,0.10616472363471985,0.09950431436300278,-0.0066604092717170715,8.39375115185976,0.7089744210243225,0.3701329529285431,0.3701329529285431,26.84432400019432,53.69402499991338,real_npy,0,1
604,/mnt/c/Users/Chirayu/Documents/GitHub/2D-to-3D-image-reconstruction/facescape_224/fsmview_trainset_5_10_dimpler_15.jpg,0.037469878792762756,0.039550382643938065,0.0020805038511753082,8.048546560108662,0.6669425368309021,0.38586440682411194,0.38586440682411194,20.183143999929598,20.529476999854523,real_npy,0,1
605,/mnt/c/Users/Chirayu/Documents/GitHub/2D-to-3D-image-reconstruction/facescape_224/fsmview_trainset_15_16_grin_18.jpg,0.046653054654598236,0.05080178380012512,0.004148729145526886,8.007302273064852,0.7344831824302673,0.5432904958724976,0.5432904958724976,21.303135999914957,23.361521999959223,real_npy,0,1
606,/mnt/c/Users/Chirayu/Documents/GitHub/2D-to-3D-image-reconstruction/facescape_224/fsmview_trainset_12_14_sadness_38.jpg,0.03290567174553871,0.032628946006298065,-0.00027672573924064636,8.454811580479145,0.7052226066589355,0.43636980652809143,0.43636980652809143,55.47524300004625,21.24067800014018,real_npy,0,1
607,/mnt/c/Users/Chirayu/Documents/GitHub/2D-to-3D-image-reconstruction/facescape_224/fsmview_trainset_14_20_brow_lower_64.jpg,0.4680430591106415,0.4579774737358093,-0.010065585374832153,6.994924750179052,0.6103777885437012,0.46292486786842346,0.46292486786842346,45.92528500006665,29.163850000031744,real_npy,0,1
608,/mnt/c/Users/Chirayu/Documents/GitHub/2D-to-3D-image-reconstruction/facescape_224/fsmview_trainset_8_17_cheek_blowing_22.jpg,0.04523782432079315,0.04505039006471634,-0.00018743425607681274,8.01569270901382,0.6645119786262512,0.2935929596424103,0.2935929596424103,20.877145999975255,19.002691999958188,real_npy,0,1
609,/mnt/c/Users/Chirayu/Documents/GitHub/2D-to-3D-image-reconstruction/facescape_224/fsmview_trainset_15_14_sadness_10.jpg,0.20984914898872375,0.25021418929100037,0.04036504030227661,8.121487621217966,0.7250704169273376,0.5904510021209717,0.5904510021209717,21.307233000015913,57.87573500015242,real_npy,0,1
610,/mnt/c/Users/Chirayu/Documents/GitHub/2D-to-3D-image-reconstruction/facescape_224/fsmview_trainset_15_8_mouth_left_18.jpg,0.041137490421533585,0.040819600224494934,-0.0003178901970386505,7.887489318847656,0.6454567909240723,0.5479838848114014,0.5479838848114014,71.81390400000964,39.10581100012678,real_npy,0,1
611,/mnt/c/Users/Chirayu/Documents/GitHub/2D-to-3D-image-reconstruction/facescape_224/fsmview_trainset_17_4_anger_19.jpg,0.05738160014152527,0.05957753583788872,0.002195935696363449,9.06930248439312,0.775510847568512,0.33018627762794495,0.33018627762794495,22.031169000001682,22.91061900018576,real_npy,0,1
612,/mnt/c/Users/Chirayu/Documents/GitHub/2D-to-3D-image-reconstruction/facescape_224/fsmview_trainset_14_18_eye_closed_19.jpg,0.04264480248093605,0.04517807811498642,0.0025332756340503693,7.196150274947286,0.6436919569969177,0.5449700355529785,0.5449700355529785,34.507665999854,34.768727000027866,real_npy,0,1
613,/mnt/c/Users/Chirayu/Documents/GitHub/2D-to-3D-image-reconstruction/facescape_224/fsmview_trainset_9_2_smile_25.jpg,0.045015376061201096,0.04506533220410347,4.995614290237427e-05,8.502066440880299,0.7039390206336975,0.3313310146331787,0.3313310146331787,22.265023999807454,20.464973999878566,real_npy,0,1
614,/mnt/c/Users/Chirayu/Documents/GitHub/2D-to-3D-image-reconstruction/facescape_224/fsmview_trainset_17_12_lip_puckerer_12.jpg,0.15200869739055634,0.15162622928619385,-0.0003824681043624878,7.893271636217833,0.7558572292327881,0.24646049737930298,0.24646049737930298,20.714881000003516,21.141809000027934,real_npy,0,1
615,/mnt/c/Users/Chirayu/Documents/GitHub/2D-to-3D-image-reconstruction/facescape_224/fsmview_trainset_14_18_eye_closed_64.jpg,0.06763959676027298,0.06985025852918625,0.002210661768913269,9.012586187571287,0.8221217393875122,0.43885770440101624,0.43885770440101624,26.2655960000302,48.8732799999525,real_npy,0,1
616,/mnt/c/Users/Chirayu/Documents/GitHub/2D-to-3D-image-reconstruction/facescape_224/fsmview_trainset_1_3_mouth_stretch_17.jpg,0.04573800414800644,7.553479194641113,7.507741190493107,58.70553004741669,8.46274471282959,0.3351636230945587,0.3351636230945587,22.77919900006964,33.78361499994753,real_npy,1,1
617,/mnt/c/Users/Chirayu/Documents/GitHub/2D-to-3D-image-reconstruction/facescape_224/fsmview_trainset_1_2_smile_10.jpg,0.032528288662433624,0.034908782690763474,0.0023804940283298492,8.338471695780754,0.7364168763160706,0.3085261285305023,0.3085261285305023,21.64181299986012,21.376660999976593,real_npy,0,1
618,/mnt/c/Users/Chirayu/Documents/GitHub/2D-to-3D-image-reconstruction/facescape_224/fsmview_trainset_15_6_jaw_right_18.jpg,0.05074194818735123,0.04878207668662071,-0.0019598715007305145,8.040757160633802,0.7013210654258728,0.546326756477356,0.546326756477356,23.109223000119528,21.341644999893106,real_npy,0,1
619,/mnt/c/Users/Chirayu/Documents/GitHub/2D-to-3D-image-reconstruction/facescape_224/fsmview_trainset_5_1_neutral_10.jpg,0.24421539902687073,0.17853868007659912,-0.0656767189502716,6.655328880995512,0.7064254283905029,0.5788794755935669,0.5788794755935669,20.338039999842294,98.00587400013683,real_npy,0,1
620,/mnt/c/Users/Chirayu/Documents/GitHub/2D-to-3D-image-reconstruction/facescape_224/fsmview_trainset_6_12_lip_puckerer_56.jpg,0.08689533919095993,0.08543176203966141,-0.001463577151298523,8.45079129934311,0.7322607636451721,0.36923345923423767,0.36923345923423767,21.548411000139822,36.56220199991367,real_npy,0,1
621,/mnt/c/Users/Chirayu/Documents/GitHub/2D-to-3D-image-reconstruction/facescape_224/fsmview_trainset_13_18_eye_closed_56.jpg,0.1551894098520279,0.1666652411222458,0.011475831270217896,7.919180829077959,0.6578841209411621,0.41399815678596497,0.41399815678596497,24.334999000075186,75.84825200001433,real_npy,0,1
622,/mnt/c/Users/Chirayu/Documents/GitHub/2D-to-3D-image-reconstruction/facescape_224/fsmview_trainset_5_1_neutral_27.jpg,0.04168417304754257,0.04728939011693001,0.005605217069387436,7.635592922568321,0.6381402015686035,0.28012198209762573,0.28012198209762573,99.58539300009761,22.322870999914812,real_npy,0,1
623,/mnt/c/Users/Chirayu/Documents/GitHub/2D-to-3D-image-reconstruction/facescape_224/fsmview_trainset_12_15_lip_roll_20.jpg,0.8452780246734619,0.7361089587211609,-0.10916906595230103,7.627750784158707,0.6766034364700317,0.4954589009284973,0.4954589009284973,33.857135000062044,19.828490999998394,real_npy,0,1
624,/mnt/c/Users/Chirayu/Documents/GitHub/2D-to-3D-image-reconstruction/facescape_224/fsmview_trainset_15_10_dimpler_59.jpg,0.03972327336668968,0.044400349259376526,0.004677075892686844,7.859741739928722,0.6408477425575256,0.40469881892204285,0.40469881892204285,21.171813999899314,22.731156999952873,real_npy,0,1
625,/mnt/c/Users/Chirayu/Documents/GitHub/2D-to-3D-image-reconstruction/facescape_224/fsmview_trainset_1_11_chin_raiser_32.jpg,0.272771954536438,201.20033264160156,200.92756068706512,258.4512332677841,255.68157958984375,0.24136222898960114,0.24136222898960114,24.287519999916185,40.88335299979917,real_npy,1,1
626,/mnt/c/Users/Chirayu/Documents/GitHub/2D-to-3D-image-reconstruction/facescape_224/fsmview_trainset_16_3_mouth_stretch_10.jpg,0.02886713668704033,0.03313904628157616,0.004271909594535828,7.168948996812105,0.6376306414604187,0.30968430638313293,0.30968430638313293,20.984576000046218,36.55192999985957,real_npy,0,1
627,/mnt/c/Users/Chirayu/Documents/GitHub/2D-to-3D-image-reconstruction/facescape_224/fsmview_trainset_1_15_lip_roll_42.jpg,0.14472155272960663,0.12083994597196579,-0.02388160675764084,7.80355778336525,0.7459126710891724,0.44607818126678467,0.44607818126678467,24.70610599993961,64.12776100000883,real_npy,0,1
628,/mnt/c/Users/Chirayu/Documents/GitHub/2D-to-3D-image-reconstruction/facescape_224/fsmview_trainset_19_17_cheek_blowing_3.jpg,0.07626920938491821,0.07193567603826523,-0.004333533346652985,9.417764812707901,0.7587683796882629,0.35662177205085754,0.35662177205085754,21.699736000073244,19.646191999981966,real_npy,0,1
629,/mnt/c/Users/Chirayu/Documents/GitHub/2D-to-3D-image-reconstruction/facescape_224/fsmview_trainset_20_8_mouth_left_7.jpg,0.9830216765403748,0.9732190370559692,-0.009802639484405518,7.294252347201109,0.6801401376724243,0.5077872276306152,0.5077872276306152,23.510275000035108,19.627012000000832,real_npy,0,1
630,/mnt/c/Users/Chirayu/Documents/GitHub/2D-to-3D-image-reconstruction/facescape_224/fsmview_trainset_12_16_grin_49.jpg,0.05264666676521301,0.049189213663339615,-0.003457453101873398,7.912722587585449,0.6872388124465942,0.4624752104282379,0.4624752104282379,69.59628499998871,22.01272999991488,real_npy,0,1
631,/mnt/c/Users/Chirayu/Documents/GitHub/2D-to-3D-image-reconstruction/facescape_224/fsmview_trainset_5_8_mouth_left_54.jpg,0.2680585980415344,0.22245658934116364,-0.04560200870037079,8.02285149693489,0.7447423934936523,0.5084623694419861,0.5084623694419861,21.7870699998457,29.979746999970303,real_npy,0,1
632,/mnt/c/Users/Chirayu/Documents/GitHub/2D-to-3D-image-reconstruction/facescape_224/fsmview_trainset_2_11_chin_raiser_54.jpg,0.17337734997272491,0.17579098045825958,0.002413630485534668,8.422759495675564,0.7004974484443665,0.49403151869773865,0.49403151869773865,21.619133000058355,21.843229000069186,real_npy,0,1
633,/mnt/c/Users/Chirayu/Documents/GitHub/2D-to-3D-image-reconstruction/facescape_224/fsmview_trainset_7_9_mouth_right_10.jpg,0.030798280611634254,0.03239515796303749,0.0015968773514032364,7.641562234610319,0.6404222846031189,0.3365754187107086,0.3365754187107086,20.65399699995396,20.70840400006091,real_npy,0,1
634,/mnt/c/Users/Chirayu/Documents/GitHub/2D-to-3D-image-reconstruction/facescape_224/fsmview_trainset_3_13_lip_funneler_6.jpg,0.054042670875787735,0.05261242389678955,-0.0014302469789981842,8.209309320896864,0.7458565831184387,0.3253061771392822,0.3253061771392822,21.033129999977973,23.774504000130037,real_npy,0,1
635,/mnt/c/Users/Chirayu/Documents/GitHub/2D-to-3D-image-reconstruction/facescape_224/fsmview_trainset_9_15_lip_roll_28.jpg,0.04652642458677292,0.044480811804533005,-0.002045612782239914,7.663668233901262,0.6338118314743042,0.24663875997066498,0.24663875997066498,20.273251000162418,19.61030600000413,real_npy,0,1
636,/mnt/c/Users/Chirayu/Documents/GitHub/2D-to-3D-image-reconstruction/facescape_224/fsmview_trainset_13_13_lip_funneler_9.jpg,0.06597588211297989,0.06824636459350586,0.0022704824805259705,8.165393497794867,0.7000287771224976,0.4180554747581482,0.4180554747581482,20.49838900006762,20.119152999996004,real_npy,0,1
637,/mnt/c/Users/Chirayu/Documents/GitHub/2D-to-3D-image-reconstruction/facescape_224/fsmview_trainset_3_14_sadness_39.jpg,0.049432553350925446,0.053585030138492584,0.004152476787567139,7.71751956641674,0.6914371252059937,0.38110002875328064,0.38110002875328064,21.792427000036696,20.25816499985922,real_npy,0,1
638,/mnt/c/Users/Chirayu/Documents/GitHub/2D-to-3D-image-reconstruction/facescape_224/fsmview_trainset_12_2_smile_52.jpg,0.05294392257928848,0.05112702026963234,-0.0018169023096561432,7.777499631047249,0.6380380988121033,0.4765028655529022,0.4765028655529022,22.23011299997779,19.611806000057186,real_npy,0,1
639,/mnt/c/Users/Chirayu/Documents/GitHub/2D-to-3D-image-reconstruction/facescape_224/fsmview_trainset_1_9_mouth_right_55.jpg,0.05502215772867203,0.05682367458939552,0.0018015168607234955,7.769862003624439,0.7267500758171082,0.3305267095565796,0.3305267095565796,20.465818000047875,19.26856900013263,real_npy,0,1
640,/mnt/c/Users/Chirayu/Documents/GitHub/2D-to-3D-image-reconstruction/facescape_224/fsmview_trainset_3_9_mouth_right_28.jpg,0.036955658346414566,0.036623962223529816,-0.00033169612288475037,7.584080055356026,0.6414350867271423,0.2812926769256592,0.2812926769256592,26.794485999971585,38.42729600000894,real_npy,0,1
641,/mnt/c/Users/Chirayu/Documents/GitHub/2D-to-3D-image-reconstruction/facescape_224/fsmview_trainset_15_13_lip_funneler_10.jpg,0.14445380866527557,0.1599990874528885,0.015545278787612915,8.198028951883316,0.7367958426475525,0.5664705038070679,0.5664705038070679,21.642712999891955,19.44663400013269,real_npy,0,1
642,/mnt/c/Users/Chirayu/Documents/GitHub/2D-to-3D-image-reconstruction/facescape_224/fsmview_trainset_19_6_jaw_right_24.jpg,0.06986991316080093,0.07704577594995499,0.007175862789154053,9.413681181147695,0.7883647084236145,0.33272045850753784,0.33272045850753784,22.710381000024427,18.794110000044384,real_npy,0,1
643,/mnt/c/Users/Chirayu/Documents/GitHub/2D-to-3D-image-reconstruction/facescape_224/fsmview_trainset_10_2_smile_32.jpg,0.2503863573074341,143.60182189941406,143.35143554210663,219.13419610261917,190.48468017578125,0.21470031142234802,0.21470031142234802,20.335268000053475,17.92217599995638,real_npy,1,1
644,/mnt/c/Users/Chirayu/Documents/GitHub/2D-to-3D-image-reconstruction/facescape_224/fsmview_trainset_2_14_sadness_46.jpg,0.4332423806190491,0.44137057662010193,0.008128196001052856,6.407177224755287,0.5833933353424072,0.5112932920455933,0.5112932920455933,20.4435900000135,21.039788000052795,template_fallback,0,0
645,/mnt/c/Users/Chirayu/Documents/GitHub/2D-to-3D-image-reconstruction/facescape_224/fsmview_trainset_13_19_brow_raiser_4.jpg,0.058667268604040146,0.0546908937394619,-0.003976374864578247,9.169018764980137,0.7529421448707581,0.39463010430336,0.39463010430336,23.12769400009529,36.87149200004569,real_npy,0,1
646,/mnt/c/Users/Chirayu/Documents/GitHub/2D-to-3D-image-reconstruction/facescape_224/fsmview_trainset_18_4_anger_36.jpg,0.05251011624932289,0.04494020715355873,-0.00756990909576416,8.050432853400707,0.6892027258872986,0.4332020580768585,0.4332020580768585,24.04473899991899,22.675829999798225,real_npy,0,1
647,/mnt/c/Users/Chirayu/Documents/GitHub/2D-to-3D-image-reconstruction/facescape_224/fsmview_trainset_2_2_smile_41.jpg,0.8138023018836975,0.750250518321991,-0.06355178356170654,7.740715092048049,0.7186858057975769,0.40586578845977783,0.40586578845977783,21.035389999951803,22.229057000004104,real_npy,0,1
648,/mnt/c/Users/Chirayu/Documents/GitHub/2D-to-3D-image-reconstruction/facescape_224/fsmview_trainset_2_14_sadness_27.jpg,0.06343884021043777,0.06429591029882431,0.0008570700883865356,9.26451831497252,0.7748755216598511,0.4302729368209839,0.4302729368209839,39.09325600011471,21.87286599996696,real_npy,0,1
649,/mnt/c/Users/Chirayu/Documents/GitHub/2D-to-3D-image-reconstruction/facescape_224/fsmview_trainset_7_19_brow_raiser_27.jpg,0.05628729611635208,0.051100634038448334,-0.0051866620779037476,8.796266859397292,0.7311287522315979,0.42359185218811035,0.42359185218811035,36.60644100000354,21.770342000081655,real_npy,0,1
650,/mnt/c/Users/Chirayu/Documents/GitHub/2D-to-3D-image-reconstruction/facescape_224/fsmview_trainset_2_9_mouth_right_55.jpg,0.1102868840098381,0.11239928752183914,0.0021124035120010376,8.617064654827118,0.7580322027206421,0.42509400844573975,0.42509400844573975,21.23216500012859,20.68099699999948,real_npy,0,1
651,/mnt/c/Users/Chirayu/Documents/GitHub/2D-to-3D-image-reconstruction/facescape_224/fsmview_trainset_7_1_neutral_53.jpg,0.0989324077963829,0.0961574986577034,-0.0027749091386795044,8.127887591719627,0.7052746415138245,0.43653008341789246,0.43653008341789246,20.954379999921002,19.49612899989006,real_npy,0,1
652,/mnt/c/Users/Chirayu/Documents/GitHub/2D-to-3D-image-reconstruction/facescape_224/fsmview_trainset_19_19_brow_raiser_12.jpg,0.2599128186702728,0.27457553148269653,0.014662712812423706,7.5339139476418495,0.6438173651695251,0.305603951215744,0.305603951215744,20.677935000094294,20.68215200006307,real_npy,0,1
653,/mnt/c/Users/Chirayu/Documents/GitHub/2D-to-3D-image-reconstruction/facescape_224/fsmview_trainset_12_16_grin_21.jpg,0.06039289012551308,0.06481259316205978,0.004419703036546707,9.11285062879324,0.7373884320259094,0.5503809452056885,0.5503809452056885,73.27739899983499,84.07928199994785,real_npy,0,1
654,/mnt/c/Users/Chirayu/Documents/GitHub/2D-to-3D-image-reconstruction/facescape_224/fsmview_trainset_3_9_mouth_right_17.jpg,0.03321110084652901,0.07500935345888138,0.04179825261235237,6.988652404397726,0.6132730841636658,0.34022974967956543,0.34022974967956543,21.603354000035324,19.886723999889,real_npy,0,1
655,/mnt/c/Users/Chirayu/Documents/GitHub/2D-to-3D-image-reconstruction/facescape_224/fsmview_trainset_10_20_brow_lower_19.jpg,0.0493977926671505,0.05158242955803871,0.002184636890888214,8.52753040753305,0.7209105491638184,0.34271878004074097,0.34271878004074097,21.305644999983997,20.406497000067247,real_npy,0,1
656,/mnt/c/Users/Chirayu/Documents/GitHub/2D-to-3D-image-reconstruction/facescape_224/fsmview_trainset_3_14_sadness_24.jpg,0.044982437044382095,0.047136589884757996,0.0021541528403759003,8.523399981670082,0.6923640966415405,0.4445990025997162,0.4445990025997162,23.10570400004508,19.298778000120365,real_npy,0,1
657,/mnt/c/Users/Chirayu/Documents/GitHub/2D-to-3D-image-reconstruction/facescape_224/fsmview_trainset_11_15_lip_roll_11.jpg,0.08171627670526505,0.17499925196170807,0.09328297525644302,7.269217174500227,0.655597984790802,0.5791813731193542,0.5791813731193542,30.292096000039237,21.706599000026472,real_npy,0,1
658,/mnt/c/Users/Chirayu/Documents/GitHub/2D-to-3D-image-reconstruction/facescape_224/fsmview_trainset_20_9_mouth_right_52.jpg,0.16379575431346893,0.17579253017902374,0.01199677586555481,7.796671278774738,0.68808913230896,0.5087763071060181,0.5087763071060181,21.626706999995804,21.85260499982178,real_npy,0,1
659,/mnt/c/Users/Chirayu/Documents/GitHub/2D-to-3D-image-reconstruction/facescape_224/fsmview_trainset_12_12_lip_puckerer_32.jpg,0.03746786713600159,1.9488987922668457,1.9114309251308441,30.4720007032156,3.1046478748321533,0.44356340169906616,0.44356340169906616,20.374252999999953,28.466535999996267,real_npy,0,1
660,/mnt/c/Users/Chirayu/Documents/GitHub/2D-to-3D-image-reconstruction/facescape_224/fsmview_trainset_1_5_jaw_left_13.jpg,0.21169333159923553,0.20591196417808533,-0.0057813674211502075,6.8531365022063255,0.6112646460533142,0.5029977560043335,0.5029977560043335,20.927077000123973,19.7543870001482,real_npy,0,1
661,/mnt/c/Users/Chirayu/Documents/GitHub/2D-to-3D-image-reconstruction/facescape_224/fsmview_trainset_7_10_dimpler_0.jpg,0.23111797869205475,0.21121865510940552,-0.01989932358264923,6.968983963131905,0.6683887243270874,0.4833834171295166,0.4833834171295166,22.133784000061496,21.53314199995293,real_npy,0,1
662,/mnt/c/Users/Chirayu/Documents/GitHub/2D-to-3D-image-reconstruction/facescape_224/fsmview_trainset_5_13_lip_funneler_9.jpg,0.03806300088763237,0.04267604276537895,0.004613041877746582,8.039315473288298,0.6800512671470642,0.30542418360710144,0.30542418360710144,21.667731999968964,46.96404100013751,real_npy,0,1
663,/mnt/c/Users/Chirayu/Documents/GitHub/2D-to-3D-image-reconstruction/facescape_224/fsmview_trainset_8_8_mouth_left_2.jpg,0.051437750458717346,0.04925358295440674,-0.002184167504310608,7.672205850481987,0.6661535501480103,0.2701028287410736,0.2701028287410736,23.14243399996485,21.55922300016755,real_npy,0,1
664,/mnt/c/Users/Chirayu/Documents/GitHub/2D-to-3D-image-reconstruction/facescape_224/fsmview_trainset_6_14_sadness_17.jpg,0.039573051035404205,0.04083944112062454,0.001266390085220337,8.313758152537048,0.6934316754341125,0.37111902236938477,0.37111902236938477,24.434288000065862,20.878176999985953,real_npy,0,1
665,/mnt/c/Users/Chirayu/Documents/GitHub/2D-to-3D-image-reconstruction/facescape_224/fsmview_trainset_20_1_neutral_21.jpg,0.03420095518231392,0.03303147852420807,-0.0011694766581058502,7.681064166128635,0.6344317197799683,0.39892831444740295,0.39892831444740295,21.480733000089458,19.492510999953083,real_npy,0,1
666,/mnt/c/Users/Chirayu/Documents/GitHub/2D-to-3D-image-reconstruction/facescape_224/fsmview_trainset_13_7_jaw_forward_8.jpg,0.04020516946911812,76.71988677978516,76.67968161031604,167.90673941373825,79.55062103271484,0.3988213837146759,0.3988213837146759,22.46950900007505,43.727110000190805,real_npy,1,1
667,/mnt/c/Users/Chirayu/Documents/GitHub/2D-to-3D-image-reconstruction/facescape_224/fsmview_trainset_15_15_lip_roll_25.jpg,0.02745463140308857,0.02757243625819683,0.00011780485510826111,7.084989003837109,0.5812569260597229,0.5494062304496765,0.5494062304496765,22.490657000162173,20.220755000082136,real_npy,0,1
668,/mnt/c/Users/Chirayu/Documents/GitHub/2D-to-3D-image-reconstruction/facescape_224/fsmview_trainset_3_10_dimpler_47.jpg,0.044858966022729874,0.04940251633524895,0.0045435503125190735,8.943939588963985,0.7424972653388977,0.4816135764122009,0.4816135764122009,65.37870099987231,31.88829100008661,real_npy,0,1
669,/mnt/c/Users/Chirayu/Documents/GitHub/2D-to-3D-image-reconstruction/facescape_224/fsmview_trainset_5_12_lip_puckerer_19.jpg,0.04306730255484581,0.04445971921086311,0.0013924166560173035,8.494782349094748,0.7113834023475647,0.35808104276657104,0.35808104276657104,20.663531000082003,19.86593200012976,real_npy,0,1
670,/mnt/c/Users/Chirayu/Documents/GitHub/2D-to-3D-image-reconstruction/facescape_224/fsmview_trainset_10_14_sadness_40.jpg,0.13538967072963715,0.15473559498786926,0.019345924258232117,6.967856138944626,0.6227273941040039,0.5299487113952637,0.5299487113952637,21.69092099984482,21.9485990000976,real_npy,0,1
671,/mnt/c/Users/Chirayu/Documents/GitHub/2D-to-3D-image-reconstruction/facescape_224/fsmview_trainset_13_2_smile_33.jpg,0.1327081024646759,0.1272239238023758,-0.00548417866230011,7.90128830820322,0.7020891308784485,0.41534608602523804,0.41534608602523804,21.127172999968025,40.11665600000924,real_npy,0,1
672,/mnt/c/Users/Chirayu/Documents/GitHub/2D-to-3D-image-reconstruction/facescape_224/fsmview_trainset_19_8_mouth_left_27.jpg,0.529342770576477,0.47414520382881165,-0.055197566747665405,7.929366260766983,0.7066744565963745,0.40189361572265625,0.40189361572265625,23.523440999952072,20.37711200000558,real_npy,0,1
673,/mnt/c/Users/Chirayu/Documents/GitHub/2D-to-3D-image-reconstruction/facescape_224/fsmview_trainset_18_4_anger_34.jpg,0.03109222650527954,100.79195404052734,100.76086181402206,189.60060387849808,118.20225524902344,0.4224729537963867,0.4224729537963867,24.447118000125556,21.5083880000293,real_npy,1,1
674,/mnt/c/Users/Chirayu/Documents/GitHub/2D-to-3D-image-reconstruction/facescape_224/fsmview_trainset_17_3_mouth_stretch_56.jpg,0.7421036958694458,0.7602100372314453,0.01810634136199951,6.928151393309236,0.603903591632843,0.29213815927505493,0.29213815927505493,19.90425500002857,37.58812299997771,real_npy,0,1
675,/mnt/c/Users/Chirayu/Documents/GitHub/2D-to-3D-image-reconstruction/facescape_224/fsmview_trainset_14_12_lip_puckerer_5.jpg,0.5328925251960754,0.4554806351661682,-0.07741189002990723,7.448997046798468,0.6499645709991455,0.6031820178031921,0.6031820178031921,25.604900999951496,23.526524999851972,template_fallback,0,1
676,/mnt/c/Users/Chirayu/Documents/GitHub/2D-to-3D-image-reconstruction/facescape_224/fsmview_trainset_16_16_grin_41.jpg,0.0957517921924591,0.09188590198755264,-0.0038658902049064636,7.988691125065088,0.7491430044174194,0.4477621614933014,0.4477621614933014,22.560521000059452,21.374657000023944,real_npy,0,1
677,/mnt/c/Users/Chirayu/Documents/GitHub/2D-to-3D-image-reconstruction/facescape_224/fsmview_trainset_19_11_chin_raiser_6.jpg,0.07448107749223709,0.0773978903889656,0.0029168128967285156,8.516228068619967,0.706149697303772,0.262211412191391,0.262211412191391,20.98704600007295,32.90526499995394,real_npy,0,1
678,/mnt/c/Users/Chirayu/Documents/GitHub/2D-to-3D-image-reconstruction/facescape_224/fsmview_trainset_16_12_lip_puckerer_31.jpg,0.04413191229104996,0.0447908379137516,0.0006589256227016449,8.640903729945421,0.7251861095428467,0.2996973693370819,0.2996973693370819,49.69444700009262,22.09307699990859,real_npy,0,1
679,/mnt/c/Users/Chirayu/Documents/GitHub/2D-to-3D-image-reconstruction/facescape_224/fsmview_trainset_10_14_sadness_39.jpg,0.04730917513370514,0.04660222306847572,-0.0007069520652294159,7.856819920241833,0.6701489090919495,0.38315874338150024,0.38315874338150024,21.700803000157975,33.86376100002053,real_npy,0,1
680,/mnt/c/Users/Chirayu/Documents/GitHub/2D-to-3D-image-reconstruction/facescape_224/fsmview_trainset_11_2_smile_28.jpg,0.13675227761268616,0.1332702487707138,-0.003482028841972351,9.1840391587466,0.7349764704704285,0.5667174458503723,0.5667174458503723,44.585073999996894,21.931730999995125,real_npy,0,1
681,/mnt/c/Users/Chirayu/Documents/GitHub/2D-to-3D-image-reconstruction/facescape_224/fsmview_trainset_8_15_lip_roll_31.jpg,0.11050958931446075,0.13366420567035675,0.023154616355895996,7.513799611479044,0.6424071192741394,0.26135560870170593,0.26135560870170593,22.20360499995877,21.33686199999829,real_npy,0,1
682,/mnt/c/Users/Chirayu/Documents/GitHub/2D-to-3D-image-reconstruction/facescape_224/fsmview_trainset_20_8_mouth_left_47.jpg,0.0635840967297554,0.11262457072734833,0.049040473997592926,7.14575918763876,0.6677722334861755,0.668083667755127,0.668083667755127,22.692445000075168,22.67060400004084,real_npy,0,1
683,/mnt/c/Users/Chirayu/Documents/GitHub/2D-to-3D-image-reconstruction/facescape_224/fsmview_trainset_16_2_smile_3.jpg,0.05782885476946831,0.06963629275560379,0.011807437986135483,7.511927917599678,0.7030996680259705,0.4029715955257416,0.4029715955257416,46.14874499998223,20.002223999881608,real_npy,0,1
684,/mnt/c/Users/Chirayu/Documents/GitHub/2D-to-3D-image-reconstruction/facescape_224/fsmview_trainset_11_16_grin_64.jpg,0.07494941353797913,0.08332967758178711,0.008380264043807983,8.8782444819808,0.7962514162063599,0.433687299489975,0.433687299489975,36.35334399996282,58.18838999994114,real_npy,0,1
685,/mnt/c/Users/Chirayu/Documents/GitHub/2D-to-3D-image-reconstruction/facescape_224/fsmview_trainset_19_16_grin_22.jpg,0.039560526609420776,0.04049181565642357,0.0009312890470027924,8.466066725552082,0.7084432244300842,0.30552175641059875,0.30552175641059875,23.913107999987915,23.221443000011277,real_npy,0,1
686,/mnt/c/Users/Chirayu/Documents/GitHub/2D-to-3D-image-reconstruction/facescape_224/fsmview_trainset_6_10_dimpler_42.jpg,0.3132261037826538,0.26538240909576416,-0.04784369468688965,6.330829311162233,0.651531994342804,0.40089738368988037,0.40089738368988037,24.681919000158814,21.816333000060695,real_npy,0,0
687,/mnt/c/Users/Chirayu/Documents/GitHub/2D-to-3D-image-reconstruction/facescape_224/fsmview_trainset_4_5_jaw_left_37.jpg,0.07166813313961029,0.06844943761825562,-0.0032186955213546753,8.167572196573019,0.7014011740684509,0.3230222165584564,0.3230222165584564,21.340432999977565,20.28229300003659,real_npy,0,1
688,/mnt/c/Users/Chirayu/Documents/GitHub/2D-to-3D-image-reconstruction/facescape_224/fsmview_trainset_8_11_chin_raiser_43.jpg,0.03155240789055824,0.0356445349752903,0.004092127084732056,7.610512085258961,0.6350888013839722,0.20634442567825317,0.20634442567825317,20.797592999997505,56.82940199994846,real_npy,0,1
689,/mnt/c/Users/Chirayu/Documents/GitHub/2D-to-3D-image-reconstruction/facescape_224/fsmview_trainset_18_1_neutral_5.jpg,0.05115308612585068,0.05723140016198158,0.006078314036130905,8.260608986020088,0.7149927020072937,0.33650028705596924,0.33650028705596924,74.67747100008637,33.56220300020141,real_npy,0,1
690,/mnt/c/Users/Chirayu/Documents/GitHub/2D-to-3D-image-reconstruction/facescape_224/fsmview_trainset_13_17_cheek_blowing_0.jpg,0.03431844338774681,111.80313873291016,111.76882028952241,197.86861518025398,137.27749633789062,0.39141422510147095,0.39141422510147095,21.05254299999615,19.18025600002693,real_npy,1,1
691,/mnt/c/Users/Chirayu/Documents/GitHub/2D-to-3D-image-reconstruction/facescape_224/fsmview_trainset_3_10_dimpler_25.jpg,0.033506449311971664,1.5636305809020996,1.530124131590128,26.569435477256775,2.623758316040039,0.3211786150932312,0.3211786150932312,22.035018999986278,27.356542999996236,real_npy,0,1
692,/mnt/c/Users/Chirayu/Documents/GitHub/2D-to-3D-image-reconstruction/facescape_224/fsmview_trainset_1_19_brow_raiser_23.jpg,0.036643534898757935,0.03774632513523102,0.0011027902364730835,8.250028366222978,0.6966304183006287,0.36637425422668457,0.36637425422668457,20.53811600012523,20.632165000051828,real_npy,0,1
693,/mnt/c/Users/Chirayu/Documents/GitHub/2D-to-3D-image-reconstruction/facescape_224/fsmview_trainset_13_18_eye_closed_5.jpg,0.05347096920013428,0.05361437425017357,0.00014340505003929138,8.528268367052078,0.6687387824058533,0.4459347724914551,0.4459347724914551,22.101351999936014,21.538191999979972,real_npy,0,1
694,/mnt/c/Users/Chirayu/Documents/GitHub/2D-to-3D-image-reconstruction/facescape_224/fsmview_trainset_5_20_brow_lower_34.jpg,0.04809664562344551,0.26425886154174805,0.21616221591830254,10.577025093138218,1.0434696674346924,0.433559775352478,0.433559775352478,26.575864000051297,22.12639999993371,real_npy,0,1
695,/mnt/c/Users/Chirayu/Documents/GitHub/2D-to-3D-image-reconstruction/facescape_224/fsmview_trainset_16_19_brow_raiser_24.jpg,0.04109862819314003,0.043623145669698715,0.0025245174765586853,8.50244858302176,0.7130976915359497,0.3674924075603485,0.3674924075603485,41.37578399991071,20.49330199997712,real_npy,0,1
696,/mnt/c/Users/Chirayu/Documents/GitHub/2D-to-3D-image-reconstruction/facescape_224/fsmview_trainset_18_14_sadness_42.jpg,0.08377121388912201,0.0795280784368515,-0.004243135452270508,8.395547196269035,0.7522367835044861,0.49920424818992615,0.49920424818992615,31.38706999993701,20.540728000014497,real_npy,0,1
697,/mnt/c/Users/Chirayu/Documents/GitHub/2D-to-3D-image-reconstruction/facescape_224/fsmview_trainset_2_1_neutral_31.jpg,0.05820511654019356,0.06290263682603836,0.004697520285844803,8.665741249918938,0.6917992234230042,0.47356730699539185,0.47356730699539185,61.46312900000339,22.0761829998537,real_npy,0,1
698,/mnt/c/Users/Chirayu/Documents/GitHub/2D-to-3D-image-reconstruction/facescape_224/fsmview_trainset_9_11_chin_raiser_34.jpg,0.040599193423986435,0.04834885522723198,0.007749661803245544,7.953879810869694,0.65738844871521,0.42865923047065735,0.42865923047065735,21.011909999970158,21.71109300002172,real_npy,0,1
699,/mnt/c/Users/Chirayu/Documents/GitHub/2D-to-3D-image-reconstruction/facescape_224/fsmview_trainset_8_8_mouth_left_19.jpg,0.03980202227830887,0.040711499750614166,0.0009094774723052979,8.619979980401695,0.7277153134346008,0.2894468903541565,0.2894468903541565,21.28309500017167,20.130607000055534,real_npy,0,1
700,/mnt/c/Users/Chirayu/Documents/GitHub/2D-to-3D-image-reconstruction/facescape_224/fsmview_trainset_4_4_anger_7.jpg,0.03901916742324829,0.04522624984383583,0.00620708242058754,7.89204728603363,0.6703906655311584,0.18942205607891083,0.18942205607891083,27.35090700002729,102.46843900017666,real_npy,0,1
701,/mnt/c/Users/Chirayu/Documents/GitHub/2D-to-3D-image-reconstruction/facescape_224/fsmview_trainset_2_6_jaw_right_38.jpg,0.08684142678976059,0.096600241959095,0.009758815169334412,7.8652025535702705,0.6865026354789734,0.386805921792984,0.386805921792984,24.967908999997235,21.60672899981364,real_npy,0,1
702,/mnt/c/Users/Chirayu/Documents/GitHub/2D-to-3D-image-reconstruction/facescape_224/fsmview_trainset_3_18_eye_closed_43.jpg,0.6364405155181885,0.5024975538253784,-0.13394296169281006,6.574295209720731,0.6179134845733643,0.4385756850242615,0.4385756850242615,22.477087999959622,21.03128600015225,real_npy,0,1
703,/mnt/c/Users/Chirayu/Documents/GitHub/2D-to-3D-image-reconstruction/facescape_224/fsmview_trainset_18_14_sadness_1.jpg,0.02839651331305504,0.02882235497236252,0.00042584165930747986,8.077515672892332,0.6625309586524963,0.33399060368537903,0.33399060368537903,32.55147599998054,22.273949999998877,real_npy,0,1
704,/mnt/c/Users/Chirayu/Documents/GitHub/2D-to-3D-image-reconstruction/facescape_224/fsmview_trainset_12_18_eye_closed_41.jpg,0.04884276166558266,0.04693286493420601,-0.001909896731376648,8.688962273299694,0.7574802041053772,0.3767728805541992,0.3767728805541992,22.320790000094348,22.874729000022853,real_npy,0,1
705,/mnt/c/Users/Chirayu/Documents/GitHub/2D-to-3D-image-reconstruction/facescape_224/fsmview_trainset_11_19_brow_raiser_29.jpg,0.19985495507717133,0.25451767444610596,0.05466271936893463,7.786033023148775,0.6690093874931335,0.4291144609451294,0.4291144609451294,43.81521100003738,30.47847599987108,real_npy,0,1
706,/mnt/c/Users/Chirayu/Documents/GitHub/2D-to-3D-image-reconstruction/facescape_224/fsmview_trainset_9_4_anger_33.jpg,0.09949226677417755,0.098765067756176,-0.0007271990180015564,7.804537788033485,0.658054530620575,0.45197436213493347,0.45197436213493347,21.123428999999305,19.68847300008747,real_npy,0,1
707,/mnt/c/Users/Chirayu/Documents/GitHub/2D-to-3D-image-reconstruction/facescape_224/fsmview_trainset_14_3_mouth_stretch_37.jpg,0.09116673469543457,0.09637834876775742,0.0052116140723228455,8.986551778391004,0.7728431820869446,0.5244734287261963,0.5244734287261963,22.980278000204635,49.65573699996639,real_npy,0,1
708,/mnt/c/Users/Chirayu/Documents/GitHub/2D-to-3D-image-reconstruction/facescape_224/fsmview_trainset_11_20_brow_lower_12.jpg,0.06358380615711212,0.15770278871059418,0.09411898255348206,7.357853956520557,0.6656814813613892,0.5902206301689148,0.5902206301689148,21.169802000031268,20.55759500012755,real_npy,0,1
709,/mnt/c/Users/Chirayu/Documents/GitHub/2D-to-3D-image-reconstruction/facescape_224/fsmview_trainset_12_1_neutral_50.jpg,0.03230321407318115,1.1317845582962036,1.0994813442230225,23.346480634063482,2.177131414413452,0.44100916385650635,0.44100916385650635,30.62287800003105,38.09093299992128,real_npy,0,1
710,/mnt/c/Users/Chirayu/Documents/GitHub/2D-to-3D-image-reconstruction/facescape_224/fsmview_trainset_8_13_lip_funneler_36.jpg,0.05759819969534874,0.049107108265161514,-0.008491091430187225,7.641654834151268,0.7182725071907043,0.30059337615966797,0.30059337615966797,43.533958999887545,58.008943000004365,real_npy,0,1
711,/mnt/c/Users/Chirayu/Documents/GitHub/2D-to-3D-image-reconstruction/facescape_224/fsmview_trainset_7_15_lip_roll_38.jpg,0.08348212391138077,0.08377400785684586,0.0002918839454650879,7.77168420702219,0.7267202734947205,0.41199737787246704,0.41199737787246704,20.892564999940078,46.232315999986895,real_npy,0,1
712,/mnt/c/Users/Chirayu/Documents/GitHub/2D-to-3D-image-reconstruction/facescape_224/fsmview_trainset_8_9_mouth_right_25.jpg,0.05412241443991661,0.05250367149710655,-0.0016187429428100586,7.220336526632309,0.6485317945480347,0.3547350764274597,0.3547350764274597,41.657365999981266,21.341191999908915,real_npy,0,1
713,/mnt/c/Users/Chirayu/Documents/GitHub/2D-to-3D-image-reconstruction/facescape_224/fsmview_trainset_19_18_eye_closed_2.jpg,0.06253521144390106,0.05665580928325653,-0.005879402160644531,9.360473539680243,0.7600404024124146,0.30484896898269653,0.30484896898269653,44.42809700003636,91.73413400003483,real_npy,0,1
714,/mnt/c/Users/Chirayu/Documents/GitHub/2D-to-3D-image-reconstruction/facescape_224/fsmview_trainset_20_14_sadness_42.jpg,0.04794559255242348,0.047166790813207626,-0.0007788017392158508,8.44511098973453,0.6679808497428894,0.5265964865684509,0.5265964865684509,22.574832999907812,22.585677000051874,real_npy,0,1
715,/mnt/c/Users/Chirayu/Documents/GitHub/2D-to-3D-image-reconstruction/facescape_224/fsmview_trainset_14_4_anger_41.jpg,0.03130273148417473,0.03586038202047348,0.004557650536298752,7.746216922998428,0.6482558250427246,0.41101840138435364,0.41101840138435364,68.5651979999875,61.10790899992935,real_npy,0,1
716,/mnt/c/Users/Chirayu/Documents/GitHub/2D-to-3D-image-reconstruction/facescape_224/fsmview_trainset_1_16_grin_35.jpg,0.05794195085763931,0.05126987025141716,-0.006672080606222153,8.40026144683361,0.764699399471283,0.36559823155403137,0.36559823155403137,55.27471599998535,28.071579999959795,real_npy,0,1
717,/mnt/c/Users/Chirayu/Documents/GitHub/2D-to-3D-image-reconstruction/facescape_224/fsmview_trainset_3_5_jaw_left_24.jpg,0.03273795172572136,0.5689404606819153,0.5362025089561939,15.71599009167403,1.4620397090911865,0.32231083512306213,0.32231083512306213,54.70524900010787,21.660028000042075,real_npy,0,1
718,/mnt/c/Users/Chirayu/Documents/GitHub/2D-to-3D-image-reconstruction/facescape_224/fsmview_trainset_2_4_anger_1.jpg,0.12217362970113754,0.12145932763814926,-0.0007143020629882812,8.766266319900751,0.7602046728134155,0.4818607270717621,0.4818607270717621,34.50852399987525,39.119606999975076,real_npy,0,1
719,/mnt/c/Users/Chirayu/Documents/GitHub/2D-to-3D-image-reconstruction/facescape_224/fsmview_trainset_20_18_eye_closed_12.jpg,0.06466697156429291,0.16748441755771637,0.10281744599342346,7.228519860655069,0.6700923442840576,0.5843247175216675,0.5843247175216675,20.287207999899692,22.97842200005107,real_npy,0,1
720,/mnt/c/Users/Chirayu/Documents/GitHub/2D-to-3D-image-reconstruction/facescape_224/fsmview_trainset_16_19_brow_raiser_11.jpg,0.08962001651525497,0.09826142340898514,0.008641406893730164,8.180805154144764,0.7362009286880493,0.3656708598136902,0.3656708598136902,19.819138999991992,18.9879029999247,real_npy,0,1
721,/mnt/c/Users/Chirayu/Documents/GitHub/2D-to-3D-image-reconstruction/facescape_224/fsmview_trainset_6_12_lip_puckerer_50.jpg,0.32897254824638367,0.2987462282180786,-0.030226320028305054,6.641130812466145,0.6282312273979187,0.4145434498786926,0.4145434498786926,44.43084100012129,32.83893299999363,real_npy,0,1
722,/mnt/c/Users/Chirayu/Documents/GitHub/2D-to-3D-image-reconstruction/facescape_224/fsmview_trainset_12_5_jaw_left_19.jpg,0.04311024397611618,0.04078490659594536,-0.002325337380170822,8.727837834507227,0.7620542645454407,0.3873852789402008,0.3873852789402008,25.610537999909866,19.461259999843605,real_npy,0,1
723,/mnt/c/Users/Chirayu/Documents/GitHub/2D-to-3D-image-reconstruction/facescape_224/fsmview_trainset_10_8_mouth_left_24.jpg,0.039007823914289474,0.6054149270057678,0.5664071030914783,16.91329348180443,1.517197608947754,0.3370824158191681,0.3370824158191681,21.570984999925713,23.877452000078847,real_npy,0,1
724,/mnt/c/Users/Chirayu/Documents/GitHub/2D-to-3D-image-reconstruction/facescape_224/fsmview_trainset_14_15_lip_roll_34.jpg,0.06584614515304565,0.10772905498743057,0.04188290983438492,7.193863594904542,0.6811383366584778,0.5175021290779114,0.5175021290779114,24.378553999895303,29.817817000093783,real_npy,0,1
725,/mnt/c/Users/Chirayu/Documents/GitHub/2D-to-3D-image-reconstruction/facescape_224/fsmview_trainset_12_10_dimpler_53.jpg,0.062172770500183105,0.0636543408036232,0.001481570303440094,8.362758912146091,0.7015170454978943,0.5071947574615479,0.5071947574615479,20.276051999871925,18.843619999870498,real_npy,0,1
726,/mnt/c/Users/Chirayu/Documents/GitHub/2D-to-3D-image-reconstruction/facescape_224/fsmview_trainset_2_12_lip_puckerer_13.jpg,0.07575493305921555,0.0781765952706337,0.002421662211418152,8.936393306590617,0.7496469020843506,0.4569122791290283,0.4569122791290283,26.773191999836854,21.568712000089363,real_npy,0,1
727,/mnt/c/Users/Chirayu/Documents/GitHub/2D-to-3D-image-reconstruction/facescape_224/fsmview_trainset_7_14_sadness_49.jpg,0.08265995979309082,0.08091709017753601,-0.0017428696155548096,6.122577607631683,0.5329442620277405,0.4944019317626953,0.4944019317626953,19.32083699989562,18.319647999987865,real_npy,0,0
728,/mnt/c/Users/Chirayu/Documents/GitHub/2D-to-3D-image-reconstruction/facescape_224/fsmview_trainset_14_16_grin_25.jpg,0.037661660462617874,0.2242780476808548,0.18661638721823692,10.81252673547715,0.9430540204048157,0.4546268880367279,0.4546268880367279,19.595795999975962,20.744654000054652,real_npy,0,1
729,/mnt/c/Users/Chirayu/Documents/GitHub/2D-to-3D-image-reconstruction/facescape_224/fsmview_trainset_15_18_eye_closed_49.jpg,0.08499491214752197,0.08932963758707047,0.004334725439548492,8.391890592873096,0.741044282913208,0.6016882658004761,0.6016882658004761,20.60115299991594,19.607428000199434,real_npy,0,1
730,/mnt/c/Users/Chirayu/Documents/GitHub/2D-to-3D-image-reconstruction/facescape_224/fsmview_trainset_10_13_lip_funneler_42.jpg,0.07876110076904297,0.0795707255601883,0.0008096247911453247,6.933994013816118,0.6695792078971863,0.4621885120868683,0.4621885120868683,23.345842999788147,22.023425000043062,real_npy,0,1
731,/mnt/c/Users/Chirayu/Documents/GitHub/2D-to-3D-image-reconstruction/facescape_224/fsmview_trainset_1_3_mouth_stretch_15.jpg,0.10148079693317413,0.10412617027759552,0.0026453733444213867,7.683422677218914,0.6730145812034607,0.48174139857292175,0.48174139857292175,23.78326799998831,22.252915000080975,real_npy,0,1
732,/mnt/c/Users/Chirayu/Documents/GitHub/2D-to-3D-image-reconstruction/facescape_224/fsmview_trainset_1_15_lip_roll_52.jpg,0.12433762848377228,0.12800951302051544,0.003671884536743164,8.13633145391941,0.7359796166419983,0.3119288980960846,0.3119288980960846,20.90979299987339,33.62535599990224,real_npy,0,1
733,/mnt/c/Users/Chirayu/Documents/GitHub/2D-to-3D-image-reconstruction/facescape_224/fsmview_trainset_19_16_grin_4.jpg,0.07553523778915405,0.08733201026916504,0.011796772480010986,8.364687249064445,0.694065511226654,0.21181635558605194,0.21181635558605194,21.27088600013849,20.997828999952617,real_npy,0,1
734,/mnt/c/Users/Chirayu/Documents/GitHub/2D-to-3D-image-reconstruction/facescape_224/fsmview_trainset_18_14_sadness_45.jpg,0.10799825936555862,0.12755291163921356,0.019554652273654938,9.745849594473839,0.7970356941223145,0.46648940443992615,0.46648940443992615,20.14547799990396,19.667230000095515,real_npy,0,1
735,/mnt/c/Users/Chirayu/Documents/GitHub/2D-to-3D-image-reconstruction/facescape_224/fsmview_trainset_15_18_eye_closed_16.jpg,0.21692371368408203,0.2349276840686798,0.01800397038459778,7.831998914480209,0.6769601106643677,0.48660483956336975,0.48660483956336975,20.64632800011168,19.393793999824993,real_npy,0,1
736,/mnt/c/Users/Chirayu/Documents/GitHub/2D-to-3D-image-reconstruction/facescape_224/fsmview_trainset_8_9_mouth_right_29.jpg,0.0624537318944931,0.0631951317191124,0.0007413998246192932,8.1048962213099,0.6674189567565918,0.3482059836387634,0.3482059836387634,50.06844299987279,101.67657600004532,real_npy,0,1
737,/mnt/c/Users/Chirayu/Documents/GitHub/2D-to-3D-image-reconstruction/facescape_224/fsmview_trainset_18_11_chin_raiser_18.jpg,0.3264975845813751,0.3183281719684601,-0.008169412612915039,7.088155649602413,0.6347195506095886,0.5224876403808594,0.5224876403808594,56.906560000015816,30.963391000113916,real_npy,0,1
738,/mnt/c/Users/Chirayu/Documents/GitHub/2D-to-3D-image-reconstruction/facescape_224/fsmview_trainset_8_20_brow_lower_25.jpg,0.05073017627000809,0.048204343765974045,-0.0025258325040340424,7.928768992424011,0.7065131068229675,0.3684101104736328,0.3684101104736328,20.09571300004609,19.391003999999157,real_npy,0,1
739,/mnt/c/Users/Chirayu/Documents/GitHub/2D-to-3D-image-reconstruction/facescape_224/fsmview_trainset_10_5_jaw_left_44.jpg,0.11051294207572937,0.10093356668949127,-0.009579375386238098,7.673417828977108,0.6286237239837646,0.462413489818573,0.462413489818573,19.873641000003772,18.583134999971662,real_npy,0,1
740,/mnt/c/Users/Chirayu/Documents/GitHub/2D-to-3D-image-reconstruction/facescape_224/fsmview_trainset_6_8_mouth_left_5.jpg,0.03439319133758545,1.3095827102661133,1.2751895189285278,25.335584722459316,2.6567704677581787,0.36663028597831726,0.36663028597831726,19.48651099996823,45.068303999869386,real_npy,0,1
741,/mnt/c/Users/Chirayu/Documents/GitHub/2D-to-3D-image-reconstruction/facescape_224/fsmview_trainset_7_11_chin_raiser_27.jpg,0.05106934532523155,0.04851841926574707,-0.002550926059484482,7.954820092767477,0.6335413455963135,0.3602512776851654,0.3602512776851654,22.108613000000332,23.29607800015765,real_npy,0,1
742,/mnt/c/Users/Chirayu/Documents/GitHub/2D-to-3D-image-reconstruction/facescape_224/fsmview_trainset_2_9_mouth_right_49.jpg,0.5059611201286316,0.4867282807826996,-0.019232839345932007,6.736020274460316,0.6020652055740356,0.45768558979034424,0.45768558979034424,56.9601369998054,19.287236000081975,real_npy,0,1
743,/mnt/c/Users/Chirayu/Documents/GitHub/2D-to-3D-image-reconstruction/facescape_224/fsmview_trainset_16_5_jaw_left_5.jpg,0.049247417598962784,0.05534648150205612,0.006099063903093338,7.65403588116169,0.6624004244804382,0.3032377362251282,0.3032377362251282,69.4629359998089,36.85614300002271,real_npy,0,1
744,/mnt/c/Users/Chirayu/Documents/GitHub/2D-to-3D-image-reconstruction/facescape_224/fsmview_trainset_7_19_brow_raiser_5.jpg,0.03947451710700989,0.03814133629202843,-0.0013331808149814606,7.617205943912268,0.6547033786773682,0.38517287373542786,0.38517287373542786,19.909051000013278,20.595766000042204,real_npy,0,1
745,/mnt/c/Users/Chirayu/Documents/GitHub/2D-to-3D-image-reconstruction/facescape_224/fsmview_trainset_18_17_cheek_blowing_9.jpg,0.05386035889387131,0.05921293795108795,0.005352579057216644,8.326719481498003,0.7206140160560608,0.3288955092430115,0.3288955092430115,20.505285000126605,21.349202000010337,real_npy,0,1
746,/mnt/c/Users/Chirayu/Documents/GitHub/2D-to-3D-image-reconstruction/facescape_224/fsmview_trainset_13_19_brow_raiser_30.jpg,0.06572756171226501,0.08207576721906662,0.016348205506801605,8.947468735277653,0.740119457244873,0.29883304238319397,0.29883304238319397,69.48529800001779,19.096322999985205,real_npy,0,1
747,/mnt/c/Users/Chirayu/Documents/GitHub/2D-to-3D-image-reconstruction/facescape_224/fsmview_trainset_20_13_lip_funneler_20.jpg,0.24525508284568787,0.2629701495170593,0.01771506667137146,7.597919221967459,0.6461700797080994,0.3514942526817322,0.3514942526817322,22.613396999986435,71.98341499997696,real_npy,0,1
748,/mnt/c/Users/Chirayu/Documents/GitHub/2D-to-3D-image-reconstruction/facescape_224/fsmview_trainset_6_8_mouth_left_35.jpg,0.036861881613731384,0.04111478477716446,0.004252903163433075,8.330165453255177,0.6666920185089111,0.3748590648174286,0.3748590648174286,21.237233999954697,21.379843999966397,real_npy,0,1
749,/mnt/c/Users/Chirayu/Documents/GitHub/2D-to-3D-image-reconstruction/facescape_224/fsmview_trainset_1_2_smile_35.jpg,0.0511074997484684,0.04645368829369545,-0.004653811454772949,8.264702692627907,0.7154017090797424,0.3792344629764557,0.3792344629764557,23.229220000075657,43.70405899999241,real_npy,0,1
750,/mnt/c/Users/Chirayu/Documents/GitHub/2D-to-3D-image-reconstruction/facescape_224/fsmview_trainset_13_15_lip_roll_29.jpg,0.04220166057348251,0.04803744703531265,0.005835786461830139,8.024658996611834,0.6307321190834045,0.36408570408821106,0.36408570408821106,32.006515999910334,29.6607820000645,real_npy,0,1
751,/mnt/c/Users/Chirayu/Documents/GitHub/2D-to-3D-image-reconstruction/facescape_224/fsmview_trainset_16_4_anger_42.jpg,0.06806642562150955,0.07122116535902023,0.003154739737510681,7.675675928592682,0.7123764157295227,0.4344162046909332,0.4344162046909332,21.31704099997478,19.553590999976223,real_npy,0,1
752,/mnt/c/Users/Chirayu/Documents/GitHub/2D-to-3D-image-reconstruction/facescape_224/fsmview_trainset_4_2_smile_50.jpg,0.04444127157330513,0.04802253097295761,0.003581259399652481,8.692080572247505,0.7212878465652466,0.3279253840446472,0.3279253840446472,26.977450000003955,55.06138800001281,real_npy,0,1
753,/mnt/c/Users/Chirayu/Documents/GitHub/2D-to-3D-image-reconstruction/facescape_224/fsmview_trainset_14_2_smile_9.jpg,0.17117053270339966,0.1605859100818634,-0.010584622621536255,7.688243456184864,0.7401942610740662,0.5380061268806458,0.5380061268806458,19.373778999806746,19.838452000158213,real_npy,0,1
754,/mnt/c/Users/Chirayu/Documents/GitHub/2D-to-3D-image-reconstruction/facescape_224/fsmview_trainset_16_17_cheek_blowing_39.jpg,0.0872805118560791,0.10076691210269928,0.013486400246620178,8.581802360713482,0.699048638343811,0.434609055519104,0.434609055519104,19.362425000053918,19.746045999909256,real_npy,0,1
755,/mnt/c/Users/Chirayu/Documents/GitHub/2D-to-3D-image-reconstruction/facescape_224/fsmview_trainset_5_18_eye_closed_31.jpg,0.049502044916152954,0.05181824788451195,0.0023162029683589935,8.445070918649435,0.700636625289917,0.44612976908683777,0.44612976908683777,23.959557000125642,20.80824500012568,real_npy,0,1
756,/mnt/c/Users/Chirayu/Documents/GitHub/2D-to-3D-image-reconstruction/facescape_224/fsmview_trainset_7_2_smile_19.jpg,0.03490842133760452,0.03641272708773613,0.001504305750131607,8.679357595276088,0.710615336894989,0.38084617257118225,0.38084617257118225,20.461948000047414,20.78733700000157,real_npy,0,1
757,/mnt/c/Users/Chirayu/Documents/GitHub/2D-to-3D-image-reconstruction/facescape_224/fsmview_trainset_9_3_mouth_stretch_25.jpg,0.03576531261205673,0.037468623369932175,0.0017033107578754425,6.8399382792413235,0.681505560874939,0.2901475429534912,0.2901475429534912,40.79112099998383,22.578065999823593,real_npy,0,1
758,/mnt/c/Users/Chirayu/Documents/GitHub/2D-to-3D-image-reconstruction/facescape_224/fsmview_trainset_1_3_mouth_stretch_35.jpg,0.043832313269376755,194.45986938476562,194.41603707149625,254.6117662191391,254.95579528808594,0.36652398109436035,0.36652398109436035,62.79706899999837,56.27806799998325,real_npy,1,1
759,/mnt/c/Users/Chirayu/Documents/GitHub/2D-to-3D-image-reconstruction/facescape_224/fsmview_trainset_19_18_eye_closed_45.jpg,0.1860189437866211,0.20210866630077362,0.016089722514152527,9.17514330521226,0.763349711894989,0.36949172616004944,0.36949172616004944,21.092662000000928,21.897691000049235,real_npy,0,1
760,/mnt/c/Users/Chirayu/Documents/GitHub/2D-to-3D-image-reconstruction/facescape_224/fsmview_trainset_9_16_grin_44.jpg,0.1771487295627594,0.17133104801177979,-0.005817681550979614,8.17786729708314,0.7567819952964783,0.4131529927253723,0.4131529927253723,20.616797000002407,19.449696000037875,real_npy,0,1
761,/mnt/c/Users/Chirayu/Documents/GitHub/2D-to-3D-image-reconstruction/facescape_224/fsmview_trainset_9_3_mouth_stretch_47.jpg,0.09896618872880936,0.10528049618005753,0.006314307451248169,8.768348447047174,0.716666042804718,0.45704323053359985,0.45704323053359985,20.114958000021943,20.43354299985367,real_npy,0,1
762,/mnt/c/Users/Chirayu/Documents/GitHub/2D-to-3D-image-reconstruction/facescape_224/fsmview_trainset_11_1_neutral_28.jpg,0.1141086295247078,0.11296087503433228,-0.0011477544903755188,8.856862293556333,0.7127546072006226,0.5702133774757385,0.5702133774757385,21.591914999817163,35.306548000107796,real_npy,0,1
763,/mnt/c/Users/Chirayu/Documents/GitHub/2D-to-3D-image-reconstruction/facescape_224/fsmview_trainset_2_5_jaw_left_57.jpg,0.6715142726898193,0.6853258609771729,0.013811588287353516,7.1614451222121716,0.6175267696380615,0.41581279039382935,0.41581279039382935,20.94689999989896,19.445012999995015,real_npy,0,1
764,/mnt/c/Users/Chirayu/Documents/GitHub/2D-to-3D-image-reconstruction/facescape_224/fsmview_trainset_1_4_anger_46.jpg,0.044671233743429184,2.2408030033111572,2.196131769567728,28.069421228021383,3.41706919670105,0.3540792763233185,0.3540792763233185,22.48631300017223,28.611786000055872,real_npy,1,1
765,/mnt/c/Users/Chirayu/Documents/GitHub/2D-to-3D-image-reconstruction/facescape_224/fsmview_trainset_2_18_eye_closed_29.jpg,0.10335063934326172,0.1277417242527008,0.024391084909439087,8.53427892178297,0.7016822695732117,0.3376842737197876,0.3376842737197876,21.60061399990809,115.47003199984829,real_npy,0,1
766,/mnt/c/Users/Chirayu/Documents/GitHub/2D-to-3D-image-reconstruction/facescape_224/fsmview_trainset_13_3_mouth_stretch_53.jpg,0.051136795431375504,0.05205979198217392,0.0009229965507984161,7.778152679558843,0.6816161274909973,0.33256393671035767,0.33256393671035767,23.352218999889374,22.170979000065927,real_npy,0,1
767,/mnt/c/Users/Chirayu/Documents/GitHub/2D-to-3D-image-reconstruction/facescape_224/fsmview_trainset_19_9_mouth_right_24.jpg,0.05660899356007576,0.059476111084222794,0.0028671175241470337,9.339354039169848,0.7886538505554199,0.3574247360229492,0.3574247360229492,20.963484000048993,19.342815999834784,real_npy,0,1
768,/mnt/c/Users/Chirayu/Documents/GitHub/2D-to-3D-image-reconstruction/facescape_224/fsmview_trainset_7_11_chin_raiser_54.jpg,0.0640338733792305,0.06405256688594818,1.8693506717681885e-05,7.966197207570076,0.6945680975914001,0.417485773563385,0.417485773563385,21.48105400010536,21.924337000200467,real_npy,0,1
769,/mnt/c/Users/Chirayu/Documents/GitHub/2D-to-3D-image-reconstruction/facescape_224/fsmview_trainset_7_11_chin_raiser_5.jpg,0.036697227507829666,0.037668194621801376,0.0009709671139717102,8.031233686953783,0.6633879542350769,0.3535841405391693,0.3535841405391693,22.968197999944095,83.16309600013483,real_npy,0,1
770,/mnt/c/Users/Chirayu/Documents/GitHub/2D-to-3D-image-reconstruction/facescape_224/fsmview_trainset_7_7_jaw_forward_34.jpg,0.0642281025648117,0.06915707141160965,0.004928968846797943,7.918846260756254,0.6748381853103638,0.4486370384693146,0.4486370384693146,23.142925000001924,22.427440999990722,real_npy,0,1
771,/mnt/c/Users/Chirayu/Documents/GitHub/2D-to-3D-image-reconstruction/facescape_224/fsmview_trainset_11_5_jaw_left_29.jpg,0.286847859621048,6.330445289611816,6.043597429990768,54.92707280814648,7.41371488571167,0.44208765029907227,0.44208765029907227,22.67022699993504,25.37382799982879,real_npy,1,1
772,/mnt/c/Users/Chirayu/Documents/GitHub/2D-to-3D-image-reconstruction/facescape_224/fsmview_trainset_6_8_mouth_left_39.jpg,0.06762421876192093,0.06647549569606781,-0.001148723065853119,8.374771296977997,0.7162898778915405,0.31498438119888306,0.31498438119888306,23.25981400008459,19.498039000154677,real_npy,0,1
773,/mnt/c/Users/Chirayu/Documents/GitHub/2D-to-3D-image-reconstruction/facescape_224/fsmview_trainset_13_8_mouth_left_38.jpg,0.1069972813129425,0.09622276574373245,-0.010774515569210052,7.33983526006341,0.6509547829627991,0.4103967547416687,0.4103967547416687,24.925228000029165,47.44956099989395,real_npy,0,1
774,/mnt/c/Users/Chirayu/Documents/GitHub/2D-to-3D-image-reconstruction/facescape_224/fsmview_trainset_20_16_grin_11.jpg,0.0829191654920578,0.11551488190889359,0.032595716416835785,7.282212536782026,0.7055776715278625,0.5406946539878845,0.5406946539878845,23.248906999924657,21.268395000106466,real_npy,0,1
775,/mnt/c/Users/Chirayu/Documents/GitHub/2D-to-3D-image-reconstruction/facescape_224/fsmview_trainset_12_8_mouth_left_25.jpg,0.03218940272927284,0.07707709819078445,0.04488769546151161,7.287649229168892,0.6086192727088928,0.48155808448791504,0.48155808448791504,20.719933000009405,21.4356989999942,real_npy,0,1
776,/mnt/c/Users/Chirayu/Documents/GitHub/2D-to-3D-image-reconstruction/facescape_224/fsmview_trainset_3_11_chin_raiser_35.jpg,0.039290785789489746,0.03952321782708168,0.0002324320375919342,7.956718031316996,0.6379377841949463,0.4249761998653412,0.4249761998653412,21.041322999963086,21.03403499995693,real_npy,0,1
777,/mnt/c/Users/Chirayu/Documents/GitHub/2D-to-3D-image-reconstruction/facescape_224/fsmview_trainset_9_11_chin_raiser_17.jpg,0.04787127301096916,0.0482434444129467,0.00037217140197753906,8.635605429299176,0.7077285647392273,0.29898807406425476,0.29898807406425476,23.078780999867377,18.82105499998943,real_npy,0,1
778,/mnt/c/Users/Chirayu/Documents/GitHub/2D-to-3D-image-reconstruction/facescape_224/fsmview_trainset_12_20_brow_lower_13.jpg,0.03217559680342674,0.14978961646556854,0.1176140196621418,9.473681014962494,0.8026069402694702,0.4750092625617981,0.4750092625617981,20.46155799985172,85.96766200003003,real_npy,0,1
779,/mnt/c/Users/Chirayu/Documents/GitHub/2D-to-3D-image-reconstruction/facescape_224/fsmview_trainset_9_12_lip_puckerer_17.jpg,0.03666329383850098,0.5668914914131165,0.5302281975746155,16.38770464900881,1.4491699934005737,0.3093951344490051,0.3093951344490051,21.953859999939596,21.602993999977116,real_npy,0,1
780,/mnt/c/Users/Chirayu/Documents/GitHub/2D-to-3D-image-reconstruction/facescape_224/fsmview_trainset_11_9_mouth_right_30.jpg,0.03876004368066788,3.4950180053710938,3.456257961690426,41.352261919528246,4.804442405700684,0.4802728593349457,0.4802728593349457,21.022077999987232,30.14801799986344,real_npy,1,1
781,/mnt/c/Users/Chirayu/Documents/GitHub/2D-to-3D-image-reconstruction/facescape_224/fsmview_trainset_4_18_eye_closed_0.jpg,0.16210974752902985,0.17262691259384155,0.010517165064811707,8.085028886795044,0.6903809905052185,0.26896488666534424,0.26896488666534424,21.628727999996045,19.525806999808992,real_npy,0,1
782,/mnt/c/Users/Chirayu/Documents/GitHub/2D-to-3D-image-reconstruction/facescape_224/fsmview_trainset_14_20_brow_lower_56.jpg,0.05627593770623207,0.05053305625915527,-0.0057428814470767975,7.9774974174797535,0.7394875288009644,0.3559594750404358,0.3559594750404358,22.675896000009743,21.376049000082276,real_npy,0,1
783,/mnt/c/Users/Chirayu/Documents/GitHub/2D-to-3D-image-reconstruction/facescape_224/fsmview_trainset_20_17_cheek_blowing_10.jpg,0.0814172551035881,0.10231088101863861,0.020893625915050507,6.777666132897139,0.6055989861488342,0.49489882588386536,0.49489882588386536,31.506271000125707,19.40615200010143,real_npy,0,1
784,/mnt/c/Users/Chirayu/Documents/GitHub/2D-to-3D-image-reconstruction/facescape_224/fsmview_trainset_17_3_mouth_stretch_36.jpg,0.216645747423172,0.23023220896720886,0.013586461544036865,7.62337352335453,0.6457988023757935,0.34991225600242615,0.34991225600242615,21.2496659999033,21.476935999999114,real_npy,0,1
785,/mnt/c/Users/Chirayu/Documents/GitHub/2D-to-3D-image-reconstruction/facescape_224/fsmview_trainset_19_18_eye_closed_47.jpg,0.05506857857108116,0.05620237812399864,0.0011337995529174805,8.7773517370224,0.7034971714019775,0.3438256084918976,0.3438256084918976,22.057798999867373,21.785083999930066,real_npy,0,1
786,/mnt/c/Users/Chirayu/Documents/GitHub/2D-to-3D-image-reconstruction/facescape_224/fsmview_trainset_2_8_mouth_left_26.jpg,0.03699494153261185,0.039784129709005356,0.002789188176393509,8.209493789821863,0.6649790406227112,0.343899667263031,0.343899667263031,20.546570999840696,63.303563000090435,real_npy,0,1
787,/mnt/c/Users/Chirayu/Documents/GitHub/2D-to-3D-image-reconstruction/facescape_224/fsmview_trainset_19_18_eye_closed_48.jpg,0.06749340146780014,0.07525777816772461,0.007764376699924469,8.243940383195877,0.7109668850898743,0.3252069652080536,0.3252069652080536,22.835477999933573,23.27874399998109,real_npy,0,1
788,/mnt/c/Users/Chirayu/Documents/GitHub/2D-to-3D-image-reconstruction/facescape_224/fsmview_trainset_12_7_jaw_forward_28.jpg,0.04975147545337677,0.059918005019426346,0.010166529566049576,8.978151939809322,0.7395053505897522,0.4929535388946533,0.4929535388946533,43.448221000062404,64.45704299994759,real_npy,0,1
789,/mnt/c/Users/Chirayu/Documents/GitHub/2D-to-3D-image-reconstruction/facescape_224/fsmview_trainset_2_20_brow_lower_4.jpg,0.18829821050167084,0.19151124358177185,0.003213033080101013,8.920822199434042,0.7235486507415771,0.46353235840797424,0.46353235840797424,21.742518000110067,22.72327800005769,real_npy,0,1
790,/mnt/c/Users/Chirayu/Documents/GitHub/2D-to-3D-image-reconstruction/facescape_224/fsmview_trainset_2_10_dimpler_48.jpg,0.16346175968647003,0.16769172251224518,0.0042299628257751465,9.217477683909237,0.7825548052787781,0.49096736311912537,0.49096736311912537,21.607060999940586,20.806843999935154,real_npy,0,1
791,/mnt/c/Users/Chirayu/Documents/GitHub/2D-to-3D-image-reconstruction/facescape_224/fsmview_trainset_3_5_jaw_left_19.jpg,0.053626663982868195,0.05468076840043068,0.0010541044175624847,8.378850194625556,0.6833038926124573,0.39582669734954834,0.39582669734954834,22.726798999883613,20.13313499992364,real_npy,0,1
792,/mnt/c/Users/Chirayu/Documents/GitHub/2D-to-3D-image-reconstruction/facescape_224/fsmview_trainset_1_15_lip_roll_22.jpg,0.03469338268041611,20.74596405029297,20.711270667612553,93.29614621400833,22.06597137451172,0.3719750940799713,0.3719750940799713,24.282927000058407,32.89808299996366,real_npy,1,1
793,/mnt/c/Users/Chirayu/Documents/GitHub/2D-to-3D-image-reconstruction/facescape_224/fsmview_trainset_2_1_neutral_20.jpg,0.06881391257047653,0.07529416680335999,0.006480254232883453,9.620932152494788,0.7831957340240479,0.4262562394142151,0.4262562394142151,68.64412499999162,23.240720000103465,real_npy,0,1
794,/mnt/c/Users/Chirayu/Documents/GitHub/2D-to-3D-image-reconstruction/facescape_224/fsmview_trainset_16_7_jaw_forward_20.jpg,0.05548766627907753,0.05328850820660591,-0.0021991580724716187,8.690626237541437,0.7329028248786926,0.37862852215766907,0.37862852215766907,20.8851610000238,20.752394000055574,real_npy,0,1
795,/mnt/c/Users/Chirayu/Documents/GitHub/2D-to-3D-image-reconstruction/facescape_224/fsmview_trainset_3_3_mouth_stretch_9.jpg,0.04480414092540741,0.045372821390628815,0.000568680465221405,7.54388315230608,0.7008056640625,0.36929386854171753,0.36929386854171753,19.570265000083964,21.350252000047476,real_npy,0,1
796,/mnt/c/Users/Chirayu/Documents/GitHub/2D-to-3D-image-reconstruction/facescape_224/fsmview_trainset_3_10_dimpler_3.jpg,0.048030320554971695,0.044243331998586655,-0.0037869885563850403,7.368792429566383,0.649972677230835,0.3729389011859894,0.3729389011859894,22.864905999995244,19.951980999849184,real_npy,0,1
797,/mnt/c/Users/Chirayu/Documents/GitHub/2D-to-3D-image-reconstruction/facescape_224/fsmview_trainset_16_18_eye_closed_9.jpg,0.04439070448279381,0.05199417844414711,0.007603473961353302,8.3813816010952,0.7322548031806946,0.33470407128334045,0.33470407128334045,20.103939999899012,19.137133999947764,real_npy,0,1
798,/mnt/c/Users/Chirayu/Documents/GitHub/2D-to-3D-image-reconstruction/facescape_224/fsmview_trainset_6_5_jaw_left_36.jpg,0.1301926225423813,0.1405172497034073,0.010324627161026001,7.483673483133316,0.6909843683242798,0.31715142726898193,0.31715142726898193,21.2959560001309,19.844490999957998,real_npy,0,1
799,/mnt/c/Users/Chirayu/Documents/GitHub/2D-to-3D-image-reconstruction/facescape_224/fsmview_trainset_13_19_brow_raiser_14.jpg,0.06647125631570816,0.06482860445976257,-0.0016426518559455872,9.117492819204926,0.7847360372543335,0.46205028891563416,0.46205028891563416,26.127307000024302,27.03486400014299,real_npy,0,1
800,/mnt/c/Users/Chirayu/Documents/GitHub/2D-to-3D-image-reconstruction/facescape_224/fsmview_trainset_12_9_mouth_right_6.jpg,0.06265575438737869,0.0620122030377388,-0.0006435513496398926,8.572962179780006,0.7236508727073669,0.5988399982452393,0.5988399982452393,24.74218799989103,28.227867999930822,real_npy,0,1
801,/mnt/c/Users/Chirayu/Documents/GitHub/2D-to-3D-image-reconstruction/facescape_224/fsmview_trainset_3_10_dimpler_33.jpg,0.20019279420375824,0.20007652044296265,-0.00011627376079559326,6.629227042198181,0.6476187705993652,0.5181901454925537,0.5181901454925537,20.00789899989286,21.717160999969565,real_npy,0,1
802,/mnt/c/Users/Chirayu/Documents/GitHub/2D-to-3D-image-reconstruction/facescape_224/fsmview_trainset_8_19_brow_raiser_15.jpg,0.1406761258840561,0.1480182260274887,0.007342100143432617,8.026443019509315,0.6633149981498718,0.40599364042282104,0.40599364042282104,23.44298000002709,19.92386599999918,real_npy,0,1
803,/mnt/c/Users/Chirayu/Documents/GitHub/2D-to-3D-image-reconstruction/facescape_224/fsmview_trainset_5_17_cheek_blowing_23.jpg,0.03654234856367111,3.3496623039245605,3.3131199553608894,38.74492769315839,4.39674711227417,0.3428521752357483,0.3428521752357483,22.43139299980612,29.6865269999671,real_npy,1,1
804,/mnt/c/Users/Chirayu/Documents/GitHub/2D-to-3D-image-reconstruction/facescape_224/fsmview_trainset_9_7_jaw_forward_23.jpg,0.03897283226251602,1.9551584720611572,1.9161856397986412,30.373226393014193,3.08329701423645,0.31111472845077515,0.31111472845077515,31.40722300008747,28.929856999866388,real_npy,0,1
805,/mnt/c/Users/Chirayu/Documents/GitHub/2D-to-3D-image-reconstruction/facescape_224/fsmview_trainset_18_7_jaw_forward_54.jpg,0.0701436698436737,0.07286310195922852,0.0027194321155548096,8.151678189635277,0.717110812664032,0.3733169436454773,0.3733169436454773,21.729561999791258,20.744752999917182,real_npy,0,1
806,/mnt/c/Users/Chirayu/Documents/GitHub/2D-to-3D-image-reconstruction/facescape_224/fsmview_trainset_6_12_lip_puckerer_55.jpg,0.06159374862909317,0.06509151309728622,0.003497764468193054,8.301544182002544,0.7114061117172241,0.397098571062088,0.397098571062088,20.554628999889246,19.74044899998262,real_npy,0,1
807,/mnt/c/Users/Chirayu/Documents/GitHub/2D-to-3D-image-reconstruction/facescape_224/fsmview_trainset_8_14_sadness_2.jpg,0.05333230271935463,0.04986662045121193,-0.0034656822681427,7.628502666950226,0.6773625612258911,0.27665093541145325,0.27665093541145325,22.556004000080065,38.122363999946174,real_npy,0,1
808,/mnt/c/Users/Chirayu/Documents/GitHub/2D-to-3D-image-reconstruction/facescape_224/fsmview_trainset_20_1_neutral_43.jpg,0.07923633605241776,0.08075769990682602,0.0015213638544082642,8.19312397390604,0.6926780939102173,0.5506426095962524,0.5506426095962524,19.98252700013836,19.760249999990265,real_npy,0,1
809,/mnt/c/Users/Chirayu/Documents/GitHub/2D-to-3D-image-reconstruction/facescape_224/fsmview_trainset_19_6_jaw_right_37.jpg,0.13713690638542175,0.18348950147628784,0.04635259509086609,9.316714550368488,0.7762618064880371,0.4060257375240326,0.4060257375240326,21.527927999841268,22.94541199989908,real_npy,0,1
810,/mnt/c/Users/Chirayu/Documents/GitHub/2D-to-3D-image-reconstruction/facescape_224/fsmview_trainset_6_3_mouth_stretch_46.jpg,0.12177988886833191,0.11822624504566193,-0.003553643822669983,8.061741895973682,0.7478790879249573,0.3971138298511505,0.3971138298511505,21.576404999905208,21.43676599985156,real_npy,0,1
811,/mnt/c/Users/Chirayu/Documents/GitHub/2D-to-3D-image-reconstruction/facescape_224/fsmview_trainset_7_6_jaw_right_5.jpg,0.04108259454369545,0.03455880656838417,-0.006523787975311279,7.840405460447073,0.6681016087532043,0.3494514226913452,0.3494514226913452,22.16445399994882,20.269464999955744,real_npy,0,1
812,/mnt/c/Users/Chirayu/Documents/GitHub/2D-to-3D-image-reconstruction/facescape_224/fsmview_trainset_18_15_lip_roll_5.jpg,0.042058344930410385,0.04587506130337715,0.0038167163729667664,8.449396304786205,0.7216861248016357,0.338261216878891,0.338261216878891,40.82539700016241,42.02108300000873,real_npy,0,1
813,/mnt/c/Users/Chirayu/Documents/GitHub/2D-to-3D-image-reconstruction/facescape_224/fsmview_trainset_13_6_jaw_right_19.jpg,0.141690194606781,0.1487157791852951,0.007025584578514099,8.05588748306036,0.6599077582359314,0.32488134503364563,0.32488134503364563,21.046952999995483,20.701680999991368,real_npy,0,1
814,/mnt/c/Users/Chirayu/Documents/GitHub/2D-to-3D-image-reconstruction/facescape_224/fsmview_trainset_11_8_mouth_left_39.jpg,0.2815040051937103,0.280722975730896,-0.0007810294628143311,7.914214201271534,0.725729763507843,0.5550031661987305,0.5550031661987305,21.843984000042838,19.031451000046218,real_npy,0,1
815,/mnt/c/Users/Chirayu/Documents/GitHub/2D-to-3D-image-reconstruction/facescape_224/fsmview_trainset_14_19_brow_raiser_26.jpg,0.04669998586177826,0.06227290630340576,0.015572920441627502,8.060741987079382,0.7530850172042847,0.4956153333187103,0.4956153333187103,20.537286000035238,82.99954599988268,real_npy,0,1
816,/mnt/c/Users/Chirayu/Documents/GitHub/2D-to-3D-image-reconstruction/facescape_224/fsmview_trainset_8_1_neutral_55.jpg,0.04931587353348732,0.05472575128078461,0.005409877747297287,7.73351838812232,0.7010528445243835,0.2679924964904785,0.2679924964904785,25.421099000141112,22.879789999933564,real_npy,0,1
817,/mnt/c/Users/Chirayu/Documents/GitHub/2D-to-3D-image-reconstruction/facescape_224/fsmview_trainset_19_4_anger_44.jpg,0.6581442356109619,0.562881588935852,-0.09526264667510986,7.540879737585783,0.6999995708465576,0.44136425852775574,0.44136425852775574,23.860263999949893,21.58386399992196,real_npy,0,1
818,/mnt/c/Users/Chirayu/Documents/GitHub/2D-to-3D-image-reconstruction/facescape_224/fsmview_trainset_12_18_eye_closed_16.jpg,0.05053548887372017,0.04815017804503441,-0.0023853108286857605,8.890428185462952,0.7425246834754944,0.5039554834365845,0.5039554834365845,21.684423000124298,22.67248899988772,real_npy,0,1
819,/mnt/c/Users/Chirayu/Documents/GitHub/2D-to-3D-image-reconstruction/facescape_224/fsmview_trainset_12_13_lip_funneler_26.jpg,0.5272449254989624,0.4970152676105499,-0.030229657888412476,7.602532364428043,0.6857619881629944,0.5514529347419739,0.5514529347419739,21.272629999884884,19.64461899979142,template_fallback,0,1
820,/mnt/c/Users/Chirayu/Documents/GitHub/2D-to-3D-image-reconstruction/facescape_224/fsmview_trainset_3_18_eye_closed_7.jpg,0.06461397558450699,0.07740438729524612,0.012790411710739136,8.312464870512486,0.7100903987884521,0.29073479771614075,0.29073479771614075,24.044687000014164,22.241928999847005,real_npy,0,1
821,/mnt/c/Users/Chirayu/Documents/GitHub/2D-to-3D-image-reconstruction/facescape_224/fsmview_trainset_4_7_jaw_forward_49.jpg,0.08304253965616226,0.08904583007097244,0.006003290414810181,8.069467939436436,0.7746344804763794,0.30279919505119324,0.30279919505119324,23.35219900010088,20.382803000075,real_npy,0,1
822,/mnt/c/Users/Chirayu/Documents/GitHub/2D-to-3D-image-reconstruction/facescape_224/fsmview_trainset_13_15_lip_roll_2.jpg,1.1470751762390137,1.109467625617981,-0.037607550621032715,6.158953294157982,0.6447697281837463,0.35604485869407654,0.35604485869407654,20.827247999932297,22.257972000033988,real_npy,0,0
823,/mnt/c/Users/Chirayu/Documents/GitHub/2D-to-3D-image-reconstruction/facescape_224/fsmview_trainset_2_8_mouth_left_1.jpg,0.19661012291908264,0.1917479783296585,-0.004862144589424133,7.998711444437504,0.6906294226646423,0.49299007654190063,0.49299007654190063,22.11742100007541,20.23977199996807,real_npy,0,1
824,/mnt/c/Users/Chirayu/Documents/GitHub/2D-to-3D-image-reconstruction/facescape_224/fsmview_trainset_2_12_lip_puckerer_39.jpg,0.11297526210546494,0.11696901172399521,0.0039937496185302734,8.017011005431414,0.7000768780708313,0.43704965710639954,0.43704965710639954,22.069722999958685,20.149408999941443,real_npy,0,1
825,/mnt/c/Users/Chirayu/Documents/GitHub/2D-to-3D-image-reconstruction/facescape_224/fsmview_trainset_4_1_neutral_52.jpg,0.03760109841823578,0.037144605070352554,-0.0004564933478832245,9.029531278181821,0.7617620229721069,0.21823973953723907,0.21823973953723907,22.697429000118063,20.788484999911816,real_npy,0,1
826,/mnt/c/Users/Chirayu/Documents/GitHub/2D-to-3D-image-reconstruction/facescape_224/fsmview_trainset_11_5_jaw_left_62.jpg,0.47005486488342285,0.4691689908504486,-0.0008858740329742432,8.147542845457792,0.7619642019271851,0.5306856036186218,0.5306856036186218,25.06253700016714,21.847019000006185,real_npy,0,1
827,/mnt/c/Users/Chirayu/Documents/GitHub/2D-to-3D-image-reconstruction/facescape_224/fsmview_trainset_10_8_mouth_left_4.jpg,0.04280240461230278,0.04857625812292099,0.00577385351061821,7.5329724587500095,0.6483936309814453,0.22105072438716888,0.22105072438716888,21.536609999884604,18.722741999908976,real_npy,0,1
828,/mnt/c/Users/Chirayu/Documents/GitHub/2D-to-3D-image-reconstruction/facescape_224/fsmview_trainset_3_8_mouth_left_12.jpg,0.0911594107747078,0.11545304208993912,0.024293631315231323,7.7990640588104725,0.698448896408081,0.24961692094802856,0.24961692094802856,21.14367600006517,22.21042800010764,real_npy,0,1
829,/mnt/c/Users/Chirayu/Documents/GitHub/2D-to-3D-image-reconstruction/facescape_224/fsmview_trainset_19_12_lip_puckerer_11.jpg,0.07279685139656067,0.07713866233825684,0.004341810941696167,8.706844240427017,0.7272803783416748,0.3277492821216583,0.3277492821216583,21.00121500006935,21.623231999910786,real_npy,0,1
830,/mnt/c/Users/Chirayu/Documents/GitHub/2D-to-3D-image-reconstruction/facescape_224/fsmview_trainset_5_7_jaw_forward_2.jpg,0.06330935657024384,0.05858928710222244,-0.004720069468021393,8.608043026179075,0.6827226281166077,0.44452786445617676,0.44452786445617676,22.3687569998674,24.017652999873462,real_npy,0,1
831,/mnt/c/Users/Chirayu/Documents/GitHub/2D-to-3D-image-reconstruction/facescape_224/fsmview_trainset_11_15_lip_roll_45.jpg,0.05724649503827095,0.08242098987102509,0.025174494832754135,7.709091231226921,0.7157814502716064,0.6428841948509216,0.6428841948509216,22.42088799994235,20.811954999999216,real_npy,0,1
832,/mnt/c/Users/Chirayu/Documents/GitHub/2D-to-3D-image-reconstruction/facescape_224/fsmview_trainset_8_5_jaw_left_15.jpg,0.08968109637498856,0.0913393497467041,0.0016582533717155457,7.840332143008709,0.6169498562812805,0.40998750925064087,0.40998750925064087,22.724623999920368,20.762132000072597,real_npy,0,1
833,/mnt/c/Users/Chirayu/Documents/GitHub/2D-to-3D-image-reconstruction/facescape_224/fsmview_trainset_16_3_mouth_stretch_1.jpg,0.028944628313183784,0.21562756597995758,0.1866829376667738,10.57016150932759,0.9488285183906555,0.3042123317718506,0.3042123317718506,23.921208000047045,23.50833400009833,real_npy,0,1
834,/mnt/c/Users/Chirayu/Documents/GitHub/2D-to-3D-image-reconstruction/facescape_224/fsmview_trainset_5_16_grin_19.jpg,0.04296904429793358,0.04619617015123367,0.0032271258533000946,8.84467411460355,0.7410740256309509,0.3534547984600067,0.3534547984600067,20.767823999904067,58.68836300010116,real_npy,0,1
835,/mnt/c/Users/Chirayu/Documents/GitHub/2D-to-3D-image-reconstruction/facescape_224/fsmview_trainset_3_4_anger_23.jpg,0.029981816187500954,0.3497145473957062,0.3197327312082052,13.028463384136558,1.1707725524902344,0.33128562569618225,0.33128562569618225,35.44433900015065,20.493650000162233,real_npy,0,1
836,/mnt/c/Users/Chirayu/Documents/GitHub/2D-to-3D-image-reconstruction/facescape_224/fsmview_trainset_13_15_lip_roll_55.jpg,0.07644171267747879,0.09292498975992203,0.016483277082443237,8.106848645955324,0.69068443775177,0.3074433207511902,0.3074433207511902,21.369910999965214,19.413686000007147,real_npy,0,1
837,/mnt/c/Users/Chirayu/Documents/GitHub/2D-to-3D-image-reconstruction/facescape_224/fsmview_trainset_8_11_chin_raiser_9.jpg,0.0450061559677124,0.03864077106118202,-0.00636538490653038,8.076505914330482,0.6588336229324341,0.22955112159252167,0.22955112159252167,22.62234999989232,24.932131000014124,real_npy,0,1
838,/mnt/c/Users/Chirayu/Documents/GitHub/2D-to-3D-image-reconstruction/facescape_224/fsmview_trainset_5_2_smile_11.jpg,0.2386532425880432,0.22191064059734344,-0.016742601990699768,6.905218221247196,0.6898569464683533,0.5780972838401794,0.5780972838401794,21.05833999985407,42.09208899987971,real_npy,0,1
839,/mnt/c/Users/Chirayu/Documents/GitHub/2D-to-3D-image-reconstruction/facescape_224/fsmview_trainset_20_10_dimpler_10.jpg,0.08573002368211746,0.08272618800401688,-0.003003835678100586,7.734782572835684,0.6897062659263611,0.570749044418335,0.570749044418335,23.272321999911583,20.48195499992289,real_npy,0,1
840,/mnt/c/Users/Chirayu/Documents/GitHub/2D-to-3D-image-reconstruction/facescape_224/fsmview_trainset_3_20_brow_lower_7.jpg,0.05329177528619766,0.06928788870573044,0.015996113419532776,8.187923546880484,0.7107305526733398,0.2863719165325165,0.2863719165325165,33.69227999996838,28.67010999989361,real_npy,0,1
841,/mnt/c/Users/Chirayu/Documents/GitHub/2D-to-3D-image-reconstruction/facescape_224/fsmview_trainset_4_19_brow_raiser_19.jpg,0.04016853868961334,0.039944082498550415,-0.00022445619106292725,8.9286216404289,0.7348650693893433,0.27928292751312256,0.27928292751312256,20.350524999912523,19.96615500002008,real_npy,0,1
842,/mnt/c/Users/Chirayu/Documents/GitHub/2D-to-3D-image-reconstruction/facescape_224/fsmview_trainset_11_7_jaw_forward_28.jpg,0.08350018411874771,0.07737674564123154,-0.006123438477516174,9.1300876326859,0.7343284487724304,0.5489073991775513,0.5489073991775513,24.509368000053655,22.774551999873438,real_npy,0,1
843,/mnt/c/Users/Chirayu/Documents/GitHub/2D-to-3D-image-reconstruction/facescape_224/fsmview_trainset_13_18_eye_closed_45.jpg,0.06839000433683395,0.06879860907793045,0.0004086047410964966,8.343261048197746,0.6907870173454285,0.40348172187805176,0.40348172187805176,21.40181999993729,19.67317200001162,real_npy,0,1
844,/mnt/c/Users/Chirayu/Documents/GitHub/2D-to-3D-image-reconstruction/facescape_224/fsmview_trainset_6_10_dimpler_17.jpg,0.04059797152876854,0.042093876749277115,0.0014959052205085754,8.182374270632863,0.69268798828125,0.3702225387096405,0.3702225387096405,22.216937999928632,24.552996000011262,real_npy,0,1
845,/mnt/c/Users/Chirayu/Documents/GitHub/2D-to-3D-image-reconstruction/facescape_224/fsmview_trainset_2_4_anger_44.jpg,0.5319008827209473,0.5069760680198669,-0.024924814701080322,7.026440016925335,0.6486327052116394,0.49110960960388184,0.49110960960388184,20.635080999909405,20.756712000093103,real_npy,0,1
846,/mnt/c/Users/Chirayu/Documents/GitHub/2D-to-3D-image-reconstruction/facescape_224/fsmview_trainset_13_6_jaw_right_38.jpg,0.05185592174530029,0.049974195659160614,-0.001881726086139679,7.936708379536867,0.7047429084777832,0.3451143801212311,0.3451143801212311,22.47660500006532,22.270282999897972,real_npy,0,1
847,/mnt/c/Users/Chirayu/Documents/GitHub/2D-to-3D-image-reconstruction/facescape_224/fsmview_trainset_11_1_neutral_66.jpg,0.2429662048816681,0.23720954358577728,-0.005756661295890808,7.552281178534031,0.6345006227493286,0.5062687397003174,0.5062687397003174,20.48681399992347,20.30622699999185,real_npy,0,1
848,/mnt/c/Users/Chirayu/Documents/GitHub/2D-to-3D-image-reconstruction/facescape_224/fsmview_trainset_17_9_mouth_right_55.jpg,0.06260520964860916,0.06540830433368683,0.0028030946850776672,8.403233326971531,0.6969900727272034,0.3769940435886383,0.3769940435886383,85.64017200001217,21.11567799988734,real_npy,0,1
849,/mnt/c/Users/Chirayu/Documents/GitHub/2D-to-3D-image-reconstruction/facescape_224/fsmview_trainset_15_14_sadness_34.jpg,0.1647191047668457,0.18163944780826569,0.016920343041419983,7.809016019105911,0.6434087157249451,0.5756279826164246,0.5756279826164246,22.819215000026816,21.33367199985514,real_npy,0,1
850,/mnt/c/Users/Chirayu/Documents/GitHub/2D-to-3D-image-reconstruction/facescape_224/fsmview_trainset_10_19_brow_raiser_32.jpg,0.041689738631248474,0.04471501708030701,0.0030252784490585327,7.6221076883375645,0.6678361296653748,0.29583609104156494,0.29583609104156494,23.072225000078106,22.871432000101777,real_npy,0,1
851,/mnt/c/Users/Chirayu/Documents/GitHub/2D-to-3D-image-reconstruction/facescape_224/fsmview_trainset_19_5_jaw_left_45.jpg,0.17685329914093018,0.20623722672462463,0.029383927583694458,9.019711844623089,0.7936123609542847,0.3715129792690277,0.3715129792690277,21.775442000034673,21.452938000038557,real_npy,0,1
852,/mnt/c/Users/Chirayu/Documents/GitHub/2D-to-3D-image-reconstruction/facescape_224/fsmview_trainset_7_9_mouth_right_1.jpg,0.05822129175066948,0.059600234031677246,0.0013789422810077667,8.041771613061428,0.6974689960479736,0.41748732328414917,0.41748732328414917,23.84799399987969,26.12185399993905,real_npy,0,1
853,/mnt/c/Users/Chirayu/Documents/GitHub/2D-to-3D-image-reconstruction/facescape_224/fsmview_trainset_17_13_lip_funneler_13.jpg,0.06644519418478012,0.0722806304693222,0.005835436284542084,8.381536528468132,0.6979514956474304,0.39738038182258606,0.39738038182258606,93.20901199998843,46.67669499986005,real_npy,0,1
854,/mnt/c/Users/Chirayu/Documents/GitHub/2D-to-3D-image-reconstruction/facescape_224/fsmview_trainset_1_7_jaw_forward_41.jpg,0.1313263177871704,0.12330085784196854,-0.008025459945201874,7.948456473648548,0.737528383731842,0.44199734926223755,0.44199734926223755,20.349540999859528,19.21295099987219,real_npy,0,1
855,/mnt/c/Users/Chirayu/Documents/GitHub/2D-to-3D-image-reconstruction/facescape_224/fsmview_trainset_10_18_eye_closed_55.jpg,0.04833672568202019,0.04874776303768158,0.0004110373556613922,8.225920508150011,0.6989937424659729,0.29219305515289307,0.29219305515289307,23.030009999956746,19.044397000016033,real_npy,0,1
856,/mnt/c/Users/Chirayu/Documents/GitHub/2D-to-3D-image-reconstruction/facescape_224/fsmview_trainset_13_9_mouth_right_37.jpg,0.07556968927383423,0.07410362362861633,-0.0014660656452178955,8.062268488109112,0.6913185119628906,0.4041873514652252,0.4041873514652252,19.749022000041805,21.12079200014705,real_npy,0,1
857,/mnt/c/Users/Chirayu/Documents/GitHub/2D-to-3D-image-reconstruction/facescape_224/fsmview_trainset_10_5_jaw_left_3.jpg,0.058493472635746,0.05790131539106369,-0.000592157244682312,7.755991525948048,0.7089575529098511,0.33603864908218384,0.33603864908218384,24.31012100009866,22.118288000001485,real_npy,0,1
858,/mnt/c/Users/Chirayu/Documents/GitHub/2D-to-3D-image-reconstruction/facescape_224/fsmview_trainset_13_16_grin_3.jpg,0.0444364994764328,0.04238971695303917,-0.002046782523393631,8.301334738731384,0.6539853811264038,0.43899664282798767,0.43899664282798767,24.297525999827485,20.138194000082876,real_npy,0,1
859,/mnt/c/Users/Chirayu/Documents/GitHub/2D-to-3D-image-reconstruction/facescape_224/fsmview_trainset_15_14_sadness_42.jpg,0.31332141160964966,0.32117003202438354,0.007848620414733887,8.458990946412086,0.7420496344566345,0.49940863251686096,0.49940863251686096,21.148846999949455,21.139605999906053,real_npy,0,1
860,/mnt/c/Users/Chirayu/Documents/GitHub/2D-to-3D-image-reconstruction/facescape_224/fsmview_trainset_17_1_neutral_58.jpg,0.8588255643844604,0.8598628640174866,0.001037299633026123,6.427023328840733,0.6651278138160706,0.19829216599464417,0.19829216599464417,23.757584999884784,21.87854699991476,real_npy,0,0
861,/mnt/c/Users/Chirayu/Documents/GitHub/2D-to-3D-image-reconstruction/facescape_224/fsmview_trainset_8_6_jaw_right_48.jpg,0.144050732254982,0.14274555444717407,-0.0013051778078079224,7.469393812119961,0.6765045523643494,0.3030596375465393,0.3030596375465393,20.04892100012512,19.879704000004494,real_npy,0,1
862,/mnt/c/Users/Chirayu/Documents/GitHub/2D-to-3D-image-reconstruction/facescape_224/fsmview_trainset_13_8_mouth_left_32.jpg,0.03925859183073044,0.03731409087777138,-0.0019445009529590607,8.864401096478105,0.7253742814064026,0.4317830204963684,0.4317830204963684,56.554369999958,22.64988000001722,real_npy,0,1
863,/mnt/c/Users/Chirayu/Documents/GitHub/2D-to-3D-image-reconstruction/facescape_224/fsmview_trainset_14_17_cheek_blowing_18.jpg,0.0693400576710701,0.06332770735025406,-0.00601235032081604,7.874470587819815,0.6600465774536133,0.5182579755783081,0.5182579755783081,71.26108700003897,19.559378999929322,real_npy,0,1
864,/mnt/c/Users/Chirayu/Documents/GitHub/2D-to-3D-image-reconstruction/facescape_224/fsmview_trainset_18_17_cheek_blowing_18.jpg,0.057242631912231445,0.05758347362279892,0.00034084171056747437,9.103572136722505,0.7417685985565186,0.41484832763671875,0.41484832763671875,20.942907000062405,20.865718999857563,real_npy,0,1
865,/mnt/c/Users/Chirayu/Documents/GitHub/2D-to-3D-image-reconstruction/facescape_224/fsmview_trainset_10_11_chin_raiser_44.jpg,0.13240210711956024,0.11609668284654617,-0.01630542427301407,8.085649512708187,0.6726824641227722,0.45228829979896545,0.45228829979896545,58.49308800020481,32.652938999945036,real_npy,0,1
866,/mnt/c/Users/Chirayu/Documents/GitHub/2D-to-3D-image-reconstruction/facescape_224/fsmview_trainset_8_13_lip_funneler_29.jpg,0.05469323694705963,0.057531677186489105,0.002838440239429474,7.810652989894152,0.674048900604248,0.36754560470581055,0.36754560470581055,20.65476600000693,19.690017999892007,real_npy,0,1
867,/mnt/c/Users/Chirayu/Documents/GitHub/2D-to-3D-image-reconstruction/facescape_224/fsmview_trainset_9_19_brow_raiser_43.jpg,0.12503550946712494,0.11813505738973618,-0.006900452077388763,7.130934655666351,0.616976797580719,0.4200142025947571,0.4200142025947571,21.12153300004138,22.907512000074348,real_npy,0,1
868,/mnt/c/Users/Chirayu/Documents/GitHub/2D-to-3D-image-reconstruction/facescape_224/fsmview_trainset_8_9_mouth_right_46.jpg,0.05966642498970032,0.06314901262521744,0.0034825876355171204,7.7864876464009285,0.6979201436042786,0.33456727862358093,0.33456727862358093,21.838038999931086,20.552834000000075,real_npy,0,1
869,/mnt/c/Users/Chirayu/Documents/GitHub/2D-to-3D-image-reconstruction/facescape_224/fsmview_trainset_17_10_dimpler_1.jpg,0.19260723888874054,0.19689194858074188,0.004284709692001343,9.641545962542295,0.7493628263473511,0.4024462401866913,0.4024462401866913,22.24353500014331,22.51119600009588,real_npy,0,1
870,/mnt/c/Users/Chirayu/Documents/GitHub/2D-to-3D-image-reconstruction/facescape_224/fsmview_trainset_16_19_brow_raiser_37.jpg,0.0911203995347023,0.11452215164899826,0.02340175211429596,9.161475613713264,0.7599950432777405,0.4407002925872803,0.4407002925872803,31.824992999872848,28.946923999910723,real_npy,0,1
871,/mnt/c/Users/Chirayu/Documents/GitHub/2D-to-3D-image-reconstruction/facescape_224/fsmview_trainset_7_7_jaw_forward_31.jpg,0.06435095518827438,0.06398042291402817,-0.0003705322742462158,8.181201346218586,0.6706674098968506,0.47378891706466675,0.47378891706466675,60.71529099995132,52.300127000080465,real_npy,0,1
872,/mnt/c/Users/Chirayu/Documents/GitHub/2D-to-3D-image-reconstruction/facescape_224/fsmview_trainset_16_14_sadness_17.jpg,0.03686108440160751,0.06103581562638283,0.024174731224775314,7.67441039532423,0.6384478211402893,0.36293739080429077,0.36293739080429077,31.805653999981587,19.190139000102135,real_npy,0,1
873,/mnt/c/Users/Chirayu/Documents/GitHub/2D-to-3D-image-reconstruction/facescape_224/fsmview_trainset_6_7_jaw_forward_24.jpg,0.05671733245253563,0.05620450899004936,-0.0005128234624862671,8.429524118080735,0.7032690644264221,0.39124706387519836,0.39124706387519836,23.92520000012155,20.635843999798453,real_npy,0,1
874,/mnt/c/Users/Chirayu/Documents/GitHub/2D-to-3D-image-reconstruction/facescape_224/fsmview_trainset_9_17_cheek_blowing_29.jpg,0.05120820179581642,0.05709555745124817,0.0058873556554317474,8.060485165566206,0.7043019533157349,0.2719251215457916,0.2719251215457916,19.740052000088326,21.79251600000498,real_npy,0,1
875,/mnt/c/Users/Chirayu/Documents/GitHub/2D-to-3D-image-reconstruction/facescape_224/fsmview_trainset_16_12_lip_puckerer_7.jpg,0.06594134867191315,0.07872705161571503,0.01278570294380188,8.186215363442898,0.6695869565010071,0.2682947516441345,0.2682947516441345,21.270497999921645,19.89940800012846,real_npy,0,1
876,/mnt/c/Users/Chirayu/Documents/GitHub/2D-to-3D-image-reconstruction/facescape_224/fsmview_trainset_7_13_lip_funneler_44.jpg,0.11411815136671066,0.12140358239412308,0.0072854310274124146,7.442057944834232,0.6809356808662415,0.5003924369812012,0.5003924369812012,22.534862999918914,21.31103900001108,real_npy,0,1
877,/mnt/c/Users/Chirayu/Documents/GitHub/2D-to-3D-image-reconstruction/facescape_224/fsmview_trainset_13_6_jaw_right_1.jpg,0.04418600723147392,0.04241352528333664,-0.0017724819481372833,8.360733460634947,0.7007376551628113,0.41713669896125793,0.41713669896125793,22.074900000006892,22.640827000032004,real_npy,0,1
878,/mnt/c/Users/Chirayu/Documents/GitHub/2D-to-3D-image-reconstruction/facescape_224/fsmview_trainset_17_16_grin_35.jpg,0.057932913303375244,0.062034208327531815,0.0041012950241565704,8.7551953420043,0.7399324774742126,0.385345458984375,0.385345458984375,21.194616000002497,21.097526999938054,real_npy,0,1
879,/mnt/c/Users/Chirayu/Documents/GitHub/2D-to-3D-image-reconstruction/facescape_224/fsmview_trainset_1_11_chin_raiser_47.jpg,0.1985546350479126,0.19255562126636505,-0.005999013781547546,6.9377733170986176,0.6699228286743164,0.3660784661769867,0.3660784661769867,23.737822999919445,23.38987400003134,real_npy,0,1
880,/mnt/c/Users/Chirayu/Documents/GitHub/2D-to-3D-image-reconstruction/facescape_224/fsmview_trainset_9_5_jaw_left_18.jpg,0.04355352744460106,0.04127904027700424,-0.002274487167596817,8.302148764953017,0.6947362422943115,0.38807329535484314,0.38807329535484314,19.636550999848623,19.785332000083145,real_npy,0,1
881,/mnt/c/Users/Chirayu/Documents/GitHub/2D-to-3D-image-reconstruction/facescape_224/fsmview_trainset_10_2_smile_47.jpg,0.05174325406551361,9.296323776245117,9.244580522179604,60.636910915374756,11.151104927062988,0.33744943141937256,0.33744943141937256,22.026561000075162,21.6462399998818,real_npy,1,1
882,/mnt/c/Users/Chirayu/Documents/GitHub/2D-to-3D-image-reconstruction/facescape_224/fsmview_trainset_8_14_sadness_12.jpg,0.04595715180039406,0.04566015303134918,-0.0002969987690448761,7.937814384698868,0.7163055539131165,0.2905504107475281,0.2905504107475281,26.004878000094322,20.003901999871232,real_npy,0,1
883,/mnt/c/Users/Chirayu/Documents/GitHub/2D-to-3D-image-reconstruction/facescape_224/fsmview_trainset_9_15_lip_roll_55.jpg,0.18026717007160187,0.187168687582016,0.0069015175104141235,7.166163370013237,0.6304855942726135,0.4276222288608551,0.4276222288608551,19.977006000090114,42.92825700008507,real_npy,0,1
884,/mnt/c/Users/Chirayu/Documents/GitHub/2D-to-3D-image-reconstruction/facescape_224/fsmview_trainset_12_5_jaw_left_16.jpg,0.05007478967308998,0.042927686125040054,-0.007147103548049927,8.802036484703422,0.6921930313110352,0.47407519817352295,0.47407519817352295,21.426505999897927,21.444537999968816,real_npy,0,1
885,/mnt/c/Users/Chirayu/Documents/GitHub/2D-to-3D-image-reconstruction/facescape_224/fsmview_trainset_3_5_jaw_left_8.jpg,0.04228031635284424,0.11591637879610062,0.07363606244325638,8.492479879409075,0.7477831840515137,0.3758045434951782,0.3758045434951782,20.877967000160425,20.87172799997461,real_npy,0,1
886,/mnt/c/Users/Chirayu/Documents/GitHub/2D-to-3D-image-reconstruction/facescape_224/fsmview_trainset_13_3_mouth_stretch_50.jpg,0.04874571040272713,0.04802457243204117,-0.0007211379706859589,7.266079805791378,0.6789077520370483,0.36406028270721436,0.36406028270721436,43.27658700003667,40.618423000069015,real_npy,0,1
887,/mnt/c/Users/Chirayu/Documents/GitHub/2D-to-3D-image-reconstruction/facescape_224/fsmview_trainset_15_3_mouth_stretch_48.jpg,0.21923112869262695,0.23868286609649658,0.01945173740386963,7.97992530465126,0.7234004735946655,0.6327422857284546,0.6327422857284546,20.4396489998544,19.549841000070955,real_npy,0,1
888,/mnt/c/Users/Chirayu/Documents/GitHub/2D-to-3D-image-reconstruction/facescape_224/fsmview_trainset_18_16_grin_26.jpg,0.24056310951709747,0.251438707113266,0.010875597596168518,6.160254504531622,0.557540237903595,0.6018533110618591,0.6018533110618591,20.837664000055156,20.072017999837044,real_npy,0,0
889,/mnt/c/Users/Chirayu/Documents/GitHub/2D-to-3D-image-reconstruction/facescape_224/fsmview_trainset_2_10_dimpler_28.jpg,0.037963468581438065,0.040350936353206635,0.00238746777176857,7.3882781863212585,0.669502854347229,0.28225070238113403,0.28225070238113403,45.04826699985642,20.14011500000379,real_npy,0,1
890,/mnt/c/Users/Chirayu/Documents/GitHub/2D-to-3D-image-reconstruction/facescape_224/fsmview_trainset_11_5_jaw_left_48.jpg,1.0168513059616089,0.8800549507141113,-0.13679635524749756,7.869546942412853,0.6947315335273743,0.5680316686630249,0.5680316686630249,21.72392700003911,19.307270000126664,real_npy,0,1
891,/mnt/c/Users/Chirayu/Documents/GitHub/2D-to-3D-image-reconstruction/facescape_224/fsmview_trainset_1_7_jaw_forward_56.jpg,0.09172379225492477,2.0908241271972656,1.9991003349423409,33.251774087548256,3.543391704559326,0.2902890145778656,0.2902890145778656,23.707789999889428,31.626161000076536,real_npy,1,1
892,/mnt/c/Users/Chirayu/Documents/GitHub/2D-to-3D-image-reconstruction/facescape_224/fsmview_trainset_6_20_brow_lower_28.jpg,0.040219858288764954,0.04600319638848305,0.005783338099718094,7.7144760973751545,0.6573792099952698,0.22931338846683502,0.22931338846683502,20.73814499999571,19.850684999937585,real_npy,0,1
893,/mnt/c/Users/Chirayu/Documents/GitHub/2D-to-3D-image-reconstruction/facescape_224/fsmview_trainset_20_13_lip_funneler_12.jpg,0.0467681922018528,0.05122283101081848,0.004454638808965683,8.523153092712164,0.7037140130996704,0.38685429096221924,0.38685429096221924,57.687019000013606,19.096340000032797,real_npy,0,1
894,/mnt/c/Users/Chirayu/Documents/GitHub/2D-to-3D-image-reconstruction/facescape_224/fsmview_trainset_13_10_dimpler_10.jpg,0.09298831969499588,0.1262904852628708,0.03330216556787491,9.109186909161508,0.7899436950683594,0.48380428552627563,0.48380428552627563,21.072740000136037,54.621112999939214,real_npy,0,1
895,/mnt/c/Users/Chirayu/Documents/GitHub/2D-to-3D-image-reconstruction/facescape_224/fsmview_trainset_20_10_dimpler_31.jpg,0.03400517627596855,0.03226962313055992,-0.0017355531454086304,7.661917172372341,0.6473624110221863,0.41889169812202454,0.41889169812202454,22.3538830000507,21.962240999982896,real_npy,0,1
896,/mnt/c/Users/Chirayu/Documents/GitHub/2D-to-3D-image-reconstruction/facescape_224/fsmview_trainset_17_11_chin_raiser_7.jpg,0.08098477870225906,0.0945659801363945,0.013581201434135437,8.838128931820393,0.6946722865104675,0.28045907616615295,0.28045907616615295,24.87171200004923,24.827323000181423,real_npy,0,1
897,/mnt/c/Users/Chirayu/Documents/GitHub/2D-to-3D-image-reconstruction/facescape_224/fsmview_trainset_3_19_brow_raiser_42.jpg,0.23907098174095154,0.2522416114807129,0.013170629739761353,7.71861831843853,0.7312430143356323,0.4571093022823334,0.4571093022823334,22.703926999838586,23.11330099996667,real_npy,0,1
898,/mnt/c/Users/Chirayu/Documents/GitHub/2D-to-3D-image-reconstruction/facescape_224/fsmview_trainset_3_18_eye_closed_53.jpg,0.6609094142913818,0.5352898240089417,-0.12561959028244019,7.949753634631634,0.6780247688293457,0.43323349952697754,0.43323349952697754,22.20371500015972,20.353324000097928,real_npy,0,1
899,/mnt/c/Users/Chirayu/Documents/GitHub/2D-to-3D-image-reconstruction/facescape_224/fsmview_trainset_16_1_neutral_29.jpg,0.049919549375772476,0.052288223057985306,0.0023686736822128296,7.7885417975485325,0.6453040242195129,0.4228871166706085,0.4228871166706085,22.271547999935137,23.768173000007664,real_npy,0,1
900,/mnt/c/Users/Chirayu/Documents/GitHub/2D-to-3D-image-reconstruction/facescape_224/fsmview_trainset_20_14_sadness_6.jpg,0.4847586154937744,0.42803364992141724,-0.05672496557235718,6.182512689381838,0.6575609445571899,0.49191734194755554,0.49191734194755554,20.30112099987491,19.519211999977415,template_fallback,0,0
901,/mnt/c/Users/Chirayu/Documents/GitHub/2D-to-3D-image-reconstruction/facescape_224/fsmview_trainset_10_9_mouth_right_37.jpg,0.056536562740802765,0.06884744763374329,0.012310884892940521,8.709624540060759,0.7286627292633057,0.40712857246398926,0.40712857246398926,22.13263199996618,22.189522999951805,real_npy,0,1
902,/mnt/c/Users/Chirayu/Documents/GitHub/2D-to-3D-image-reconstruction/facescape_224/fsmview_trainset_18_18_eye_closed_43.jpg,0.08253567665815353,0.0820760652422905,-0.0004596114158630371,7.940814971923828,0.6379691958427429,0.5030818581581116,0.5030818581581116,20.401217999960863,21.81720699991274,real_npy,0,1
903,/mnt/c/Users/Chirayu/Documents/GitHub/2D-to-3D-image-reconstruction/facescape_224/fsmview_trainset_2_16_grin_45.jpg,1.0209155082702637,0.8605912923812866,-0.16032421588897705,6.332768585532904,0.5646716356277466,0.4987034201622009,0.4987034201622009,44.842551999863645,31.547622000061892,real_npy,0,0
904,/mnt/c/Users/Chirayu/Documents/GitHub/2D-to-3D-image-reconstruction/facescape_224/fsmview_trainset_8_5_jaw_left_33.jpg,0.03111259825527668,0.03294526785612106,0.0018326696008443832,7.849446594715118,0.6688756346702576,0.2832782566547394,0.2832782566547394,20.65782699992269,19.844318999957977,real_npy,0,1
905,/mnt/c/Users/Chirayu/Documents/GitHub/2D-to-3D-image-reconstruction/facescape_224/fsmview_trainset_4_7_jaw_forward_2.jpg,0.06295842677354813,0.0557091049849987,-0.007249321788549423,7.482291907072067,0.6751430034637451,0.27488112449645996,0.27488112449645996,20.655536000049324,18.739535999884538,real_npy,0,1
906,/mnt/c/Users/Chirayu/Documents/GitHub/2D-to-3D-image-reconstruction/facescape_224/fsmview_trainset_12_9_mouth_right_52.jpg,0.12351863831281662,0.12765884399414062,0.004140205681324005,7.901001058518887,0.6727973818778992,0.4912307560443878,0.4912307560443878,25.037116000021342,22.964254000044093,real_npy,0,1
907,/mnt/c/Users/Chirayu/Documents/GitHub/2D-to-3D-image-reconstruction/facescape_224/fsmview_trainset_9_18_eye_closed_42.jpg,0.1387641727924347,0.1833503097295761,0.04458613693714142,6.562566179782152,0.6587796211242676,0.4432443082332611,0.4432443082332611,22.44135599994479,24.634699999978693,real_npy,0,1
908,/mnt/c/Users/Chirayu/Documents/GitHub/2D-to-3D-image-reconstruction/facescape_224/fsmview_trainset_14_2_smile_61.jpg,0.4495392143726349,0.44812798500061035,-0.0014112293720245361,7.488614529371262,0.5982006788253784,0.5059278607368469,0.5059278607368469,23.33255000007739,22.500392999972973,real_npy,0,1
909,/mnt/c/Users/Chirayu/Documents/GitHub/2D-to-3D-image-reconstruction/facescape_224/fsmview_trainset_7_8_mouth_left_12.jpg,0.2909391224384308,134.97779846191406,134.68685933947563,212.94240427017212,177.4730987548828,0.2750994563102722,0.2750994563102722,23.1730969999262,21.87902299988309,real_npy,1,1
910,/mnt/c/Users/Chirayu/Documents/GitHub/2D-to-3D-image-reconstruction/facescape_224/fsmview_trainset_2_3_mouth_stretch_36.jpg,0.3356401324272156,0.35186105966567993,0.016220927238464355,6.929020591080189,0.5998650193214417,0.3872579038143158,0.3872579038143158,21.28645399989182,21.4094699999805,real_npy,0,1
911,/mnt/c/Users/Chirayu/Documents/GitHub/2D-to-3D-image-reconstruction/facescape_224/fsmview_trainset_6_18_eye_closed_49.jpg,0.13108240067958832,0.1090296283364296,-0.022052772343158722,7.271665565669537,0.6473233103752136,0.43022623658180237,0.43022623658180237,23.376731000098516,46.149264000177936,real_npy,0,1
912,/mnt/c/Users/Chirayu/Documents/GitHub/2D-to-3D-image-reconstruction/facescape_224/fsmview_trainset_20_15_lip_roll_14.jpg,0.14225174486637115,0.14965040981769562,0.007398664951324463,7.882471941411495,0.6791080832481384,0.4812876880168915,0.4812876880168915,22.959804000038275,22.445665999839548,real_npy,0,1
913,/mnt/c/Users/Chirayu/Documents/GitHub/2D-to-3D-image-reconstruction/facescape_224/fsmview_trainset_3_5_jaw_left_23.jpg,0.04488830640912056,0.04546811431646347,0.0005798079073429108,8.179262795485556,0.6658086776733398,0.4426657259464264,0.4426657259464264,40.92635400002109,64.12166900008742,real_npy,0,1
914,/mnt/c/Users/Chirayu/Documents/GitHub/2D-to-3D-image-reconstruction/facescape_224/fsmview_trainset_20_4_anger_66.jpg,0.25873062014579773,0.2621312439441681,0.0034006237983703613,6.853643279522657,0.6543365120887756,0.4504334330558777,0.4504334330558777,21.53746399994816,21.572023000089757,real_npy,0,1
915,/mnt/c/Users/Chirayu/Documents/GitHub/2D-to-3D-image-reconstruction/facescape_224/fsmview_trainset_14_11_chin_raiser_60.jpg,0.040225569158792496,0.03936818614602089,-0.0008573830127716064,8.612722150981426,0.7376148700714111,0.45520642399787903,0.45520642399787903,22.14739400005783,21.943734999922526,real_npy,0,1
916,/mnt/c/Users/Chirayu/Documents/GitHub/2D-to-3D-image-reconstruction/facescape_224/fsmview_trainset_6_17_cheek_blowing_19.jpg,0.05185585469007492,0.05947491154074669,0.007619056850671768,8.684495939873159,0.7744525671005249,0.3266463279724121,0.3266463279724121,22.22910000000411,20.789344000149867,real_npy,0,1
917,/mnt/c/Users/Chirayu/Documents/GitHub/2D-to-3D-image-reconstruction/facescape_224/fsmview_trainset_17_11_chin_raiser_16.jpg,0.04653902351856232,15.852862358093262,15.8063233345747,83.12582367658615,16.6190128326416,0.31121495366096497,0.31121495366096497,36.14119999997456,18.403014000114126,real_npy,1,1
918,/mnt/c/Users/Chirayu/Documents/GitHub/2D-to-3D-image-reconstruction/facescape_224/fsmview_trainset_12_8_mouth_left_44.jpg,0.04334903508424759,0.042909011244773865,-0.00044002383947372437,7.5081492103636265,0.6184883117675781,0.46108847856521606,0.46108847856521606,28.399919999856138,55.85130000008576,real_npy,0,1
919,/mnt/c/Users/Chirayu/Documents/GitHub/2D-to-3D-image-reconstruction/facescape_224/fsmview_trainset_13_1_neutral_18.jpg,0.3394320011138916,0.3664293885231018,0.026997387409210205,7.276757527142763,0.6421242952346802,0.4166359007358551,0.4166359007358551,21.239455999875645,23.55209500001365,real_npy,0,1
920,/mnt/c/Users/Chirayu/Documents/GitHub/2D-to-3D-image-reconstruction/facescape_224/fsmview_trainset_4_9_mouth_right_19.jpg,0.03902947157621384,0.03768857941031456,-0.0013408921658992767,8.872597998008132,0.7264728546142578,0.2760600447654724,0.2760600447654724,21.02215300010357,22.32842500006882,real_npy,0,1
921,/mnt/c/Users/Chirayu/Documents/GitHub/2D-to-3D-image-reconstruction/facescape_224/fsmview_trainset_19_13_lip_funneler_47.jpg,0.07758230715990067,0.07448484003543854,-0.0030974671244621277,8.183990944176912,0.7131800651550293,0.34393393993377686,0.34393393993377686,22.391156000139745,20.919080999874495,real_npy,0,1
922,/mnt/c/Users/Chirayu/Documents/GitHub/2D-to-3D-image-reconstruction/facescape_224/fsmview_trainset_11_12_lip_puckerer_16.jpg,0.05415429547429085,0.06267281621694565,0.0085185207426548,7.701423805207014,0.6452943682670593,0.4807364344596863,0.4807364344596863,21.053550000033283,20.74803300001804,real_npy,0,1
923,/mnt/c/Users/Chirayu/Documents/GitHub/2D-to-3D-image-reconstruction/facescape_224/fsmview_trainset_11_16_grin_61.jpg,0.536440908908844,0.5233054757118225,-0.013135433197021484,7.142061956226826,0.6539533734321594,0.5014179944992065,0.5014179944992065,23.59991200000877,24.614293000013276,real_npy,0,1
924,/mnt/c/Users/Chirayu/Documents/GitHub/2D-to-3D-image-reconstruction/facescape_224/fsmview_trainset_14_14_sadness_22.jpg,0.04118882119655609,0.0415043905377388,0.00031556934118270874,7.260344602167606,0.6088236570358276,0.3925381600856781,0.3925381600856781,21.631052999964595,39.981603000114774,real_npy,0,1
925,/mnt/c/Users/Chirayu/Documents/GitHub/2D-to-3D-image-reconstruction/facescape_224/fsmview_trainset_13_1_neutral_34.jpg,0.3193419277667999,0.3058430552482605,-0.013498872518539429,7.175374796614051,0.6950564980506897,0.4506545066833496,0.4506545066833496,20.61995899998692,20.151547999830655,real_npy,0,1
926,/mnt/c/Users/Chirayu/Documents/GitHub/2D-to-3D-image-reconstruction/facescape_224/fsmview_trainset_2_16_grin_50.jpg,0.4396890699863434,0.48534584045410156,0.04565677046775818,7.014813430607319,0.649142861366272,0.47697651386260986,0.47697651386260986,21.016057999986515,20.108235999941826,template_fallback,0,1
927,/mnt/c/Users/Chirayu/Documents/GitHub/2D-to-3D-image-reconstruction/facescape_224/fsmview_trainset_19_12_lip_puckerer_31.jpg,0.04083983227610588,0.04282252490520477,0.001982692629098892,8.379840662702918,0.688705325126648,0.28158730268478394,0.28158730268478394,21.696304999977656,27.363452000145116,real_npy,0,1
928,/mnt/c/Users/Chirayu/Documents/GitHub/2D-to-3D-image-reconstruction/facescape_224/fsmview_trainset_4_11_chin_raiser_54.jpg,0.036653969436883926,0.03721064701676369,0.0005566775798797607,8.086751952767372,0.6904619932174683,0.19850708544254303,0.19850708544254303,29.544899999791596,39.17019799996524,real_npy,0,1
929,/mnt/c/Users/Chirayu/Documents/GitHub/2D-to-3D-image-reconstruction/facescape_224/fsmview_trainset_11_7_jaw_forward_17.jpg,0.06372686475515366,0.07509315758943558,0.011366292834281921,7.894247345626354,0.6858744025230408,0.499267041683197,0.499267041683197,20.78884200000175,18.697214000212625,real_npy,0,1
930,/mnt/c/Users/Chirayu/Documents/GitHub/2D-to-3D-image-reconstruction/facescape_224/fsmview_trainset_16_2_smile_56.jpg,0.028613721951842308,0.0343475341796875,0.005733812227845192,7.837438028305769,0.6777434945106506,0.3132737874984741,0.3132737874984741,21.803885000053924,21.51808999997229,real_npy,0,1
931,/mnt/c/Users/Chirayu/Documents/GitHub/2D-to-3D-image-reconstruction/facescape_224/fsmview_trainset_8_2_smile_10.jpg,0.03871981427073479,0.040678367018699646,0.001958552747964859,8.397947646677494,0.7028257846832275,0.22912117838859558,0.22912117838859558,23.635849999891434,24.617206999892005,real_npy,0,1
932,/mnt/c/Users/Chirayu/Documents/GitHub/2D-to-3D-image-reconstruction/facescape_224/fsmview_trainset_19_8_mouth_left_24.jpg,0.05319556966423988,0.05382183939218521,0.0006262697279453278,9.026121694594622,0.7652397751808167,0.33367303013801575,0.33367303013801575,20.654475000128514,20.881451000150264,real_npy,0,1
933,/mnt/c/Users/Chirayu/Documents/GitHub/2D-to-3D-image-reconstruction/facescape_224/fsmview_trainset_7_11_chin_raiser_41.jpg,0.0824771597981453,0.08369092643260956,0.001213766634464264,7.904287181794643,0.6693373322486877,0.5020990967750549,0.5020990967750549,23.099225999885675,21.38595500014162,real_npy,0,1
934,/mnt/c/Users/Chirayu/Documents/GitHub/2D-to-3D-image-reconstruction/facescape_224/fsmview_trainset_10_4_anger_8.jpg,0.035959746688604355,0.03560313209891319,-0.0003566145896911621,7.597181525081396,0.6502058506011963,0.2287251502275467,0.2287251502275467,21.999378000145953,22.404424000114886,real_npy,0,1
935,/mnt/c/Users/Chirayu/Documents/GitHub/2D-to-3D-image-reconstruction/facescape_224/fsmview_trainset_4_16_grin_23.jpg,0.04061730578541756,0.040228262543678284,-0.00038904324173927307,8.506600285880268,0.6899315118789673,0.2976384162902832,0.2976384162902832,22.042148000082307,55.70318100012628,real_npy,0,1
936,/mnt/c/Users/Chirayu/Documents/GitHub/2D-to-3D-image-reconstruction/facescape_224/fsmview_trainset_17_10_dimpler_34.jpg,0.04383299499750137,0.04987627640366554,0.006043281406164169,7.9656024016439915,0.6610428094863892,0.42465516924858093,0.42465516924858093,22.014939999962735,21.977250999952957,real_npy,0,1
937,/mnt/c/Users/Chirayu/Documents/GitHub/2D-to-3D-image-reconstruction/facescape_224/fsmview_trainset_13_15_lip_roll_32.jpg,0.1454254686832428,0.1260000765323639,-0.019425392150878906,7.998089604079723,0.6547431945800781,0.518656313419342,0.518656313419342,20.179051000013715,19.6196740000687,real_npy,0,1
938,/mnt/c/Users/Chirayu/Documents/GitHub/2D-to-3D-image-reconstruction/facescape_224/fsmview_trainset_20_15_lip_roll_29.jpg,0.07608050853013992,0.08837143331766129,0.012290924787521362,8.020723335444927,0.6783859133720398,0.3258541226387024,0.3258541226387024,21.800606999931915,19.491855000069336,real_npy,0,1
939,/mnt/c/Users/Chirayu/Documents/GitHub/2D-to-3D-image-reconstruction/facescape_224/fsmview_trainset_20_1_neutral_47.jpg,0.07365114241838455,0.07075387984514236,-0.0028972625732421875,7.378302447497845,0.6925941705703735,0.4931551218032837,0.4931551218032837,22.338835000027757,60.54204299994126,real_npy,0,1
940,/mnt/c/Users/Chirayu/Documents/GitHub/2D-to-3D-image-reconstruction/facescape_224/fsmview_trainset_7_6_jaw_right_22.jpg,0.03778383880853653,6.214054584503174,6.176270745694637,53.54976373910904,7.327542781829834,0.37488237023353577,0.37488237023353577,22.127939000029073,53.206880000061574,real_npy,1,1
941,/mnt/c/Users/Chirayu/Documents/GitHub/2D-to-3D-image-reconstruction/facescape_224/fsmview_trainset_17_7_jaw_forward_6.jpg,0.0552838072180748,0.6519899368286133,0.5967061296105385,17.308656629174948,1.6533995866775513,0.32014110684394836,0.32014110684394836,21.54242400001749,47.66946099994129,real_npy,0,1
942,/mnt/c/Users/Chirayu/Documents/GitHub/2D-to-3D-image-reconstruction/facescape_224/fsmview_trainset_20_13_lip_funneler_52.jpg,0.5359426140785217,0.5576675534248352,0.021724939346313477,7.152377299964428,0.6440224051475525,0.5010544061660767,0.5010544061660767,40.75704999991103,21.796032000111154,real_npy,0,1
943,/mnt/c/Users/Chirayu/Documents/GitHub/2D-to-3D-image-reconstruction/facescape_224/fsmview_trainset_3_6_jaw_right_1.jpg,0.0715429037809372,0.07548078149557114,0.003937877714633942,8.240005642175674,0.7492329478263855,0.41301271319389343,0.41301271319389343,22.27172299990343,20.56496899990634,real_npy,0,1
944,/mnt/c/Users/Chirayu/Documents/GitHub/2D-to-3D-image-reconstruction/facescape_224/fsmview_trainset_13_4_anger_40.jpg,0.0527249313890934,0.04995933175086975,-0.002765599638223648,7.347314849495888,0.6066042184829712,0.42209988832473755,0.42209988832473755,23.139084000149523,19.965948000162825,real_npy,0,1
945,/mnt/c/Users/Chirayu/Documents/GitHub/2D-to-3D-image-reconstruction/facescape_224/fsmview_trainset_6_16_grin_39.jpg,0.07064623385667801,0.07249779254198074,0.0018515586853027344,8.123225759714842,0.739679753780365,0.3176040053367615,0.3176040053367615,20.65344700008609,20.025446999852647,real_npy,0,1
946,/mnt/c/Users/Chirayu/Documents/GitHub/2D-to-3D-image-reconstruction/facescape_224/fsmview_trainset_17_9_mouth_right_25.jpg,0.03387618809938431,6.995777130126953,6.961900942027569,56.43907907605171,8.271015167236328,0.29532742500305176,0.29532742500305176,20.799519999854965,21.66550400011147,real_npy,1,1
947,/mnt/c/Users/Chirayu/Documents/GitHub/2D-to-3D-image-reconstruction/facescape_224/fsmview_trainset_10_18_eye_closed_25.jpg,0.059282336384058,0.06009295582771301,0.000810619443655014,7.820110335946083,0.7270375490188599,0.4271896779537201,0.4271896779537201,22.84821800003556,25.747263000084786,real_npy,0,1
948,/mnt/c/Users/Chirayu/Documents/GitHub/2D-to-3D-image-reconstruction/facescape_224/fsmview_trainset_20_8_mouth_left_27.jpg,0.03185919299721718,0.03373703733086586,0.0018778443336486816,7.789080444723368,0.6566412448883057,0.48383647203445435,0.48383647203445435,20.910877000005712,27.443751999953747,real_npy,0,1
949,/mnt/c/Users/Chirayu/Documents/GitHub/2D-to-3D-image-reconstruction/facescape_224/fsmview_trainset_12_4_anger_23.jpg,0.1367970108985901,0.15134721994400024,0.014550209045410156,8.196573663502932,0.7315018773078918,0.6197326183319092,0.6197326183319092,21.064033999891763,43.52364500005024,real_npy,0,1
950,/mnt/c/Users/Chirayu/Documents/GitHub/2D-to-3D-image-reconstruction/facescape_224/fsmview_trainset_20_12_lip_puckerer_18.jpg,0.0546480193734169,0.05036063864827156,-0.00428738072514534,7.795173775404692,0.6260420083999634,0.4915401339530945,0.4915401339530945,21.005478000006406,19.377437999992253,real_npy,0,1
951,/mnt/c/Users/Chirayu/Documents/GitHub/2D-to-3D-image-reconstruction/facescape_224/fsmview_trainset_6_9_mouth_right_17.jpg,0.038971830159425735,0.0412893146276474,0.0023174844682216644,7.654944136738777,0.6639066934585571,0.28097596764564514,0.28097596764564514,20.323169999983293,26.719127999967895,real_npy,0,1
952,/mnt/c/Users/Chirayu/Documents/GitHub/2D-to-3D-image-reconstruction/facescape_224/fsmview_trainset_20_9_mouth_right_65.jpg,0.06578833609819412,0.06640804558992386,0.0006197094917297363,8.757008880376816,0.8260349631309509,0.43904176354408264,0.43904176354408264,22.3674609999307,22.819559000026857,real_npy,0,1
953,/mnt/c/Users/Chirayu/Documents/GitHub/2D-to-3D-image-reconstruction/facescape_224/fsmview_trainset_16_5_jaw_left_33.jpg,0.03529397025704384,0.0370565801858902,0.0017626099288463593,8.051155262626708,0.6719352602958679,0.3744714856147766,0.3744714856147766,21.295602999998664,21.041630999889094,real_npy,0,1
954,/mnt/c/Users/Chirayu/Documents/GitHub/2D-to-3D-image-reconstruction/facescape_224/fsmview_trainset_14_14_sadness_59.jpg,0.04145750030875206,0.042885828763246536,0.0014283284544944763,7.37993872538209,0.6192807555198669,0.36656105518341064,0.36656105518341064,22.37675100013803,19.906970999954865,real_npy,0,1
955,/mnt/c/Users/Chirayu/Documents/GitHub/2D-to-3D-image-reconstruction/facescape_224/fsmview_trainset_12_14_sadness_36.jpg,0.054292451590299606,0.05525338277220726,0.0009609311819076538,8.512263260781765,0.7201413512229919,0.3749639093875885,0.3749639093875885,22.713173000056486,20.033397999895897,real_npy,0,1
956,/mnt/c/Users/Chirayu/Documents/GitHub/2D-to-3D-image-reconstruction/facescape_224/fsmview_trainset_4_14_sadness_27.jpg,0.08217249065637589,0.0824175477027893,0.00024505704641342163,8.003427177667618,0.7197200059890747,0.37607255578041077,0.37607255578041077,30.58366400000523,19.203209000124843,real_npy,0,1
957,/mnt/c/Users/Chirayu/Documents/GitHub/2D-to-3D-image-reconstruction/facescape_224/fsmview_trainset_13_19_brow_raiser_39.jpg,0.0694696381688118,0.06208944320678711,-0.007380194962024689,8.75835820287466,0.7167828679084778,0.4763682782649994,0.4763682782649994,20.9956510000211,20.37022399986199,real_npy,0,1
958,/mnt/c/Users/Chirayu/Documents/GitHub/2D-to-3D-image-reconstruction/facescape_224/fsmview_trainset_1_15_lip_roll_16.jpg,0.04200197756290436,0.04290281608700752,0.0009008385241031647,7.913973584771156,0.6620293855667114,0.2827872633934021,0.2827872633934021,56.69887299995935,20.251994000091145,real_npy,0,1
959,/mnt/c/Users/Chirayu/Documents/GitHub/2D-to-3D-image-reconstruction/facescape_224/fsmview_trainset_18_8_mouth_left_10.jpg,0.03365713730454445,0.03813270851969719,0.0044755712151527405,8.446743190288544,0.6760087609291077,0.3456035852432251,0.3456035852432251,24.079497999991872,42.56356399992001,real_npy,0,1
960,/mnt/c/Users/Chirayu/Documents/GitHub/2D-to-3D-image-reconstruction/facescape_224/fsmview_trainset_4_2_smile_40.jpg,0.16607341170310974,0.15799091756343842,-0.008082494139671326,6.96449526399374,0.6732712984085083,0.5209238529205322,0.5209238529205322,21.699918999956935,23.31692200004909,real_npy,0,1
961,/mnt/c/Users/Chirayu/Documents/GitHub/2D-to-3D-image-reconstruction/facescape_224/fsmview_trainset_17_4_anger_5.jpg,0.0554644800722599,0.058160606771707535,0.002696126699447632,8.637733936309814,0.692500650882721,0.37974813580513,0.37974813580513,21.578557999873738,20.67443800001456,real_npy,0,1
962,/mnt/c/Users/Chirayu/Documents/GitHub/2D-to-3D-image-reconstruction/facescape_224/fsmview_trainset_14_8_mouth_left_49.jpg,0.0867428109049797,0.09039399027824402,0.0036511793732643127,8.418573044240475,0.7424530386924744,0.5533139109611511,0.5533139109611511,36.90704599989658,25.0566219999655,real_npy,0,1
963,/mnt/c/Users/Chirayu/Documents/GitHub/2D-to-3D-image-reconstruction/facescape_224/fsmview_trainset_18_14_sadness_22.jpg,0.05633831024169922,0.055726755410432816,-0.0006115548312664032,8.887434938922524,0.7331466674804688,0.44459086656570435,0.44459086656570435,21.017305999976088,20.634415000131412,real_npy,0,1
964,/mnt/c/Users/Chirayu/Documents/GitHub/2D-to-3D-image-reconstruction/facescape_224/fsmview_trainset_5_14_sadness_59.jpg,0.595927357673645,0.6009054780006409,0.00497812032699585,6.9053201749920845,0.6576654314994812,0.4088655114173889,0.4088655114173889,20.65733899985389,20.490951000056157,real_npy,0,1
965,/mnt/c/Users/Chirayu/Documents/GitHub/2D-to-3D-image-reconstruction/facescape_224/fsmview_trainset_6_13_lip_funneler_12.jpg,0.22084905207157135,0.23458577692508698,0.013736724853515625,7.194214828312397,0.6908437013626099,0.24556733667850494,0.24556733667850494,21.784102999845345,47.373983999932534,real_npy,0,1
966,/mnt/c/Users/Chirayu/Documents/GitHub/2D-to-3D-image-reconstruction/facescape_224/fsmview_trainset_20_12_lip_puckerer_21.jpg,0.24866485595703125,0.2684375047683716,0.019772648811340332,7.533863991498947,0.6399859189987183,0.34944015741348267,0.34944015741348267,22.316304000014497,20.33690299981572,real_npy,0,1
967,/mnt/c/Users/Chirayu/Documents/GitHub/2D-to-3D-image-reconstruction/facescape_224/fsmview_trainset_9_17_cheek_blowing_32.jpg,0.04733031615614891,0.053261056542396545,0.005930740386247635,7.067727163434029,0.6063337326049805,0.3055931329727173,0.3055931329727173,21.23531400002321,28.97214399990844,real_npy,0,1
968,/mnt/c/Users/Chirayu/Documents/GitHub/2D-to-3D-image-reconstruction/facescape_224/fsmview_trainset_13_9_mouth_right_5.jpg,0.05994567647576332,0.05902068689465523,-0.0009249895811080933,8.176275581121445,0.6670229434967041,0.4544704556465149,0.4544704556465149,22.09468899991407,21.115586999940206,real_npy,0,1
969,/mnt/c/Users/Chirayu/Documents/GitHub/2D-to-3D-image-reconstruction/facescape_224/fsmview_trainset_16_10_dimpler_19.jpg,0.05256552994251251,0.05509599670767784,0.002530466765165329,9.127280057407916,0.7648416757583618,0.3871486186981201,0.3871486186981201,27.193228999976782,32.663311999840516,real_npy,0,1
970,/mnt/c/Users/Chirayu/Documents/GitHub/2D-to-3D-image-reconstruction/facescape_224/fsmview_trainset_15_15_lip_roll_23.jpg,0.03121250495314598,0.0316399484872818,0.0004274435341358185,6.954633682966232,0.5575987100601196,0.5456572771072388,0.5456572771072388,69.0977929998553,66.41176499988433,real_npy,0,1
971,/mnt/c/Users/Chirayu/Documents/GitHub/2D-to-3D-image-reconstruction/facescape_224/fsmview_trainset_2_20_brow_lower_25.jpg,0.03248494490981102,0.035807330161333084,0.003322385251522064,7.955383712425828,0.665323793888092,0.3580128252506256,0.3580128252506256,20.63280299989856,20.53397899999254,real_npy,0,1
972,/mnt/c/Users/Chirayu/Documents/GitHub/2D-to-3D-image-reconstruction/facescape_224/fsmview_trainset_19_7_jaw_forward_34.jpg,0.0457012765109539,0.044378552585840225,-0.001322723925113678,8.661976664327085,0.7498703598976135,0.3227134644985199,0.3227134644985199,25.382123000099455,24.04981300014697,real_npy,0,1
973,/mnt/c/Users/Chirayu/Documents/GitHub/2D-to-3D-image-reconstruction/facescape_224/fsmview_trainset_18_8_mouth_left_1.jpg,0.030114145949482918,90.72602081298828,90.6959066670388,181.03473830223083,102.09376525878906,0.34701526165008545,0.34701526165008545,22.162627999932738,22.25841900008163,real_npy,1,1
974,/mnt/c/Users/Chirayu/Documents/GitHub/2D-to-3D-image-reconstruction/facescape_224/fsmview_trainset_12_4_anger_18.jpg,0.05207633599638939,0.052766211330890656,0.0006898753345012665,8.675609923899174,0.7107274532318115,0.5159387588500977,0.5159387588500977,23.81179600001815,21.90756400000282,real_npy,0,1
975,/mnt/c/Users/Chirayu/Documents/GitHub/2D-to-3D-image-reconstruction/facescape_224/fsmview_trainset_13_9_mouth_right_25.jpg,0.043130360543727875,0.05149310082197189,0.008362740278244019,8.921744191087782,0.732429563999176,0.41617411375045776,0.41617411375045776,62.63480300003721,22.716982000019925,real_npy,0,1
976,/mnt/c/Users/Chirayu/Documents/GitHub/2D-to-3D-image-reconstruction/facescape_224/fsmview_trainset_20_11_chin_raiser_44.jpg,0.1687985062599182,0.18063414096832275,0.011835634708404541,9.000980738550425,0.7192204594612122,0.3246297836303711,0.3246297836303711,21.078786999851218,20.677290000094217,real_npy,0,1
977,/mnt/c/Users/Chirayu/Documents/GitHub/2D-to-3D-image-reconstruction/facescape_224/fsmview_trainset_7_3_mouth_stretch_19.jpg,0.04511144384741783,0.04352111741900444,-0.0015903264284133911,7.856997173745185,0.7386331558227539,0.36540013551712036,0.36540013551712036,20.009478000019953,20.449718999998368,real_npy,0,1
978,/mnt/c/Users/Chirayu/Documents/GitHub/2D-to-3D-image-reconstruction/facescape_224/fsmview_trainset_10_9_mouth_right_6.jpg,0.038759950548410416,0.04157056286931038,0.0028106123208999634,7.683878177776933,0.663834273815155,0.26284080743789673,0.26284080743789673,22.537905000035607,19.576680000000124,real_npy,0,1
979,/mnt/c/Users/Chirayu/Documents/GitHub/2D-to-3D-image-reconstruction/facescape_224/fsmview_trainset_3_17_cheek_blowing_2.jpg,0.08483895659446716,0.08556398004293442,0.0007250234484672546,8.746242713183165,0.7580687403678894,0.4395935535430908,0.4395935535430908,20.207887999958984,21.356127999979435,real_npy,0,1
980,/mnt/c/Users/Chirayu/Documents/GitHub/2D-to-3D-image-reconstruction/facescape_224/fsmview_trainset_19_16_grin_39.jpg,0.5447781682014465,0.5148582458496094,-0.029919922351837158,7.223802477121353,0.6913925409317017,0.3796253204345703,0.3796253204345703,20.101823000004515,20.615627000097447,real_npy,0,1
981,/mnt/c/Users/Chirayu/Documents/GitHub/2D-to-3D-image-reconstruction/facescape_224/fsmview_trainset_11_13_lip_funneler_3.jpg,0.4969753324985504,0.5050488710403442,0.008073538541793823,8.196341593749821,0.7086882591247559,0.6385740041732788,0.6385740041732788,19.86225700011346,19.81004499998562,real_npy,0,1
982,/mnt/c/Users/Chirayu/Documents/GitHub/2D-to-3D-image-reconstruction/facescape_224/fsmview_trainset_12_8_mouth_left_43.jpg,0.04388566315174103,0.045724742114543915,0.001839078962802887,7.811523884534836,0.6341946125030518,0.32739436626434326,0.32739436626434326,32.366471000159436,21.30863499996849,real_npy,0,1
983,/mnt/c/Users/Chirayu/Documents/GitHub/2D-to-3D-image-reconstruction/facescape_224/fsmview_trainset_14_12_lip_puckerer_35.jpg,0.043198149651288986,0.04399172589182854,0.0007935762405395508,8.664238339290023,0.7334161400794983,0.5515480637550354,0.5515480637550354,21.33676900007231,20.761406000019633,real_npy,0,1
984,/mnt/c/Users/Chirayu/Documents/GitHub/2D-to-3D-image-reconstruction/facescape_224/fsmview_trainset_17_1_neutral_57.jpg,0.07900848239660263,0.08521299064159393,0.0062045082449913025,8.522058293223381,0.7143228054046631,0.36412185430526733,0.36412185430526733,20.195153000031496,20.515486000022065,real_npy,0,1
985,/mnt/c/Users/Chirayu/Documents/GitHub/2D-to-3D-image-reconstruction/facescape_224/fsmview_trainset_15_3_mouth_stretch_65.jpg,0.052547432482242584,0.05284572392702103,0.0002982914447784424,8.61143347993493,0.8125881552696228,0.47750476002693176,0.47750476002693176,24.923590000071272,20.229958000072656,real_npy,0,1
986,/mnt/c/Users/Chirayu/Documents/GitHub/2D-to-3D-image-reconstruction/facescape_224/fsmview_trainset_16_20_brow_lower_33.jpg,0.03622371330857277,0.036208104342222214,-1.560896635055542e-05,8.179144250229001,0.6700686812400818,0.37575897574424744,0.37575897574424744,21.69498099988232,21.202142999982243,real_npy,0,1
987,/mnt/c/Users/Chirayu/Documents/GitHub/2D-to-3D-image-reconstruction/facescape_224/fsmview_trainset_1_3_mouth_stretch_55.jpg,0.05647057667374611,0.07167293131351471,0.0152023546397686,8.371559299528599,0.7550702691078186,0.27875593304634094,0.27875593304634094,22.479470000007495,21.241342999928747,real_npy,0,1
988,/mnt/c/Users/Chirayu/Documents/GitHub/2D-to-3D-image-reconstruction/facescape_224/fsmview_trainset_8_1_neutral_16.jpg,0.033832669258117676,0.035126835107803345,0.001294165849685669,7.923651069402695,0.6714329719543457,0.2440134584903717,0.2440134584903717,66.02027399981125,41.86671000002207,real_npy,0,1
989,/mnt/c/Users/Chirayu/Documents/GitHub/2D-to-3D-image-reconstruction/facescape_224/fsmview_trainset_9_6_jaw_right_17.jpg,0.04390975832939148,0.04340590536594391,-0.0005038529634475708,8.377915496006608,0.7038829922676086,0.38517698645591736,0.38517698645591736,30.581510000047274,42.54667899999731,real_npy,0,1
990,/mnt/c/Users/Chirayu/Documents/GitHub/2D-to-3D-image-reconstruction/facescape_224/fsmview_trainset_18_2_smile_38.jpg,0.14922764897346497,0.14349135756492615,-0.005736291408538818,8.549926973879337,0.8428468108177185,0.5406137108802795,0.5406137108802795,37.302368000155184,22.154420999868307,real_npy,0,1
991,/mnt/c/Users/Chirayu/Documents/GitHub/2D-to-3D-image-reconstruction/facescape_224/fsmview_trainset_5_11_chin_raiser_49.jpg,0.10033534467220306,0.09433729201555252,-0.005998052656650543,7.685545694082975,0.6494460701942444,0.44015979766845703,0.44015979766845703,71.64041999999426,20.27349300010428,real_npy,0,1
992,/mnt/c/Users/Chirayu/Documents/GitHub/2D-to-3D-image-reconstruction/facescape_224/fsmview_trainset_8_19_brow_raiser_46.jpg,0.052209559828042984,0.0541134811937809,0.001903921365737915,7.873584948480129,0.6876757144927979,0.32639431953430176,0.32639431953430176,51.02696699987064,22.31785599997238,real_npy,0,1
993,/mnt/c/Users/Chirayu/Documents/GitHub/2D-to-3D-image-reconstruction/facescape_224/fsmview_trainset_11_18_eye_closed_67.jpg,0.0632605105638504,0.06927961856126785,0.00601910799741745,9.10985197685659,0.7366877198219299,0.4969986379146576,0.4969986379146576,21.339130999876943,98.34940499990807,real_npy,0,1
994,/mnt/c/Users/Chirayu/Documents/GitHub/2D-to-3D-image-reconstruction/facescape_224/fsmview_trainset_8_9_mouth_right_16.jpg,0.03854970261454582,0.03819422796368599,-0.00035547465085983276,7.755195416510105,0.6631408333778381,0.23826871812343597,0.23826871812343597,23.230819999980667,19.99615299996549,real_npy,0,1
995,/mnt/c/Users/Chirayu/Documents/GitHub/2D-to-3D-image-reconstruction/facescape_224/fsmview_trainset_10_14_sadness_52.jpg,0.37081682682037354,0.2995743453502655,-0.07124248147010803,6.67152732796967,0.640310525894165,0.3911406099796295,0.3911406099796295,21.491619000016726,20.867622999958257,real_npy,0,1
996,/mnt/c/Users/Chirayu/Documents/GitHub/2D-to-3D-image-reconstruction/facescape_224/fsmview_trainset_18_15_lip_roll_33.jpg,0.04514079540967941,0.0432409942150116,-0.0018998011946678162,8.431792672723532,0.7009599208831787,0.43040308356285095,0.43040308356285095,21.822359999987384,20.11863400002767,real_npy,0,1
997,/mnt/c/Users/Chirayu/Documents/GitHub/2D-to-3D-image-reconstruction/facescape_224/fsmview_trainset_9_3_mouth_stretch_6.jpg,0.044459644705057144,0.04869379103183746,0.004234146326780319,7.58868832141161,0.6949123740196228,0.2605609893798828,0.2605609893798828,42.88739899993743,24.183649000178775,real_npy,0,1
998,/mnt/c/Users/Chirayu/Documents/GitHub/2D-to-3D-image-reconstruction/facescape_224/fsmview_trainset_10_3_mouth_stretch_13.jpg,0.1329125016927719,0.12839998304843903,-0.004512518644332886,7.105792850255966,0.6737192273139954,0.46673256158828735,0.46673256158828735,49.31001399995694,68.11614000002919,real_npy,0,1
999,/mnt/c/Users/Chirayu/Documents/GitHub/2D-to-3D-image-reconstruction/facescape_224/fsmview_trainset_18_8_mouth_left_13.jpg,0.22126108407974243,0.21979466080665588,-0.0014664232730865479,7.450731262564659,0.6028210520744324,0.5979489684104919,0.5979489684104919,22.669784000072468,22.02272699992136,real_npy,0,1
